version:1
:msg:main --->  Computing dependencies for openmodelica-devel:info:main .:debug:main openmodelica-devel has no conflicts
:debug:main Searching for dependency: omniorb
:debug:main Found Dependency: receipt exists for omniorb
:debug:main Searching for dependency: sqlite3
:debug:main Found Dependency: receipt exists for sqlite3
:debug:main Searching for dependency: gtime
:debug:main Found Dependency: receipt exists for gtime
:debug:main Searching for dependency: cmake
:debug:main Found Dependency: receipt exists for cmake
:debug:main Searching for dependency: autoconf
:debug:main Found Dependency: receipt exists for autoconf
:debug:main Searching for dependency: automake
:debug:main Found Dependency: receipt exists for automake
:debug:main Searching for dependency: libtool
:debug:main Found Dependency: receipt exists for libtool
:debug:main Searching for dependency: lp_solve
:debug:main Found Dependency: receipt exists for lp_solve
:debug:main Searching for dependency: gettext
:debug:main Found Dependency: receipt exists for gettext
:debug:main Searching for dependency: qt4-mac
:debug:main Found Dependency: receipt exists for qt4-mac
:debug:main Searching for dependency: qwt52
:debug:main Found Dependency: receipt exists for qwt52
:msg:main 
:debug:main Executing org.macports.main (openmodelica-devel)
:debug:main changing euid/egid - current euid: 0 - current egid: 0
:debug:main egid changed to: 505
:debug:main euid changed to: 504
:debug:archivefetch archivefetch phase started at Mon Nov  4 12:52:27 EST 2013
:msg:archivefetch --->  Fetching archive for openmodelica-devel
:warn:archivefetch Your DNS servers incorrectly claim to know the address of nonexistent hosts. This may cause checksum mismatches for some ports.
:debug:archivefetch Executing org.macports.archivefetch (openmodelica-devel)
:debug:archivefetch euid/egid changed to: 0/0
:debug:archivefetch chowned /opt/local/var/macports/incoming to macports
:debug:archivefetch euid/egid changed to: 504/505
:info:archivefetch --->  openmodelica-devel-18002_0+qt.darwin_12.x86_64.tbz2 doesn't seem to exist in /opt/local/var/macports/incoming/verified
:msg:archivefetch --->  Attempting to fetch openmodelica-devel-18002_0+qt.darwin_12.x86_64.tbz2 from http://packages.macports.org/openmodelica-devel
:debug:archivefetch Fetching archive failed:: The requested URL returned error: 404
:msg:archivefetch --->  Attempting to fetch openmodelica-devel-18002_0+qt.darwin_12.x86_64.tbz2 from http://mse.uk.packages.macports.org/sites/packages.macports.org/openmodelica-devel
:debug:archivefetch Fetching archive failed:: The requested URL returned error: 404
:msg:archivefetch --->  Attempting to fetch openmodelica-devel-18002_0+qt.darwin_12.x86_64.tbz2 from http://lil.fr.packages.macports.org/openmodelica-devel
:debug:archivefetch Fetching archive failed:: The requested URL returned error: 404
:debug:archivefetch Privilege de-escalation not attempted as not running as root.
:debug:fetch fetch phase started at Mon Nov  4 12:52:30 EST 2013
:notice:fetch --->  Fetching distfiles for openmodelica-devel
:debug:fetch Executing org.macports.fetch (openmodelica-devel)
:info:fetch --->  openmodelica_18002.orig.tar.gz doesn't seem to exist in /opt/local/var/macports/distfiles/openmodelica-devel
:notice:fetch --->  Attempting to fetch openmodelica_18002.orig.tar.gz from http://distfiles.macports.org/openmodelica-devel
:debug:fetch Fetching distfile failed: The requested URL returned error: 404
:notice:fetch --->  Attempting to fetch openmodelica_18002.orig.tar.gz from http://sea.us.distfiles.macports.org/macports/distfiles/openmodelica-devel
:debug:fetch Fetching distfile failed: The requested URL returned error: 404
:notice:fetch --->  Attempting to fetch openmodelica_18002.orig.tar.gz from http://ykf.ca.distfiles.macports.org/MacPorts/mpdistfiles/openmodelica-devel
:debug:fetch Fetching distfile failed: The requested URL returned error: 404
:notice:fetch --->  Attempting to fetch openmodelica_18002.orig.tar.gz from http://mse.uk.distfiles.macports.org/sites/distfiles.macports.org/openmodelica-devel
:debug:fetch Fetching distfile failed: The requested URL returned error: 404
:notice:fetch --->  Attempting to fetch openmodelica_18002.orig.tar.gz from http://lil.fr.distfiles.macports.org/openmodelica-devel
:debug:fetch Fetching distfile failed: The requested URL returned error: 404
:notice:fetch --->  Attempting to fetch openmodelica_18002.orig.tar.gz from http://aarnet.au.distfiles.macports.org/pub/macports/mpdistfiles/openmodelica-devel
:debug:fetch Fetching distfile failed: The requested URL returned error: 404
:notice:fetch --->  Attempting to fetch openmodelica_18002.orig.tar.gz from http://fco.it.distfiles.macports.org/mirrors/macports-distfiles/openmodelica-devel
:debug:fetch Fetching distfile failed: The requested URL returned error: 404
:notice:fetch --->  Attempting to fetch openmodelica_18002.orig.tar.gz from http://build.openmodelica.org/apt/pool/contrib/
:debug:fetch Privilege de-escalation not attempted as not running as root.
:debug:checksum checksum phase started at Mon Nov  4 13:02:02 EST 2013
:notice:checksum --->  Verifying checksums for openmodelica-devel
:debug:checksum Executing org.macports.checksum (openmodelica-devel)
:info:checksum --->  Checksumming openmodelica_18002.orig.tar.gz
:debug:checksum Correct (md5) checksum for openmodelica_18002.orig.tar.gz
:debug:checksum Correct (sha1) checksum for openmodelica_18002.orig.tar.gz
:debug:checksum Correct (rmd160) checksum for openmodelica_18002.orig.tar.gz
:debug:checksum Privilege de-escalation not attempted as not running as root.
:debug:extract extract phase started at Mon Nov  4 13:02:05 EST 2013
:notice:extract --->  Extracting openmodelica-devel
:debug:extract Executing org.macports.extract (openmodelica-devel)
:info:extract --->  Extracting openmodelica_18002.orig.tar.gz
:debug:extract setting option extract.args to '/opt/local/var/macports/distfiles/openmodelica-devel/openmodelica_18002.orig.tar.gz'
:debug:extract Environment: CPATH='/opt/local/include' CC_PRINT_OPTIONS_FILE='/opt/local/var/macports/build/_opt_local_var_macports_sources_build.openmodelica.org_macports_lang_openmodelica-devel/openmodelica-devel/work/.CC_PRINT_OPTIONS' LIBRARY_PATH='/opt/local/lib' CC_PRINT_OPTIONS='YES' MACOSX_DEPLOYMENT_TARGET='10.8'
:debug:extract Assembled command: 'cd "/opt/local/var/macports/build/_opt_local_var_macports_sources_build.openmodelica.org_macports_lang_openmodelica-devel/openmodelica-devel/work" && /usr/bin/gzip -dc '/opt/local/var/macports/distfiles/openmodelica-devel/openmodelica_18002.orig.tar.gz' | /usr/bin/gnutar --no-same-owner -xf -'
:debug:extract Executing command line:  cd "/opt/local/var/macports/build/_opt_local_var_macports_sources_build.openmodelica.org_macports_lang_openmodelica-devel/openmodelica-devel/work" && /usr/bin/gzip -dc '/opt/local/var/macports/distfiles/openmodelica-devel/openmodelica_18002.orig.tar.gz' | /usr/bin/gnutar --no-same-owner -xf - 
:debug:extract euid/egid changed to: 0/0
:debug:extract chowned /opt/local/var/macports/build/_opt_local_var_macports_sources_build.openmodelica.org_macports_lang_openmodelica-devel/openmodelica-devel/work to macports
:debug:extract euid/egid changed to: 504/505
:debug:extract Privilege de-escalation not attempted as not running as root.
:debug:patch patch phase started at Mon Nov  4 13:02:24 EST 2013
:debug:patch Executing org.macports.patch (openmodelica-devel)
:debug:patch Privilege de-escalation not attempted as not running as root.
:debug:configure configure phase started at Mon Nov  4 13:02:24 EST 2013
:notice:configure --->  Configuring openmodelica-devel
:debug:configure Using compiler 'Xcode Clang'
:debug:configure Executing org.macports.configure (openmodelica-devel)
:debug:configure Environment: CPATH='/opt/local/include' CC_PRINT_OPTIONS_FILE='/opt/local/var/macports/build/_opt_local_var_macports_sources_build.openmodelica.org_macports_lang_openmodelica-devel/openmodelica-devel/work/.CC_PRINT_OPTIONS' LIBRARY_PATH='/opt/local/lib' CC_PRINT_OPTIONS='YES' MACOSX_DEPLOYMENT_TARGET='10.8'
:debug:configure Assembled command: 'cd "/opt/local/var/macports/build/_opt_local_var_macports_sources_build.openmodelica.org_macports_lang_openmodelica-devel/openmodelica-devel/work/openmodelica_18002" && autoconf'
:debug:configure Executing command line:  cd "/opt/local/var/macports/build/_opt_local_var_macports_sources_build.openmodelica.org_macports_lang_openmodelica-devel/openmodelica-devel/work/openmodelica_18002" && autoconf 
:debug:configure Environment: CPATH='/opt/local/include' CFLAGS='-pipe -Os -arch x86_64' CPPFLAGS='-I/opt/local/include' CXXFLAGS='-pipe -Os -arch x86_64' LIBRARY_PATH='/opt/local/lib' MACOSX_DEPLOYMENT_TARGET='10.8' ANTLRHOME='/opt/local' CXX='/usr/bin/clang++' CC_PRINT_OPTIONS_FILE='/opt/local/var/macports/build/_opt_local_var_macports_sources_build.openmodelica.org_macports_lang_openmodelica-devel/openmodelica-devel/work/.CC_PRINT_OPTIONS' F90FLAGS='-pipe -Os -m64' RMLHOME='/opt/local' LDFLAGS='-L/opt/local/lib -Wl,-headerpad_max_install_names -arch x86_64' __CFPREFERENCES_AVOID_DAEMON='1' FCFLAGS='-pipe -Os -m64' OBJC='/usr/bin/clang' OBJCXX='/usr/bin/clang++' INSTALL='/usr/bin/install -c' FFLAGS='-pipe -Os -m64' OBJCFLAGS='-pipe -Os -arch x86_64' OBJCXXFLAGS='-pipe -Os -arch x86_64' CC_PRINT_OPTIONS='YES' CC='/usr/bin/clang'
:debug:configure Assembled command: 'cd "/opt/local/var/macports/build/_opt_local_var_macports_sources_build.openmodelica.org_macports_lang_openmodelica-devel/openmodelica-devel/work/openmodelica_18002" && ./configure --prefix=/opt/local --with-omniORB=/opt/local --disable-python-interface --disable-modelica3d --without-paradiseo --disable-omnotebook --with-lapack="-llapack -lblas" --without-rml'
:debug:configure Executing command line:  cd "/opt/local/var/macports/build/_opt_local_var_macports_sources_build.openmodelica.org_macports_lang_openmodelica-devel/openmodelica-devel/work/openmodelica_18002" && ./configure --prefix=/opt/local --with-omniORB=/opt/local --disable-python-interface --disable-modelica3d --without-paradiseo --disable-omnotebook --with-lapack="-llapack -lblas" --without-rml 
:info:configure checking build system type... x86_64-apple-darwin12.4.0
:info:configure checking host system type... x86_64-apple-darwin12.4.0
:info:configure checking for gcc... /usr/bin/clang
:info:configure checking whether the C compiler works... yes
:info:configure checking for C compiler default output file name... a.out
:info:configure checking for suffix of executables... 
:info:configure checking whether we are cross compiling... no
:info:configure checking for suffix of object files... o
:info:configure checking whether we are using the GNU C compiler... yes
:info:configure checking whether /usr/bin/clang accepts -g... yes
:info:configure checking for /usr/bin/clang option to accept ISO C89... none needed
:info:configure checking whether we are using the GNU C++ compiler... yes
:info:configure checking whether /usr/bin/clang++ accepts -g... yes
:info:configure checking how to run the C preprocessor... /usr/bin/clang -E
:info:configure checking whether make sets $(MAKE)... yes
:info:configure checking for flex... flex
:info:configure checking lex output file root... lex.yy
:info:configure checking lex library... -lfl
:info:configure checking whether yytext is a pointer... yes
:info:configure checking if -Werror works... ok
:info:configure checking for omc... /opt/local/bin/omc
:info:configure checking for grep that handles long lines and -e... /usr/bin/grep
:info:configure checking for egrep... /usr/bin/grep -E
:info:configure checking for ANSI C header files... yes
:info:configure checking for sys/types.h... yes
:info:configure checking for sys/stat.h... yes
:info:configure checking for stdlib.h... yes
:info:configure checking for string.h... yes
:info:configure checking for memory.h... yes
:info:configure checking for strings.h... yes
:info:configure checking for inttypes.h... yes
:info:configure checking for stdint.h... yes
:info:configure checking for unistd.h... yes
:info:configure checking sys/time.h usability... yes
:info:configure checking sys/time.h presence... yes
:info:configure checking for sys/time.h... yes
:info:configure checking sqlite3.h usability... yes
:info:configure checking sqlite3.h presence... yes
:info:configure checking for sqlite3.h... yes
:info:configure checking f2c.h usability... yes
:info:configure checking f2c.h presence... yes
:info:configure checking for f2c.h... yes
:info:configure checking for antlr.Tool support... ANTLR Parser Generator   Version 2.7.7 (20060906)   1989-2005
:info:configure yes
:info:configure checking if the user wants to compile OMShell-terminal... yes
:info:configure checking readline/readline.h usability... yes
:info:configure checking readline/readline.h presence... yes
:info:configure checking for readline/readline.h... yes
:info:configure checking readline/history.h usability... yes
:info:configure checking readline/history.h presence... yes
:info:configure checking for readline/history.h... yes
:info:configure checking for library containing readline... -lreadline
:info:configure checking expat.h usability... yes
:info:configure checking expat.h presence... yes
:info:configure checking for expat.h... yes
:info:configure checking for an ANSI C-conforming const... yes
:info:configure checking for size_t... yes
:info:configure checking for vprintf... yes
:info:configure checking for _doprnt... no
:info:configure checking for getcwd... yes
:info:configure checking for select... yes
:info:configure checking for strdup... yes
:info:configure checking for strerror... yes
:info:configure checking for scandir... no
:info:configure checking for OpenMP... no
:info:configure checking for library containing dlopen... none required
:info:configure checking for library containing sqrt... none required
:info:configure checking for library containing colamd... -lcolamd
:info:configure checking for library containing make_lp... -llpsolve55
:info:configure checking lp_lib.h usability... no
:info:configure checking lp_lib.h presence... no
:info:configure checking for lp_lib.h... no
:info:configure checking lpsolve/lp_lib.h usability... yes
:info:configure checking lpsolve/lp_lib.h presence... yes
:info:configure checking for lpsolve/lp_lib.h... yes
:info:configure checking for socket... yes
:info:configure checking for gethostbyname... yes
:info:configure checking LAPACK flags... -llapack -lblas
:info:configure checking kinsol/kinsol.h usability... yes
:info:configure checking kinsol/kinsol.h presence... yes
:info:configure checking for kinsol/kinsol.h... yes
:info:configure checking kinsol/kinsol_dense.h usability... yes
:info:configure checking kinsol/kinsol_dense.h presence... yes
:info:configure checking for kinsol/kinsol_dense.h... yes
:info:configure checking nvector/nvector_serial.h usability... yes
:info:configure checking nvector/nvector_serial.h presence... yes
:info:configure checking for nvector/nvector_serial.h... yes
:info:configure checking sundials/sundials_types.h usability... yes
:info:configure checking sundials/sundials_types.h presence... yes
:info:configure checking for sundials/sundials_types.h... yes
:info:configure checking sundials/sundials_math.h usability... yes
:info:configure checking sundials/sundials_math.h presence... yes
:info:configure checking for sundials/sundials_math.h... yes
:info:configure checking Sundials linking... ok
:info:configure checking locale.h usability... yes
:info:configure checking locale.h presence... yes
:info:configure checking for locale.h... yes
:info:configure checking libintl.h usability... yes
:info:configure checking libintl.h presence... yes
:info:configure checking for libintl.h... yes
:info:configure checking gettext linking... in intl
:info:configure checking hwloc.h usability... no
:info:configure checking hwloc.h presence... no
:info:configure checking for hwloc.h... no
:info:configure checking for pthread_self in -lpthread... yes
:info:configure checking coin/IpStdCInterface.h usability... no
:info:configure checking coin/IpStdCInterface.h presence... no
:info:configure checking for coin/IpStdCInterface.h... no
:info:configure checking for /opt/local/bin/omniidl... ok
:info:configure checking for CORBA... omniorb
:info:configure checking if the user wants to use the Python interface... no
:info:configure checking if the user wants Modelica3D... no
:info:configure checking for OpenCL... checking CL/cl.h usability... no
:info:configure checking CL/cl.h presence... no
:info:configure checking for CL/cl.h... no
:info:configure checking OpenCL/cl.h usability... yes
:info:configure checking OpenCL/cl.h presence... yes
:info:configure checking for OpenCL/cl.h... yes
:info:configure checking for qmake-qt4... no
:info:configure checking for qmake-mac... no
:info:configure checking for qmake... qmake
:info:configure checking for lrelease-qt4... no
:info:configure checking for lrelease... lrelease
:info:configure checking for qmake arguments... sh /opt/local/var/macports/build/_opt_local_var_macports_sources_build.openmodelica.org_macports_lang_openmodelica-devel/openmodelica-devel/work/openmodelica_18002/qmake.sh
:info:configure checking for qwt... with_qwt_suffix=
:info:configure /opt/local/include/qwt/
:info:configure checking if the user wants OMNotebook... no
:info:configure checking for paradisEO... disabled
:info:configure Not compiling ModPar
:info:configure Not compiling with BOOST
:info:configure checking for revision... 18002
:info:configure checking for OpenModelica platform name... darwin-x86_64
:info:configure checking for Modelica platform name... darwin-x86_64
:info:configure configure: creating ./config.status
:info:configure config.status: creating Makefile
:info:configure config.status: WARNING:  'Makefile.in' seems to ignore the --datarootdir setting
:info:configure config.status: creating Compiler/Makefile
:info:configure config.status: creating Compiler/Template/Makefile
:info:configure config.status: creating Compiler/omc_release/Makefile
:info:configure config.status: creating Compiler/runtime/Makefile
:info:configure config.status: creating Compiler/modpar/Makefile
:info:configure config.status: creating Compiler/runtime/config.unix.h
:info:configure config.status: creating PythonInterface/Makefile
:info:configure config.status: creating PythonInterface/OMPython/OMConfig.py
:info:configure config.status: creating Parser/Makefile
:info:configure config.status: creating OMNotebook/OMNotebookGUI/OMNotebook.config
:info:configure config.status: creating OMNotebook/OMNotebookGUI/Makefile.unix
:info:configure config.status: creating OMShell/OMShellGUI/OMShell.config
:info:configure config.status: creating OMShell/OMShellGUI/Makefile.unix
:info:configure config.status: creating OMEdit/OMEditGUI/Makefile.unix
:info:configure config.status: creating OMEdit/OMEditGUI/OMEdit.config
:info:configure config.status: creating OMPlot/OMPlotGUI/Makefile.unix
:info:configure config.status: creating OMPlot/OMPlotGUI/OMPlotGUI.config
:info:configure config.status: creating OMOptim/build/Makefile.unix
:info:configure config.status: creating OMOptim/build/OMOptim.config
:info:configure config.status: creating OMOptimBasis/build/Makefile.unix
:info:configure config.status: creating OMOptimBasis/build/OMOptimBasis.config
:info:configure config.status: creating OMVisualize/OMVisualizeGUI/OMVisualizeGUI.config
:info:configure config.status: creating testsuite/openmodelica/bootstrapping/LinkMain.makefile
:info:configure config.status: creating SimulationRuntime/fmi/import/Makefile
:info:configure config.status: creating SimulationRuntime/c/Makefile
:info:configure config.status: creating SimulationRuntime/c/simulation/libf2c/makefile.u
:info:configure config.status: creating SimulationRuntime/ParModelica/OpenCLRuntime/Makefile
:info:configure config.status: creating SimulationRuntime/interactive/Makefile
:info:configure config.status: creating mosh/src/Makefile
:info:configure config.status: executing config.unix.h.fix commands
:info:configure -e 
:info:configure Configured OpenModelica successfully using the following options:
:info:configure Simulations may use sundials suite: Yes
:info:configure Simulations may use IPOPT: No
:info:configure ParModelica: Yes
:info:configure Build OMNotebook: No
:debug:configure Privilege de-escalation not attempted as not running as root.
:debug:build build phase started at Mon Nov  4 13:02:40 EST 2013
:notice:build --->  Building openmodelica-devel
:debug:build Executing org.macports.build (openmodelica-devel)
:debug:build Environment: CPATH='/opt/local/include' CC_PRINT_OPTIONS_FILE='/opt/local/var/macports/build/_opt_local_var_macports_sources_build.openmodelica.org_macports_lang_openmodelica-devel/openmodelica-devel/work/.CC_PRINT_OPTIONS' LIBRARY_PATH='/opt/local/lib' CC_PRINT_OPTIONS='YES' MACOSX_DEPLOYMENT_TARGET='10.8'
:debug:build Assembled command: 'cd "/opt/local/var/macports/build/_opt_local_var_macports_sources_build.openmodelica.org_macports_lang_openmodelica-devel/openmodelica-devel/work/openmodelica_18002" && /usr/bin/make -j4 -w all omlibrary'
:debug:build Executing command line:  cd "/opt/local/var/macports/build/_opt_local_var_macports_sources_build.openmodelica.org_macports_lang_openmodelica-devel/openmodelica-devel/work/openmodelica_18002" && /usr/bin/make -j4 -w all omlibrary 
:info:build make: Entering directory `/opt/local/var/macports/build/_opt_local_var_macports_sources_build.openmodelica.org_macports_lang_openmodelica-devel/openmodelica-devel/work/openmodelica_18002'
:info:build if [ ".app" = ".app" ]; then mkdir -p ./build/Applications/; fi
:info:build if test -f /opt/local/bin/omc; then /usr/bin/make bootstrap-from-compiled; else /usr/bin/make bootstrap-from-tarball; fi
:info:build /usr/bin/make -C mosh/src -f Makefile
:info:build rm -rf build/lib/omlibrary
:info:build install -m755 -d "build/lib/omlibrary/Modelica 3.2.1" "build/lib/omlibrary/ModelicaServices 3.2.1" "build/lib/omlibrary/ModelicaReference 3.2.1" "build/lib/omlibrary/ModelicaTest 1.1"
:info:build make[1]: Entering directory `/opt/local/var/macports/build/_opt_local_var_macports_sources_build.openmodelica.org_macports_lang_openmodelica-devel/openmodelica-devel/work/openmodelica_18002/mosh/src'
:info:build /opt/local/bin/omniidl -bcxx -Wbh=.h -Wbs=.cc ../../Compiler/runtime//omc_communication.idl
:info:build mkdir -p ./build/bin
:info:build make[1]: Entering directory `/opt/local/var/macports/build/_opt_local_var_macports_sources_build.openmodelica.org_macports_lang_openmodelica-devel/openmodelica-devel/work/openmodelica_18002'
:info:build test -f /opt/local/bin/omc
:info:build mkdir -p ./build/lib/omc/emcc
:info:build mkdir -p ./build/lib/python
:info:build /usr/bin/make bootstrap-dependencies
:info:build mkdir -p ./build/lib/python/omniORB
:info:build mkdir -p ./build/include/omc
:info:build mkdir -p ./build/share/omc/java/
:info:build make[2]: Entering directory `/opt/local/var/macports/build/_opt_local_var_macports_sources_build.openmodelica.org_macports_lang_openmodelica-devel/openmodelica-devel/work/openmodelica_18002'
:info:build if [ ".app" = ".app" ]; then mkdir -p ./build/Applications/; fi
:info:build mkdir -p ./build/share//omc/scripts/PythonInterface/OMPython/OMParser
:info:build mkdir -p ./build/share//omc/scripts/PythonInterface/PySimulator
:info:build mkdir -p ./build/share//omc/scripts/OpenTurns/
:info:build mkdir -p ./build/share/doc/omc/testmodels
:info:build mkdir -p ./build/bin
:info:build mkdir -p ./build/share/man//man1/
:info:build mkdir -p ./build/lib/omc/emcc
:info:build mkdir -p ./build/lib/python
:info:build Skipping Modelica3D
:info:build mkdir -p ./build/lib/python/omniORB
:info:build # Configure and build lis
:info:build mkdir -p ./build/include/omc
:info:build mkdir -p ./build/share/omc/java/
:info:build if ! test -f 3rdParty/lis-1.4.12/Makefile; then cd 3rdParty/lis-1.4.12 && ./configure "--host=x86_64-apple-darwin12.4.0" --enable-shared --disable-static MPICC="false" CC="/usr/bin/clang" CXX="/usr/bin/clang++" CFLAGS="-pipe -Os -arch x86_64" CPPFLAGS="-I/opt/local/include" LDFLAGS=" -Wl,-install_name,@rpath/liblis.dylib" && /usr/bin/make clean; fi
:info:build mkdir -p ./build/share//omc/scripts/PythonInterface/OMPython/OMParser
:info:build mkdir -p ./build/share//omc/scripts/PythonInterface/PySimulator
:info:build mkdir -p ./build/share//omc/scripts/OpenTurns/
:info:build /usr/bin/make -f Makefile omlibrary-internal omlibrary-32 omlibrary-31 omlibrary-services3d omlibrary-reference omlibrary-test omlibrary-222 omlibrary-services-31
:info:build mkdir -p ./build/share/doc/omc/testmodels
:info:build mkdir -p ./build/share/man//man1/
:info:build (cd 3rdParty/gc-7.2 && ./configure "--host=x86_64-apple-darwin12.4.0" --enable-threads=posix --enable-large-config CC="/usr/bin/clang" CXX="/usr/bin/clang++" CFLAGS="-pipe -Os -arch x86_64" CPPFLAGS="-I/opt/local/include -DTHREAD_LOCAL_ALLOC")
:info:build make[1]: Entering directory `/opt/local/var/macports/build/_opt_local_var_macports_sources_build.openmodelica.org_macports_lang_openmodelica-devel/openmodelica-devel/work/openmodelica_18002'
:info:build (cd 3rdParty/ && find BioChem?1.0.1 -type d -not -path "*svn*" -exec install -m755 -d ../build/lib/omlibrary/{} \;)
:info:build (cd 3rdParty/ && find BioChem?1.0.1 -type f -not -path "*svn*" -exec install -p -m644 {} ../build/lib/omlibrary/{} \;)
:info:build configure: WARNING: if you wanted to set the --build type, don't use --host.
:info:build     If a cross compiler is detected then cross compile mode will be used
:info:build checking build system type... checking build system type... x86_64-apple-darwin12.4.0
:info:build checking host system type... x86_64-apple-darwin12.4.0
:info:build checking target system type... x86_64-apple-darwin12.4.0
:info:build checking GC version numbers... major=7 minor=2 
:info:build checking for a BSD-compatible install... x86_64-apple-darwin12.4.0
:info:build checking host system type... x86_64-apple-darwin12.4.0
:info:build checking target system type... x86_64-apple-darwin12.4.0
:info:build checking for a BSD-compatible install... /opt/local/bin/ginstall -c
:info:build checking whether build environment is sane... /opt/local/bin/ginstall -c
:info:build checking whether build environment is sane... (cd libraries/ && find ModelicaServices?1.0?modelica3d SimpleFluid ThermoSysPro?3.0 -type d -not -path "*svn*" -exec install -m755 -d ../build/lib/omlibrary/{} \;)
:info:build yes
:info:build yes
:info:build checking for x86_64-apple-darwin12.4.0-strip... no
:info:build checking for strip... strip
:info:build checking for a thread-safe mkdir -p... checking for x86_64-apple-darwin12.4.0-strip... no
:info:build checking for strip... strip
:info:build checking for a thread-safe mkdir -p... /opt/local/bin/gmkdir -p
:info:build checking for gawk... /opt/local/bin/gmkdir -p
:info:build checking for gawk... gawk
:info:build gawk
:info:build checking whether make sets $(MAKE)... checking whether make sets $(MAKE)... (cd libraries/ && find ModelicaServices?1.0?modelica3d SimpleFluid ThermoSysPro?3.0 -type f -not -path "*svn*" -exec install -p -m644 {} ../build/lib/omlibrary/{} \;)
:info:build yes
:info:build checking whether to enable maintainer-specific portions of Makefiles... no
:info:build yes
:info:build checking for style of include used by make... checking whether to enable maintainer-specific portions of Makefiles... no
:info:build checking for a library suffix to use... checking for x86_64-apple-darwin12.4.0-icc... /usr/bin/clang
:info:build GNU
:info:build checking for x86_64-apple-darwin12.4.0-gcc... /usr/bin/clang
:info:build checking whether the C compiler works... checking whether the C compiler works... yes
:info:build checking for C compiler default output file name... a.out
:info:build yes
:info:build checking for C compiler default output file name... a.out
:info:build checking for suffix of executables... checking for suffix of executables... 
:info:build 
:info:build checking whether we are cross compiling... checking whether we are cross compiling... no
:info:build checking for suffix of object files... o
:info:build checking whether we are using the GNU C compiler... no
:info:build checking for suffix of object files... /usr/bin/clang++ -pipe -Os -arch x86_64 -Wall -DUSE_CORBA -DUSE_OMNIORB -I/opt/local/include  -c -o options.o options.cpp
:info:build yes
:info:build checking whether /usr/bin/clang accepts -g... o
:info:build checking whether we are using the GNU C compiler... yes
:info:build checking for /usr/bin/clang option to accept ISO C89... yes
:info:build checking whether /usr/bin/clang accepts -g... yes
:info:build checking for /usr/bin/clang option to accept ISO C89... none needed
:info:build checking dependency style of /usr/bin/clang... none needed
:info:build checking for style of include used by make... GNU
:info:build checking dependency style of /usr/bin/clang... none
:info:build gcc3
:info:build checking whether /usr/bin/clang and cc understand -c and -o together... checking for C compiler vendor... gnu
:info:build checking how to get verbose linking output from C... yes
:info:build checking whether we are using the GNU C++ compiler... /usr/bin/clang++ -pipe -Os -arch x86_64 -Wall -DUSE_CORBA -DUSE_OMNIORB -I/opt/local/include  -c -o omc_communication.o omc_communication.cc
:info:build yes
:info:build checking whether /usr/bin/clang++ accepts -g... yes
:info:build checking dependency style of /usr/bin/clang++... configure: WARNING: cannot determine how to obtain linking information from C
:info:build 
:info:build checking for C libraries... gcc3
:info:build checking dependency style of /usr/bin/clang... 
:info:build gcc3
:info:build checking for inline... inline
:info:build checking for pthread_self in -lpthread... (cd "libraries/Modelica 3.2.1/Modelica" && find . -type d -not -path "*svn*" -exec install -m755 -d "../../../build/lib/omlibrary/Modelica 3.2.1/{}" \;)
:info:build yes
:info:build configure: WARNING: "Explicit GC_INIT() calls may be required."
:info:build checking for xlc... checking for Fortran compiler vendor... 
:info:build checking for x87 FPU... yes
:info:build no
:info:build checking whether gcc supports -fno-strict-aliasing... checking how to run the C preprocessor... yes
:info:build checking whether to build shared libraries... yes
:info:build checking which machine-dependent code should be used... 
:info:build checking how to print strings... printf
:info:build checking for a sed that does not truncate output... /usr/bin/clang -E
:info:build /opt/local/bin/gsed
:info:build checking for grep that handles long lines and -e... checking for grep that handles long lines and -e... /usr/bin/grep
:info:build checking for egrep... omc_communication.cc:13:20: warning: unused variable '_0RL_library_version' [-Wunused-variable]
:info:build static const char* _0RL_library_version = omniORB_4_1;
:info:build                    ^
:info:build /usr/bin/grep -E
:info:build checking for fgrep... /usr/bin/grep -F
:info:build checking for ld used by /usr/bin/clang... /usr/bin/ld
:info:build checking if the linker (/usr/bin/ld) is GNU ld... /usr/bin/grep
:info:build checking for egrep... no
:info:build checking for BSD- or MS-compatible name lister (nm)... /usr/bin/grep -E
:info:build checking for ANSI C header files... 1 warning generated.
:info:build /usr/bin/clang++ -pipe -Os -arch x86_64 -Wall -DUSE_CORBA -DUSE_OMNIORB -I/opt/local/include  -c -o mosh.o mosh.cpp
:info:build /opt/local/bin/nm
:info:build checking the name lister (/opt/local/bin/nm) interface... (cd "libraries/Modelica 3.2.1/Modelica" && find . -type f -not -path "*svn*" -exec install -p -m644 {} "../../../build/lib/omlibrary/Modelica 3.2.1/{}" \;)
:info:build BSD nm
:info:build checking whether ln -s works... yes
:info:build checking the maximum length of command line arguments... yes
:info:build checking for sys/types.h... 196608
:info:build checking whether the shell understands some XSI constructs... yes
:info:build checking whether the shell understands "+="... yes
:info:build checking how to convert x86_64-apple-darwin12.4.0 file names to x86_64-apple-darwin12.4.0 format... func_convert_file_noop
:info:build checking how to convert x86_64-apple-darwin12.4.0 file names to toolchain format... func_convert_file_noop
:info:build checking for /usr/bin/ld option to reload object files... -r
:info:build checking for x86_64-apple-darwin12.4.0-objdump... no
:info:build checking for objdump... no
:info:build checking how to recognize dependent libraries... pass_all
:info:build checking for x86_64-apple-darwin12.4.0-dlltool... no
:info:build checking for dlltool... no
:info:build checking how to associate runtime and link libraries... printf %s\n
:info:build checking for x86_64-apple-darwin12.4.0-ar... no
:info:build checking for ar... ar
:info:build checking for archiver @FILE support... yes
:info:build checking for sys/stat.h... no
:info:build checking for x86_64-apple-darwin12.4.0-strip... strip
:info:build checking for x86_64-apple-darwin12.4.0-ranlib... no
:info:build checking for ranlib... ranlib
:info:build checking command to parse /opt/local/bin/nm output from /usr/bin/clang object... yes
:info:build checking for stdlib.h... yes
:info:build checking for string.h... yes
:info:build checking for memory.h... yes
:info:build checking for strings.h... ok
:info:build yes
:info:build checking for sysroot... no
:info:build checking for x86_64-apple-darwin12.4.0-mt... no
:info:build checking for mt... no
:info:build checking if : is a manifest tool... checking for inttypes.h... no
:info:build checking for x86_64-apple-darwin12.4.0-dsymutil... no
:info:build checking for dsymutil... dsymutil
:info:build checking for x86_64-apple-darwin12.4.0-nmedit... no
:info:build checking for nmedit... nmedit
:info:build checking for x86_64-apple-darwin12.4.0-lipo... no
:info:build checking for lipo... lipo
:info:build checking for x86_64-apple-darwin12.4.0-otool... no
:info:build checking for otool... otool
:info:build checking for x86_64-apple-darwin12.4.0-otool64... no
:info:build checking for otool64... no
:info:build checking for -single_module linker flag... yes
:info:build checking for stdint.h... yes
:info:build checking for -exported_symbols_list linker flag... yes
:info:build checking for unistd.h... yes
:info:build checking for -force_load linker flag... yes
:info:build checking size of int... yes
:info:build 4
:info:build checking how to run the C preprocessor... checking size of long... /usr/bin/clang -E
:info:build 8
:info:build checking size of long long... checking for ANSI C header files... /usr/bin/clang++ -o OMShell-terminal mosh.o options.o omc_communication.o  -L/opt/local/lib -Wl,-headerpad_max_install_names -arch x86_64 -lreadline  -lncurses /opt/local/lib/libomniORB4.a /opt/local/lib/libomnithread.a -lpthread -lm -lpthread
:info:build 8
:info:build checking size of float... yes
:info:build checking for sys/types.h... 4
:info:build checking size of double... yes
:info:build checking for sys/stat.h... yes
:info:build checking for stdlib.h... yes
:info:build 8
:info:build checking for string.h... checking size of long double... yes
:info:build checking for memory.h... 16
:info:build checking size of size_t... yes
:info:build checking for strings.h... yes
:info:build 8
:info:build checking size of void *... checking for inttypes.h... yes
:info:build checking for stdint.h... 8
:info:build checking for a sed that does not truncate output... cp OMShell-terminal ../../build/bin/
:info:build make[1]: Leaving directory `/opt/local/var/macports/build/_opt_local_var_macports_sources_build.openmodelica.org_macports_lang_openmodelica-devel/openmodelica-devel/work/openmodelica_18002/mosh/src'
:info:build cp -pP 3rdParty/gc-7.2/include/gc.h build/include/omc/gc.h
:info:build /opt/local/bin/gsed
:info:build checking for fgrep... /usr/bin/grep -F
:info:build checking for ld used by /usr/bin/clang... /usr/bin/make -C testsuite/ -f Makefile omc-diff
:info:build yes
:info:build checking for unistd.h... /usr/bin/ld
:info:build checking if the linker (/usr/bin/ld) is GNU ld... make[1]: Entering directory `/opt/local/var/macports/build/_opt_local_var_macports_sources_build.openmodelica.org_macports_lang_openmodelica-devel/openmodelica-devel/work/openmodelica_18002/testsuite'
:info:build make[1]: Nothing to be done for `omc-diff'.
:info:build make[1]: Leaving directory `/opt/local/var/macports/build/_opt_local_var_macports_sources_build.openmodelica.org_macports_lang_openmodelica-devel/openmodelica-devel/work/openmodelica_18002/testsuite'
:info:build cp -pP 3rdParty/gc-7.2/include/gc_config_macros.h build/include/omc/gc_config_macros.h
:info:build no
:info:build checking for BSD- or MS-compatible name lister (nm)... (cd "libraries/Modelica 3.1/Modelica" && find . -type d -not -path "*svn*" -exec install -m755 -d "../../../build/lib/omlibrary/Modelica 3.1/{}" \;)
:info:build /opt/local/bin/nm
:info:build checking the name lister (/opt/local/bin/nm) interface... yes
:info:build checking for dlfcn.h... BSD nm
:info:build checking whether ln -s works... yes
:info:build checking the maximum length of command line arguments... 196608
:info:build checking whether the shell understands some XSI constructs... yes
:info:build checking whether the shell understands "+="... yes
:info:build yes
:info:build checking for /usr/bin/ld option to reload object files... -r
:info:build checking for x86_64-apple-darwin12.4.0-objdump... checking for objdir... no
:info:build checking for objdump... no
:info:build checking how to recognize dependent libraries... pass_all
:info:build checking for x86_64-apple-darwin12.4.0-ar... no
:info:build checking for ar... ar
:info:build checking for x86_64-apple-darwin12.4.0-strip... strip
:info:build checking for x86_64-apple-darwin12.4.0-ranlib... no
:info:build .libs
:info:build checking for ranlib... ranlib
:info:build checking command to parse /opt/local/bin/nm output from /usr/bin/clang object... (cd "libraries/Modelica 3.1/Modelica" && find . -type f -not -path "*svn*" -exec install -m644 {} "../../../build/lib/omlibrary/Modelica 3.1/{}" \;)
:info:build checking if /usr/bin/clang supports -fno-rtti -fno-exceptions... yes
:info:build checking for /usr/bin/clang option to produce PIC... -fno-common -DPIC
:info:build checking if /usr/bin/clang PIC flag -fno-common -DPIC works... ok
:info:build checking for x86_64-apple-darwin12.4.0-dsymutil... no
:info:build checking for dsymutil... dsymutil
:info:build checking for x86_64-apple-darwin12.4.0-nmedit... no
:info:build checking for nmedit... nmedit
:info:build checking for x86_64-apple-darwin12.4.0-lipo... no
:info:build checking for lipo... lipo
:info:build checking for x86_64-apple-darwin12.4.0-otool... no
:info:build checking for otool... otool
:info:build checking for x86_64-apple-darwin12.4.0-otool64... no
:info:build checking for otool64... no
:info:build checking for -single_module linker flag... yes
:info:build checking if /usr/bin/clang static flag -static works... no
:info:build checking if /usr/bin/clang supports -c -o file.o... yes
:info:build checking for -exported_symbols_list linker flag... yes
:info:build checking for dlfcn.h... yes
:info:build checking if /usr/bin/clang supports -c -o file.o... (cached) yes
:info:build checking whether the /usr/bin/clang linker (/usr/bin/ld) supports shared libraries... yes
:info:build checking dynamic linker characteristics... yes
:info:build checking for x86_64-apple-darwin12.4.0-g77... no
:info:build checking for x86_64-apple-darwin12.4.0-xlf... no
:info:build checking for x86_64-apple-darwin12.4.0-f77... no
:info:build checking for x86_64-apple-darwin12.4.0-frt... no
:info:build checking for x86_64-apple-darwin12.4.0-pgf77... no
:info:build checking for x86_64-apple-darwin12.4.0-cf77... no
:info:build checking for x86_64-apple-darwin12.4.0-fort77... no
:info:build checking for x86_64-apple-darwin12.4.0-fl32... no
:info:build checking for x86_64-apple-darwin12.4.0-af77... no
:info:build checking for x86_64-apple-darwin12.4.0-xlf90... no
:info:build checking for x86_64-apple-darwin12.4.0-f90... no
:info:build checking for x86_64-apple-darwin12.4.0-pgf90... no
:info:build checking for x86_64-apple-darwin12.4.0-pghpf... no
:info:build checking for x86_64-apple-darwin12.4.0-epcf90... no
:info:build checking for x86_64-apple-darwin12.4.0-gfortran... no
:info:build checking for x86_64-apple-darwin12.4.0-g95... no
:info:build checking for x86_64-apple-darwin12.4.0-xlf95... no
:info:build darwin12.4.0 dyld
:info:build checking for x86_64-apple-darwin12.4.0-f95... checking how to hardcode library paths into programs... immediate
:info:build checking whether stripping libraries is possible... no
:info:build checking for x86_64-apple-darwin12.4.0-fort... no
:info:build checking for x86_64-apple-darwin12.4.0-ifort... no
:info:build checking for x86_64-apple-darwin12.4.0-ifc... no
:info:build checking for x86_64-apple-darwin12.4.0-efc... no
:info:build checking for x86_64-apple-darwin12.4.0-pgfortran... no
:info:build checking for x86_64-apple-darwin12.4.0-pgf95... no
:info:build checking for x86_64-apple-darwin12.4.0-lf95... no
:info:build checking for x86_64-apple-darwin12.4.0-ftn... no
:info:build checking for x86_64-apple-darwin12.4.0-nagfor... no
:info:build checking for g77... no
:info:build checking for xlf... no
:info:build checking for f77... no
:info:build checking for frt... no
:info:build checking for pgf77... no
:info:build checking for cf77... no
:info:build checking for fort77... no
:info:build checking for fl32... no
:info:build checking for af77... no
:info:build checking for xlf90... no
:info:build checking for f90... no
:info:build checking for pgf90... no
:info:build checking for pghpf... no
:info:build checking for epcf90... no
:info:build checking for gfortran... no
:info:build checking for g95... g95
:info:build yes
:info:build checking if libtool supports shared libraries... yes
:info:build checking whether to build shared libraries... yes
:info:build checking whether to build static libraries... yes
:info:build checking how to run the C++ preprocessor... /usr/bin/clang++ -E
:info:build checking whether we are using the GNU Fortran 77 compiler... install -p -m644 "libraries/Modelica 3.2.1/Complex.mo" "build/lib/omlibrary/Complex 3.2.1.mo"
:info:build install -p -m644 "libraries/Modelica 3.2.1/ObsoleteModelica3.mo" "build/lib/omlibrary/ObsoleteModelica3 3.2.1.mo"
:info:build checking for ld used by /usr/bin/clang++... /usr/bin/ld
:info:build checking if the linker (/usr/bin/ld) is GNU ld... no
:info:build checking whether the /usr/bin/clang++ linker (/usr/bin/ld) supports shared libraries... yes
:info:build patch -d build/lib/omlibrary -p3 < "libraries/Modelica 3.2.1.patch"
:info:build checking for /usr/bin/clang++ option to produce PIC... -fno-common -DPIC
:info:build checking if /usr/bin/clang++ PIC flag -fno-common -DPIC works... patching file 'Modelica 3.2.1/Blocks/Sources.mo'
:info:build patching file 'Modelica 3.2.1/Blocks/Tables.mo'
:info:build Hunk #4 succeeded at 361 (offset 1 line).
:info:build Hunk #5 succeeded at 375 (offset 1 line).
:info:build Hunk #6 succeeded at 388 (offset 1 line).
:info:build Hunk #7 succeeded at 659 (offset 2 lines).
:info:build Hunk #8 succeeded at 673 (offset 2 lines).
:info:build Hunk #9 succeeded at 686 (offset 2 lines).
:info:build patching file 'Modelica 3.2.1/Math/package.mo'
:info:build Hunk #1 succeeded at 12721 (offset 179 lines).
:info:build Hunk #2 succeeded at 12841 (offset 179 lines).
:info:build yes
:info:build checking if /usr/bin/clang++ static flag -static works... patching file 'Modelica 3.2.1/Math/package.order'
:info:build patching file 'Modelica 3.2.1/Mechanics/MultiBody/package.mo'
:info:build patching file 'Modelica 3.2.1/Media/Water/IF97_Utilities.mo'
:info:build no
:info:build checking if /usr/bin/clang++ supports -c -o file.o... find "build/lib/omlibrary/Modelica 3.2.1" -name "*.orig" -exec rm -f "{}" ";"
:info:build rm -rf "build/lib/omlibrary/Modelica 3.2.1/Resources/BuildProjects" "build/lib/omlibrary/Modelica 3.2.1/Resources/Library"
:info:build cp -pP 3rdParty/gc-7.2/include/gc_version.h build/include/omc/gc_version.h
:info:build yes
:info:build checking if /usr/bin/clang++ supports -c -o file.o... (cached) yes
:info:build checking whether the /usr/bin/clang++ linker (/usr/bin/ld) supports shared libraries... yes
:info:build checking dynamic linker characteristics... darwin12.4.0 dyld
:info:build checking how to hardcode library paths into programs... immediate
:info:build checking whether Solaris gcc optimization fix is necessary... no
:info:build (cd "libraries/Modelica 3.2.1/ModelicaServices" && find . -type d -not -path "*svn*" -exec install -m755 -d "../../../build/lib/omlibrary/ModelicaServices 3.2.1/{}" \;)
:info:build (cd "libraries/Modelica 3.2.1/ModelicaServices" && find . -type f -not -path "*svn*" -exec install -p -m644 {} "../../../build/lib/omlibrary/ModelicaServices 3.2.1/{}" \;)
:info:build patch -d build/lib/omlibrary -p3 < "libraries/ModelicaServices 3.2.1.patch"
:info:build patching file 'ModelicaServices 3.2.1/package.mo'
:info:build Hunk #2 succeeded at 693 (offset 1 line).
:info:build Hunk #3 succeeded at 713 (offset 1 line).
:info:build checking sys/dg_sys_info.h usability... find "build/lib/omlibrary/ModelicaServices 3.2.1" -name "*.orig" -exec rm -f "{}" ";"
:info:build test -d 3rdParty/FMIL
:info:build mkdir -p 3rdParty/FMIL/build
:info:build (cd 3rdParty/FMIL/build && test -f Makefile || CC="/usr/bin/clang" CXX="/usr/bin/clang++" CFLAGS="-pipe -Os -arch x86_64 -g" CPPFLAGS="-I/opt/local/include" CC=/usr/bin/clang CXX=/usr/bin/clang++ cmake -D CMAKE_AR:String="ar" -D FMILIB_BUILD_SHARED_LIB:Bool=OFF -D FMILIB_BUILD_TESTS:Bool=OFF -D FMILIB_GENERATE_DOXYGEN_DOC:Bool=OFF -DCMAKE_COLOR_MAKEFILE:Bool=OFF -DFMILIB_INSTALL_PREFIX:String=../install .. -G "Unix Makefiles")
:info:build no
:info:build checking sys/dg_sys_info.h presence... yes
:info:build checking whether g95 accepts -g... no
:info:build checking for sys/dg_sys_info.h... no
:info:build checking for x86_64-apple-darwin12.4.0-pkg-config... no
:info:build checking for pkg-config... /opt/local/bin/pkg-config
:info:build checking pkg-config is at least version 0.9.0... yes
:info:build checking for x86_64-apple-darwin12.4.0-gfortran... no
:info:build checking for x86_64-apple-darwin12.4.0-g95... no
:info:build checking for x86_64-apple-darwin12.4.0-xlf95... no
:info:build checking for x86_64-apple-darwin12.4.0-f95... no
:info:build checking for x86_64-apple-darwin12.4.0-fort... no
:info:build checking for x86_64-apple-darwin12.4.0-ifort... no
:info:build checking for x86_64-apple-darwin12.4.0-ifc... no
:info:build checking for x86_64-apple-darwin12.4.0-efc... no
:info:build checking for x86_64-apple-darwin12.4.0-pgfortran... no
:info:build checking for x86_64-apple-darwin12.4.0-pgf95... no
:info:build checking for x86_64-apple-darwin12.4.0-lf95... no
:info:build checking for x86_64-apple-darwin12.4.0-ftn... no
:info:build checking for x86_64-apple-darwin12.4.0-nagfor... no
:info:build checking for x86_64-apple-darwin12.4.0-xlf90... no
:info:build checking for x86_64-apple-darwin12.4.0-f90... no
:info:build checking for x86_64-apple-darwin12.4.0-pgf90... no
:info:build checking for x86_64-apple-darwin12.4.0-pghpf... no
:info:build checking for x86_64-apple-darwin12.4.0-epcf90... no
:info:build checking for x86_64-apple-darwin12.4.0-g77... no
:info:build checking for x86_64-apple-darwin12.4.0-xlf... no
:info:build checking for x86_64-apple-darwin12.4.0-f77... no
:info:build checking for x86_64-apple-darwin12.4.0-frt... no
:info:build checking for x86_64-apple-darwin12.4.0-pgf77... no
:info:build checking for x86_64-apple-darwin12.4.0-cf77... no
:info:build checking for x86_64-apple-darwin12.4.0-fort77... no
:info:build checking for x86_64-apple-darwin12.4.0-fl32... no
:info:build checking for x86_64-apple-darwin12.4.0-af77... no
:info:build checking for gfortran... no
:info:build checking for g95... g95
:info:build yes
:info:build checking for ATOMIC_OPS... checking whether we are using the GNU Fortran compiler... yes
:info:build checking whether g95 accepts -g... yes
:info:build checking for objdir... .libs
:info:build -- The C compiler identification is Clang 5.0.0
:info:build no
:info:build checking which libatomic_ops to use... internal
:info:build checking if /usr/bin/clang supports -fno-rtti -fno-exceptions... configure: creating ./config.status
:info:build yes
:info:build checking for /usr/bin/clang option to produce PIC... -fno-common -DPIC
:info:build checking if /usr/bin/clang PIC flag -fno-common -DPIC works... yes
:info:build checking if /usr/bin/clang static flag -static works... -- The CXX compiler identification is Clang 5.0.0
:info:build no
:info:build checking if /usr/bin/clang supports -c -o file.o... yes
:info:build checking if /usr/bin/clang supports -c -o file.o... (cached) yes
:info:build checking whether the /usr/bin/clang linker (/usr/bin/ld) supports shared libraries... yes
:info:build checking dynamic linker characteristics... darwin12.4.0 dyld
:info:build checking how to hardcode library paths into programs... immediate
:info:build checking whether stripping libraries is possible... yes
:info:build checking if libtool supports shared libraries... yes
:info:build checking whether to build shared libraries... yes
:info:build checking whether to build static libraries... no
:info:build -- Check for working C compiler: /usr/bin/clang
:info:build -- Check for working C compiler: /usr/bin/clang -- works
:info:build -- Detecting C compiler ABI info
:info:build -- Detecting C compiler ABI info - done
:info:build -- Check for working CXX compiler: /usr/bin/clang++
:info:build -- Check for working CXX compiler: /usr/bin/clang++ -- works
:info:build -- Detecting CXX compiler ABI info
:info:build checking if libtool supports shared libraries... yes
:info:build checking whether to build shared libraries... yes
:info:build checking whether to build static libraries... no
:info:build checking for g95 option to produce PIC... -fno-common
:info:build checking if g95 PIC flag -fno-common works... yes
:info:build checking if g95 static flag -static works... no
:info:build checking if g95 supports -c -o file.o... -- Detecting CXX compiler ABI info - done
:info:build -- Looking for include file stdarg.h
:info:build yes
:info:build checking if g95 supports -c -o file.o... (cached) yes
:info:build checking whether the g95 linker (/usr/bin/ld) supports shared libraries... yes
:info:build checking dynamic linker characteristics... darwin12.4.0 dyld
:info:build checking how to hardcode library paths into programs... immediate
:info:build -- Looking for include file stdarg.h - found
:info:build -- Looking for include file stdlib.h
:info:build checking if libtool supports shared libraries... yes
:info:build checking whether to build shared libraries... yes
:info:build checking whether to build static libraries... no
:info:build checking for g95 option to produce PIC... -fno-common
:info:build checking if g95 PIC flag -fno-common works... -- Looking for include file stdlib.h - found
:info:build -- Looking for include file stddef.h
:info:build yes
:info:build checking if g95 static flag -static works... no
:info:build checking if g95 supports -c -o file.o... -- Looking for include file stddef.h - found
:info:build -- Looking for include file stdint.h
:info:build config.status: creating Makefile
:info:build yes
:info:build checking if g95 supports -c -o file.o... (cached) yes
:info:build checking whether the g95 linker (/usr/bin/ld) supports shared libraries... yes
:info:build checking dynamic linker characteristics... darwin12.4.0 dyld
:info:build checking how to hardcode library paths into programs... immediate
:info:build checking for ANSI C header files... (cached) yes
:info:build checking malloc.h usability... -- Looking for include file stdint.h - found
:info:build -- Looking for include file inttypes.h
:info:build config.status: creating bdw-gc.pc
:info:build no
:info:build checking malloc.h presence... config.status: creating include/private/config.h
:info:build no
:info:build checking for malloc.h... no
:info:build checking for stdlib.h... (cached) yes
:info:build config.status: executing depfiles commands
:info:build -- Looking for include file inttypes.h - found
:info:build -- Looking for include file locale.h
:info:build checking for string.h... (cached) yes
:info:build checking sys/time.h usability... yes
:info:build checking sys/time.h presence... yes
:info:build checking for sys/time.h... yes
:info:build checking for an ANSI C-conforming const... -- Looking for include file locale.h - found
:info:build -- Looking for vsnprintf
:info:build yes
:info:build checking for size_t... config.status: executing libtool commands
:info:build yes
:info:build configure: creating ./config.status
:info:build -- Looking for vsnprintf - found
:info:build -- Looking for snprintf
:info:build -- Looking for snprintf - found
:info:build -- Looking for vasprintf
:info:build -- Looking for vasprintf - found
:info:build -- Looking for asprintf
:info:build config.status: executing default commands
:info:build === configuring in libatomic_ops (/opt/local/var/macports/build/_opt_local_var_macports_sources_build.openmodelica.org_macports_lang_openmodelica-devel/openmodelica-devel/work/openmodelica_18002/3rdParty/gc-7.2/libatomic_ops)
:info:build configure: running /bin/sh ./configure --disable-option-checking '--prefix=/usr/local'  '--host=x86_64-apple-darwin12.4.0' '--enable-threads=posix' '--enable-large-config' 'CC=/usr/bin/clang' 'CXX=/usr/bin/clang++' 'CFLAGS=-pipe -Os -arch x86_64' 'CPPFLAGS=-I/opt/local/include -DTHREAD_LOCAL_ALLOC' 'host_alias=x86_64-apple-darwin12.4.0' --cache-file=/dev/null --srcdir=.
:info:build -- Looking for asprintf - found
:info:build -- Looking for localeconv
:info:build configure: WARNING: if you wanted to set the --build type, don't use --host.
:info:build     If a cross compiler is detected then cross compile mode will be used
:info:build -- Looking for localeconv - found
:info:build -- Looking for sys/types.h
:info:build checking build system type... -- Looking for sys/types.h - found
:info:build -- Check size of long double
:info:build x86_64-apple-darwin12.4.0
:info:build checking host system type... x86_64-apple-darwin12.4.0
:info:build checking target system type... x86_64-apple-darwin12.4.0
:info:build checking for a BSD-compatible install... /opt/local/bin/ginstall -c
:info:build checking whether build environment is sane... -- Check size of long double - done
:info:build -- Check size of long long int
:info:build patch -d build/lib/omlibrary -p3 < "libraries/Modelica 3.1.patch"
:info:build patching file 'Modelica 3.1/Constants.mo'
:info:build patching file 'Modelica 3.1/Electrical/Digital.mo'
:info:build patching file 'Modelica 3.1/Fluid/Pipes.mo'
:info:build patching file 'Modelica 3.1/Media/IdealGases/Common/FluidData.mo'
:info:build patching file 'Modelica 3.1/Media/IdealGases/Common/package.mo'
:info:build patching file 'Modelica 3.1/Media/package.mo'
:info:build patching file 'Modelica 3.1/Media/Water/IF97_Utilities.mo'
:info:build patching file 'Modelica 3.1/Media/Water/package.mo'
:info:build patching file 'Modelica 3.1/Media/Water/package.order'
:info:build find "build/lib/omlibrary/Modelica 3.1" -name "*.orig" -exec rm -f "{}" ";"
:info:build (cd "libraries/Modelica 3.2.1/ModelicaReference" && find . -type d -not -path "*svn*" -exec install -m755 -d "../../../build/lib/omlibrary/ModelicaReference 3.2.1/{}" \;)
:info:build (cd "libraries/Modelica 3.2.1/ModelicaReference" && find . -type f -not -path "*svn*" -exec install -p -m644 {} "../../../build/lib/omlibrary/ModelicaReference 3.2.1/{}" \;)
:info:build -- Check size of long long int - done
:info:build -- Check size of unsigned long long int
:info:build (cd "libraries/Modelica 3.2.1/ModelicaTest" && find . -type d -not -path "*svn*" -exec install -m755 -d "../../../build/lib/omlibrary/ModelicaTest 3.2.1/{}" \;)
:info:build -- Check size of unsigned long long int - done
:info:build -- Check size of struct lconv
:info:build (cd "libraries/Modelica 3.2.1/ModelicaTest" && find . -type f -not -path "*svn*" -exec install -p -m644 {} "../../../build/lib/omlibrary/ModelicaTest 3.2.1/{}" \;)
:info:build -- Check size of struct lconv - done
:info:build -- Performing Test HAVE_LCONV_DECIMAL_POINT
:info:build -- Performing Test HAVE_LCONV_DECIMAL_POINT - Success
:info:build -- Performing Test HAVE_LCONV_THOUSANDS_SEP
:info:build -- Performing Test HAVE_LCONV_THOUSANDS_SEP - Success
:info:build -- Check size of intmax_t
:info:build -- Check size of intmax_t - done
:info:build -- Check size of uintmax_t
:info:build -- Check size of uintmax_t - done
:info:build -- Check size of uintptr_t
:info:build (cd "libraries/Modelica 2.2.2" && find . -type d -not -path "*svn*" -exec install -m755 -d "../../build/lib/omlibrary/Modelica 2.2.2/{}" \;)
:info:build yes
:info:build checking for x86_64-apple-darwin12.4.0-strip... no
:info:build checking for strip... strip
:info:build checking for a thread-safe mkdir -p... /opt/local/bin/gmkdir -p
:info:build checking for gawk... gawk
:info:build checking whether make sets $(MAKE)... yes
:info:build (cd "libraries/Modelica 2.2.2" && find . -type f -not -path "*svn*" -exec install -m644 {} "../../build/lib/omlibrary/Modelica 2.2.2/{}" \;)
:info:build -- Check size of uintptr_t - done
:info:build -- Check size of ptrdiff_t
:info:build checking for x86_64-apple-darwin12.4.0-ranlib... no
:info:build checking for ranlib... ranlib
:info:build checking for style of include used by make... GNU
:info:build checking for x86_64-apple-darwin12.4.0-gcc... /usr/bin/clang
:info:build checking whether the C compiler works... -- Check size of ptrdiff_t - done
:info:build yes
:info:build checking for C compiler default output file name... a.out
:info:build -- Looking for va_copy
:info:build checking for suffix of executables... 
:info:build checking whether we are cross compiling... no
:info:build checking for suffix of object files... o
:info:build checking whether we are using the GNU C compiler... -- Looking for va_copy - found
:info:build -- Looking for __va_copy
:info:build yes
:info:build checking whether /usr/bin/clang accepts -g... yes
:info:build checking for /usr/bin/clang option to accept ISO C89... none needed
:info:build checking dependency style of /usr/bin/clang... -- Looking for __va_copy - found
:info:build CMake Warning (dev) at CMakeLists.txt:183 (include):
:info:build   Syntax Warning in cmake code at
:info:build 
:info:build     /opt/local/var/macports/build/_opt_local_var_macports_sources_build.openmodelica.org_macports_lang_openmodelica-devel/openmodelica-devel/work/openmodelica_18002/3rdParty/FMIL/Config.cmake/fmixml.cmake:115:67
:info:build 
:info:build   Argument not separated from preceding token by whitespace.
:info:build This warning is for project developers.  Use -Wno-dev to suppress it.
:info:build 
:info:build gcc3
:info:build checking whether /usr/bin/clang and cc understand -c and -o together... yes
:info:build checking dependency style of /usr/bin/clang... -- Check size of off64_t
:info:build config.status: creating Makefile
:info:build config.status: creating src/Makefile
:info:build gcc3
:info:build checking how to run the C preprocessor... config.status: creating src/matrix/Makefile
:info:build -- Check size of off64_t - failed
:info:build -- Looking for fseeko
:info:build /usr/bin/clang -E
:info:build config.status: creating src/vector/Makefile
:info:build checking for grep that handles long lines and -e... config.status: creating src/matvec/Makefile
:info:build config.status: creating src/solver/Makefile
:info:build config.status: creating src/esolver/Makefile
:info:build -- Looking for fseeko - found
:info:build -- Looking for unistd.h
:info:build config.status: creating src/precon/Makefile
:info:build config.status: creating src/system/Makefile
:info:build config.status: creating src/precision/Makefile
:info:build -- Looking for unistd.h - found
:info:build config.status: creating src/fortran/Makefile
:info:build config.status: creating src/fortran/amg/Makefile
:info:build CMake Warning (dev) at Config.cmake/fmiimport.cmake:17 (include):
:info:build   Syntax Warning in cmake code at
:info:build 
:info:build     /opt/local/var/macports/build/_opt_local_var_macports_sources_build.openmodelica.org_macports_lang_openmodelica-devel/openmodelica-devel/work/openmodelica_18002/3rdParty/FMIL/Config.cmake/fmixml.cmake:115:67
:info:build 
:info:build   Argument not separated from preceding token by whitespace.
:info:build Call Stack (most recent call first):
:info:build   CMakeLists.txt:186 (include)
:info:build This warning is for project developers.  Use -Wno-dev to suppress it.
:info:build 
:info:build -- will be merging /opt/local/var/macports/build/_opt_local_var_macports_sources_build.openmodelica.org_macports_lang_openmodelica-devel/openmodelica-devel/work/openmodelica_18002/3rdParty/FMIL/build/libfmiimport.a;/opt/local/var/macports/build/_opt_local_var_macports_sources_build.openmodelica.org_macports_lang_openmodelica-devel/openmodelica-devel/work/openmodelica_18002/3rdParty/FMIL/build/libjmutils.a;/opt/local/var/macports/build/_opt_local_var_macports_sources_build.openmodelica.org_macports_lang_openmodelica-devel/openmodelica-devel/work/openmodelica_18002/3rdParty/FMIL/build/libfmixml.a;/opt/local/var/macports/build/_opt_local_var_macports_sources_build.openmodelica.org_macports_lang_openmodelica-devel/openmodelica-devel/work/openmodelica_18002/3rdParty/FMIL/build/libfmizip.a;/opt/local/var/macports/build/_opt_local_var_macports_sources_build.openmodelica.org_macports_lang_openmodelica-devel/openmodelica-devel/work/openmodelica_18002/3rdParty/FMIL/build/libfmicapi.a;/opt/local/var/macports/build/_opt_local_var_macports_sources_build.openmodelica.org_macports_lang_openmodelica-devel/openmodelica-devel/work/openmodelica_18002/3rdParty/FMIL/build/ExpatEx/./libexpat.a;/opt/local/var/macports/build/_opt_local_var_macports_sources_build.openmodelica.org_macports_lang_openmodelica-devel/openmodelica-devel/work/openmodelica_18002/3rdParty/FMIL/build/Config.cmake/Minizip/libminizip.a;/opt/local/var/macports/build/_opt_local_var_macports_sources_build.openmodelica.org_macports_lang_openmodelica-devel/openmodelica-devel/work/openmodelica_18002/3rdParty/FMIL/build/zlib/libz.a;/opt/local/var/macports/build/_opt_local_var_macports_sources_build.openmodelica.org_macports_lang_openmodelica-devel/openmodelica-devel/work/openmodelica_18002/3rdParty/FMIL/build/ThirdParty/c99_snprintf/libc99snprintf.a
:info:build -- Configuring done
:info:build config.status: creating include/Makefile
:info:build /usr/bin/grep
:info:build checking for egrep... /usr/bin/grep -E
:info:build checking for ANSI C header files... config.status: creating test/Makefile
:info:build config.status: creating include/lisf.h
:info:build config.status: creating include/lis_config.h
:info:build config.status: executing depfiles commands
:info:build yes
:info:build config.status: executing libtool commands
:info:build checking for sys/types.h... yes
:info:build checking for sys/stat.h... yes
:info:build 
:info:build   Build with OpenMP library                  = no
:info:build   Build with MPI library                     = no
:info:build   Build Fortran interface                    = no
:info:build   Build SA-AMG preconditioner                = no
:info:build   Build with double double precision support = no
:info:build   Build with long double precision support   = no
:info:build   Build with 64bit integer support           = no
:info:build   Enable dynamic linking                     = yes
:info:build   Enable profiling                           = no
:info:build 
:info:build   C compiler        = /usr/bin/clang
:info:build   C flags           = -O3 -fomit-frame-pointer -pipe -Os -arch x86_64 -DHAVE_CONFIG_H  
:info:build   C libraries       = -lm  
:info:build 
:info:build checking for stdlib.h... yes
:info:build checking for string.h... make[1]: Entering directory `/opt/local/var/macports/build/_opt_local_var_macports_sources_build.openmodelica.org_macports_lang_openmodelica-devel/openmodelica-devel/work/openmodelica_18002/3rdParty/lis-1.4.12'
:info:build Making clean in test
:info:build make[2]: Entering directory `/opt/local/var/macports/build/_opt_local_var_macports_sources_build.openmodelica.org_macports_lang_openmodelica-devel/openmodelica-devel/work/openmodelica_18002/3rdParty/lis-1.4.12/test'
:info:build  rm -f lsolve esolve spmvtest1 spmvtest2 spmvtest3 spmvtest4 spmvtest5
:info:build test -z "*.il" || rm -f *.il
:info:build rm -rf .libs _libs
:info:build  rm -f test1 test2 test3 test4 test5 test6 etest1 etest2 etest3 etest4 etest5 etest6 spmvtest1 spmvtest2 spmvtest3 spmvtest4 spmvtest5
:info:build rm -f *.o
:info:build rm -f *.lo
:info:build yes
:info:build make[2]: Leaving directory `/opt/local/var/macports/build/_opt_local_var_macports_sources_build.openmodelica.org_macports_lang_openmodelica-devel/openmodelica-devel/work/openmodelica_18002/3rdParty/lis-1.4.12/test'
:info:build Making clean in include
:info:build make[2]: Entering directory `/opt/local/var/macports/build/_opt_local_var_macports_sources_build.openmodelica.org_macports_lang_openmodelica-devel/openmodelica-devel/work/openmodelica_18002/3rdParty/lis-1.4.12/include'
:info:build rm -rf .libs _libs
:info:build rm -f *.lo
:info:build checking for memory.h... make[2]: Leaving directory `/opt/local/var/macports/build/_opt_local_var_macports_sources_build.openmodelica.org_macports_lang_openmodelica-devel/openmodelica-devel/work/openmodelica_18002/3rdParty/lis-1.4.12/include'
:info:build Making clean in src
:info:build make[2]: Entering directory `/opt/local/var/macports/build/_opt_local_var_macports_sources_build.openmodelica.org_macports_lang_openmodelica-devel/openmodelica-devel/work/openmodelica_18002/3rdParty/lis-1.4.12/src'
:info:build Making clean in precision
:info:build make[3]: Entering directory `/opt/local/var/macports/build/_opt_local_var_macports_sources_build.openmodelica.org_macports_lang_openmodelica-devel/openmodelica-devel/work/openmodelica_18002/3rdParty/lis-1.4.12/src/precision'
:info:build test -z "*.il" || rm -f *.il
:info:build rm -rf .libs _libs
:info:build test -z "libprecision.la" || rm -f libprecision.la
:info:build rm -f "./so_locations"
:info:build rm -f *.o
:info:build rm -f *.lo
:info:build make[3]: Leaving directory `/opt/local/var/macports/build/_opt_local_var_macports_sources_build.openmodelica.org_macports_lang_openmodelica-devel/openmodelica-devel/work/openmodelica_18002/3rdParty/lis-1.4.12/src/precision'
:info:build Making clean in system
:info:build make[3]: Entering directory `/opt/local/var/macports/build/_opt_local_var_macports_sources_build.openmodelica.org_macports_lang_openmodelica-devel/openmodelica-devel/work/openmodelica_18002/3rdParty/lis-1.4.12/src/system'
:info:build test -z "*.il" || rm -f *.il
:info:build rm -rf .libs _libs
:info:build test -z "libsystem.la" || rm -f libsystem.la
:info:build yes
:info:build rm -f "./so_locations"
:info:build checking for strings.h... rm -f *.o
:info:build rm -f *.lo
:info:build make[3]: Leaving directory `/opt/local/var/macports/build/_opt_local_var_macports_sources_build.openmodelica.org_macports_lang_openmodelica-devel/openmodelica-devel/work/openmodelica_18002/3rdParty/lis-1.4.12/src/system'
:info:build Making clean in esolver
:info:build make[3]: Entering directory `/opt/local/var/macports/build/_opt_local_var_macports_sources_build.openmodelica.org_macports_lang_openmodelica-devel/openmodelica-devel/work/openmodelica_18002/3rdParty/lis-1.4.12/src/esolver'
:info:build test -z "*.il" || rm -f *.il
:info:build rm -rf .libs _libs
:info:build test -z "libesolver.la" || rm -f libesolver.la
:info:build rm -f "./so_locations"
:info:build rm -f *.o
:info:build rm -f *.lo
:info:build make[3]: Leaving directory `/opt/local/var/macports/build/_opt_local_var_macports_sources_build.openmodelica.org_macports_lang_openmodelica-devel/openmodelica-devel/work/openmodelica_18002/3rdParty/lis-1.4.12/src/esolver'
:info:build Making clean in solver
:info:build make[3]: Entering directory `/opt/local/var/macports/build/_opt_local_var_macports_sources_build.openmodelica.org_macports_lang_openmodelica-devel/openmodelica-devel/work/openmodelica_18002/3rdParty/lis-1.4.12/src/solver'
:info:build test -z "*.il" || rm -f *.il
:info:build yes
:info:build rm -rf .libs _libs
:info:build test -z "libsolver.la" || rm -f libsolver.la
:info:build checking for inttypes.h... rm -f "./so_locations"
:info:build rm -f *.o
:info:build rm -f *.lo
:info:build make[3]: Leaving directory `/opt/local/var/macports/build/_opt_local_var_macports_sources_build.openmodelica.org_macports_lang_openmodelica-devel/openmodelica-devel/work/openmodelica_18002/3rdParty/lis-1.4.12/src/solver'
:info:build Making clean in precon
:info:build make[3]: Entering directory `/opt/local/var/macports/build/_opt_local_var_macports_sources_build.openmodelica.org_macports_lang_openmodelica-devel/openmodelica-devel/work/openmodelica_18002/3rdParty/lis-1.4.12/src/precon'
:info:build test -z "*.il" || rm -f *.il
:info:build rm -rf .libs _libs
:info:build test -z "libprecon.la" || rm -f libprecon.la
:info:build rm -f "./so_locations"
:info:build rm -f *.o
:info:build rm -f *.lo
:info:build make[3]: Leaving directory `/opt/local/var/macports/build/_opt_local_var_macports_sources_build.openmodelica.org_macports_lang_openmodelica-devel/openmodelica-devel/work/openmodelica_18002/3rdParty/lis-1.4.12/src/precon'
:info:build Making clean in matvec
:info:build make[3]: Entering directory `/opt/local/var/macports/build/_opt_local_var_macports_sources_build.openmodelica.org_macports_lang_openmodelica-devel/openmodelica-devel/work/openmodelica_18002/3rdParty/lis-1.4.12/src/matvec'
:info:build test -z "*.il" || rm -f *.il
:info:build rm -rf .libs _libs
:info:build test -z "libmatvec.la" || rm -f libmatvec.la
:info:build rm -f "./so_locations"
:info:build yes
:info:build rm -f *.o
:info:build rm -f *.lo
:info:build checking for stdint.h... make[3]: Leaving directory `/opt/local/var/macports/build/_opt_local_var_macports_sources_build.openmodelica.org_macports_lang_openmodelica-devel/openmodelica-devel/work/openmodelica_18002/3rdParty/lis-1.4.12/src/matvec'
:info:build Making clean in vector
:info:build make[3]: Entering directory `/opt/local/var/macports/build/_opt_local_var_macports_sources_build.openmodelica.org_macports_lang_openmodelica-devel/openmodelica-devel/work/openmodelica_18002/3rdParty/lis-1.4.12/src/vector'
:info:build test -z "*.il" || rm -f *.il
:info:build rm -rf .libs _libs
:info:build test -z "libvector.la" || rm -f libvector.la
:info:build rm -f "./so_locations"
:info:build rm -f *.o
:info:build rm -f *.lo
:info:build make[3]: Leaving directory `/opt/local/var/macports/build/_opt_local_var_macports_sources_build.openmodelica.org_macports_lang_openmodelica-devel/openmodelica-devel/work/openmodelica_18002/3rdParty/lis-1.4.12/src/vector'
:info:build Making clean in matrix
:info:build make[3]: Entering directory `/opt/local/var/macports/build/_opt_local_var_macports_sources_build.openmodelica.org_macports_lang_openmodelica-devel/openmodelica-devel/work/openmodelica_18002/3rdParty/lis-1.4.12/src/matrix'
:info:build test -z "*.il" || rm -f *.il
:info:build rm -rf .libs _libs
:info:build test -z "libmatrix.la" || rm -f libmatrix.la
:info:build rm -f "./so_locations"
:info:build rm -f *.o
:info:build rm -f *.lo
:info:build make[3]: Leaving directory `/opt/local/var/macports/build/_opt_local_var_macports_sources_build.openmodelica.org_macports_lang_openmodelica-devel/openmodelica-devel/work/openmodelica_18002/3rdParty/lis-1.4.12/src/matrix'
:info:build Making clean in .
:info:build make[3]: Entering directory `/opt/local/var/macports/build/_opt_local_var_macports_sources_build.openmodelica.org_macports_lang_openmodelica-devel/openmodelica-devel/work/openmodelica_18002/3rdParty/lis-1.4.12/src'
:info:build test -z "liblis.la" || rm -f liblis.la
:info:build yes
:info:build rm -f "./so_locations"
:info:build rm -rf .libs _libs
:info:build rm -f *.o
:info:build checking for unistd.h... rm -f *.lo
:info:build make[3]: Leaving directory `/opt/local/var/macports/build/_opt_local_var_macports_sources_build.openmodelica.org_macports_lang_openmodelica-devel/openmodelica-devel/work/openmodelica_18002/3rdParty/lis-1.4.12/src'
:info:build make[2]: Leaving directory `/opt/local/var/macports/build/_opt_local_var_macports_sources_build.openmodelica.org_macports_lang_openmodelica-devel/openmodelica-devel/work/openmodelica_18002/3rdParty/lis-1.4.12/src'
:info:build Making clean in .
:info:build make[2]: Entering directory `/opt/local/var/macports/build/_opt_local_var_macports_sources_build.openmodelica.org_macports_lang_openmodelica-devel/openmodelica-devel/work/openmodelica_18002/3rdParty/lis-1.4.12'
:info:build rm -rf .libs _libs
:info:build rm -f *.lo
:info:build make[2]: Leaving directory `/opt/local/var/macports/build/_opt_local_var_macports_sources_build.openmodelica.org_macports_lang_openmodelica-devel/openmodelica-devel/work/openmodelica_18002/3rdParty/lis-1.4.12'
:info:build make[1]: Leaving directory `/opt/local/var/macports/build/_opt_local_var_macports_sources_build.openmodelica.org_macports_lang_openmodelica-devel/openmodelica-devel/work/openmodelica_18002/3rdParty/lis-1.4.12'
:info:build rm -rf libraries/Resources
:info:build (cd libraries && cp -rp "Modelica 3.2.1/Modelica/Resources" ".")
:info:build yes
:info:build checking for stdlib.h... (cached) yes
:info:build checking for unistd.h... (cached) yes
:info:build checking for sys/param.h... yes
:info:build checking for getpagesize... yes
:info:build checking for working mmap... yes
:info:build checking for ANSI C header files... (cached) yes
:info:build touch libraries/link-external-libs
:info:build /usr/bin/make -C OMShell/OMShellGUI -f Makefile.unix
:info:build make[1]: Entering directory `/opt/local/var/macports/build/_opt_local_var_macports_sources_build.openmodelica.org_macports_lang_openmodelica-devel/openmodelica-devel/work/openmodelica_18002/OMShell/OMShellGUI'
:info:build sh /opt/local/var/macports/build/_opt_local_var_macports_sources_build.openmodelica.org_macports_lang_openmodelica-devel/openmodelica-devel/work/openmodelica_18002/qmake.sh
:info:build checking for PIC compiler flag... -fPIC
:info:build checking whether gcc -fPIC causes __PIC__ definition... yes
:info:build checking for pthread_self in -lpthread... yes
:info:build configure: creating ./config.status
:info:build WARNING: /opt/local/var/macports/build/_opt_local_var_macports_sources_build.openmodelica.org_macports_lang_openmodelica-devel/openmodelica-devel/work/openmodelica_18002/OMShell/OMShellGUI/OMShell.config:7: Unescaped backslashes are deprecated.
:info:build Project MESSAGE: qtAddLibrary: found framework QtXml in directory /opt/local/Library/Frameworks
:info:build Project MESSAGE: qtAddLibrary: found framework QtGui in directory /opt/local/Library/Frameworks
:info:build Project MESSAGE: qtAddLibrary: found framework QtCore in directory /opt/local/Library/Frameworks
:info:build config.status: creating Makefile
:info:build config.status: creating pkgconfig/atomic_ops.pc
:info:build config.status: creating pkgconfig/atomic_ops-uninstalled.pc
:info:build WARNING: Failure to find: omc_communication.cc
:info:build WARNING: Failure to find: omc_communication.h
:info:build config.status: creating doc/Makefile
:info:build config.status: creating src/Makefile
:info:build config.status: creating src/atomic_ops/Makefile
:info:build config.status: creating src/atomic_ops/sysdeps/Makefile
:info:build config.status: creating tests/Makefile
:info:build config.status: creating src/config.h
:info:build config.status: executing depfiles commands
:info:build /opt/local/bin/omniidl -bcxx -Wbh=.h -Wbs=.cc ../..//Compiler/runtime//omc_communication.idl
:info:build config.status: executing default commands
:info:build /usr/bin/make -C OMPlot/OMPlotGUI -f Makefile.unix
:info:build make[1]: Entering directory `/opt/local/var/macports/build/_opt_local_var_macports_sources_build.openmodelica.org_macports_lang_openmodelica-devel/openmodelica-devel/work/openmodelica_18002/OMPlot/OMPlotGUI'
:info:build sh /opt/local/var/macports/build/_opt_local_var_macports_sources_build.openmodelica.org_macports_lang_openmodelica-devel/openmodelica-devel/work/openmodelica_18002/qmake.sh
:info:build Project MESSAGE: qtAddLibrary: found framework QtSvg in directory /opt/local/Library/Frameworks
:info:build Project MESSAGE: qtAddLibrary: found framework QtGui in directory /opt/local/Library/Frameworks
:info:build Project MESSAGE: qtAddLibrary: found framework QtCore in directory /opt/local/Library/Frameworks
:info:build sh /opt/local/var/macports/build/_opt_local_var_macports_sources_build.openmodelica.org_macports_lang_openmodelica-devel/openmodelica-devel/work/openmodelica_18002/qmake.sh OMPlotLib.pro -o Makefile.lib
:info:build Project MESSAGE: qtAddLibrary: found framework QtGui in directory /opt/local/Library/Frameworks
:info:build Project MESSAGE: qtAddLibrary: found framework QtCore in directory /opt/local/Library/Frameworks
:info:build /usr/bin/make -f Makefile.lib
:info:build make[2]: Entering directory `/opt/local/var/macports/build/_opt_local_var_macports_sources_build.openmodelica.org_macports_lang_openmodelica-devel/openmodelica-devel/work/openmodelica_18002/OMPlot/OMPlotGUI'
:info:build /usr/bin/clang++ -c -pipe -O2  -Xarch_x86_64 -mmacosx-version-min=10.8 -w -fPIC -DQT_NO_DEBUG -DQT_GUI_LIB -DQT_CORE_LIB -DQT_SHARED -I/opt/local/share/qt4/mkspecs/macx-g++ -I. -I../generatedfiles/moc -I/opt/local/Library/Frameworks/QtCore.framework/Versions/4/Headers -I/opt/local/Library/Frameworks/QtGui.framework/Versions/4/Headers -I/opt/local/include/qwt -I. -I/opt/local/Library/Frameworks/QtGui.framework/Versions/4/Headers -I/opt/local/Library/Frameworks/QtCore.framework/Versions/4/Headers -I/opt/local/include -o main.o main.cpp
:info:build /usr/bin/make -f Makefile
:info:build make[2]: Entering directory `/opt/local/var/macports/build/_opt_local_var_macports_sources_build.openmodelica.org_macports_lang_openmodelica-devel/openmodelica-devel/work/openmodelica_18002/OMShell/OMShellGUI'
:info:build /opt/local/bin/lrelease OMShell_de.ts
:info:build -- Generating done
:info:build -- Build files have been written to: /opt/local/var/macports/build/_opt_local_var_macports_sources_build.openmodelica.org_macports_lang_openmodelica-devel/openmodelica-devel/work/openmodelica_18002/3rdParty/FMIL/build
:info:build test -f 3rdParty/FMIL/build/libfmilib.a || /usr/bin/make -C 3rdParty/FMIL/build
:info:build make[3]: Entering directory `/opt/local/var/macports/build/_opt_local_var_macports_sources_build.openmodelica.org_macports_lang_openmodelica-devel/openmodelica-devel/work/openmodelica_18002/3rdParty/FMIL/build'
:info:build Updating 'OMShell_de.qm'...
:info:build     Generated 34 translation(s) (34 finished and 0 unfinished)
:info:build /opt/local/bin/lrelease OMShell_sv.ts
:info:build Updating 'OMShell_sv.qm'...
:info:build     Generated 34 translation(s) (34 finished and 0 unfinished)
:info:build /usr/bin/clang++ -c -pipe -O2  -Xarch_x86_64 -mmacosx-version-min=10.8 -w -DQT_NO_DEBUG -DQT_XML_LIB -DQT_GUI_LIB -DQT_CORE_LIB -DQT_SHARED -I/opt/local/share/qt4/mkspecs/macx-g++ -I. -I../generatedfiles/moc -I/opt/local/Library/Frameworks/QtCore.framework/Versions/4/Headers -I/opt/local/Library/Frameworks/QtGui.framework/Versions/4/Headers -I/opt/local/Library/Frameworks/QtXml.framework/Versions/4/Headers -I/opt/local/Library/Frameworks/QtXml.framework/Versions/4/Headers -I/opt/local/Library/Frameworks/QtGui.framework/Versions/4/Headers -I/opt/local/Library/Frameworks/QtCore.framework/Versions/4/Headers -I/opt/local/include -F/opt/local/Library/Frameworks -F/opt/local/lib -o commandcompletion.o commandcompletion.cpp
:info:build make[4]: Entering directory `/opt/local/var/macports/build/_opt_local_var_macports_sources_build.openmodelica.org_macports_lang_openmodelica-devel/openmodelica-devel/work/openmodelica_18002/3rdParty/FMIL/build'
:info:build make[5]: Entering directory `/opt/local/var/macports/build/_opt_local_var_macports_sources_build.openmodelica.org_macports_lang_openmodelica-devel/openmodelica-devel/work/openmodelica_18002/3rdParty/FMIL/build'
:info:build Scanning dependencies of target expatex
:info:build make[5]: Leaving directory `/opt/local/var/macports/build/_opt_local_var_macports_sources_build.openmodelica.org_macports_lang_openmodelica-devel/openmodelica-devel/work/openmodelica_18002/3rdParty/FMIL/build'
:info:build make[5]: Entering directory `/opt/local/var/macports/build/_opt_local_var_macports_sources_build.openmodelica.org_macports_lang_openmodelica-devel/openmodelica-devel/work/openmodelica_18002/3rdParty/FMIL/build'
:info:build [  1%] Creating directories for 'expatex'
:info:build [  2%] No download step for 'expatex'
:info:build [  3%] No patch step for 'expatex'
:info:build [  4%] No update step for 'expatex'
:info:build patch -d build/lib/omlibrary -p3 < "libraries/Modelica 2.2.2.patch"
:info:build [  6%] Performing configure step for 'expatex'
:info:build missing header for unified diff at line 4 of patch
:info:build patching file 'Modelica 2.2.2/Constants.mo'
:info:build find "build/lib/omlibrary/Modelica 2.2.2" -name "*.orig" -exec rm -f "{}" ";"
:info:build loading initial cache file /opt/local/var/macports/build/_opt_local_var_macports_sources_build.openmodelica.org_macports_lang_openmodelica-devel/openmodelica-devel/work/openmodelica_18002/3rdParty/FMIL/build/ExpatEx/tmp/expatex-cache.cmake
:info:build (cd "libraries/Modelica 3.1/ModelicaServices" && find . -type d -not -path "*svn*" -exec install -m755 -d "../../../build/lib/omlibrary/ModelicaServices 1.0/{}" \;)
:info:build (cd "libraries/Modelica 3.1/ModelicaServices" && find . -type f -not -path "*svn*" -exec install -m644 {} "../../../build/lib/omlibrary/ModelicaServices 1.0/{}" \;)
:info:build patch -d build/lib/omlibrary -p3 < "libraries/ModelicaServices 1.0.patch"
:info:build missing header for unified diff at line 2 of patch
:info:build patching file 'ModelicaServices 1.0/package.mo'
:info:build find "build/lib/omlibrary/ModelicaServices 1.0" -name "*.orig" -exec rm -f "{}" ";"
:info:build install -m755 -d "build/lib/omlibrary/ModelicaServices 3.2.1 modelica3d/"
:info:build install -m755 -d "build/lib/omlibrary/ModelicaServices 3.2.1 modelica3d/modbus"
:info:build install -m755 -d "build/lib/omlibrary/ModelicaServices 3.2.1 modelica3d/modcount"
:info:build install -m755 -d "build/lib/omlibrary/ModelicaServices 3.2.1 modelica3d/Modelica3D"
:info:build install -p -m644 "3rdParty/modelica3d/lib/modbus/src/modelica/modbus/package.mo" "build/lib/omlibrary/ModelicaServices 3.2.1 modelica3d/modbus/package.mo"
:info:build install -p -m644 "3rdParty/modelica3d/lib/mod3d/src/modelica/Modelica3D 3.2.1/package.mo" "build/lib/omlibrary/ModelicaServices 3.2.1 modelica3d/Modelica3D/package.mo"
:info:build install -p -m644 "3rdParty/modelica3d/lib/modcount/src/modelica/modcount/package.mo" "build/lib/omlibrary/ModelicaServices 3.2.1 modelica3d/modcount/package.mo"
:info:build install -p -m644 "build/lib/omlibrary/ModelicaServices 3.2.1/package.mo" "build/lib/omlibrary/ModelicaServices 3.2.1 modelica3d/package.mo"
:info:build patch "build/lib/omlibrary/ModelicaServices 3.2.1 modelica3d/package.mo" -p3 < "libraries/ModelicaServices 3.2.1 modelica3d.patch"
:info:build patching file 'build/lib/omlibrary/ModelicaServices 3.2.1 modelica3d/package.mo'
:info:build Hunk #3 succeeded at 752 (offset 1 line).
:info:build find "build/lib/omlibrary/ModelicaServices 3.2.1 modelica3d" -name "*.orig" -exec rm -f "{}" ";"
:info:build make[1]: Leaving directory `/opt/local/var/macports/build/_opt_local_var_macports_sources_build.openmodelica.org_macports_lang_openmodelica-devel/openmodelica-devel/work/openmodelica_18002'
:info:build touch build/lib/omlibrary/stamp
:info:build /usr/bin/clang -c -pipe -O2  -Xarch_x86_64 -mmacosx-version-min=10.8 -w -fPIC -DQT_NO_DEBUG -DQT_GUI_LIB -DQT_CORE_LIB -DQT_SHARED -I/opt/local/share/qt4/mkspecs/macx-g++ -I. -I../generatedfiles/moc -I/opt/local/Library/Frameworks/QtCore.framework/Versions/4/Headers -I/opt/local/Library/Frameworks/QtGui.framework/Versions/4/Headers -I/opt/local/include/qwt -I. -I/opt/local/Library/Frameworks/QtGui.framework/Versions/4/Headers -I/opt/local/Library/Frameworks/QtCore.framework/Versions/4/Headers -I/opt/local/include -o read_matlab4.o ../../SimulationRuntime/c/util/read_matlab4.c
:info:build -- The C compiler identification is Clang 5.0.0
:info:build -- The CXX compiler identification is Clang 5.0.0
:info:build /usr/bin/clang++ -c -pipe -O2  -Xarch_x86_64 -mmacosx-version-min=10.8 -w -DQT_NO_DEBUG -DQT_XML_LIB -DQT_GUI_LIB -DQT_CORE_LIB -DQT_SHARED -I/opt/local/share/qt4/mkspecs/macx-g++ -I. -I../generatedfiles/moc -I/opt/local/Library/Frameworks/QtCore.framework/Versions/4/Headers -I/opt/local/Library/Frameworks/QtGui.framework/Versions/4/Headers -I/opt/local/Library/Frameworks/QtXml.framework/Versions/4/Headers -I/opt/local/Library/Frameworks/QtXml.framework/Versions/4/Headers -I/opt/local/Library/Frameworks/QtGui.framework/Versions/4/Headers -I/opt/local/Library/Frameworks/QtCore.framework/Versions/4/Headers -I/opt/local/include -F/opt/local/Library/Frameworks -F/opt/local/lib -o omc_communication.o omc_communication.cc
:info:build -- Check for working C compiler: /usr/bin/cc
:info:build -- Check for working C compiler: /usr/bin/cc -- works
:info:build -- Detecting C compiler ABI info
:info:build /usr/bin/clang++ -c -pipe -O2  -Xarch_x86_64 -mmacosx-version-min=10.8 -w -fPIC -DQT_NO_DEBUG -DQT_GUI_LIB -DQT_CORE_LIB -DQT_SHARED -I/opt/local/share/qt4/mkspecs/macx-g++ -I. -I../generatedfiles/moc -I/opt/local/Library/Frameworks/QtCore.framework/Versions/4/Headers -I/opt/local/Library/Frameworks/QtGui.framework/Versions/4/Headers -I/opt/local/include/qwt -I. -I/opt/local/Library/Frameworks/QtGui.framework/Versions/4/Headers -I/opt/local/Library/Frameworks/QtCore.framework/Versions/4/Headers -I/opt/local/include -o Plot.o Plot.cpp
:info:build /usr/bin/clang++ -c -pipe -O2  -Xarch_x86_64 -mmacosx-version-min=10.8 -w -DQT_NO_DEBUG -DQT_XML_LIB -DQT_GUI_LIB -DQT_CORE_LIB -DQT_SHARED -I/opt/local/share/qt4/mkspecs/macx-g++ -I. -I../generatedfiles/moc -I/opt/local/Library/Frameworks/QtCore.framework/Versions/4/Headers -I/opt/local/Library/Frameworks/QtGui.framework/Versions/4/Headers -I/opt/local/Library/Frameworks/QtXml.framework/Versions/4/Headers -I/opt/local/Library/Frameworks/QtXml.framework/Versions/4/Headers -I/opt/local/Library/Frameworks/QtGui.framework/Versions/4/Headers -I/opt/local/Library/Frameworks/QtCore.framework/Versions/4/Headers -I/opt/local/include -F/opt/local/Library/Frameworks -F/opt/local/lib -o omc_communicator.o omc_communicator.cpp
:info:build -- Detecting C compiler ABI info - done
:info:build -- Check for working CXX compiler: /usr/bin/c++
:info:build -- Check for working CXX compiler: /usr/bin/c++ -- works
:info:build -- Detecting CXX compiler ABI info
:info:build -- Detecting CXX compiler ABI info - done
:info:build -- Looking for dlfcn.h
:info:build /usr/bin/clang++ -c -pipe -O2  -Xarch_x86_64 -mmacosx-version-min=10.8 -w -DQT_NO_DEBUG -DQT_XML_LIB -DQT_GUI_LIB -DQT_CORE_LIB -DQT_SHARED -I/opt/local/share/qt4/mkspecs/macx-g++ -I. -I../generatedfiles/moc -I/opt/local/Library/Frameworks/QtCore.framework/Versions/4/Headers -I/opt/local/Library/Frameworks/QtGui.framework/Versions/4/Headers -I/opt/local/Library/Frameworks/QtXml.framework/Versions/4/Headers -I/opt/local/Library/Frameworks/QtXml.framework/Versions/4/Headers -I/opt/local/Library/Frameworks/QtGui.framework/Versions/4/Headers -I/opt/local/Library/Frameworks/QtCore.framework/Versions/4/Headers -I/opt/local/include -F/opt/local/Library/Frameworks -F/opt/local/lib -o omcinteractiveenvironment.o omcinteractiveenvironment.cpp
:info:build -- Looking for dlfcn.h - found
:info:build -- Looking for fcntl.h
:info:build -- Looking for fcntl.h - found
:info:build -- Looking for inttypes.h
:info:build -- Looking for inttypes.h - found
:info:build -- Looking for memory.h
:info:build -- Looking for memory.h - found
:info:build -- Looking for stdint.h
:info:build -- Looking for stdint.h - found
:info:build -- Looking for stdlib.h
:info:build /usr/bin/clang++ -c -pipe -O2  -Xarch_x86_64 -mmacosx-version-min=10.8 -w -DQT_NO_DEBUG -DQT_XML_LIB -DQT_GUI_LIB -DQT_CORE_LIB -DQT_SHARED -I/opt/local/share/qt4/mkspecs/macx-g++ -I. -I../generatedfiles/moc -I/opt/local/Library/Frameworks/QtCore.framework/Versions/4/Headers -I/opt/local/Library/Frameworks/QtGui.framework/Versions/4/Headers -I/opt/local/Library/Frameworks/QtXml.framework/Versions/4/Headers -I/opt/local/Library/Frameworks/QtXml.framework/Versions/4/Headers -I/opt/local/Library/Frameworks/QtGui.framework/Versions/4/Headers -I/opt/local/Library/Frameworks/QtCore.framework/Versions/4/Headers -I/opt/local/include -F/opt/local/Library/Frameworks -F/opt/local/lib -o oms.o oms.cpp
:info:build -- Looking for stdlib.h - found
:info:build -- Looking for strings.h
:info:build -- Looking for strings.h - found
:info:build -- Looking for string.h
:info:build -- Looking for string.h - found
:info:build -- Looking for sys/stat.h
:info:build -- Looking for sys/stat.h - found
:info:build -- Looking for sys/types.h
:info:build -- Looking for sys/types.h - found
:info:build -- Looking for unistd.h
:info:build -- Looking for unistd.h - found
:info:build -- Looking for getpagesize
:info:build Building Lis from sources
:info:build /usr/bin/make -C 3rdParty/lis-1.4.12
:info:build make[1]: Entering directory `/opt/local/var/macports/build/_opt_local_var_macports_sources_build.openmodelica.org_macports_lang_openmodelica-devel/openmodelica-devel/work/openmodelica_18002/3rdParty/lis-1.4.12'
:info:build Making all in src
:info:build make[2]: Entering directory `/opt/local/var/macports/build/_opt_local_var_macports_sources_build.openmodelica.org_macports_lang_openmodelica-devel/openmodelica-devel/work/openmodelica_18002/3rdParty/lis-1.4.12/src'
:info:build Making all in matrix
:info:build -- Looking for getpagesize - found
:info:build -- Looking for bcopy
:info:build make[3]: Entering directory `/opt/local/var/macports/build/_opt_local_var_macports_sources_build.openmodelica.org_macports_lang_openmodelica-devel/openmodelica-devel/work/openmodelica_18002/3rdParty/lis-1.4.12/src/matrix'
:info:build /bin/sh ../../libtool --mode=compile --tag=CC /usr/bin/clang  -DHAVE_CONFIG_H -I. -I../../include   -I/opt/local/include -I../../include  -O3 -fomit-frame-pointer -pipe -Os -arch x86_64 -c -o lis_matrix.lo lis_matrix.c
:info:build /usr/bin/clang++ -c -pipe -O2  -Xarch_x86_64 -mmacosx-version-min=10.8 -w -fPIC -DQT_NO_DEBUG -DQT_GUI_LIB -DQT_CORE_LIB -DQT_SHARED -I/opt/local/share/qt4/mkspecs/macx-g++ -I. -I../generatedfiles/moc -I/opt/local/Library/Frameworks/QtCore.framework/Versions/4/Headers -I/opt/local/Library/Frameworks/QtGui.framework/Versions/4/Headers -I/opt/local/include/qwt -I. -I/opt/local/Library/Frameworks/QtGui.framework/Versions/4/Headers -I/opt/local/Library/Frameworks/QtCore.framework/Versions/4/Headers -I/opt/local/include -o PlotZoomer.o PlotZoomer.cpp
:info:build libtool: compile:  /usr/bin/clang -DHAVE_CONFIG_H -I. -I../../include -I/opt/local/include -I../../include -O3 -fomit-frame-pointer -pipe -Os -arch x86_64 -c lis_matrix.c  -fno-common -DPIC -o .libs/lis_matrix.o
:info:build -- Looking for bcopy - found
:info:build -- Looking for memmove
:info:build -- Looking for memmove - found
:info:build -- Looking for mmap
:info:build /bin/sh ../../libtool --mode=compile --tag=CC /usr/bin/clang  -DHAVE_CONFIG_H -I. -I../../include   -I/opt/local/include -I../../include  -O3 -fomit-frame-pointer -pipe -Os -arch x86_64 -c -o lis_matrix_bsc.lo lis_matrix_bsc.c
:info:build libtool: compile:  /usr/bin/clang -DHAVE_CONFIG_H -I. -I../../include -I/opt/local/include -I../../include -O3 -fomit-frame-pointer -pipe -Os -arch x86_64 -c lis_matrix_bsc.c  -fno-common -DPIC -o .libs/lis_matrix_bsc.o
:info:build -- Looking for mmap - found
:info:build -- Looking for 4 include files stdlib.h, ..., float.h
:info:build /usr/bin/clang++ -c -pipe -O2  -Xarch_x86_64 -mmacosx-version-min=10.8 -w -DQT_NO_DEBUG -DQT_XML_LIB -DQT_GUI_LIB -DQT_CORE_LIB -DQT_SHARED -I/opt/local/share/qt4/mkspecs/macx-g++ -I. -I../generatedfiles/moc -I/opt/local/Library/Frameworks/QtCore.framework/Versions/4/Headers -I/opt/local/Library/Frameworks/QtGui.framework/Versions/4/Headers -I/opt/local/Library/Frameworks/QtXml.framework/Versions/4/Headers -I/opt/local/Library/Frameworks/QtXml.framework/Versions/4/Headers -I/opt/local/Library/Frameworks/QtGui.framework/Versions/4/Headers -I/opt/local/Library/Frameworks/QtCore.framework/Versions/4/Headers -I/opt/local/include -F/opt/local/Library/Frameworks -F/opt/local/lib -o main.o main.cpp
:info:build -- Looking for 4 include files stdlib.h, ..., float.h - found
:info:build -- Check if the system is big endian
:info:build -- Searching 16 bit integer
:info:build -- Looking for stddef.h
:info:build -- Looking for stddef.h - found
:info:build -- Check size of unsigned short
:info:build -- Check size of unsigned short - done
:info:build -- Using unsigned short
:info:build /bin/sh ../../libtool --mode=compile --tag=CC /usr/bin/clang  -DHAVE_CONFIG_H -I. -I../../include   -I/opt/local/include -I../../include  -O3 -fomit-frame-pointer -pipe -Os -arch x86_64 -c -o lis_matrix_bsr.lo lis_matrix_bsr.c
:info:build libtool: compile:  /usr/bin/clang -DHAVE_CONFIG_H -I. -I../../include -I/opt/local/include -I../../include -O3 -fomit-frame-pointer -pipe -Os -arch x86_64 -c lis_matrix_bsr.c  -fno-common -DPIC -o .libs/lis_matrix_bsr.o
:info:build -- Check if the system is big endian - little endian
:info:build -- Looking for off_t
:info:build -- Looking for off_t - not found
:info:build -- Looking for size_t
:info:build -- Looking for size_t - not found
:info:build -- Configuring done
:info:build -- Generating done
:info:build -- Build files have been written to: /opt/local/var/macports/build/_opt_local_var_macports_sources_build.openmodelica.org_macports_lang_openmodelica-devel/openmodelica-devel/work/openmodelica_18002/3rdParty/FMIL/build/ExpatEx
:info:build [  7%] Performing dependent_reconfigure step for 'expatex'
:info:build Running:  /opt/local/bin/cmake -G  Unix Makefiles"  -DBUILD_tools:BOOLEAN=OFF -DBUILD_examples:BOOLEAN=OFF -DBUILD_tests:BOOLEAN=OFF -DBUILD_shared:BOOLEAN=OFF -DXML_DTD:BOOLEAN=OFF -DXML_NS:BOOLEAN=OFF -DCMAKE_BUILD_TYPE:STRING=Release -DCMAKE_C_FLAGS:STRING=-pipe -Os -arch x86_64 -g  -DXML_STATIC -DFMI_XML_QUERY -DCMAKE_C_FLAGS_DEBUG:STRING=-g -DCMAKE_C_FLAGS_RELEASE:STRING=-O3 -DNDEBUG -DCMAKE_C_FLAGS_MINSIZEREL:STRING=-Os -DNDEBUG -DCMAKE_C_FLAGS_RELWITHDEBINFO:STRING=-O2 -g -DNDEBUG -DCMAKE_EXE_LINKER_FLAGS:STRING=  -DCMAKE_LINK_LIBRARY_FLAG:STRING=-l -DCMAKE_MODULE_LINKER_FLAGS:STRING=  -DCMAKE_SHARED_LINKER_FLAGS:STRING=  -DCMAKE_INSTALL_PREFIX:PATH=/opt/local/var/macports/build/_opt_local_var_macports_sources_build.openmodelica.org_macports_lang_openmodelica-devel/openmodelica-devel/work/openmodelica_18002/3rdParty/FMIL/build/ExpatEx/install /opt/local/var/macports/build/_opt_local_var_macports_sources_build.openmodelica.org_macports_lang_openmodelica-devel/openmodelica-devel/work/openmodelica_18002/3rdParty/FMIL/ThirdParty/Expat/expat-2.1.0"
:info:build -- Configuring done
:info:build -- Generating done
:info:build -- Build files have been written to: /opt/local/var/macports/build/_opt_local_var_macports_sources_build.openmodelica.org_macports_lang_openmodelica-devel/openmodelica-devel/work/openmodelica_18002/3rdParty/FMIL/build/ExpatEx
:info:build [  8%] Performing build step for 'expatex'
:info:build make[6]: Entering directory `/opt/local/var/macports/build/_opt_local_var_macports_sources_build.openmodelica.org_macports_lang_openmodelica-devel/openmodelica-devel/work/openmodelica_18002/3rdParty/FMIL/build/ExpatEx'
:info:build make[7]: Entering directory `/opt/local/var/macports/build/_opt_local_var_macports_sources_build.openmodelica.org_macports_lang_openmodelica-devel/openmodelica-devel/work/openmodelica_18002/3rdParty/FMIL/build/ExpatEx'
:info:build make[8]: Entering directory `/opt/local/var/macports/build/_opt_local_var_macports_sources_build.openmodelica.org_macports_lang_openmodelica-devel/openmodelica-devel/work/openmodelica_18002/3rdParty/FMIL/build/ExpatEx'
:info:build Scanning dependencies of target expat
:info:build make[8]: Leaving directory `/opt/local/var/macports/build/_opt_local_var_macports_sources_build.openmodelica.org_macports_lang_openmodelica-devel/openmodelica-devel/work/openmodelica_18002/3rdParty/FMIL/build/ExpatEx'
:info:build make[8]: Entering directory `/opt/local/var/macports/build/_opt_local_var_macports_sources_build.openmodelica.org_macports_lang_openmodelica-devel/openmodelica-devel/work/openmodelica_18002/3rdParty/FMIL/build/ExpatEx'
:info:build [ 20%] /usr/bin/clang++ -c -pipe -O2  -Xarch_x86_64 -mmacosx-version-min=10.8 -w -fPIC -DQT_NO_DEBUG -DQT_GUI_LIB -DQT_CORE_LIB -DQT_SHARED -I/opt/local/share/qt4/mkspecs/macx-g++ -I. -I../generatedfiles/moc -I/opt/local/Library/Frameworks/QtCore.framework/Versions/4/Headers -I/opt/local/Library/Frameworks/QtGui.framework/Versions/4/Headers -I/opt/local/include/qwt -I. -I/opt/local/Library/Frameworks/QtGui.framework/Versions/4/Headers -I/opt/local/Library/Frameworks/QtCore.framework/Versions/4/Headers -I/opt/local/include -o Legend.o Legend.cpp
:info:build Building C object CMakeFiles/expat.dir/lib/xmlparse.c.o
:info:build /bin/sh ../../libtool --mode=compile --tag=CC /usr/bin/clang  -DHAVE_CONFIG_H -I. -I../../include   -I/opt/local/include -I../../include  -O3 -fomit-frame-pointer -pipe -Os -arch x86_64 -c -o lis_matrix_csc.lo lis_matrix_csc.c
:info:build libtool: compile:  /usr/bin/clang -DHAVE_CONFIG_H -I. -I../../include -I/opt/local/include -I../../include -O3 -fomit-frame-pointer -pipe -Os -arch x86_64 -c lis_matrix_csc.c  -fno-common -DPIC -o .libs/lis_matrix_csc.o
:info:build /opt/local/bin/moc -DQT_NO_DEBUG -DQT_XML_LIB -DQT_GUI_LIB -DQT_CORE_LIB -DQT_SHARED -I/opt/local/share/qt4/mkspecs/macx-g++ -I. -I../generatedfiles/moc -I/opt/local/Library/Frameworks/QtCore.framework/Versions/4/Headers -I/opt/local/Library/Frameworks/QtGui.framework/Versions/4/Headers -I/opt/local/Library/Frameworks/QtXml.framework/Versions/4/Headers -I/opt/local/Library/Frameworks/QtXml.framework/Versions/4/Headers -I/opt/local/Library/Frameworks/QtGui.framework/Versions/4/Headers -I/opt/local/Library/Frameworks/QtCore.framework/Versions/4/Headers -I/opt/local/include -F/opt/local/Library/Frameworks -F/opt/local/lib -D__APPLE__ -D__GNUC__ commandcompletion.h -o ../generatedfiles/moc/moc_commandcompletion.cpp
:info:build /bin/sh ../../libtool --mode=compile --tag=CC /usr/bin/clang  -DHAVE_CONFIG_H -I. -I../../include   -I/opt/local/include -I../../include  -O3 -fomit-frame-pointer -pipe -Os -arch x86_64 -c -o lis_matrix_coo.lo lis_matrix_coo.c
:info:build libtool: compile:  /usr/bin/clang -DHAVE_CONFIG_H -I. -I../../include -I/opt/local/include -I../../include -O3 -fomit-frame-pointer -pipe -Os -arch x86_64 -c lis_matrix_coo.c  -fno-common -DPIC -o .libs/lis_matrix_coo.o
:info:build /opt/local/bin/moc -DQT_NO_DEBUG -DQT_XML_LIB -DQT_GUI_LIB -DQT_CORE_LIB -DQT_SHARED -I/opt/local/share/qt4/mkspecs/macx-g++ -I. -I../generatedfiles/moc -I/opt/local/Library/Frameworks/QtCore.framework/Versions/4/Headers -I/opt/local/Library/Frameworks/QtGui.framework/Versions/4/Headers -I/opt/local/Library/Frameworks/QtXml.framework/Versions/4/Headers -I/opt/local/Library/Frameworks/QtXml.framework/Versions/4/Headers -I/opt/local/Library/Frameworks/QtGui.framework/Versions/4/Headers -I/opt/local/Library/Frameworks/QtCore.framework/Versions/4/Headers -I/opt/local/include -F/opt/local/Library/Frameworks -F/opt/local/lib -D__APPLE__ -D__GNUC__ omc_communicator.h -o ../generatedfiles/moc/moc_omc_communicator.cpp
:info:build /opt/local/bin/moc -DQT_NO_DEBUG -DQT_XML_LIB -DQT_GUI_LIB -DQT_CORE_LIB -DQT_SHARED -I/opt/local/share/qt4/mkspecs/macx-g++ -I. -I../generatedfiles/moc -I/opt/local/Library/Frameworks/QtCore.framework/Versions/4/Headers -I/opt/local/Library/Frameworks/QtGui.framework/Versions/4/Headers -I/opt/local/Library/Frameworks/QtXml.framework/Versions/4/Headers -I/opt/local/Library/Frameworks/QtXml.framework/Versions/4/Headers -I/opt/local/Library/Frameworks/QtGui.framework/Versions/4/Headers -I/opt/local/Library/Frameworks/QtCore.framework/Versions/4/Headers -I/opt/local/include -F/opt/local/Library/Frameworks -F/opt/local/lib -D__APPLE__ -D__GNUC__ oms.h -o ../generatedfiles/moc/moc_oms.cpp
:info:build /bin/sh ../../libtool --mode=compile --tag=CC /usr/bin/clang  -DHAVE_CONFIG_H -I. -I../../include   -I/opt/local/include -I../../include  -O3 -fomit-frame-pointer -pipe -Os -arch x86_64 -c -o lis_matrix_csr.lo lis_matrix_csr.c
:info:build /opt/local/bin/rcc -name oms oms.qrc -o ../generatedfiles/rcc/qrc_oms.cpp
:info:build libtool: compile:  /usr/bin/clang -DHAVE_CONFIG_H -I. -I../../include -I/opt/local/include -I../../include -O3 -fomit-frame-pointer -pipe -Os -arch x86_64 -c lis_matrix_csr.c  -fno-common -DPIC -o .libs/lis_matrix_csr.o
:info:build /usr/bin/clang++ -c -pipe -O2  -Xarch_x86_64 -mmacosx-version-min=10.8 -w -DQT_NO_DEBUG -DQT_XML_LIB -DQT_GUI_LIB -DQT_CORE_LIB -DQT_SHARED -I/opt/local/share/qt4/mkspecs/macx-g++ -I. -I../generatedfiles/moc -I/opt/local/Library/Frameworks/QtCore.framework/Versions/4/Headers -I/opt/local/Library/Frameworks/QtGui.framework/Versions/4/Headers -I/opt/local/Library/Frameworks/QtXml.framework/Versions/4/Headers -I/opt/local/Library/Frameworks/QtXml.framework/Versions/4/Headers -I/opt/local/Library/Frameworks/QtGui.framework/Versions/4/Headers -I/opt/local/Library/Frameworks/QtCore.framework/Versions/4/Headers -I/opt/local/include -F/opt/local/Library/Frameworks -F/opt/local/lib -o moc_commandcompletion.o ../generatedfiles/moc/moc_commandcompletion.cpp
:info:build /bin/sh ../../libtool --mode=compile --tag=CC /usr/bin/clang  -DHAVE_CONFIG_H -I. -I../../include   -I/opt/local/include -I../../include  -O3 -fomit-frame-pointer -pipe -Os -arch x86_64 -c -o lis_matrix_dia.lo lis_matrix_dia.c
:info:build libtool: compile:  /usr/bin/clang -DHAVE_CONFIG_H -I. -I../../include -I/opt/local/include -I../../include -O3 -fomit-frame-pointer -pipe -Os -arch x86_64 -c lis_matrix_dia.c  -fno-common -DPIC -o .libs/lis_matrix_dia.o
:info:build /bin/sh ../../libtool --mode=compile --tag=CC /usr/bin/clang  -DHAVE_CONFIG_H -I. -I../../include   -I/opt/local/include -I../../include  -O3 -fomit-frame-pointer -pipe -Os -arch x86_64 -c -o lis_matrix_diag.lo lis_matrix_diag.c
:info:build libtool: compile:  /usr/bin/clang -DHAVE_CONFIG_H -I. -I../../include -I/opt/local/include -I../../include -O3 -fomit-frame-pointer -pipe -Os -arch x86_64 -c lis_matrix_diag.c  -fno-common -DPIC -o .libs/lis_matrix_diag.o
:info:build /bin/sh ../../libtool --mode=compile --tag=CC /usr/bin/clang  -DHAVE_CONFIG_H -I. -I../../include   -I/opt/local/include -I../../include  -O3 -fomit-frame-pointer -pipe -Os -arch x86_64 -c -o lis_matrix_dns.lo lis_matrix_dns.c
:info:build libtool: compile:  /usr/bin/clang -DHAVE_CONFIG_H -I. -I../../include -I/opt/local/include -I../../include -O3 -fomit-frame-pointer -pipe -Os -arch x86_64 -c lis_matrix_dns.c  -fno-common -DPIC -o .libs/lis_matrix_dns.o
:info:build [ 40%] Building C object CMakeFiles/expat.dir/lib/xmlrole.c.o
:info:build /usr/bin/clang++ -c -pipe -O2  -Xarch_x86_64 -mmacosx-version-min=10.8 -w -DQT_NO_DEBUG -DQT_XML_LIB -DQT_GUI_LIB -DQT_CORE_LIB -DQT_SHARED -I/opt/local/share/qt4/mkspecs/macx-g++ -I. -I../generatedfiles/moc -I/opt/local/Library/Frameworks/QtCore.framework/Versions/4/Headers -I/opt/local/Library/Frameworks/QtGui.framework/Versions/4/Headers -I/opt/local/Library/Frameworks/QtXml.framework/Versions/4/Headers -I/opt/local/Library/Frameworks/QtXml.framework/Versions/4/Headers -I/opt/local/Library/Frameworks/QtGui.framework/Versions/4/Headers -I/opt/local/Library/Frameworks/QtCore.framework/Versions/4/Headers -I/opt/local/include -F/opt/local/Library/Frameworks -F/opt/local/lib -o moc_omc_communicator.o ../generatedfiles/moc/moc_omc_communicator.cpp
:info:build [ 60%] Building C object CMakeFiles/expat.dir/lib/xmltok.c.o
:info:build /bin/sh ../../libtool --mode=compile --tag=CC /usr/bin/clang  -DHAVE_CONFIG_H -I. -I../../include   -I/opt/local/include -I../../include  -O3 -fomit-frame-pointer -pipe -Os -arch x86_64 -c -o lis_matrix_ell.lo lis_matrix_ell.c
:info:build libtool: compile:  /usr/bin/clang -DHAVE_CONFIG_H -I. -I../../include -I/opt/local/include -I../../include -O3 -fomit-frame-pointer -pipe -Os -arch x86_64 -c lis_matrix_ell.c  -fno-common -DPIC -o .libs/lis_matrix_ell.o
:info:build /usr/bin/clang++ -c -pipe -O2  -Xarch_x86_64 -mmacosx-version-min=10.8 -w -fPIC -DQT_NO_DEBUG -DQT_GUI_LIB -DQT_CORE_LIB -DQT_SHARED -I/opt/local/share/qt4/mkspecs/macx-g++ -I. -I../generatedfiles/moc -I/opt/local/Library/Frameworks/QtCore.framework/Versions/4/Headers -I/opt/local/Library/Frameworks/QtGui.framework/Versions/4/Headers -I/opt/local/include/qwt -I. -I/opt/local/Library/Frameworks/QtGui.framework/Versions/4/Headers -I/opt/local/Library/Frameworks/QtCore.framework/Versions/4/Headers -I/opt/local/include -o PlotPanner.o PlotPanner.cpp
:info:build /bin/sh ../../libtool --mode=compile --tag=CC /usr/bin/clang  -DHAVE_CONFIG_H -I. -I../../include   -I/opt/local/include -I../../include  -O3 -fomit-frame-pointer -pipe -Os -arch x86_64 -c -o lis_matrix_ilu.lo lis_matrix_ilu.c
:info:build libtool: compile:  /usr/bin/clang -DHAVE_CONFIG_H -I. -I../../include -I/opt/local/include -I../../include -O3 -fomit-frame-pointer -pipe -Os -arch x86_64 -c lis_matrix_ilu.c  -fno-common -DPIC -o .libs/lis_matrix_ilu.o
:info:build /bin/sh ../../libtool --mode=compile --tag=CC /usr/bin/clang  -DHAVE_CONFIG_H -I. -I../../include   -I/opt/local/include -I../../include  -O3 -fomit-frame-pointer -pipe -Os -arch x86_64 -c -o lis_matrix_jad.lo lis_matrix_jad.c
:info:build libtool: compile:  /usr/bin/clang -DHAVE_CONFIG_H -I. -I../../include -I/opt/local/include -I../../include -O3 -fomit-frame-pointer -pipe -Os -arch x86_64 -c lis_matrix_jad.c  -fno-common -DPIC -o .libs/lis_matrix_jad.o
:info:build /usr/bin/clang++ -c -pipe -O2  -Xarch_x86_64 -mmacosx-version-min=10.8 -w -DQT_NO_DEBUG -DQT_XML_LIB -DQT_GUI_LIB -DQT_CORE_LIB -DQT_SHARED -I/opt/local/share/qt4/mkspecs/macx-g++ -I. -I../generatedfiles/moc -I/opt/local/Library/Frameworks/QtCore.framework/Versions/4/Headers -I/opt/local/Library/Frameworks/QtGui.framework/Versions/4/Headers -I/opt/local/Library/Frameworks/QtXml.framework/Versions/4/Headers -I/opt/local/Library/Frameworks/QtXml.framework/Versions/4/Headers -I/opt/local/Library/Frameworks/QtGui.framework/Versions/4/Headers -I/opt/local/Library/Frameworks/QtCore.framework/Versions/4/Headers -I/opt/local/include -F/opt/local/Library/Frameworks -F/opt/local/lib -o moc_oms.o ../generatedfiles/moc/moc_oms.cpp
:info:build /bin/sh ../../libtool --mode=compile --tag=CC /usr/bin/clang  -DHAVE_CONFIG_H -I. -I../../include   -I/opt/local/include -I../../include  -O3 -fomit-frame-pointer -pipe -Os -arch x86_64 -c -o lis_matrix_mpi.lo lis_matrix_mpi.c
:info:build libtool: compile:  /usr/bin/clang -DHAVE_CONFIG_H -I. -I../../include -I/opt/local/include -I../../include -O3 -fomit-frame-pointer -pipe -Os -arch x86_64 -c lis_matrix_mpi.c  -fno-common -DPIC -o .libs/lis_matrix_mpi.o
:info:build /bin/sh ../../libtool --mode=compile --tag=CC /usr/bin/clang  -DHAVE_CONFIG_H -I. -I../../include   -I/opt/local/include -I../../include  -O3 -fomit-frame-pointer -pipe -Os -arch x86_64 -c -o lis_matrix_msr.lo lis_matrix_msr.c
:info:build libtool: compile:  /usr/bin/clang -DHAVE_CONFIG_H -I. -I../../include -I/opt/local/include -I../../include -O3 -fomit-frame-pointer -pipe -Os -arch x86_64 -c lis_matrix_msr.c  -fno-common -DPIC -o .libs/lis_matrix_msr.o
:info:build /bin/sh ../../libtool --mode=compile --tag=CC /usr/bin/clang  -DHAVE_CONFIG_H -I. -I../../include   -I/opt/local/include -I../../include  -O3 -fomit-frame-pointer -pipe -Os -arch x86_64 -c -o lis_matrix_ops.lo lis_matrix_ops.c
:info:build libtool: compile:  /usr/bin/clang -DHAVE_CONFIG_H -I. -I../../include -I/opt/local/include -I../../include -O3 -fomit-frame-pointer -pipe -Os -arch x86_64 -c lis_matrix_ops.c  -fno-common -DPIC -o .libs/lis_matrix_ops.o
:info:build [ 80%] Building C object CMakeFiles/expat.dir/lib/xmltok_impl.c.o
:info:build [100%] Building C object CMakeFiles/expat.dir/lib/xmltok_ns.c.o
:info:build Linking C static library libexpat.a
:info:build /usr/bin/ranlib: file: libexpat.a(xmltok_impl.c.o) has no symbols
:info:build /usr/bin/ranlib: file: libexpat.a(xmltok_ns.c.o) has no symbols
:info:build /usr/bin/clang++ -c -pipe -O2  -Xarch_x86_64 -mmacosx-version-min=10.8 -w -DQT_NO_DEBUG -DQT_XML_LIB -DQT_GUI_LIB -DQT_CORE_LIB -DQT_SHARED -I/opt/local/share/qt4/mkspecs/macx-g++ -I. -I../generatedfiles/moc -I/opt/local/Library/Frameworks/QtCore.framework/Versions/4/Headers -I/opt/local/Library/Frameworks/QtGui.framework/Versions/4/Headers -I/opt/local/Library/Frameworks/QtXml.framework/Versions/4/Headers -I/opt/local/Library/Frameworks/QtXml.framework/Versions/4/Headers -I/opt/local/Library/Frameworks/QtGui.framework/Versions/4/Headers -I/opt/local/Library/Frameworks/QtCore.framework/Versions/4/Headers -I/opt/local/include -F/opt/local/Library/Frameworks -F/opt/local/lib -o qrc_oms.o ../generatedfiles/rcc/qrc_oms.cpp
:info:build /usr/bin/ranlib: file: libexpat.a(xmltok_impl.c.o) has no symbols
:info:build /usr/bin/ranlib: file: libexpat.a(xmltok_ns.c.o) has no symbols
:info:build make[8]: Leaving directory `/opt/local/var/macports/build/_opt_local_var_macports_sources_build.openmodelica.org_macports_lang_openmodelica-devel/openmodelica-devel/work/openmodelica_18002/3rdParty/FMIL/build/ExpatEx'
:info:build [100%] Built target expat
:info:build make[7]: Leaving directory `/opt/local/var/macports/build/_opt_local_var_macports_sources_build.openmodelica.org_macports_lang_openmodelica-devel/openmodelica-devel/work/openmodelica_18002/3rdParty/FMIL/build/ExpatEx'
:info:build make[6]: Leaving directory `/opt/local/var/macports/build/_opt_local_var_macports_sources_build.openmodelica.org_macports_lang_openmodelica-devel/openmodelica-devel/work/openmodelica_18002/3rdParty/FMIL/build/ExpatEx'
:info:build /usr/bin/clang++ -headerpad_max_install_names -Wl,-headerpad_max_install_names   -Xarch_x86_64 -mmacosx-version-min=10.8 -o ../bin/OMShell.app/Contents/MacOS/OMShell commandcompletion.o omc_communication.o omc_communicator.o omcinteractiveenvironment.o oms.o main.o moc_commandcompletion.o moc_omc_communicator.o moc_oms.o qrc_oms.o   -F/opt/local/Library/Frameworks -F/opt/local/lib  /opt/local/lib/libomniORB4.a /opt/local/lib/libomnithread.a -lpthread -F/opt/local/Library/Frameworks -F/opt/local/lib -L/opt/local/lib -framework QtXml -framework QtCore -framework QtGui 
:info:build [  9%] Performing install step for 'expatex'
:info:build make[6]: Entering directory `/opt/local/var/macports/build/_opt_local_var_macports_sources_build.openmodelica.org_macports_lang_openmodelica-devel/openmodelica-devel/work/openmodelica_18002/3rdParty/FMIL/build/ExpatEx'
:info:build make[7]: Entering directory `/opt/local/var/macports/build/_opt_local_var_macports_sources_build.openmodelica.org_macports_lang_openmodelica-devel/openmodelica-devel/work/openmodelica_18002/3rdParty/FMIL/build/ExpatEx'
:info:build make[8]: Entering directory `/opt/local/var/macports/build/_opt_local_var_macports_sources_build.openmodelica.org_macports_lang_openmodelica-devel/openmodelica-devel/work/openmodelica_18002/3rdParty/FMIL/build/ExpatEx'
:info:build /bin/sh ../../libtool --mode=compile --tag=CC /usr/bin/clang  -DHAVE_CONFIG_H -I. -I../../include   -I/opt/local/include -I../../include  -O3 -fomit-frame-pointer -pipe -Os -arch x86_64 -c -o lis_matrix_rco.lo lis_matrix_rco.c
:info:build make[8]: Leaving directory `/opt/local/var/macports/build/_opt_local_var_macports_sources_build.openmodelica.org_macports_lang_openmodelica-devel/openmodelica-devel/work/openmodelica_18002/3rdParty/FMIL/build/ExpatEx'
:info:build libtool: compile:  /usr/bin/clang -DHAVE_CONFIG_H -I. -I../../include -I/opt/local/include -I../../include -O3 -fomit-frame-pointer -pipe -Os -arch x86_64 -c lis_matrix_rco.c  -fno-common -DPIC -o .libs/lis_matrix_rco.o
:info:build [100%] Built target expat
:info:build make[7]: Leaving directory `/opt/local/var/macports/build/_opt_local_var_macports_sources_build.openmodelica.org_macports_lang_openmodelica-devel/openmodelica-devel/work/openmodelica_18002/3rdParty/FMIL/build/ExpatEx'
:info:build /usr/bin/clang++ -c -pipe -O2  -Xarch_x86_64 -mmacosx-version-min=10.8 -w -fPIC -DQT_NO_DEBUG -DQT_GUI_LIB -DQT_CORE_LIB -DQT_SHARED -I/opt/local/share/qt4/mkspecs/macx-g++ -I. -I../generatedfiles/moc -I/opt/local/Library/Frameworks/QtCore.framework/Versions/4/Headers -I/opt/local/Library/Frameworks/QtGui.framework/Versions/4/Headers -I/opt/local/include/qwt -I. -I/opt/local/Library/Frameworks/QtGui.framework/Versions/4/Headers -I/opt/local/Library/Frameworks/QtCore.framework/Versions/4/Headers -I/opt/local/include -o PlotGrid.o PlotGrid.cpp
:info:build Install the project...
:info:build -- Install configuration: "Release"
:info:build -- Installing: /opt/local/var/macports/build/_opt_local_var_macports_sources_build.openmodelica.org_macports_lang_openmodelica-devel/openmodelica-devel/work/openmodelica_18002/3rdParty/FMIL/build/ExpatEx/install/lib/libexpat.a
:info:build /usr/bin/ranlib: file: /opt/local/var/macports/build/_opt_local_var_macports_sources_build.openmodelica.org_macports_lang_openmodelica-devel/openmodelica-devel/work/openmodelica_18002/3rdParty/FMIL/build/ExpatEx/install/lib/libexpat.a(xmltok_impl.c.o) has no symbols
:info:build /usr/bin/ranlib: file: /opt/local/var/macports/build/_opt_local_var_macports_sources_build.openmodelica.org_macports_lang_openmodelica-devel/openmodelica-devel/work/openmodelica_18002/3rdParty/FMIL/build/ExpatEx/install/lib/libexpat.a(xmltok_ns.c.o) has no symbols
:info:build -- Installing: /opt/local/var/macports/build/_opt_local_var_macports_sources_build.openmodelica.org_macports_lang_openmodelica-devel/openmodelica-devel/work/openmodelica_18002/3rdParty/FMIL/build/ExpatEx/install/include/expat.h
:info:build -- Installing: /opt/local/var/macports/build/_opt_local_var_macports_sources_build.openmodelica.org_macports_lang_openmodelica-devel/openmodelica-devel/work/openmodelica_18002/3rdParty/FMIL/build/ExpatEx/install/include/expat_external.h
:info:build -- Installing: /opt/local/var/macports/build/_opt_local_var_macports_sources_build.openmodelica.org_macports_lang_openmodelica-devel/openmodelica-devel/work/openmodelica_18002/3rdParty/FMIL/build/ExpatEx/install/lib/pkgconfig/expat.pc
:info:build make[6]: Leaving directory `/opt/local/var/macports/build/_opt_local_var_macports_sources_build.openmodelica.org_macports_lang_openmodelica-devel/openmodelica-devel/work/openmodelica_18002/3rdParty/FMIL/build/ExpatEx'
:info:build /bin/sh ../../libtool --mode=compile --tag=CC /usr/bin/clang  -DHAVE_CONFIG_H -I. -I../../include   -I/opt/local/include -I../../include  -O3 -fomit-frame-pointer -pipe -Os -arch x86_64 -c -o lis_matrix_vbr.lo lis_matrix_vbr.c
:info:build make[2]: Leaving directory `/opt/local/var/macports/build/_opt_local_var_macports_sources_build.openmodelica.org_macports_lang_openmodelica-devel/openmodelica-devel/work/openmodelica_18002/OMShell/OMShellGUI'
:info:build mkdir -p ../..//build/share//omshell/nls/
:info:build if [ ".app" = ".app" ]; then cp -rp ../bin/OMShell.app ../..//build/Applications/ ; else cp -p ../bin/OMShell ../..//build/bin/; fi
:info:build [ 10%] Completed 'expatex'
:info:build libtool: compile:  /usr/bin/clang -DHAVE_CONFIG_H -I. -I../../include -I/opt/local/include -I../../include -O3 -fomit-frame-pointer -pipe -Os -arch x86_64 -c lis_matrix_vbr.c  -fno-common -DPIC -o .libs/lis_matrix_vbr.o
:info:build make[5]: Leaving directory `/opt/local/var/macports/build/_opt_local_var_macports_sources_build.openmodelica.org_macports_lang_openmodelica-devel/openmodelica-devel/work/openmodelica_18002/3rdParty/FMIL/build'
:info:build [ 10%] Built target expatex
:info:build make[5]: Entering directory `/opt/local/var/macports/build/_opt_local_var_macports_sources_build.openmodelica.org_macports_lang_openmodelica-devel/openmodelica-devel/work/openmodelica_18002/3rdParty/FMIL/build'
:info:build Scanning dependencies of target c99snprintf
:info:build make[5]: Leaving directory `/opt/local/var/macports/build/_opt_local_var_macports_sources_build.openmodelica.org_macports_lang_openmodelica-devel/openmodelica-devel/work/openmodelica_18002/3rdParty/FMIL/build'
:info:build make[5]: Entering directory `/opt/local/var/macports/build/_opt_local_var_macports_sources_build.openmodelica.org_macports_lang_openmodelica-devel/openmodelica-devel/work/openmodelica_18002/3rdParty/FMIL/build'
:info:build cp -p ../..//OMNotebook/OMNotebookGUI/commands.xml ../..//build/share//omshell/
:info:build [ 12%] Building C object ThirdParty/c99_snprintf/CMakeFiles/c99snprintf.dir/c99-snprintf_1.1/snprintf.c.o
:info:build cp -p OMShell_*.qm ../..//build/share//omshell/nls/
:info:build make[1]: Leaving directory `/opt/local/var/macports/build/_opt_local_var_macports_sources_build.openmodelica.org_macports_lang_openmodelica-devel/openmodelica-devel/work/openmodelica_18002/OMShell/OMShellGUI'
:info:build /usr/bin/clang++ -c -pipe -O2  -Xarch_x86_64 -mmacosx-version-min=10.8 -w -fPIC -DQT_NO_DEBUG -DQT_GUI_LIB -DQT_CORE_LIB -DQT_SHARED -I/opt/local/share/qt4/mkspecs/macx-g++ -I. -I../generatedfiles/moc -I/opt/local/Library/Frameworks/QtCore.framework/Versions/4/Headers -I/opt/local/Library/Frameworks/QtGui.framework/Versions/4/Headers -I/opt/local/include/qwt -I. -I/opt/local/Library/Frameworks/QtGui.framework/Versions/4/Headers -I/opt/local/Library/Frameworks/QtCore.framework/Versions/4/Headers -I/opt/local/include -o PlotCurve.o PlotCurve.cpp
:info:build /bin/sh ../../libtool --tag=CC   --mode=link /usr/bin/clang -I../../include  -O3 -fomit-frame-pointer -pipe -Os -arch x86_64  -Wl,-install_name,@rpath/liblis.dylib -o libmatrix.la  lis_matrix.lo lis_matrix_bsc.lo lis_matrix_bsr.lo lis_matrix_csc.lo lis_matrix_coo.lo lis_matrix_csr.lo lis_matrix_dia.lo lis_matrix_diag.lo lis_matrix_dns.lo lis_matrix_ell.lo lis_matrix_ilu.lo lis_matrix_jad.lo lis_matrix_mpi.lo lis_matrix_msr.lo lis_matrix_ops.lo lis_matrix_rco.lo lis_matrix_vbr.lo  -lm 
:info:build libtool: link: ar cru .libs/libmatrix.a .libs/lis_matrix.o .libs/lis_matrix_bsc.o .libs/lis_matrix_bsr.o .libs/lis_matrix_csc.o .libs/lis_matrix_coo.o .libs/lis_matrix_csr.o .libs/lis_matrix_dia.o .libs/lis_matrix_diag.o .libs/lis_matrix_dns.o .libs/lis_matrix_ell.o .libs/lis_matrix_ilu.o .libs/lis_matrix_jad.o .libs/lis_matrix_mpi.o .libs/lis_matrix_msr.o .libs/lis_matrix_ops.o .libs/lis_matrix_rco.o .libs/lis_matrix_vbr.o 
:info:build Linking C static library libc99snprintf.a
:info:build libtool: link: ranlib .libs/libmatrix.a
:info:build make[5]: Leaving directory `/opt/local/var/macports/build/_opt_local_var_macports_sources_build.openmodelica.org_macports_lang_openmodelica-devel/openmodelica-devel/work/openmodelica_18002/3rdParty/FMIL/build'
:info:build [ 12%] Built target c99snprintf
:info:build make[5]: Entering directory `/opt/local/var/macports/build/_opt_local_var_macports_sources_build.openmodelica.org_macports_lang_openmodelica-devel/openmodelica-devel/work/openmodelica_18002/3rdParty/FMIL/build'
:info:build libtool: link: ( cd ".libs" && rm -f "libmatrix.la" && ln -s "../libmatrix.la" "libmatrix.la" )
:info:build make[3]: Leaving directory `/opt/local/var/macports/build/_opt_local_var_macports_sources_build.openmodelica.org_macports_lang_openmodelica-devel/openmodelica-devel/work/openmodelica_18002/3rdParty/lis-1.4.12/src/matrix'
:info:build Making all in vector
:info:build make[3]: Entering directory `/opt/local/var/macports/build/_opt_local_var_macports_sources_build.openmodelica.org_macports_lang_openmodelica-devel/openmodelica-devel/work/openmodelica_18002/3rdParty/lis-1.4.12/src/vector'
:info:build /bin/sh ../../libtool --mode=compile --tag=CC /usr/bin/clang  -DHAVE_CONFIG_H -I. -I../../include   -I/opt/local/include -I../../include -O3 -fomit-frame-pointer -pipe -Os -arch x86_64 -c -o lis_vector.lo lis_vector.c
:info:build libtool: compile:  /usr/bin/clang -DHAVE_CONFIG_H -I. -I../../include -I/opt/local/include -I../../include -O3 -fomit-frame-pointer -pipe -Os -arch x86_64 -c lis_vector.c  -fno-common -DPIC -o .libs/lis_vector.o
:info:build Scanning dependencies of target zlib
:info:build make[5]: Leaving directory `/opt/local/var/macports/build/_opt_local_var_macports_sources_build.openmodelica.org_macports_lang_openmodelica-devel/openmodelica-devel/work/openmodelica_18002/3rdParty/FMIL/build'
:info:build make[5]: Entering directory `/opt/local/var/macports/build/_opt_local_var_macports_sources_build.openmodelica.org_macports_lang_openmodelica-devel/openmodelica-devel/work/openmodelica_18002/3rdParty/FMIL/build'
:info:build [ 13%] Building C object zlib/CMakeFiles/zlib.dir/adler32.o
:info:build /bin/sh ../../libtool --mode=compile --tag=CC /usr/bin/clang  -DHAVE_CONFIG_H -I. -I../../include   -I/opt/local/include -I../../include -O3 -fomit-frame-pointer -pipe -Os -arch x86_64 -c -o lis_vector_ops.lo lis_vector_ops.c
:info:build libtool: compile:  /usr/bin/clang -DHAVE_CONFIG_H -I. -I../../include -I/opt/local/include -I../../include -O3 -fomit-frame-pointer -pipe -Os -arch x86_64 -c lis_vector_ops.c  -fno-common -DPIC -o .libs/lis_vector_ops.o
:info:build [ 14%] Building C object zlib/CMakeFiles/zlib.dir/compress.o
:info:build /bin/sh ../../libtool --mode=compile --tag=CC /usr/bin/clang  -DHAVE_CONFIG_H -I. -I../../include   -I/opt/local/include -I../../include -O3 -fomit-frame-pointer -pipe -Os -arch x86_64 -c -o lis_vector_opv.lo lis_vector_opv.c
:info:build libtool: compile:  /usr/bin/clang -DHAVE_CONFIG_H -I. -I../../include -I/opt/local/include -I../../include -O3 -fomit-frame-pointer -pipe -Os -arch x86_64 -c lis_vector_opv.c  -fno-common -DPIC -o .libs/lis_vector_opv.o
:info:build [ 15%] Building C object zlib/CMakeFiles/zlib.dir/crc32.o
:info:build /bin/sh ../../libtool --tag=CC   --mode=link /usr/bin/clang -I../../include -O3 -fomit-frame-pointer -pipe -Os -arch x86_64  -Wl,-install_name,@rpath/liblis.dylib -o libvector.la  lis_vector.lo lis_vector_ops.lo lis_vector_opv.lo  -lm 
:info:build [ 16%] Building C object zlib/CMakeFiles/zlib.dir/deflate.o
:info:build [ 18%] Building C object zlib/CMakeFiles/zlib.dir/gzclose.o
:info:build /usr/bin/clang++ -c -pipe -O2  -Xarch_x86_64 -mmacosx-version-min=10.8 -w -fPIC -DQT_NO_DEBUG -DQT_GUI_LIB -DQT_CORE_LIB -DQT_SHARED -I/opt/local/share/qt4/mkspecs/macx-g++ -I. -I../generatedfiles/moc -I/opt/local/Library/Frameworks/QtCore.framework/Versions/4/Headers -I/opt/local/Library/Frameworks/QtGui.framework/Versions/4/Headers -I/opt/local/include/qwt -I. -I/opt/local/Library/Frameworks/QtGui.framework/Versions/4/Headers -I/opt/local/Library/Frameworks/QtCore.framework/Versions/4/Headers -I/opt/local/include -o PlotWindow.o PlotWindow.cpp
:info:build libtool: link: ar cru .libs/libvector.a .libs/lis_vector.o .libs/lis_vector_ops.o .libs/lis_vector_opv.o 
:info:build libtool: link: ranlib .libs/libvector.a
:info:build libtool: link: ( cd ".libs" && rm -f "libvector.la" && ln -s "../libvector.la" "libvector.la" )
:info:build make[3]: Leaving directory `/opt/local/var/macports/build/_opt_local_var_macports_sources_build.openmodelica.org_macports_lang_openmodelica-devel/openmodelica-devel/work/openmodelica_18002/3rdParty/lis-1.4.12/src/vector'
:info:build Making all in matvec
:info:build make[3]: Entering directory `/opt/local/var/macports/build/_opt_local_var_macports_sources_build.openmodelica.org_macports_lang_openmodelica-devel/openmodelica-devel/work/openmodelica_18002/3rdParty/lis-1.4.12/src/matvec'
:info:build /bin/sh ../../libtool --mode=compile --tag=CC /usr/bin/clang  -DHAVE_CONFIG_H -I. -I../../include   -I/opt/local/include -I../../include -O3 -fomit-frame-pointer -pipe -Os -arch x86_64 -c -o lis_matvec.lo lis_matvec.c
:info:build libtool: compile:  /usr/bin/clang -DHAVE_CONFIG_H -I. -I../../include -I/opt/local/include -I../../include -O3 -fomit-frame-pointer -pipe -Os -arch x86_64 -c lis_matvec.c  -fno-common -DPIC -o .libs/lis_matvec.o
:info:build lis_matvec.c:387:10: warning: implicitly declaring library function 'floor' with type 'double (double)'
:info:build   iter = floor(10000000 / A->nnz) + 1; 
:info:build          ^
:info:build lis_matvec.c:387:10: note: please include the header <math.h> or explicitly provide a declaration for 'floor'
:info:build 1 warning generated.
:info:build /bin/sh ../../libtool --mode=compile --tag=CC /usr/bin/clang  -DHAVE_CONFIG_H -I. -I../../include   -I/opt/local/include -I../../include -O3 -fomit-frame-pointer -pipe -Os -arch x86_64 -c -o lis_matvec_bsc.lo lis_matvec_bsc.c
:info:build [ 19%] Building C object zlib/CMakeFiles/zlib.dir/gzlib.o
:info:build libtool: compile:  /usr/bin/clang -DHAVE_CONFIG_H -I. -I../../include -I/opt/local/include -I../../include -O3 -fomit-frame-pointer -pipe -Os -arch x86_64 -c lis_matvec_bsc.c  -fno-common -DPIC -o .libs/lis_matvec_bsc.o
:info:build [ 20%] Building C object zlib/CMakeFiles/zlib.dir/gzread.o
:info:build [ 21%] Building C object zlib/CMakeFiles/zlib.dir/gzwrite.o
:info:build # Configure and build lis
:info:build if ! test -f 3rdParty/lis-1.4.12/Makefile; then cd 3rdParty/lis-1.4.12 && ./configure "--host=x86_64-apple-darwin12.4.0" --enable-shared --disable-static MPICC="false" CC="/usr/bin/clang" CXX="/usr/bin/clang++" CFLAGS="-pipe -Os -arch x86_64" CPPFLAGS="-I/opt/local/include" LDFLAGS=" -Wl,-install_name,@rpath/liblis.dylib" && /usr/bin/make clean; fi
:info:build /bin/sh ../../libtool --mode=compile --tag=CC /usr/bin/clang  -DHAVE_CONFIG_H -I. -I../../include   -I/opt/local/include -I../../include -O3 -fomit-frame-pointer -pipe -Os -arch x86_64 -c -o lis_matvec_bsr.lo lis_matvec_bsr.c
:info:build [ 22%] Building C object zlib/CMakeFiles/zlib.dir/inflate.o
:info:build libtool: compile:  /usr/bin/clang -DHAVE_CONFIG_H -I. -I../../include -I/opt/local/include -I../../include -O3 -fomit-frame-pointer -pipe -Os -arch x86_64 -c lis_matvec_bsr.c  -fno-common -DPIC -o .libs/lis_matvec_bsr.o
:info:build /usr/bin/clang++ -c -pipe -O2  -Xarch_x86_64 -mmacosx-version-min=10.8 -w -fPIC -DQT_NO_DEBUG -DQT_GUI_LIB -DQT_CORE_LIB -DQT_SHARED -I/opt/local/share/qt4/mkspecs/macx-g++ -I. -I../generatedfiles/moc -I/opt/local/Library/Frameworks/QtCore.framework/Versions/4/Headers -I/opt/local/Library/Frameworks/QtGui.framework/Versions/4/Headers -I/opt/local/include/qwt -I. -I/opt/local/Library/Frameworks/QtGui.framework/Versions/4/Headers -I/opt/local/Library/Frameworks/QtCore.framework/Versions/4/Headers -I/opt/local/include -o PlotApplication.o PlotApplication.cpp
:info:build /bin/sh ../../libtool --mode=compile --tag=CC /usr/bin/clang  -DHAVE_CONFIG_H -I. -I../../include   -I/opt/local/include -I../../include -O3 -fomit-frame-pointer -pipe -Os -arch x86_64 -c -o lis_matvec_csc.lo lis_matvec_csc.c
:info:build libtool: compile:  /usr/bin/clang -DHAVE_CONFIG_H -I. -I../../include -I/opt/local/include -I../../include -O3 -fomit-frame-pointer -pipe -Os -arch x86_64 -c lis_matvec_csc.c  -fno-common -DPIC -o .libs/lis_matvec_csc.o
:info:build /bin/sh ../../libtool --mode=compile --tag=CC /usr/bin/clang  -DHAVE_CONFIG_H -I. -I../../include   -I/opt/local/include -I../../include -O3 -fomit-frame-pointer -pipe -Os -arch x86_64 -c -o lis_matvec_coo.lo lis_matvec_coo.c
:info:build [ 24%] Building C object zlib/CMakeFiles/zlib.dir/infback.o
:info:build libtool: compile:  /usr/bin/clang -DHAVE_CONFIG_H -I. -I../../include -I/opt/local/include -I../../include -O3 -fomit-frame-pointer -pipe -Os -arch x86_64 -c lis_matvec_coo.c  -fno-common -DPIC -o .libs/lis_matvec_coo.o
:info:build /bin/sh ../../libtool --mode=compile --tag=CC /usr/bin/clang  -DHAVE_CONFIG_H -I. -I../../include   -I/opt/local/include -I../../include -O3 -fomit-frame-pointer -pipe -Os -arch x86_64 -c -o lis_matvec_csr.lo lis_matvec_csr.c
:info:build libtool: compile:  /usr/bin/clang -DHAVE_CONFIG_H -I. -I../../include -I/opt/local/include -I../../include -O3 -fomit-frame-pointer -pipe -Os -arch x86_64 -c lis_matvec_csr.c  -fno-common -DPIC -o .libs/lis_matvec_csr.o
:info:build [ 25%] Building C object zlib/CMakeFiles/zlib.dir/inftrees.o
:info:build /bin/sh ../../libtool --mode=compile --tag=CC /usr/bin/clang  -DHAVE_CONFIG_H -I. -I../../include   -I/opt/local/include -I../../include -O3 -fomit-frame-pointer -pipe -Os -arch x86_64 -c -o lis_matvec_dia.lo lis_matvec_dia.c
:info:build libtool: compile:  /usr/bin/clang -DHAVE_CONFIG_H -I. -I../../include -I/opt/local/include -I../../include -O3 -fomit-frame-pointer -pipe -Os -arch x86_64 -c lis_matvec_dia.c  -fno-common -DPIC -o .libs/lis_matvec_dia.o
:info:build [ 26%] Building C object zlib/CMakeFiles/zlib.dir/inffast.o
:info:build /bin/sh ../../libtool --mode=compile --tag=CC /usr/bin/clang  -DHAVE_CONFIG_H -I. -I../../include   -I/opt/local/include -I../../include -O3 -fomit-frame-pointer -pipe -Os -arch x86_64 -c -o lis_matvec_dns.lo lis_matvec_dns.c
:info:build libtool: compile:  /usr/bin/clang -DHAVE_CONFIG_H -I. -I../../include -I/opt/local/include -I../../include -O3 -fomit-frame-pointer -pipe -Os -arch x86_64 -c lis_matvec_dns.c  -fno-common -DPIC -o .libs/lis_matvec_dns.o
:info:build [ 27%] Building C object zlib/CMakeFiles/zlib.dir/trees.o
:info:build /bin/sh ../../libtool --mode=compile --tag=CC /usr/bin/clang  -DHAVE_CONFIG_H -I. -I../../include   -I/opt/local/include -I../../include -O3 -fomit-frame-pointer -pipe -Os -arch x86_64 -c -o lis_matvec_ell.lo lis_matvec_ell.c
:info:build libtool: compile:  /usr/bin/clang -DHAVE_CONFIG_H -I. -I../../include -I/opt/local/include -I../../include -O3 -fomit-frame-pointer -pipe -Os -arch x86_64 -c lis_matvec_ell.c  -fno-common -DPIC -o .libs/lis_matvec_ell.o
:info:build /bin/sh ../../libtool --mode=compile --tag=CC /usr/bin/clang  -DHAVE_CONFIG_H -I. -I../../include   -I/opt/local/include -I../../include -O3 -fomit-frame-pointer -pipe -Os -arch x86_64 -c -o lis_matvec_jad.lo lis_matvec_jad.c
:info:build libtool: compile:  /usr/bin/clang -DHAVE_CONFIG_H -I. -I../../include -I/opt/local/include -I../../include -O3 -fomit-frame-pointer -pipe -Os -arch x86_64 -c lis_matvec_jad.c  -fno-common -DPIC -o .libs/lis_matvec_jad.o
:info:build [ 28%] Building C object zlib/CMakeFiles/zlib.dir/uncompr.o
:info:build [ 30%] Building C object zlib/CMakeFiles/zlib.dir/zutil.o
:info:build Linking C static library libz.a
:info:build make[5]: Leaving directory `/opt/local/var/macports/build/_opt_local_var_macports_sources_build.openmodelica.org_macports_lang_openmodelica-devel/openmodelica-devel/work/openmodelica_18002/3rdParty/FMIL/build'
:info:build [ 30%] Built target zlib
:info:build make[5]: Entering directory `/opt/local/var/macports/build/_opt_local_var_macports_sources_build.openmodelica.org_macports_lang_openmodelica-devel/openmodelica-devel/work/openmodelica_18002/3rdParty/FMIL/build'
:info:build Scanning dependencies of target jmutils
:info:build make[5]: Leaving directory `/opt/local/var/macports/build/_opt_local_var_macports_sources_build.openmodelica.org_macports_lang_openmodelica-devel/openmodelica-devel/work/openmodelica_18002/3rdParty/FMIL/build'
:info:build make[5]: Entering directory `/opt/local/var/macports/build/_opt_local_var_macports_sources_build.openmodelica.org_macports_lang_openmodelica-devel/openmodelica-devel/work/openmodelica_18002/3rdParty/FMIL/build'
:info:build [ 31%] Building C object CMakeFiles/jmutils.dir/src/Util/src/JM/jm_callbacks.c.o
:info:build [ 32%] Building C object CMakeFiles/jmutils.dir/src/Util/src/JM/jm_templates_inst.c.o
:info:build /usr/bin/make -C Compiler/Translation release
:info:build make[3]: Entering directory `/opt/local/var/macports/build/_opt_local_var_macports_sources_build.openmodelica.org_macports_lang_openmodelica-devel/openmodelica-devel/work/openmodelica_18002/Compiler/Translation'
:info:build for locale in de sv es; do mkdir -p ../../build/share/locale//$locale/LC_MESSAGES && msgfmt -o../../build/share/locale//$locale/LC_MESSAGES/openmodelica.mo $locale.po; done
:info:build /bin/sh ../../libtool --mode=compile --tag=CC /usr/bin/clang  -DHAVE_CONFIG_H -I. -I../../include   -I/opt/local/include -I../../include -O3 -fomit-frame-pointer -pipe -Os -arch x86_64 -c -o lis_matvec_msr.lo lis_matvec_msr.c
:info:build libtool: compile:  /usr/bin/clang -DHAVE_CONFIG_H -I. -I../../include -I/opt/local/include -I../../include -O3 -fomit-frame-pointer -pipe -Os -arch x86_64 -c lis_matvec_msr.c  -fno-common -DPIC -o .libs/lis_matvec_msr.o
:info:build /bin/sh ../../libtool --mode=compile --tag=CC /usr/bin/clang  -DHAVE_CONFIG_H -I. -I../../include   -I/opt/local/include -I../../include -O3 -fomit-frame-pointer -pipe -Os -arch x86_64 -c -o lis_matvec_vbr.lo lis_matvec_vbr.c
:info:build [ 33%] Building C object CMakeFiles/jmutils.dir/src/Util/src/JM/jm_named_ptr.c.o
:info:build make[3]: Leaving directory `/opt/local/var/macports/build/_opt_local_var_macports_sources_build.openmodelica.org_macports_lang_openmodelica-devel/openmodelica-devel/work/openmodelica_18002/Compiler/Translation'
:info:build (cp -p doc/*.pdf doc/OpenModelicaAPI-Howto/*.pdf ./build/share/doc/omc)
:info:build libtool: compile:  /usr/bin/clang -DHAVE_CONFIG_H -I. -I../../include -I/opt/local/include -I../../include -O3 -fomit-frame-pointer -pipe -Os -arch x86_64 -c lis_matvec_vbr.c  -fno-common -DPIC -o .libs/lis_matvec_vbr.o
:info:build [ 34%] Building C object CMakeFiles/jmutils.dir/src/Util/src/JM/jm_portability.c.o
:info:build /bin/sh ../../libtool --tag=CC   --mode=link /usr/bin/clang -I../../include -O3 -fomit-frame-pointer -pipe -Os -arch x86_64  -Wl,-install_name,@rpath/liblis.dylib -o libmatvec.la  lis_matvec.lo lis_matvec_bsc.lo lis_matvec_bsr.lo lis_matvec_csc.lo lis_matvec_coo.lo lis_matvec_csr.lo lis_matvec_dia.lo lis_matvec_dns.lo lis_matvec_ell.lo lis_matvec_jad.lo lis_matvec_msr.lo lis_matvec_vbr.lo  -lm 
:info:build [ 36%] Building C object CMakeFiles/jmutils.dir/src/Util/src/FMI/fmi_version.c.o
:info:build [ 37%] Building C object CMakeFiles/jmutils.dir/src/Util/src/FMI/fmi_util.c.o
:info:build [ 38%] Building C object CMakeFiles/jmutils.dir/src/Util/src/FMI1/fmi1_enums.c.o
:info:build /usr/bin/clang++ -c -pipe -O2  -Xarch_x86_64 -mmacosx-version-min=10.8 -w -fPIC -DQT_NO_DEBUG -DQT_GUI_LIB -DQT_CORE_LIB -DQT_SHARED -I/opt/local/share/qt4/mkspecs/macx-g++ -I. -I../generatedfiles/moc -I/opt/local/Library/Frameworks/QtCore.framework/Versions/4/Headers -I/opt/local/Library/Frameworks/QtGui.framework/Versions/4/Headers -I/opt/local/include/qwt -I. -I/opt/local/Library/Frameworks/QtGui.framework/Versions/4/Headers -I/opt/local/Library/Frameworks/QtCore.framework/Versions/4/Headers -I/opt/local/include -o PlotWindowContainer.o PlotWindowContainer.cpp
:info:build [ 39%] Building C object CMakeFiles/jmutils.dir/src/Util/src/FMI2/fmi2_enums.c.o
:info:build libtool: link: ar cru .libs/libmatvec.a .libs/lis_matvec.o .libs/lis_matvec_bsc.o .libs/lis_matvec_bsr.o .libs/lis_matvec_csc.o .libs/lis_matvec_coo.o .libs/lis_matvec_csr.o .libs/lis_matvec_dia.o .libs/lis_matvec_dns.o .libs/lis_matvec_ell.o .libs/lis_matvec_jad.o .libs/lis_matvec_msr.o .libs/lis_matvec_vbr.o 
:info:build Linking C static library libjmutils.a
:info:build libtool: link: ranlib .libs/libmatvec.a
:info:build (cp -p Examples/*.* ./build/share/doc/omc/testmodels/)
:info:build libtool: link: ( cd ".libs" && rm -f "libmatvec.la" && ln -s "../libmatvec.la" "libmatvec.la" )
:info:build make[3]: Leaving directory `/opt/local/var/macports/build/_opt_local_var_macports_sources_build.openmodelica.org_macports_lang_openmodelica-devel/openmodelica-devel/work/openmodelica_18002/3rdParty/lis-1.4.12/src/matvec'
:info:build Making all in precon
:info:build make[3]: Entering directory `/opt/local/var/macports/build/_opt_local_var_macports_sources_build.openmodelica.org_macports_lang_openmodelica-devel/openmodelica-devel/work/openmodelica_18002/3rdParty/lis-1.4.12/src/precon'
:info:build /bin/sh ../../libtool --mode=compile --tag=CC /usr/bin/clang  -DHAVE_CONFIG_H -I. -I../../include   -I/opt/local/include -I../../include -O3 -fomit-frame-pointer -pipe -Os -arch x86_64 -c -o lis_precon.lo lis_precon.c
:info:build libtool: compile:  /usr/bin/clang -DHAVE_CONFIG_H -I. -I../../include -I/opt/local/include -I../../include -O3 -fomit-frame-pointer -pipe -Os -arch x86_64 -c lis_precon.c  -fno-common -DPIC -o .libs/lis_precon.o
:info:build make[5]: Leaving directory `/opt/local/var/macports/build/_opt_local_var_macports_sources_build.openmodelica.org_macports_lang_openmodelica-devel/openmodelica-devel/work/openmodelica_18002/3rdParty/FMIL/build'
:info:build rm -f ./build/share/doc/omc/testmodels/CMake*.txt
:info:build /bin/sh ../../libtool --mode=compile --tag=CC /usr/bin/clang  -DHAVE_CONFIG_H -I. -I../../include   -I/opt/local/include -I../../include -O3 -fomit-frame-pointer -pipe -Os -arch x86_64 -c -o lis_precon_ads.lo lis_precon_ads.c
:info:build cp -p ./SimulationRuntime/interactive/README.txt ./build/share/doc/omc/OpenModelica-InteractiveSimulation-README.txt
:info:build [ 39%] Built target jmutils
:info:build # man pages
:info:build (cd doc/manpages/ && for f in *.1; do cp -p $f ../.././build/share/man//man1/ && gzip -f ../.././build/share/man//man1/$f ; done)
:info:build libtool: compile:  /usr/bin/clang -DHAVE_CONFIG_H -I. -I../../include -I/opt/local/include -I../../include -O3 -fomit-frame-pointer -pipe -Os -arch x86_64 -c lis_precon_ads.c  -fno-common -DPIC -o .libs/lis_precon_ads.o
:info:build make[5]: Entering directory `/opt/local/var/macports/build/_opt_local_var_macports_sources_build.openmodelica.org_macports_lang_openmodelica-devel/openmodelica-devel/work/openmodelica_18002/3rdParty/FMIL/build'
:info:build /bin/sh ../../libtool --mode=compile --tag=CC /usr/bin/clang  -DHAVE_CONFIG_H -I. -I../../include   -I/opt/local/include -I../../include -O3 -fomit-frame-pointer -pipe -Os -arch x86_64 -c -o lis_precon_hybrid.lo lis_precon_hybrid.c
:info:build libtool: compile:  /usr/bin/clang -DHAVE_CONFIG_H -I. -I../../include -I/opt/local/include -I../../include -O3 -fomit-frame-pointer -pipe -Os -arch x86_64 -c lis_precon_hybrid.c  -fno-common -DPIC -o .libs/lis_precon_hybrid.o
:info:build /usr/bin/make -C SimulationRuntime/ParModelica/OpenCLRuntime -f Makefile
:info:build Scanning dependencies of target minizip
:info:build make[5]: Leaving directory `/opt/local/var/macports/build/_opt_local_var_macports_sources_build.openmodelica.org_macports_lang_openmodelica-devel/openmodelica-devel/work/openmodelica_18002/3rdParty/FMIL/build'
:info:build make[5]: Entering directory `/opt/local/var/macports/build/_opt_local_var_macports_sources_build.openmodelica.org_macports_lang_openmodelica-devel/openmodelica-devel/work/openmodelica_18002/3rdParty/FMIL/build'
:info:build make[3]: Entering directory `/opt/local/var/macports/build/_opt_local_var_macports_sources_build.openmodelica.org_macports_lang_openmodelica-devel/openmodelica-devel/work/openmodelica_18002/SimulationRuntime/ParModelica/OpenCLRuntime'
:info:build /usr/bin/clang++  -I/opt/local/include -I. -I"../../c" -fPIC  -c -o omc_ocl_memory_ops.o omc_ocl_memory_ops.cpp
:info:build [ 40%] Building C object Config.cmake/Minizip/CMakeFiles/minizip.dir/__/__/ThirdParty/Minizip/minizip/ioapi.c.o
:info:build /bin/sh ../../libtool --mode=compile --tag=CC /usr/bin/clang  -DHAVE_CONFIG_H -I. -I../../include   -I/opt/local/include -I../../include -O3 -fomit-frame-pointer -pipe -Os -arch x86_64 -c -o lis_precon_iluc.lo lis_precon_iluc.c
:info:build libtool: compile:  /usr/bin/clang -DHAVE_CONFIG_H -I. -I../../include -I/opt/local/include -I../../include -O3 -fomit-frame-pointer -pipe -Os -arch x86_64 -c lis_precon_iluc.c  -fno-common -DPIC -o .libs/lis_precon_iluc.o
:info:build [ 42%] Building C object Config.cmake/Minizip/CMakeFiles/minizip.dir/__/__/ThirdParty/Minizip/minizip/miniunz.c.o
:info:build /opt/local/var/macports/build/_opt_local_var_macports_sources_build.openmodelica.org_macports_lang_openmodelica-devel/openmodelica-devel/work/openmodelica_18002/3rdParty/FMIL/ThirdParty/Minizip/minizip/miniunz.c:110:13: warning: extra tokens at end of #ifdef directive [-Wextra-tokens]
:info:build #ifdef unix || __APPLE__
:info:build             ^
:info:build             //
:info:build /opt/local/var/macports/build/_opt_local_var_macports_sources_build.openmodelica.org_macports_lang_openmodelica-devel/openmodelica-devel/work/openmodelica_18002/3rdParty/FMIL/ThirdParty/Minizip/minizip/miniunz.c:143:11: warning: implicit declaration of function 'mkdir' is invalid in C99 [-Wimplicit-function-declaration]
:info:build     ret = mkdir (dirname,0775);
:info:build           ^
:info:build /opt/local/var/macports/build/_opt_local_var_macports_sources_build.openmodelica.org_macports_lang_openmodelica-devel/openmodelica-devel/work/openmodelica_18002/3rdParty/FMIL/ThirdParty/Minizip/minizip/miniunz.c:432:25: warning: passing 'const char *' to parameter of type 'char *' discards qualifiers [-Wincompatible-pointer-types-discards-qualifiers]
:info:build                 makedir(write_filename);
:info:build                         ^~~~~~~~~~~~~~
:info:build /usr/bin/clang++  -I/opt/local/include -I. -I"../../c" -fPIC  -c -o omc_ocl_interface.o omc_ocl_interface.cpp
:info:build 3 warnings generated.
:info:build [ 43%] Building C object Config.cmake/Minizip/CMakeFiles/minizip.dir/__/__/ThirdParty/Minizip/minizip/minizip.c.o
:info:build /usr/bin/clang++  -I/opt/local/include -I. -I"../../c" -fPIC  -c -o omc_ocl_builtin_kernels.o omc_ocl_builtin_kernels.cpp
:info:build /opt/local/var/macports/build/_opt_local_var_macports_sources_build.openmodelica.org_macports_lang_openmodelica-devel/openmodelica-devel/work/openmodelica_18002/3rdParty/FMIL/ThirdParty/Minizip/minizip/minizip.c:104:13: warning: extra tokens at end of #ifdef directive [-Wextra-tokens]
:info:build #ifdef unix || __APPLE__
:info:build             ^
:info:build             //
:info:build /opt/local/var/macports/build/_opt_local_var_macports_sources_build.openmodelica.org_macports_lang_openmodelica-devel/openmodelica-devel/work/openmodelica_18002/3rdParty/FMIL/ThirdParty/Minizip/minizip/minizip.c:421:26: warning: passing 'const char *' to parameter of type 'char *' discards qualifiers [-Wincompatible-pointer-types-discards-qualifiers]
:info:build                 filetime(filenameinzip,&zi.tmz_date,&zi.dosDate);
:info:build                          ^~~~~~~~~~~~~
:info:build 2 warnings generated.
:info:build [ 44%] Building C object Config.cmake/Minizip/CMakeFiles/minizip.dir/__/__/ThirdParty/Minizip/minizip/unzip.c.o
:info:build /usr/bin/clang++  -I/opt/local/include -I. -I"../../c" -fPIC  -c -o omc_ocl_util.o omc_ocl_util.cpp
:info:build omc_ocl_util.cpp:154:66: warning: format specifies type 'unsigned long' but the argument has type 'unsigned long long' [-Wformat]
:info:build             printf("%d CL_DEVICE_LOCAL_MEM_SIZE :\t%lu KB\n", i, mem2/1024);
:info:build                                                    ~~~           ^~~~~~~~~
:info:build                                                    %llu
:info:build omc_ocl_util.cpp:156:65: warning: format specifies type 'unsigned long' but the argument has type 'unsigned long long' [-Wformat]
:info:build             printf("%d CL_DEVICE_GLOBAL_MEM_SIZE: %lu MB\n", i, mem2/1024/1024);
:info:build                                                   ~~~           ^~~~~~~~~~~~~~
:info:build                                                   %llu
:info:build omc_ocl_util.cpp:158:68: warning: format specifies type 'unsigned long' but the argument has type 'unsigned long long' [-Wformat]
:info:build             printf("%d CL_DEVICE_MAX_MEM_ALLOC_SIZE: %lu MB\n", i, mem2/1024/1024);
:info:build                                                      ~~~           ^~~~~~~~~~~~~~
:info:build                                                      %llu
:info:build 3 warnings generated.
:info:build ar -rcs libOMOCLRuntime.a omc_ocl_memory_ops.o omc_ocl_interface.o omc_ocl_builtin_kernels.o omc_ocl_util.o
:info:build cp -rp omc_ocl_interface.h ../../../build//include/omc/
:info:build cp -rp omc_ocl_common_header.h ../../../build//include/omc/
:info:build cp -rp omc_ocl_memory_ops.h ../../../build//include/omc/
:info:build cp -rp libOMOCLRuntime.a ../../../build//lib/omc/
:info:build cp -rp ParModelicaBuiltin.mo ../../../build//lib/omc/
:info:build cp -rp OCLRuntimeUtil_new.cl ../../../build//include/omc/
:info:build make[3]: Leaving directory `/opt/local/var/macports/build/_opt_local_var_macports_sources_build.openmodelica.org_macports_lang_openmodelica-devel/openmodelica-devel/work/openmodelica_18002/SimulationRuntime/ParModelica/OpenCLRuntime'
:info:build [ 45%] Building C object Config.cmake/Minizip/CMakeFiles/minizip.dir/__/__/ThirdParty/Minizip/minizip/zip.c.o
:info:build /opt/local/var/macports/build/_opt_local_var_macports_sources_build.openmodelica.org_macports_lang_openmodelica-devel/openmodelica-devel/work/openmodelica_18002/3rdParty/FMIL/ThirdParty/Minizip/minizip/zip.c:1118:15: warning: equality comparison with extraneous parentheses [-Wparentheses-equality]
:info:build     if ((level==2))
:info:build          ~~~~~^~~
:info:build /opt/local/var/macports/build/_opt_local_var_macports_sources_build.openmodelica.org_macports_lang_openmodelica-devel/openmodelica-devel/work/openmodelica_18002/3rdParty/FMIL/ThirdParty/Minizip/minizip/zip.c:1118:15: note: remove extraneous parentheses around the comparison to silence this warning
:info:build     if ((level==2))
:info:build         ~     ^  ~
:info:build /opt/local/var/macports/build/_opt_local_var_macports_sources_build.openmodelica.org_macports_lang_openmodelica-devel/openmodelica-devel/work/openmodelica_18002/3rdParty/FMIL/ThirdParty/Minizip/minizip/zip.c:1118:15: note: use '=' to turn this equality comparison into an assignment
:info:build     if ((level==2))
:info:build               ^~
:info:build               =
:info:build /opt/local/var/macports/build/_opt_local_var_macports_sources_build.openmodelica.org_macports_lang_openmodelica-devel/openmodelica-devel/work/openmodelica_18002/3rdParty/FMIL/ThirdParty/Minizip/minizip/zip.c:1120:15: warning: equality comparison with extraneous parentheses [-Wparentheses-equality]
:info:build     if ((level==1))
:info:build          ~~~~~^~~
:info:build /opt/local/var/macports/build/_opt_local_var_macports_sources_build.openmodelica.org_macports_lang_openmodelica-devel/openmodelica-devel/work/openmodelica_18002/3rdParty/FMIL/ThirdParty/Minizip/minizip/zip.c:1120:15: note: remove extraneous parentheses around the comparison to silence this warning
:info:build     if ((level==1))
:info:build         ~     ^  ~
:info:build /opt/local/var/macports/build/_opt_local_var_macports_sources_build.openmodelica.org_macports_lang_openmodelica-devel/openmodelica-devel/work/openmodelica_18002/3rdParty/FMIL/ThirdParty/Minizip/minizip/zip.c:1120:15: note: use '=' to turn this equality comparison into an assignment
:info:build     if ((level==1))
:info:build               ^~
:info:build               =
:info:build /usr/bin/clang++ -c -pipe -O2  -Xarch_x86_64 -mmacosx-version-min=10.8 -w -fPIC -DQT_NO_DEBUG -DQT_GUI_LIB -DQT_CORE_LIB -DQT_SHARED -I/opt/local/share/qt4/mkspecs/macx-g++ -I. -I../generatedfiles/moc -I/opt/local/Library/Frameworks/QtCore.framework/Versions/4/Headers -I/opt/local/Library/Frameworks/QtGui.framework/Versions/4/Headers -I/opt/local/include/qwt -I. -I/opt/local/Library/Frameworks/QtGui.framework/Versions/4/Headers -I/opt/local/Library/Frameworks/QtCore.framework/Versions/4/Headers -I/opt/local/include -o PlotMainWindow.o PlotMainWindow.cpp
:info:build /bin/sh ../../libtool --mode=compile --tag=CC /usr/bin/clang  -DHAVE_CONFIG_H -I. -I../../include   -I/opt/local/include -I../../include -O3 -fomit-frame-pointer -pipe -Os -arch x86_64 -c -o lis_precon_iluk.lo lis_precon_iluk.c
:info:build libtool: compile:  /usr/bin/clang -DHAVE_CONFIG_H -I. -I../../include -I/opt/local/include -I../../include -O3 -fomit-frame-pointer -pipe -Os -arch x86_64 -c lis_precon_iluk.c  -fno-common -DPIC -o .libs/lis_precon_iluk.o
:info:build /opt/local/bin/moc -DQT_NO_DEBUG -DQT_GUI_LIB -DQT_CORE_LIB -DQT_SHARED -I/opt/local/share/qt4/mkspecs/macx-g++ -I. -I../generatedfiles/moc -I/opt/local/Library/Frameworks/QtCore.framework/Versions/4/Headers -I/opt/local/Library/Frameworks/QtGui.framework/Versions/4/Headers -I/opt/local/include/qwt -I. -I/opt/local/Library/Frameworks/QtGui.framework/Versions/4/Headers -I/opt/local/Library/Frameworks/QtCore.framework/Versions/4/Headers -I/opt/local/include -D__APPLE__ -D__GNUC__ Plot.h -o ../generatedfiles/moc/moc_Plot.cpp
:info:build 2 warnings generated.
:info:build Linking C static library libminizip.a
:info:build /bin/sh ../../libtool --mode=compile --tag=CC /usr/bin/clang  -DHAVE_CONFIG_H -I. -I../../include   -I/opt/local/include -I../../include -O3 -fomit-frame-pointer -pipe -Os -arch x86_64 -c -o lis_precon_ilut.lo lis_precon_ilut.c
:info:build libtool: compile:  /usr/bin/clang -DHAVE_CONFIG_H -I. -I../../include -I/opt/local/include -I../../include -O3 -fomit-frame-pointer -pipe -Os -arch x86_64 -c lis_precon_ilut.c  -fno-common -DPIC -o .libs/lis_precon_ilut.o
:info:build make[5]: Leaving directory `/opt/local/var/macports/build/_opt_local_var_macports_sources_build.openmodelica.org_macports_lang_openmodelica-devel/openmodelica-devel/work/openmodelica_18002/3rdParty/FMIL/build'
:info:build [ 45%] Built target minizip
:info:build make[5]: Entering directory `/opt/local/var/macports/build/_opt_local_var_macports_sources_build.openmodelica.org_macports_lang_openmodelica-devel/openmodelica-devel/work/openmodelica_18002/3rdParty/FMIL/build'
:info:build /opt/local/bin/moc -DQT_NO_DEBUG -DQT_GUI_LIB -DQT_CORE_LIB -DQT_SHARED -I/opt/local/share/qt4/mkspecs/macx-g++ -I. -I../generatedfiles/moc -I/opt/local/Library/Frameworks/QtCore.framework/Versions/4/Headers -I/opt/local/Library/Frameworks/QtGui.framework/Versions/4/Headers -I/opt/local/include/qwt -I. -I/opt/local/Library/Frameworks/QtGui.framework/Versions/4/Headers -I/opt/local/Library/Frameworks/QtCore.framework/Versions/4/Headers -I/opt/local/include -D__APPLE__ -D__GNUC__ PlotZoomer.h -o ../generatedfiles/moc/moc_PlotZoomer.cpp
:info:build Scanning dependencies of target fmicapi
:info:build make[5]: Leaving directory `/opt/local/var/macports/build/_opt_local_var_macports_sources_build.openmodelica.org_macports_lang_openmodelica-devel/openmodelica-devel/work/openmodelica_18002/3rdParty/FMIL/build'
:info:build make[5]: Entering directory `/opt/local/var/macports/build/_opt_local_var_macports_sources_build.openmodelica.org_macports_lang_openmodelica-devel/openmodelica-devel/work/openmodelica_18002/3rdParty/FMIL/build'
:info:build [ 46%] Building C object CMakeFiles/fmicapi.dir/src/CAPI/src/FMI1/fmi1_capi_cs.c.o
:info:build [ 48%] Building C object CMakeFiles/fmicapi.dir/src/CAPI/src/FMI1/fmi1_capi_me.c.o
:info:build /bin/sh ../../libtool --mode=compile --tag=CC /usr/bin/clang  -DHAVE_CONFIG_H -I. -I../../include   -I/opt/local/include -I../../include -O3 -fomit-frame-pointer -pipe -Os -arch x86_64 -c -o lis_precon_is.lo lis_precon_is.c
:info:build libtool: compile:  /usr/bin/clang -DHAVE_CONFIG_H -I. -I../../include -I/opt/local/include -I../../include -O3 -fomit-frame-pointer -pipe -Os -arch x86_64 -c lis_precon_is.c  -fno-common -DPIC -o .libs/lis_precon_is.o
:info:build [ 49%] Building C object CMakeFiles/fmicapi.dir/src/CAPI/src/FMI1/fmi1_capi.c.o
:info:build /opt/local/bin/moc -DQT_NO_DEBUG -DQT_GUI_LIB -DQT_CORE_LIB -DQT_SHARED -I/opt/local/share/qt4/mkspecs/macx-g++ -I. -I../generatedfiles/moc -I/opt/local/Library/Frameworks/QtCore.framework/Versions/4/Headers -I/opt/local/Library/Frameworks/QtGui.framework/Versions/4/Headers -I/opt/local/include/qwt -I. -I/opt/local/Library/Frameworks/QtGui.framework/Versions/4/Headers -I/opt/local/Library/Frameworks/QtCore.framework/Versions/4/Headers -I/opt/local/include -D__APPLE__ -D__GNUC__ Legend.h -o ../generatedfiles/moc/moc_Legend.cpp
:info:build /bin/sh ../../libtool --mode=compile --tag=CC /usr/bin/clang  -DHAVE_CONFIG_H -I. -I../../include   -I/opt/local/include -I../../include -O3 -fomit-frame-pointer -pipe -Os -arch x86_64 -c -o lis_precon_jacobi.lo lis_precon_jacobi.c
:info:build [ 50%] Building C object CMakeFiles/fmicapi.dir/src/CAPI/src/FMI2/fmi2_capi_cs.c.o
:info:build libtool: compile:  /usr/bin/clang -DHAVE_CONFIG_H -I. -I../../include -I/opt/local/include -I../../include -O3 -fomit-frame-pointer -pipe -Os -arch x86_64 -c lis_precon_jacobi.c  -fno-common -DPIC -o .libs/lis_precon_jacobi.o
:info:build [ 51%] Building C object CMakeFiles/fmicapi.dir/src/CAPI/src/FMI2/fmi2_capi_me.c.o
:info:build /bin/sh ../../libtool --mode=compile --tag=CC /usr/bin/clang  -DHAVE_CONFIG_H -I. -I../../include   -I/opt/local/include -I../../include -O3 -fomit-frame-pointer -pipe -Os -arch x86_64 -c -o lis_precon_saamg.lo lis_precon_saamg.c
:info:build [ 53%] Building C object CMakeFiles/fmicapi.dir/src/CAPI/src/FMI2/fmi2_capi.c.o
:info:build libtool: compile:  /usr/bin/clang -DHAVE_CONFIG_H -I. -I../../include -I/opt/local/include -I../../include -O3 -fomit-frame-pointer -pipe -Os -arch x86_64 -c lis_precon_saamg.c  -fno-common -DPIC -o .libs/lis_precon_saamg.o
:info:build /bin/sh ../../libtool --mode=compile --tag=CC /usr/bin/clang  -DHAVE_CONFIG_H -I. -I../../include   -I/opt/local/include -I../../include -O3 -fomit-frame-pointer -pipe -Os -arch x86_64 -c -o lis_precon_sainv.lo lis_precon_sainv.c
:info:build /bin/sh ../../libtool --mode=compile --tag=CC /usr/bin/clang  -DHAVE_CONFIG_H -I. -I../../include   -I/opt/local/include -I../../include -O3 -fomit-frame-pointer -pipe -Os -arch x86_64 -c -o lis_precon_ssor.lo lis_precon_ssor.c
:info:build libtool: compile:  /usr/bin/clang -DHAVE_CONFIG_H -I. -I../../include -I/opt/local/include -I../../include -O3 -fomit-frame-pointer -pipe -Os -arch x86_64 -c lis_precon_sainv.c  -fno-common -DPIC -o .libs/lis_precon_sainv.o
:info:build libtool: compile:  /usr/bin/clang -DHAVE_CONFIG_H -I. -I../../include -I/opt/local/include -I../../include -O3 -fomit-frame-pointer -pipe -Os -arch x86_64 -c lis_precon_ssor.c  -fno-common -DPIC -o .libs/lis_precon_ssor.o
:info:build Linking C static library libfmicapi.a
:info:build /opt/local/bin/moc -DQT_NO_DEBUG -DQT_GUI_LIB -DQT_CORE_LIB -DQT_SHARED -I/opt/local/share/qt4/mkspecs/macx-g++ -I. -I../generatedfiles/moc -I/opt/local/Library/Frameworks/QtCore.framework/Versions/4/Headers -I/opt/local/Library/Frameworks/QtGui.framework/Versions/4/Headers -I/opt/local/include/qwt -I. -I/opt/local/Library/Frameworks/QtGui.framework/Versions/4/Headers -I/opt/local/Library/Frameworks/QtCore.framework/Versions/4/Headers -I/opt/local/include -D__APPLE__ -D__GNUC__ PlotPanner.h -o ../generatedfiles/moc/moc_PlotPanner.cpp
:info:build /bin/sh ../../libtool --tag=CC   --mode=link /usr/bin/clang -I../../include -O3 -fomit-frame-pointer -pipe -Os -arch x86_64  -Wl,-install_name,@rpath/liblis.dylib -o libprecon.la  lis_precon.lo lis_precon_ads.lo lis_precon_hybrid.lo lis_precon_iluc.lo lis_precon_iluk.lo lis_precon_ilut.lo lis_precon_is.lo lis_precon_jacobi.lo lis_precon_saamg.lo lis_precon_sainv.lo lis_precon_ssor.lo  -lm 
:info:build make[5]: Leaving directory `/opt/local/var/macports/build/_opt_local_var_macports_sources_build.openmodelica.org_macports_lang_openmodelica-devel/openmodelica-devel/work/openmodelica_18002/3rdParty/FMIL/build'
:info:build [ 53%] Built target fmicapi
:info:build make[5]: Entering directory `/opt/local/var/macports/build/_opt_local_var_macports_sources_build.openmodelica.org_macports_lang_openmodelica-devel/openmodelica-devel/work/openmodelica_18002/3rdParty/FMIL/build'
:info:build Scanning dependencies of target fmixml
:info:build make[5]: Leaving directory `/opt/local/var/macports/build/_opt_local_var_macports_sources_build.openmodelica.org_macports_lang_openmodelica-devel/openmodelica-devel/work/openmodelica_18002/3rdParty/FMIL/build'
:info:build make[5]: Entering directory `/opt/local/var/macports/build/_opt_local_var_macports_sources_build.openmodelica.org_macports_lang_openmodelica-devel/openmodelica-devel/work/openmodelica_18002/3rdParty/FMIL/build'
:info:build libtool: link: ar cru .libs/libprecon.a .libs/lis_precon.o .libs/lis_precon_ads.o .libs/lis_precon_hybrid.o .libs/lis_precon_iluc.o .libs/lis_precon_iluk.o .libs/lis_precon_ilut.o .libs/lis_precon_is.o .libs/lis_precon_jacobi.o .libs/lis_precon_saamg.o .libs/lis_precon_sainv.o .libs/lis_precon_ssor.o 
:info:build [ 54%] Building C object CMakeFiles/fmixml.dir/src/XML/src/FMI/fmi_xml_context.c.o
:info:build /opt/local/bin/moc -DQT_NO_DEBUG -DQT_GUI_LIB -DQT_CORE_LIB -DQT_SHARED -I/opt/local/share/qt4/mkspecs/macx-g++ -I. -I../generatedfiles/moc -I/opt/local/Library/Frameworks/QtCore.framework/Versions/4/Headers -I/opt/local/Library/Frameworks/QtGui.framework/Versions/4/Headers -I/opt/local/include/qwt -I. -I/opt/local/Library/Frameworks/QtGui.framework/Versions/4/Headers -I/opt/local/Library/Frameworks/QtCore.framework/Versions/4/Headers -I/opt/local/include -D__APPLE__ -D__GNUC__ PlotWindow.h -o ../generatedfiles/moc/moc_PlotWindow.cpp
:info:build libtool: link: ranlib .libs/libprecon.a
:info:build [ 55%] Building C object CMakeFiles/fmixml.dir/src/XML/src/FMI1/fmi1_xml_parser.c.o
:info:build libtool: link: ( cd ".libs" && rm -f "libprecon.la" && ln -s "../libprecon.la" "libprecon.la" )
:info:build make[3]: Leaving directory `/opt/local/var/macports/build/_opt_local_var_macports_sources_build.openmodelica.org_macports_lang_openmodelica-devel/openmodelica-devel/work/openmodelica_18002/3rdParty/lis-1.4.12/src/precon'
:info:build Making all in solver
:info:build make[3]: Entering directory `/opt/local/var/macports/build/_opt_local_var_macports_sources_build.openmodelica.org_macports_lang_openmodelica-devel/openmodelica-devel/work/openmodelica_18002/3rdParty/lis-1.4.12/src/solver'
:info:build /bin/sh ../../libtool --mode=compile --tag=CC /usr/bin/clang  -DHAVE_CONFIG_H -I. -I../../include   -I/opt/local/include -I../../include -O3 -fomit-frame-pointer -pipe -Os -arch x86_64 -c -o lis_solver.lo lis_solver.c
:info:build libtool: compile:  /usr/bin/clang -DHAVE_CONFIG_H -I. -I../../include -I/opt/local/include -I../../include -O3 -fomit-frame-pointer -pipe -Os -arch x86_64 -c lis_solver.c  -fno-common -DPIC -o .libs/lis_solver.o
:info:build lis_solver.c:721:21: warning: expression result unused [-Wunused-value]
:info:build       if( output ) ("CONV_COND : ||r||_2 <= %6.1e*||r_0||_2\n", tol); 
:info:build                     ^~~~~~~~~~~~~~~~~~~~~~~~~~~~~~~~~~~~~~~~~~
:info:build lis_solver.c:721:65: warning: expression result unused [-Wunused-value]
:info:build       if( output ) ("CONV_COND : ||r||_2 <= %6.1e*||r_0||_2\n", tol); 
:info:build                                                                 ^~~
:info:build /opt/local/bin/moc -DQT_NO_DEBUG -DQT_GUI_LIB -DQT_CORE_LIB -DQT_SHARED -I/opt/local/share/qt4/mkspecs/macx-g++ -I. -I../generatedfiles/moc -I/opt/local/Library/Frameworks/QtCore.framework/Versions/4/Headers -I/opt/local/Library/Frameworks/QtGui.framework/Versions/4/Headers -I/opt/local/include/qwt -I. -I/opt/local/Library/Frameworks/QtGui.framework/Versions/4/Headers -I/opt/local/Library/Frameworks/QtCore.framework/Versions/4/Headers -I/opt/local/include -D__APPLE__ -D__GNUC__ PlotApplication.h -o ../generatedfiles/moc/moc_PlotApplication.cpp
:info:build /opt/local/bin/moc -DQT_NO_DEBUG -DQT_GUI_LIB -DQT_CORE_LIB -DQT_SHARED -I/opt/local/share/qt4/mkspecs/macx-g++ -I. -I../generatedfiles/moc -I/opt/local/Library/Frameworks/QtCore.framework/Versions/4/Headers -I/opt/local/Library/Frameworks/QtGui.framework/Versions/4/Headers -I/opt/local/include/qwt -I. -I/opt/local/Library/Frameworks/QtGui.framework/Versions/4/Headers -I/opt/local/Library/Frameworks/QtCore.framework/Versions/4/Headers -I/opt/local/include -D__APPLE__ -D__GNUC__ PlotWindowContainer.h -o ../generatedfiles/moc/moc_PlotWindowContainer.cpp
:info:build [ 56%] Building C object CMakeFiles/fmixml.dir/src/XML/src/FMI1/fmi1_xml_model_description.c.o
:info:build /usr/bin/make -C testsuite/ -f Makefile omc-diff
:info:build 2 warnings generated.
:info:build make[3]: Entering directory `/opt/local/var/macports/build/_opt_local_var_macports_sources_build.openmodelica.org_macports_lang_openmodelica-devel/openmodelica-devel/work/openmodelica_18002/testsuite'
:info:build make[3]: Nothing to be done for `omc-diff'.
:info:build make[3]: Leaving directory `/opt/local/var/macports/build/_opt_local_var_macports_sources_build.openmodelica.org_macports_lang_openmodelica-devel/openmodelica-devel/work/openmodelica_18002/testsuite'
:info:build /usr/bin/make -C 3rdParty/gc-7.2/
:info:build /bin/sh ../../libtool --mode=compile --tag=CC /usr/bin/clang  -DHAVE_CONFIG_H -I. -I../../include   -I/opt/local/include -I../../include -O3 -fomit-frame-pointer -pipe -Os -arch x86_64 -c -o lis_solver_bicg.lo lis_solver_bicg.c
:info:build libtool: compile:  /usr/bin/clang -DHAVE_CONFIG_H -I. -I../../include -I/opt/local/include -I../../include -O3 -fomit-frame-pointer -pipe -Os -arch x86_64 -c lis_solver_bicg.c  -fno-common -DPIC -o .libs/lis_solver_bicg.o
:info:build [ 57%] Building C object CMakeFiles/fmixml.dir/src/XML/src/FMI1/fmi1_xml_type.c.o
:info:build /bin/sh ../../libtool --mode=compile --tag=CC /usr/bin/clang  -DHAVE_CONFIG_H -I. -I../../include   -I/opt/local/include -I../../include -O3 -fomit-frame-pointer -pipe -Os -arch x86_64 -c -o lis_solver_bicgsafe.lo lis_solver_bicgsafe.c
:info:build make[3]: Entering directory `/opt/local/var/macports/build/_opt_local_var_macports_sources_build.openmodelica.org_macports_lang_openmodelica-devel/openmodelica-devel/work/openmodelica_18002/3rdParty/gc-7.2'
:info:build libtool: compile:  /usr/bin/clang -DHAVE_CONFIG_H -I. -I../../include -I/opt/local/include -I../../include -O3 -fomit-frame-pointer -pipe -Os -arch x86_64 -c lis_solver_bicgsafe.c  -fno-common -DPIC -o .libs/lis_solver_bicgsafe.o
:info:build make[4]: Entering directory `/opt/local/var/macports/build/_opt_local_var_macports_sources_build.openmodelica.org_macports_lang_openmodelica-devel/openmodelica-devel/work/openmodelica_18002/3rdParty/gc-7.2'
:info:build /bin/sh ./libtool --tag=CC   --mode=compile /usr/bin/clang -DHAVE_CONFIG_H   -I./include -I./include -I./libatomic_ops/src -I./libatomic_ops/src -I/opt/local/include -DTHREAD_LOCAL_ALLOC -fexceptions -pipe -Os -arch x86_64 -fno-strict-aliasing -MT allchblk.lo -MD -MP -MF .deps/allchblk.Tpo -c -o allchblk.lo allchblk.c
:info:build /opt/local/bin/moc -DQT_NO_DEBUG -DQT_GUI_LIB -DQT_CORE_LIB -DQT_SHARED -I/opt/local/share/qt4/mkspecs/macx-g++ -I. -I../generatedfiles/moc -I/opt/local/Library/Frameworks/QtCore.framework/Versions/4/Headers -I/opt/local/Library/Frameworks/QtGui.framework/Versions/4/Headers -I/opt/local/include/qwt -I. -I/opt/local/Library/Frameworks/QtGui.framework/Versions/4/Headers -I/opt/local/Library/Frameworks/QtCore.framework/Versions/4/Headers -I/opt/local/include -D__APPLE__ -D__GNUC__ PlotMainWindow.h -o ../generatedfiles/moc/moc_PlotMainWindow.cpp
:info:build libtool: compile:  /usr/bin/clang -DHAVE_CONFIG_H -I./include -I./include -I./libatomic_ops/src -I./libatomic_ops/src -I/opt/local/include -DTHREAD_LOCAL_ALLOC -fexceptions -pipe -Os -arch x86_64 -fno-strict-aliasing -MT allchblk.lo -MD -MP -MF .deps/allchblk.Tpo -c allchblk.c  -fno-common -DPIC -o .libs/allchblk.o
:info:build /bin/sh ../../libtool --mode=compile --tag=CC /usr/bin/clang  -DHAVE_CONFIG_H -I. -I../../include   -I/opt/local/include -I../../include -O3 -fomit-frame-pointer -pipe -Os -arch x86_64 -c -o lis_solver_bicgstab.lo lis_solver_bicgstab.c
:info:build [ 59%] Building C object CMakeFiles/fmixml.dir/src/XML/src/FMI1/fmi1_xml_unit.c.o
:info:build libtool: compile:  /usr/bin/clang -DHAVE_CONFIG_H -I. -I../../include -I/opt/local/include -I../../include -O3 -fomit-frame-pointer -pipe -Os -arch x86_64 -c lis_solver_bicgstab.c  -fno-common -DPIC -o .libs/lis_solver_bicgstab.o
:info:build [ 60%] Building C object CMakeFiles/fmixml.dir/src/XML/src/FMI1/fmi1_xml_vendor_annotations.c.o
:info:build /bin/sh ../../libtool --mode=compile --tag=CC /usr/bin/clang  -DHAVE_CONFIG_H -I. -I../../include   -I/opt/local/include -I../../include -O3 -fomit-frame-pointer -pipe -Os -arch x86_64 -c -o lis_solver_bicgstabl.lo lis_solver_bicgstabl.c
:info:build libtool: compile:  /usr/bin/clang -DHAVE_CONFIG_H -I. -I../../include -I/opt/local/include -I../../include -O3 -fomit-frame-pointer -pipe -Os -arch x86_64 -c lis_solver_bicgstabl.c  -fno-common -DPIC -o .libs/lis_solver_bicgstabl.o
:info:build [ 61%] /opt/local/bin/rcc -name resource_omplot resource_omplot.qrc -o ../generatedfiles/rcc/qrc_resource_omplot.cpp
:info:build Building C object CMakeFiles/fmixml.dir/src/XML/src/FMI1/fmi1_xml_variable.c.o
:info:build /usr/bin/clang++ -c -pipe -O2  -Xarch_x86_64 -mmacosx-version-min=10.8 -w -fPIC -DQT_NO_DEBUG -DQT_GUI_LIB -DQT_CORE_LIB -DQT_SHARED -I/opt/local/share/qt4/mkspecs/macx-g++ -I. -I../generatedfiles/moc -I/opt/local/Library/Frameworks/QtCore.framework/Versions/4/Headers -I/opt/local/Library/Frameworks/QtGui.framework/Versions/4/Headers -I/opt/local/include/qwt -I. -I/opt/local/Library/Frameworks/QtGui.framework/Versions/4/Headers -I/opt/local/Library/Frameworks/QtCore.framework/Versions/4/Headers -I/opt/local/include -o moc_Plot.o ../generatedfiles/moc/moc_Plot.cpp
:info:build libtool: compile:  /usr/bin/clang -DHAVE_CONFIG_H -I./include -I./include -I./libatomic_ops/src -I./libatomic_ops/src -I/opt/local/include -DTHREAD_LOCAL_ALLOC -fexceptions -pipe -Os -arch x86_64 -fno-strict-aliasing -MT allchblk.lo -MD -MP -MF .deps/allchblk.Tpo -c allchblk.c -o allchblk.o >/dev/null 2>&1
:info:build /bin/sh ../../libtool --mode=compile --tag=CC /usr/bin/clang  -DHAVE_CONFIG_H -I. -I../../include   -I/opt/local/include -I../../include -O3 -fomit-frame-pointer -pipe -Os -arch x86_64 -c -o lis_solver_cg.lo lis_solver_cg.c
:info:build libtool: compile:  /usr/bin/clang -DHAVE_CONFIG_H -I. -I../../include -I/opt/local/include -I../../include -O3 -fomit-frame-pointer -pipe -Os -arch x86_64 -c lis_solver_cg.c  -fno-common -DPIC -o .libs/lis_solver_cg.o
:info:build mv -f .deps/allchblk.Tpo .deps/allchblk.Plo
:info:build /bin/sh ./libtool --tag=CC   --mode=compile /usr/bin/clang -DHAVE_CONFIG_H   -I./include -I./include -I./libatomic_ops/src -I./libatomic_ops/src -I/opt/local/include -DTHREAD_LOCAL_ALLOC -fexceptions -pipe -Os -arch x86_64 -fno-strict-aliasing -MT alloc.lo -MD -MP -MF .deps/alloc.Tpo -c -o alloc.lo alloc.c
:info:build libtool: compile:  /usr/bin/clang -DHAVE_CONFIG_H -I./include -I./include -I./libatomic_ops/src -I./libatomic_ops/src -I/opt/local/include -DTHREAD_LOCAL_ALLOC -fexceptions -pipe -Os -arch x86_64 -fno-strict-aliasing -MT alloc.lo -MD -MP -MF .deps/alloc.Tpo -c alloc.c  -fno-common -DPIC -o .libs/alloc.o
:info:build /bin/sh ../../libtool --mode=compile --tag=CC /usr/bin/clang  -DHAVE_CONFIG_H -I. -I../../include   -I/opt/local/include -I../../include -O3 -fomit-frame-pointer -pipe -Os -arch x86_64 -c -o lis_solver_cgs.lo lis_solver_cgs.c
:info:build libtool: compile:  /usr/bin/clang -DHAVE_CONFIG_H -I. -I../../include -I/opt/local/include -I../../include -O3 -fomit-frame-pointer -pipe -Os -arch x86_64 -c lis_solver_cgs.c  -fno-common -DPIC -o .libs/lis_solver_cgs.o
:info:build [ 62%] Building C object CMakeFiles/fmixml.dir/src/XML/src/FMI1/fmi1_xml_capabilities.c.o
:info:build /bin/sh ../../libtool --mode=compile --tag=CC /usr/bin/clang  -DHAVE_CONFIG_H -I. -I../../include   -I/opt/local/include -I../../include -O3 -fomit-frame-pointer -pipe -Os -arch x86_64 -c -o lis_solver_gmres.lo lis_solver_gmres.c
:info:build libtool: compile:  /usr/bin/clang -DHAVE_CONFIG_H -I. -I../../include -I/opt/local/include -I../../include -O3 -fomit-frame-pointer -pipe -Os -arch x86_64 -c lis_solver_gmres.c  -fno-common -DPIC -o .libs/lis_solver_gmres.o
:info:build [ 63%] Building C object CMakeFiles/fmixml.dir/src/XML/src/FMI1/fmi1_xml_cosim.c.o
:info:build libtool: compile:  /usr/bin/clang -DHAVE_CONFIG_H -I./include -I./include -I./libatomic_ops/src -I./libatomic_ops/src -I/opt/local/include -DTHREAD_LOCAL_ALLOC -fexceptions -pipe -Os -arch x86_64 -fno-strict-aliasing -MT alloc.lo -MD -MP -MF .deps/alloc.Tpo -c alloc.c -o alloc.o >/dev/null 2>&1
:info:build [ 65%] Building C object CMakeFiles/fmixml.dir/src/XML/src/FMI2/fmi2_xml_parser.c.o
:info:build /bin/sh ../../libtool --mode=compile --tag=CC /usr/bin/clang  -DHAVE_CONFIG_H -I. -I../../include   -I/opt/local/include -I../../include -O3 -fomit-frame-pointer -pipe -Os -arch x86_64 -c -o lis_solver_gpbicg.lo lis_solver_gpbicg.c
:info:build mv -f .deps/alloc.Tpo .deps/alloc.Plo
:info:build /bin/sh ./libtool --tag=CC   --mode=compile /usr/bin/clang -DHAVE_CONFIG_H   -I./include -I./include -I./libatomic_ops/src -I./libatomic_ops/src -I/opt/local/include -DTHREAD_LOCAL_ALLOC -fexceptions -pipe -Os -arch x86_64 -fno-strict-aliasing -MT blacklst.lo -MD -MP -MF .deps/blacklst.Tpo -c -o blacklst.lo blacklst.c
:info:build libtool: compile:  /usr/bin/clang -DHAVE_CONFIG_H -I. -I../../include -I/opt/local/include -I../../include -O3 -fomit-frame-pointer -pipe -Os -arch x86_64 -c lis_solver_gpbicg.c  -fno-common -DPIC -o .libs/lis_solver_gpbicg.o
:info:build libtool: compile:  /usr/bin/clang -DHAVE_CONFIG_H -I./include -I./include -I./libatomic_ops/src -I./libatomic_ops/src -I/opt/local/include -DTHREAD_LOCAL_ALLOC -fexceptions -pipe -Os -arch x86_64 -fno-strict-aliasing -MT blacklst.lo -MD -MP -MF .deps/blacklst.Tpo -c blacklst.c  -fno-common -DPIC -o .libs/blacklst.o
:info:build /bin/sh ../../libtool --mode=compile --tag=CC /usr/bin/clang  -DHAVE_CONFIG_H -I. -I../../include   -I/opt/local/include -I../../include -O3 -fomit-frame-pointer -pipe -Os -arch x86_64 -c -o lis_solver_gs.lo lis_solver_gs.c
:info:build libtool: compile:  /usr/bin/clang -DHAVE_CONFIG_H -I./include -I./include -I./libatomic_ops/src -I./libatomic_ops/src -I/opt/local/include -DTHREAD_LOCAL_ALLOC -fexceptions -pipe -Os -arch x86_64 -fno-strict-aliasing -MT blacklst.lo -MD -MP -MF .deps/blacklst.Tpo -c blacklst.c -o blacklst.o >/dev/null 2>&1
:info:build libtool: compile:  /usr/bin/clang -DHAVE_CONFIG_H -I. -I../../include -I/opt/local/include -I../../include -O3 -fomit-frame-pointer -pipe -Os -arch x86_64 -c lis_solver_gs.c  -fno-common -DPIC -o .libs/lis_solver_gs.o
:info:build [ 66%] Building C object CMakeFiles/fmixml.dir/src/XML/src/FMI2/fmi2_xml_model_description.c.o
:info:build /bin/sh ../../libtool --mode=compile --tag=CC /usr/bin/clang  -DHAVE_CONFIG_H -I. -I../../include   -I/opt/local/include -I../../include -O3 -fomit-frame-pointer -pipe -Os -arch x86_64 -c -o lis_solver_idrs.lo lis_solver_idrs.c
:info:build mv -f .deps/blacklst.Tpo .deps/blacklst.Plo
:info:build /bin/sh ./libtool --tag=CC   --mode=compile /usr/bin/clang -DHAVE_CONFIG_H   -I./include -I./include -I./libatomic_ops/src -I./libatomic_ops/src -I/opt/local/include -DTHREAD_LOCAL_ALLOC -fexceptions -pipe -Os -arch x86_64 -fno-strict-aliasing -MT checksums.lo -MD -MP -MF .deps/checksums.Tpo -c -o checksums.lo checksums.c
:info:build libtool: compile:  /usr/bin/clang -DHAVE_CONFIG_H -I. -I../../include -I/opt/local/include -I../../include -O3 -fomit-frame-pointer -pipe -Os -arch x86_64 -c lis_solver_idrs.c  -fno-common -DPIC -o .libs/lis_solver_idrs.o
:info:build libtool: compile:  /usr/bin/clang -DHAVE_CONFIG_H -I./include -I./include -I./libatomic_ops/src -I./libatomic_ops/src -I/opt/local/include -DTHREAD_LOCAL_ALLOC -fexceptions -pipe -Os -arch x86_64 -fno-strict-aliasing -MT checksums.lo -MD -MP -MF .deps/checksums.Tpo -c checksums.c  -fno-common -DPIC -o .libs/checksums.o
:info:build libtool: compile:  /usr/bin/clang -DHAVE_CONFIG_H -I./include -I./include -I./libatomic_ops/src -I./libatomic_ops/src -I/opt/local/include -DTHREAD_LOCAL_ALLOC -fexceptions -pipe -Os -arch x86_64 -fno-strict-aliasing -MT checksums.lo -MD -MP -MF .deps/checksums.Tpo -c checksums.c -o checksums.o >/dev/null 2>&1
:info:build [ 67%] Building C object CMakeFiles/fmixml.dir/src/XML/src/FMI2/fmi2_xml_model_structure.c.o
:info:build mv -f .deps/checksums.Tpo .deps/checksums.Plo
:info:build /bin/sh ./libtool --tag=CC   --mode=compile /usr/bin/clang -DHAVE_CONFIG_H   -I./include -I./include -I./libatomic_ops/src -I./libatomic_ops/src -I/opt/local/include -DTHREAD_LOCAL_ALLOC -fexceptions -pipe -Os -arch x86_64 -fno-strict-aliasing -MT dbg_mlc.lo -MD -MP -MF .deps/dbg_mlc.Tpo -c -o dbg_mlc.lo dbg_mlc.c
:info:build /bin/sh ../../libtool --mode=compile --tag=CC /usr/bin/clang  -DHAVE_CONFIG_H -I. -I../../include   -I/opt/local/include -I../../include -O3 -fomit-frame-pointer -pipe -Os -arch x86_64 -c -o lis_solver_jacobi.lo lis_solver_jacobi.c
:info:build libtool: compile:  /usr/bin/clang -DHAVE_CONFIG_H -I./include -I./include -I./libatomic_ops/src -I./libatomic_ops/src -I/opt/local/include -DTHREAD_LOCAL_ALLOC -fexceptions -pipe -Os -arch x86_64 -fno-strict-aliasing -MT dbg_mlc.lo -MD -MP -MF .deps/dbg_mlc.Tpo -c dbg_mlc.c  -fno-common -DPIC -o .libs/dbg_mlc.o
:info:build libtool: compile:  /usr/bin/clang -DHAVE_CONFIG_H -I. -I../../include -I/opt/local/include -I../../include -O3 -fomit-frame-pointer -pipe -Os -arch x86_64 -c lis_solver_jacobi.c  -fno-common -DPIC -o .libs/lis_solver_jacobi.o
:info:build /bin/sh ../../libtool --mode=compile --tag=CC /usr/bin/clang  -DHAVE_CONFIG_H -I. -I../../include   -I/opt/local/include -I../../include -O3 -fomit-frame-pointer -pipe -Os -arch x86_64 -c -o lis_solver_minres.lo lis_solver_minres.c
:info:build libtool: compile:  /usr/bin/clang -DHAVE_CONFIG_H -I. -I../../include -I/opt/local/include -I../../include -O3 -fomit-frame-pointer -pipe -Os -arch x86_64 -c lis_solver_minres.c  -fno-common -DPIC -o .libs/lis_solver_minres.o
:info:build [ 68%] libtool: compile:  /usr/bin/clang -DHAVE_CONFIG_H -I./include -I./include -I./libatomic_ops/src -I./libatomic_ops/src -I/opt/local/include -DTHREAD_LOCAL_ALLOC -fexceptions -pipe -Os -arch x86_64 -fno-strict-aliasing -MT dbg_mlc.lo -MD -MP -MF .deps/dbg_mlc.Tpo -c dbg_mlc.c -o dbg_mlc.o >/dev/null 2>&1
:info:build Building C object CMakeFiles/fmixml.dir/src/XML/src/FMI2/fmi2_xml_type.c.o
:info:build /bin/sh ../../libtool --mode=compile --tag=CC /usr/bin/clang  -DHAVE_CONFIG_H -I. -I../../include   -I/opt/local/include -I../../include -O3 -fomit-frame-pointer -pipe -Os -arch x86_64 -c -o lis_solver_orthomin.lo lis_solver_orthomin.c
:info:build libtool: compile:  /usr/bin/clang -DHAVE_CONFIG_H -I. -I../../include -I/opt/local/include -I../../include -O3 -fomit-frame-pointer -pipe -Os -arch x86_64 -c lis_solver_orthomin.c  -fno-common -DPIC -o .libs/lis_solver_orthomin.o
:info:build mv -f .deps/dbg_mlc.Tpo .deps/dbg_mlc.Plo
:info:build /bin/sh ./libtool --tag=CC   --mode=compile /usr/bin/clang -DHAVE_CONFIG_H   -I./include -I./include -I./libatomic_ops/src -I./libatomic_ops/src -I/opt/local/include -DTHREAD_LOCAL_ALLOC -fexceptions -pipe -Os -arch x86_64 -fno-strict-aliasing -MT dyn_load.lo -MD -MP -MF .deps/dyn_load.Tpo -c -o dyn_load.lo dyn_load.c
:info:build libtool: compile:  /usr/bin/clang -DHAVE_CONFIG_H -I./include -I./include -I./libatomic_ops/src -I./libatomic_ops/src -I/opt/local/include -DTHREAD_LOCAL_ALLOC -fexceptions -pipe -Os -arch x86_64 -fno-strict-aliasing -MT dyn_load.lo -MD -MP -MF .deps/dyn_load.Tpo -c dyn_load.c  -fno-common -DPIC -o .libs/dyn_load.o
:info:build /bin/sh ../../libtool --mode=compile --tag=CC /usr/bin/clang  -DHAVE_CONFIG_H -I. -I../../include   -I/opt/local/include -I../../include -O3 -fomit-frame-pointer -pipe -Os -arch x86_64 -c -o lis_solver_qmr.lo lis_solver_qmr.c
:info:build [ 69%] Building C object CMakeFiles/fmixml.dir/src/XML/src/FMI2/fmi2_xml_unit.c.o
:info:build libtool: compile:  /usr/bin/clang -DHAVE_CONFIG_H -I. -I../../include -I/opt/local/include -I../../include -O3 -fomit-frame-pointer -pipe -Os -arch x86_64 -c lis_solver_qmr.c  -fno-common -DPIC -o .libs/lis_solver_qmr.o
:info:build [ 71%] Building C object CMakeFiles/fmixml.dir/src/XML/src/FMI2/fmi2_xml_vendor_annotations.c.o
:info:build /bin/sh ../../libtool --mode=compile --tag=CC /usr/bin/clang  -DHAVE_CONFIG_H -I. -I../../include   -I/opt/local/include -I../../include -O3 -fomit-frame-pointer -pipe -Os -arch x86_64 -c -o lis_solver_sor.lo lis_solver_sor.c
:info:build /usr/bin/clang++ -c -pipe -O2  -Xarch_x86_64 -mmacosx-version-min=10.8 -w -fPIC -DQT_NO_DEBUG -DQT_GUI_LIB -DQT_CORE_LIB -DQT_SHARED -I/opt/local/share/qt4/mkspecs/macx-g++ -I. -I../generatedfiles/moc -I/opt/local/Library/Frameworks/QtCore.framework/Versions/4/Headers -I/opt/local/Library/Frameworks/QtGui.framework/Versions/4/Headers -I/opt/local/include/qwt -I. -I/opt/local/Library/Frameworks/QtGui.framework/Versions/4/Headers -I/opt/local/Library/Frameworks/QtCore.framework/Versions/4/Headers -I/opt/local/include -o moc_PlotZoomer.o ../generatedfiles/moc/moc_PlotZoomer.cpp
:info:build [ 72%] libtool: compile:  /usr/bin/clang -DHAVE_CONFIG_H -I. -I../../include -I/opt/local/include -I../../include -O3 -fomit-frame-pointer -pipe -Os -arch x86_64 -c lis_solver_sor.c  -fno-common -DPIC -o .libs/lis_solver_sor.o
:info:build Building C object CMakeFiles/fmixml.dir/src/XML/src/FMI2/fmi2_xml_variable.c.o
:info:build dyn_load.c:1389:37: warning: incompatible pointer types passing 'void (const struct mach_header_64 *, intptr_t)' to parameter of type 'void (*)(const struct mach_header *, intptr_t)' [-Wincompatible-pointer-types]
:info:build   _dyld_register_func_for_add_image(GC_dyld_image_add);
:info:build                                     ^~~~~~~~~~~~~~~~~
:info:build /opt/local/include/mach-o/dyld.h:61:54: note: passing argument to parameter 'func' here
:info:build extern void _dyld_register_func_for_add_image(void (*func)(const struct mach_header* mh, intptr_t vmaddr_slide))    __OSX_AVAILABLE_STARTING(__MAC_10_1, __IPHONE_2_0);
:info:build                                                      ^
:info:build dyn_load.c:1390:40: warning: incompatible pointer types passing 'void (const struct mach_header_64 *, intptr_t)' to parameter of type 'void (*)(const struct mach_header *, intptr_t)' [-Wincompatible-pointer-types]
:info:build   _dyld_register_func_for_remove_image(GC_dyld_image_remove);
:info:build                                        ^~~~~~~~~~~~~~~~~~~~
:info:build /opt/local/include/mach-o/dyld.h:62:57: note: passing argument to parameter 'func' here
:info:build extern void _dyld_register_func_for_remove_image(void (*func)(const struct mach_header* mh, intptr_t vmaddr_slide)) __OSX_AVAILABLE_STARTING(__MAC_10_1, __IPHONE_2_0);
:info:build                                                         ^
:info:build dyn_load.c:1413:12: warning: '_dyld_bind_fully_image_containing_address' is deprecated: first deprecated in OS X 10.5 [-Wdeprecated-declarations]
:info:build       if (!_dyld_bind_fully_image_containing_address(
:info:build            ^
:info:build /opt/local/include/mach-o/dyld.h:240:13: note: '_dyld_bind_fully_image_containing_address' declared here
:info:build extern bool _dyld_bind_fully_image_containing_address(const void* address)                   __OSX_AVAILABLE_BUT_DEPRECATED(__MAC_10_1,__MAC_10_5,__IPHONE_NA,__IPHONE_NA);
:info:build             ^
:info:build 3 warnings generated.
:info:build libtool: compile:  /usr/bin/clang -DHAVE_CONFIG_H -I./include -I./include -I./libatomic_ops/src -I./libatomic_ops/src -I/opt/local/include -DTHREAD_LOCAL_ALLOC -fexceptions -pipe -Os -arch x86_64 -fno-strict-aliasing -MT dyn_load.lo -MD -MP -MF .deps/dyn_load.Tpo -c dyn_load.c -o dyn_load.o >/dev/null 2>&1
:info:build /bin/sh ../../libtool --tag=CC   --mode=link /usr/bin/clang -I../../include -O3 -fomit-frame-pointer -pipe -Os -arch x86_64  -Wl,-install_name,@rpath/liblis.dylib -o libsolver.la  lis_solver.lo lis_solver_bicg.lo lis_solver_bicgsafe.lo lis_solver_bicgstab.lo lis_solver_bicgstabl.lo lis_solver_cg.lo lis_solver_cgs.lo lis_solver_gmres.lo lis_solver_gpbicg.lo lis_solver_gs.lo lis_solver_idrs.lo lis_solver_jacobi.lo lis_solver_minres.lo lis_solver_orthomin.lo lis_solver_qmr.lo lis_solver_sor.lo  -lm 
:info:build mv -f .deps/dyn_load.Tpo .deps/dyn_load.Plo
:info:build /bin/sh ./libtool --tag=CC   --mode=compile /usr/bin/clang -DHAVE_CONFIG_H   -I./include -I./include -I./libatomic_ops/src -I./libatomic_ops/src -I/opt/local/include -DTHREAD_LOCAL_ALLOC -fexceptions -pipe -Os -arch x86_64 -fno-strict-aliasing -MT finalize.lo -MD -MP -MF .deps/finalize.Tpo -c -o finalize.lo finalize.c
:info:build libtool: compile:  /usr/bin/clang -DHAVE_CONFIG_H -I./include -I./include -I./libatomic_ops/src -I./libatomic_ops/src -I/opt/local/include -DTHREAD_LOCAL_ALLOC -fexceptions -pipe -Os -arch x86_64 -fno-strict-aliasing -MT finalize.lo -MD -MP -MF .deps/finalize.Tpo -c finalize.c  -fno-common -DPIC -o .libs/finalize.o
:info:build Linking C static library libfmixml.a
:info:build libtool: link: ar cru .libs/libsolver.a .libs/lis_solver.o .libs/lis_solver_bicg.o .libs/lis_solver_bicgsafe.o .libs/lis_solver_bicgstab.o .libs/lis_solver_bicgstabl.o .libs/lis_solver_cg.o .libs/lis_solver_cgs.o .libs/lis_solver_gmres.o .libs/lis_solver_gpbicg.o .libs/lis_solver_gs.o .libs/lis_solver_idrs.o .libs/lis_solver_jacobi.o .libs/lis_solver_minres.o .libs/lis_solver_orthomin.o .libs/lis_solver_qmr.o .libs/lis_solver_sor.o 
:info:build libtool: compile:  /usr/bin/clang -DHAVE_CONFIG_H -I./include -I./include -I./libatomic_ops/src -I./libatomic_ops/src -I/opt/local/include -DTHREAD_LOCAL_ALLOC -fexceptions -pipe -Os -arch x86_64 -fno-strict-aliasing -MT finalize.lo -MD -MP -MF .deps/finalize.Tpo -c finalize.c -o finalize.o >/dev/null 2>&1
:info:build libtool: link: ranlib .libs/libsolver.a
:info:build mv -f .deps/finalize.Tpo .deps/finalize.Plo
:info:build /bin/sh ./libtool --tag=CC   --mode=compile /usr/bin/clang -DHAVE_CONFIG_H   -I./include -I./include -I./libatomic_ops/src -I./libatomic_ops/src -I/opt/local/include -DTHREAD_LOCAL_ALLOC -fexceptions -pipe -Os -arch x86_64 -fno-strict-aliasing -MT gc_dlopen.lo -MD -MP -MF .deps/gc_dlopen.Tpo -c -o gc_dlopen.lo gc_dlopen.c
:info:build libtool: compile:  /usr/bin/clang -DHAVE_CONFIG_H -I./include -I./include -I./libatomic_ops/src -I./libatomic_ops/src -I/opt/local/include -DTHREAD_LOCAL_ALLOC -fexceptions -pipe -Os -arch x86_64 -fno-strict-aliasing -MT gc_dlopen.lo -MD -MP -MF .deps/gc_dlopen.Tpo -c gc_dlopen.c  -fno-common -DPIC -o .libs/gc_dlopen.o
:info:build make[5]: Leaving directory `/opt/local/var/macports/build/_opt_local_var_macports_sources_build.openmodelica.org_macports_lang_openmodelica-devel/openmodelica-devel/work/openmodelica_18002/3rdParty/FMIL/build'
:info:build libtool: link: ( cd ".libs" && rm -f "libsolver.la" && ln -s "../libsolver.la" "libsolver.la" )
:info:build make[3]: Leaving directory `/opt/local/var/macports/build/_opt_local_var_macports_sources_build.openmodelica.org_macports_lang_openmodelica-devel/openmodelica-devel/work/openmodelica_18002/3rdParty/lis-1.4.12/src/solver'
:info:build Making all in esolver
:info:build make[3]: Entering directory `/opt/local/var/macports/build/_opt_local_var_macports_sources_build.openmodelica.org_macports_lang_openmodelica-devel/openmodelica-devel/work/openmodelica_18002/3rdParty/lis-1.4.12/src/esolver'
:info:build /bin/sh ../../libtool --mode=compile --tag=CC /usr/bin/clang  -DHAVE_CONFIG_H -I. -I../../include   -I/opt/local/include -I../../include -O3 -fomit-frame-pointer -pipe -Os -arch x86_64 -c -o lis_esolver.lo lis_esolver.c
:info:build [ 72%] Built target fmixml
:info:build libtool: compile:  /usr/bin/clang -DHAVE_CONFIG_H -I. -I../../include -I/opt/local/include -I../../include -O3 -fomit-frame-pointer -pipe -Os -arch x86_64 -c lis_esolver.c  -fno-common -DPIC -o .libs/lis_esolver.o
:info:build libtool: compile:  /usr/bin/clang -DHAVE_CONFIG_H -I./include -I./include -I./libatomic_ops/src -I./libatomic_ops/src -I/opt/local/include -DTHREAD_LOCAL_ALLOC -fexceptions -pipe -Os -arch x86_64 -fno-strict-aliasing -MT gc_dlopen.lo -MD -MP -MF .deps/gc_dlopen.Tpo -c gc_dlopen.c -o gc_dlopen.o >/dev/null 2>&1
:info:build make[5]: Entering directory `/opt/local/var/macports/build/_opt_local_var_macports_sources_build.openmodelica.org_macports_lang_openmodelica-devel/openmodelica-devel/work/openmodelica_18002/3rdParty/FMIL/build'
:info:build mv -f .deps/gc_dlopen.Tpo .deps/gc_dlopen.Plo
:info:build /bin/sh ./libtool --tag=CC   --mode=compile /usr/bin/clang -DHAVE_CONFIG_H   -I./include -I./include -I./libatomic_ops/src -I./libatomic_ops/src -I/opt/local/include -DTHREAD_LOCAL_ALLOC -fexceptions -pipe -Os -arch x86_64 -fno-strict-aliasing -MT gcj_mlc.lo -MD -MP -MF .deps/gcj_mlc.Tpo -c -o gcj_mlc.lo gcj_mlc.c
:info:build /bin/sh ../../libtool --mode=compile --tag=CC /usr/bin/clang  -DHAVE_CONFIG_H -I. -I../../include   -I/opt/local/include -I../../include -O3 -fomit-frame-pointer -pipe -Os -arch x86_64 -c -o lis_esolver_pi.lo lis_esolver_pi.c
:info:build Scanning dependencies of target fmizip
:info:build make[5]: Leaving directory `/opt/local/var/macports/build/_opt_local_var_macports_sources_build.openmodelica.org_macports_lang_openmodelica-devel/openmodelica-devel/work/openmodelica_18002/3rdParty/FMIL/build'
:info:build make[5]: Entering directory `/opt/local/var/macports/build/_opt_local_var_macports_sources_build.openmodelica.org_macports_lang_openmodelica-devel/openmodelica-devel/work/openmodelica_18002/3rdParty/FMIL/build'
:info:build [ 73%] libtool: compile:  /usr/bin/clang -DHAVE_CONFIG_H -I./include -I./include -I./libatomic_ops/src -I./libatomic_ops/src -I/opt/local/include -DTHREAD_LOCAL_ALLOC -fexceptions -pipe -Os -arch x86_64 -fno-strict-aliasing -MT gcj_mlc.lo -MD -MP -MF .deps/gcj_mlc.Tpo -c gcj_mlc.c  -fno-common -DPIC -o .libs/gcj_mlc.o
:info:build Building C object CMakeFiles/fmizip.dir/src/ZIP/src/fmi_zip_unzip.c.o
:info:build libtool: compile:  /usr/bin/clang -DHAVE_CONFIG_H -I. -I../../include -I/opt/local/include -I../../include -O3 -fomit-frame-pointer -pipe -Os -arch x86_64 -c lis_esolver_pi.c  -fno-common -DPIC -o .libs/lis_esolver_pi.o
:info:build [ 74%] Building C object CMakeFiles/fmizip.dir/src/ZIP/src/fmi_zip_zip.c.o
:info:build /bin/sh ../../libtool --mode=compile --tag=CC /usr/bin/clang  -DHAVE_CONFIG_H -I. -I../../include   -I/opt/local/include -I../../include -O3 -fomit-frame-pointer -pipe -Os -arch x86_64 -c -o lis_esolver_ii.lo lis_esolver_ii.c
:info:build Linking C static library libfmizip.a
:info:build libtool: compile:  /usr/bin/clang -DHAVE_CONFIG_H -I./include -I./include -I./libatomic_ops/src -I./libatomic_ops/src -I/opt/local/include -DTHREAD_LOCAL_ALLOC -fexceptions -pipe -Os -arch x86_64 -fno-strict-aliasing -MT gcj_mlc.lo -MD -MP -MF .deps/gcj_mlc.Tpo -c gcj_mlc.c -o gcj_mlc.o >/dev/null 2>&1
:info:build libtool: compile:  /usr/bin/clang -DHAVE_CONFIG_H -I. -I../../include -I/opt/local/include -I../../include -O3 -fomit-frame-pointer -pipe -Os -arch x86_64 -c lis_esolver_ii.c  -fno-common -DPIC -o .libs/lis_esolver_ii.o
:info:build lis_esolver_ii.c:167:14: warning: & has lower precedence than ==; == will be evaluated first [-Wparentheses]
:info:build   if( output & A->my_rank==0 ) printf("local shift = %e\n", lshift);
:info:build              ^~~~~~~~~~~~~~~
:info:build lis_esolver_ii.c:167:14: note: place parentheses around the '==' expression to silence this warning
:info:build   if( output & A->my_rank==0 ) printf("local shift = %e\n", lshift);
:info:build              ^
:info:build                (            )
:info:build lis_esolver_ii.c:167:14: note: place parentheses around the & expression to evaluate it first
:info:build   if( output & A->my_rank==0 ) printf("local shift = %e\n", lshift);
:info:build              ^
:info:build       (         )
:info:build lis_esolver_ii.c:181:14: warning: & has lower precedence than ==; == will be evaluated first [-Wparentheses]
:info:build   if( output & A->my_rank==0 ) printf("solver     : %s %d\n", solvername, nsol);
:info:build              ^~~~~~~~~~~~~~~
:info:build lis_esolver_ii.c:181:14: note: place parentheses around the '==' expression to silence this warning
:info:build   if( output & A->my_rank==0 ) printf("solver     : %s %d\n", solvername, nsol);
:info:build              ^
:info:build                (            )
:info:build lis_esolver_ii.c:181:14: note: place parentheses around the & expression to evaluate it first
:info:build   if( output & A->my_rank==0 ) printf("solver     : %s %d\n", solvername, nsol);
:info:build              ^
:info:build       (         )
:info:build lis_esolver_ii.c:182:14: warning: & has lower precedence than ==; == will be evaluated first [-Wparentheses]
:info:build   if( output & A->my_rank==0 ) printf("precon     : %s %d\n", preconname, precon_type);
:info:build              ^~~~~~~~~~~~~~~
:info:build lis_esolver_ii.c:182:14: note: place parentheses around the '==' expression to silence this warning
:info:build   if( output & A->my_rank==0 ) printf("precon     : %s %d\n", preconname, precon_type);
:info:build              ^
:info:build                (            )
:info:build lis_esolver_ii.c:182:14: note: place parentheses around the & expression to evaluate it first
:info:build   if( output & A->my_rank==0 ) printf("precon     : %s %d\n", preconname, precon_type);
:info:build              ^
:info:build       (         )
:info:build 3 warnings generated.
:info:build make[5]: Leaving directory `/opt/local/var/macports/build/_opt_local_var_macports_sources_build.openmodelica.org_macports_lang_openmodelica-devel/openmodelica-devel/work/openmodelica_18002/3rdParty/FMIL/build'
:info:build /bin/sh ../../libtool --mode=compile --tag=CC /usr/bin/clang  -DHAVE_CONFIG_H -I. -I../../include   -I/opt/local/include -I../../include -O3 -fomit-frame-pointer -pipe -Os -arch x86_64 -c -o lis_esolver_aii.lo lis_esolver_aii.c
:info:build mv -f .deps/gcj_mlc.Tpo .deps/gcj_mlc.Plo
:info:build /bin/sh ./libtool --tag=CC   --mode=compile /usr/bin/clang -DHAVE_CONFIG_H   -I./include -I./include -I./libatomic_ops/src -I./libatomic_ops/src -I/opt/local/include -DTHREAD_LOCAL_ALLOC -fexceptions -pipe -Os -arch x86_64 -fno-strict-aliasing -MT headers.lo -MD -MP -MF .deps/headers.Tpo -c -o headers.lo headers.c
:info:build [ 74%] Built target fmizip
:info:build libtool: compile:  /usr/bin/clang -DHAVE_CONFIG_H -I. -I../../include -I/opt/local/include -I../../include -O3 -fomit-frame-pointer -pipe -Os -arch x86_64 -c lis_esolver_aii.c  -fno-common -DPIC -o .libs/lis_esolver_aii.o
:info:build libtool: compile:  /usr/bin/clang -DHAVE_CONFIG_H -I./include -I./include -I./libatomic_ops/src -I./libatomic_ops/src -I/opt/local/include -DTHREAD_LOCAL_ALLOC -fexceptions -pipe -Os -arch x86_64 -fno-strict-aliasing -MT headers.lo -MD -MP -MF .deps/headers.Tpo -c headers.c  -fno-common -DPIC -o .libs/headers.o
:info:build make[5]: Entering directory `/opt/local/var/macports/build/_opt_local_var_macports_sources_build.openmodelica.org_macports_lang_openmodelica-devel/openmodelica-devel/work/openmodelica_18002/3rdParty/FMIL/build'
:info:build lis_esolver_aii.c:165:14: warning: & has lower precedence than ==; == will be evaluated first [-Wparentheses]
:info:build   if( output & A->my_rank==0 ) printf("local shift = %e\n", lshift);
:info:build              ^~~~~~~~~~~~~~~
:info:build lis_esolver_aii.c:165:14: note: place parentheses around the '==' expression to silence this warning
:info:build   if( output & A->my_rank==0 ) printf("local shift = %e\n", lshift);
:info:build              ^
:info:build                (            )
:info:build lis_esolver_aii.c:165:14: note: place parentheses around the & expression to evaluate it first
:info:build   if( output & A->my_rank==0 ) printf("local shift = %e\n", lshift);
:info:build              ^
:info:build       (         )
:info:build lis_esolver_aii.c:179:14: warning: & has lower precedence than ==; == will be evaluated first [-Wparentheses]
:info:build   if( output & A->my_rank==0 ) printf("solver     : %s %d\n", solvername, nsol);
:info:build              ^~~~~~~~~~~~~~~
:info:build lis_esolver_aii.c:179:14: note: place parentheses around the '==' expression to silence this warning
:info:build   if( output & A->my_rank==0 ) printf("solver     : %s %d\n", solvername, nsol);
:info:build              ^
:info:build                (            )
:info:build lis_esolver_aii.c:179:14: note: place parentheses around the & expression to evaluate it first
:info:build   if( output & A->my_rank==0 ) printf("solver     : %s %d\n", solvername, nsol);
:info:build              ^
:info:build       (         )
:info:build lis_esolver_aii.c:180:14: warning: & has lower precedence than ==; == will be evaluated first [-Wparentheses]
:info:build   if( output & A->my_rank==0 ) printf("precon     : %s %d\n", preconname, precon_type);
:info:build              ^~~~~~~~~~~~~~~
:info:build lis_esolver_aii.c:180:14: note: place parentheses around the '==' expression to silence this warning
:info:build   if( output & A->my_rank==0 ) printf("precon     : %s %d\n", preconname, precon_type);
:info:build              ^
:info:build                (            )
:info:build lis_esolver_aii.c:180:14: note: place parentheses around the & expression to evaluate it first
:info:build   if( output & A->my_rank==0 ) printf("precon     : %s %d\n", preconname, precon_type);
:info:build              ^
:info:build       (         )
:info:build 3 warnings generated.
:info:build /bin/sh ../../libtool --mode=compile --tag=CC /usr/bin/clang  -DHAVE_CONFIG_H -I. -I../../include   -I/opt/local/include -I../../include -O3 -fomit-frame-pointer -pipe -Os -arch x86_64 -c -o lis_esolver_li.lo lis_esolver_li.c
:info:build libtool: compile:  /usr/bin/clang -DHAVE_CONFIG_H -I. -I../../include -I/opt/local/include -I../../include -O3 -fomit-frame-pointer -pipe -Os -arch x86_64 -c lis_esolver_li.c  -fno-common -DPIC -o .libs/lis_esolver_li.o
:info:build libtool: compile:  /usr/bin/clang -DHAVE_CONFIG_H -I./include -I./include -I./libatomic_ops/src -I./libatomic_ops/src -I/opt/local/include -DTHREAD_LOCAL_ALLOC -fexceptions -pipe -Os -arch x86_64 -fno-strict-aliasing -MT headers.lo -MD -MP -MF .deps/headers.Tpo -c headers.c -o headers.o >/dev/null 2>&1
:info:build Scanning dependencies of target fmiimport
:info:build make[5]: Leaving directory `/opt/local/var/macports/build/_opt_local_var_macports_sources_build.openmodelica.org_macports_lang_openmodelica-devel/openmodelica-devel/work/openmodelica_18002/3rdParty/FMIL/build'
:info:build make[5]: Entering directory `/opt/local/var/macports/build/_opt_local_var_macports_sources_build.openmodelica.org_macports_lang_openmodelica-devel/openmodelica-devel/work/openmodelica_18002/3rdParty/FMIL/build'
:info:build [ 75%] Building C object CMakeFiles/fmiimport.dir/src/Import/src/FMI/fmi_import_context.c.o
:info:build /bin/sh ../../libtool --mode=compile --tag=CC /usr/bin/clang  -DHAVE_CONFIG_H -I. -I../../include   -I/opt/local/include -I../../include -O3 -fomit-frame-pointer -pipe -Os -arch x86_64 -c -o lis_esolver_cg.lo lis_esolver_cg.c
:info:build mv -f .deps/headers.Tpo .deps/headers.Plo
:info:build /bin/sh ./libtool --tag=CC   --mode=compile /usr/bin/clang -DHAVE_CONFIG_H   -I./include -I./include -I./libatomic_ops/src -I./libatomic_ops/src -I/opt/local/include -DTHREAD_LOCAL_ALLOC -fexceptions -pipe -Os -arch x86_64 -fno-strict-aliasing -MT malloc.lo -MD -MP -MF .deps/malloc.Tpo -c -o malloc.lo malloc.c
:info:build [ 77%] libtool: compile:  /usr/bin/clang -DHAVE_CONFIG_H -I. -I../../include -I/opt/local/include -I../../include -O3 -fomit-frame-pointer -pipe -Os -arch x86_64 -c lis_esolver_cg.c  -fno-common -DPIC -o .libs/lis_esolver_cg.o
:info:build Building C object CMakeFiles/fmiimport.dir/src/Import/src/FMI/fmi_import_util.c.o
:info:build libtool: compile:  /usr/bin/clang -DHAVE_CONFIG_H -I./include -I./include -I./libatomic_ops/src -I./libatomic_ops/src -I/opt/local/include -DTHREAD_LOCAL_ALLOC -fexceptions -pipe -Os -arch x86_64 -fno-strict-aliasing -MT malloc.lo -MD -MP -MF .deps/malloc.Tpo -c malloc.c  -fno-common -DPIC -o .libs/malloc.o
:info:build [ 78%] Building C object CMakeFiles/fmiimport.dir/src/Import/src/FMI1/fmi1_import_cosim.c.o
:info:build /bin/sh ../../libtool --mode=compile --tag=CC /usr/bin/clang  -DHAVE_CONFIG_H -I. -I../../include   -I/opt/local/include -I../../include -O3 -fomit-frame-pointer -pipe -Os -arch x86_64 -c -o lis_esolver_si.lo lis_esolver_si.c
:info:build [ 79%] Building C object CMakeFiles/fmiimport.dir/src/Import/src/FMI1/fmi1_import_capi.c.o
:info:build libtool: compile:  /usr/bin/clang -DHAVE_CONFIG_H -I. -I../../include -I/opt/local/include -I../../include -O3 -fomit-frame-pointer -pipe -Os -arch x86_64 -c lis_esolver_si.c  -fno-common -DPIC -o .libs/lis_esolver_si.o
:info:build libtool: compile:  /usr/bin/clang -DHAVE_CONFIG_H -I./include -I./include -I./libatomic_ops/src -I./libatomic_ops/src -I/opt/local/include -DTHREAD_LOCAL_ALLOC -fexceptions -pipe -Os -arch x86_64 -fno-strict-aliasing -MT malloc.lo -MD -MP -MF .deps/malloc.Tpo -c malloc.c -o malloc.o >/dev/null 2>&1
:info:build /bin/sh ../../libtool --mode=compile --tag=CC /usr/bin/clang  -DHAVE_CONFIG_H -I. -I../../include   -I/opt/local/include -I../../include -O3 -fomit-frame-pointer -pipe -Os -arch x86_64 -c -o lis_esolver_rqi.lo lis_esolver_rqi.c
:info:build [ 80%] Building C object CMakeFiles/fmiimport.dir/src/Import/src/FMI1/fmi1_import_type.c.o
:info:build /usr/bin/clang++ -c -pipe -O2  -Xarch_x86_64 -mmacosx-version-min=10.8 -w -fPIC -DQT_NO_DEBUG -DQT_GUI_LIB -DQT_CORE_LIB -DQT_SHARED -I/opt/local/share/qt4/mkspecs/macx-g++ -I. -I../generatedfiles/moc -I/opt/local/Library/Frameworks/QtCore.framework/Versions/4/Headers -I/opt/local/Library/Frameworks/QtGui.framework/Versions/4/Headers -I/opt/local/include/qwt -I. -I/opt/local/Library/Frameworks/QtGui.framework/Versions/4/Headers -I/opt/local/Library/Frameworks/QtCore.framework/Versions/4/Headers -I/opt/local/include -o moc_Legend.o ../generatedfiles/moc/moc_Legend.cpp
:info:build libtool: compile:  /usr/bin/clang -DHAVE_CONFIG_H -I. -I../../include -I/opt/local/include -I../../include -O3 -fomit-frame-pointer -pipe -Os -arch x86_64 -c lis_esolver_rqi.c  -fno-common -DPIC -o .libs/lis_esolver_rqi.o
:info:build mv -f .deps/malloc.Tpo .deps/malloc.Plo
:info:build /bin/sh ./libtool --tag=CC   --mode=compile /usr/bin/clang -DHAVE_CONFIG_H   -I./include -I./include -I./libatomic_ops/src -I./libatomic_ops/src -I/opt/local/include -DTHREAD_LOCAL_ALLOC -fexceptions -pipe -Os -arch x86_64 -fno-strict-aliasing -MT mallocx.lo -MD -MP -MF .deps/mallocx.Tpo -c -o mallocx.lo mallocx.c
:info:build lis_esolver_rqi.c:168:14: warning: & has lower precedence than ==; == will be evaluated first [-Wparentheses]
:info:build   if( output & A->my_rank==0 ) printf("local shift = %e\n", lshift);
:info:build              ^~~~~~~~~~~~~~~
:info:build lis_esolver_rqi.c:168:14: note: place parentheses around the '==' expression to silence this warning
:info:build   if( output & A->my_rank==0 ) printf("local shift = %e\n", lshift);
:info:build              ^
:info:build                (            )
:info:build lis_esolver_rqi.c:168:14: note: place parentheses around the & expression to evaluate it first
:info:build   if( output & A->my_rank==0 ) printf("local shift = %e\n", lshift);
:info:build              ^
:info:build       (         )
:info:build lis_esolver_rqi.c:182:14: warning: & has lower precedence than ==; == will be evaluated first [-Wparentheses]
:info:build   if( output & A->my_rank==0 ) printf("solver     : %s %d\n", solvername, nsol);
:info:build              ^~~~~~~~~~~~~~~
:info:build lis_esolver_rqi.c:182:14: note: place parentheses around the '==' expression to silence this warning
:info:build   if( output & A->my_rank==0 ) printf("solver     : %s %d\n", solvername, nsol);
:info:build              ^
:info:build                (            )
:info:build lis_esolver_rqi.c:182:14: note: place parentheses around the & expression to evaluate it first
:info:build   if( output & A->my_rank==0 ) printf("solver     : %s %d\n", solvername, nsol);
:info:build              ^
:info:build       (         )
:info:build lis_esolver_rqi.c:183:14: warning: & has lower precedence than ==; == will be evaluated first [-Wparentheses]
:info:build   if( output & A->my_rank==0 ) printf("precon     : %s %d\n", preconname, precon_type);
:info:build              ^~~~~~~~~~~~~~~
:info:build lis_esolver_rqi.c:183:14: note: place parentheses around the '==' expression to silence this warning
:info:build   if( output & A->my_rank==0 ) printf("precon     : %s %d\n", preconname, precon_type);
:info:build              ^
:info:build                (            )
:info:build lis_esolver_rqi.c:183:14: note: place parentheses around the & expression to evaluate it first
:info:build   if( output & A->my_rank==0 ) printf("precon     : %s %d\n", preconname, precon_type);
:info:build              ^
:info:build       (         )
:info:build libtool: compile:  /usr/bin/clang -DHAVE_CONFIG_H -I./include -I./include -I./libatomic_ops/src -I./libatomic_ops/src -I/opt/local/include -DTHREAD_LOCAL_ALLOC -fexceptions -pipe -Os -arch x86_64 -fno-strict-aliasing -MT mallocx.lo -MD -MP -MF .deps/mallocx.Tpo -c mallocx.c  -fno-common -DPIC -o .libs/mallocx.o
:info:build 3 warnings generated.
:info:build [ 81%] Building C object CMakeFiles/fmiimport.dir/src/Import/src/FMI1/fmi1_import_unit.c.o
:info:build /bin/sh ../../libtool --tag=CC   --mode=link /usr/bin/clang -I../../include -O3 -fomit-frame-pointer -pipe -Os -arch x86_64  -Wl,-install_name,@rpath/liblis.dylib -o libesolver.la  lis_esolver.lo lis_esolver_pi.lo lis_esolver_ii.lo lis_esolver_aii.lo lis_esolver_li.lo lis_esolver_cg.lo lis_esolver_si.lo lis_esolver_rqi.lo  -lm 
:info:build [ 83%] Building C object CMakeFiles/fmiimport.dir/src/Import/src/FMI1/fmi1_import_variable.c.o
:info:build libtool: compile:  /usr/bin/clang -DHAVE_CONFIG_H -I./include -I./include -I./libatomic_ops/src -I./libatomic_ops/src -I/opt/local/include -DTHREAD_LOCAL_ALLOC -fexceptions -pipe -Os -arch x86_64 -fno-strict-aliasing -MT mallocx.lo -MD -MP -MF .deps/mallocx.Tpo -c mallocx.c -o mallocx.o >/dev/null 2>&1
:info:build libtool: link: ar cru .libs/libesolver.a .libs/lis_esolver.o .libs/lis_esolver_pi.o .libs/lis_esolver_ii.o .libs/lis_esolver_aii.o .libs/lis_esolver_li.o .libs/lis_esolver_cg.o .libs/lis_esolver_si.o .libs/lis_esolver_rqi.o 
:info:build [ 84%] Building C object CMakeFiles/fmiimport.dir/src/Import/src/FMI1/fmi1_import_variable_list.c.o
:info:build libtool: link: ranlib .libs/libesolver.a
:info:build mv -f .deps/mallocx.Tpo .deps/mallocx.Plo
:info:build /bin/sh ./libtool --tag=CC   --mode=compile /usr/bin/clang -DHAVE_CONFIG_H   -I./include -I./include -I./libatomic_ops/src -I./libatomic_ops/src -I/opt/local/include -DTHREAD_LOCAL_ALLOC -fexceptions -pipe -Os -arch x86_64 -fno-strict-aliasing -MT mark.lo -MD -MP -MF .deps/mark.Tpo -c -o mark.lo mark.c
:info:build libtool: compile:  /usr/bin/clang -DHAVE_CONFIG_H -I./include -I./include -I./libatomic_ops/src -I./libatomic_ops/src -I/opt/local/include -DTHREAD_LOCAL_ALLOC -fexceptions -pipe -Os -arch x86_64 -fno-strict-aliasing -MT mark.lo -MD -MP -MF .deps/mark.Tpo -c mark.c  -fno-common -DPIC -o .libs/mark.o
:info:build libtool: link: ( cd ".libs" && rm -f "libesolver.la" && ln -s "../libesolver.la" "libesolver.la" )
:info:build [ 85%] Building C object CMakeFiles/fmiimport.dir/src/Import/src/FMI1/fmi1_import_vendor_annotations.c.o
:info:build make[3]: Leaving directory `/opt/local/var/macports/build/_opt_local_var_macports_sources_build.openmodelica.org_macports_lang_openmodelica-devel/openmodelica-devel/work/openmodelica_18002/3rdParty/lis-1.4.12/src/esolver'
:info:build Making all in system
:info:build make[3]: Entering directory `/opt/local/var/macports/build/_opt_local_var_macports_sources_build.openmodelica.org_macports_lang_openmodelica-devel/openmodelica-devel/work/openmodelica_18002/3rdParty/lis-1.4.12/src/system'
:info:build /bin/sh ../../libtool --mode=compile --tag=CC /usr/bin/clang  -DHAVE_CONFIG_H -I. -I../../include   -I/opt/local/include -I../../include -O3 -fomit-frame-pointer -pipe -Os -arch x86_64 -c -o lis_error.lo lis_error.c
:info:build libtool: compile:  /usr/bin/clang -DHAVE_CONFIG_H -I. -I../../include -I/opt/local/include -I../../include -O3 -fomit-frame-pointer -pipe -Os -arch x86_64 -c lis_error.c  -fno-common -DPIC -o .libs/lis_error.o
:info:build [ 86%] Building C object CMakeFiles/fmiimport.dir/src/Import/src/FMI1/fmi1_import.c.o
:info:build /bin/sh ../../libtool --mode=compile --tag=CC /usr/bin/clang  -DHAVE_CONFIG_H -I. -I../../include   -I/opt/local/include -I../../include -O3 -fomit-frame-pointer -pipe -Os -arch x86_64 -c -o lis_hash.lo lis_hash.c
:info:build libtool: compile:  /usr/bin/clang -DHAVE_CONFIG_H -I. -I../../include -I/opt/local/include -I../../include -O3 -fomit-frame-pointer -pipe -Os -arch x86_64 -c lis_hash.c  -fno-common -DPIC -o .libs/lis_hash.o
:info:build libtool: compile:  /usr/bin/clang -DHAVE_CONFIG_H -I./include -I./include -I./libatomic_ops/src -I./libatomic_ops/src -I/opt/local/include -DTHREAD_LOCAL_ALLOC -fexceptions -pipe -Os -arch x86_64 -fno-strict-aliasing -MT mark.lo -MD -MP -MF .deps/mark.Tpo -c mark.c -o mark.o >/dev/null 2>&1
:info:build [ 87%] Building C object CMakeFiles/fmiimport.dir/src/Import/src/FMI1/fmi1_import_capabilities.c.o
:info:build /bin/sh ../../libtool --mode=compile --tag=CC /usr/bin/clang  -DHAVE_CONFIG_H -I. -I../../include   -I/opt/local/include -I../../include -O3 -fomit-frame-pointer -pipe -Os -arch x86_64 -c -o lis_init.lo lis_init.c
:info:build libtool: compile:  /usr/bin/clang -DHAVE_CONFIG_H -I. -I../../include -I/opt/local/include -I../../include -O3 -fomit-frame-pointer -pipe -Os -arch x86_64 -c lis_init.c  -fno-common -DPIC -o .libs/lis_init.o
:info:build [ 89%] Building C object CMakeFiles/fmiimport.dir/src/Import/src/FMI1/fmi1_import_convenience.c.o
:info:build /bin/sh ../../libtool --mode=compile --tag=CC /usr/bin/clang  -DHAVE_CONFIG_H -I. -I../../include   -I/opt/local/include -I../../include -O3 -fomit-frame-pointer -pipe -Os -arch x86_64 -c -o lis_input.lo lis_input.c
:info:build mv -f .deps/mark.Tpo .deps/mark.Plo
:info:build /bin/sh ./libtool --tag=CC   --mode=compile /usr/bin/clang -DHAVE_CONFIG_H   -I./include -I./include -I./libatomic_ops/src -I./libatomic_ops/src -I/opt/local/include -DTHREAD_LOCAL_ALLOC -fexceptions -pipe -Os -arch x86_64 -fno-strict-aliasing -MT mark_rts.lo -MD -MP -MF .deps/mark_rts.Tpo -c -o mark_rts.lo mark_rts.c
:info:build libtool: compile:  /usr/bin/clang -DHAVE_CONFIG_H -I. -I../../include -I/opt/local/include -I../../include -O3 -fomit-frame-pointer -pipe -Os -arch x86_64 -c lis_input.c  -fno-common -DPIC -o .libs/lis_input.o
:info:build libtool: compile:  /usr/bin/clang -DHAVE_CONFIG_H -I./include -I./include -I./libatomic_ops/src -I./libatomic_ops/src -I/opt/local/include -DTHREAD_LOCAL_ALLOC -fexceptions -pipe -Os -arch x86_64 -fno-strict-aliasing -MT mark_rts.lo -MD -MP -MF .deps/mark_rts.Tpo -c mark_rts.c  -fno-common -DPIC -o .libs/mark_rts.o
:info:build [ 90%] Building C object CMakeFiles/fmiimport.dir/src/Import/src/FMI2/fmi2_import_capi.c.o
:info:build /bin/sh ../../libtool --mode=compile --tag=CC /usr/bin/clang  -DHAVE_CONFIG_H -I. -I../../include   -I/opt/local/include -I../../include -O3 -fomit-frame-pointer -pipe -Os -arch x86_64 -c -o lis_input_hb.lo lis_input_hb.c
:info:build libtool: compile:  /usr/bin/clang -DHAVE_CONFIG_H -I. -I../../include -I/opt/local/include -I../../include -O3 -fomit-frame-pointer -pipe -Os -arch x86_64 -c lis_input_hb.c  -fno-common -DPIC -o .libs/lis_input_hb.o
:info:build libtool: compile:  /usr/bin/clang -DHAVE_CONFIG_H -I./include -I./include -I./libatomic_ops/src -I./libatomic_ops/src -I/opt/local/include -DTHREAD_LOCAL_ALLOC -fexceptions -pipe -Os -arch x86_64 -fno-strict-aliasing -MT mark_rts.lo -MD -MP -MF .deps/mark_rts.Tpo -c mark_rts.c -o mark_rts.o >/dev/null 2>&1
:info:build [ 91%] Building C object CMakeFiles/fmiimport.dir/src/Import/src/FMI2/fmi2_import_type.c.o
:info:build /bin/sh ../../libtool --mode=compile --tag=CC /usr/bin/clang  -DHAVE_CONFIG_H -I. -I../../include   -I/opt/local/include -I../../include -O3 -fomit-frame-pointer -pipe -Os -arch x86_64 -c -o lis_input_mm.lo lis_input_mm.c
:info:build libtool: compile:  /usr/bin/clang -DHAVE_CONFIG_H -I. -I../../include -I/opt/local/include -I../../include -O3 -fomit-frame-pointer -pipe -Os -arch x86_64 -c lis_input_mm.c  -fno-common -DPIC -o .libs/lis_input_mm.o
:info:build [ 92%] Building C object CMakeFiles/fmiimport.dir/src/Import/src/FMI2/fmi2_import_unit.c.o
:info:build mv -f .deps/mark_rts.Tpo .deps/mark_rts.Plo
:info:build /bin/sh ./libtool --tag=CC   --mode=compile /usr/bin/clang -DHAVE_CONFIG_H   -I./include -I./include -I./libatomic_ops/src -I./libatomic_ops/src -I/opt/local/include -DTHREAD_LOCAL_ALLOC -fexceptions -pipe -Os -arch x86_64 -fno-strict-aliasing -MT misc.lo -MD -MP -MF .deps/misc.Tpo -c -o misc.lo misc.c
:info:build libtool: compile:  /usr/bin/clang -DHAVE_CONFIG_H -I./include -I./include -I./libatomic_ops/src -I./libatomic_ops/src -I/opt/local/include -DTHREAD_LOCAL_ALLOC -fexceptions -pipe -Os -arch x86_64 -fno-strict-aliasing -MT misc.lo -MD -MP -MF .deps/misc.Tpo -c misc.c  -fno-common -DPIC -o .libs/misc.o
:info:build [ 93%] Building C object CMakeFiles/fmiimport.dir/src/Import/src/FMI2/fmi2_import_variable.c.o
:info:build /bin/sh ../../libtool --mode=compile --tag=CC /usr/bin/clang  -DHAVE_CONFIG_H -I. -I../../include   -I/opt/local/include -I../../include -O3 -fomit-frame-pointer -pipe -Os -arch x86_64 -c -o lis_memory.lo lis_memory.c
:info:build libtool: compile:  /usr/bin/clang -DHAVE_CONFIG_H -I. -I../../include -I/opt/local/include -I../../include -O3 -fomit-frame-pointer -pipe -Os -arch x86_64 -c lis_memory.c  -fno-common -DPIC -o .libs/lis_memory.o
:info:build [ 95%] Building C object CMakeFiles/fmiimport.dir/src/Import/src/FMI2/fmi2_import_variable_list.c.o
:info:build /bin/sh ../../libtool --mode=compile --tag=CC /usr/bin/clang  -DHAVE_CONFIG_H -I. -I../../include   -I/opt/local/include -I../../include -O3 -fomit-frame-pointer -pipe -Os -arch x86_64 -c -o lis_output.lo lis_output.c
:info:build libtool: compile:  /usr/bin/clang -DHAVE_CONFIG_H -I./include -I./include -I./libatomic_ops/src -I./libatomic_ops/src -I/opt/local/include -DTHREAD_LOCAL_ALLOC -fexceptions -pipe -Os -arch x86_64 -fno-strict-aliasing -MT misc.lo -MD -MP -MF .deps/misc.Tpo -c misc.c -o misc.o >/dev/null 2>&1
:info:build libtool: compile:  /usr/bin/clang -DHAVE_CONFIG_H -I. -I../../include -I/opt/local/include -I../../include -O3 -fomit-frame-pointer -pipe -Os -arch x86_64 -c lis_output.c  -fno-common -DPIC -o .libs/lis_output.o
:info:build [ 96%] Building C object CMakeFiles/fmiimport.dir/src/Import/src/FMI2/fmi2_import.c.o
:info:build /bin/sh ../../libtool --mode=compile --tag=CC /usr/bin/clang  -DHAVE_CONFIG_H -I. -I../../include   -I/opt/local/include -I../../include -O3 -fomit-frame-pointer -pipe -Os -arch x86_64 -c -o lis_output_mm.lo lis_output_mm.c
:info:build mv -f .deps/misc.Tpo .deps/misc.Plo
:info:build /bin/sh ./libtool --tag=CC   --mode=compile /usr/bin/clang -DHAVE_CONFIG_H   -I./include -I./include -I./libatomic_ops/src -I./libatomic_ops/src -I/opt/local/include -DTHREAD_LOCAL_ALLOC -fexceptions -pipe -Os -arch x86_64 -fno-strict-aliasing -MT new_hblk.lo -MD -MP -MF .deps/new_hblk.Tpo -c -o new_hblk.lo new_hblk.c
:info:build libtool: compile:  /usr/bin/clang -DHAVE_CONFIG_H -I. -I../../include -I/opt/local/include -I../../include -O3 -fomit-frame-pointer -pipe -Os -arch x86_64 -c lis_output_mm.c  -fno-common -DPIC -o .libs/lis_output_mm.o
:info:build libtool: compile:  /usr/bin/clang -DHAVE_CONFIG_H -I./include -I./include -I./libatomic_ops/src -I./libatomic_ops/src -I/opt/local/include -DTHREAD_LOCAL_ALLOC -fexceptions -pipe -Os -arch x86_64 -fno-strict-aliasing -MT new_hblk.lo -MD -MP -MF .deps/new_hblk.Tpo -c new_hblk.c  -fno-common -DPIC -o .libs/new_hblk.o
:info:build /bin/sh ../../libtool --mode=compile --tag=CC /usr/bin/clang  -DHAVE_CONFIG_H -I. -I../../include   -I/opt/local/include -I../../include -O3 -fomit-frame-pointer -pipe -Os -arch x86_64 -c -o lis_sort.lo lis_sort.c
:info:build [ 97%] Building C object CMakeFiles/fmiimport.dir/src/Import/src/FMI2/fmi2_import_convenience.c.o
:info:build libtool: compile:  /usr/bin/clang -DHAVE_CONFIG_H -I./include -I./include -I./libatomic_ops/src -I./libatomic_ops/src -I/opt/local/include -DTHREAD_LOCAL_ALLOC -fexceptions -pipe -Os -arch x86_64 -fno-strict-aliasing -MT new_hblk.lo -MD -MP -MF .deps/new_hblk.Tpo -c new_hblk.c -o new_hblk.o >/dev/null 2>&1
:info:build libtool: compile:  /usr/bin/clang -DHAVE_CONFIG_H -I. -I../../include -I/opt/local/include -I../../include -O3 -fomit-frame-pointer -pipe -Os -arch x86_64 -c lis_sort.c  -fno-common -DPIC -o .libs/lis_sort.o
:info:build /usr/bin/clang++ -c -pipe -O2  -Xarch_x86_64 -mmacosx-version-min=10.8 -w -fPIC -DQT_NO_DEBUG -DQT_GUI_LIB -DQT_CORE_LIB -DQT_SHARED -I/opt/local/share/qt4/mkspecs/macx-g++ -I. -I../generatedfiles/moc -I/opt/local/Library/Frameworks/QtCore.framework/Versions/4/Headers -I/opt/local/Library/Frameworks/QtGui.framework/Versions/4/Headers -I/opt/local/include/qwt -I. -I/opt/local/Library/Frameworks/QtGui.framework/Versions/4/Headers -I/opt/local/Library/Frameworks/QtCore.framework/Versions/4/Headers -I/opt/local/include -o moc_PlotPanner.o ../generatedfiles/moc/moc_PlotPanner.cpp
:info:build mv -f .deps/new_hblk.Tpo .deps/new_hblk.Plo
:info:build /bin/sh ./libtool --tag=CC   --mode=compile /usr/bin/clang -DHAVE_CONFIG_H   -I./include -I./include -I./libatomic_ops/src -I./libatomic_ops/src -I/opt/local/include -DTHREAD_LOCAL_ALLOC -fexceptions -pipe -Os -arch x86_64 -fno-strict-aliasing -MT obj_map.lo -MD -MP -MF .deps/obj_map.Tpo -c -o obj_map.lo obj_map.c
:info:build Linking C static library libfmiimport.a
:info:build libtool: compile:  /usr/bin/clang -DHAVE_CONFIG_H -I./include -I./include -I./libatomic_ops/src -I./libatomic_ops/src -I/opt/local/include -DTHREAD_LOCAL_ALLOC -fexceptions -pipe -Os -arch x86_64 -fno-strict-aliasing -MT obj_map.lo -MD -MP -MF .deps/obj_map.Tpo -c obj_map.c  -fno-common -DPIC -o .libs/obj_map.o
:info:build /bin/sh ../../libtool --mode=compile --tag=CC /usr/bin/clang  -DHAVE_CONFIG_H -I. -I../../include   -I/opt/local/include -I../../include -O3 -fomit-frame-pointer -pipe -Os -arch x86_64 -c -o lis_times.lo lis_times.c
:info:build libtool: compile:  /usr/bin/clang -DHAVE_CONFIG_H -I. -I../../include -I/opt/local/include -I../../include -O3 -fomit-frame-pointer -pipe -Os -arch x86_64 -c lis_times.c  -fno-common -DPIC -o .libs/lis_times.o
:info:build libtool: compile:  /usr/bin/clang -DHAVE_CONFIG_H -I./include -I./include -I./libatomic_ops/src -I./libatomic_ops/src -I/opt/local/include -DTHREAD_LOCAL_ALLOC -fexceptions -pipe -Os -arch x86_64 -fno-strict-aliasing -MT obj_map.lo -MD -MP -MF .deps/obj_map.Tpo -c obj_map.c -o obj_map.o >/dev/null 2>&1
:info:build /bin/sh ../../libtool --mode=compile --tag=CC /usr/bin/clang  -DHAVE_CONFIG_H -I. -I../../include   -I/opt/local/include -I../../include -O3 -fomit-frame-pointer -pipe -Os -arch x86_64 -c -o mt19937ar.lo mt19937ar.c
:info:build libtool: compile:  /usr/bin/clang -DHAVE_CONFIG_H -I. -I../../include -I/opt/local/include -I../../include -O3 -fomit-frame-pointer -pipe -Os -arch x86_64 -c mt19937ar.c  -fno-common -DPIC -o .libs/mt19937ar.o
:info:build mv -f .deps/obj_map.Tpo .deps/obj_map.Plo
:info:build /bin/sh ./libtool --tag=CC   --mode=compile /usr/bin/clang -DHAVE_CONFIG_H   -I./include -I./include -I./libatomic_ops/src -I./libatomic_ops/src -I/opt/local/include -DTHREAD_LOCAL_ALLOC -fexceptions -pipe -Os -arch x86_64 -fno-strict-aliasing -MT os_dep.lo -MD -MP -MF .deps/os_dep.Tpo -c -o os_dep.lo os_dep.c
:info:build libtool: compile:  /usr/bin/clang -DHAVE_CONFIG_H -I./include -I./include -I./libatomic_ops/src -I./libatomic_ops/src -I/opt/local/include -DTHREAD_LOCAL_ALLOC -fexceptions -pipe -Os -arch x86_64 -fno-strict-aliasing -MT os_dep.lo -MD -MP -MF .deps/os_dep.Tpo -c os_dep.c  -fno-common -DPIC -o .libs/os_dep.o
:info:build /bin/sh ../../libtool --tag=CC   --mode=link /usr/bin/clang -I../../include -O3 -fomit-frame-pointer -pipe -Os -arch x86_64  -Wl,-install_name,@rpath/liblis.dylib -o libsystem.la  lis_error.lo lis_hash.lo lis_init.lo lis_input.lo lis_input_hb.lo lis_input_mm.lo lis_memory.lo lis_output.lo lis_output_mm.lo lis_sort.lo lis_times.lo mt19937ar.lo  -lm 
:info:build make[5]: Leaving directory `/opt/local/var/macports/build/_opt_local_var_macports_sources_build.openmodelica.org_macports_lang_openmodelica-devel/openmodelica-devel/work/openmodelica_18002/3rdParty/FMIL/build'
:info:build [ 97%] Built target fmiimport
:info:build make[5]: Entering directory `/opt/local/var/macports/build/_opt_local_var_macports_sources_build.openmodelica.org_macports_lang_openmodelica-devel/openmodelica-devel/work/openmodelica_18002/3rdParty/FMIL/build'
:info:build [ 98%] Generating fmilib_dummy.c
:info:build Scanning dependencies of target fmilib
:info:build make[5]: Leaving directory `/opt/local/var/macports/build/_opt_local_var_macports_sources_build.openmodelica.org_macports_lang_openmodelica-devel/openmodelica-devel/work/openmodelica_18002/3rdParty/FMIL/build'
:info:build make[5]: Entering directory `/opt/local/var/macports/build/_opt_local_var_macports_sources_build.openmodelica.org_macports_lang_openmodelica-devel/openmodelica-devel/work/openmodelica_18002/3rdParty/FMIL/build'
:info:build libtool: link: ar cru .libs/libsystem.a .libs/lis_error.o .libs/lis_hash.o .libs/lis_init.o .libs/lis_input.o .libs/lis_input_hb.o .libs/lis_input_mm.o .libs/lis_memory.o .libs/lis_output.o .libs/lis_output_mm.o .libs/lis_sort.o .libs/lis_times.o .libs/mt19937ar.o 
:info:build [100%] Building C object CMakeFiles/fmilib.dir/fmilib_dummy.c.o
:info:build Linking C static library libfmilib.a
:info:build libtool: link: ranlib .libs/libsystem.a
:info:build libtool: compile:  /usr/bin/clang -DHAVE_CONFIG_H -I./include -I./include -I./libatomic_ops/src -I./libatomic_ops/src -I/opt/local/include -DTHREAD_LOCAL_ALLOC -fexceptions -pipe -Os -arch x86_64 -fno-strict-aliasing -MT os_dep.lo -MD -MP -MF .deps/os_dep.Tpo -c os_dep.c -o os_dep.o >/dev/null 2>&1
:info:build libtool: link: ( cd ".libs" && rm -f "libsystem.la" && ln -s "../libsystem.la" "libsystem.la" )
:info:build make[3]: Leaving directory `/opt/local/var/macports/build/_opt_local_var_macports_sources_build.openmodelica.org_macports_lang_openmodelica-devel/openmodelica-devel/work/openmodelica_18002/3rdParty/lis-1.4.12/src/system'
:info:build Making all in precision
:info:build make[3]: Entering directory `/opt/local/var/macports/build/_opt_local_var_macports_sources_build.openmodelica.org_macports_lang_openmodelica-devel/openmodelica-devel/work/openmodelica_18002/3rdParty/lis-1.4.12/src/precision'
:info:build /bin/sh ../../libtool --mode=compile --tag=CC /usr/bin/clang  -DHAVE_CONFIG_H -I. -I../../include   -I/opt/local/include -I../../include  -O3 -fomit-frame-pointer -pipe -Os -arch x86_64 -c -o lis_precision.lo lis_precision.c
:info:build libtool: compile:  /usr/bin/clang -DHAVE_CONFIG_H -I. -I../../include -I/opt/local/include -I../../include -O3 -fomit-frame-pointer -pipe -Os -arch x86_64 -c lis_precision.c  -fno-common -DPIC -o .libs/lis_precision.o
:info:build /bin/sh ../../libtool --mode=compile --tag=CC /usr/bin/clang  -DHAVE_CONFIG_H -I. -I../../include   -I/opt/local/include -I../../include  -O3 -fomit-frame-pointer -pipe -Os -arch x86_64 -c -o lis_precision_vec.lo lis_precision_vec.c
:info:build mv -f .deps/os_dep.Tpo .deps/os_dep.Plo
:info:build /bin/sh ./libtool --tag=CC   --mode=compile /usr/bin/clang -DHAVE_CONFIG_H   -I./include -I./include -I./libatomic_ops/src -I./libatomic_ops/src -I/opt/local/include -DTHREAD_LOCAL_ALLOC -fexceptions -pipe -Os -arch x86_64 -fno-strict-aliasing -MT pcr_interface.lo -MD -MP -MF .deps/pcr_interface.Tpo -c -o pcr_interface.lo pcr_interface.c
:info:build libtool: compile:  /usr/bin/clang -DHAVE_CONFIG_H -I. -I../../include -I/opt/local/include -I../../include -O3 -fomit-frame-pointer -pipe -Os -arch x86_64 -c lis_precision_vec.c  -fno-common -DPIC -o .libs/lis_precision_vec.o
:info:build libtool: compile:  /usr/bin/clang -DHAVE_CONFIG_H -I./include -I./include -I./libatomic_ops/src -I./libatomic_ops/src -I/opt/local/include -DTHREAD_LOCAL_ALLOC -fexceptions -pipe -Os -arch x86_64 -fno-strict-aliasing -MT pcr_interface.lo -MD -MP -MF .deps/pcr_interface.Tpo -c pcr_interface.c  -fno-common -DPIC -o .libs/pcr_interface.o
:info:build /bin/sh ../../libtool --mode=compile --tag=CC /usr/bin/clang  -DHAVE_CONFIG_H -I. -I../../include   -I/opt/local/include -I../../include  -O3 -fomit-frame-pointer -pipe -Os -arch x86_64 -c -o lis_precision_matvec.lo lis_precision_matvec.c
:info:build libtool: compile:  /usr/bin/clang -DHAVE_CONFIG_H -I./include -I./include -I./libatomic_ops/src -I./libatomic_ops/src -I/opt/local/include -DTHREAD_LOCAL_ALLOC -fexceptions -pipe -Os -arch x86_64 -fno-strict-aliasing -MT pcr_interface.lo -MD -MP -MF .deps/pcr_interface.Tpo -c pcr_interface.c -o pcr_interface.o >/dev/null 2>&1
:info:build libtool: compile:  /usr/bin/clang -DHAVE_CONFIG_H -I. -I../../include -I/opt/local/include -I../../include -O3 -fomit-frame-pointer -pipe -Os -arch x86_64 -c lis_precision_matvec.c  -fno-common -DPIC -o .libs/lis_precision_matvec.o
:info:build mv -f .deps/pcr_interface.Tpo .deps/pcr_interface.Plo
:info:build /bin/sh ./libtool --tag=CC   --mode=compile /usr/bin/clang -DHAVE_CONFIG_H   -I./include -I./include -I./libatomic_ops/src -I./libatomic_ops/src -I/opt/local/include -DTHREAD_LOCAL_ALLOC -fexceptions -pipe -Os -arch x86_64 -fno-strict-aliasing -MT ptr_chck.lo -MD -MP -MF .deps/ptr_chck.Tpo -c -o ptr_chck.lo ptr_chck.c
:info:build libtool: compile:  /usr/bin/clang -DHAVE_CONFIG_H -I./include -I./include -I./libatomic_ops/src -I./libatomic_ops/src -I/opt/local/include -DTHREAD_LOCAL_ALLOC -fexceptions -pipe -Os -arch x86_64 -fno-strict-aliasing -MT ptr_chck.lo -MD -MP -MF .deps/ptr_chck.Tpo -c ptr_chck.c  -fno-common -DPIC -o .libs/ptr_chck.o
:info:build /bin/sh ../../libtool --tag=CC   --mode=link /usr/bin/clang -I../../include  -O3 -fomit-frame-pointer -pipe -Os -arch x86_64  -Wl,-install_name,@rpath/liblis.dylib -o libprecision.la  lis_precision.lo lis_precision_vec.lo lis_precision_matvec.lo  -lm 
:info:build libtool: compile:  /usr/bin/clang -DHAVE_CONFIG_H -I./include -I./include -I./libatomic_ops/src -I./libatomic_ops/src -I/opt/local/include -DTHREAD_LOCAL_ALLOC -fexceptions -pipe -Os -arch x86_64 -fno-strict-aliasing -MT ptr_chck.lo -MD -MP -MF .deps/ptr_chck.Tpo -c ptr_chck.c -o ptr_chck.o >/dev/null 2>&1
:info:build /usr/bin/libtool: file: /opt/local/var/macports/build/_opt_local_var_macports_sources_build.openmodelica.org_macports_lang_openmodelica-devel/openmodelica-devel/work/openmodelica_18002/3rdParty/FMIL/build/ExpatEx/./libexpat.a(xmltok_impl.c.o) has no symbols
:info:build /usr/bin/libtool: file: /opt/local/var/macports/build/_opt_local_var_macports_sources_build.openmodelica.org_macports_lang_openmodelica-devel/openmodelica-devel/work/openmodelica_18002/3rdParty/FMIL/build/ExpatEx/./libexpat.a(xmltok_ns.c.o) has no symbols
:info:build mv -f .deps/ptr_chck.Tpo .deps/ptr_chck.Plo
:info:build /bin/sh ./libtool --tag=CC   --mode=compile /usr/bin/clang -DHAVE_CONFIG_H   -I./include -I./include -I./libatomic_ops/src -I./libatomic_ops/src -I/opt/local/include -DTHREAD_LOCAL_ALLOC -fexceptions -pipe -Os -arch x86_64 -fno-strict-aliasing -MT real_malloc.lo -MD -MP -MF .deps/real_malloc.Tpo -c -o real_malloc.lo real_malloc.c
:info:build libtool: link: ar cru .libs/libprecision.a .libs/lis_precision.o .libs/lis_precision_vec.o .libs/lis_precision_matvec.o 
:info:build /opt/local/bin/ranlib: file: .libs/libprecision.a(lis_precision.o) has no symbols
:info:build /opt/local/bin/ranlib: file: .libs/libprecision.a(lis_precision_vec.o) has no symbols
:info:build /opt/local/bin/ranlib: file: .libs/libprecision.a(lis_precision_matvec.o) has no symbols
:info:build libtool: link: ranlib .libs/libprecision.a
:info:build ranlib: file: .libs/libprecision.a(lis_precision.o) has no symbols
:info:build ranlib: file: .libs/libprecision.a(lis_precision_vec.o) has no symbols
:info:build ranlib: file: .libs/libprecision.a(lis_precision_matvec.o) has no symbols
:info:build ranlib: warning for library: .libs/libprecision.a the table of contents is empty (no object file members in the library define global symbols)
:info:build libtool: compile:  /usr/bin/clang -DHAVE_CONFIG_H -I./include -I./include -I./libatomic_ops/src -I./libatomic_ops/src -I/opt/local/include -DTHREAD_LOCAL_ALLOC -fexceptions -pipe -Os -arch x86_64 -fno-strict-aliasing -MT real_malloc.lo -MD -MP -MF .deps/real_malloc.Tpo -c real_malloc.c  -fno-common -DPIC -o .libs/real_malloc.o
:info:build libtool: compile:  /usr/bin/clang -DHAVE_CONFIG_H -I./include -I./include -I./libatomic_ops/src -I./libatomic_ops/src -I/opt/local/include -DTHREAD_LOCAL_ALLOC -fexceptions -pipe -Os -arch x86_64 -fno-strict-aliasing -MT real_malloc.lo -MD -MP -MF .deps/real_malloc.Tpo -c real_malloc.c -o real_malloc.o >/dev/null 2>&1
:info:build mv -f .deps/real_malloc.Tpo .deps/real_malloc.Plo
:info:build /bin/sh ./libtool --tag=CC   --mode=compile /usr/bin/clang -DHAVE_CONFIG_H   -I./include -I./include -I./libatomic_ops/src -I./libatomic_ops/src -I/opt/local/include -DTHREAD_LOCAL_ALLOC -fexceptions -pipe -Os -arch x86_64 -fno-strict-aliasing -MT reclaim.lo -MD -MP -MF .deps/reclaim.Tpo -c -o reclaim.lo reclaim.c
:info:build libtool: link: ( cd ".libs" && rm -f "libprecision.la" && ln -s "../libprecision.la" "libprecision.la" )
:info:build make[3]: Leaving directory `/opt/local/var/macports/build/_opt_local_var_macports_sources_build.openmodelica.org_macports_lang_openmodelica-devel/openmodelica-devel/work/openmodelica_18002/3rdParty/lis-1.4.12/src/precision'
:info:build make[3]: Entering directory `/opt/local/var/macports/build/_opt_local_var_macports_sources_build.openmodelica.org_macports_lang_openmodelica-devel/openmodelica-devel/work/openmodelica_18002/3rdParty/lis-1.4.12/src'
:info:build /bin/sh ../libtool --tag=CC   --mode=link /usr/bin/clang  -O3 -fomit-frame-pointer -pipe -Os -arch x86_64  -Wl,-install_name,@rpath/liblis.dylib -o liblis.la -rpath /usr/local/lib  matrix/libmatrix.la vector/libvector.la matvec/libmatvec.la precon/libprecon.la solver/libsolver.la esolver/libesolver.la system/libsystem.la precision/libprecision.la   -lm 
:info:build libtool: compile:  /usr/bin/clang -DHAVE_CONFIG_H -I./include -I./include -I./libatomic_ops/src -I./libatomic_ops/src -I/opt/local/include -DTHREAD_LOCAL_ALLOC -fexceptions -pipe -Os -arch x86_64 -fno-strict-aliasing -MT reclaim.lo -MD -MP -MF .deps/reclaim.Tpo -c reclaim.c  -fno-common -DPIC -o .libs/reclaim.o
:info:build /usr/bin/clang++ -c -pipe -O2  -Xarch_x86_64 -mmacosx-version-min=10.8 -w -fPIC -DQT_NO_DEBUG -DQT_GUI_LIB -DQT_CORE_LIB -DQT_SHARED -I/opt/local/share/qt4/mkspecs/macx-g++ -I. -I../generatedfiles/moc -I/opt/local/Library/Frameworks/QtCore.framework/Versions/4/Headers -I/opt/local/Library/Frameworks/QtGui.framework/Versions/4/Headers -I/opt/local/include/qwt -I. -I/opt/local/Library/Frameworks/QtGui.framework/Versions/4/Headers -I/opt/local/Library/Frameworks/QtCore.framework/Versions/4/Headers -I/opt/local/include -o moc_PlotWindow.o ../generatedfiles/moc/moc_PlotWindow.cpp
:info:build libtool: compile:  /usr/bin/clang -DHAVE_CONFIG_H -I./include -I./include -I./libatomic_ops/src -I./libatomic_ops/src -I/opt/local/include -DTHREAD_LOCAL_ALLOC -fexceptions -pipe -Os -arch x86_64 -fno-strict-aliasing -MT reclaim.lo -MD -MP -MF .deps/reclaim.Tpo -c reclaim.c -o reclaim.o >/dev/null 2>&1
:info:build make[5]: Leaving directory `/opt/local/var/macports/build/_opt_local_var_macports_sources_build.openmodelica.org_macports_lang_openmodelica-devel/openmodelica-devel/work/openmodelica_18002/3rdParty/FMIL/build'
:info:build [100%] Built target fmilib
:info:build make[4]: Leaving directory `/opt/local/var/macports/build/_opt_local_var_macports_sources_build.openmodelica.org_macports_lang_openmodelica-devel/openmodelica-devel/work/openmodelica_18002/3rdParty/FMIL/build'
:info:build make[3]: Leaving directory `/opt/local/var/macports/build/_opt_local_var_macports_sources_build.openmodelica.org_macports_lang_openmodelica-devel/openmodelica-devel/work/openmodelica_18002/3rdParty/FMIL/build'
:info:build test -d 3rdParty/FMIL/install || /usr/bin/make -C 3rdParty/FMIL/build install
:info:build make[3]: Entering directory `/opt/local/var/macports/build/_opt_local_var_macports_sources_build.openmodelica.org_macports_lang_openmodelica-devel/openmodelica-devel/work/openmodelica_18002/3rdParty/FMIL/build'
:info:build make[4]: Entering directory `/opt/local/var/macports/build/_opt_local_var_macports_sources_build.openmodelica.org_macports_lang_openmodelica-devel/openmodelica-devel/work/openmodelica_18002/3rdParty/FMIL/build'
:info:build make[5]: Entering directory `/opt/local/var/macports/build/_opt_local_var_macports_sources_build.openmodelica.org_macports_lang_openmodelica-devel/openmodelica-devel/work/openmodelica_18002/3rdParty/FMIL/build'
:info:build make[5]: Leaving directory `/opt/local/var/macports/build/_opt_local_var_macports_sources_build.openmodelica.org_macports_lang_openmodelica-devel/openmodelica-devel/work/openmodelica_18002/3rdParty/FMIL/build'
:info:build mv -f .deps/reclaim.Tpo .deps/reclaim.Plo
:info:build /bin/sh ./libtool --tag=CC   --mode=compile /usr/bin/clang -DHAVE_CONFIG_H   -I./include -I./include -I./libatomic_ops/src -I./libatomic_ops/src -I/opt/local/include -DTHREAD_LOCAL_ALLOC -fexceptions -pipe -Os -arch x86_64 -fno-strict-aliasing -MT specific.lo -MD -MP -MF .deps/specific.Tpo -c -o specific.lo specific.c
:info:build [ 10%] Built target expatex
:info:build make[5]: Entering directory `/opt/local/var/macports/build/_opt_local_var_macports_sources_build.openmodelica.org_macports_lang_openmodelica-devel/openmodelica-devel/work/openmodelica_18002/3rdParty/FMIL/build'
:info:build make[5]: Leaving directory `/opt/local/var/macports/build/_opt_local_var_macports_sources_build.openmodelica.org_macports_lang_openmodelica-devel/openmodelica-devel/work/openmodelica_18002/3rdParty/FMIL/build'
:info:build libtool: compile:  /usr/bin/clang -DHAVE_CONFIG_H -I./include -I./include -I./libatomic_ops/src -I./libatomic_ops/src -I/opt/local/include -DTHREAD_LOCAL_ALLOC -fexceptions -pipe -Os -arch x86_64 -fno-strict-aliasing -MT specific.lo -MD -MP -MF .deps/specific.Tpo -c specific.c  -fno-common -DPIC -o .libs/specific.o
:info:build [ 12%] Built target c99snprintf
:info:build make[5]: Entering directory `/opt/local/var/macports/build/_opt_local_var_macports_sources_build.openmodelica.org_macports_lang_openmodelica-devel/openmodelica-devel/work/openmodelica_18002/3rdParty/FMIL/build'
:info:build make[5]: Leaving directory `/opt/local/var/macports/build/_opt_local_var_macports_sources_build.openmodelica.org_macports_lang_openmodelica-devel/openmodelica-devel/work/openmodelica_18002/3rdParty/FMIL/build'
:info:build [ 30%] Built target zlib
:info:build make[5]: Entering directory `/opt/local/var/macports/build/_opt_local_var_macports_sources_build.openmodelica.org_macports_lang_openmodelica-devel/openmodelica-devel/work/openmodelica_18002/3rdParty/FMIL/build'
:info:build make[5]: Leaving directory `/opt/local/var/macports/build/_opt_local_var_macports_sources_build.openmodelica.org_macports_lang_openmodelica-devel/openmodelica-devel/work/openmodelica_18002/3rdParty/FMIL/build'
:info:build [ 39%] Built target jmutils
:info:build make[5]: Entering directory `/opt/local/var/macports/build/_opt_local_var_macports_sources_build.openmodelica.org_macports_lang_openmodelica-devel/openmodelica-devel/work/openmodelica_18002/3rdParty/FMIL/build'
:info:build make[5]: Leaving directory `/opt/local/var/macports/build/_opt_local_var_macports_sources_build.openmodelica.org_macports_lang_openmodelica-devel/openmodelica-devel/work/openmodelica_18002/3rdParty/FMIL/build'
:info:build [ 45%] Built target minizip
:info:build make[5]: Entering directory `/opt/local/var/macports/build/_opt_local_var_macports_sources_build.openmodelica.org_macports_lang_openmodelica-devel/openmodelica-devel/work/openmodelica_18002/3rdParty/FMIL/build'
:info:build make[5]: Leaving directory `/opt/local/var/macports/build/_opt_local_var_macports_sources_build.openmodelica.org_macports_lang_openmodelica-devel/openmodelica-devel/work/openmodelica_18002/3rdParty/FMIL/build'
:info:build [ 53%] Built target fmicapi
:info:build make[5]: Entering directory `/opt/local/var/macports/build/_opt_local_var_macports_sources_build.openmodelica.org_macports_lang_openmodelica-devel/openmodelica-devel/work/openmodelica_18002/3rdParty/FMIL/build'
:info:build make[5]: Leaving directory `/opt/local/var/macports/build/_opt_local_var_macports_sources_build.openmodelica.org_macports_lang_openmodelica-devel/openmodelica-devel/work/openmodelica_18002/3rdParty/FMIL/build'
:info:build [ 72%] Built target fmixml
:info:build make[5]: Entering directory `/opt/local/var/macports/build/_opt_local_var_macports_sources_build.openmodelica.org_macports_lang_openmodelica-devel/openmodelica-devel/work/openmodelica_18002/3rdParty/FMIL/build'
:info:build make[5]: Leaving directory `/opt/local/var/macports/build/_opt_local_var_macports_sources_build.openmodelica.org_macports_lang_openmodelica-devel/openmodelica-devel/work/openmodelica_18002/3rdParty/FMIL/build'
:info:build [ 74%] Built target fmizip
:info:build make[5]: Entering directory `/opt/local/var/macports/build/_opt_local_var_macports_sources_build.openmodelica.org_macports_lang_openmodelica-devel/openmodelica-devel/work/openmodelica_18002/3rdParty/FMIL/build'
:info:build libtool: compile:  /usr/bin/clang -DHAVE_CONFIG_H -I./include -I./include -I./libatomic_ops/src -I./libatomic_ops/src -I/opt/local/include -DTHREAD_LOCAL_ALLOC -fexceptions -pipe -Os -arch x86_64 -fno-strict-aliasing -MT specific.lo -MD -MP -MF .deps/specific.Tpo -c specific.c -o specific.o >/dev/null 2>&1
:info:build make[5]: Leaving directory `/opt/local/var/macports/build/_opt_local_var_macports_sources_build.openmodelica.org_macports_lang_openmodelica-devel/openmodelica-devel/work/openmodelica_18002/3rdParty/FMIL/build'
:info:build [ 97%] Built target fmiimport
:info:build make[5]: Entering directory `/opt/local/var/macports/build/_opt_local_var_macports_sources_build.openmodelica.org_macports_lang_openmodelica-devel/openmodelica-devel/work/openmodelica_18002/3rdParty/FMIL/build'
:info:build mv -f .deps/specific.Tpo .deps/specific.Plo
:info:build /bin/sh ./libtool --tag=CC   --mode=compile /usr/bin/clang -DHAVE_CONFIG_H   -I./include -I./include -I./libatomic_ops/src -I./libatomic_ops/src -I/opt/local/include -DTHREAD_LOCAL_ALLOC -fexceptions -pipe -Os -arch x86_64 -fno-strict-aliasing -MT stubborn.lo -MD -MP -MF .deps/stubborn.Tpo -c -o stubborn.lo stubborn.c
:info:build make[5]: Leaving directory `/opt/local/var/macports/build/_opt_local_var_macports_sources_build.openmodelica.org_macports_lang_openmodelica-devel/openmodelica-devel/work/openmodelica_18002/3rdParty/FMIL/build'
:info:build [100%] Built target fmilib
:info:build make[4]: Leaving directory `/opt/local/var/macports/build/_opt_local_var_macports_sources_build.openmodelica.org_macports_lang_openmodelica-devel/openmodelica-devel/work/openmodelica_18002/3rdParty/FMIL/build'
:info:build libtool: compile:  /usr/bin/clang -DHAVE_CONFIG_H -I./include -I./include -I./libatomic_ops/src -I./libatomic_ops/src -I/opt/local/include -DTHREAD_LOCAL_ALLOC -fexceptions -pipe -Os -arch x86_64 -fno-strict-aliasing -MT stubborn.lo -MD -MP -MF .deps/stubborn.Tpo -c stubborn.c  -fno-common -DPIC -o .libs/stubborn.o
:info:build Install the project...
:info:build -- Install configuration: "Release"
:info:build -- Installing: /opt/local/var/macports/build/_opt_local_var_macports_sources_build.openmodelica.org_macports_lang_openmodelica-devel/openmodelica-devel/work/openmodelica_18002/3rdParty/FMIL/build/../install/lib/libfmilib.a
:info:build libtool: link: (cd .libs/liblis.lax/libmatrix.a && ar x "/opt/local/var/macports/build/_opt_local_var_macports_sources_build.openmodelica.org_macports_lang_openmodelica-devel/openmodelica-devel/work/openmodelica_18002/3rdParty/lis-1.4.12/src/matrix/.libs/libmatrix.a")
:info:build libtool: compile:  /usr/bin/clang -DHAVE_CONFIG_H -I./include -I./include -I./libatomic_ops/src -I./libatomic_ops/src -I/opt/local/include -DTHREAD_LOCAL_ALLOC -fexceptions -pipe -Os -arch x86_64 -fno-strict-aliasing -MT stubborn.lo -MD -MP -MF .deps/stubborn.Tpo -c stubborn.c -o stubborn.o >/dev/null 2>&1
:info:build mv -f .deps/stubborn.Tpo .deps/stubborn.Plo
:info:build /bin/sh ./libtool --tag=CC   --mode=compile /usr/bin/clang -DHAVE_CONFIG_H   -I./include -I./include -I./libatomic_ops/src -I./libatomic_ops/src -I/opt/local/include -DTHREAD_LOCAL_ALLOC -fexceptions -pipe -Os -arch x86_64 -fno-strict-aliasing -MT typd_mlc.lo -MD -MP -MF .deps/typd_mlc.Tpo -c -o typd_mlc.lo typd_mlc.c
:info:build libtool: compile:  /usr/bin/clang -DHAVE_CONFIG_H -I./include -I./include -I./libatomic_ops/src -I./libatomic_ops/src -I/opt/local/include -DTHREAD_LOCAL_ALLOC -fexceptions -pipe -Os -arch x86_64 -fno-strict-aliasing -MT typd_mlc.lo -MD -MP -MF .deps/typd_mlc.Tpo -c typd_mlc.c  -fno-common -DPIC -o .libs/typd_mlc.o
:info:build libtool: link: (cd .libs/liblis.lax/libvector.a && ar x "/opt/local/var/macports/build/_opt_local_var_macports_sources_build.openmodelica.org_macports_lang_openmodelica-devel/openmodelica-devel/work/openmodelica_18002/3rdParty/lis-1.4.12/src/vector/.libs/libvector.a")
:info:build libtool: link: (cd .libs/liblis.lax/libmatvec.a && ar x "/opt/local/var/macports/build/_opt_local_var_macports_sources_build.openmodelica.org_macports_lang_openmodelica-devel/openmodelica-devel/work/openmodelica_18002/3rdParty/lis-1.4.12/src/matvec/.libs/libmatvec.a")
:info:build libtool: compile:  /usr/bin/clang -DHAVE_CONFIG_H -I./include -I./include -I./libatomic_ops/src -I./libatomic_ops/src -I/opt/local/include -DTHREAD_LOCAL_ALLOC -fexceptions -pipe -Os -arch x86_64 -fno-strict-aliasing -MT typd_mlc.lo -MD -MP -MF .deps/typd_mlc.Tpo -c typd_mlc.c -o typd_mlc.o >/dev/null 2>&1
:info:build libtool: link: (cd .libs/liblis.lax/libprecon.a && ar x "/opt/local/var/macports/build/_opt_local_var_macports_sources_build.openmodelica.org_macports_lang_openmodelica-devel/openmodelica-devel/work/openmodelica_18002/3rdParty/lis-1.4.12/src/precon/.libs/libprecon.a")
:info:build /usr/bin/ranlib: file: ../install/lib/libfmilib.a(xmltok_impl.c.o) has no symbols
:info:build /usr/bin/ranlib: file: ../install/lib/libfmilib.a(xmltok_ns.c.o) has no symbols
:info:build mv -f .deps/typd_mlc.Tpo .deps/typd_mlc.Plo
:info:build /bin/sh ./libtool --tag=CC   --mode=compile /usr/bin/clang -DHAVE_CONFIG_H   -I./include -I./include -I./libatomic_ops/src -I./libatomic_ops/src -I/opt/local/include -DTHREAD_LOCAL_ALLOC -fexceptions -pipe -Os -arch x86_64 -fno-strict-aliasing -MT backgraph.lo -MD -MP -MF .deps/backgraph.Tpo -c -o backgraph.lo backgraph.c
:info:build libtool: compile:  /usr/bin/clang -DHAVE_CONFIG_H -I./include -I./include -I./libatomic_ops/src -I./libatomic_ops/src -I/opt/local/include -DTHREAD_LOCAL_ALLOC -fexceptions -pipe -Os -arch x86_64 -fno-strict-aliasing -MT backgraph.lo -MD -MP -MF .deps/backgraph.Tpo -c backgraph.c  -fno-common -DPIC -o .libs/backgraph.o
:info:build libtool: link: (cd .libs/liblis.lax/libsolver.a && ar x "/opt/local/var/macports/build/_opt_local_var_macports_sources_build.openmodelica.org_macports_lang_openmodelica-devel/openmodelica-devel/work/openmodelica_18002/3rdParty/lis-1.4.12/src/solver/.libs/libsolver.a")
:info:build /usr/bin/clang++ -c -pipe -O2  -Xarch_x86_64 -mmacosx-version-min=10.8 -w -fPIC -DQT_NO_DEBUG -DQT_GUI_LIB -DQT_CORE_LIB -DQT_SHARED -I/opt/local/share/qt4/mkspecs/macx-g++ -I. -I../generatedfiles/moc -I/opt/local/Library/Frameworks/QtCore.framework/Versions/4/Headers -I/opt/local/Library/Frameworks/QtGui.framework/Versions/4/Headers -I/opt/local/include/qwt -I. -I/opt/local/Library/Frameworks/QtGui.framework/Versions/4/Headers -I/opt/local/Library/Frameworks/QtCore.framework/Versions/4/Headers -I/opt/local/include -o moc_PlotApplication.o ../generatedfiles/moc/moc_PlotApplication.cpp
:info:build libtool: compile:  /usr/bin/clang -DHAVE_CONFIG_H -I./include -I./include -I./libatomic_ops/src -I./libatomic_ops/src -I/opt/local/include -DTHREAD_LOCAL_ALLOC -fexceptions -pipe -Os -arch x86_64 -fno-strict-aliasing -MT backgraph.lo -MD -MP -MF .deps/backgraph.Tpo -c backgraph.c -o backgraph.o >/dev/null 2>&1
:info:build -- Installing: /opt/local/var/macports/build/_opt_local_var_macports_sources_build.openmodelica.org_macports_lang_openmodelica-devel/openmodelica-devel/work/openmodelica_18002/3rdParty/FMIL/build/../install/doc/FMILIB_Readme.txt
:info:build -- Installing: /opt/local/var/macports/build/_opt_local_var_macports_sources_build.openmodelica.org_macports_lang_openmodelica-devel/openmodelica-devel/work/openmodelica_18002/3rdParty/FMIL/build/../install/doc/FMILIB_License.txt
:info:build -- Installing: /opt/local/var/macports/build/_opt_local_var_macports_sources_build.openmodelica.org_macports_lang_openmodelica-devel/openmodelica-devel/work/openmodelica_18002/3rdParty/FMIL/build/../install/doc/FMILIB_Acknowledgements.txt
:info:build mv -f .deps/backgraph.Tpo .deps/backgraph.Plo
:info:build /bin/sh ./libtool --tag=CC   --mode=compile /usr/bin/clang -DHAVE_CONFIG_H   -I./include -I./include -I./libatomic_ops/src -I./libatomic_ops/src -I/opt/local/include -DTHREAD_LOCAL_ALLOC -fexceptions -pipe -Os -arch x86_64 -fno-strict-aliasing -MT thread_local_alloc.lo -MD -MP -MF .deps/thread_local_alloc.Tpo -c -o thread_local_alloc.lo thread_local_alloc.c
:info:build -- Installing: /opt/local/var/macports/build/_opt_local_var_macports_sources_build.openmodelica.org_macports_lang_openmodelica-devel/openmodelica-devel/work/openmodelica_18002/3rdParty/FMIL/build/../install/include/fmilib_config.h
:info:build -- Installing: /opt/local/var/macports/build/_opt_local_var_macports_sources_build.openmodelica.org_macports_lang_openmodelica-devel/openmodelica-devel/work/openmodelica_18002/3rdParty/FMIL/build/../install/include/fmilib.h
:info:build -- Installing: /opt/local/var/macports/build/_opt_local_var_macports_sources_build.openmodelica.org_macports_lang_openmodelica-devel/openmodelica-devel/work/openmodelica_18002/3rdParty/FMIL/build/../install/./include
:info:build -- Installing: /opt/local/var/macports/build/_opt_local_var_macports_sources_build.openmodelica.org_macports_lang_openmodelica-devel/openmodelica-devel/work/openmodelica_18002/3rdParty/FMIL/build/../install/./include/FMI
:info:build -- Installing: /opt/local/var/macports/build/_opt_local_var_macports_sources_build.openmodelica.org_macports_lang_openmodelica-devel/openmodelica-devel/work/openmodelica_18002/3rdParty/FMIL/build/../install/./include/FMI/fmi_import_context.h
:info:build -- Installing: /opt/local/var/macports/build/_opt_local_var_macports_sources_build.openmodelica.org_macports_lang_openmodelica-devel/openmodelica-devel/work/openmodelica_18002/3rdParty/FMIL/build/../install/./include/FMI/fmi_import_util.h
:info:build -- Installing: /opt/local/var/macports/build/_opt_local_var_macports_sources_build.openmodelica.org_macports_lang_openmodelica-devel/openmodelica-devel/work/openmodelica_18002/3rdParty/FMIL/build/../install/./include/FMI1
:info:build -- Installing: /opt/local/var/macports/build/_opt_local_var_macports_sources_build.openmodelica.org_macports_lang_openmodelica-devel/openmodelica-devel/work/openmodelica_18002/3rdParty/FMIL/build/../install/./include/FMI1/fmi1_import.h
:info:build -- Installing: /opt/local/var/macports/build/_opt_local_var_macports_sources_build.openmodelica.org_macports_lang_openmodelica-devel/openmodelica-devel/work/openmodelica_18002/3rdParty/FMIL/build/../install/./include/FMI1/fmi1_import_capabilities.h
:info:build -- Installing: /opt/local/var/macports/build/_opt_local_var_macports_sources_build.openmodelica.org_macports_lang_openmodelica-devel/openmodelica-devel/work/openmodelica_18002/3rdParty/FMIL/build/../install/./include/FMI1/fmi1_import_capi.h
:info:build -- Installing: /opt/local/var/macports/build/_opt_local_var_macports_sources_build.openmodelica.org_macports_lang_openmodelica-devel/openmodelica-devel/work/openmodelica_18002/3rdParty/FMIL/build/../install/./include/FMI1/fmi1_import_convenience.h
:info:build -- Installing: /opt/local/var/macports/build/_opt_local_var_macports_sources_build.openmodelica.org_macports_lang_openmodelica-devel/openmodelica-devel/work/openmodelica_18002/3rdParty/FMIL/build/../install/./include/FMI1/fmi1_import_cosim.h
:info:build -- Installing: /opt/local/var/macports/build/_opt_local_var_macports_sources_build.openmodelica.org_macports_lang_openmodelica-devel/openmodelica-devel/work/openmodelica_18002/3rdParty/FMIL/build/../install/./include/FMI1/fmi1_import_type.h
:info:build -- Installing: /opt/local/var/macports/build/_opt_local_var_macports_sources_build.openmodelica.org_macports_lang_openmodelica-devel/openmodelica-devel/work/openmodelica_18002/3rdParty/FMIL/build/../install/./include/FMI1/fmi1_import_unit.h
:info:build -- Installing: /opt/local/var/macports/build/_opt_local_var_macports_sources_build.openmodelica.org_macports_lang_openmodelica-devel/openmodelica-devel/work/openmodelica_18002/3rdParty/FMIL/build/../install/./include/FMI1/fmi1_import_variable.h
:info:build -- Installing: /opt/local/var/macports/build/_opt_local_var_macports_sources_build.openmodelica.org_macports_lang_openmodelica-devel/openmodelica-devel/work/openmodelica_18002/3rdParty/FMIL/build/../install/./include/FMI1/fmi1_import_variable_list.h
:info:build -- Installing: /opt/local/var/macports/build/_opt_local_var_macports_sources_build.openmodelica.org_macports_lang_openmodelica-devel/openmodelica-devel/work/openmodelica_18002/3rdParty/FMIL/build/../install/./include/FMI1/fmi1_import_vendor_annotations.h
:info:build -- Installing: /opt/local/var/macports/build/_opt_local_var_macports_sources_build.openmodelica.org_macports_lang_openmodelica-devel/openmodelica-devel/work/openmodelica_18002/3rdParty/FMIL/build/../install/./include/FMI2
:info:build -- Installing: /opt/local/var/macports/build/_opt_local_var_macports_sources_build.openmodelica.org_macports_lang_openmodelica-devel/openmodelica-devel/work/openmodelica_18002/3rdParty/FMIL/build/../install/./include/FMI2/fmi2_import.h
:info:build -- Installing: /opt/local/var/macports/build/_opt_local_var_macports_sources_build.openmodelica.org_macports_lang_openmodelica-devel/openmodelica-devel/work/openmodelica_18002/3rdParty/FMIL/build/../install/./include/FMI2/fmi2_import_capi.h
:info:build libtool: link: (cd .libs/liblis.lax/libesolver.a && ar x "/opt/local/var/macports/build/_opt_local_var_macports_sources_build.openmodelica.org_macports_lang_openmodelica-devel/openmodelica-devel/work/openmodelica_18002/3rdParty/lis-1.4.12/src/esolver/.libs/libesolver.a")
:info:build -- Installing: /opt/local/var/macports/build/_opt_local_var_macports_sources_build.openmodelica.org_macports_lang_openmodelica-devel/openmodelica-devel/work/openmodelica_18002/3rdParty/FMIL/build/../install/./include/FMI2/fmi2_import_convenience.h
:info:build -- Installing: /opt/local/var/macports/build/_opt_local_var_macports_sources_build.openmodelica.org_macports_lang_openmodelica-devel/openmodelica-devel/work/openmodelica_18002/3rdParty/FMIL/build/../install/./include/FMI2/fmi2_import_type.h
:info:build -- Installing: /opt/local/var/macports/build/_opt_local_var_macports_sources_build.openmodelica.org_macports_lang_openmodelica-devel/openmodelica-devel/work/openmodelica_18002/3rdParty/FMIL/build/../install/./include/FMI2/fmi2_import_unit.h
:info:build -- Installing: /opt/local/var/macports/build/_opt_local_var_macports_sources_build.openmodelica.org_macports_lang_openmodelica-devel/openmodelica-devel/work/openmodelica_18002/3rdParty/FMIL/build/../install/./include/FMI2/fmi2_import_variable.h
:info:build -- Installing: /opt/local/var/macports/build/_opt_local_var_macports_sources_build.openmodelica.org_macports_lang_openmodelica-devel/openmodelica-devel/work/openmodelica_18002/3rdParty/FMIL/build/../install/./include/FMI2/fmi2_import_variable_list.h
:info:build -- Installing: /opt/local/var/macports/build/_opt_local_var_macports_sources_build.openmodelica.org_macports_lang_openmodelica-devel/openmodelica-devel/work/openmodelica_18002/3rdParty/FMIL/build/../install/./include
:info:build -- Installing: /opt/local/var/macports/build/_opt_local_var_macports_sources_build.openmodelica.org_macports_lang_openmodelica-devel/openmodelica-devel/work/openmodelica_18002/3rdParty/FMIL/build/../install/./include/FMI
:info:build -- Installing: /opt/local/var/macports/build/_opt_local_var_macports_sources_build.openmodelica.org_macports_lang_openmodelica-devel/openmodelica-devel/work/openmodelica_18002/3rdParty/FMIL/build/../install/./include/FMI/fmi_util.h
:info:build -- Installing: /opt/local/var/macports/build/_opt_local_var_macports_sources_build.openmodelica.org_macports_lang_openmodelica-devel/openmodelica-devel/work/openmodelica_18002/3rdParty/FMIL/build/../install/./include/FMI/fmi_version.h
:info:build -- Installing: /opt/local/var/macports/build/_opt_local_var_macports_sources_build.openmodelica.org_macports_lang_openmodelica-devel/openmodelica-devel/work/openmodelica_18002/3rdParty/FMIL/build/../install/./include/FMI1
:info:build -- Installing: /opt/local/var/macports/build/_opt_local_var_macports_sources_build.openmodelica.org_macports_lang_openmodelica-devel/openmodelica-devel/work/openmodelica_18002/3rdParty/FMIL/build/../install/./include/FMI1/fmi1_enums.h
:info:build -- Installing: /opt/local/var/macports/build/_opt_local_var_macports_sources_build.openmodelica.org_macports_lang_openmodelica-devel/openmodelica-devel/work/openmodelica_18002/3rdParty/FMIL/build/../install/./include/FMI1/fmi1_functions.h
:info:build -- Installing: /opt/local/var/macports/build/_opt_local_var_macports_sources_build.openmodelica.org_macports_lang_openmodelica-devel/openmodelica-devel/work/openmodelica_18002/3rdParty/FMIL/build/../install/./include/FMI1/fmi1_types.h
:info:build -- Installing: /opt/local/var/macports/build/_opt_local_var_macports_sources_build.openmodelica.org_macports_lang_openmodelica-devel/openmodelica-devel/work/openmodelica_18002/3rdParty/FMIL/build/../install/./include/FMI2
:info:build -- Installing: /opt/local/var/macports/build/_opt_local_var_macports_sources_build.openmodelica.org_macports_lang_openmodelica-devel/openmodelica-devel/work/openmodelica_18002/3rdParty/FMIL/build/../install/./include/FMI2/fmi2_enums.h
:info:build -- Installing: /opt/local/var/macports/build/_opt_local_var_macports_sources_build.openmodelica.org_macports_lang_openmodelica-devel/openmodelica-devel/work/openmodelica_18002/3rdParty/FMIL/build/../install/./include/FMI2/fmi2_functions.h
:info:build -- Installing: /opt/local/var/macports/build/_opt_local_var_macports_sources_build.openmodelica.org_macports_lang_openmodelica-devel/openmodelica-devel/work/openmodelica_18002/3rdParty/FMIL/build/../install/./include/FMI2/fmi2_types.h
:info:build -- Installing: /opt/local/var/macports/build/_opt_local_var_macports_sources_build.openmodelica.org_macports_lang_openmodelica-devel/openmodelica-devel/work/openmodelica_18002/3rdParty/FMIL/build/../install/./include/FMI2/fmi2_xml_callbacks.h
:info:build -- Installing: /opt/local/var/macports/build/_opt_local_var_macports_sources_build.openmodelica.org_macports_lang_openmodelica-devel/openmodelica-devel/work/openmodelica_18002/3rdParty/FMIL/build/../install/./include/JM
:info:build -- Installing: /opt/local/var/macports/build/_opt_local_var_macports_sources_build.openmodelica.org_macports_lang_openmodelica-devel/openmodelica-devel/work/openmodelica_18002/3rdParty/FMIL/build/../install/./include/JM/jm_callbacks.h
:info:build -- Installing: /opt/local/var/macports/build/_opt_local_var_macports_sources_build.openmodelica.org_macports_lang_openmodelica-devel/openmodelica-devel/work/openmodelica_18002/3rdParty/FMIL/build/../install/./include/JM/jm_named_ptr.h
:info:build -- Installing: /opt/local/var/macports/build/_opt_local_var_macports_sources_build.openmodelica.org_macports_lang_openmodelica-devel/openmodelica-devel/work/openmodelica_18002/3rdParty/FMIL/build/../install/./include/JM/jm_portability.h
:info:build -- Installing: /opt/local/var/macports/build/_opt_local_var_macports_sources_build.openmodelica.org_macports_lang_openmodelica-devel/openmodelica-devel/work/openmodelica_18002/3rdParty/FMIL/build/../install/./include/JM/jm_stack.h
:info:build -- Installing: /opt/local/var/macports/build/_opt_local_var_macports_sources_build.openmodelica.org_macports_lang_openmodelica-devel/openmodelica-devel/work/openmodelica_18002/3rdParty/FMIL/build/../install/./include/JM/jm_string_set.h
:info:build -- Installing: /opt/local/var/macports/build/_opt_local_var_macports_sources_build.openmodelica.org_macports_lang_openmodelica-devel/openmodelica-devel/work/openmodelica_18002/3rdParty/FMIL/build/../install/./include/JM/jm_types.h
:info:build -- Installing: /opt/local/var/macports/build/_opt_local_var_macports_sources_build.openmodelica.org_macports_lang_openmodelica-devel/openmodelica-devel/work/openmodelica_18002/3rdParty/FMIL/build/../install/./include/JM/jm_vector.h
:info:build -- Installing: /opt/local/var/macports/build/_opt_local_var_macports_sources_build.openmodelica.org_macports_lang_openmodelica-devel/openmodelica-devel/work/openmodelica_18002/3rdParty/FMIL/build/../install/./include/JM/jm_vector_template.h
:info:build -- Installing: /opt/local/var/macports/build/_opt_local_var_macports_sources_build.openmodelica.org_macports_lang_openmodelica-devel/openmodelica-devel/work/openmodelica_18002/3rdParty/FMIL/build/../install/include/FMI1
:info:build -- Installing: /opt/local/var/macports/build/_opt_local_var_macports_sources_build.openmodelica.org_macports_lang_openmodelica-devel/openmodelica-devel/work/openmodelica_18002/3rdParty/FMIL/build/../install/include/FMI1/fmiFunctions.h
:info:build libtool: compile:  /usr/bin/clang -DHAVE_CONFIG_H -I./include -I./include -I./libatomic_ops/src -I./libatomic_ops/src -I/opt/local/include -DTHREAD_LOCAL_ALLOC -fexceptions -pipe -Os -arch x86_64 -fno-strict-aliasing -MT thread_local_alloc.lo -MD -MP -MF .deps/thread_local_alloc.Tpo -c thread_local_alloc.c  -fno-common -DPIC -o .libs/thread_local_alloc.o
:info:build -- Installing: /opt/local/var/macports/build/_opt_local_var_macports_sources_build.openmodelica.org_macports_lang_openmodelica-devel/openmodelica-devel/work/openmodelica_18002/3rdParty/FMIL/build/../install/include/FMI1/fmiModelFunctions.h
:info:build -- Installing: /opt/local/var/macports/build/_opt_local_var_macports_sources_build.openmodelica.org_macports_lang_openmodelica-devel/openmodelica-devel/work/openmodelica_18002/3rdParty/FMIL/build/../install/include/FMI1/fmiModelTypes.h
:info:build -- Installing: /opt/local/var/macports/build/_opt_local_var_macports_sources_build.openmodelica.org_macports_lang_openmodelica-devel/openmodelica-devel/work/openmodelica_18002/3rdParty/FMIL/build/../install/include/FMI1/fmiPlatformTypes.h
:info:build -- Installing: /opt/local/var/macports/build/_opt_local_var_macports_sources_build.openmodelica.org_macports_lang_openmodelica-devel/openmodelica-devel/work/openmodelica_18002/3rdParty/FMIL/build/../install/include/FMI2
:info:build -- Installing: /opt/local/var/macports/build/_opt_local_var_macports_sources_build.openmodelica.org_macports_lang_openmodelica-devel/openmodelica-devel/work/openmodelica_18002/3rdParty/FMIL/build/../install/include/FMI2/fmiFunctions.h
:info:build -- Installing: /opt/local/var/macports/build/_opt_local_var_macports_sources_build.openmodelica.org_macports_lang_openmodelica-devel/openmodelica-devel/work/openmodelica_18002/3rdParty/FMIL/build/../install/include/FMI2/fmiFunctionTypes.h
:info:build -- Installing: /opt/local/var/macports/build/_opt_local_var_macports_sources_build.openmodelica.org_macports_lang_openmodelica-devel/openmodelica-devel/work/openmodelica_18002/3rdParty/FMIL/build/../install/include/FMI2/fmiTypesPlatform.h
:info:build libtool: link: (cd .libs/liblis.lax/libsystem.a && ar x "/opt/local/var/macports/build/_opt_local_var_macports_sources_build.openmodelica.org_macports_lang_openmodelica-devel/openmodelica-devel/work/openmodelica_18002/3rdParty/lis-1.4.12/src/system/.libs/libsystem.a")
:info:build make[3]: Leaving directory `/opt/local/var/macports/build/_opt_local_var_macports_sources_build.openmodelica.org_macports_lang_openmodelica-devel/openmodelica-devel/work/openmodelica_18002/3rdParty/FMIL/build'
:info:build test ! -f 3rdParty/FMIL/build/libfmilib_shared.so || cp -up 3rdParty/FMIL/build/libfmilib_shared.so 3rdParty/FMIL/build/libfmilib.so
:info:build cp -p 3rdParty/FMIL/build/libfmilib.a ./build/lib/omc/
:info:build libtool: compile:  /usr/bin/clang -DHAVE_CONFIG_H -I./include -I./include -I./libatomic_ops/src -I./libatomic_ops/src -I/opt/local/include -DTHREAD_LOCAL_ALLOC -fexceptions -pipe -Os -arch x86_64 -fno-strict-aliasing -MT thread_local_alloc.lo -MD -MP -MF .deps/thread_local_alloc.Tpo -c thread_local_alloc.c -o thread_local_alloc.o >/dev/null 2>&1
:info:build #TODO: Only copy required headers, add them in omc/fmi subfolder, and do not copy c/txt-files
:info:build #cp -rp 3rdParty/FMIL/install/include/* ./build/include/omc
:info:build (cd "libraries/Resources//BuildProjects/autotools" && (test -f Makefile || ./autogen.sh))
:info:build libtool: link: (cd .libs/liblis.lax/libprecision.a && ar x "/opt/local/var/macports/build/_opt_local_var_macports_sources_build.openmodelica.org_macports_lang_openmodelica-devel/openmodelica-devel/work/openmodelica_18002/3rdParty/lis-1.4.12/src/precision/.libs/libprecision.a")
:info:build libtool: link: /usr/bin/clang -dynamiclib -Wl,-undefined -Wl,dynamic_lookup -o .libs/liblis.0.dylib   .libs/liblis.lax/libmatrix.a/lis_matrix.o .libs/liblis.lax/libmatrix.a/lis_matrix_bsc.o .libs/liblis.lax/libmatrix.a/lis_matrix_bsr.o .libs/liblis.lax/libmatrix.a/lis_matrix_coo.o .libs/liblis.lax/libmatrix.a/lis_matrix_csc.o .libs/liblis.lax/libmatrix.a/lis_matrix_csr.o .libs/liblis.lax/libmatrix.a/lis_matrix_dia.o .libs/liblis.lax/libmatrix.a/lis_matrix_diag.o .libs/liblis.lax/libmatrix.a/lis_matrix_dns.o .libs/liblis.lax/libmatrix.a/lis_matrix_ell.o .libs/liblis.lax/libmatrix.a/lis_matrix_ilu.o .libs/liblis.lax/libmatrix.a/lis_matrix_jad.o .libs/liblis.lax/libmatrix.a/lis_matrix_mpi.o .libs/liblis.lax/libmatrix.a/lis_matrix_msr.o .libs/liblis.lax/libmatrix.a/lis_matrix_ops.o .libs/liblis.lax/libmatrix.a/lis_matrix_rco.o .libs/liblis.lax/libmatrix.a/lis_matrix_vbr.o  .libs/liblis.lax/libvector.a/lis_vector.o .libs/liblis.lax/libvector.a/lis_vector_ops.o .libs/liblis.lax/libvector.a/lis_vector_opv.o  .libs/liblis.lax/libmatvec.a/lis_matvec.o .libs/liblis.lax/libmatvec.a/lis_matvec_bsc.o .libs/liblis.lax/libmatvec.a/lis_matvec_bsr.o .libs/liblis.lax/libmatvec.a/lis_matvec_coo.o .libs/liblis.lax/libmatvec.a/lis_matvec_csc.o .libs/liblis.lax/libmatvec.a/lis_matvec_csr.o .libs/liblis.lax/libmatvec.a/lis_matvec_dia.o .libs/liblis.lax/libmatvec.a/lis_matvec_dns.o .libs/liblis.lax/libmatvec.a/lis_matvec_ell.o .libs/liblis.lax/libmatvec.a/lis_matvec_jad.o .libs/liblis.lax/libmatvec.a/lis_matvec_msr.o .libs/liblis.lax/libmatvec.a/lis_matvec_vbr.o  .libs/liblis.lax/libprecon.a/lis_precon.o .libs/liblis.lax/libprecon.a/lis_precon_ads.o .libs/liblis.lax/libprecon.a/lis_precon_hybrid.o .libs/liblis.lax/libprecon.a/lis_precon_iluc.o .libs/liblis.lax/libprecon.a/lis_precon_iluk.o .libs/liblis.lax/libprecon.a/lis_precon_ilut.o .libs/liblis.lax/libprecon.a/lis_precon_is.o .libs/liblis.lax/libprecon.a/lis_precon_jacobi.o .libs/liblis.lax/libprecon.a/lis_precon_saamg.o .libs/liblis.lax/libprecon.a/lis_precon_sainv.o .libs/liblis.lax/libprecon.a/lis_precon_ssor.o  .libs/liblis.lax/libsolver.a/lis_solver.o .libs/liblis.lax/libsolver.a/lis_solver_bicg.o .libs/liblis.lax/libsolver.a/lis_solver_bicgsafe.o .libs/liblis.lax/libsolver.a/lis_solver_bicgstab.o .libs/liblis.lax/libsolver.a/lis_solver_bicgstabl.o .libs/liblis.lax/libsolver.a/lis_solver_cg.o .libs/liblis.lax/libsolver.a/lis_solver_cgs.o .libs/liblis.lax/libsolver.a/lis_solver_gmres.o .libs/liblis.lax/libsolver.a/lis_solver_gpbicg.o .libs/liblis.lax/libsolver.a/lis_solver_gs.o .libs/liblis.lax/libsolver.a/lis_solver_idrs.o .libs/liblis.lax/libsolver.a/lis_solver_jacobi.o .libs/liblis.lax/libsolver.a/lis_solver_minres.o .libs/liblis.lax/libsolver.a/lis_solver_orthomin.o .libs/liblis.lax/libsolver.a/lis_solver_qmr.o .libs/liblis.lax/libsolver.a/lis_solver_sor.o  .libs/liblis.lax/libesolver.a/lis_esolver.o .libs/liblis.lax/libesolver.a/lis_esolver_aii.o .libs/liblis.lax/libesolver.a/lis_esolver_cg.o .libs/liblis.lax/libesolver.a/lis_esolver_ii.o .libs/liblis.lax/libesolver.a/lis_esolver_li.o .libs/liblis.lax/libesolver.a/lis_esolver_pi.o .libs/liblis.lax/libesolver.a/lis_esolver_rqi.o .libs/liblis.lax/libesolver.a/lis_esolver_si.o  .libs/liblis.lax/libsystem.a/lis_error.o .libs/liblis.lax/libsystem.a/lis_hash.o .libs/liblis.lax/libsystem.a/lis_init.o .libs/liblis.lax/libsystem.a/lis_input.o .libs/liblis.lax/libsystem.a/lis_input_hb.o .libs/liblis.lax/libsystem.a/lis_input_mm.o .libs/liblis.lax/libsystem.a/lis_memory.o .libs/liblis.lax/libsystem.a/lis_output.o .libs/liblis.lax/libsystem.a/lis_output_mm.o .libs/liblis.lax/libsystem.a/lis_sort.o .libs/liblis.lax/libsystem.a/lis_times.o .libs/liblis.lax/libsystem.a/mt19937ar.o  .libs/liblis.lax/libprecision.a/lis_precision.o .libs/liblis.lax/libprecision.a/lis_precision_matvec.o .libs/liblis.lax/libprecision.a/lis_precision_vec.o   -lm  -arch x86_64 -Wl,-install_name -Wl,@rpath/liblis.dylib   -install_name  /usr/local/lib/liblis.0.dylib -compatibility_version 1 -current_version 1.0 -Wl,-single_module
:info:build mv -f .deps/thread_local_alloc.Tpo .deps/thread_local_alloc.Plo
:info:build /bin/sh ./libtool --tag=CC   --mode=compile /usr/bin/clang -DHAVE_CONFIG_H   -I./include -I./include -I./libatomic_ops/src -I./libatomic_ops/src -I/opt/local/include -DTHREAD_LOCAL_ALLOC -fexceptions -pipe -Os -arch x86_64 -fno-strict-aliasing -MT pthread_start.lo -MD -MP -MF .deps/pthread_start.Tpo -c -o pthread_start.lo pthread_start.c
:info:build libtool: link: dsymutil .libs/liblis.0.dylib || :
:info:build libtool: compile:  /usr/bin/clang -DHAVE_CONFIG_H -I./include -I./include -I./libatomic_ops/src -I./libatomic_ops/src -I/opt/local/include -DTHREAD_LOCAL_ALLOC -fexceptions -pipe -Os -arch x86_64 -fno-strict-aliasing -MT pthread_start.lo -MD -MP -MF .deps/pthread_start.Tpo -c pthread_start.c  -fno-common -DPIC -o .libs/pthread_start.o
:info:build warning: no debug symbols in executable (-arch x86_64)
:info:build libtool: link: (cd ".libs" && rm -f "liblis.dylib" && ln -s "liblis.0.dylib" "liblis.dylib")
:info:build libtool: link: rm -fr .libs/liblis.lax
:info:build libtool: compile:  /usr/bin/clang -DHAVE_CONFIG_H -I./include -I./include -I./libatomic_ops/src -I./libatomic_ops/src -I/opt/local/include -DTHREAD_LOCAL_ALLOC -fexceptions -pipe -Os -arch x86_64 -fno-strict-aliasing -MT pthread_start.lo -MD -MP -MF .deps/pthread_start.Tpo -c pthread_start.c -o pthread_start.o >/dev/null 2>&1
:info:build libtool: link: ( cd ".libs" && rm -f "liblis.la" && ln -s "../liblis.la" "liblis.la" )
:info:build make[3]: Leaving directory `/opt/local/var/macports/build/_opt_local_var_macports_sources_build.openmodelica.org_macports_lang_openmodelica-devel/openmodelica-devel/work/openmodelica_18002/3rdParty/lis-1.4.12/src'
:info:build make[2]: Leaving directory `/opt/local/var/macports/build/_opt_local_var_macports_sources_build.openmodelica.org_macports_lang_openmodelica-devel/openmodelica-devel/work/openmodelica_18002/3rdParty/lis-1.4.12/src'
:info:build Making all in include
:info:build make[2]: Entering directory `/opt/local/var/macports/build/_opt_local_var_macports_sources_build.openmodelica.org_macports_lang_openmodelica-devel/openmodelica-devel/work/openmodelica_18002/3rdParty/lis-1.4.12/include'
:info:build /usr/bin/make  all-am
:info:build make[3]: Entering directory `/opt/local/var/macports/build/_opt_local_var_macports_sources_build.openmodelica.org_macports_lang_openmodelica-devel/openmodelica-devel/work/openmodelica_18002/3rdParty/lis-1.4.12/include'
:info:build make[3]: Nothing to be done for `all-am'.
:info:build make[3]: Leaving directory `/opt/local/var/macports/build/_opt_local_var_macports_sources_build.openmodelica.org_macports_lang_openmodelica-devel/openmodelica-devel/work/openmodelica_18002/3rdParty/lis-1.4.12/include'
:info:build make[2]: Leaving directory `/opt/local/var/macports/build/_opt_local_var_macports_sources_build.openmodelica.org_macports_lang_openmodelica-devel/openmodelica-devel/work/openmodelica_18002/3rdParty/lis-1.4.12/include'
:info:build Making all in test
:info:build make[2]: Entering directory `/opt/local/var/macports/build/_opt_local_var_macports_sources_build.openmodelica.org_macports_lang_openmodelica-devel/openmodelica-devel/work/openmodelica_18002/3rdParty/lis-1.4.12/test'
:info:build /usr/bin/clang  -DHAVE_CONFIG_H -I. -I../include  -I.. -I../include -I/opt/local/include  -O3 -fomit-frame-pointer -pipe -Os -arch x86_64 -c test1.c
:info:build /usr/bin/clang++ -c -pipe -O2  -Xarch_x86_64 -mmacosx-version-min=10.8 -w -fPIC -DQT_NO_DEBUG -DQT_GUI_LIB -DQT_CORE_LIB -DQT_SHARED -I/opt/local/share/qt4/mkspecs/macx-g++ -I. -I../generatedfiles/moc -I/opt/local/Library/Frameworks/QtCore.framework/Versions/4/Headers -I/opt/local/Library/Frameworks/QtGui.framework/Versions/4/Headers -I/opt/local/include/qwt -I. -I/opt/local/Library/Frameworks/QtGui.framework/Versions/4/Headers -I/opt/local/Library/Frameworks/QtCore.framework/Versions/4/Headers -I/opt/local/include -o moc_PlotWindowContainer.o ../generatedfiles/moc/moc_PlotWindowContainer.cpp
:info:build mv -f .deps/pthread_start.Tpo .deps/pthread_start.Plo
:info:build /bin/sh ./libtool --tag=CC   --mode=compile /usr/bin/clang -DHAVE_CONFIG_H   -I./include -I./include -I./libatomic_ops/src -I./libatomic_ops/src -I/opt/local/include -DTHREAD_LOCAL_ALLOC -fexceptions -pipe -Os -arch x86_64 -fno-strict-aliasing -MT pthread_support.lo -MD -MP -MF .deps/pthread_support.Tpo -c -o pthread_support.lo pthread_support.c
:info:build /usr/bin/clang  -DHAVE_CONFIG_H -I. -I../include  -I.. -I../include -I/opt/local/include  -O3 -fomit-frame-pointer -pipe -Os -arch x86_64 -c etest5.c
:info:build libtool: compile:  /usr/bin/clang -DHAVE_CONFIG_H -I./include -I./include -I./libatomic_ops/src -I./libatomic_ops/src -I/opt/local/include -DTHREAD_LOCAL_ALLOC -fexceptions -pipe -Os -arch x86_64 -fno-strict-aliasing -MT pthread_support.lo -MD -MP -MF .deps/pthread_support.Tpo -c pthread_support.c  -fno-common -DPIC -o .libs/pthread_support.o
:info:build /usr/bin/clang  -DHAVE_CONFIG_H -I. -I../include  -I.. -I../include -I/opt/local/include  -O3 -fomit-frame-pointer -pipe -Os -arch x86_64 -c spmvtest1.c
:info:build /usr/bin/clang  -DHAVE_CONFIG_H -I. -I../include  -I.. -I../include -I/opt/local/include  -O3 -fomit-frame-pointer -pipe -Os -arch x86_64 -c spmvtest2.c
:info:build /usr/bin/clang  -DHAVE_CONFIG_H -I. -I../include  -I.. -I../include -I/opt/local/include  -O3 -fomit-frame-pointer -pipe -Os -arch x86_64 -c spmvtest3.c
:info:build /usr/bin/clang  -DHAVE_CONFIG_H -I. -I../include  -I.. -I../include -I/opt/local/include  -O3 -fomit-frame-pointer -pipe -Os -arch x86_64 -c spmvtest4.c
:info:build libtool: compile:  /usr/bin/clang -DHAVE_CONFIG_H -I./include -I./include -I./libatomic_ops/src -I./libatomic_ops/src -I/opt/local/include -DTHREAD_LOCAL_ALLOC -fexceptions -pipe -Os -arch x86_64 -fno-strict-aliasing -MT pthread_support.lo -MD -MP -MF .deps/pthread_support.Tpo -c pthread_support.c -o pthread_support.o >/dev/null 2>&1
:info:build /usr/bin/clang  -DHAVE_CONFIG_H -I. -I../include  -I.. -I../include -I/opt/local/include  -O3 -fomit-frame-pointer -pipe -Os -arch x86_64 -c spmvtest5.c
:info:build /bin/sh ../libtool --mode=link /usr/bin/clang  -Wl,-install_name,@rpath/liblis.dylib -o test1 -lm  test1.o -L../src -llis -lm 
:info:build mv -f .deps/pthread_support.Tpo .deps/pthread_support.Plo
:info:build /bin/sh ./libtool --tag=CC   --mode=compile /usr/bin/clang -DHAVE_CONFIG_H   -I./include -I./include -I./libatomic_ops/src -I./libatomic_ops/src -I/opt/local/include -DTHREAD_LOCAL_ALLOC -fexceptions -pipe -Os -arch x86_64 -fno-strict-aliasing -MT pthread_stop_world.lo -MD -MP -MF .deps/pthread_stop_world.Tpo -c -o pthread_stop_world.lo pthread_stop_world.c
:info:build libtool: compile:  /usr/bin/clang -DHAVE_CONFIG_H -I./include -I./include -I./libatomic_ops/src -I./libatomic_ops/src -I/opt/local/include -DTHREAD_LOCAL_ALLOC -fexceptions -pipe -Os -arch x86_64 -fno-strict-aliasing -MT pthread_stop_world.lo -MD -MP -MF .deps/pthread_stop_world.Tpo -c pthread_stop_world.c  -fno-common -DPIC -o .libs/pthread_stop_world.o
:info:build libtool: compile:  /usr/bin/clang -DHAVE_CONFIG_H -I./include -I./include -I./libatomic_ops/src -I./libatomic_ops/src -I/opt/local/include -DTHREAD_LOCAL_ALLOC -fexceptions -pipe -Os -arch x86_64 -fno-strict-aliasing -MT pthread_stop_world.lo -MD -MP -MF .deps/pthread_stop_world.Tpo -c pthread_stop_world.c -o pthread_stop_world.o >/dev/null 2>&1
:info:build mv -f .deps/pthread_stop_world.Tpo .deps/pthread_stop_world.Plo
:info:build /bin/sh ./libtool --tag=CC   --mode=compile /usr/bin/clang -DHAVE_CONFIG_H   -I./include -I./include -I./libatomic_ops/src -I./libatomic_ops/src -I/opt/local/include -DTHREAD_LOCAL_ALLOC -fexceptions -pipe -Os -arch x86_64 -fno-strict-aliasing -MT darwin_stop_world.lo -MD -MP -MF .deps/darwin_stop_world.Tpo -c -o darwin_stop_world.lo darwin_stop_world.c
:info:build libtool: link: /usr/bin/clang -Wl,-install_name -Wl,@rpath/liblis.dylib -o .libs/test1 test1.o  -L/opt/local/var/macports/build/_opt_local_var_macports_sources_build.openmodelica.org_macports_lang_openmodelica-devel/openmodelica-devel/work/openmodelica_18002/3rdParty/lis-1.4.12/src /opt/local/var/macports/build/_opt_local_var_macports_sources_build.openmodelica.org_macports_lang_openmodelica-devel/openmodelica-devel/work/openmodelica_18002/3rdParty/lis-1.4.12/src/.libs/liblis.dylib -lm
:info:build libtool: compile:  /usr/bin/clang -DHAVE_CONFIG_H -I./include -I./include -I./libatomic_ops/src -I./libatomic_ops/src -I/opt/local/include -DTHREAD_LOCAL_ALLOC -fexceptions -pipe -Os -arch x86_64 -fno-strict-aliasing -MT darwin_stop_world.lo -MD -MP -MF .deps/darwin_stop_world.Tpo -c darwin_stop_world.c  -fno-common -DPIC -o .libs/darwin_stop_world.o
:info:build /usr/bin/clang  -DHAVE_CONFIG_H -I. -I../include  -I.. -I../include -I/opt/local/include  -O3 -fomit-frame-pointer -pipe -Os -arch x86_64 -c test2.c
:info:build libtool: compile:  /usr/bin/clang -DHAVE_CONFIG_H -I./include -I./include -I./libatomic_ops/src -I./libatomic_ops/src -I/opt/local/include -DTHREAD_LOCAL_ALLOC -fexceptions -pipe -Os -arch x86_64 -fno-strict-aliasing -MT darwin_stop_world.lo -MD -MP -MF .deps/darwin_stop_world.Tpo -c darwin_stop_world.c -o darwin_stop_world.o >/dev/null 2>&1
:info:build /usr/bin/clang  -DHAVE_CONFIG_H -I. -I../include  -I.. -I../include -I/opt/local/include  -O3 -fomit-frame-pointer -pipe -Os -arch x86_64 -c test3.c
:info:build /usr/bin/clang  -DHAVE_CONFIG_H -I. -I../include  -I.. -I../include -I/opt/local/include  -O3 -fomit-frame-pointer -pipe -Os -arch x86_64 -c test4.c
:info:build mv -f .deps/darwin_stop_world.Tpo .deps/darwin_stop_world.Plo
:info:build /bin/sh ./libtool  --tag=CC   --mode=compile /usr/bin/clang -DHAVE_CONFIG_H   -I./include -I./include -I./libatomic_ops/src -I./libatomic_ops/src -I/opt/local/include -DTHREAD_LOCAL_ALLOC -fexceptions -pipe -Os -arch x86_64 -fno-strict-aliasing -MT atomic_ops.lo -MD -MP -MF .deps/atomic_ops.Tpo -c -o atomic_ops.lo `test -f 'libatomic_ops/src/atomic_ops.c' || echo './'`libatomic_ops/src/atomic_ops.c
:info:build /usr/bin/clang  -DHAVE_CONFIG_H -I. -I../include  -I.. -I../include -I/opt/local/include  -O3 -fomit-frame-pointer -pipe -Os -arch x86_64 -c test5.c
:info:build libtool: compile:  /usr/bin/clang -DHAVE_CONFIG_H -I./include -I./include -I./libatomic_ops/src -I./libatomic_ops/src -I/opt/local/include -DTHREAD_LOCAL_ALLOC -fexceptions -pipe -Os -arch x86_64 -fno-strict-aliasing -MT atomic_ops.lo -MD -MP -MF .deps/atomic_ops.Tpo -c libatomic_ops/src/atomic_ops.c  -fno-common -DPIC -o .libs/atomic_ops.o
:info:build /usr/bin/clang  -DHAVE_CONFIG_H -I. -I../include  -I.. -I../include -I/opt/local/include  -O3 -fomit-frame-pointer -pipe -Os -arch x86_64 -c test6.c
:info:build /usr/bin/clang  -DHAVE_CONFIG_H -I. -I../include  -I.. -I../include -I/opt/local/include  -O3 -fomit-frame-pointer -pipe -Os -arch x86_64 -c etest1.c
:info:build libtool: compile:  /usr/bin/clang -DHAVE_CONFIG_H -I./include -I./include -I./libatomic_ops/src -I./libatomic_ops/src -I/opt/local/include -DTHREAD_LOCAL_ALLOC -fexceptions -pipe -Os -arch x86_64 -fno-strict-aliasing -MT atomic_ops.lo -MD -MP -MF .deps/atomic_ops.Tpo -c libatomic_ops/src/atomic_ops.c -o atomic_ops.o >/dev/null 2>&1
:info:build /usr/bin/clang  -DHAVE_CONFIG_H -I. -I../include  -I.. -I../include -I/opt/local/include  -O3 -fomit-frame-pointer -pipe -Os -arch x86_64 -c etest2.c
:info:build /usr/bin/clang++ -c -pipe -O2  -Xarch_x86_64 -mmacosx-version-min=10.8 -w -fPIC -DQT_NO_DEBUG -DQT_GUI_LIB -DQT_CORE_LIB -DQT_SHARED -I/opt/local/share/qt4/mkspecs/macx-g++ -I. -I../generatedfiles/moc -I/opt/local/Library/Frameworks/QtCore.framework/Versions/4/Headers -I/opt/local/Library/Frameworks/QtGui.framework/Versions/4/Headers -I/opt/local/include/qwt -I. -I/opt/local/Library/Frameworks/QtGui.framework/Versions/4/Headers -I/opt/local/Library/Frameworks/QtCore.framework/Versions/4/Headers -I/opt/local/include -o moc_PlotMainWindow.o ../generatedfiles/moc/moc_PlotMainWindow.cpp
:info:build mv -f .deps/atomic_ops.Tpo .deps/atomic_ops.Plo
:info:build /bin/sh ./libtool --tag=CC   --mode=compile /usr/bin/clang -DHAVE_CONFIG_H   -I./include -I./include -I./libatomic_ops/src -I./libatomic_ops/src -I/opt/local/include -DTHREAD_LOCAL_ALLOC -fexceptions -pipe -Os -arch x86_64 -fno-strict-aliasing -MT mach_dep.lo -MD -MP -MF .deps/mach_dep.Tpo -c -o mach_dep.lo mach_dep.c
:info:build /usr/bin/clang  -DHAVE_CONFIG_H -I. -I../include  -I.. -I../include -I/opt/local/include  -O3 -fomit-frame-pointer -pipe -Os -arch x86_64 -c etest3.c
:info:build libtool: compile:  /usr/bin/clang -DHAVE_CONFIG_H -I./include -I./include -I./libatomic_ops/src -I./libatomic_ops/src -I/opt/local/include -DTHREAD_LOCAL_ALLOC -fexceptions -pipe -Os -arch x86_64 -fno-strict-aliasing -MT mach_dep.lo -MD -MP -MF .deps/mach_dep.Tpo -c mach_dep.c  -fno-common -DPIC -o .libs/mach_dep.o
:info:build /usr/bin/clang  -DHAVE_CONFIG_H -I. -I../include  -I.. -I../include -I/opt/local/include  -O3 -fomit-frame-pointer -pipe -Os -arch x86_64 -c etest4.c
:info:build /bin/sh ../libtool --mode=link /usr/bin/clang  -Wl,-install_name,@rpath/liblis.dylib -o etest5 -lm  etest5.o -L../src -llis -lm 
:info:build libtool: compile:  /usr/bin/clang -DHAVE_CONFIG_H -I./include -I./include -I./libatomic_ops/src -I./libatomic_ops/src -I/opt/local/include -DTHREAD_LOCAL_ALLOC -fexceptions -pipe -Os -arch x86_64 -fno-strict-aliasing -MT mach_dep.lo -MD -MP -MF .deps/mach_dep.Tpo -c mach_dep.c -o mach_dep.o >/dev/null 2>&1
:info:build mv -f .deps/mach_dep.Tpo .deps/mach_dep.Plo
:info:build /bin/sh ./libtool  --tag=CC   --mode=compile /usr/bin/clang -DHAVE_CONFIG_H   -I./include -I./include -I./libatomic_ops/src -I./libatomic_ops/src -I/opt/local/include -DTHREAD_LOCAL_ALLOC -fexceptions -pipe -Os -arch x86_64 -fno-strict-aliasing -MT cordbscs.lo -MD -MP -MF .deps/cordbscs.Tpo -c -o cordbscs.lo `test -f 'cord/cordbscs.c' || echo './'`cord/cordbscs.c
:info:build libtool: compile:  /usr/bin/clang -DHAVE_CONFIG_H -I./include -I./include -I./libatomic_ops/src -I./libatomic_ops/src -I/opt/local/include -DTHREAD_LOCAL_ALLOC -fexceptions -pipe -Os -arch x86_64 -fno-strict-aliasing -MT cordbscs.lo -MD -MP -MF .deps/cordbscs.Tpo -c cord/cordbscs.c  -fno-common -DPIC -o .libs/cordbscs.o
:info:build libtool: link: /usr/bin/clang -Wl,-install_name -Wl,@rpath/liblis.dylib -o .libs/etest5 etest5.o  -L/opt/local/var/macports/build/_opt_local_var_macports_sources_build.openmodelica.org_macports_lang_openmodelica-devel/openmodelica-devel/work/openmodelica_18002/3rdParty/lis-1.4.12/src /opt/local/var/macports/build/_opt_local_var_macports_sources_build.openmodelica.org_macports_lang_openmodelica-devel/openmodelica-devel/work/openmodelica_18002/3rdParty/lis-1.4.12/src/.libs/liblis.dylib -lm
:info:build /usr/bin/clang  -DHAVE_CONFIG_H -I. -I../include  -I.. -I../include -I/opt/local/include  -O3 -fomit-frame-pointer -pipe -Os -arch x86_64 -c etest6.c
:info:build /bin/sh ../libtool --mode=link /usr/bin/clang  -Wl,-install_name,@rpath/liblis.dylib -o lsolve -lm  test1.o -L../src -llis -lm 
:info:build libtool: compile:  /usr/bin/clang -DHAVE_CONFIG_H -I./include -I./include -I./libatomic_ops/src -I./libatomic_ops/src -I/opt/local/include -DTHREAD_LOCAL_ALLOC -fexceptions -pipe -Os -arch x86_64 -fno-strict-aliasing -MT cordbscs.lo -MD -MP -MF .deps/cordbscs.Tpo -c cord/cordbscs.c -o cordbscs.o >/dev/null 2>&1
:info:build mv -f .deps/cordbscs.Tpo .deps/cordbscs.Plo
:info:build /bin/sh ./libtool  --tag=CC   --mode=compile /usr/bin/clang -DHAVE_CONFIG_H   -I./include -I./include -I./libatomic_ops/src -I./libatomic_ops/src -I/opt/local/include -DTHREAD_LOCAL_ALLOC -fexceptions -pipe -Os -arch x86_64 -fno-strict-aliasing -MT cordprnt.lo -MD -MP -MF .deps/cordprnt.Tpo -c -o cordprnt.lo `test -f 'cord/cordprnt.c' || echo './'`cord/cordprnt.c
:info:build libtool: link: /usr/bin/clang -Wl,-install_name -Wl,@rpath/liblis.dylib -o .libs/lsolve test1.o  -L/opt/local/var/macports/build/_opt_local_var_macports_sources_build.openmodelica.org_macports_lang_openmodelica-devel/openmodelica-devel/work/openmodelica_18002/3rdParty/lis-1.4.12/src /opt/local/var/macports/build/_opt_local_var_macports_sources_build.openmodelica.org_macports_lang_openmodelica-devel/openmodelica-devel/work/openmodelica_18002/3rdParty/lis-1.4.12/src/.libs/liblis.dylib -lm
:info:build libtool: compile:  /usr/bin/clang -DHAVE_CONFIG_H -I./include -I./include -I./libatomic_ops/src -I./libatomic_ops/src -I/opt/local/include -DTHREAD_LOCAL_ALLOC -fexceptions -pipe -Os -arch x86_64 -fno-strict-aliasing -MT cordprnt.lo -MD -MP -MF .deps/cordprnt.Tpo -c cord/cordprnt.c  -fno-common -DPIC -o .libs/cordprnt.o
:info:build /bin/sh ../libtool --mode=link /usr/bin/clang  -Wl,-install_name,@rpath/liblis.dylib -o esolve -lm  etest5.o -L../src -llis -lm 
:info:build libtool: compile:  /usr/bin/clang -DHAVE_CONFIG_H -I./include -I./include -I./libatomic_ops/src -I./libatomic_ops/src -I/opt/local/include -DTHREAD_LOCAL_ALLOC -fexceptions -pipe -Os -arch x86_64 -fno-strict-aliasing -MT cordprnt.lo -MD -MP -MF .deps/cordprnt.Tpo -c cord/cordprnt.c -o cordprnt.o >/dev/null 2>&1
:info:build mv -f .deps/cordprnt.Tpo .deps/cordprnt.Plo
:info:build /bin/sh ./libtool  --tag=CC   --mode=compile /usr/bin/clang -DHAVE_CONFIG_H   -I./include -I./include -I./libatomic_ops/src -I./libatomic_ops/src -I/opt/local/include -DTHREAD_LOCAL_ALLOC -fexceptions -pipe -Os -arch x86_64 -fno-strict-aliasing -MT cordtest.lo -MD -MP -MF .deps/cordtest.Tpo -c -o cordtest.lo `test -f 'cord/cordtest.c' || echo './'`cord/cordtest.c
:info:build libtool: compile:  /usr/bin/clang -DHAVE_CONFIG_H -I./include -I./include -I./libatomic_ops/src -I./libatomic_ops/src -I/opt/local/include -DTHREAD_LOCAL_ALLOC -fexceptions -pipe -Os -arch x86_64 -fno-strict-aliasing -MT cordtest.lo -MD -MP -MF .deps/cordtest.Tpo -c cord/cordtest.c  -fno-common -DPIC -o .libs/cordtest.o
:info:build libtool: link: /usr/bin/clang -Wl,-install_name -Wl,@rpath/liblis.dylib -o .libs/esolve etest5.o  -L/opt/local/var/macports/build/_opt_local_var_macports_sources_build.openmodelica.org_macports_lang_openmodelica-devel/openmodelica-devel/work/openmodelica_18002/3rdParty/lis-1.4.12/src /opt/local/var/macports/build/_opt_local_var_macports_sources_build.openmodelica.org_macports_lang_openmodelica-devel/openmodelica-devel/work/openmodelica_18002/3rdParty/lis-1.4.12/src/.libs/liblis.dylib -lm
:info:build libtool: compile:  /usr/bin/clang -DHAVE_CONFIG_H -I./include -I./include -I./libatomic_ops/src -I./libatomic_ops/src -I/opt/local/include -DTHREAD_LOCAL_ALLOC -fexceptions -pipe -Os -arch x86_64 -fno-strict-aliasing -MT cordtest.lo -MD -MP -MF .deps/cordtest.Tpo -c cord/cordtest.c -o cordtest.o >/dev/null 2>&1
:info:build /bin/sh ../libtool --mode=link /usr/bin/clang  -Wl,-install_name,@rpath/liblis.dylib -o spmvtest1 -lm  spmvtest1.o -L../src -llis -lm 
:info:build /usr/bin/clang++ -c -pipe -O2  -Xarch_x86_64 -mmacosx-version-min=10.8 -w -fPIC -DQT_NO_DEBUG -DQT_GUI_LIB -DQT_CORE_LIB -DQT_SHARED -I/opt/local/share/qt4/mkspecs/macx-g++ -I. -I../generatedfiles/moc -I/opt/local/Library/Frameworks/QtCore.framework/Versions/4/Headers -I/opt/local/Library/Frameworks/QtGui.framework/Versions/4/Headers -I/opt/local/include/qwt -I. -I/opt/local/Library/Frameworks/QtGui.framework/Versions/4/Headers -I/opt/local/Library/Frameworks/QtCore.framework/Versions/4/Headers -I/opt/local/include -o qrc_resource_omplot.o ../generatedfiles/rcc/qrc_resource_omplot.cpp
:info:build mv -f .deps/cordtest.Tpo .deps/cordtest.Plo
:info:build /bin/sh ./libtool  --tag=CC   --mode=compile /usr/bin/clang -DHAVE_CONFIG_H   -I./include -I./include -I./libatomic_ops/src -I./libatomic_ops/src -I/opt/local/include -DTHREAD_LOCAL_ALLOC -fexceptions -pipe -Os -arch x86_64 -fno-strict-aliasing -MT cordxtra.lo -MD -MP -MF .deps/cordxtra.Tpo -c -o cordxtra.lo `test -f 'cord/cordxtra.c' || echo './'`cord/cordxtra.c
:info:build libtool: compile:  /usr/bin/clang -DHAVE_CONFIG_H -I./include -I./include -I./libatomic_ops/src -I./libatomic_ops/src -I/opt/local/include -DTHREAD_LOCAL_ALLOC -fexceptions -pipe -Os -arch x86_64 -fno-strict-aliasing -MT cordxtra.lo -MD -MP -MF .deps/cordxtra.Tpo -c cord/cordxtra.c  -fno-common -DPIC -o .libs/cordxtra.o
:info:build rm -f libOMPlot.a
:info:build ar cq libOMPlot.a main.o read_matlab4.o Plot.o PlotZoomer.o Legend.o PlotPanner.o PlotGrid.o PlotCurve.o PlotWindow.o PlotApplication.o PlotWindowContainer.o PlotMainWindow.o moc_Plot.o moc_PlotZoomer.o moc_Legend.o moc_PlotPanner.o moc_PlotWindow.o moc_PlotApplication.o moc_PlotWindowContainer.o moc_PlotMainWindow.o qrc_resource_omplot.o
:info:build libtool: link: /usr/bin/clang -Wl,-install_name -Wl,@rpath/liblis.dylib -o .libs/spmvtest1 spmvtest1.o  -L/opt/local/var/macports/build/_opt_local_var_macports_sources_build.openmodelica.org_macports_lang_openmodelica-devel/openmodelica-devel/work/openmodelica_18002/3rdParty/lis-1.4.12/src /opt/local/var/macports/build/_opt_local_var_macports_sources_build.openmodelica.org_macports_lang_openmodelica-devel/openmodelica-devel/work/openmodelica_18002/3rdParty/lis-1.4.12/src/.libs/liblis.dylib -lm
:info:build libtool: compile:  /usr/bin/clang -DHAVE_CONFIG_H -I./include -I./include -I./libatomic_ops/src -I./libatomic_ops/src -I/opt/local/include -DTHREAD_LOCAL_ALLOC -fexceptions -pipe -Os -arch x86_64 -fno-strict-aliasing -MT cordxtra.lo -MD -MP -MF .deps/cordxtra.Tpo -c cord/cordxtra.c -o cordxtra.o >/dev/null 2>&1
:info:build /bin/sh ../libtool --mode=link /usr/bin/clang  -Wl,-install_name,@rpath/liblis.dylib -o spmvtest2 -lm  spmvtest2.o -L../src -llis -lm 
:info:build mv -f .deps/cordxtra.Tpo .deps/cordxtra.Plo
:info:build /bin/sh ./libtool --tag=CC   --mode=link /usr/bin/clang -fexceptions -pipe -Os -arch x86_64 -fno-strict-aliasing -Wl,-single_module -version-info 1:3:0 -no-undefined  -o libgc.la -rpath /usr/local/lib allchblk.lo alloc.lo blacklst.lo checksums.lo dbg_mlc.lo dyn_load.lo finalize.lo gc_dlopen.lo gcj_mlc.lo headers.lo malloc.lo mallocx.lo mark.lo mark_rts.lo misc.lo new_hblk.lo obj_map.lo os_dep.lo pcr_interface.lo ptr_chck.lo real_malloc.lo reclaim.lo specific.lo stubborn.lo typd_mlc.lo backgraph.lo thread_local_alloc.lo pthread_start.lo pthread_support.lo pthread_stop_world.lo darwin_stop_world.lo  atomic_ops.lo mach_dep.lo -lpthread   
:info:build libtool: link: /usr/bin/clang -Wl,-install_name -Wl,@rpath/liblis.dylib -o .libs/spmvtest2 spmvtest2.o  -L/opt/local/var/macports/build/_opt_local_var_macports_sources_build.openmodelica.org_macports_lang_openmodelica-devel/openmodelica-devel/work/openmodelica_18002/3rdParty/lis-1.4.12/src /opt/local/var/macports/build/_opt_local_var_macports_sources_build.openmodelica.org_macports_lang_openmodelica-devel/openmodelica-devel/work/openmodelica_18002/3rdParty/lis-1.4.12/src/.libs/liblis.dylib -lm
:info:build ranlib -s libOMPlot.a
:info:build /bin/sh ../libtool --mode=link /usr/bin/clang  -Wl,-install_name,@rpath/liblis.dylib -o spmvtest3 -lm  spmvtest3.o -L../src -llis -lm 
:info:build libtool: link: /usr/bin/clang -dynamiclib  -o .libs/libgc.1.dylib  .libs/allchblk.o .libs/alloc.o .libs/blacklst.o .libs/checksums.o .libs/dbg_mlc.o .libs/dyn_load.o .libs/finalize.o .libs/gc_dlopen.o .libs/gcj_mlc.o .libs/headers.o .libs/malloc.o .libs/mallocx.o .libs/mark.o .libs/mark_rts.o .libs/misc.o .libs/new_hblk.o .libs/obj_map.o .libs/os_dep.o .libs/pcr_interface.o .libs/ptr_chck.o .libs/real_malloc.o .libs/reclaim.o .libs/specific.o .libs/stubborn.o .libs/typd_mlc.o .libs/backgraph.o .libs/thread_local_alloc.o .libs/pthread_start.o .libs/pthread_support.o .libs/pthread_stop_world.o .libs/darwin_stop_world.o .libs/atomic_ops.o .libs/mach_dep.o   -lpthread  -Os -arch x86_64 -Wl,-single_module   -install_name  /usr/local/lib/libgc.1.dylib -compatibility_version 2 -current_version 2.3 -Wl,-single_module
:info:build libtool: link: (cd ".libs" && rm -f "libgc.dylib" && ln -s "libgc.1.dylib" "libgc.dylib")
:info:build libtool: link: ar cru .libs/libgc.a  allchblk.o alloc.o blacklst.o checksums.o dbg_mlc.o dyn_load.o finalize.o gc_dlopen.o gcj_mlc.o headers.o malloc.o mallocx.o mark.o mark_rts.o misc.o new_hblk.o obj_map.o os_dep.o pcr_interface.o ptr_chck.o real_malloc.o reclaim.o specific.o stubborn.o typd_mlc.o backgraph.o thread_local_alloc.o pthread_start.o pthread_support.o pthread_stop_world.o darwin_stop_world.o atomic_ops.o mach_dep.o
:info:build /opt/local/bin/ranlib: file: .libs/libgc.a(checksums.o) has no symbols
:info:build /opt/local/bin/ranlib: file: .libs/libgc.a(gc_dlopen.o) has no symbols
:info:build /opt/local/bin/ranlib: file: .libs/libgc.a(pcr_interface.o) has no symbols
:info:build /opt/local/bin/ranlib: file: .libs/libgc.a(real_malloc.o) has no symbols
:info:build /opt/local/bin/ranlib: file: .libs/libgc.a(specific.o) has no symbols
:info:build /opt/local/bin/ranlib: file: .libs/libgc.a(backgraph.o) has no symbols
:info:build /opt/local/bin/ranlib: file: .libs/libgc.a(pthread_stop_world.o) has no symbols
:info:build libtool: link: /usr/bin/clang -Wl,-install_name -Wl,@rpath/liblis.dylib -o .libs/spmvtest3 spmvtest3.o  -L/opt/local/var/macports/build/_opt_local_var_macports_sources_build.openmodelica.org_macports_lang_openmodelica-devel/openmodelica-devel/work/openmodelica_18002/3rdParty/lis-1.4.12/src /opt/local/var/macports/build/_opt_local_var_macports_sources_build.openmodelica.org_macports_lang_openmodelica-devel/openmodelica-devel/work/openmodelica_18002/3rdParty/lis-1.4.12/src/.libs/liblis.dylib -lm
:info:build /bin/sh ../libtool --mode=link /usr/bin/clang  -Wl,-install_name,@rpath/liblis.dylib -o spmvtest4 -lm  spmvtest4.o -L../src -llis -lm 
:info:build rm -f ../bin/libOMPlot.a
:info:build libtool: link: ranlib .libs/libgc.a
:info:build mv -f libOMPlot.a ../bin/
:info:build make[2]: Leaving directory `/opt/local/var/macports/build/_opt_local_var_macports_sources_build.openmodelica.org_macports_lang_openmodelica-devel/openmodelica-devel/work/openmodelica_18002/OMPlot/OMPlotGUI'
:info:build /usr/bin/make -f Makefile
:info:build make[2]: Entering directory `/opt/local/var/macports/build/_opt_local_var_macports_sources_build.openmodelica.org_macports_lang_openmodelica-devel/openmodelica-devel/work/openmodelica_18002/OMPlot/OMPlotGUI'
:info:build ranlib: file: .libs/libgc.a(checksums.o) has no symbols
:info:build ranlib: file: .libs/libgc.a(gc_dlopen.o) has no symbols
:info:build ranlib: file: .libs/libgc.a(pcr_interface.o) has no symbols
:info:build ranlib: file: .libs/libgc.a(real_malloc.o) has no symbols
:info:build ranlib: file: .libs/libgc.a(specific.o) has no symbols
:info:build ranlib: file: .libs/libgc.a(backgraph.o) has no symbols
:info:build ranlib: file: .libs/libgc.a(pthread_stop_world.o) has no symbols
:info:build libtool: link: /usr/bin/clang -Wl,-install_name -Wl,@rpath/liblis.dylib -o .libs/spmvtest4 spmvtest4.o  -L/opt/local/var/macports/build/_opt_local_var_macports_sources_build.openmodelica.org_macports_lang_openmodelica-devel/openmodelica-devel/work/openmodelica_18002/3rdParty/lis-1.4.12/src /opt/local/var/macports/build/_opt_local_var_macports_sources_build.openmodelica.org_macports_lang_openmodelica-devel/openmodelica-devel/work/openmodelica_18002/3rdParty/lis-1.4.12/src/.libs/liblis.dylib -lm
:info:build /usr/bin/clang++ -headerpad_max_install_names  -Xarch_x86_64 -mmacosx-version-min=10.8 -o ../bin/OMPlot.app/Contents/MacOS/OMPlot main.o read_matlab4.o Plot.o PlotZoomer.o Legend.o PlotPanner.o PlotGrid.o PlotCurve.o PlotWindow.o PlotApplication.o PlotWindowContainer.o PlotMainWindow.o moc_Plot.o moc_PlotZoomer.o moc_Legend.o moc_PlotPanner.o moc_PlotWindow.o moc_PlotApplication.o moc_PlotWindowContainer.o moc_PlotMainWindow.o qrc_resource_omplot.o   -F/opt/local/Library/Frameworks -F/opt/local/lib  -lqwt -F/opt/local/Library/Frameworks -F/opt/local/lib -L/opt/local/lib -framework QtSvg -framework QtGui -framework QtCore 
:info:build /bin/sh ../libtool --mode=link /usr/bin/clang  -Wl,-install_name,@rpath/liblis.dylib -o spmvtest5 -lm  spmvtest5.o -L../src -llis -lm 
:info:build make[2]: Leaving directory `/opt/local/var/macports/build/_opt_local_var_macports_sources_build.openmodelica.org_macports_lang_openmodelica-devel/openmodelica-devel/work/openmodelica_18002/OMPlot/OMPlotGUI'
:info:build cp -p ../bin/OMPlot.app/Contents/MacOS/OMPlot ../bin/OMPlot
:info:build libtool: link: ( cd ".libs" && rm -f "libgc.la" && ln -s "../libgc.la" "libgc.la" )
:info:build /bin/sh ./libtool --tag=CC   --mode=link /usr/bin/clang -fexceptions -pipe -Os -arch x86_64 -fno-strict-aliasing -version-info 1:3:0 -no-undefined  -o libcord.la -rpath /usr/local/lib cordbscs.lo cordprnt.lo cordtest.lo cordxtra.lo ./libgc.la 
:info:build cp -p ../bin/OMPlot ../..//build/bin/
:info:build make[1]: Leaving directory `/opt/local/var/macports/build/_opt_local_var_macports_sources_build.openmodelica.org_macports_lang_openmodelica-devel/openmodelica-devel/work/openmodelica_18002/OMPlot/OMPlotGUI'
:info:build libtool: link: /usr/bin/clang -Wl,-install_name -Wl,@rpath/liblis.dylib -o .libs/spmvtest5 spmvtest5.o  -L/opt/local/var/macports/build/_opt_local_var_macports_sources_build.openmodelica.org_macports_lang_openmodelica-devel/openmodelica-devel/work/openmodelica_18002/3rdParty/lis-1.4.12/src /opt/local/var/macports/build/_opt_local_var_macports_sources_build.openmodelica.org_macports_lang_openmodelica-devel/openmodelica-devel/work/openmodelica_18002/3rdParty/lis-1.4.12/src/.libs/liblis.dylib -lm
:info:build Building Lis from sources
:info:build /usr/bin/make -C 3rdParty/lis-1.4.12
:info:build make[3]: Entering directory `/opt/local/var/macports/build/_opt_local_var_macports_sources_build.openmodelica.org_macports_lang_openmodelica-devel/openmodelica-devel/work/openmodelica_18002/3rdParty/lis-1.4.12'
:info:build Making all in src
:info:build make[4]: Entering directory `/opt/local/var/macports/build/_opt_local_var_macports_sources_build.openmodelica.org_macports_lang_openmodelica-devel/openmodelica-devel/work/openmodelica_18002/3rdParty/lis-1.4.12/src'
:info:build Making all in matrix
:info:build make[5]: Entering directory `/opt/local/var/macports/build/_opt_local_var_macports_sources_build.openmodelica.org_macports_lang_openmodelica-devel/openmodelica-devel/work/openmodelica_18002/3rdParty/lis-1.4.12/src/matrix'
:info:build make[5]: Nothing to be done for `all'.
:info:build make[5]: Leaving directory `/opt/local/var/macports/build/_opt_local_var_macports_sources_build.openmodelica.org_macports_lang_openmodelica-devel/openmodelica-devel/work/openmodelica_18002/3rdParty/lis-1.4.12/src/matrix'
:info:build Making all in vector
:info:build make[5]: Entering directory `/opt/local/var/macports/build/_opt_local_var_macports_sources_build.openmodelica.org_macports_lang_openmodelica-devel/openmodelica-devel/work/openmodelica_18002/3rdParty/lis-1.4.12/src/vector'
:info:build make[5]: Nothing to be done for `all'.
:info:build make[5]: Leaving directory `/opt/local/var/macports/build/_opt_local_var_macports_sources_build.openmodelica.org_macports_lang_openmodelica-devel/openmodelica-devel/work/openmodelica_18002/3rdParty/lis-1.4.12/src/vector'
:info:build Making all in matvec
:info:build make[5]: Entering directory `/opt/local/var/macports/build/_opt_local_var_macports_sources_build.openmodelica.org_macports_lang_openmodelica-devel/openmodelica-devel/work/openmodelica_18002/3rdParty/lis-1.4.12/src/matvec'
:info:build make[5]: Nothing to be done for `all'.
:info:build make[5]: Leaving directory `/opt/local/var/macports/build/_opt_local_var_macports_sources_build.openmodelica.org_macports_lang_openmodelica-devel/openmodelica-devel/work/openmodelica_18002/3rdParty/lis-1.4.12/src/matvec'
:info:build Making all in precon
:info:build make[5]: Entering directory `/opt/local/var/macports/build/_opt_local_var_macports_sources_build.openmodelica.org_macports_lang_openmodelica-devel/openmodelica-devel/work/openmodelica_18002/3rdParty/lis-1.4.12/src/precon'
:info:build make[5]: Nothing to be done for `all'.
:info:build make[5]: Leaving directory `/opt/local/var/macports/build/_opt_local_var_macports_sources_build.openmodelica.org_macports_lang_openmodelica-devel/openmodelica-devel/work/openmodelica_18002/3rdParty/lis-1.4.12/src/precon'
:info:build Making all in solver
:info:build make[5]: Entering directory `/opt/local/var/macports/build/_opt_local_var_macports_sources_build.openmodelica.org_macports_lang_openmodelica-devel/openmodelica-devel/work/openmodelica_18002/3rdParty/lis-1.4.12/src/solver'
:info:build make[5]: Nothing to be done for `all'.
:info:build make[5]: Leaving directory `/opt/local/var/macports/build/_opt_local_var_macports_sources_build.openmodelica.org_macports_lang_openmodelica-devel/openmodelica-devel/work/openmodelica_18002/3rdParty/lis-1.4.12/src/solver'
:info:build Making all in esolver
:info:build make[5]: Entering directory `/opt/local/var/macports/build/_opt_local_var_macports_sources_build.openmodelica.org_macports_lang_openmodelica-devel/openmodelica-devel/work/openmodelica_18002/3rdParty/lis-1.4.12/src/esolver'
:info:build make[5]: Nothing to be done for `all'.
:info:build make[5]: Leaving directory `/opt/local/var/macports/build/_opt_local_var_macports_sources_build.openmodelica.org_macports_lang_openmodelica-devel/openmodelica-devel/work/openmodelica_18002/3rdParty/lis-1.4.12/src/esolver'
:info:build Making all in system
:info:build /bin/sh ../libtool --mode=link /usr/bin/clang  -Wl,-install_name,@rpath/liblis.dylib -o test2 -lm  test2.o -L../src -llis -lm 
:info:build make[5]: Entering directory `/opt/local/var/macports/build/_opt_local_var_macports_sources_build.openmodelica.org_macports_lang_openmodelica-devel/openmodelica-devel/work/openmodelica_18002/3rdParty/lis-1.4.12/src/system'
:info:build make[5]: Nothing to be done for `all'.
:info:build make[5]: Leaving directory `/opt/local/var/macports/build/_opt_local_var_macports_sources_build.openmodelica.org_macports_lang_openmodelica-devel/openmodelica-devel/work/openmodelica_18002/3rdParty/lis-1.4.12/src/system'
:info:build Making all in precision
:info:build make[5]: Entering directory `/opt/local/var/macports/build/_opt_local_var_macports_sources_build.openmodelica.org_macports_lang_openmodelica-devel/openmodelica-devel/work/openmodelica_18002/3rdParty/lis-1.4.12/src/precision'
:info:build make[5]: Nothing to be done for `all'.
:info:build make[5]: Leaving directory `/opt/local/var/macports/build/_opt_local_var_macports_sources_build.openmodelica.org_macports_lang_openmodelica-devel/openmodelica-devel/work/openmodelica_18002/3rdParty/lis-1.4.12/src/precision'
:info:build make[5]: Entering directory `/opt/local/var/macports/build/_opt_local_var_macports_sources_build.openmodelica.org_macports_lang_openmodelica-devel/openmodelica-devel/work/openmodelica_18002/3rdParty/lis-1.4.12/src'
:info:build make[5]: Nothing to be done for `all-am'.
:info:build make[5]: Leaving directory `/opt/local/var/macports/build/_opt_local_var_macports_sources_build.openmodelica.org_macports_lang_openmodelica-devel/openmodelica-devel/work/openmodelica_18002/3rdParty/lis-1.4.12/src'
:info:build make[4]: Leaving directory `/opt/local/var/macports/build/_opt_local_var_macports_sources_build.openmodelica.org_macports_lang_openmodelica-devel/openmodelica-devel/work/openmodelica_18002/3rdParty/lis-1.4.12/src'
:info:build Making all in include
:info:build make[4]: Entering directory `/opt/local/var/macports/build/_opt_local_var_macports_sources_build.openmodelica.org_macports_lang_openmodelica-devel/openmodelica-devel/work/openmodelica_18002/3rdParty/lis-1.4.12/include'
:info:build /usr/bin/make  all-am
:info:build make[5]: Entering directory `/opt/local/var/macports/build/_opt_local_var_macports_sources_build.openmodelica.org_macports_lang_openmodelica-devel/openmodelica-devel/work/openmodelica_18002/3rdParty/lis-1.4.12/include'
:info:build make[5]: Nothing to be done for `all-am'.
:info:build make[5]: Leaving directory `/opt/local/var/macports/build/_opt_local_var_macports_sources_build.openmodelica.org_macports_lang_openmodelica-devel/openmodelica-devel/work/openmodelica_18002/3rdParty/lis-1.4.12/include'
:info:build make[4]: Leaving directory `/opt/local/var/macports/build/_opt_local_var_macports_sources_build.openmodelica.org_macports_lang_openmodelica-devel/openmodelica-devel/work/openmodelica_18002/3rdParty/lis-1.4.12/include'
:info:build Making all in test
:info:build make[4]: Entering directory `/opt/local/var/macports/build/_opt_local_var_macports_sources_build.openmodelica.org_macports_lang_openmodelica-devel/openmodelica-devel/work/openmodelica_18002/3rdParty/lis-1.4.12/test'
:info:build /bin/sh ../libtool --mode=link /usr/bin/clang  -Wl,-install_name,@rpath/liblis.dylib -o test2 -lm  test2.o -L../src -llis -lm 
:info:build libtool: link: /usr/bin/clang -dynamiclib  -o .libs/libcord.1.dylib  .libs/cordbscs.o .libs/cordprnt.o .libs/cordtest.o .libs/cordxtra.o   ./.libs/libgc.dylib -lpthread  -Os -arch x86_64   -install_name  /usr/local/lib/libcord.1.dylib -compatibility_version 2 -current_version 2.3 -Wl,-single_module
:info:build libtool: link: (cd ".libs" && rm -f "libcord.dylib" && ln -s "libcord.1.dylib" "libcord.dylib")
:info:build libtool: link: ar cru .libs/libcord.a  cordbscs.o cordprnt.o cordtest.o cordxtra.o
:info:build libtool: link: /usr/bin/clang -Wl,-install_name -Wl,@rpath/liblis.dylib -o .libs/test2 test2.o  -L/opt/local/var/macports/build/_opt_local_var_macports_sources_build.openmodelica.org_macports_lang_openmodelica-devel/openmodelica-devel/work/openmodelica_18002/3rdParty/lis-1.4.12/src /opt/local/var/macports/build/_opt_local_var_macports_sources_build.openmodelica.org_macports_lang_openmodelica-devel/openmodelica-devel/work/openmodelica_18002/3rdParty/lis-1.4.12/src/.libs/liblis.dylib -lm
:info:build libtool: link: /usr/bin/clang -Wl,-install_name -Wl,@rpath/liblis.dylib -o .libs/test2 test2.o  -L/opt/local/var/macports/build/_opt_local_var_macports_sources_build.openmodelica.org_macports_lang_openmodelica-devel/openmodelica-devel/work/openmodelica_18002/3rdParty/lis-1.4.12/src /opt/local/var/macports/build/_opt_local_var_macports_sources_build.openmodelica.org_macports_lang_openmodelica-devel/openmodelica-devel/work/openmodelica_18002/3rdParty/lis-1.4.12/src/.libs/liblis.dylib -lm
:info:build /bin/sh ../libtool --mode=link /usr/bin/clang  -Wl,-install_name,@rpath/liblis.dylib -o test3 -lm  test3.o -L../src -llis -lm 
:info:build libtool: link: ranlib .libs/libcord.a
:info:build /bin/sh ../libtool --mode=link /usr/bin/clang  -Wl,-install_name,@rpath/liblis.dylib -o test3 -lm  test3.o -L../src -llis -lm 
:info:build libtool: link: ( cd ".libs" && rm -f "libcord.la" && ln -s "../libcord.la" "libcord.la" )
:info:build make[4]: Leaving directory `/opt/local/var/macports/build/_opt_local_var_macports_sources_build.openmodelica.org_macports_lang_openmodelica-devel/openmodelica-devel/work/openmodelica_18002/3rdParty/gc-7.2'
:info:build make[3]: Leaving directory `/opt/local/var/macports/build/_opt_local_var_macports_sources_build.openmodelica.org_macports_lang_openmodelica-devel/openmodelica-devel/work/openmodelica_18002/3rdParty/gc-7.2'
:info:build /usr/bin/make -C OMEdit/OMEditGUI -f Makefile.unix
:info:build make[1]: Entering directory `/opt/local/var/macports/build/_opt_local_var_macports_sources_build.openmodelica.org_macports_lang_openmodelica-devel/openmodelica-devel/work/openmodelica_18002/OMEdit/OMEditGUI'
:info:build sh /opt/local/var/macports/build/_opt_local_var_macports_sources_build.openmodelica.org_macports_lang_openmodelica-devel/openmodelica-devel/work/openmodelica_18002/qmake.sh
:info:build libtool: link: /usr/bin/clang -Wl,-install_name -Wl,@rpath/liblis.dylib -o .libs/test3 test3.o  -L/opt/local/var/macports/build/_opt_local_var_macports_sources_build.openmodelica.org_macports_lang_openmodelica-devel/openmodelica-devel/work/openmodelica_18002/3rdParty/lis-1.4.12/src /opt/local/var/macports/build/_opt_local_var_macports_sources_build.openmodelica.org_macports_lang_openmodelica-devel/openmodelica-devel/work/openmodelica_18002/3rdParty/lis-1.4.12/src/.libs/liblis.dylib -lm
:info:build libtool: link: /usr/bin/clang -Wl,-install_name -Wl,@rpath/liblis.dylib -o .libs/test3 test3.o  -L/opt/local/var/macports/build/_opt_local_var_macports_sources_build.openmodelica.org_macports_lang_openmodelica-devel/openmodelica-devel/work/openmodelica_18002/3rdParty/lis-1.4.12/src /opt/local/var/macports/build/_opt_local_var_macports_sources_build.openmodelica.org_macports_lang_openmodelica-devel/openmodelica-devel/work/openmodelica_18002/3rdParty/lis-1.4.12/src/.libs/liblis.dylib -lm
:info:build /bin/sh ../libtool --mode=link /usr/bin/clang  -Wl,-install_name,@rpath/liblis.dylib -o test4 -lm  test4.o -L../src -llis -lm 
:info:build /bin/sh ../libtool --mode=link /usr/bin/clang  -Wl,-install_name,@rpath/liblis.dylib -o test4 -lm  test4.o -L../src -llis -lm 
:info:build Project MESSAGE: qtAddLibrary: found framework QtWebKit in directory /opt/local/Library/Frameworks
:info:build Project MESSAGE: qtAddLibrary: found framework QtSvg in directory /opt/local/Library/Frameworks
:info:build Project MESSAGE: qtAddLibrary: found framework QtXml in directory /opt/local/Library/Frameworks
:info:build Project MESSAGE: qtAddLibrary: found framework QtGui in directory /opt/local/Library/Frameworks
:info:build Project MESSAGE: qtAddLibrary: found framework QtNetwork in directory /opt/local/Library/Frameworks
:info:build Project MESSAGE: qtAddLibrary: found framework QtCore in directory /opt/local/Library/Frameworks
:info:build libtool: link: /usr/bin/clang -Wl,-install_name -Wl,@rpath/liblis.dylib -o .libs/test4 test4.o  -L/opt/local/var/macports/build/_opt_local_var_macports_sources_build.openmodelica.org_macports_lang_openmodelica-devel/openmodelica-devel/work/openmodelica_18002/3rdParty/lis-1.4.12/src /opt/local/var/macports/build/_opt_local_var_macports_sources_build.openmodelica.org_macports_lang_openmodelica-devel/openmodelica-devel/work/openmodelica_18002/3rdParty/lis-1.4.12/src/.libs/liblis.dylib -lm
:info:build WARNING: Failure to find: omc_communication.cc
:info:build WARNING: Failure to find: omc_communication.h
:info:build libtool: link: /usr/bin/clang -Wl,-install_name -Wl,@rpath/liblis.dylib -o .libs/test4 test4.o  -L/opt/local/var/macports/build/_opt_local_var_macports_sources_build.openmodelica.org_macports_lang_openmodelica-devel/openmodelica-devel/work/openmodelica_18002/3rdParty/lis-1.4.12/src /opt/local/var/macports/build/_opt_local_var_macports_sources_build.openmodelica.org_macports_lang_openmodelica-devel/openmodelica-devel/work/openmodelica_18002/3rdParty/lis-1.4.12/src/.libs/liblis.dylib -lm
:info:build chmod: test4: No such file or directory
:info:build /bin/sh ../libtool --mode=link /usr/bin/clang  -Wl,-install_name,@rpath/liblis.dylib -o test5 -lm  test5.o -L../src -llis -lm 
:info:build /bin/sh ../libtool --mode=link /usr/bin/clang  -Wl,-install_name,@rpath/liblis.dylib -o test5 -lm  test5.o -L../src -llis -lm 
:info:build libtool: link: /usr/bin/clang -Wl,-install_name -Wl,@rpath/liblis.dylib -o .libs/test5 test5.o  -L/opt/local/var/macports/build/_opt_local_var_macports_sources_build.openmodelica.org_macports_lang_openmodelica-devel/openmodelica-devel/work/openmodelica_18002/3rdParty/lis-1.4.12/src /opt/local/var/macports/build/_opt_local_var_macports_sources_build.openmodelica.org_macports_lang_openmodelica-devel/openmodelica-devel/work/openmodelica_18002/3rdParty/lis-1.4.12/src/.libs/liblis.dylib -lm
:info:build libtool: link: /usr/bin/clang -Wl,-install_name -Wl,@rpath/liblis.dylib -o .libs/test5 test5.o  -L/opt/local/var/macports/build/_opt_local_var_macports_sources_build.openmodelica.org_macports_lang_openmodelica-devel/openmodelica-devel/work/openmodelica_18002/3rdParty/lis-1.4.12/src /opt/local/var/macports/build/_opt_local_var_macports_sources_build.openmodelica.org_macports_lang_openmodelica-devel/openmodelica-devel/work/openmodelica_18002/3rdParty/lis-1.4.12/src/.libs/liblis.dylib -lm
:info:build chmod: test5: No such file or directory
:info:build /bin/sh ../libtool --mode=link /usr/bin/clang  -Wl,-install_name,@rpath/liblis.dylib -o test6 -lm  test6.o -L../src -llis -lm 
:info:build /bin/sh ../libtool --mode=link /usr/bin/clang  -Wl,-install_name,@rpath/liblis.dylib -o test6 -lm  test6.o -L../src -llis -lm 
:info:build libtool: link: /usr/bin/clang -Wl,-install_name -Wl,@rpath/liblis.dylib -o .libs/test6 test6.o  -L/opt/local/var/macports/build/_opt_local_var_macports_sources_build.openmodelica.org_macports_lang_openmodelica-devel/openmodelica-devel/work/openmodelica_18002/3rdParty/lis-1.4.12/src /opt/local/var/macports/build/_opt_local_var_macports_sources_build.openmodelica.org_macports_lang_openmodelica-devel/openmodelica-devel/work/openmodelica_18002/3rdParty/lis-1.4.12/src/.libs/liblis.dylib -lm
:info:build libtool: link: /usr/bin/clang -Wl,-install_name -Wl,@rpath/liblis.dylib -o .libs/test6 test6.o  -L/opt/local/var/macports/build/_opt_local_var_macports_sources_build.openmodelica.org_macports_lang_openmodelica-devel/openmodelica-devel/work/openmodelica_18002/3rdParty/lis-1.4.12/src /opt/local/var/macports/build/_opt_local_var_macports_sources_build.openmodelica.org_macports_lang_openmodelica-devel/openmodelica-devel/work/openmodelica_18002/3rdParty/lis-1.4.12/src/.libs/liblis.dylib -lm
:info:build /opt/local/bin/omniidl -bcxx -Wbh=.h -Wbs=.cc ../..//Compiler/runtime//omc_communication.idl
:info:build /bin/sh ../libtool --mode=link /usr/bin/clang  -Wl,-install_name,@rpath/liblis.dylib -o etest1 -lm  etest1.o -L../src -llis -lm 
:info:build /bin/sh ../libtool --mode=link /usr/bin/clang  -Wl,-install_name,@rpath/liblis.dylib -o etest1 -lm  etest1.o -L../src -llis -lm 
:info:build libtool: link: /usr/bin/clang -Wl,-install_name -Wl,@rpath/liblis.dylib -o .libs/etest1 etest1.o  -L/opt/local/var/macports/build/_opt_local_var_macports_sources_build.openmodelica.org_macports_lang_openmodelica-devel/openmodelica-devel/work/openmodelica_18002/3rdParty/lis-1.4.12/src /opt/local/var/macports/build/_opt_local_var_macports_sources_build.openmodelica.org_macports_lang_openmodelica-devel/openmodelica-devel/work/openmodelica_18002/3rdParty/lis-1.4.12/src/.libs/liblis.dylib -lm
:info:build libtool: link: /usr/bin/clang -Wl,-install_name -Wl,@rpath/liblis.dylib -o .libs/etest1 etest1.o  -L/opt/local/var/macports/build/_opt_local_var_macports_sources_build.openmodelica.org_macports_lang_openmodelica-devel/openmodelica-devel/work/openmodelica_18002/3rdParty/lis-1.4.12/src /opt/local/var/macports/build/_opt_local_var_macports_sources_build.openmodelica.org_macports_lang_openmodelica-devel/openmodelica-devel/work/openmodelica_18002/3rdParty/lis-1.4.12/src/.libs/liblis.dylib -lm
:info:build /bin/sh ../libtool --mode=link /usr/bin/clang  -Wl,-install_name,@rpath/liblis.dylib -o etest2 -lm  etest2.o -L../src -llis -lm 
:info:build /bin/sh ../libtool --mode=link /usr/bin/clang  -Wl,-install_name,@rpath/liblis.dylib -o etest2 -lm  etest2.o -L../src -llis -lm 
:info:build libtool: link: /usr/bin/clang -Wl,-install_name -Wl,@rpath/liblis.dylib -o .libs/etest2 etest2.o  -L/opt/local/var/macports/build/_opt_local_var_macports_sources_build.openmodelica.org_macports_lang_openmodelica-devel/openmodelica-devel/work/openmodelica_18002/3rdParty/lis-1.4.12/src /opt/local/var/macports/build/_opt_local_var_macports_sources_build.openmodelica.org_macports_lang_openmodelica-devel/openmodelica-devel/work/openmodelica_18002/3rdParty/lis-1.4.12/src/.libs/liblis.dylib -lm
:info:build libtool: link: /usr/bin/clang -Wl,-install_name -Wl,@rpath/liblis.dylib -o .libs/etest2 etest2.o  -L/opt/local/var/macports/build/_opt_local_var_macports_sources_build.openmodelica.org_macports_lang_openmodelica-devel/openmodelica-devel/work/openmodelica_18002/3rdParty/lis-1.4.12/src /opt/local/var/macports/build/_opt_local_var_macports_sources_build.openmodelica.org_macports_lang_openmodelica-devel/openmodelica-devel/work/openmodelica_18002/3rdParty/lis-1.4.12/src/.libs/liblis.dylib -lm
:info:build /bin/sh ../libtool --mode=link /usr/bin/clang  -Wl,-install_name,@rpath/liblis.dylib -o etest3 -lm  etest3.o -L../src -llis -lm 
:info:build /bin/sh ../libtool --mode=link /usr/bin/clang  -Wl,-install_name,@rpath/liblis.dylib -o etest3 -lm  etest3.o -L../src -llis -lm 
:info:build libtool: link: /usr/bin/clang -Wl,-install_name -Wl,@rpath/liblis.dylib -o .libs/etest3 etest3.o  -L/opt/local/var/macports/build/_opt_local_var_macports_sources_build.openmodelica.org_macports_lang_openmodelica-devel/openmodelica-devel/work/openmodelica_18002/3rdParty/lis-1.4.12/src /opt/local/var/macports/build/_opt_local_var_macports_sources_build.openmodelica.org_macports_lang_openmodelica-devel/openmodelica-devel/work/openmodelica_18002/3rdParty/lis-1.4.12/src/.libs/liblis.dylib -lm
:info:build /bin/sh ../libtool --mode=link /usr/bin/clang  -Wl,-install_name,@rpath/liblis.dylib -o etest4 -lm  etest4.o -L../src -llis -lm 
:info:build libtool: link: /usr/bin/clang -Wl,-install_name -Wl,@rpath/liblis.dylib -o .libs/etest3 etest3.o  -L/opt/local/var/macports/build/_opt_local_var_macports_sources_build.openmodelica.org_macports_lang_openmodelica-devel/openmodelica-devel/work/openmodelica_18002/3rdParty/lis-1.4.12/src /opt/local/var/macports/build/_opt_local_var_macports_sources_build.openmodelica.org_macports_lang_openmodelica-devel/openmodelica-devel/work/openmodelica_18002/3rdParty/lis-1.4.12/src/.libs/liblis.dylib -lm
:info:build /bin/sh ../libtool --mode=link /usr/bin/clang  -Wl,-install_name,@rpath/liblis.dylib -o etest4 -lm  etest4.o -L../src -llis -lm 
:info:build libtool: link: /usr/bin/clang -Wl,-install_name -Wl,@rpath/liblis.dylib -o .libs/etest4 etest4.o  -L/opt/local/var/macports/build/_opt_local_var_macports_sources_build.openmodelica.org_macports_lang_openmodelica-devel/openmodelica-devel/work/openmodelica_18002/3rdParty/lis-1.4.12/src /opt/local/var/macports/build/_opt_local_var_macports_sources_build.openmodelica.org_macports_lang_openmodelica-devel/openmodelica-devel/work/openmodelica_18002/3rdParty/lis-1.4.12/src/.libs/liblis.dylib -lm
:info:build /bin/sh ../libtool --mode=link /usr/bin/clang  -Wl,-install_name,@rpath/liblis.dylib -o etest6 -lm  etest6.o -L../src -llis -lm 
:info:build libtool: link: /usr/bin/clang -Wl,-install_name -Wl,@rpath/liblis.dylib -o .libs/etest4 etest4.o  -L/opt/local/var/macports/build/_opt_local_var_macports_sources_build.openmodelica.org_macports_lang_openmodelica-devel/openmodelica-devel/work/openmodelica_18002/3rdParty/lis-1.4.12/src /opt/local/var/macports/build/_opt_local_var_macports_sources_build.openmodelica.org_macports_lang_openmodelica-devel/openmodelica-devel/work/openmodelica_18002/3rdParty/lis-1.4.12/src/.libs/liblis.dylib -lm
:info:build /bin/sh ../libtool --mode=link /usr/bin/clang  -Wl,-install_name,@rpath/liblis.dylib -o etest6 -lm  etest6.o -L../src -llis -lm 
:info:build libtool: link: /usr/bin/clang -Wl,-install_name -Wl,@rpath/liblis.dylib -o .libs/etest6 etest6.o  -L/opt/local/var/macports/build/_opt_local_var_macports_sources_build.openmodelica.org_macports_lang_openmodelica-devel/openmodelica-devel/work/openmodelica_18002/3rdParty/lis-1.4.12/src /opt/local/var/macports/build/_opt_local_var_macports_sources_build.openmodelica.org_macports_lang_openmodelica-devel/openmodelica-devel/work/openmodelica_18002/3rdParty/lis-1.4.12/src/.libs/liblis.dylib -lm
:info:build make[2]: Leaving directory `/opt/local/var/macports/build/_opt_local_var_macports_sources_build.openmodelica.org_macports_lang_openmodelica-devel/openmodelica-devel/work/openmodelica_18002/3rdParty/lis-1.4.12/test'
:info:build make[2]: Entering directory `/opt/local/var/macports/build/_opt_local_var_macports_sources_build.openmodelica.org_macports_lang_openmodelica-devel/openmodelica-devel/work/openmodelica_18002/3rdParty/lis-1.4.12'
:info:build make[2]: Nothing to be done for `all-am'.
:info:build make[2]: Leaving directory `/opt/local/var/macports/build/_opt_local_var_macports_sources_build.openmodelica.org_macports_lang_openmodelica-devel/openmodelica-devel/work/openmodelica_18002/3rdParty/lis-1.4.12'
:info:build make[1]: Leaving directory `/opt/local/var/macports/build/_opt_local_var_macports_sources_build.openmodelica.org_macports_lang_openmodelica-devel/openmodelica-devel/work/openmodelica_18002/3rdParty/lis-1.4.12'
:info:build # Copy the library; not headers (as they are not used by the runtime system)
:info:build cp -Pp 3rdParty/lis-1.4.12/src/.libs/liblis.dylib* build/lib/omc/
:info:build lrelease OMEditGUI.pro
:info:build libtool: link: /usr/bin/clang -Wl,-install_name -Wl,@rpath/liblis.dylib -o .libs/etest6 etest6.o  -L/opt/local/var/macports/build/_opt_local_var_macports_sources_build.openmodelica.org_macports_lang_openmodelica-devel/openmodelica-devel/work/openmodelica_18002/3rdParty/lis-1.4.12/src /opt/local/var/macports/build/_opt_local_var_macports_sources_build.openmodelica.org_macports_lang_openmodelica-devel/openmodelica-devel/work/openmodelica_18002/3rdParty/lis-1.4.12/src/.libs/liblis.dylib -lm
:info:build make[4]: Leaving directory `/opt/local/var/macports/build/_opt_local_var_macports_sources_build.openmodelica.org_macports_lang_openmodelica-devel/openmodelica-devel/work/openmodelica_18002/3rdParty/lis-1.4.12/test'
:info:build make[4]: Entering directory `/opt/local/var/macports/build/_opt_local_var_macports_sources_build.openmodelica.org_macports_lang_openmodelica-devel/openmodelica-devel/work/openmodelica_18002/3rdParty/lis-1.4.12'
:info:build make[4]: Nothing to be done for `all-am'.
:info:build make[4]: Leaving directory `/opt/local/var/macports/build/_opt_local_var_macports_sources_build.openmodelica.org_macports_lang_openmodelica-devel/openmodelica-devel/work/openmodelica_18002/3rdParty/lis-1.4.12'
:info:build make[3]: Leaving directory `/opt/local/var/macports/build/_opt_local_var_macports_sources_build.openmodelica.org_macports_lang_openmodelica-devel/openmodelica-devel/work/openmodelica_18002/3rdParty/lis-1.4.12'
:info:build # Copy the library; not headers (as they are not used by the runtime system)
:info:build cp -Pp 3rdParty/lis-1.4.12/src/.libs/liblis.dylib* build/lib/omc/
:info:build Project MESSAGE: qtAddLibrary: found framework QtWebKit in directory /opt/local/Library/FrameworksProject MESSAGE: qtAddLibrary: found framework QtSvg in directory /opt/local/Library/FrameworksProject MESSAGE: qtAddLibrary: found framework QtXml in directory /opt/local/Library/FrameworksProject MESSAGE: qtAddLibrary: found framework QtGui in directory /opt/local/Library/FrameworksProject MESSAGE: qtAddLibrary: found framework QtNetwork in directory /opt/local/Library/FrameworksProject MESSAGE: qtAddLibrary: found framework QtCore in directory /opt/local/Library/Frameworkscp -p 3rdParty/gc-7.2/.libs/libgc.a build/lib/omc/libgc.a
:info:build Updating '/opt/local/var/macports/build/_opt_local_var_macports_sources_build.openmodelica.org_macports_lang_openmodelica-devel/openmodelica-devel/work/openmodelica_18002/OMEdit/OMEditGUI/Resources/nls/OMEdit_de.qm'...
:info:build     Generated 441 translation(s) (400 finished and 41 unfinished)
:info:build     Ignored 169 untranslated source text(s)
:info:build Updating '/opt/local/var/macports/build/_opt_local_var_macports_sources_build.openmodelica.org_macports_lang_openmodelica-devel/openmodelica-devel/work/openmodelica_18002/OMEdit/OMEditGUI/Resources/nls/OMEdit_es.qm'...
:info:build     Generated 22 translation(s) (18 finished and 4 unfinished)
:info:build     Ignored 588 untranslated source text(s)
:info:build Updating '/opt/local/var/macports/build/_opt_local_var_macports_sources_build.openmodelica.org_macports_lang_openmodelica-devel/openmodelica-devel/work/openmodelica_18002/OMEdit/OMEditGUI/Resources/nls/OMEdit_fr.qm'...
:info:build     Generated 571 translation(s) (563 finished and 8 unfinished)
:info:build     Ignored 39 untranslated source text(s)
:info:build Updating '/opt/local/var/macports/build/_opt_local_var_macports_sources_build.openmodelica.org_macports_lang_openmodelica-devel/openmodelica-devel/work/openmodelica_18002/OMEdit/OMEditGUI/Resources/nls/OMEdit_it.qm'...
:info:build     Generated 607 translation(s) (607 finished and 0 unfinished)
:info:build     Ignored 3 untranslated source text(s)
:info:build Updating '/opt/local/var/macports/build/_opt_local_var_macports_sources_build.openmodelica.org_macports_lang_openmodelica-devel/openmodelica-devel/work/openmodelica_18002/OMEdit/OMEditGUI/Resources/nls/OMEdit_ja.qm'...
:info:build     Generated 271 translation(s) (171 finished and 100 unfinished)
:info:build     Ignored 339 untranslated source text(s)
:info:build ln -s omc_communication.cc omc_communication.cpp
:info:build /usr/bin/make -f Makefile
:info:build Updating '/opt/local/var/macports/build/_opt_local_var_macports_sources_build.openmodelica.org_macports_lang_openmodelica-devel/openmodelica-devel/work/openmodelica_18002/OMEdit/OMEditGUI/Resources/nls/OMEdit_ro.qm'...
:info:build     Generated 189 translation(s) (133 finished and 56 unfinished)
:info:build     Ignored 421 untranslated source text(s)
:info:build make[2]: Entering directory `/opt/local/var/macports/build/_opt_local_var_macports_sources_build.openmodelica.org_macports_lang_openmodelica-devel/openmodelica-devel/work/openmodelica_18002/OMEdit/OMEditGUI'
:info:build Updating '/opt/local/var/macports/build/_opt_local_var_macports_sources_build.openmodelica.org_macports_lang_openmodelica-devel/openmodelica-devel/work/openmodelica_18002/OMEdit/OMEditGUI/Resources/nls/OMEdit_ru.qm'...
:info:build     Generated 271 translation(s) (171 finished and 100 unfinished)
:info:build     Ignored 339 untranslated source text(s)
:info:build /usr/bin/clang++ -c -pipe -Os  -O2  -Xarch_x86_64 -mmacosx-version-min=10.8 -w -DQT_NO_DEBUG -DQT_WEBKIT_LIB -DQT_SVG_LIB -DQT_XML_LIB -DQT_GUI_LIB -DQT_NETWORK_LIB -DQT_CORE_LIB -DQT_SHARED -I/opt/local/share/qt4/mkspecs/macx-g++ -I. -I../generatedfiles/moc -I/opt/local/Library/Frameworks/QtCore.framework/Versions/4/Headers -I/opt/local/Library/Frameworks/QtNetwork.framework/Versions/4/Headers -I/opt/local/Library/Frameworks/QtGui.framework/Versions/4/Headers -I/opt/local/Library/Frameworks/QtXml.framework/Versions/4/Headers -I/opt/local/Library/Frameworks/QtSvg.framework/Versions/4/Headers -I/opt/local/Library/Frameworks/QtWebKit.framework/Versions/4/Headers -I/opt/local/include/qwt -I../../OMPlot/OMPlotGUI -I. -IAnnotations -IComponent -IGUI -IGUI/Containers -IGUI/Widgets -IGUI/Dialogs -IOMC -IUtil -I/opt/local/Library/Frameworks/QtWebKit.framework/Versions/4/Headers -I/opt/local/Library/Frameworks/QtSvg.framework/Versions/4/Headers -I/opt/local/Library/Frameworks/QtXml.framework/Versions/4/Headers -I/opt/local/Library/Frameworks/QtGui.framework/Versions/4/Headers -I/opt/local/Library/Frameworks/QtNetwork.framework/Versions/4/Headers -I/opt/local/Library/Frameworks/QtCore.framework/Versions/4/Headers -I/opt/local/include -F/opt/local/Library/Frameworks -F/opt/local/lib -o main.o main.cpp
:info:build Updating '/opt/local/var/macports/build/_opt_local_var_macports_sources_build.openmodelica.org_macports_lang_openmodelica-devel/openmodelica-devel/work/openmodelica_18002/OMEdit/OMEditGUI/Resources/nls/OMEdit_sv.qm'...
:info:build     Generated 598 translation(s) (598 finished and 0 unfinished)
:info:build     Ignored 12 untranslated source text(s)
:info:build /usr/bin/clang -c -pipe -Os  -O2  -Xarch_x86_64 -mmacosx-version-min=10.8 -w -DQT_NO_DEBUG -DQT_WEBKIT_LIB -DQT_SVG_LIB -DQT_XML_LIB -DQT_GUI_LIB -DQT_NETWORK_LIB -DQT_CORE_LIB -DQT_SHARED -I/opt/local/share/qt4/mkspecs/macx-g++ -I. -I../generatedfiles/moc -I/opt/local/Library/Frameworks/QtCore.framework/Versions/4/Headers -I/opt/local/Library/Frameworks/QtNetwork.framework/Versions/4/Headers -I/opt/local/Library/Frameworks/QtGui.framework/Versions/4/Headers -I/opt/local/Library/Frameworks/QtXml.framework/Versions/4/Headers -I/opt/local/Library/Frameworks/QtSvg.framework/Versions/4/Headers -I/opt/local/Library/Frameworks/QtWebKit.framework/Versions/4/Headers -I/opt/local/include/qwt -I../../OMPlot/OMPlotGUI -I. -IAnnotations -IComponent -IGUI -IGUI/Containers -IGUI/Widgets -IGUI/Dialogs -IOMC -IUtil -I/opt/local/Library/Frameworks/QtWebKit.framework/Versions/4/Headers -I/opt/local/Library/Frameworks/QtSvg.framework/Versions/4/Headers -I/opt/local/Library/Frameworks/QtXml.framework/Versions/4/Headers -I/opt/local/Library/Frameworks/QtGui.framework/Versions/4/Headers -I/opt/local/Library/Frameworks/QtNetwork.framework/Versions/4/Headers -I/opt/local/Library/Frameworks/QtCore.framework/Versions/4/Headers -I/opt/local/include -F/opt/local/Library/Frameworks -F/opt/local/lib -o backtrace.o backtrace.c
:info:build /usr/bin/clang++ -c -pipe -Os  -O2  -Xarch_x86_64 -mmacosx-version-min=10.8 -w -DQT_NO_DEBUG -DQT_WEBKIT_LIB -DQT_SVG_LIB -DQT_XML_LIB -DQT_GUI_LIB -DQT_NETWORK_LIB -DQT_CORE_LIB -DQT_SHARED -I/opt/local/share/qt4/mkspecs/macx-g++ -I. -I../generatedfiles/moc -I/opt/local/Library/Frameworks/QtCore.framework/Versions/4/Headers -I/opt/local/Library/Frameworks/QtNetwork.framework/Versions/4/Headers -I/opt/local/Library/Frameworks/QtGui.framework/Versions/4/Headers -I/opt/local/Library/Frameworks/QtXml.framework/Versions/4/Headers -I/opt/local/Library/Frameworks/QtSvg.framework/Versions/4/Headers -I/opt/local/Library/Frameworks/QtWebKit.framework/Versions/4/Headers -I/opt/local/include/qwt -I../../OMPlot/OMPlotGUI -I. -IAnnotations -IComponent -IGUI -IGUI/Containers -IGUI/Widgets -IGUI/Dialogs -IOMC -IUtil -I/opt/local/Library/Frameworks/QtWebKit.framework/Versions/4/Headers -I/opt/local/Library/Frameworks/QtSvg.framework/Versions/4/Headers -I/opt/local/Library/Frameworks/QtXml.framework/Versions/4/Headers -I/opt/local/Library/Frameworks/QtGui.framework/Versions/4/Headers -I/opt/local/Library/Frameworks/QtNetwork.framework/Versions/4/Headers -I/opt/local/Library/Frameworks/QtCore.framework/Versions/4/Headers -I/opt/local/include -F/opt/local/Library/Frameworks -F/opt/local/lib -o Helper.o Util/Helper.cpp
:info:build Updating '/opt/local/var/macports/build/_opt_local_var_macports_sources_build.openmodelica.org_macports_lang_openmodelica-devel/openmodelica-devel/work/openmodelica_18002/OMEdit/OMEditGUI/Resources/nls/OMEdit_zh_CN.qm'...
:info:build     Generated 0 translation(s) (0 finished and 0 unfinished)
:info:build     Ignored 610 untranslated source text(s)
:info:build /usr/bin/clang++ -c -pipe -Os  -O2  -Xarch_x86_64 -mmacosx-version-min=10.8 -w -DQT_NO_DEBUG -DQT_WEBKIT_LIB -DQT_SVG_LIB -DQT_XML_LIB -DQT_GUI_LIB -DQT_NETWORK_LIB -DQT_CORE_LIB -DQT_SHARED -I/opt/local/share/qt4/mkspecs/macx-g++ -I. -I../generatedfiles/moc -I/opt/local/Library/Frameworks/QtCore.framework/Versions/4/Headers -I/opt/local/Library/Frameworks/QtNetwork.framework/Versions/4/Headers -I/opt/local/Library/Frameworks/QtGui.framework/Versions/4/Headers -I/opt/local/Library/Frameworks/QtXml.framework/Versions/4/Headers -I/opt/local/Library/Frameworks/QtSvg.framework/Versions/4/Headers -I/opt/local/Library/Frameworks/QtWebKit.framework/Versions/4/Headers -I/opt/local/include/qwt -I../../OMPlot/OMPlotGUI -I. -IAnnotations -IComponent -IGUI -IGUI/Containers -IGUI/Widgets -IGUI/Dialogs -IOMC -IUtil -I/opt/local/Library/Frameworks/QtWebKit.framework/Versions/4/Headers -I/opt/local/Library/Frameworks/QtSvg.framework/Versions/4/Headers -I/opt/local/Library/Frameworks/QtXml.framework/Versions/4/Headers -I/opt/local/Library/Frameworks/QtGui.framework/Versions/4/Headers -I/opt/local/Library/Frameworks/QtNetwork.framework/Versions/4/Headers -I/opt/local/Library/Frameworks/QtCore.framework/Versions/4/Headers -I/opt/local/include -F/opt/local/Library/Frameworks -F/opt/local/lib -o MainWindow.o GUI/MainWindow.cpp
:info:build /usr/bin/clang++ -c -pipe -Os  -O2  -Xarch_x86_64 -mmacosx-version-min=10.8 -w -DQT_NO_DEBUG -DQT_WEBKIT_LIB -DQT_SVG_LIB -DQT_XML_LIB -DQT_GUI_LIB -DQT_NETWORK_LIB -DQT_CORE_LIB -DQT_SHARED -I/opt/local/share/qt4/mkspecs/macx-g++ -I. -I../generatedfiles/moc -I/opt/local/Library/Frameworks/QtCore.framework/Versions/4/Headers -I/opt/local/Library/Frameworks/QtNetwork.framework/Versions/4/Headers -I/opt/local/Library/Frameworks/QtGui.framework/Versions/4/Headers -I/opt/local/Library/Frameworks/QtXml.framework/Versions/4/Headers -I/opt/local/Library/Frameworks/QtSvg.framework/Versions/4/Headers -I/opt/local/Library/Frameworks/QtWebKit.framework/Versions/4/Headers -I/opt/local/include/qwt -I../../OMPlot/OMPlotGUI -I. -IAnnotations -IComponent -IGUI -IGUI/Containers -IGUI/Widgets -IGUI/Dialogs -IOMC -IUtil -I/opt/local/Library/Frameworks/QtWebKit.framework/Versions/4/Headers -I/opt/local/Library/Frameworks/QtSvg.framework/Versions/4/Headers -I/opt/local/Library/Frameworks/QtXml.framework/Versions/4/Headers -I/opt/local/Library/Frameworks/QtGui.framework/Versions/4/Headers -I/opt/local/Library/Frameworks/QtNetwork.framework/Versions/4/Headers -I/opt/local/Library/Frameworks/QtCore.framework/Versions/4/Headers -I/opt/local/include -F/opt/local/Library/Frameworks -F/opt/local/lib -o omc_communication.o omc_communication.cc
:info:build /usr/bin/clang++ -c -pipe -Os  -O2  -Xarch_x86_64 -mmacosx-version-min=10.8 -w -DQT_NO_DEBUG -DQT_WEBKIT_LIB -DQT_SVG_LIB -DQT_XML_LIB -DQT_GUI_LIB -DQT_NETWORK_LIB -DQT_CORE_LIB -DQT_SHARED -I/opt/local/share/qt4/mkspecs/macx-g++ -I. -I../generatedfiles/moc -I/opt/local/Library/Frameworks/QtCore.framework/Versions/4/Headers -I/opt/local/Library/Frameworks/QtNetwork.framework/Versions/4/Headers -I/opt/local/Library/Frameworks/QtGui.framework/Versions/4/Headers -I/opt/local/Library/Frameworks/QtXml.framework/Versions/4/Headers -I/opt/local/Library/Frameworks/QtSvg.framework/Versions/4/Headers -I/opt/local/Library/Frameworks/QtWebKit.framework/Versions/4/Headers -I/opt/local/include/qwt -I../../OMPlot/OMPlotGUI -I. -IAnnotations -IComponent -IGUI -IGUI/Containers -IGUI/Widgets -IGUI/Dialogs -IOMC -IUtil -I/opt/local/Library/Frameworks/QtWebKit.framework/Versions/4/Headers -I/opt/local/Library/Frameworks/QtSvg.framework/Versions/4/Headers -I/opt/local/Library/Frameworks/QtXml.framework/Versions/4/Headers -I/opt/local/Library/Frameworks/QtGui.framework/Versions/4/Headers -I/opt/local/Library/Frameworks/QtNetwork.framework/Versions/4/Headers -I/opt/local/Library/Frameworks/QtCore.framework/Versions/4/Headers -I/opt/local/include -F/opt/local/Library/Frameworks -F/opt/local/lib -o OMCProxy.o OMC/OMCProxy.cpp
:info:build /usr/bin/clang++ -c -pipe -Os  -O2  -Xarch_x86_64 -mmacosx-version-min=10.8 -w -DQT_NO_DEBUG -DQT_WEBKIT_LIB -DQT_SVG_LIB -DQT_XML_LIB -DQT_GUI_LIB -DQT_NETWORK_LIB -DQT_CORE_LIB -DQT_SHARED -I/opt/local/share/qt4/mkspecs/macx-g++ -I. -I../generatedfiles/moc -I/opt/local/Library/Frameworks/QtCore.framework/Versions/4/Headers -I/opt/local/Library/Frameworks/QtNetwork.framework/Versions/4/Headers -I/opt/local/Library/Frameworks/QtGui.framework/Versions/4/Headers -I/opt/local/Library/Frameworks/QtXml.framework/Versions/4/Headers -I/opt/local/Library/Frameworks/QtSvg.framework/Versions/4/Headers -I/opt/local/Library/Frameworks/QtWebKit.framework/Versions/4/Headers -I/opt/local/include/qwt -I../../OMPlot/OMPlotGUI -I. -IAnnotations -IComponent -IGUI -IGUI/Containers -IGUI/Widgets -IGUI/Dialogs -IOMC -IUtil -I/opt/local/Library/Frameworks/QtWebKit.framework/Versions/4/Headers -I/opt/local/Library/Frameworks/QtSvg.framework/Versions/4/Headers -I/opt/local/Library/Frameworks/QtXml.framework/Versions/4/Headers -I/opt/local/Library/Frameworks/QtGui.framework/Versions/4/Headers -I/opt/local/Library/Frameworks/QtNetwork.framework/Versions/4/Headers -I/opt/local/Library/Frameworks/QtCore.framework/Versions/4/Headers -I/opt/local/include -F/opt/local/Library/Frameworks -F/opt/local/lib -o StringHandler.o Util/StringHandler.cpp
:info:build glibtoolize: putting auxiliary files in `.'.
:info:build glibtoolize: copying file `./ltmain.sh'
:info:build glibtoolize: putting macros in AC_CONFIG_MACRO_DIR, `m4'.
:info:build glibtoolize: copying file `m4/libtool.m4'
:info:build glibtoolize: copying file `m4/ltoptions.m4'
:info:build glibtoolize: copying file `m4/ltsugar.m4'
:info:build glibtoolize: copying file `m4/ltversion.m4'
:info:build glibtoolize: copying file `m4/lt~obsolete.m4'
:info:build glibtoolize: Consider adding `-I m4' to ACLOCAL_AMFLAGS in Makefile.am.
:info:build /usr/bin/clang++ -c -pipe -Os  -O2  -Xarch_x86_64 -mmacosx-version-min=10.8 -w -DQT_NO_DEBUG -DQT_WEBKIT_LIB -DQT_SVG_LIB -DQT_XML_LIB -DQT_GUI_LIB -DQT_NETWORK_LIB -DQT_CORE_LIB -DQT_SHARED -I/opt/local/share/qt4/mkspecs/macx-g++ -I. -I../generatedfiles/moc -I/opt/local/Library/Frameworks/QtCore.framework/Versions/4/Headers -I/opt/local/Library/Frameworks/QtNetwork.framework/Versions/4/Headers -I/opt/local/Library/Frameworks/QtGui.framework/Versions/4/Headers -I/opt/local/Library/Frameworks/QtXml.framework/Versions/4/Headers -I/opt/local/Library/Frameworks/QtSvg.framework/Versions/4/Headers -I/opt/local/Library/Frameworks/QtWebKit.framework/Versions/4/Headers -I/opt/local/include/qwt -I../../OMPlot/OMPlotGUI -I. -IAnnotations -IComponent -IGUI -IGUI/Containers -IGUI/Widgets -IGUI/Dialogs -IOMC -IUtil -I/opt/local/Library/Frameworks/QtWebKit.framework/Versions/4/Headers -I/opt/local/Library/Frameworks/QtSvg.framework/Versions/4/Headers -I/opt/local/Library/Frameworks/QtXml.framework/Versions/4/Headers -I/opt/local/Library/Frameworks/QtGui.framework/Versions/4/Headers -I/opt/local/Library/Frameworks/QtNetwork.framework/Versions/4/Headers -I/opt/local/Library/Frameworks/QtCore.framework/Versions/4/Headers -I/opt/local/include -F/opt/local/Library/Frameworks -F/opt/local/lib -o MessagesWidget.o GUI/Widgets/MessagesWidget.cpp
:info:build /usr/bin/clang++ -c -pipe -Os  -O2  -Xarch_x86_64 -mmacosx-version-min=10.8 -w -DQT_NO_DEBUG -DQT_WEBKIT_LIB -DQT_SVG_LIB -DQT_XML_LIB -DQT_GUI_LIB -DQT_NETWORK_LIB -DQT_CORE_LIB -DQT_SHARED -I/opt/local/share/qt4/mkspecs/macx-g++ -I. -I../generatedfiles/moc -I/opt/local/Library/Frameworks/QtCore.framework/Versions/4/Headers -I/opt/local/Library/Frameworks/QtNetwork.framework/Versions/4/Headers -I/opt/local/Library/Frameworks/QtGui.framework/Versions/4/Headers -I/opt/local/Library/Frameworks/QtXml.framework/Versions/4/Headers -I/opt/local/Library/Frameworks/QtSvg.framework/Versions/4/Headers -I/opt/local/Library/Frameworks/QtWebKit.framework/Versions/4/Headers -I/opt/local/include/qwt -I../../OMPlot/OMPlotGUI -I. -IAnnotations -IComponent -IGUI -IGUI/Containers -IGUI/Widgets -IGUI/Dialogs -IOMC -IUtil -I/opt/local/Library/Frameworks/QtWebKit.framework/Versions/4/Headers -I/opt/local/Library/Frameworks/QtSvg.framework/Versions/4/Headers -I/opt/local/Library/Frameworks/QtXml.framework/Versions/4/Headers -I/opt/local/Library/Frameworks/QtGui.framework/Versions/4/Headers -I/opt/local/Library/Frameworks/QtNetwork.framework/Versions/4/Headers -I/opt/local/Library/Frameworks/QtCore.framework/Versions/4/Headers -I/opt/local/include -F/opt/local/Library/Frameworks -F/opt/local/lib -o LibraryTreeWidget.o GUI/Widgets/LibraryTreeWidget.cpp
:info:build /usr/bin/clang++ -c -pipe -Os  -O2  -Xarch_x86_64 -mmacosx-version-min=10.8 -w -DQT_NO_DEBUG -DQT_WEBKIT_LIB -DQT_SVG_LIB -DQT_XML_LIB -DQT_GUI_LIB -DQT_NETWORK_LIB -DQT_CORE_LIB -DQT_SHARED -I/opt/local/share/qt4/mkspecs/macx-g++ -I. -I../generatedfiles/moc -I/opt/local/Library/Frameworks/QtCore.framework/Versions/4/Headers -I/opt/local/Library/Frameworks/QtNetwork.framework/Versions/4/Headers -I/opt/local/Library/Frameworks/QtGui.framework/Versions/4/Headers -I/opt/local/Library/Frameworks/QtXml.framework/Versions/4/Headers -I/opt/local/Library/Frameworks/QtSvg.framework/Versions/4/Headers -I/opt/local/Library/Frameworks/QtWebKit.framework/Versions/4/Headers -I/opt/local/include/qwt -I../../OMPlot/OMPlotGUI -I. -IAnnotations -IComponent -IGUI -IGUI/Containers -IGUI/Widgets -IGUI/Dialogs -IOMC -IUtil -I/opt/local/Library/Frameworks/QtWebKit.framework/Versions/4/Headers -I/opt/local/Library/Frameworks/QtSvg.framework/Versions/4/Headers -I/opt/local/Library/Frameworks/QtXml.framework/Versions/4/Headers -I/opt/local/Library/Frameworks/QtGui.framework/Versions/4/Headers -I/opt/local/Library/Frameworks/QtNetwork.framework/Versions/4/Headers -I/opt/local/Library/Frameworks/QtCore.framework/Versions/4/Headers -I/opt/local/include -F/opt/local/Library/Frameworks -F/opt/local/lib -o ModelWidgetContainer.o GUI/Containers/ModelWidgetContainer.cpp
:info:build /usr/bin/clang++ -c -pipe -Os  -O2  -Xarch_x86_64 -mmacosx-version-min=10.8 -w -DQT_NO_DEBUG -DQT_WEBKIT_LIB -DQT_SVG_LIB -DQT_XML_LIB -DQT_GUI_LIB -DQT_NETWORK_LIB -DQT_CORE_LIB -DQT_SHARED -I/opt/local/share/qt4/mkspecs/macx-g++ -I. -I../generatedfiles/moc -I/opt/local/Library/Frameworks/QtCore.framework/Versions/4/Headers -I/opt/local/Library/Frameworks/QtNetwork.framework/Versions/4/Headers -I/opt/local/Library/Frameworks/QtGui.framework/Versions/4/Headers -I/opt/local/Library/Frameworks/QtXml.framework/Versions/4/Headers -I/opt/local/Library/Frameworks/QtSvg.framework/Versions/4/Headers -I/opt/local/Library/Frameworks/QtWebKit.framework/Versions/4/Headers -I/opt/local/include/qwt -I../../OMPlot/OMPlotGUI -I. -IAnnotations -IComponent -IGUI -IGUI/Containers -IGUI/Widgets -IGUI/Dialogs -IOMC -IUtil -I/opt/local/Library/Frameworks/QtWebKit.framework/Versions/4/Headers -I/opt/local/Library/Frameworks/QtSvg.framework/Versions/4/Headers -I/opt/local/Library/Frameworks/QtXml.framework/Versions/4/Headers -I/opt/local/Library/Frameworks/QtGui.framework/Versions/4/Headers -I/opt/local/Library/Frameworks/QtNetwork.framework/Versions/4/Headers -I/opt/local/Library/Frameworks/QtCore.framework/Versions/4/Headers -I/opt/local/include -F/opt/local/Library/Frameworks -F/opt/local/lib -o ModelicaClassDialog.o GUI/Dialogs/ModelicaClassDialog.cpp
:info:build /usr/bin/clang++ -c -pipe -Os  -O2  -Xarch_x86_64 -mmacosx-version-min=10.8 -w -DQT_NO_DEBUG -DQT_WEBKIT_LIB -DQT_SVG_LIB -DQT_XML_LIB -DQT_GUI_LIB -DQT_NETWORK_LIB -DQT_CORE_LIB -DQT_SHARED -I/opt/local/share/qt4/mkspecs/macx-g++ -I. -I../generatedfiles/moc -I/opt/local/Library/Frameworks/QtCore.framework/Versions/4/Headers -I/opt/local/Library/Frameworks/QtNetwork.framework/Versions/4/Headers -I/opt/local/Library/Frameworks/QtGui.framework/Versions/4/Headers -I/opt/local/Library/Frameworks/QtXml.framework/Versions/4/Headers -I/opt/local/Library/Frameworks/QtSvg.framework/Versions/4/Headers -I/opt/local/Library/Frameworks/QtWebKit.framework/Versions/4/Headers -I/opt/local/include/qwt -I../../OMPlot/OMPlotGUI -I. -IAnnotations -IComponent -IGUI -IGUI/Containers -IGUI/Widgets -IGUI/Dialogs -IOMC -IUtil -I/opt/local/Library/Frameworks/QtWebKit.framework/Versions/4/Headers -I/opt/local/Library/Frameworks/QtSvg.framework/Versions/4/Headers -I/opt/local/Library/Frameworks/QtXml.framework/Versions/4/Headers -I/opt/local/Library/Frameworks/QtGui.framework/Versions/4/Headers -I/opt/local/Library/Frameworks/QtNetwork.framework/Versions/4/Headers -I/opt/local/Library/Frameworks/QtCore.framework/Versions/4/Headers -I/opt/local/include -F/opt/local/Library/Frameworks -F/opt/local/lib -o OptionsDialog.o GUI/Dialogs/OptionsDialog.cpp
:info:build configure.ac:9: installing './compile'
:info:build configure.ac:12: installing './config.guess'
:info:build configure.ac:12: installing './config.sub'
:info:build configure.ac:5: installing './install-sh'
:info:build configure.ac:5: installing './missing'
:info:build /usr/bin/clang++ -c -pipe -Os  -O2  -Xarch_x86_64 -mmacosx-version-min=10.8 -w -DQT_NO_DEBUG -DQT_WEBKIT_LIB -DQT_SVG_LIB -DQT_XML_LIB -DQT_GUI_LIB -DQT_NETWORK_LIB -DQT_CORE_LIB -DQT_SHARED -I/opt/local/share/qt4/mkspecs/macx-g++ -I. -I../generatedfiles/moc -I/opt/local/Library/Frameworks/QtCore.framework/Versions/4/Headers -I/opt/local/Library/Frameworks/QtNetwork.framework/Versions/4/Headers -I/opt/local/Library/Frameworks/QtGui.framework/Versions/4/Headers -I/opt/local/Library/Frameworks/QtXml.framework/Versions/4/Headers -I/opt/local/Library/Frameworks/QtSvg.framework/Versions/4/Headers -I/opt/local/Library/Frameworks/QtWebKit.framework/Versions/4/Headers -I/opt/local/include/qwt -I../../OMPlot/OMPlotGUI -I. -IAnnotations -IComponent -IGUI -IGUI/Containers -IGUI/Widgets -IGUI/Dialogs -IOMC -IUtil -I/opt/local/Library/Frameworks/QtWebKit.framework/Versions/4/Headers -I/opt/local/Library/Frameworks/QtSvg.framework/Versions/4/Headers -I/opt/local/Library/Frameworks/QtXml.framework/Versions/4/Headers -I/opt/local/Library/Frameworks/QtGui.framework/Versions/4/Headers -I/opt/local/Library/Frameworks/QtNetwork.framework/Versions/4/Headers -I/opt/local/Library/Frameworks/QtCore.framework/Versions/4/Headers -I/opt/local/include -F/opt/local/Library/Frameworks -F/opt/local/lib -o ModelicaTextWidget.o GUI/Widgets/ModelicaTextWidget.cpp
:info:build Makefile.am: installing './INSTALL'
:info:build Makefile.am:3: warning: source file '$(MSLCSOURCES)/ModelicaInternal.c' is in a subdirectory,
:info:build Makefile.am:3: but option 'subdir-objects' is disabled
:info:build automake: warning: possible forward-incompatibility.
:info:build automake: At least a source file is in a subdirectory, but the 'subdir-objects'
:info:build automake: automake option hasn't been enabled.  For now, the corresponding output
:info:build automake: object file(s) will be placed in the top-level directory.  However,
:info:build automake: this behaviour will change in future Automake versions: they will
:info:build automake: unconditionally cause object files to be placed in the same subdirectory
:info:build automake: of the corresponding sources.
:info:build automake: You are advised to start using 'subdir-objects' option throughout your
:info:build automake: project, to avoid future incompatibilities.
:info:build Makefile.am:3: warning: source file '$(MSLCSOURCES)/ModelicaStrings.c' is in a subdirectory,
:info:build Makefile.am:3: but option 'subdir-objects' is disabled
:info:build Makefile.am:4: warning: source file '$(MSLCSOURCES)/ModelicaStandardTables.c' is in a subdirectory,
:info:build Makefile.am:4: but option 'subdir-objects' is disabled
:info:build Makefile.am:4: warning: source file '$(MSLCSOURCES)/ModelicaMatIO.c' is in a subdirectory,
:info:build Makefile.am:4: but option 'subdir-objects' is disabled
:info:build Makefile.am:7: warning: source file '$(MSLCSOURCES)/zlib/adler32.c' is in a subdirectory,
:info:build Makefile.am:7: but option 'subdir-objects' is disabled
:info:build Makefile.am:7: warning: source file '$(MSLCSOURCES)/zlib/compress.c' is in a subdirectory,
:info:build Makefile.am:7: but option 'subdir-objects' is disabled
:info:build Makefile.am:7: warning: source file '$(MSLCSOURCES)/zlib/crc32.c' is in a subdirectory,
:info:build Makefile.am:7: but option 'subdir-objects' is disabled
:info:build Makefile.am:7: warning: source file '$(MSLCSOURCES)/zlib/deflate.c' is in a subdirectory,
:info:build Makefile.am:7: but option 'subdir-objects' is disabled
:info:build Makefile.am:7: warning: source file '$(MSLCSOURCES)/zlib/gzclose.c' is in a subdirectory,
:info:build Makefile.am:7: but option 'subdir-objects' is disabled
:info:build Makefile.am:7: warning: source file '$(MSLCSOURCES)/zlib/gzlib.c' is in a subdirectory,
:info:build Makefile.am:7: but option 'subdir-objects' is disabled
:info:build Makefile.am:7: warning: source file '$(MSLCSOURCES)/zlib/gzread.c' is in a subdirectory,
:info:build Makefile.am:7: but option 'subdir-objects' is disabled
:info:build Makefile.am:7: warning: source file '$(MSLCSOURCES)/zlib/gzwrite.c' is in a subdirectory,
:info:build Makefile.am:7: but option 'subdir-objects' is disabled
:info:build Makefile.am:7: warning: source file '$(MSLCSOURCES)/zlib/infback.c' is in a subdirectory,
:info:build Makefile.am:7: but option 'subdir-objects' is disabled
:info:build Makefile.am:7: warning: source file '$(MSLCSOURCES)/zlib/inffast.c' is in a subdirectory,
:info:build Makefile.am:7: but option 'subdir-objects' is disabled
:info:build Makefile.am:7: warning: source file '$(MSLCSOURCES)/zlib/inflate.c' is in a subdirectory,
:info:build Makefile.am:7: but option 'subdir-objects' is disabled
:info:build Makefile.am:7: warning: source file '$(MSLCSOURCES)/zlib/inftrees.c' is in a subdirectory,
:info:build Makefile.am:7: but option 'subdir-objects' is disabled
:info:build Makefile.am:7: warning: source file '$(MSLCSOURCES)/zlib/trees.c' is in a subdirectory,
:info:build Makefile.am:7: but option 'subdir-objects' is disabled
:info:build Makefile.am:7: warning: source file '$(MSLCSOURCES)/zlib/uncompr.c' is in a subdirectory,
:info:build Makefile.am:7: but option 'subdir-objects' is disabled
:info:build Makefile.am:7: warning: source file '$(MSLCSOURCES)/zlib/zutil.c' is in a subdirectory,
:info:build Makefile.am:7: but option 'subdir-objects' is disabled
:info:build Makefile.am: installing './depcomp'
:info:build (cd "libraries/Resources//BuildProjects/autotools" && (test -f Makefile || (./configure "--host=x86_64-apple-darwin12.4.0" --libdir="`cd ../../../../build/lib/omc/ && pwd -P || echo ERROR-BAD-INSTALL-PATH`" CC="/usr/bin/clang" CFLAGS="-pipe -Os -arch x86_64" CPPFLAGS="-I/opt/local/include" LDFLAGS="" --disable-hdf5 --enable-static-zlib --enable-static --disable-shared && /usr/bin/make clean)))
:info:build /usr/bin/clang++ -c -pipe -Os  -O2  -Xarch_x86_64 -mmacosx-version-min=10.8 -w -DQT_NO_DEBUG -DQT_WEBKIT_LIB -DQT_SVG_LIB -DQT_XML_LIB -DQT_GUI_LIB -DQT_NETWORK_LIB -DQT_CORE_LIB -DQT_SHARED -I/opt/local/share/qt4/mkspecs/macx-g++ -I. -I../generatedfiles/moc -I/opt/local/Library/Frameworks/QtCore.framework/Versions/4/Headers -I/opt/local/Library/Frameworks/QtNetwork.framework/Versions/4/Headers -I/opt/local/Library/Frameworks/QtGui.framework/Versions/4/Headers -I/opt/local/Library/Frameworks/QtXml.framework/Versions/4/Headers -I/opt/local/Library/Frameworks/QtSvg.framework/Versions/4/Headers -I/opt/local/Library/Frameworks/QtWebKit.framework/Versions/4/Headers -I/opt/local/include/qwt -I../../OMPlot/OMPlotGUI -I. -IAnnotations -IComponent -IGUI -IGUI/Containers -IGUI/Widgets -IGUI/Dialogs -IOMC -IUtil -I/opt/local/Library/Frameworks/QtWebKit.framework/Versions/4/Headers -I/opt/local/Library/Frameworks/QtSvg.framework/Versions/4/Headers -I/opt/local/Library/Frameworks/QtXml.framework/Versions/4/Headers -I/opt/local/Library/Frameworks/QtGui.framework/Versions/4/Headers -I/opt/local/Library/Frameworks/QtNetwork.framework/Versions/4/Headers -I/opt/local/Library/Frameworks/QtCore.framework/Versions/4/Headers -I/opt/local/include -F/opt/local/Library/Frameworks -F/opt/local/lib -o PlotWindowContainer.o GUI/Containers/PlotWindowContainer.cpp
:info:build checking for a BSD-compatible install... /opt/local/bin/ginstall -c
:info:build checking whether build environment is sane... yes
:info:build checking for x86_64-apple-darwin12.4.0-strip... no
:info:build checking for strip... strip
:info:build checking for a thread-safe mkdir -p... /opt/local/bin/gmkdir -p
:info:build checking for gawk... gawk
:info:build checking whether make sets $(MAKE)... yes
:info:build checking whether make supports nested variables... yes
:info:build checking for x86_64-apple-darwin12.4.0-gcc... /usr/bin/clang
:info:build checking whether the C compiler works... yes
:info:build checking for C compiler default output file name... a.out
:info:build checking for suffix of executables... 
:info:build checking whether we are cross compiling... no
:info:build checking for suffix of object files... o
:info:build checking whether we are using the GNU C compiler... yes
:info:build checking whether /usr/bin/clang accepts -g... yes
:info:build checking for /usr/bin/clang option to accept ISO C89... none needed
:info:build checking whether /usr/bin/clang understands -c and -o together... yes
:info:build checking for style of include used by make... GNU
:info:build checking dependency style of /usr/bin/clang... gcc3
:info:build checking how to run the C preprocessor... /usr/bin/clang -E
:info:build checking whether make sets $(MAKE)... (cached) yes
:info:build checking build system type... x86_64-apple-darwin12.4.0
:info:build checking host system type... x86_64-apple-darwin12.4.0
:info:build checking how to print strings... printf
:info:build checking for a sed that does not truncate output... /opt/local/bin/gsed
:info:build checking for grep that handles long lines and -e... /usr/bin/grep
:info:build checking for egrep... /usr/bin/grep -E
:info:build checking for fgrep... /usr/bin/grep -F
:info:build checking for ld used by /usr/bin/clang... /usr/bin/ld
:info:build checking if the linker (/usr/bin/ld) is GNU ld... no
:info:build checking for BSD- or MS-compatible name lister (nm)... /opt/local/bin/nm
:info:build checking the name lister (/opt/local/bin/nm) interface... BSD nm
:info:build checking whether ln -s works... yes
:info:build checking the maximum length of command line arguments... 196608
:info:build checking whether the shell understands some XSI constructs... yes
:info:build checking whether the shell understands "+="... yes
:info:build checking how to convert x86_64-apple-darwin12.4.0 file names to x86_64-apple-darwin12.4.0 format... func_convert_file_noop
:info:build checking how to convert x86_64-apple-darwin12.4.0 file names to toolchain format... func_convert_file_noop
:info:build checking for /usr/bin/ld option to reload object files... -r
:info:build checking for x86_64-apple-darwin12.4.0-objdump... no
:info:build checking for objdump... no
:info:build checking how to recognize dependent libraries... pass_all
:info:build checking for x86_64-apple-darwin12.4.0-dlltool... no
:info:build checking for dlltool... no
:info:build checking how to associate runtime and link libraries... printf %s\n
:info:build checking for x86_64-apple-darwin12.4.0-ar... no
:info:build checking for ar... ar
:info:build checking for archiver @FILE support... no
:info:build checking for x86_64-apple-darwin12.4.0-strip... strip
:info:build checking for x86_64-apple-darwin12.4.0-ranlib... no
:info:build checking for ranlib... ranlib
:info:build checking command to parse /opt/local/bin/nm output from /usr/bin/clang object... ok
:info:build checking for sysroot... no
:info:build checking for x86_64-apple-darwin12.4.0-mt... no
:info:build checking for mt... no
:info:build checking if : is a manifest tool... no
:info:build checking for x86_64-apple-darwin12.4.0-dsymutil... no
:info:build checking for dsymutil... dsymutil
:info:build checking for x86_64-apple-darwin12.4.0-nmedit... no
:info:build checking for nmedit... nmedit
:info:build checking for x86_64-apple-darwin12.4.0-lipo... no
:info:build checking for lipo... lipo
:info:build checking for x86_64-apple-darwin12.4.0-otool... no
:info:build checking for otool... otool
:info:build checking for x86_64-apple-darwin12.4.0-otool64... no
:info:build checking for otool64... no
:info:build checking for -single_module linker flag... yes
:info:build checking for -exported_symbols_list linker flag... yes
:info:build checking for -force_load linker flag... yes
:info:build checking for ANSI C header files... /usr/bin/clang++ -c -pipe -Os  -O2  -Xarch_x86_64 -mmacosx-version-min=10.8 -w -DQT_NO_DEBUG -DQT_WEBKIT_LIB -DQT_SVG_LIB -DQT_XML_LIB -DQT_GUI_LIB -DQT_NETWORK_LIB -DQT_CORE_LIB -DQT_SHARED -I/opt/local/share/qt4/mkspecs/macx-g++ -I. -I../generatedfiles/moc -I/opt/local/Library/Frameworks/QtCore.framework/Versions/4/Headers -I/opt/local/Library/Frameworks/QtNetwork.framework/Versions/4/Headers -I/opt/local/Library/Frameworks/QtGui.framework/Versions/4/Headers -I/opt/local/Library/Frameworks/QtXml.framework/Versions/4/Headers -I/opt/local/Library/Frameworks/QtSvg.framework/Versions/4/Headers -I/opt/local/Library/Frameworks/QtWebKit.framework/Versions/4/Headers -I/opt/local/include/qwt -I../../OMPlot/OMPlotGUI -I. -IAnnotations -IComponent -IGUI -IGUI/Containers -IGUI/Widgets -IGUI/Dialogs -IOMC -IUtil -I/opt/local/Library/Frameworks/QtWebKit.framework/Versions/4/Headers -I/opt/local/Library/Frameworks/QtSvg.framework/Versions/4/Headers -I/opt/local/Library/Frameworks/QtXml.framework/Versions/4/Headers -I/opt/local/Library/Frameworks/QtGui.framework/Versions/4/Headers -I/opt/local/Library/Frameworks/QtNetwork.framework/Versions/4/Headers -I/opt/local/Library/Frameworks/QtCore.framework/Versions/4/Headers -I/opt/local/include -F/opt/local/Library/Frameworks -F/opt/local/lib -o Component.o Component/Component.cpp
:info:build yes
:info:build checking for sys/types.h... yes
:info:build checking for sys/stat.h... yes
:info:build checking for stdlib.h... yes
:info:build checking for string.h... yes
:info:build checking for memory.h... yes
:info:build checking for strings.h... yes
:info:build checking for inttypes.h... yes
:info:build checking for stdint.h... yes
:info:build checking for unistd.h... yes
:info:build checking for dlfcn.h... yes
:info:build /usr/bin/clang++ -c -pipe -Os  -O2  -Xarch_x86_64 -mmacosx-version-min=10.8 -w -DQT_NO_DEBUG -DQT_WEBKIT_LIB -DQT_SVG_LIB -DQT_XML_LIB -DQT_GUI_LIB -DQT_NETWORK_LIB -DQT_CORE_LIB -DQT_SHARED -I/opt/local/share/qt4/mkspecs/macx-g++ -I. -I../generatedfiles/moc -I/opt/local/Library/Frameworks/QtCore.framework/Versions/4/Headers -I/opt/local/Library/Frameworks/QtNetwork.framework/Versions/4/Headers -I/opt/local/Library/Frameworks/QtGui.framework/Versions/4/Headers -I/opt/local/Library/Frameworks/QtXml.framework/Versions/4/Headers -I/opt/local/Library/Frameworks/QtSvg.framework/Versions/4/Headers -I/opt/local/Library/Frameworks/QtWebKit.framework/Versions/4/Headers -I/opt/local/include/qwt -I../../OMPlot/OMPlotGUI -I. -IAnnotations -IComponent -IGUI -IGUI/Containers -IGUI/Widgets -IGUI/Dialogs -IOMC -IUtil -I/opt/local/Library/Frameworks/QtWebKit.framework/Versions/4/Headers -I/opt/local/Library/Frameworks/QtSvg.framework/Versions/4/Headers -I/opt/local/Library/Frameworks/QtXml.framework/Versions/4/Headers -I/opt/local/Library/Frameworks/QtGui.framework/Versions/4/Headers -I/opt/local/Library/Frameworks/QtNetwork.framework/Versions/4/Headers -I/opt/local/Library/Frameworks/QtCore.framework/Versions/4/Headers -I/opt/local/include -F/opt/local/Library/Frameworks -F/opt/local/lib -o ShapeAnnotation.o Annotations/ShapeAnnotation.cpp
:info:build checking for objdir... .libs
:info:build /usr/bin/clang++ -c -pipe -Os  -O2  -Xarch_x86_64 -mmacosx-version-min=10.8 -w -DQT_NO_DEBUG -DQT_WEBKIT_LIB -DQT_SVG_LIB -DQT_XML_LIB -DQT_GUI_LIB -DQT_NETWORK_LIB -DQT_CORE_LIB -DQT_SHARED -I/opt/local/share/qt4/mkspecs/macx-g++ -I. -I../generatedfiles/moc -I/opt/local/Library/Frameworks/QtCore.framework/Versions/4/Headers -I/opt/local/Library/Frameworks/QtNetwork.framework/Versions/4/Headers -I/opt/local/Library/Frameworks/QtGui.framework/Versions/4/Headers -I/opt/local/Library/Frameworks/QtXml.framework/Versions/4/Headers -I/opt/local/Library/Frameworks/QtSvg.framework/Versions/4/Headers -I/opt/local/Library/Frameworks/QtWebKit.framework/Versions/4/Headers -I/opt/local/include/qwt -I../../OMPlot/OMPlotGUI -I. -IAnnotations -IComponent -IGUI -IGUI/Containers -IGUI/Widgets -IGUI/Dialogs -IOMC -IUtil -I/opt/local/Library/Frameworks/QtWebKit.framework/Versions/4/Headers -I/opt/local/Library/Frameworks/QtSvg.framework/Versions/4/Headers -I/opt/local/Library/Frameworks/QtXml.framework/Versions/4/Headers -I/opt/local/Library/Frameworks/QtGui.framework/Versions/4/Headers -I/opt/local/Library/Frameworks/QtNetwork.framework/Versions/4/Headers -I/opt/local/Library/Frameworks/QtCore.framework/Versions/4/Headers -I/opt/local/include -F/opt/local/Library/Frameworks -F/opt/local/lib -o CornerItem.o Component/CornerItem.cpp
:info:build checking if /usr/bin/clang supports -fno-rtti -fno-exceptions... yes
:info:build checking for /usr/bin/clang option to produce PIC... -fno-common -DPIC
:info:build checking if /usr/bin/clang PIC flag -fno-common -DPIC works... yes
:info:build checking if /usr/bin/clang static flag -static works... no
:info:build checking if /usr/bin/clang supports -c -o file.o... yes
:info:build checking if /usr/bin/clang supports -c -o file.o... (cached) yes
:info:build checking whether the /usr/bin/clang linker (/usr/bin/ld) supports shared libraries... yes
:info:build checking dynamic linker characteristics... darwin12.4.0 dyld
:info:build checking how to hardcode library paths into programs... immediate
:info:build checking whether stripping libraries is possible... yes
:info:build checking if libtool supports shared libraries... yes
:info:build checking whether to build shared libraries... no
:info:build checking whether to build static libraries... yes
:info:build checking for library containing floor... none required
:info:build checking zlib.h usability... yes
:info:build checking zlib.h presence... yes
:info:build checking for zlib.h... yes
:info:build checking for library containing gzclose... -lz
:info:build checking for mpicc... no
:info:build checking hdf5.h... OK
:info:build Modelica Standard Tables may use ZLIB: Yes
:info:build Modelica Standard Tables may use HDF5: No
:info:build Modelica Standard Tables may use MAT7.3: No
:info:build checking that generated files are newer than configure... done
:info:build configure: creating ./config.status
:info:build /usr/bin/clang++ -c -pipe -Os  -O2  -Xarch_x86_64 -mmacosx-version-min=10.8 -w -DQT_NO_DEBUG -DQT_WEBKIT_LIB -DQT_SVG_LIB -DQT_XML_LIB -DQT_GUI_LIB -DQT_NETWORK_LIB -DQT_CORE_LIB -DQT_SHARED -I/opt/local/share/qt4/mkspecs/macx-g++ -I. -I../generatedfiles/moc -I/opt/local/Library/Frameworks/QtCore.framework/Versions/4/Headers -I/opt/local/Library/Frameworks/QtNetwork.framework/Versions/4/Headers -I/opt/local/Library/Frameworks/QtGui.framework/Versions/4/Headers -I/opt/local/Library/Frameworks/QtXml.framework/Versions/4/Headers -I/opt/local/Library/Frameworks/QtSvg.framework/Versions/4/Headers -I/opt/local/Library/Frameworks/QtWebKit.framework/Versions/4/Headers -I/opt/local/include/qwt -I../../OMPlot/OMPlotGUI -I. -IAnnotations -IComponent -IGUI -IGUI/Containers -IGUI/Widgets -IGUI/Dialogs -IOMC -IUtil -I/opt/local/Library/Frameworks/QtWebKit.framework/Versions/4/Headers -I/opt/local/Library/Frameworks/QtSvg.framework/Versions/4/Headers -I/opt/local/Library/Frameworks/QtXml.framework/Versions/4/Headers -I/opt/local/Library/Frameworks/QtGui.framework/Versions/4/Headers -I/opt/local/Library/Frameworks/QtNetwork.framework/Versions/4/Headers -I/opt/local/Library/Frameworks/QtCore.framework/Versions/4/Headers -I/opt/local/include -F/opt/local/Library/Frameworks -F/opt/local/lib -o LineAnnotation.o Annotations/LineAnnotation.cpp
:info:build /usr/bin/clang++ -c -pipe -Os  -O2  -Xarch_x86_64 -mmacosx-version-min=10.8 -w -DQT_NO_DEBUG -DQT_WEBKIT_LIB -DQT_SVG_LIB -DQT_XML_LIB -DQT_GUI_LIB -DQT_NETWORK_LIB -DQT_CORE_LIB -DQT_SHARED -I/opt/local/share/qt4/mkspecs/macx-g++ -I. -I../generatedfiles/moc -I/opt/local/Library/Frameworks/QtCore.framework/Versions/4/Headers -I/opt/local/Library/Frameworks/QtNetwork.framework/Versions/4/Headers -I/opt/local/Library/Frameworks/QtGui.framework/Versions/4/Headers -I/opt/local/Library/Frameworks/QtXml.framework/Versions/4/Headers -I/opt/local/Library/Frameworks/QtSvg.framework/Versions/4/Headers -I/opt/local/Library/Frameworks/QtWebKit.framework/Versions/4/Headers -I/opt/local/include/qwt -I../../OMPlot/OMPlotGUI -I. -IAnnotations -IComponent -IGUI -IGUI/Containers -IGUI/Widgets -IGUI/Dialogs -IOMC -IUtil -I/opt/local/Library/Frameworks/QtWebKit.framework/Versions/4/Headers -I/opt/local/Library/Frameworks/QtSvg.framework/Versions/4/Headers -I/opt/local/Library/Frameworks/QtXml.framework/Versions/4/Headers -I/opt/local/Library/Frameworks/QtGui.framework/Versions/4/Headers -I/opt/local/Library/Frameworks/QtNetwork.framework/Versions/4/Headers -I/opt/local/Library/Frameworks/QtCore.framework/Versions/4/Headers -I/opt/local/include -F/opt/local/Library/Frameworks -F/opt/local/lib -o PolygonAnnotation.o Annotations/PolygonAnnotation.cpp
:info:build config.status: creating Makefile
:info:build /usr/bin/clang++ -c -pipe -Os  -O2  -Xarch_x86_64 -mmacosx-version-min=10.8 -w -DQT_NO_DEBUG -DQT_WEBKIT_LIB -DQT_SVG_LIB -DQT_XML_LIB -DQT_GUI_LIB -DQT_NETWORK_LIB -DQT_CORE_LIB -DQT_SHARED -I/opt/local/share/qt4/mkspecs/macx-g++ -I. -I../generatedfiles/moc -I/opt/local/Library/Frameworks/QtCore.framework/Versions/4/Headers -I/opt/local/Library/Frameworks/QtNetwork.framework/Versions/4/Headers -I/opt/local/Library/Frameworks/QtGui.framework/Versions/4/Headers -I/opt/local/Library/Frameworks/QtXml.framework/Versions/4/Headers -I/opt/local/Library/Frameworks/QtSvg.framework/Versions/4/Headers -I/opt/local/Library/Frameworks/QtWebKit.framework/Versions/4/Headers -I/opt/local/include/qwt -I../../OMPlot/OMPlotGUI -I. -IAnnotations -IComponent -IGUI -IGUI/Containers -IGUI/Widgets -IGUI/Dialogs -IOMC -IUtil -I/opt/local/Library/Frameworks/QtWebKit.framework/Versions/4/Headers -I/opt/local/Library/Frameworks/QtSvg.framework/Versions/4/Headers -I/opt/local/Library/Frameworks/QtXml.framework/Versions/4/Headers -I/opt/local/Library/Frameworks/QtGui.framework/Versions/4/Headers -I/opt/local/Library/Frameworks/QtNetwork.framework/Versions/4/Headers -I/opt/local/Library/Frameworks/QtCore.framework/Versions/4/Headers -I/opt/local/include -F/opt/local/Library/Frameworks -F/opt/local/lib -o RectangleAnnotation.o Annotations/RectangleAnnotation.cpp
:info:build config.status: executing depfiles commands
:info:build config.status: executing libtool commands
:info:build make[3]: Entering directory `/opt/local/var/macports/build/_opt_local_var_macports_sources_build.openmodelica.org_macports_lang_openmodelica-devel/openmodelica-devel/work/openmodelica_18002/libraries/Resources/BuildProjects/autotools'
:info:build test -z "libModelicaExternalC.la libModelicaStandardTables.la" || rm -f libModelicaExternalC.la libModelicaStandardTables.la
:info:build rm -f ./so_locations
:info:build rm -rf .libs _libs
:info:build rm -f *.o
:info:build rm -f *.lo
:info:build make[3]: Leaving directory `/opt/local/var/macports/build/_opt_local_var_macports_sources_build.openmodelica.org_macports_lang_openmodelica-devel/openmodelica-devel/work/openmodelica_18002/libraries/Resources/BuildProjects/autotools'
:info:build /usr/bin/make -C "libraries/Resources//BuildProjects/autotools"
:info:build make[3]: Entering directory `/opt/local/var/macports/build/_opt_local_var_macports_sources_build.openmodelica.org_macports_lang_openmodelica-devel/openmodelica-devel/work/openmodelica_18002/libraries/Resources/BuildProjects/autotools'
:info:build /bin/sh ./libtool  --tag=CC   --mode=compile /usr/bin/clang -DPACKAGE_NAME=\"Modelica\ Standard\ Library\ Tables\" -DPACKAGE_TARNAME=\"libmodelicastandardtables\" -DPACKAGE_VERSION=\"3.2.1\" -DPACKAGE_STRING=\"Modelica\ Standard\ Library\ Tables\ 3.2.1\" -DPACKAGE_BUGREPORT=\"https://trac.modelica.org/Modelica\" -DPACKAGE_URL=\"https://modelica.org\" -DPACKAGE=\"libmodelicastandardtables\" -DVERSION=\"3.2.1\" -DSTDC_HEADERS=1 -DHAVE_SYS_TYPES_H=1 -DHAVE_SYS_STAT_H=1 -DHAVE_STDLIB_H=1 -DHAVE_STRING_H=1 -DHAVE_MEMORY_H=1 -DHAVE_STRINGS_H=1 -DHAVE_INTTYPES_H=1 -DHAVE_STDINT_H=1 -DHAVE_UNISTD_H=1 -DHAVE_DLFCN_H=1 -DLT_OBJDIR=\".libs/\" -DHAVE_ZLIB_H=1 -I.   -I/opt/local/include -DDUMMY_FUNCTION_USERTAB -DHAVE_ZLIB=1  -pipe -Os -arch x86_64 -O0 -g -MT ModelicaInternal.lo -MD -MP -MF .deps/ModelicaInternal.Tpo -c -o ModelicaInternal.lo `test -f '../../C-Sources//ModelicaInternal.c' || echo './'`../../C-Sources//ModelicaInternal.c
:info:build libtool: compile:  /usr/bin/clang "-DPACKAGE_NAME=\"Modelica Standard Library Tables\"" -DPACKAGE_TARNAME=\"libmodelicastandardtables\" -DPACKAGE_VERSION=\"3.2.1\" "-DPACKAGE_STRING=\"Modelica Standard Library Tables 3.2.1\"" -DPACKAGE_BUGREPORT=\"https://trac.modelica.org/Modelica\" -DPACKAGE_URL=\"https://modelica.org\" -DPACKAGE=\"libmodelicastandardtables\" -DVERSION=\"3.2.1\" -DSTDC_HEADERS=1 -DHAVE_SYS_TYPES_H=1 -DHAVE_SYS_STAT_H=1 -DHAVE_STDLIB_H=1 -DHAVE_STRING_H=1 -DHAVE_MEMORY_H=1 -DHAVE_STRINGS_H=1 -DHAVE_INTTYPES_H=1 -DHAVE_STDINT_H=1 -DHAVE_UNISTD_H=1 -DHAVE_DLFCN_H=1 -DLT_OBJDIR=\".libs/\" -DHAVE_ZLIB_H=1 -I. -I/opt/local/include -DDUMMY_FUNCTION_USERTAB -DHAVE_ZLIB=1 -pipe -Os -arch x86_64 -O0 -g -MT ModelicaInternal.lo -MD -MP -MF .deps/ModelicaInternal.Tpo -c ../../C-Sources//ModelicaInternal.c -o ModelicaInternal.o
:info:build mv -f .deps/ModelicaInternal.Tpo .deps/ModelicaInternal.Plo
:info:build /bin/sh ./libtool  --tag=CC   --mode=compile /usr/bin/clang -DPACKAGE_NAME=\"Modelica\ Standard\ Library\ Tables\" -DPACKAGE_TARNAME=\"libmodelicastandardtables\" -DPACKAGE_VERSION=\"3.2.1\" -DPACKAGE_STRING=\"Modelica\ Standard\ Library\ Tables\ 3.2.1\" -DPACKAGE_BUGREPORT=\"https://trac.modelica.org/Modelica\" -DPACKAGE_URL=\"https://modelica.org\" -DPACKAGE=\"libmodelicastandardtables\" -DVERSION=\"3.2.1\" -DSTDC_HEADERS=1 -DHAVE_SYS_TYPES_H=1 -DHAVE_SYS_STAT_H=1 -DHAVE_STDLIB_H=1 -DHAVE_STRING_H=1 -DHAVE_MEMORY_H=1 -DHAVE_STRINGS_H=1 -DHAVE_INTTYPES_H=1 -DHAVE_STDINT_H=1 -DHAVE_UNISTD_H=1 -DHAVE_DLFCN_H=1 -DLT_OBJDIR=\".libs/\" -DHAVE_ZLIB_H=1 -I.   -I/opt/local/include -DDUMMY_FUNCTION_USERTAB -DHAVE_ZLIB=1  -pipe -Os -arch x86_64 -O0 -g -MT ModelicaStrings.lo -MD -MP -MF .deps/ModelicaStrings.Tpo -c -o ModelicaStrings.lo `test -f '../../C-Sources//ModelicaStrings.c' || echo './'`../../C-Sources//ModelicaStrings.c
:info:build libtool: compile:  /usr/bin/clang "-DPACKAGE_NAME=\"Modelica Standard Library Tables\"" -DPACKAGE_TARNAME=\"libmodelicastandardtables\" -DPACKAGE_VERSION=\"3.2.1\" "-DPACKAGE_STRING=\"Modelica Standard Library Tables 3.2.1\"" -DPACKAGE_BUGREPORT=\"https://trac.modelica.org/Modelica\" -DPACKAGE_URL=\"https://modelica.org\" -DPACKAGE=\"libmodelicastandardtables\" -DVERSION=\"3.2.1\" -DSTDC_HEADERS=1 -DHAVE_SYS_TYPES_H=1 -DHAVE_SYS_STAT_H=1 -DHAVE_STDLIB_H=1 -DHAVE_STRING_H=1 -DHAVE_MEMORY_H=1 -DHAVE_STRINGS_H=1 -DHAVE_INTTYPES_H=1 -DHAVE_STDINT_H=1 -DHAVE_UNISTD_H=1 -DHAVE_DLFCN_H=1 -DLT_OBJDIR=\".libs/\" -DHAVE_ZLIB_H=1 -I. -I/opt/local/include -DDUMMY_FUNCTION_USERTAB -DHAVE_ZLIB=1 -pipe -Os -arch x86_64 -O0 -g -MT ModelicaStrings.lo -MD -MP -MF .deps/ModelicaStrings.Tpo -c ../../C-Sources//ModelicaStrings.c -o ModelicaStrings.o
:info:build mv -f .deps/ModelicaStrings.Tpo .deps/ModelicaStrings.Plo
:info:build /bin/sh ./libtool  --tag=CC   --mode=compile /usr/bin/clang -DPACKAGE_NAME=\"Modelica\ Standard\ Library\ Tables\" -DPACKAGE_TARNAME=\"libmodelicastandardtables\" -DPACKAGE_VERSION=\"3.2.1\" -DPACKAGE_STRING=\"Modelica\ Standard\ Library\ Tables\ 3.2.1\" -DPACKAGE_BUGREPORT=\"https://trac.modelica.org/Modelica\" -DPACKAGE_URL=\"https://modelica.org\" -DPACKAGE=\"libmodelicastandardtables\" -DVERSION=\"3.2.1\" -DSTDC_HEADERS=1 -DHAVE_SYS_TYPES_H=1 -DHAVE_SYS_STAT_H=1 -DHAVE_STDLIB_H=1 -DHAVE_STRING_H=1 -DHAVE_MEMORY_H=1 -DHAVE_STRINGS_H=1 -DHAVE_INTTYPES_H=1 -DHAVE_STDINT_H=1 -DHAVE_UNISTD_H=1 -DHAVE_DLFCN_H=1 -DLT_OBJDIR=\".libs/\" -DHAVE_ZLIB_H=1 -I.   -I/opt/local/include -DDUMMY_FUNCTION_USERTAB -DHAVE_ZLIB=1  -pipe -Os -arch x86_64 -O0 -g -MT ModelicaStandardTables.lo -MD -MP -MF .deps/ModelicaStandardTables.Tpo -c -o ModelicaStandardTables.lo `test -f '../../C-Sources//ModelicaStandardTables.c' || echo './'`../../C-Sources//ModelicaStandardTables.c
:info:build libtool: compile:  /usr/bin/clang "-DPACKAGE_NAME=\"Modelica Standard Library Tables\"" -DPACKAGE_TARNAME=\"libmodelicastandardtables\" -DPACKAGE_VERSION=\"3.2.1\" "-DPACKAGE_STRING=\"Modelica Standard Library Tables 3.2.1\"" -DPACKAGE_BUGREPORT=\"https://trac.modelica.org/Modelica\" -DPACKAGE_URL=\"https://modelica.org\" -DPACKAGE=\"libmodelicastandardtables\" -DVERSION=\"3.2.1\" -DSTDC_HEADERS=1 -DHAVE_SYS_TYPES_H=1 -DHAVE_SYS_STAT_H=1 -DHAVE_STDLIB_H=1 -DHAVE_STRING_H=1 -DHAVE_MEMORY_H=1 -DHAVE_STRINGS_H=1 -DHAVE_INTTYPES_H=1 -DHAVE_STDINT_H=1 -DHAVE_UNISTD_H=1 -DHAVE_DLFCN_H=1 -DLT_OBJDIR=\".libs/\" -DHAVE_ZLIB_H=1 -I. -I/opt/local/include -DDUMMY_FUNCTION_USERTAB -DHAVE_ZLIB=1 -pipe -Os -arch x86_64 -O0 -g -MT ModelicaStandardTables.lo -MD -MP -MF .deps/ModelicaStandardTables.Tpo -c ../../C-Sources//ModelicaStandardTables.c -o ModelicaStandardTables.o
:info:build mv -f .deps/ModelicaStandardTables.Tpo .deps/ModelicaStandardTables.Plo
:info:build /bin/sh ./libtool  --tag=CC   --mode=compile /usr/bin/clang -DPACKAGE_NAME=\"Modelica\ Standard\ Library\ Tables\" -DPACKAGE_TARNAME=\"libmodelicastandardtables\" -DPACKAGE_VERSION=\"3.2.1\" -DPACKAGE_STRING=\"Modelica\ Standard\ Library\ Tables\ 3.2.1\" -DPACKAGE_BUGREPORT=\"https://trac.modelica.org/Modelica\" -DPACKAGE_URL=\"https://modelica.org\" -DPACKAGE=\"libmodelicastandardtables\" -DVERSION=\"3.2.1\" -DSTDC_HEADERS=1 -DHAVE_SYS_TYPES_H=1 -DHAVE_SYS_STAT_H=1 -DHAVE_STDLIB_H=1 -DHAVE_STRING_H=1 -DHAVE_MEMORY_H=1 -DHAVE_STRINGS_H=1 -DHAVE_INTTYPES_H=1 -DHAVE_STDINT_H=1 -DHAVE_UNISTD_H=1 -DHAVE_DLFCN_H=1 -DLT_OBJDIR=\".libs/\" -DHAVE_ZLIB_H=1 -I.   -I/opt/local/include -DDUMMY_FUNCTION_USERTAB -DHAVE_ZLIB=1  -pipe -Os -arch x86_64 -O0 -g -MT ModelicaMatIO.lo -MD -MP -MF .deps/ModelicaMatIO.Tpo -c -o ModelicaMatIO.lo `test -f '../../C-Sources//ModelicaMatIO.c' || echo './'`../../C-Sources//ModelicaMatIO.c
:info:build libtool: compile:  /usr/bin/clang "-DPACKAGE_NAME=\"Modelica Standard Library Tables\"" -DPACKAGE_TARNAME=\"libmodelicastandardtables\" -DPACKAGE_VERSION=\"3.2.1\" "-DPACKAGE_STRING=\"Modelica Standard Library Tables 3.2.1\"" -DPACKAGE_BUGREPORT=\"https://trac.modelica.org/Modelica\" -DPACKAGE_URL=\"https://modelica.org\" -DPACKAGE=\"libmodelicastandardtables\" -DVERSION=\"3.2.1\" -DSTDC_HEADERS=1 -DHAVE_SYS_TYPES_H=1 -DHAVE_SYS_STAT_H=1 -DHAVE_STDLIB_H=1 -DHAVE_STRING_H=1 -DHAVE_MEMORY_H=1 -DHAVE_STRINGS_H=1 -DHAVE_INTTYPES_H=1 -DHAVE_STDINT_H=1 -DHAVE_UNISTD_H=1 -DHAVE_DLFCN_H=1 -DLT_OBJDIR=\".libs/\" -DHAVE_ZLIB_H=1 -I. -I/opt/local/include -DDUMMY_FUNCTION_USERTAB -DHAVE_ZLIB=1 -pipe -Os -arch x86_64 -O0 -g -MT ModelicaMatIO.lo -MD -MP -MF .deps/ModelicaMatIO.Tpo -c ../../C-Sources//ModelicaMatIO.c -o ModelicaMatIO.o
:info:build mv -f .deps/ModelicaMatIO.Tpo .deps/ModelicaMatIO.Plo
:info:build /bin/sh ./libtool  --tag=CC   --mode=compile /usr/bin/clang -DPACKAGE_NAME=\"Modelica\ Standard\ Library\ Tables\" -DPACKAGE_TARNAME=\"libmodelicastandardtables\" -DPACKAGE_VERSION=\"3.2.1\" -DPACKAGE_STRING=\"Modelica\ Standard\ Library\ Tables\ 3.2.1\" -DPACKAGE_BUGREPORT=\"https://trac.modelica.org/Modelica\" -DPACKAGE_URL=\"https://modelica.org\" -DPACKAGE=\"libmodelicastandardtables\" -DVERSION=\"3.2.1\" -DSTDC_HEADERS=1 -DHAVE_SYS_TYPES_H=1 -DHAVE_SYS_STAT_H=1 -DHAVE_STDLIB_H=1 -DHAVE_STRING_H=1 -DHAVE_MEMORY_H=1 -DHAVE_STRINGS_H=1 -DHAVE_INTTYPES_H=1 -DHAVE_STDINT_H=1 -DHAVE_UNISTD_H=1 -DHAVE_DLFCN_H=1 -DLT_OBJDIR=\".libs/\" -DHAVE_ZLIB_H=1 -I.   -I/opt/local/include -DDUMMY_FUNCTION_USERTAB -DHAVE_ZLIB=1  -pipe -Os -arch x86_64 -O0 -g -MT adler32.lo -MD -MP -MF .deps/adler32.Tpo -c -o adler32.lo `test -f '../../C-Sources//zlib/adler32.c' || echo './'`../../C-Sources//zlib/adler32.c
:info:build libtool: compile:  /usr/bin/clang "-DPACKAGE_NAME=\"Modelica Standard Library Tables\"" -DPACKAGE_TARNAME=\"libmodelicastandardtables\" -DPACKAGE_VERSION=\"3.2.1\" "-DPACKAGE_STRING=\"Modelica Standard Library Tables 3.2.1\"" -DPACKAGE_BUGREPORT=\"https://trac.modelica.org/Modelica\" -DPACKAGE_URL=\"https://modelica.org\" -DPACKAGE=\"libmodelicastandardtables\" -DVERSION=\"3.2.1\" -DSTDC_HEADERS=1 -DHAVE_SYS_TYPES_H=1 -DHAVE_SYS_STAT_H=1 -DHAVE_STDLIB_H=1 -DHAVE_STRING_H=1 -DHAVE_MEMORY_H=1 -DHAVE_STRINGS_H=1 -DHAVE_INTTYPES_H=1 -DHAVE_STDINT_H=1 -DHAVE_UNISTD_H=1 -DHAVE_DLFCN_H=1 -DLT_OBJDIR=\".libs/\" -DHAVE_ZLIB_H=1 -I. -I/opt/local/include -DDUMMY_FUNCTION_USERTAB -DHAVE_ZLIB=1 -pipe -Os -arch x86_64 -O0 -g -MT adler32.lo -MD -MP -MF .deps/adler32.Tpo -c ../../C-Sources//zlib/adler32.c -o adler32.o
:info:build mv -f .deps/adler32.Tpo .deps/adler32.Plo
:info:build /usr/bin/clang++ -c -pipe -Os  -O2  -Xarch_x86_64 -mmacosx-version-min=10.8 -w -DQT_NO_DEBUG -DQT_WEBKIT_LIB -DQT_SVG_LIB -DQT_XML_LIB -DQT_GUI_LIB -DQT_NETWORK_LIB -DQT_CORE_LIB -DQT_SHARED -I/opt/local/share/qt4/mkspecs/macx-g++ -I. -I../generatedfiles/moc -I/opt/local/Library/Frameworks/QtCore.framework/Versions/4/Headers -I/opt/local/Library/Frameworks/QtNetwork.framework/Versions/4/Headers -I/opt/local/Library/Frameworks/QtGui.framework/Versions/4/Headers -I/opt/local/Library/Frameworks/QtXml.framework/Versions/4/Headers -I/opt/local/Library/Frameworks/QtSvg.framework/Versions/4/Headers -I/opt/local/Library/Frameworks/QtWebKit.framework/Versions/4/Headers -I/opt/local/include/qwt -I../../OMPlot/OMPlotGUI -I. -IAnnotations -IComponent -IGUI -IGUI/Containers -IGUI/Widgets -IGUI/Dialogs -IOMC -IUtil -I/opt/local/Library/Frameworks/QtWebKit.framework/Versions/4/Headers -I/opt/local/Library/Frameworks/QtSvg.framework/Versions/4/Headers -I/opt/local/Library/Frameworks/QtXml.framework/Versions/4/Headers -I/opt/local/Library/Frameworks/QtGui.framework/Versions/4/Headers -I/opt/local/Library/Frameworks/QtNetwork.framework/Versions/4/Headers -I/opt/local/Library/Frameworks/QtCore.framework/Versions/4/Headers -I/opt/local/include -F/opt/local/Library/Frameworks -F/opt/local/lib -o EllipseAnnotation.o Annotations/EllipseAnnotation.cpp
:info:build /bin/sh ./libtool  --tag=CC   --mode=compile /usr/bin/clang -DPACKAGE_NAME=\"Modelica\ Standard\ Library\ Tables\" -DPACKAGE_TARNAME=\"libmodelicastandardtables\" -DPACKAGE_VERSION=\"3.2.1\" -DPACKAGE_STRING=\"Modelica\ Standard\ Library\ Tables\ 3.2.1\" -DPACKAGE_BUGREPORT=\"https://trac.modelica.org/Modelica\" -DPACKAGE_URL=\"https://modelica.org\" -DPACKAGE=\"libmodelicastandardtables\" -DVERSION=\"3.2.1\" -DSTDC_HEADERS=1 -DHAVE_SYS_TYPES_H=1 -DHAVE_SYS_STAT_H=1 -DHAVE_STDLIB_H=1 -DHAVE_STRING_H=1 -DHAVE_MEMORY_H=1 -DHAVE_STRINGS_H=1 -DHAVE_INTTYPES_H=1 -DHAVE_STDINT_H=1 -DHAVE_UNISTD_H=1 -DHAVE_DLFCN_H=1 -DLT_OBJDIR=\".libs/\" -DHAVE_ZLIB_H=1 -I.   -I/opt/local/include -DDUMMY_FUNCTION_USERTAB -DHAVE_ZLIB=1  -pipe -Os -arch x86_64 -O0 -g -MT compress.lo -MD -MP -MF .deps/compress.Tpo -c -o compress.lo `test -f '../../C-Sources//zlib/compress.c' || echo './'`../../C-Sources//zlib/compress.c
:info:build /bin/sh ./libtool  --tag=CC   --mode=compile /usr/bin/clang -DPACKAGE_NAME=\"Modelica\ Standard\ Library\ Tables\" -DPACKAGE_TARNAME=\"libmodelicastandardtables\" -DPACKAGE_VERSION=\"3.2.1\" -DPACKAGE_STRING=\"Modelica\ Standard\ Library\ Tables\ 3.2.1\" -DPACKAGE_BUGREPORT=\"https://trac.modelica.org/Modelica\" -DPACKAGE_URL=\"https://modelica.org\" -DPACKAGE=\"libmodelicastandardtables\" -DVERSION=\"3.2.1\" -DSTDC_HEADERS=1 -DHAVE_SYS_TYPES_H=1 -DHAVE_SYS_STAT_H=1 -DHAVE_STDLIB_H=1 -DHAVE_STRING_H=1 -DHAVE_MEMORY_H=1 -DHAVE_STRINGS_H=1 -DHAVE_INTTYPES_H=1 -DHAVE_STDINT_H=1 -DHAVE_UNISTD_H=1 -DHAVE_DLFCN_H=1 -DLT_OBJDIR=\".libs/\" -DHAVE_ZLIB_H=1 -I.   -I/opt/local/include -DDUMMY_FUNCTION_USERTAB -DHAVE_ZLIB=1  -pipe -Os -arch x86_64 -O0 -g -MT crc32.lo -MD -MP -MF .deps/crc32.Tpo -c -o crc32.lo `test -f '../../C-Sources//zlib/crc32.c' || echo './'`../../C-Sources//zlib/crc32.c
:info:build libtool: compile:  /usr/bin/clang "-DPACKAGE_NAME=\"Modelica Standard Library Tables\"" -DPACKAGE_TARNAME=\"libmodelicastandardtables\" -DPACKAGE_VERSION=\"3.2.1\" "-DPACKAGE_STRING=\"Modelica Standard Library Tables 3.2.1\"" -DPACKAGE_BUGREPORT=\"https://trac.modelica.org/Modelica\" -DPACKAGE_URL=\"https://modelica.org\" -DPACKAGE=\"libmodelicastandardtables\" -DVERSION=\"3.2.1\" -DSTDC_HEADERS=1 -DHAVE_SYS_TYPES_H=1 -DHAVE_SYS_STAT_H=1 -DHAVE_STDLIB_H=1 -DHAVE_STRING_H=1 -DHAVE_MEMORY_H=1 -DHAVE_STRINGS_H=1 -DHAVE_INTTYPES_H=1 -DHAVE_STDINT_H=1 -DHAVE_UNISTD_H=1 -DHAVE_DLFCN_H=1 -DLT_OBJDIR=\".libs/\" -DHAVE_ZLIB_H=1 -I. -I/opt/local/include -DDUMMY_FUNCTION_USERTAB -DHAVE_ZLIB=1 -pipe -Os -arch x86_64 -O0 -g -MT compress.lo -MD -MP -MF .deps/compress.Tpo -c ../../C-Sources//zlib/compress.c -o compress.o
:info:build mv -f .deps/compress.Tpo .deps/compress.Plo
:info:build /usr/bin/clang++ -c -pipe -Os  -O2  -Xarch_x86_64 -mmacosx-version-min=10.8 -w -DQT_NO_DEBUG -DQT_WEBKIT_LIB -DQT_SVG_LIB -DQT_XML_LIB -DQT_GUI_LIB -DQT_NETWORK_LIB -DQT_CORE_LIB -DQT_SHARED -I/opt/local/share/qt4/mkspecs/macx-g++ -I. -I../generatedfiles/moc -I/opt/local/Library/Frameworks/QtCore.framework/Versions/4/Headers -I/opt/local/Library/Frameworks/QtNetwork.framework/Versions/4/Headers -I/opt/local/Library/Frameworks/QtGui.framework/Versions/4/Headers -I/opt/local/Library/Frameworks/QtXml.framework/Versions/4/Headers -I/opt/local/Library/Frameworks/QtSvg.framework/Versions/4/Headers -I/opt/local/Library/Frameworks/QtWebKit.framework/Versions/4/Headers -I/opt/local/include/qwt -I../../OMPlot/OMPlotGUI -I. -IAnnotations -IComponent -IGUI -IGUI/Containers -IGUI/Widgets -IGUI/Dialogs -IOMC -IUtil -I/opt/local/Library/Frameworks/QtWebKit.framework/Versions/4/Headers -I/opt/local/Library/Frameworks/QtSvg.framework/Versions/4/Headers -I/opt/local/Library/Frameworks/QtXml.framework/Versions/4/Headers -I/opt/local/Library/Frameworks/QtGui.framework/Versions/4/Headers -I/opt/local/Library/Frameworks/QtNetwork.framework/Versions/4/Headers -I/opt/local/Library/Frameworks/QtCore.framework/Versions/4/Headers -I/opt/local/include -F/opt/local/Library/Frameworks -F/opt/local/lib -o TextAnnotation.o Annotations/TextAnnotation.cpp
:info:build /bin/sh ./libtool  --tag=CC   --mode=compile /usr/bin/clang -DPACKAGE_NAME=\"Modelica\ Standard\ Library\ Tables\" -DPACKAGE_TARNAME=\"libmodelicastandardtables\" -DPACKAGE_VERSION=\"3.2.1\" -DPACKAGE_STRING=\"Modelica\ Standard\ Library\ Tables\ 3.2.1\" -DPACKAGE_BUGREPORT=\"https://trac.modelica.org/Modelica\" -DPACKAGE_URL=\"https://modelica.org\" -DPACKAGE=\"libmodelicastandardtables\" -DVERSION=\"3.2.1\" -DSTDC_HEADERS=1 -DHAVE_SYS_TYPES_H=1 -DHAVE_SYS_STAT_H=1 -DHAVE_STDLIB_H=1 -DHAVE_STRING_H=1 -DHAVE_MEMORY_H=1 -DHAVE_STRINGS_H=1 -DHAVE_INTTYPES_H=1 -DHAVE_STDINT_H=1 -DHAVE_UNISTD_H=1 -DHAVE_DLFCN_H=1 -DLT_OBJDIR=\".libs/\" -DHAVE_ZLIB_H=1 -I.   -I/opt/local/include -DDUMMY_FUNCTION_USERTAB -DHAVE_ZLIB=1  -pipe -Os -arch x86_64 -O0 -g -MT deflate.lo -MD -MP -MF .deps/deflate.Tpo -c -o deflate.lo `test -f '../../C-Sources//zlib/deflate.c' || echo './'`../../C-Sources//zlib/deflate.c
:info:build libtool: compile:  /usr/bin/clang "-DPACKAGE_NAME=\"Modelica Standard Library Tables\"" -DPACKAGE_TARNAME=\"libmodelicastandardtables\" -DPACKAGE_VERSION=\"3.2.1\" "-DPACKAGE_STRING=\"Modelica Standard Library Tables 3.2.1\"" -DPACKAGE_BUGREPORT=\"https://trac.modelica.org/Modelica\" -DPACKAGE_URL=\"https://modelica.org\" -DPACKAGE=\"libmodelicastandardtables\" -DVERSION=\"3.2.1\" -DSTDC_HEADERS=1 -DHAVE_SYS_TYPES_H=1 -DHAVE_SYS_STAT_H=1 -DHAVE_STDLIB_H=1 -DHAVE_STRING_H=1 -DHAVE_MEMORY_H=1 -DHAVE_STRINGS_H=1 -DHAVE_INTTYPES_H=1 -DHAVE_STDINT_H=1 -DHAVE_UNISTD_H=1 -DHAVE_DLFCN_H=1 -DLT_OBJDIR=\".libs/\" -DHAVE_ZLIB_H=1 -I. -I/opt/local/include -DDUMMY_FUNCTION_USERTAB -DHAVE_ZLIB=1 -pipe -Os -arch x86_64 -O0 -g -MT crc32.lo -MD -MP -MF .deps/crc32.Tpo -c ../../C-Sources//zlib/crc32.c -o crc32.o
:info:build mv -f .deps/crc32.Tpo .deps/crc32.Plo
:info:build /bin/sh ./libtool  --tag=CC   --mode=compile /usr/bin/clang -DPACKAGE_NAME=\"Modelica\ Standard\ Library\ Tables\" -DPACKAGE_TARNAME=\"libmodelicastandardtables\" -DPACKAGE_VERSION=\"3.2.1\" -DPACKAGE_STRING=\"Modelica\ Standard\ Library\ Tables\ 3.2.1\" -DPACKAGE_BUGREPORT=\"https://trac.modelica.org/Modelica\" -DPACKAGE_URL=\"https://modelica.org\" -DPACKAGE=\"libmodelicastandardtables\" -DVERSION=\"3.2.1\" -DSTDC_HEADERS=1 -DHAVE_SYS_TYPES_H=1 -DHAVE_SYS_STAT_H=1 -DHAVE_STDLIB_H=1 -DHAVE_STRING_H=1 -DHAVE_MEMORY_H=1 -DHAVE_STRINGS_H=1 -DHAVE_INTTYPES_H=1 -DHAVE_STDINT_H=1 -DHAVE_UNISTD_H=1 -DHAVE_DLFCN_H=1 -DLT_OBJDIR=\".libs/\" -DHAVE_ZLIB_H=1 -I.   -I/opt/local/include -DDUMMY_FUNCTION_USERTAB -DHAVE_ZLIB=1  -pipe -Os -arch x86_64 -O0 -g -MT gzclose.lo -MD -MP -MF .deps/gzclose.Tpo -c -o gzclose.lo `test -f '../../C-Sources//zlib/gzclose.c' || echo './'`../../C-Sources//zlib/gzclose.c
:info:build libtool: compile:  /usr/bin/clang "-DPACKAGE_NAME=\"Modelica Standard Library Tables\"" -DPACKAGE_TARNAME=\"libmodelicastandardtables\" -DPACKAGE_VERSION=\"3.2.1\" "-DPACKAGE_STRING=\"Modelica Standard Library Tables 3.2.1\"" -DPACKAGE_BUGREPORT=\"https://trac.modelica.org/Modelica\" -DPACKAGE_URL=\"https://modelica.org\" -DPACKAGE=\"libmodelicastandardtables\" -DVERSION=\"3.2.1\" -DSTDC_HEADERS=1 -DHAVE_SYS_TYPES_H=1 -DHAVE_SYS_STAT_H=1 -DHAVE_STDLIB_H=1 -DHAVE_STRING_H=1 -DHAVE_MEMORY_H=1 -DHAVE_STRINGS_H=1 -DHAVE_INTTYPES_H=1 -DHAVE_STDINT_H=1 -DHAVE_UNISTD_H=1 -DHAVE_DLFCN_H=1 -DLT_OBJDIR=\".libs/\" -DHAVE_ZLIB_H=1 -I. -I/opt/local/include -DDUMMY_FUNCTION_USERTAB -DHAVE_ZLIB=1 -pipe -Os -arch x86_64 -O0 -g -MT deflate.lo -MD -MP -MF .deps/deflate.Tpo -c ../../C-Sources//zlib/deflate.c -o deflate.o
:info:build libtool: compile:  /usr/bin/clang "-DPACKAGE_NAME=\"Modelica Standard Library Tables\"" -DPACKAGE_TARNAME=\"libmodelicastandardtables\" -DPACKAGE_VERSION=\"3.2.1\" "-DPACKAGE_STRING=\"Modelica Standard Library Tables 3.2.1\"" -DPACKAGE_BUGREPORT=\"https://trac.modelica.org/Modelica\" -DPACKAGE_URL=\"https://modelica.org\" -DPACKAGE=\"libmodelicastandardtables\" -DVERSION=\"3.2.1\" -DSTDC_HEADERS=1 -DHAVE_SYS_TYPES_H=1 -DHAVE_SYS_STAT_H=1 -DHAVE_STDLIB_H=1 -DHAVE_STRING_H=1 -DHAVE_MEMORY_H=1 -DHAVE_STRINGS_H=1 -DHAVE_INTTYPES_H=1 -DHAVE_STDINT_H=1 -DHAVE_UNISTD_H=1 -DHAVE_DLFCN_H=1 -DLT_OBJDIR=\".libs/\" -DHAVE_ZLIB_H=1 -I. -I/opt/local/include -DDUMMY_FUNCTION_USERTAB -DHAVE_ZLIB=1 -pipe -Os -arch x86_64 -O0 -g -MT gzclose.lo -MD -MP -MF .deps/gzclose.Tpo -c ../../C-Sources//zlib/gzclose.c -o gzclose.o
:info:build mv -f .deps/gzclose.Tpo .deps/gzclose.Plo
:info:build /bin/sh ./libtool  --tag=CC   --mode=compile /usr/bin/clang -DPACKAGE_NAME=\"Modelica\ Standard\ Library\ Tables\" -DPACKAGE_TARNAME=\"libmodelicastandardtables\" -DPACKAGE_VERSION=\"3.2.1\" -DPACKAGE_STRING=\"Modelica\ Standard\ Library\ Tables\ 3.2.1\" -DPACKAGE_BUGREPORT=\"https://trac.modelica.org/Modelica\" -DPACKAGE_URL=\"https://modelica.org\" -DPACKAGE=\"libmodelicastandardtables\" -DVERSION=\"3.2.1\" -DSTDC_HEADERS=1 -DHAVE_SYS_TYPES_H=1 -DHAVE_SYS_STAT_H=1 -DHAVE_STDLIB_H=1 -DHAVE_STRING_H=1 -DHAVE_MEMORY_H=1 -DHAVE_STRINGS_H=1 -DHAVE_INTTYPES_H=1 -DHAVE_STDINT_H=1 -DHAVE_UNISTD_H=1 -DHAVE_DLFCN_H=1 -DLT_OBJDIR=\".libs/\" -DHAVE_ZLIB_H=1 -I.   -I/opt/local/include -DDUMMY_FUNCTION_USERTAB -DHAVE_ZLIB=1  -pipe -Os -arch x86_64 -O0 -g -MT gzlib.lo -MD -MP -MF .deps/gzlib.Tpo -c -o gzlib.lo `test -f '../../C-Sources//zlib/gzlib.c' || echo './'`../../C-Sources//zlib/gzlib.c
:info:build mv -f .deps/deflate.Tpo .deps/deflate.Plo
:info:build /usr/bin/clang++ -c -pipe -Os  -O2  -Xarch_x86_64 -mmacosx-version-min=10.8 -w -DQT_NO_DEBUG -DQT_WEBKIT_LIB -DQT_SVG_LIB -DQT_XML_LIB -DQT_GUI_LIB -DQT_NETWORK_LIB -DQT_CORE_LIB -DQT_SHARED -I/opt/local/share/qt4/mkspecs/macx-g++ -I. -I../generatedfiles/moc -I/opt/local/Library/Frameworks/QtCore.framework/Versions/4/Headers -I/opt/local/Library/Frameworks/QtNetwork.framework/Versions/4/Headers -I/opt/local/Library/Frameworks/QtGui.framework/Versions/4/Headers -I/opt/local/Library/Frameworks/QtXml.framework/Versions/4/Headers -I/opt/local/Library/Frameworks/QtSvg.framework/Versions/4/Headers -I/opt/local/Library/Frameworks/QtWebKit.framework/Versions/4/Headers -I/opt/local/include/qwt -I../../OMPlot/OMPlotGUI -I. -IAnnotations -IComponent -IGUI -IGUI/Containers -IGUI/Widgets -IGUI/Dialogs -IOMC -IUtil -I/opt/local/Library/Frameworks/QtWebKit.framework/Versions/4/Headers -I/opt/local/Library/Frameworks/QtSvg.framework/Versions/4/Headers -I/opt/local/Library/Frameworks/QtXml.framework/Versions/4/Headers -I/opt/local/Library/Frameworks/QtGui.framework/Versions/4/Headers -I/opt/local/Library/Frameworks/QtNetwork.framework/Versions/4/Headers -I/opt/local/Library/Frameworks/QtCore.framework/Versions/4/Headers -I/opt/local/include -F/opt/local/Library/Frameworks -F/opt/local/lib -o BitmapAnnotation.o Annotations/BitmapAnnotation.cpp
:info:build libtool: compile:  /usr/bin/clang "-DPACKAGE_NAME=\"Modelica Standard Library Tables\"" -DPACKAGE_TARNAME=\"libmodelicastandardtables\" -DPACKAGE_VERSION=\"3.2.1\" "-DPACKAGE_STRING=\"Modelica Standard Library Tables 3.2.1\"" -DPACKAGE_BUGREPORT=\"https://trac.modelica.org/Modelica\" -DPACKAGE_URL=\"https://modelica.org\" -DPACKAGE=\"libmodelicastandardtables\" -DVERSION=\"3.2.1\" -DSTDC_HEADERS=1 -DHAVE_SYS_TYPES_H=1 -DHAVE_SYS_STAT_H=1 -DHAVE_STDLIB_H=1 -DHAVE_STRING_H=1 -DHAVE_MEMORY_H=1 -DHAVE_STRINGS_H=1 -DHAVE_INTTYPES_H=1 -DHAVE_STDINT_H=1 -DHAVE_UNISTD_H=1 -DHAVE_DLFCN_H=1 -DLT_OBJDIR=\".libs/\" -DHAVE_ZLIB_H=1 -I. -I/opt/local/include -DDUMMY_FUNCTION_USERTAB -DHAVE_ZLIB=1 -pipe -Os -arch x86_64 -O0 -g -MT gzlib.lo -MD -MP -MF .deps/gzlib.Tpo -c ../../C-Sources//zlib/gzlib.c -o gzlib.o
:info:build mv -f .deps/gzlib.Tpo .deps/gzlib.Plo
:info:build /bin/sh ./libtool  --tag=CC   --mode=compile /usr/bin/clang -DPACKAGE_NAME=\"Modelica\ Standard\ Library\ Tables\" -DPACKAGE_TARNAME=\"libmodelicastandardtables\" -DPACKAGE_VERSION=\"3.2.1\" -DPACKAGE_STRING=\"Modelica\ Standard\ Library\ Tables\ 3.2.1\" -DPACKAGE_BUGREPORT=\"https://trac.modelica.org/Modelica\" -DPACKAGE_URL=\"https://modelica.org\" -DPACKAGE=\"libmodelicastandardtables\" -DVERSION=\"3.2.1\" -DSTDC_HEADERS=1 -DHAVE_SYS_TYPES_H=1 -DHAVE_SYS_STAT_H=1 -DHAVE_STDLIB_H=1 -DHAVE_STRING_H=1 -DHAVE_MEMORY_H=1 -DHAVE_STRINGS_H=1 -DHAVE_INTTYPES_H=1 -DHAVE_STDINT_H=1 -DHAVE_UNISTD_H=1 -DHAVE_DLFCN_H=1 -DLT_OBJDIR=\".libs/\" -DHAVE_ZLIB_H=1 -I.   -I/opt/local/include -DDUMMY_FUNCTION_USERTAB -DHAVE_ZLIB=1  -pipe -Os -arch x86_64 -O0 -g -MT gzread.lo -MD -MP -MF .deps/gzread.Tpo -c -o gzread.lo `test -f '../../C-Sources//zlib/gzread.c' || echo './'`../../C-Sources//zlib/gzread.c
:info:build libtool: compile:  /usr/bin/clang "-DPACKAGE_NAME=\"Modelica Standard Library Tables\"" -DPACKAGE_TARNAME=\"libmodelicastandardtables\" -DPACKAGE_VERSION=\"3.2.1\" "-DPACKAGE_STRING=\"Modelica Standard Library Tables 3.2.1\"" -DPACKAGE_BUGREPORT=\"https://trac.modelica.org/Modelica\" -DPACKAGE_URL=\"https://modelica.org\" -DPACKAGE=\"libmodelicastandardtables\" -DVERSION=\"3.2.1\" -DSTDC_HEADERS=1 -DHAVE_SYS_TYPES_H=1 -DHAVE_SYS_STAT_H=1 -DHAVE_STDLIB_H=1 -DHAVE_STRING_H=1 -DHAVE_MEMORY_H=1 -DHAVE_STRINGS_H=1 -DHAVE_INTTYPES_H=1 -DHAVE_STDINT_H=1 -DHAVE_UNISTD_H=1 -DHAVE_DLFCN_H=1 -DLT_OBJDIR=\".libs/\" -DHAVE_ZLIB_H=1 -I. -I/opt/local/include -DDUMMY_FUNCTION_USERTAB -DHAVE_ZLIB=1 -pipe -Os -arch x86_64 -O0 -g -MT gzread.lo -MD -MP -MF .deps/gzread.Tpo -c ../../C-Sources//zlib/gzread.c -o gzread.o
:info:build mv -f .deps/gzread.Tpo .deps/gzread.Plo
:info:build /bin/sh ./libtool  --tag=CC   --mode=compile /usr/bin/clang -DPACKAGE_NAME=\"Modelica\ Standard\ Library\ Tables\" -DPACKAGE_TARNAME=\"libmodelicastandardtables\" -DPACKAGE_VERSION=\"3.2.1\" -DPACKAGE_STRING=\"Modelica\ Standard\ Library\ Tables\ 3.2.1\" -DPACKAGE_BUGREPORT=\"https://trac.modelica.org/Modelica\" -DPACKAGE_URL=\"https://modelica.org\" -DPACKAGE=\"libmodelicastandardtables\" -DVERSION=\"3.2.1\" -DSTDC_HEADERS=1 -DHAVE_SYS_TYPES_H=1 -DHAVE_SYS_STAT_H=1 -DHAVE_STDLIB_H=1 -DHAVE_STRING_H=1 -DHAVE_MEMORY_H=1 -DHAVE_STRINGS_H=1 -DHAVE_INTTYPES_H=1 -DHAVE_STDINT_H=1 -DHAVE_UNISTD_H=1 -DHAVE_DLFCN_H=1 -DLT_OBJDIR=\".libs/\" -DHAVE_ZLIB_H=1 -I.   -I/opt/local/include -DDUMMY_FUNCTION_USERTAB -DHAVE_ZLIB=1  -pipe -Os -arch x86_64 -O0 -g -MT gzwrite.lo -MD -MP -MF .deps/gzwrite.Tpo -c -o gzwrite.lo `test -f '../../C-Sources//zlib/gzwrite.c' || echo './'`../../C-Sources//zlib/gzwrite.c
:info:build libtool: compile:  /usr/bin/clang "-DPACKAGE_NAME=\"Modelica Standard Library Tables\"" -DPACKAGE_TARNAME=\"libmodelicastandardtables\" -DPACKAGE_VERSION=\"3.2.1\" "-DPACKAGE_STRING=\"Modelica Standard Library Tables 3.2.1\"" -DPACKAGE_BUGREPORT=\"https://trac.modelica.org/Modelica\" -DPACKAGE_URL=\"https://modelica.org\" -DPACKAGE=\"libmodelicastandardtables\" -DVERSION=\"3.2.1\" -DSTDC_HEADERS=1 -DHAVE_SYS_TYPES_H=1 -DHAVE_SYS_STAT_H=1 -DHAVE_STDLIB_H=1 -DHAVE_STRING_H=1 -DHAVE_MEMORY_H=1 -DHAVE_STRINGS_H=1 -DHAVE_INTTYPES_H=1 -DHAVE_STDINT_H=1 -DHAVE_UNISTD_H=1 -DHAVE_DLFCN_H=1 -DLT_OBJDIR=\".libs/\" -DHAVE_ZLIB_H=1 -I. -I/opt/local/include -DDUMMY_FUNCTION_USERTAB -DHAVE_ZLIB=1 -pipe -Os -arch x86_64 -O0 -g -MT gzwrite.lo -MD -MP -MF .deps/gzwrite.Tpo -c ../../C-Sources//zlib/gzwrite.c -o gzwrite.o
:info:build mv -f .deps/gzwrite.Tpo .deps/gzwrite.Plo
:info:build /bin/sh ./libtool  --tag=CC   --mode=compile /usr/bin/clang -DPACKAGE_NAME=\"Modelica\ Standard\ Library\ Tables\" -DPACKAGE_TARNAME=\"libmodelicastandardtables\" -DPACKAGE_VERSION=\"3.2.1\" -DPACKAGE_STRING=\"Modelica\ Standard\ Library\ Tables\ 3.2.1\" -DPACKAGE_BUGREPORT=\"https://trac.modelica.org/Modelica\" -DPACKAGE_URL=\"https://modelica.org\" -DPACKAGE=\"libmodelicastandardtables\" -DVERSION=\"3.2.1\" -DSTDC_HEADERS=1 -DHAVE_SYS_TYPES_H=1 -DHAVE_SYS_STAT_H=1 -DHAVE_STDLIB_H=1 -DHAVE_STRING_H=1 -DHAVE_MEMORY_H=1 -DHAVE_STRINGS_H=1 -DHAVE_INTTYPES_H=1 -DHAVE_STDINT_H=1 -DHAVE_UNISTD_H=1 -DHAVE_DLFCN_H=1 -DLT_OBJDIR=\".libs/\" -DHAVE_ZLIB_H=1 -I.   -I/opt/local/include -DDUMMY_FUNCTION_USERTAB -DHAVE_ZLIB=1  -pipe -Os -arch x86_64 -O0 -g -MT infback.lo -MD -MP -MF .deps/infback.Tpo -c -o infback.lo `test -f '../../C-Sources//zlib/infback.c' || echo './'`../../C-Sources//zlib/infback.c
:info:build libtool: compile:  /usr/bin/clang "-DPACKAGE_NAME=\"Modelica Standard Library Tables\"" -DPACKAGE_TARNAME=\"libmodelicastandardtables\" -DPACKAGE_VERSION=\"3.2.1\" "-DPACKAGE_STRING=\"Modelica Standard Library Tables 3.2.1\"" -DPACKAGE_BUGREPORT=\"https://trac.modelica.org/Modelica\" -DPACKAGE_URL=\"https://modelica.org\" -DPACKAGE=\"libmodelicastandardtables\" -DVERSION=\"3.2.1\" -DSTDC_HEADERS=1 -DHAVE_SYS_TYPES_H=1 -DHAVE_SYS_STAT_H=1 -DHAVE_STDLIB_H=1 -DHAVE_STRING_H=1 -DHAVE_MEMORY_H=1 -DHAVE_STRINGS_H=1 -DHAVE_INTTYPES_H=1 -DHAVE_STDINT_H=1 -DHAVE_UNISTD_H=1 -DHAVE_DLFCN_H=1 -DLT_OBJDIR=\".libs/\" -DHAVE_ZLIB_H=1 -I. -I/opt/local/include -DDUMMY_FUNCTION_USERTAB -DHAVE_ZLIB=1 -pipe -Os -arch x86_64 -O0 -g -MT infback.lo -MD -MP -MF .deps/infback.Tpo -c ../../C-Sources//zlib/infback.c -o infback.o
:info:build mv -f .deps/infback.Tpo .deps/infback.Plo
:info:build /bin/sh ./libtool  --tag=CC   --mode=compile /usr/bin/clang -DPACKAGE_NAME=\"Modelica\ Standard\ Library\ Tables\" -DPACKAGE_TARNAME=\"libmodelicastandardtables\" -DPACKAGE_VERSION=\"3.2.1\" -DPACKAGE_STRING=\"Modelica\ Standard\ Library\ Tables\ 3.2.1\" -DPACKAGE_BUGREPORT=\"https://trac.modelica.org/Modelica\" -DPACKAGE_URL=\"https://modelica.org\" -DPACKAGE=\"libmodelicastandardtables\" -DVERSION=\"3.2.1\" -DSTDC_HEADERS=1 -DHAVE_SYS_TYPES_H=1 -DHAVE_SYS_STAT_H=1 -DHAVE_STDLIB_H=1 -DHAVE_STRING_H=1 -DHAVE_MEMORY_H=1 -DHAVE_STRINGS_H=1 -DHAVE_INTTYPES_H=1 -DHAVE_STDINT_H=1 -DHAVE_UNISTD_H=1 -DHAVE_DLFCN_H=1 -DLT_OBJDIR=\".libs/\" -DHAVE_ZLIB_H=1 -I.   -I/opt/local/include -DDUMMY_FUNCTION_USERTAB -DHAVE_ZLIB=1  -pipe -Os -arch x86_64 -O0 -g -MT inffast.lo -MD -MP -MF .deps/inffast.Tpo -c -o inffast.lo `test -f '../../C-Sources//zlib/inffast.c' || echo './'`../../C-Sources//zlib/inffast.c
:info:build libtool: compile:  /usr/bin/clang "-DPACKAGE_NAME=\"Modelica Standard Library Tables\"" -DPACKAGE_TARNAME=\"libmodelicastandardtables\" -DPACKAGE_VERSION=\"3.2.1\" "-DPACKAGE_STRING=\"Modelica Standard Library Tables 3.2.1\"" -DPACKAGE_BUGREPORT=\"https://trac.modelica.org/Modelica\" -DPACKAGE_URL=\"https://modelica.org\" -DPACKAGE=\"libmodelicastandardtables\" -DVERSION=\"3.2.1\" -DSTDC_HEADERS=1 -DHAVE_SYS_TYPES_H=1 -DHAVE_SYS_STAT_H=1 -DHAVE_STDLIB_H=1 -DHAVE_STRING_H=1 -DHAVE_MEMORY_H=1 -DHAVE_STRINGS_H=1 -DHAVE_INTTYPES_H=1 -DHAVE_STDINT_H=1 -DHAVE_UNISTD_H=1 -DHAVE_DLFCN_H=1 -DLT_OBJDIR=\".libs/\" -DHAVE_ZLIB_H=1 -I. -I/opt/local/include -DDUMMY_FUNCTION_USERTAB -DHAVE_ZLIB=1 -pipe -Os -arch x86_64 -O0 -g -MT inffast.lo -MD -MP -MF .deps/inffast.Tpo -c ../../C-Sources//zlib/inffast.c -o inffast.o
:info:build mv -f .deps/inffast.Tpo .deps/inffast.Plo
:info:build /bin/sh ./libtool  --tag=CC   --mode=compile /usr/bin/clang -DPACKAGE_NAME=\"Modelica\ Standard\ Library\ Tables\" -DPACKAGE_TARNAME=\"libmodelicastandardtables\" -DPACKAGE_VERSION=\"3.2.1\" -DPACKAGE_STRING=\"Modelica\ Standard\ Library\ Tables\ 3.2.1\" -DPACKAGE_BUGREPORT=\"https://trac.modelica.org/Modelica\" -DPACKAGE_URL=\"https://modelica.org\" -DPACKAGE=\"libmodelicastandardtables\" -DVERSION=\"3.2.1\" -DSTDC_HEADERS=1 -DHAVE_SYS_TYPES_H=1 -DHAVE_SYS_STAT_H=1 -DHAVE_STDLIB_H=1 -DHAVE_STRING_H=1 -DHAVE_MEMORY_H=1 -DHAVE_STRINGS_H=1 -DHAVE_INTTYPES_H=1 -DHAVE_STDINT_H=1 -DHAVE_UNISTD_H=1 -DHAVE_DLFCN_H=1 -DLT_OBJDIR=\".libs/\" -DHAVE_ZLIB_H=1 -I.   -I/opt/local/include -DDUMMY_FUNCTION_USERTAB -DHAVE_ZLIB=1  -pipe -Os -arch x86_64 -O0 -g -MT inflate.lo -MD -MP -MF .deps/inflate.Tpo -c -o inflate.lo `test -f '../../C-Sources//zlib/inflate.c' || echo './'`../../C-Sources//zlib/inflate.c
:info:build libtool: compile:  /usr/bin/clang "-DPACKAGE_NAME=\"Modelica Standard Library Tables\"" -DPACKAGE_TARNAME=\"libmodelicastandardtables\" -DPACKAGE_VERSION=\"3.2.1\" "-DPACKAGE_STRING=\"Modelica Standard Library Tables 3.2.1\"" -DPACKAGE_BUGREPORT=\"https://trac.modelica.org/Modelica\" -DPACKAGE_URL=\"https://modelica.org\" -DPACKAGE=\"libmodelicastandardtables\" -DVERSION=\"3.2.1\" -DSTDC_HEADERS=1 -DHAVE_SYS_TYPES_H=1 -DHAVE_SYS_STAT_H=1 -DHAVE_STDLIB_H=1 -DHAVE_STRING_H=1 -DHAVE_MEMORY_H=1 -DHAVE_STRINGS_H=1 -DHAVE_INTTYPES_H=1 -DHAVE_STDINT_H=1 -DHAVE_UNISTD_H=1 -DHAVE_DLFCN_H=1 -DLT_OBJDIR=\".libs/\" -DHAVE_ZLIB_H=1 -I. -I/opt/local/include -DDUMMY_FUNCTION_USERTAB -DHAVE_ZLIB=1 -pipe -Os -arch x86_64 -O0 -g -MT inflate.lo -MD -MP -MF .deps/inflate.Tpo -c ../../C-Sources//zlib/inflate.c -o inflate.o
:info:build mv -f .deps/inflate.Tpo .deps/inflate.Plo
:info:build /bin/sh ./libtool  --tag=CC   --mode=compile /usr/bin/clang -DPACKAGE_NAME=\"Modelica\ Standard\ Library\ Tables\" -DPACKAGE_TARNAME=\"libmodelicastandardtables\" -DPACKAGE_VERSION=\"3.2.1\" -DPACKAGE_STRING=\"Modelica\ Standard\ Library\ Tables\ 3.2.1\" -DPACKAGE_BUGREPORT=\"https://trac.modelica.org/Modelica\" -DPACKAGE_URL=\"https://modelica.org\" -DPACKAGE=\"libmodelicastandardtables\" -DVERSION=\"3.2.1\" -DSTDC_HEADERS=1 -DHAVE_SYS_TYPES_H=1 -DHAVE_SYS_STAT_H=1 -DHAVE_STDLIB_H=1 -DHAVE_STRING_H=1 -DHAVE_MEMORY_H=1 -DHAVE_STRINGS_H=1 -DHAVE_INTTYPES_H=1 -DHAVE_STDINT_H=1 -DHAVE_UNISTD_H=1 -DHAVE_DLFCN_H=1 -DLT_OBJDIR=\".libs/\" -DHAVE_ZLIB_H=1 -I.   -I/opt/local/include -DDUMMY_FUNCTION_USERTAB -DHAVE_ZLIB=1  -pipe -Os -arch x86_64 -O0 -g -MT inftrees.lo -MD -MP -MF .deps/inftrees.Tpo -c -o inftrees.lo `test -f '../../C-Sources//zlib/inftrees.c' || echo './'`../../C-Sources//zlib/inftrees.c
:info:build libtool: compile:  /usr/bin/clang "-DPACKAGE_NAME=\"Modelica Standard Library Tables\"" -DPACKAGE_TARNAME=\"libmodelicastandardtables\" -DPACKAGE_VERSION=\"3.2.1\" "-DPACKAGE_STRING=\"Modelica Standard Library Tables 3.2.1\"" -DPACKAGE_BUGREPORT=\"https://trac.modelica.org/Modelica\" -DPACKAGE_URL=\"https://modelica.org\" -DPACKAGE=\"libmodelicastandardtables\" -DVERSION=\"3.2.1\" -DSTDC_HEADERS=1 -DHAVE_SYS_TYPES_H=1 -DHAVE_SYS_STAT_H=1 -DHAVE_STDLIB_H=1 -DHAVE_STRING_H=1 -DHAVE_MEMORY_H=1 -DHAVE_STRINGS_H=1 -DHAVE_INTTYPES_H=1 -DHAVE_STDINT_H=1 -DHAVE_UNISTD_H=1 -DHAVE_DLFCN_H=1 -DLT_OBJDIR=\".libs/\" -DHAVE_ZLIB_H=1 -I. -I/opt/local/include -DDUMMY_FUNCTION_USERTAB -DHAVE_ZLIB=1 -pipe -Os -arch x86_64 -O0 -g -MT inftrees.lo -MD -MP -MF .deps/inftrees.Tpo -c ../../C-Sources//zlib/inftrees.c -o inftrees.o
:info:build mv -f .deps/inftrees.Tpo .deps/inftrees.Plo
:info:build /bin/sh ./libtool  --tag=CC   --mode=compile /usr/bin/clang -DPACKAGE_NAME=\"Modelica\ Standard\ Library\ Tables\" -DPACKAGE_TARNAME=\"libmodelicastandardtables\" -DPACKAGE_VERSION=\"3.2.1\" -DPACKAGE_STRING=\"Modelica\ Standard\ Library\ Tables\ 3.2.1\" -DPACKAGE_BUGREPORT=\"https://trac.modelica.org/Modelica\" -DPACKAGE_URL=\"https://modelica.org\" -DPACKAGE=\"libmodelicastandardtables\" -DVERSION=\"3.2.1\" -DSTDC_HEADERS=1 -DHAVE_SYS_TYPES_H=1 -DHAVE_SYS_STAT_H=1 -DHAVE_STDLIB_H=1 -DHAVE_STRING_H=1 -DHAVE_MEMORY_H=1 -DHAVE_STRINGS_H=1 -DHAVE_INTTYPES_H=1 -DHAVE_STDINT_H=1 -DHAVE_UNISTD_H=1 -DHAVE_DLFCN_H=1 -DLT_OBJDIR=\".libs/\" -DHAVE_ZLIB_H=1 -I.   -I/opt/local/include -DDUMMY_FUNCTION_USERTAB -DHAVE_ZLIB=1  -pipe -Os -arch x86_64 -O0 -g -MT trees.lo -MD -MP -MF .deps/trees.Tpo -c -o trees.lo `test -f '../../C-Sources//zlib/trees.c' || echo './'`../../C-Sources//zlib/trees.c
:info:build libtool: compile:  /usr/bin/clang "-DPACKAGE_NAME=\"Modelica Standard Library Tables\"" -DPACKAGE_TARNAME=\"libmodelicastandardtables\" -DPACKAGE_VERSION=\"3.2.1\" "-DPACKAGE_STRING=\"Modelica Standard Library Tables 3.2.1\"" -DPACKAGE_BUGREPORT=\"https://trac.modelica.org/Modelica\" -DPACKAGE_URL=\"https://modelica.org\" -DPACKAGE=\"libmodelicastandardtables\" -DVERSION=\"3.2.1\" -DSTDC_HEADERS=1 -DHAVE_SYS_TYPES_H=1 -DHAVE_SYS_STAT_H=1 -DHAVE_STDLIB_H=1 -DHAVE_STRING_H=1 -DHAVE_MEMORY_H=1 -DHAVE_STRINGS_H=1 -DHAVE_INTTYPES_H=1 -DHAVE_STDINT_H=1 -DHAVE_UNISTD_H=1 -DHAVE_DLFCN_H=1 -DLT_OBJDIR=\".libs/\" -DHAVE_ZLIB_H=1 -I. -I/opt/local/include -DDUMMY_FUNCTION_USERTAB -DHAVE_ZLIB=1 -pipe -Os -arch x86_64 -O0 -g -MT trees.lo -MD -MP -MF .deps/trees.Tpo -c ../../C-Sources//zlib/trees.c -o trees.o
:info:build mv -f .deps/trees.Tpo .deps/trees.Plo
:info:build /bin/sh ./libtool  --tag=CC   --mode=compile /usr/bin/clang -DPACKAGE_NAME=\"Modelica\ Standard\ Library\ Tables\" -DPACKAGE_TARNAME=\"libmodelicastandardtables\" -DPACKAGE_VERSION=\"3.2.1\" -DPACKAGE_STRING=\"Modelica\ Standard\ Library\ Tables\ 3.2.1\" -DPACKAGE_BUGREPORT=\"https://trac.modelica.org/Modelica\" -DPACKAGE_URL=\"https://modelica.org\" -DPACKAGE=\"libmodelicastandardtables\" -DVERSION=\"3.2.1\" -DSTDC_HEADERS=1 -DHAVE_SYS_TYPES_H=1 -DHAVE_SYS_STAT_H=1 -DHAVE_STDLIB_H=1 -DHAVE_STRING_H=1 -DHAVE_MEMORY_H=1 -DHAVE_STRINGS_H=1 -DHAVE_INTTYPES_H=1 -DHAVE_STDINT_H=1 -DHAVE_UNISTD_H=1 -DHAVE_DLFCN_H=1 -DLT_OBJDIR=\".libs/\" -DHAVE_ZLIB_H=1 -I.   -I/opt/local/include -DDUMMY_FUNCTION_USERTAB -DHAVE_ZLIB=1  -pipe -Os -arch x86_64 -O0 -g -MT uncompr.lo -MD -MP -MF .deps/uncompr.Tpo -c -o uncompr.lo `test -f '../../C-Sources//zlib/uncompr.c' || echo './'`../../C-Sources//zlib/uncompr.c
:info:build /bin/sh ./libtool  --tag=CC   --mode=compile /usr/bin/clang -DPACKAGE_NAME=\"Modelica\ Standard\ Library\ Tables\" -DPACKAGE_TARNAME=\"libmodelicastandardtables\" -DPACKAGE_VERSION=\"3.2.1\" -DPACKAGE_STRING=\"Modelica\ Standard\ Library\ Tables\ 3.2.1\" -DPACKAGE_BUGREPORT=\"https://trac.modelica.org/Modelica\" -DPACKAGE_URL=\"https://modelica.org\" -DPACKAGE=\"libmodelicastandardtables\" -DVERSION=\"3.2.1\" -DSTDC_HEADERS=1 -DHAVE_SYS_TYPES_H=1 -DHAVE_SYS_STAT_H=1 -DHAVE_STDLIB_H=1 -DHAVE_STRING_H=1 -DHAVE_MEMORY_H=1 -DHAVE_STRINGS_H=1 -DHAVE_INTTYPES_H=1 -DHAVE_STDINT_H=1 -DHAVE_UNISTD_H=1 -DHAVE_DLFCN_H=1 -DLT_OBJDIR=\".libs/\" -DHAVE_ZLIB_H=1 -I.   -I/opt/local/include -DDUMMY_FUNCTION_USERTAB -DHAVE_ZLIB=1  -pipe -Os -arch x86_64 -O0 -g -MT zutil.lo -MD -MP -MF .deps/zutil.Tpo -c -o zutil.lo `test -f '../../C-Sources//zlib/zutil.c' || echo './'`../../C-Sources//zlib/zutil.c
:info:build libtool: compile:  /usr/bin/clang "-DPACKAGE_NAME=\"Modelica Standard Library Tables\"" -DPACKAGE_TARNAME=\"libmodelicastandardtables\" -DPACKAGE_VERSION=\"3.2.1\" "-DPACKAGE_STRING=\"Modelica Standard Library Tables 3.2.1\"" -DPACKAGE_BUGREPORT=\"https://trac.modelica.org/Modelica\" -DPACKAGE_URL=\"https://modelica.org\" -DPACKAGE=\"libmodelicastandardtables\" -DVERSION=\"3.2.1\" -DSTDC_HEADERS=1 -DHAVE_SYS_TYPES_H=1 -DHAVE_SYS_STAT_H=1 -DHAVE_STDLIB_H=1 -DHAVE_STRING_H=1 -DHAVE_MEMORY_H=1 -DHAVE_STRINGS_H=1 -DHAVE_INTTYPES_H=1 -DHAVE_STDINT_H=1 -DHAVE_UNISTD_H=1 -DHAVE_DLFCN_H=1 -DLT_OBJDIR=\".libs/\" -DHAVE_ZLIB_H=1 -I. -I/opt/local/include -DDUMMY_FUNCTION_USERTAB -DHAVE_ZLIB=1 -pipe -Os -arch x86_64 -O0 -g -MT uncompr.lo -MD -MP -MF .deps/uncompr.Tpo -c ../../C-Sources//zlib/uncompr.c -o uncompr.o
:info:build mv -f .deps/uncompr.Tpo .deps/uncompr.Plo
:info:build /usr/bin/clang++ -c -pipe -Os  -O2  -Xarch_x86_64 -mmacosx-version-min=10.8 -w -DQT_NO_DEBUG -DQT_WEBKIT_LIB -DQT_SVG_LIB -DQT_XML_LIB -DQT_GUI_LIB -DQT_NETWORK_LIB -DQT_CORE_LIB -DQT_SHARED -I/opt/local/share/qt4/mkspecs/macx-g++ -I. -I../generatedfiles/moc -I/opt/local/Library/Frameworks/QtCore.framework/Versions/4/Headers -I/opt/local/Library/Frameworks/QtNetwork.framework/Versions/4/Headers -I/opt/local/Library/Frameworks/QtGui.framework/Versions/4/Headers -I/opt/local/Library/Frameworks/QtXml.framework/Versions/4/Headers -I/opt/local/Library/Frameworks/QtSvg.framework/Versions/4/Headers -I/opt/local/Library/Frameworks/QtWebKit.framework/Versions/4/Headers -I/opt/local/include/qwt -I../../OMPlot/OMPlotGUI -I. -IAnnotations -IComponent -IGUI -IGUI/Containers -IGUI/Widgets -IGUI/Dialogs -IOMC -IUtil -I/opt/local/Library/Frameworks/QtWebKit.framework/Versions/4/Headers -I/opt/local/Library/Frameworks/QtSvg.framework/Versions/4/Headers -I/opt/local/Library/Frameworks/QtXml.framework/Versions/4/Headers -I/opt/local/Library/Frameworks/QtGui.framework/Versions/4/Headers -I/opt/local/Library/Frameworks/QtNetwork.framework/Versions/4/Headers -I/opt/local/Library/Frameworks/QtCore.framework/Versions/4/Headers -I/opt/local/include -F/opt/local/Library/Frameworks -F/opt/local/lib -o ComponentProperties.o GUI/Dialogs/ComponentProperties.cpp
:info:build libtool: compile:  /usr/bin/clang "-DPACKAGE_NAME=\"Modelica Standard Library Tables\"" -DPACKAGE_TARNAME=\"libmodelicastandardtables\" -DPACKAGE_VERSION=\"3.2.1\" "-DPACKAGE_STRING=\"Modelica Standard Library Tables 3.2.1\"" -DPACKAGE_BUGREPORT=\"https://trac.modelica.org/Modelica\" -DPACKAGE_URL=\"https://modelica.org\" -DPACKAGE=\"libmodelicastandardtables\" -DVERSION=\"3.2.1\" -DSTDC_HEADERS=1 -DHAVE_SYS_TYPES_H=1 -DHAVE_SYS_STAT_H=1 -DHAVE_STDLIB_H=1 -DHAVE_STRING_H=1 -DHAVE_MEMORY_H=1 -DHAVE_STRINGS_H=1 -DHAVE_INTTYPES_H=1 -DHAVE_STDINT_H=1 -DHAVE_UNISTD_H=1 -DHAVE_DLFCN_H=1 -DLT_OBJDIR=\".libs/\" -DHAVE_ZLIB_H=1 -I. -I/opt/local/include -DDUMMY_FUNCTION_USERTAB -DHAVE_ZLIB=1 -pipe -Os -arch x86_64 -O0 -g -MT zutil.lo -MD -MP -MF .deps/zutil.Tpo -c ../../C-Sources//zlib/zutil.c -o zutil.o
:info:build mv -f .deps/zutil.Tpo .deps/zutil.Plo
:info:build /bin/sh ./libtool  --tag=CC   --mode=link /usr/bin/clang  -pipe -Os -arch x86_64 -O0 -g   -o libModelicaExternalC.la -rpath /opt/local/var/macports/build/_opt_local_var_macports_sources_build.openmodelica.org_macports_lang_openmodelica-devel/openmodelica-devel/work/openmodelica_18002/build/lib/omc ModelicaInternal.lo ModelicaStrings.lo  -lz 
:info:build libtool: link: ar cru .libs/libModelicaExternalC.a  ModelicaInternal.o ModelicaStrings.o
:info:build libtool: link: ranlib .libs/libModelicaExternalC.a
:info:build libtool: link: ( cd ".libs" && rm -f "libModelicaExternalC.la" && ln -s "../libModelicaExternalC.la" "libModelicaExternalC.la" )
:info:build /bin/sh ./libtool  --tag=CC   --mode=link /usr/bin/clang  -pipe -Os -arch x86_64 -O0 -g   -o libModelicaStandardTables.la -rpath /opt/local/var/macports/build/_opt_local_var_macports_sources_build.openmodelica.org_macports_lang_openmodelica-devel/openmodelica-devel/work/openmodelica_18002/build/lib/omc ModelicaStandardTables.lo ModelicaMatIO.lo adler32.lo compress.lo crc32.lo deflate.lo gzclose.lo gzlib.lo gzread.lo gzwrite.lo infback.lo inffast.lo inflate.lo inftrees.lo trees.lo uncompr.lo zutil.lo  -lz 
:info:build /usr/bin/clang++ -c -pipe -Os  -O2  -Xarch_x86_64 -mmacosx-version-min=10.8 -w -DQT_NO_DEBUG -DQT_WEBKIT_LIB -DQT_SVG_LIB -DQT_XML_LIB -DQT_GUI_LIB -DQT_NETWORK_LIB -DQT_CORE_LIB -DQT_SHARED -I/opt/local/share/qt4/mkspecs/macx-g++ -I. -I../generatedfiles/moc -I/opt/local/Library/Frameworks/QtCore.framework/Versions/4/Headers -I/opt/local/Library/Frameworks/QtNetwork.framework/Versions/4/Headers -I/opt/local/Library/Frameworks/QtGui.framework/Versions/4/Headers -I/opt/local/Library/Frameworks/QtXml.framework/Versions/4/Headers -I/opt/local/Library/Frameworks/QtSvg.framework/Versions/4/Headers -I/opt/local/Library/Frameworks/QtWebKit.framework/Versions/4/Headers -I/opt/local/include/qwt -I../../OMPlot/OMPlotGUI -I. -IAnnotations -IComponent -IGUI -IGUI/Containers -IGUI/Widgets -IGUI/Dialogs -IOMC -IUtil -I/opt/local/Library/Frameworks/QtWebKit.framework/Versions/4/Headers -I/opt/local/Library/Frameworks/QtSvg.framework/Versions/4/Headers -I/opt/local/Library/Frameworks/QtXml.framework/Versions/4/Headers -I/opt/local/Library/Frameworks/QtGui.framework/Versions/4/Headers -I/opt/local/Library/Frameworks/QtNetwork.framework/Versions/4/Headers -I/opt/local/Library/Frameworks/QtCore.framework/Versions/4/Headers -I/opt/local/include -F/opt/local/Library/Frameworks -F/opt/local/lib -o Transformation.o Component/Transformation.cpp
:info:build /usr/bin/clang++ -c -pipe -Os  -O2  -Xarch_x86_64 -mmacosx-version-min=10.8 -w -DQT_NO_DEBUG -DQT_WEBKIT_LIB -DQT_SVG_LIB -DQT_XML_LIB -DQT_GUI_LIB -DQT_NETWORK_LIB -DQT_CORE_LIB -DQT_SHARED -I/opt/local/share/qt4/mkspecs/macx-g++ -I. -I../generatedfiles/moc -I/opt/local/Library/Frameworks/QtCore.framework/Versions/4/Headers -I/opt/local/Library/Frameworks/QtNetwork.framework/Versions/4/Headers -I/opt/local/Library/Frameworks/QtGui.framework/Versions/4/Headers -I/opt/local/Library/Frameworks/QtXml.framework/Versions/4/Headers -I/opt/local/Library/Frameworks/QtSvg.framework/Versions/4/Headers -I/opt/local/Library/Frameworks/QtWebKit.framework/Versions/4/Headers -I/opt/local/include/qwt -I../../OMPlot/OMPlotGUI -I. -IAnnotations -IComponent -IGUI -IGUI/Containers -IGUI/Widgets -IGUI/Dialogs -IOMC -IUtil -I/opt/local/Library/Frameworks/QtWebKit.framework/Versions/4/Headers -I/opt/local/Library/Frameworks/QtSvg.framework/Versions/4/Headers -I/opt/local/Library/Frameworks/QtXml.framework/Versions/4/Headers -I/opt/local/Library/Frameworks/QtGui.framework/Versions/4/Headers -I/opt/local/Library/Frameworks/QtNetwork.framework/Versions/4/Headers -I/opt/local/Library/Frameworks/QtCore.framework/Versions/4/Headers -I/opt/local/include -F/opt/local/Library/Frameworks -F/opt/local/lib -o DocumentationWidget.o GUI/Widgets/DocumentationWidget.cpp
:info:build libtool: link: ar cru .libs/libModelicaStandardTables.a  ModelicaStandardTables.o ModelicaMatIO.o adler32.o compress.o crc32.o deflate.o gzclose.o gzlib.o gzread.o gzwrite.o infback.o inffast.o inflate.o inftrees.o trees.o uncompr.o zutil.o
:info:build libtool: link: ranlib .libs/libModelicaStandardTables.a
:info:build libtool: link: ( cd ".libs" && rm -f "libModelicaStandardTables.la" && ln -s "../libModelicaStandardTables.la" "libModelicaStandardTables.la" )
:info:build make[3]: Leaving directory `/opt/local/var/macports/build/_opt_local_var_macports_sources_build.openmodelica.org_macports_lang_openmodelica-devel/openmodelica-devel/work/openmodelica_18002/libraries/Resources/BuildProjects/autotools'
:info:build /usr/bin/make -C "libraries/Resources//BuildProjects/autotools" install
:info:build make[3]: Entering directory `/opt/local/var/macports/build/_opt_local_var_macports_sources_build.openmodelica.org_macports_lang_openmodelica-devel/openmodelica-devel/work/openmodelica_18002/libraries/Resources/BuildProjects/autotools'
:info:build make[4]: Entering directory `/opt/local/var/macports/build/_opt_local_var_macports_sources_build.openmodelica.org_macports_lang_openmodelica-devel/openmodelica-devel/work/openmodelica_18002/libraries/Resources/BuildProjects/autotools'
:info:build make[4]: Nothing to be done for `install-data-am'.
:info:build  /opt/local/bin/gmkdir -p '/opt/local/var/macports/build/_opt_local_var_macports_sources_build.openmodelica.org_macports_lang_openmodelica-devel/openmodelica-devel/work/openmodelica_18002/build/lib/omc'
:info:build  /bin/sh ./libtool   --mode=install /opt/local/bin/ginstall -c   libModelicaExternalC.la libModelicaStandardTables.la '/opt/local/var/macports/build/_opt_local_var_macports_sources_build.openmodelica.org_macports_lang_openmodelica-devel/openmodelica-devel/work/openmodelica_18002/build/lib/omc'
:info:build libtool: install: /opt/local/bin/ginstall -c .libs/libModelicaExternalC.lai /opt/local/var/macports/build/_opt_local_var_macports_sources_build.openmodelica.org_macports_lang_openmodelica-devel/openmodelica-devel/work/openmodelica_18002/build/lib/omc/libModelicaExternalC.la
:info:build libtool: install: /opt/local/bin/ginstall -c .libs/libModelicaStandardTables.lai /opt/local/var/macports/build/_opt_local_var_macports_sources_build.openmodelica.org_macports_lang_openmodelica-devel/openmodelica-devel/work/openmodelica_18002/build/lib/omc/libModelicaStandardTables.la
:info:build libtool: install: /opt/local/bin/ginstall -c .libs/libModelicaExternalC.a /opt/local/var/macports/build/_opt_local_var_macports_sources_build.openmodelica.org_macports_lang_openmodelica-devel/openmodelica-devel/work/openmodelica_18002/build/lib/omc/libModelicaExternalC.a
:info:build libtool: install: chmod 644 /opt/local/var/macports/build/_opt_local_var_macports_sources_build.openmodelica.org_macports_lang_openmodelica-devel/openmodelica-devel/work/openmodelica_18002/build/lib/omc/libModelicaExternalC.a
:info:build libtool: install: ranlib /opt/local/var/macports/build/_opt_local_var_macports_sources_build.openmodelica.org_macports_lang_openmodelica-devel/openmodelica-devel/work/openmodelica_18002/build/lib/omc/libModelicaExternalC.a
:info:build libtool: install: /opt/local/bin/ginstall -c .libs/libModelicaStandardTables.a /opt/local/var/macports/build/_opt_local_var_macports_sources_build.openmodelica.org_macports_lang_openmodelica-devel/openmodelica-devel/work/openmodelica_18002/build/lib/omc/libModelicaStandardTables.a
:info:build libtool: install: chmod 644 /opt/local/var/macports/build/_opt_local_var_macports_sources_build.openmodelica.org_macports_lang_openmodelica-devel/openmodelica-devel/work/openmodelica_18002/build/lib/omc/libModelicaStandardTables.a
:info:build libtool: install: ranlib /opt/local/var/macports/build/_opt_local_var_macports_sources_build.openmodelica.org_macports_lang_openmodelica-devel/openmodelica-devel/work/openmodelica_18002/build/lib/omc/libModelicaStandardTables.a
:info:build make[4]: Leaving directory `/opt/local/var/macports/build/_opt_local_var_macports_sources_build.openmodelica.org_macports_lang_openmodelica-devel/openmodelica-devel/work/openmodelica_18002/libraries/Resources/BuildProjects/autotools'
:info:build make[3]: Leaving directory `/opt/local/var/macports/build/_opt_local_var_macports_sources_build.openmodelica.org_macports_lang_openmodelica-devel/openmodelica-devel/work/openmodelica_18002/libraries/Resources/BuildProjects/autotools'
:info:build touch libraries/msl-external-libs
:info:build /usr/bin/make -C SimulationRuntime/interactive -f Makefile
:info:build make[3]: Entering directory `/opt/local/var/macports/build/_opt_local_var_macports_sources_build.openmodelica.org_macports_lang_openmodelica-devel/openmodelica-devel/work/openmodelica_18002/SimulationRuntime/interactive'
:info:build /usr/bin/clang++ -pipe -Os -arch x86_64 -I.. -Wall -I../c/simulation/results/ -I../c/linearization -I../c/simulation/solver/ -I../c/util/ -I../c/ -I../c/simulation/ -I../c/math-support/   -c -o omi_Calculation.o omi_Calculation.cpp
:info:build omi_Calculation.cpp:147:13: warning: unused function 'printSSDCalculation' [-Wunused-function]
:info:build static void printSSDCalculation(long nStates, long nAlgebraic, long nParameters)
:info:build             ^
:info:build 1 warning generated.
:info:build /usr/bin/clang++ -pipe -Os -arch x86_64 -I.. -Wall -I../c/simulation/results/ -I../c/linearization -I../c/simulation/solver/ -I../c/util/ -I../c/ -I../c/simulation/ -I../c/math-support/   -c -o omi_Control.o omi_Control.cpp
:info:build omi_Control.cpp:849:13: warning: function 'parseState' is not needed and will not be emitted [-Wunneeded-internal-declaration]
:info:build static void parseState(SimStepData* p_SSD, string state)
:info:build             ^
:info:build omi_Control.cpp:865:13: warning: function 'parseAlgebraic' is not needed and will not be emitted [-Wunneeded-internal-declaration]
:info:build static void parseAlgebraic(SimStepData* p_SSD, string algebraic)
:info:build             ^
:info:build /usr/bin/clang++ -pipe -Os -arch x86_64 -I.. -Wall -I../c/simulation/results/ -I../c/linearization -I../c/simulation/solver/ -I../c/util/ -I../c/ -I../c/simulation/ -I../c/math-support/   -c -o omi_ResultManager.o omi_ResultManager.cpp
:info:build 2 warnings generated.
:info:build /usr/bin/clang++ -c -pipe -Os  -O2  -Xarch_x86_64 -mmacosx-version-min=10.8 -w -DQT_NO_DEBUG -DQT_WEBKIT_LIB -DQT_SVG_LIB -DQT_XML_LIB -DQT_GUI_LIB -DQT_NETWORK_LIB -DQT_CORE_LIB -DQT_SHARED -I/opt/local/share/qt4/mkspecs/macx-g++ -I. -I../generatedfiles/moc -I/opt/local/Library/Frameworks/QtCore.framework/Versions/4/Headers -I/opt/local/Library/Frameworks/QtNetwork.framework/Versions/4/Headers -I/opt/local/Library/Frameworks/QtGui.framework/Versions/4/Headers -I/opt/local/Library/Frameworks/QtXml.framework/Versions/4/Headers -I/opt/local/Library/Frameworks/QtSvg.framework/Versions/4/Headers -I/opt/local/Library/Frameworks/QtWebKit.framework/Versions/4/Headers -I/opt/local/include/qwt -I../../OMPlot/OMPlotGUI -I. -IAnnotations -IComponent -IGUI -IGUI/Containers -IGUI/Widgets -IGUI/Dialogs -IOMC -IUtil -I/opt/local/Library/Frameworks/QtWebKit.framework/Versions/4/Headers -I/opt/local/Library/Frameworks/QtSvg.framework/Versions/4/Headers -I/opt/local/Library/Frameworks/QtXml.framework/Versions/4/Headers -I/opt/local/Library/Frameworks/QtGui.framework/Versions/4/Headers -I/opt/local/Library/Frameworks/QtNetwork.framework/Versions/4/Headers -I/opt/local/Library/Frameworks/QtCore.framework/Versions/4/Headers -I/opt/local/include -F/opt/local/Library/Frameworks -F/opt/local/lib -o SimulationDialog.o GUI/Dialogs/SimulationDialog.cpp
:info:build /usr/bin/clang++ -pipe -Os -arch x86_64 -I.. -Wall -I../c/simulation/results/ -I../c/linearization -I../c/simulation/solver/ -I../c/util/ -I../c/ -I../c/simulation/ -I../c/math-support/   -c -o omi_ServiceInterface.o omi_ServiceInterface.cpp
:info:build /usr/bin/clang++ -pipe -Os -arch x86_64 -I.. -Wall -I../c/simulation/results/ -I../c/linearization -I../c/simulation/solver/ -I../c/util/ -I../c/ -I../c/simulation/ -I../c/math-support/   -c -o omi_Transfer.o omi_Transfer.cpp
:info:build In file included from omi_ServiceInterface.cpp:24:
:info:build ../c/simulation/solver/solver_main.h:98:22: warning: unused variable 'SOLVER_METHOD_NAME' [-Wunused-variable]
:info:build   static const char *SOLVER_METHOD_NAME[S_MAX] = {
:info:build                      ^
:info:build ../c/simulation/solver/solver_main.h:120:22: warning: unused variable 'SOLVER_METHOD_DESC' [-Wunused-variable]
:info:build   static const char *SOLVER_METHOD_DESC[S_MAX] = {
:info:build                      ^
:info:build 2 warnings generated.
:info:build /usr/bin/clang++ -c -pipe -Os  -O2  -Xarch_x86_64 -mmacosx-version-min=10.8 -w -DQT_NO_DEBUG -DQT_WEBKIT_LIB -DQT_SVG_LIB -DQT_XML_LIB -DQT_GUI_LIB -DQT_NETWORK_LIB -DQT_CORE_LIB -DQT_SHARED -I/opt/local/share/qt4/mkspecs/macx-g++ -I. -I../generatedfiles/moc -I/opt/local/Library/Frameworks/QtCore.framework/Versions/4/Headers -I/opt/local/Library/Frameworks/QtNetwork.framework/Versions/4/Headers -I/opt/local/Library/Frameworks/QtGui.framework/Versions/4/Headers -I/opt/local/Library/Frameworks/QtXml.framework/Versions/4/Headers -I/opt/local/Library/Frameworks/QtSvg.framework/Versions/4/Headers -I/opt/local/Library/Frameworks/QtWebKit.framework/Versions/4/Headers -I/opt/local/include/qwt -I../../OMPlot/OMPlotGUI -I. -IAnnotations -IComponent -IGUI -IGUI/Containers -IGUI/Widgets -IGUI/Dialogs -IOMC -IUtil -I/opt/local/Library/Frameworks/QtWebKit.framework/Versions/4/Headers -I/opt/local/Library/Frameworks/QtSvg.framework/Versions/4/Headers -I/opt/local/Library/Frameworks/QtXml.framework/Versions/4/Headers -I/opt/local/Library/Frameworks/QtGui.framework/Versions/4/Headers -I/opt/local/Library/Frameworks/QtNetwork.framework/Versions/4/Headers -I/opt/local/Library/Frameworks/QtCore.framework/Versions/4/Headers -I/opt/local/include -F/opt/local/Library/Frameworks -F/opt/local/lib -o ImportFMUDialog.o GUI/Dialogs/ImportFMUDialog.cpp
:info:build omi_Transfer.cpp:49:27: warning: unused variable 'client' [-Wunused-variable]
:info:build static struct sockaddr_in client;
:info:build                           ^
:info:build omi_Transfer.cpp:175:15: warning: unused function 'createResultMessageWithIndex' [-Wunused-function]
:info:build static string createResultMessageWithIndex(long nStates, long nAlgebraic, long nParameters)
:info:build               ^
:info:build omi_Transfer.cpp:286:12: warning: unused function 'printSSDTransfer' [-Wunused-function]
:info:build static int printSSDTransfer(long nStates, long nAlgebraic, long nParameters)
:info:build            ^
:info:build 3 warnings generated.
:info:build /usr/bin/clang++ -pipe -Os -arch x86_64 -I.. -Wall -I../c/simulation/results/ -I../c/linearization -I../c/simulation/solver/ -I../c/util/ -I../c/ -I../c/simulation/ -I../c/math-support/   -c -o socket.o socket.cpp
:info:build /usr/bin/clang++ -pipe -Os -arch x86_64 -I.. -Wall -I../c/simulation/results/ -I../c/linearization -I../c/simulation/solver/ -I../c/util/ -I../c/ -I../c/simulation/ -I../c/math-support/   -c -o thread.o thread.cpp
:info:build /usr/bin/clang++ -c -pipe -Os  -O2  -Xarch_x86_64 -mmacosx-version-min=10.8 -w -DQT_NO_DEBUG -DQT_WEBKIT_LIB -DQT_SVG_LIB -DQT_XML_LIB -DQT_GUI_LIB -DQT_NETWORK_LIB -DQT_CORE_LIB -DQT_SHARED -I/opt/local/share/qt4/mkspecs/macx-g++ -I. -I../generatedfiles/moc -I/opt/local/Library/Frameworks/QtCore.framework/Versions/4/Headers -I/opt/local/Library/Frameworks/QtNetwork.framework/Versions/4/Headers -I/opt/local/Library/Frameworks/QtGui.framework/Versions/4/Headers -I/opt/local/Library/Frameworks/QtXml.framework/Versions/4/Headers -I/opt/local/Library/Frameworks/QtSvg.framework/Versions/4/Headers -I/opt/local/Library/Frameworks/QtWebKit.framework/Versions/4/Headers -I/opt/local/include/qwt -I../../OMPlot/OMPlotGUI -I. -IAnnotations -IComponent -IGUI -IGUI/Containers -IGUI/Widgets -IGUI/Dialogs -IOMC -IUtil -I/opt/local/Library/Frameworks/QtWebKit.framework/Versions/4/Headers -I/opt/local/Library/Frameworks/QtSvg.framework/Versions/4/Headers -I/opt/local/Library/Frameworks/QtXml.framework/Versions/4/Headers -I/opt/local/Library/Frameworks/QtGui.framework/Versions/4/Headers -I/opt/local/Library/Frameworks/QtNetwork.framework/Versions/4/Headers -I/opt/local/Library/Frameworks/QtCore.framework/Versions/4/Headers -I/opt/local/include -F/opt/local/Library/Frameworks -F/opt/local/lib -o VariablesWidget.o GUI/Widgets/VariablesWidget.cpp
:info:build Building client for interactive simulation ... 
:info:build /usr/bin/clang++ -I.. -Wall -I../c/simulation/results/ -I../c/linearization -I../c/simulation/solver/ -I../c/util/ -I../c/ -I../c/simulation/ -I../c/math-support/  -pipe -Os -arch x86_64 -o SampleClient/interactiveclient.app client.cpp socket.cpp thread.cpp -L/opt/local/lib -Wl,-headerpad_max_install_names -arch x86_64 -lpthread 
:info:build ar -s -r libinteractive.a omi_Calculation.o omi_Control.o omi_ResultManager.o omi_ServiceInterface.o omi_Transfer.o socket.o thread.o
:info:build ar: creating archive libinteractive.a
:info:build make[3]: Leaving directory `/opt/local/var/macports/build/_opt_local_var_macports_sources_build.openmodelica.org_macports_lang_openmodelica-devel/openmodelica-devel/work/openmodelica_18002/SimulationRuntime/interactive'
:info:build # Depends on libinteractive.a
:info:build /usr/bin/make -C SimulationRuntime/c -f Makefile
:info:build make[3]: Entering directory `/opt/local/var/macports/build/_opt_local_var_macports_sources_build.openmodelica.org_macports_lang_openmodelica-devel/openmodelica-devel/work/openmodelica_18002/SimulationRuntime/c'
:info:build /usr/bin/clang -c -I. -I./util/ -I. -I./meta/ -I./meta/gc  -I../../3rdParty/gc-7.2/include -I../../3rdParty/FMIL/install/include/ -I../../3rdParty/lis-1.4.12/include/ -I/opt/local/include -DGC_REDIRECT_TO_LOCAL -pipe -Os -arch x86_64   -o meta/meta_modelica_builtin.o meta/meta_modelica_builtin.c -I./meta/ -I./util/
:info:build /usr/bin/clang -c -I. -I./util/ -I. -I./meta/ -I./meta/gc  -I../../3rdParty/gc-7.2/include -I../../3rdParty/FMIL/install/include/ -I../../3rdParty/lis-1.4.12/include/ -I/opt/local/include -DGC_REDIRECT_TO_LOCAL -pipe -Os -arch x86_64   -o meta/meta_modelica_string_lit.o meta/meta_modelica_string_lit.c -I./meta/ -I./util/
:info:build /usr/bin/clang -c -I. -I./util/ -I. -I./meta/ -I./meta/gc  -I../../3rdParty/gc-7.2/include -I../../3rdParty/FMIL/install/include/ -I../../3rdParty/lis-1.4.12/include/ -I/opt/local/include -DGC_REDIRECT_TO_LOCAL -pipe -Os -arch x86_64   -o meta/meta_modelica_segv.o meta/meta_modelica_segv.c -I./meta/ -I./util/
:info:build meta/meta_modelica_segv.c:130:15: warning: incompatible integer to pointer conversion assigning to 'void *' from 'unsigned long' [-Wint-conversion]
:info:build   stackBottom = ((long)stackBottom) - size;
:info:build               ^ ~~~~~~~~~~~~~~~~~~~~~~~~~~
:info:build 1 warning generated.
:info:build /usr/bin/clang -c -I. -I./util/ -I. -I./meta/ -I./meta/gc  -I../../3rdParty/gc-7.2/include -I../../3rdParty/FMIL/install/include/ -I../../3rdParty/lis-1.4.12/include/ -I/opt/local/include -DGC_REDIRECT_TO_LOCAL -pipe -Os -arch x86_64   -o meta/realString.o meta/realString.c -I./meta/ -I./util/
:info:build /usr/bin/clang -c -I. -I./util/ -I. -I./meta/ -I./meta/gc  -I../../3rdParty/gc-7.2/include -I../../3rdParty/FMIL/install/include/ -I../../3rdParty/lis-1.4.12/include/ -I/opt/local/include -DGC_REDIRECT_TO_LOCAL -pipe -Os -arch x86_64   -o meta/meta_modelica.o meta/meta_modelica.c -I./meta/ -I./util/
:info:build /usr/bin/clang++ -c -pipe -Os  -O2  -Xarch_x86_64 -mmacosx-version-min=10.8 -w -DQT_NO_DEBUG -DQT_WEBKIT_LIB -DQT_SVG_LIB -DQT_XML_LIB -DQT_GUI_LIB -DQT_NETWORK_LIB -DQT_CORE_LIB -DQT_SHARED -I/opt/local/share/qt4/mkspecs/macx-g++ -I. -I../generatedfiles/moc -I/opt/local/Library/Frameworks/QtCore.framework/Versions/4/Headers -I/opt/local/Library/Frameworks/QtNetwork.framework/Versions/4/Headers -I/opt/local/Library/Frameworks/QtGui.framework/Versions/4/Headers -I/opt/local/Library/Frameworks/QtXml.framework/Versions/4/Headers -I/opt/local/Library/Frameworks/QtSvg.framework/Versions/4/Headers -I/opt/local/Library/Frameworks/QtWebKit.framework/Versions/4/Headers -I/opt/local/include/qwt -I../../OMPlot/OMPlotGUI -I. -IAnnotations -IComponent -IGUI -IGUI/Containers -IGUI/Widgets -IGUI/Dialogs -IOMC -IUtil -I/opt/local/Library/Frameworks/QtWebKit.framework/Versions/4/Headers -I/opt/local/Library/Frameworks/QtSvg.framework/Versions/4/Headers -I/opt/local/Library/Frameworks/QtXml.framework/Versions/4/Headers -I/opt/local/Library/Frameworks/QtGui.framework/Versions/4/Headers -I/opt/local/Library/Frameworks/QtNetwork.framework/Versions/4/Headers -I/opt/local/Library/Frameworks/QtCore.framework/Versions/4/Headers -I/opt/local/include -F/opt/local/Library/Frameworks -F/opt/local/lib -o NotificationsDialog.o GUI/Dialogs/NotificationsDialog.cpp
:info:build /usr/bin/clang -c -I. -I./util/ -I. -I./meta/ -I./meta/gc  -I../../3rdParty/gc-7.2/include -I../../3rdParty/FMIL/install/include/ -I../../3rdParty/lis-1.4.12/include/ -I/opt/local/include -DGC_REDIRECT_TO_LOCAL -pipe -Os -arch x86_64   -o meta/meta_modelica_real.o meta/meta_modelica_real.c -I./meta/ -I./util/
:info:build /usr/bin/clang -c -I. -I./util/ -I. -I./meta/ -I./meta/gc  -I../../3rdParty/gc-7.2/include -I../../3rdParty/FMIL/install/include/ -I../../3rdParty/lis-1.4.12/include/ -I/opt/local/include -DGC_REDIRECT_TO_LOCAL -pipe -Os -arch x86_64   -o meta/gc/mmc_gc.o meta/gc/mmc_gc.c -I./meta/ -I./util/
:info:build /usr/bin/clang -c -I. -I./util/ -I. -I./meta/ -I./meta/gc  -I../../3rdParty/gc-7.2/include -I../../3rdParty/FMIL/install/include/ -I../../3rdParty/lis-1.4.12/include/ -I/opt/local/include -DGC_REDIRECT_TO_LOCAL -pipe -Os -arch x86_64   -o meta/gc/common.o meta/gc/common.c -I./meta/ -I./util/
:info:build /usr/bin/clang -c -I. -I./util/ -I. -I./meta/ -I./meta/gc  -I../../3rdParty/gc-7.2/include -I../../3rdParty/FMIL/install/include/ -I../../3rdParty/lis-1.4.12/include/ -I/opt/local/include -DGC_REDIRECT_TO_LOCAL -pipe -Os -arch x86_64   -o meta/gc/roots.o meta/gc/roots.c -I./meta/ -I./util/
:info:build /usr/bin/clang -c -I. -I./util/ -I. -I./meta/ -I./meta/gc  -I../../3rdParty/gc-7.2/include -I../../3rdParty/FMIL/install/include/ -I../../3rdParty/lis-1.4.12/include/ -I/opt/local/include -DGC_REDIRECT_TO_LOCAL -pipe -Os -arch x86_64   -o meta/gc/generational.o meta/gc/generational.c -I./meta/ -I./util/
:info:build /usr/bin/clang -c -I. -I./util/ -I. -I./meta/ -I./meta/gc  -I../../3rdParty/gc-7.2/include -I../../3rdParty/FMIL/install/include/ -I../../3rdParty/lis-1.4.12/include/ -I/opt/local/include -DGC_REDIRECT_TO_LOCAL -pipe -Os -arch x86_64   -o meta/gc/marksweep.o meta/gc/marksweep.c -I./meta/ -I./util/
:info:build meta/gc/marksweep.c:591:9: warning: 'LARGE_CONFIG' macro redefined
:info:build #define LARGE_CONFIG 1
:info:build         ^
:info:build ./meta/gc/mmc_gc.h:123:9: note: previous definition is here
:info:build #define LARGE_CONFIG
:info:build         ^
:info:build 1 warning generated.
:info:build /usr/bin/clang -c -I. -I./util/ -I. -I./meta/ -I./meta/gc  -I../../3rdParty/gc-7.2/include -I../../3rdParty/FMIL/install/include/ -I../../3rdParty/lis-1.4.12/include/ -I/opt/local/include -DGC_REDIRECT_TO_LOCAL -pipe -Os -arch x86_64   -o util/base_array.o util/base_array.c -I./util/ -I./meta/
:info:build /usr/bin/clang -c -I. -I./util/ -I. -I./meta/ -I./meta/gc  -I../../3rdParty/gc-7.2/include -I../../3rdParty/FMIL/install/include/ -I../../3rdParty/lis-1.4.12/include/ -I/opt/local/include -DGC_REDIRECT_TO_LOCAL -pipe -Os -arch x86_64   -o util/boolean_array.o util/boolean_array.c -I./util/ -I./meta/
:info:build /usr/bin/clang -c -I. -I./util/ -I. -I./meta/ -I./meta/gc  -I../../3rdParty/gc-7.2/include -I../../3rdParty/FMIL/install/include/ -I../../3rdParty/lis-1.4.12/include/ -I/opt/local/include -DGC_REDIRECT_TO_LOCAL -pipe -Os -arch x86_64   -o util/omc_error.o util/omc_error.c -I./util/ -I./meta/
:info:build /usr/bin/clang++ -c -pipe -Os  -O2  -Xarch_x86_64 -mmacosx-version-min=10.8 -w -DQT_NO_DEBUG -DQT_WEBKIT_LIB -DQT_SVG_LIB -DQT_XML_LIB -DQT_GUI_LIB -DQT_NETWORK_LIB -DQT_CORE_LIB -DQT_SHARED -I/opt/local/share/qt4/mkspecs/macx-g++ -I. -I../generatedfiles/moc -I/opt/local/Library/Frameworks/QtCore.framework/Versions/4/Headers -I/opt/local/Library/Frameworks/QtNetwork.framework/Versions/4/Headers -I/opt/local/Library/Frameworks/QtGui.framework/Versions/4/Headers -I/opt/local/Library/Frameworks/QtXml.framework/Versions/4/Headers -I/opt/local/Library/Frameworks/QtSvg.framework/Versions/4/Headers -I/opt/local/Library/Frameworks/QtWebKit.framework/Versions/4/Headers -I/opt/local/include/qwt -I../../OMPlot/OMPlotGUI -I. -IAnnotations -IComponent -IGUI -IGUI/Containers -IGUI/Widgets -IGUI/Dialogs -IOMC -IUtil -I/opt/local/Library/Frameworks/QtWebKit.framework/Versions/4/Headers -I/opt/local/Library/Frameworks/QtSvg.framework/Versions/4/Headers -I/opt/local/Library/Frameworks/QtXml.framework/Versions/4/Headers -I/opt/local/Library/Frameworks/QtGui.framework/Versions/4/Headers -I/opt/local/Library/Frameworks/QtNetwork.framework/Versions/4/Headers -I/opt/local/Library/Frameworks/QtCore.framework/Versions/4/Headers -I/opt/local/include -F/opt/local/Library/Frameworks -F/opt/local/lib -o ShapePropertiesDialog.o GUI/Dialogs/ShapePropertiesDialog.cpp
:info:build /usr/bin/clang -c -I. -I./util/ -I. -I./meta/ -I./meta/gc  -I../../3rdParty/gc-7.2/include -I../../3rdParty/FMIL/install/include/ -I../../3rdParty/lis-1.4.12/include/ -I/opt/local/include -DGC_REDIRECT_TO_LOCAL -pipe -Os -arch x86_64   -o util/division.o util/division.c -I./util/ -I./meta/
:info:build /usr/bin/clang -c -I. -I./util/ -I. -I./meta/ -I./meta/gc  -I../../3rdParty/gc-7.2/include -I../../3rdParty/FMIL/install/include/ -I../../3rdParty/lis-1.4.12/include/ -I/opt/local/include -DGC_REDIRECT_TO_LOCAL -pipe -Os -arch x86_64   -o util/generic_array.o util/generic_array.c -I./util/ -I./meta/
:info:build /usr/bin/clang -c -I. -I./util/ -I. -I./meta/ -I./meta/gc  -I../../3rdParty/gc-7.2/include -I../../3rdParty/FMIL/install/include/ -I../../3rdParty/lis-1.4.12/include/ -I/opt/local/include -DGC_REDIRECT_TO_LOCAL -pipe -Os -arch x86_64   -o util/index_spec.o util/index_spec.c -I./util/ -I./meta/
:info:build /usr/bin/clang -c -I. -I./util/ -I. -I./meta/ -I./meta/gc  -I../../3rdParty/gc-7.2/include -I../../3rdParty/FMIL/install/include/ -I../../3rdParty/lis-1.4.12/include/ -I/opt/local/include -DGC_REDIRECT_TO_LOCAL -pipe -Os -arch x86_64   -o util/integer_array.o util/integer_array.c -I./util/ -I./meta/
:info:build /usr/bin/clang -c -I. -I./util/ -I. -I./meta/ -I./meta/gc  -I../../3rdParty/gc-7.2/include -I../../3rdParty/FMIL/install/include/ -I../../3rdParty/lis-1.4.12/include/ -I/opt/local/include -DGC_REDIRECT_TO_LOCAL -pipe -Os -arch x86_64   -o util/java_interface.o util/java_interface.c -I./util/ -I./meta/
:info:build /usr/bin/clang -c -I. -I./util/ -I. -I./meta/ -I./meta/gc  -I../../3rdParty/gc-7.2/include -I../../3rdParty/FMIL/install/include/ -I../../3rdParty/lis-1.4.12/include/ -I/opt/local/include -DGC_REDIRECT_TO_LOCAL -pipe -Os -arch x86_64   -o util/list.o util/list.c -I./util/ -I./meta/
:info:build /usr/bin/clang -c -I. -I./util/ -I. -I./meta/ -I./meta/gc  -I../../3rdParty/gc-7.2/include -I../../3rdParty/FMIL/install/include/ -I../../3rdParty/lis-1.4.12/include/ -I/opt/local/include -DGC_REDIRECT_TO_LOCAL -pipe -Os -arch x86_64   -o util/memory_pool.o util/memory_pool.c -I./util/ -I./meta/
:info:build /usr/bin/clang++ -c -pipe -Os  -O2  -Xarch_x86_64 -mmacosx-version-min=10.8 -w -DQT_NO_DEBUG -DQT_WEBKIT_LIB -DQT_SVG_LIB -DQT_XML_LIB -DQT_GUI_LIB -DQT_NETWORK_LIB -DQT_CORE_LIB -DQT_SHARED -I/opt/local/share/qt4/mkspecs/macx-g++ -I. -I../generatedfiles/moc -I/opt/local/Library/Frameworks/QtCore.framework/Versions/4/Headers -I/opt/local/Library/Frameworks/QtNetwork.framework/Versions/4/Headers -I/opt/local/Library/Frameworks/QtGui.framework/Versions/4/Headers -I/opt/local/Library/Frameworks/QtXml.framework/Versions/4/Headers -I/opt/local/Library/Frameworks/QtSvg.framework/Versions/4/Headers -I/opt/local/Library/Frameworks/QtWebKit.framework/Versions/4/Headers -I/opt/local/include/qwt -I../../OMPlot/OMPlotGUI -I. -IAnnotations -IComponent -IGUI -IGUI/Containers -IGUI/Widgets -IGUI/Dialogs -IOMC -IUtil -I/opt/local/Library/Frameworks/QtWebKit.framework/Versions/4/Headers -I/opt/local/Library/Frameworks/QtSvg.framework/Versions/4/Headers -I/opt/local/Library/Frameworks/QtXml.framework/Versions/4/Headers -I/opt/local/Library/Frameworks/QtGui.framework/Versions/4/Headers -I/opt/local/Library/Frameworks/QtNetwork.framework/Versions/4/Headers -I/opt/local/Library/Frameworks/QtCore.framework/Versions/4/Headers -I/opt/local/include -F/opt/local/Library/Frameworks -F/opt/local/lib -o Utilities.o Util/Utilities.cpp
:info:build /usr/bin/clang -c -I. -I./util/ -I. -I./meta/ -I./meta/gc  -I../../3rdParty/gc-7.2/include -I../../3rdParty/FMIL/install/include/ -I../../3rdParty/lis-1.4.12/include/ -I/opt/local/include -DGC_REDIRECT_TO_LOCAL -pipe -Os -arch x86_64   -o util/modelica_string.o util/modelica_string.c -I./util/ -I./meta/
:info:build /usr/bin/clang -c -I. -I./util/ -I. -I./meta/ -I./meta/gc  -I../../3rdParty/gc-7.2/include -I../../3rdParty/FMIL/install/include/ -I../../3rdParty/lis-1.4.12/include/ -I/opt/local/include -DGC_REDIRECT_TO_LOCAL -pipe -Os -arch x86_64   -o util/read_write.o util/read_write.c -I./util/ -I./meta/
:info:build /usr/bin/clang -c -I. -I./util/ -I. -I./meta/ -I./meta/gc  -I../../3rdParty/gc-7.2/include -I../../3rdParty/FMIL/install/include/ -I../../3rdParty/lis-1.4.12/include/ -I/opt/local/include -DGC_REDIRECT_TO_LOCAL -pipe -Os -arch x86_64   -o util/read_matlab4.o util/read_matlab4.c -I./util/ -I./meta/
:info:build /usr/bin/clang -c -I. -I./util/ -I. -I./meta/ -I./meta/gc  -I../../3rdParty/gc-7.2/include -I../../3rdParty/FMIL/install/include/ -I../../3rdParty/lis-1.4.12/include/ -I/opt/local/include -DGC_REDIRECT_TO_LOCAL -pipe -Os -arch x86_64   -o util/real_array.o util/real_array.c -I./util/ -I./meta/
:info:build /usr/bin/clang -c -I. -I./util/ -I. -I./meta/ -I./meta/gc  -I../../3rdParty/gc-7.2/include -I../../3rdParty/FMIL/install/include/ -I../../3rdParty/lis-1.4.12/include/ -I/opt/local/include -DGC_REDIRECT_TO_LOCAL -pipe -Os -arch x86_64   -o util/ringbuffer.o util/ringbuffer.c -I./util/ -I./meta/
:info:build /opt/local/bin/moc -DQT_NO_DEBUG -DQT_WEBKIT_LIB -DQT_SVG_LIB -DQT_XML_LIB -DQT_GUI_LIB -DQT_NETWORK_LIB -DQT_CORE_LIB -DQT_SHARED -I/opt/local/share/qt4/mkspecs/macx-g++ -I. -I../generatedfiles/moc -I/opt/local/Library/Frameworks/QtCore.framework/Versions/4/Headers -I/opt/local/Library/Frameworks/QtNetwork.framework/Versions/4/Headers -I/opt/local/Library/Frameworks/QtGui.framework/Versions/4/Headers -I/opt/local/Library/Frameworks/QtXml.framework/Versions/4/Headers -I/opt/local/Library/Frameworks/QtSvg.framework/Versions/4/Headers -I/opt/local/Library/Frameworks/QtWebKit.framework/Versions/4/Headers -I/opt/local/include/qwt -I../../OMPlot/OMPlotGUI -I. -IAnnotations -IComponent -IGUI -IGUI/Containers -IGUI/Widgets -IGUI/Dialogs -IOMC -IUtil -I/opt/local/Library/Frameworks/QtWebKit.framework/Versions/4/Headers -I/opt/local/Library/Frameworks/QtSvg.framework/Versions/4/Headers -I/opt/local/Library/Frameworks/QtXml.framework/Versions/4/Headers -I/opt/local/Library/Frameworks/QtGui.framework/Versions/4/Headers -I/opt/local/Library/Frameworks/QtNetwork.framework/Versions/4/Headers -I/opt/local/Library/Frameworks/QtCore.framework/Versions/4/Headers -I/opt/local/include -F/opt/local/Library/Frameworks -F/opt/local/lib -D__APPLE__ -D__GNUC__ Util/Helper.h -o ../generatedfiles/moc/moc_Helper.cpp
:info:build /usr/bin/clang -c -I. -I./util/ -I. -I./meta/ -I./meta/gc  -I../../3rdParty/gc-7.2/include -I../../3rdParty/FMIL/install/include/ -I../../3rdParty/lis-1.4.12/include/ -I/opt/local/include -DGC_REDIRECT_TO_LOCAL -pipe -Os -arch x86_64   -o util/rtclock.o util/rtclock.c -I./util/ -I./meta/
:info:build /opt/local/bin/moc -DQT_NO_DEBUG -DQT_WEBKIT_LIB -DQT_SVG_LIB -DQT_XML_LIB -DQT_GUI_LIB -DQT_NETWORK_LIB -DQT_CORE_LIB -DQT_SHARED -I/opt/local/share/qt4/mkspecs/macx-g++ -I. -I../generatedfiles/moc -I/opt/local/Library/Frameworks/QtCore.framework/Versions/4/Headers -I/opt/local/Library/Frameworks/QtNetwork.framework/Versions/4/Headers -I/opt/local/Library/Frameworks/QtGui.framework/Versions/4/Headers -I/opt/local/Library/Frameworks/QtXml.framework/Versions/4/Headers -I/opt/local/Library/Frameworks/QtSvg.framework/Versions/4/Headers -I/opt/local/Library/Frameworks/QtWebKit.framework/Versions/4/Headers -I/opt/local/include/qwt -I../../OMPlot/OMPlotGUI -I. -IAnnotations -IComponent -IGUI -IGUI/Containers -IGUI/Widgets -IGUI/Dialogs -IOMC -IUtil -I/opt/local/Library/Frameworks/QtWebKit.framework/Versions/4/Headers -I/opt/local/Library/Frameworks/QtSvg.framework/Versions/4/Headers -I/opt/local/Library/Frameworks/QtXml.framework/Versions/4/Headers -I/opt/local/Library/Frameworks/QtGui.framework/Versions/4/Headers -I/opt/local/Library/Frameworks/QtNetwork.framework/Versions/4/Headers -I/opt/local/Library/Frameworks/QtCore.framework/Versions/4/Headers -I/opt/local/include -F/opt/local/Library/Frameworks -F/opt/local/lib -D__APPLE__ -D__GNUC__ GUI/MainWindow.h -o ../generatedfiles/moc/moc_MainWindow.cpp
:info:build /usr/bin/clang -c -I. -I./util/ -I. -I./meta/ -I./meta/gc  -I../../3rdParty/gc-7.2/include -I../../3rdParty/FMIL/install/include/ -I../../3rdParty/lis-1.4.12/include/ -I/opt/local/include -DGC_REDIRECT_TO_LOCAL -pipe -Os -arch x86_64   -o util/string_array.o util/string_array.c -I./util/ -I./meta/
:info:build /usr/bin/clang -c -I. -I./util/ -I. -I./meta/ -I./meta/gc  -I../../3rdParty/gc-7.2/include -I../../3rdParty/FMIL/install/include/ -I../../3rdParty/lis-1.4.12/include/ -I/opt/local/include -DGC_REDIRECT_TO_LOCAL -pipe -Os -arch x86_64   -o util/utility.o util/utility.c -I./util/ -I./meta/
:info:build /usr/bin/clang -c -I. -I./util/ -I. -I./meta/ -I./meta/gc  -I../../3rdParty/gc-7.2/include -I../../3rdParty/FMIL/install/include/ -I../../3rdParty/lis-1.4.12/include/ -I/opt/local/include -DGC_REDIRECT_TO_LOCAL -pipe -Os -arch x86_64   -o util/varinfo.o util/varinfo.c -I./util/ -I./meta/
:info:build /usr/bin/clang -c -I. -I./util/ -I. -I./meta/ -I./meta/gc  -I../../3rdParty/gc-7.2/include -I../../3rdParty/FMIL/install/include/ -I../../3rdParty/lis-1.4.12/include/ -I/opt/local/include -DGC_REDIRECT_TO_LOCAL -pipe -Os -arch x86_64   -o util/ModelicaUtilities.o util/ModelicaUtilities.c -I./util/ -I./meta/
:info:build /usr/bin/clang -c -I. -I./util/ -I. -I./meta/ -I./meta/gc  -I../../3rdParty/gc-7.2/include -I../../3rdParty/FMIL/install/include/ -I../../3rdParty/lis-1.4.12/include/ -I/opt/local/include -DGC_REDIRECT_TO_LOCAL -pipe -Os -arch x86_64   -o util/omc_msvc.o util/omc_msvc.c -I./util/ -I./meta/
:info:build /usr/bin/clang -c -I. -I./util/ -I. -I./meta/ -I./meta/gc  -I../../3rdParty/gc-7.2/include -I../../3rdParty/FMIL/install/include/ -I../../3rdParty/lis-1.4.12/include/ -I/opt/local/include -DGC_REDIRECT_TO_LOCAL -pipe -Os -arch x86_64   -o util/simulation_options.o util/simulation_options.c -I./util/ -I./meta/
:info:build /usr/bin/clang -c -I. -I./util/ -I. -I./meta/ -I./meta/gc  -I../../3rdParty/gc-7.2/include -I../../3rdParty/FMIL/install/include/ -I../../3rdParty/lis-1.4.12/include/ -I/opt/local/include -DGC_REDIRECT_TO_LOCAL -pipe -Os -arch x86_64   -o util/tinymt64.o util/tinymt64.c -I./util/ -I./meta/
:info:build /usr/bin/clang -c -I. -I./util/ -I. -I./meta/ -I./meta/gc  -I../../3rdParty/gc-7.2/include -I../../3rdParty/FMIL/install/include/ -I../../3rdParty/lis-1.4.12/include/ -I/opt/local/include -DGC_REDIRECT_TO_LOCAL -pipe -Os -arch x86_64   -o util/OldModelicaTables.o util/OldModelicaTables.c -I./util/ -I./meta/
:info:build /opt/local/bin/moc -DQT_NO_DEBUG -DQT_WEBKIT_LIB -DQT_SVG_LIB -DQT_XML_LIB -DQT_GUI_LIB -DQT_NETWORK_LIB -DQT_CORE_LIB -DQT_SHARED -I/opt/local/share/qt4/mkspecs/macx-g++ -I. -I../generatedfiles/moc -I/opt/local/Library/Frameworks/QtCore.framework/Versions/4/Headers -I/opt/local/Library/Frameworks/QtNetwork.framework/Versions/4/Headers -I/opt/local/Library/Frameworks/QtGui.framework/Versions/4/Headers -I/opt/local/Library/Frameworks/QtXml.framework/Versions/4/Headers -I/opt/local/Library/Frameworks/QtSvg.framework/Versions/4/Headers -I/opt/local/Library/Frameworks/QtWebKit.framework/Versions/4/Headers -I/opt/local/include/qwt -I../../OMPlot/OMPlotGUI -I. -IAnnotations -IComponent -IGUI -IGUI/Containers -IGUI/Widgets -IGUI/Dialogs -IOMC -IUtil -I/opt/local/Library/Frameworks/QtWebKit.framework/Versions/4/Headers -I/opt/local/Library/Frameworks/QtSvg.framework/Versions/4/Headers -I/opt/local/Library/Frameworks/QtXml.framework/Versions/4/Headers -I/opt/local/Library/Frameworks/QtGui.framework/Versions/4/Headers -I/opt/local/Library/Frameworks/QtNetwork.framework/Versions/4/Headers -I/opt/local/Library/Frameworks/QtCore.framework/Versions/4/Headers -I/opt/local/include -F/opt/local/Library/Frameworks -F/opt/local/lib -D__APPLE__ -D__GNUC__ OMC/OMCProxy.h -o ../generatedfiles/moc/moc_OMCProxy.cpp
:info:build /usr/bin/clang -c -I. -I./util/ -I. -I./meta/ -I./meta/gc  -I../../3rdParty/gc-7.2/include -I../../3rdParty/FMIL/install/include/ -I../../3rdParty/lis-1.4.12/include/ -I/opt/local/include -DGC_REDIRECT_TO_LOCAL -pipe -Os -arch x86_64    -o math-support/bigden.o math-support/bigden.c -I./math-support/ -I./util/
:info:build /usr/bin/clang -c -I. -I./util/ -I. -I./meta/ -I./meta/gc  -I../../3rdParty/gc-7.2/include -I../../3rdParty/FMIL/install/include/ -I../../3rdParty/lis-1.4.12/include/ -I/opt/local/include -DGC_REDIRECT_TO_LOCAL -pipe -Os -arch x86_64    -o math-support/biglag.o math-support/biglag.c -I./math-support/ -I./util/
:info:build /usr/bin/clang -c -I. -I./util/ -I. -I./meta/ -I./meta/gc  -I../../3rdParty/gc-7.2/include -I../../3rdParty/FMIL/install/include/ -I../../3rdParty/lis-1.4.12/include/ -I/opt/local/include -DGC_REDIRECT_TO_LOCAL -pipe -Os -arch x86_64    -o math-support/daux.o math-support/daux.c -I./math-support/ -I./util/
:info:build /usr/bin/clang -c -I. -I./util/ -I. -I./meta/ -I./meta/gc  -I../../3rdParty/gc-7.2/include -I../../3rdParty/FMIL/install/include/ -I../../3rdParty/lis-1.4.12/include/ -I/opt/local/include -DGC_REDIRECT_TO_LOCAL -pipe -Os -arch x86_64    -o math-support/ddasrt.o math-support/ddasrt.c -I./math-support/ -I./util/
:info:build /opt/local/bin/moc -DQT_NO_DEBUG -DQT_WEBKIT_LIB -DQT_SVG_LIB -DQT_XML_LIB -DQT_GUI_LIB -DQT_NETWORK_LIB -DQT_CORE_LIB -DQT_SHARED -I/opt/local/share/qt4/mkspecs/macx-g++ -I. -I../generatedfiles/moc -I/opt/local/Library/Frameworks/QtCore.framework/Versions/4/Headers -I/opt/local/Library/Frameworks/QtNetwork.framework/Versions/4/Headers -I/opt/local/Library/Frameworks/QtGui.framework/Versions/4/Headers -I/opt/local/Library/Frameworks/QtXml.framework/Versions/4/Headers -I/opt/local/Library/Frameworks/QtSvg.framework/Versions/4/Headers -I/opt/local/Library/Frameworks/QtWebKit.framework/Versions/4/Headers -I/opt/local/include/qwt -I../../OMPlot/OMPlotGUI -I. -IAnnotations -IComponent -IGUI -IGUI/Containers -IGUI/Widgets -IGUI/Dialogs -IOMC -IUtil -I/opt/local/Library/Frameworks/QtWebKit.framework/Versions/4/Headers -I/opt/local/Library/Frameworks/QtSvg.framework/Versions/4/Headers -I/opt/local/Library/Frameworks/QtXml.framework/Versions/4/Headers -I/opt/local/Library/Frameworks/QtGui.framework/Versions/4/Headers -I/opt/local/Library/Frameworks/QtNetwork.framework/Versions/4/Headers -I/opt/local/Library/Frameworks/QtCore.framework/Versions/4/Headers -I/opt/local/include -F/opt/local/Library/Frameworks -F/opt/local/lib -D__APPLE__ -D__GNUC__ Util/StringHandler.h -o ../generatedfiles/moc/moc_StringHandler.cpp
:info:build /usr/bin/clang -c -I. -I./util/ -I. -I./meta/ -I./meta/gc  -I../../3rdParty/gc-7.2/include -I../../3rdParty/FMIL/install/include/ -I../../3rdParty/lis-1.4.12/include/ -I/opt/local/include -DGC_REDIRECT_TO_LOCAL -pipe -Os -arch x86_64    -o math-support/ddassl.o math-support/ddassl.c -I./math-support/ -I./util/
:info:build /usr/bin/clang -c -I. -I./util/ -I. -I./meta/ -I./meta/gc  -I../../3rdParty/gc-7.2/include -I../../3rdParty/FMIL/install/include/ -I../../3rdParty/lis-1.4.12/include/ -I/opt/local/include -DGC_REDIRECT_TO_LOCAL -pipe -Os -arch x86_64    -o math-support/dlamch.o math-support/dlamch.c -I./math-support/ -I./util/
:info:build /opt/local/bin/moc -DQT_NO_DEBUG -DQT_WEBKIT_LIB -DQT_SVG_LIB -DQT_XML_LIB -DQT_GUI_LIB -DQT_NETWORK_LIB -DQT_CORE_LIB -DQT_SHARED -I/opt/local/share/qt4/mkspecs/macx-g++ -I. -I../generatedfiles/moc -I/opt/local/Library/Frameworks/QtCore.framework/Versions/4/Headers -I/opt/local/Library/Frameworks/QtNetwork.framework/Versions/4/Headers -I/opt/local/Library/Frameworks/QtGui.framework/Versions/4/Headers -I/opt/local/Library/Frameworks/QtXml.framework/Versions/4/Headers -I/opt/local/Library/Frameworks/QtSvg.framework/Versions/4/Headers -I/opt/local/Library/Frameworks/QtWebKit.framework/Versions/4/Headers -I/opt/local/include/qwt -I../../OMPlot/OMPlotGUI -I. -IAnnotations -IComponent -IGUI -IGUI/Containers -IGUI/Widgets -IGUI/Dialogs -IOMC -IUtil -I/opt/local/Library/Frameworks/QtWebKit.framework/Versions/4/Headers -I/opt/local/Library/Frameworks/QtSvg.framework/Versions/4/Headers -I/opt/local/Library/Frameworks/QtXml.framework/Versions/4/Headers -I/opt/local/Library/Frameworks/QtGui.framework/Versions/4/Headers -I/opt/local/Library/Frameworks/QtNetwork.framework/Versions/4/Headers -I/opt/local/Library/Frameworks/QtCore.framework/Versions/4/Headers -I/opt/local/include -F/opt/local/Library/Frameworks -F/opt/local/lib -D__APPLE__ -D__GNUC__ GUI/Widgets/MessagesWidget.h -o ../generatedfiles/moc/moc_MessagesWidget.cpp
:info:build /usr/bin/clang -c -I. -I./util/ -I. -I./meta/ -I./meta/gc  -I../../3rdParty/gc-7.2/include -I../../3rdParty/FMIL/install/include/ -I../../3rdParty/lis-1.4.12/include/ -I/opt/local/include -DGC_REDIRECT_TO_LOCAL -pipe -Os -arch x86_64    -o math-support/dlinpk.o math-support/dlinpk.c -I./math-support/ -I./util/
:info:build /usr/bin/clang -c -I. -I./util/ -I. -I./meta/ -I./meta/gc  -I../../3rdParty/gc-7.2/include -I../../3rdParty/FMIL/install/include/ -I../../3rdParty/lis-1.4.12/include/ -I/opt/local/include -DGC_REDIRECT_TO_LOCAL -pipe -Os -arch x86_64    -o math-support/dogleg.o math-support/dogleg.c -I./math-support/ -I./util/
:info:build /opt/local/bin/moc -DQT_NO_DEBUG -DQT_WEBKIT_LIB -DQT_SVG_LIB -DQT_XML_LIB -DQT_GUI_LIB -DQT_NETWORK_LIB -DQT_CORE_LIB -DQT_SHARED -I/opt/local/share/qt4/mkspecs/macx-g++ -I. -I../generatedfiles/moc -I/opt/local/Library/Frameworks/QtCore.framework/Versions/4/Headers -I/opt/local/Library/Frameworks/QtNetwork.framework/Versions/4/Headers -I/opt/local/Library/Frameworks/QtGui.framework/Versions/4/Headers -I/opt/local/Library/Frameworks/QtXml.framework/Versions/4/Headers -I/opt/local/Library/Frameworks/QtSvg.framework/Versions/4/Headers -I/opt/local/Library/Frameworks/QtWebKit.framework/Versions/4/Headers -I/opt/local/include/qwt -I../../OMPlot/OMPlotGUI -I. -IAnnotations -IComponent -IGUI -IGUI/Containers -IGUI/Widgets -IGUI/Dialogs -IOMC -IUtil -I/opt/local/Library/Frameworks/QtWebKit.framework/Versions/4/Headers -I/opt/local/Library/Frameworks/QtSvg.framework/Versions/4/Headers -I/opt/local/Library/Frameworks/QtXml.framework/Versions/4/Headers -I/opt/local/Library/Frameworks/QtGui.framework/Versions/4/Headers -I/opt/local/Library/Frameworks/QtNetwork.framework/Versions/4/Headers -I/opt/local/Library/Frameworks/QtCore.framework/Versions/4/Headers -I/opt/local/include -F/opt/local/Library/Frameworks -F/opt/local/lib -D__APPLE__ -D__GNUC__ GUI/Widgets/LibraryTreeWidget.h -o ../generatedfiles/moc/moc_LibraryTreeWidget.cpp
:info:build /usr/bin/clang -c -I. -I./util/ -I. -I./meta/ -I./meta/gc  -I../../3rdParty/gc-7.2/include -I../../3rdParty/FMIL/install/include/ -I../../3rdParty/lis-1.4.12/include/ -I/opt/local/include -DGC_REDIRECT_TO_LOCAL -pipe -Os -arch x86_64    -o math-support/dpmpar.o math-support/dpmpar.c -I./math-support/ -I./util/
:info:build /opt/local/bin/moc -DQT_NO_DEBUG -DQT_WEBKIT_LIB -DQT_SVG_LIB -DQT_XML_LIB -DQT_GUI_LIB -DQT_NETWORK_LIB -DQT_CORE_LIB -DQT_SHARED -I/opt/local/share/qt4/mkspecs/macx-g++ -I. -I../generatedfiles/moc -I/opt/local/Library/Frameworks/QtCore.framework/Versions/4/Headers -I/opt/local/Library/Frameworks/QtNetwork.framework/Versions/4/Headers -I/opt/local/Library/Frameworks/QtGui.framework/Versions/4/Headers -I/opt/local/Library/Frameworks/QtXml.framework/Versions/4/Headers -I/opt/local/Library/Frameworks/QtSvg.framework/Versions/4/Headers -I/opt/local/Library/Frameworks/QtWebKit.framework/Versions/4/Headers -I/opt/local/include/qwt -I../../OMPlot/OMPlotGUI -I. -IAnnotations -IComponent -IGUI -IGUI/Containers -IGUI/Widgets -IGUI/Dialogs -IOMC -IUtil -I/opt/local/Library/Frameworks/QtWebKit.framework/Versions/4/Headers -I/opt/local/Library/Frameworks/QtSvg.framework/Versions/4/Headers -I/opt/local/Library/Frameworks/QtXml.framework/Versions/4/Headers -I/opt/local/Library/Frameworks/QtGui.framework/Versions/4/Headers -I/opt/local/Library/Frameworks/QtNetwork.framework/Versions/4/Headers -I/opt/local/Library/Frameworks/QtCore.framework/Versions/4/Headers -I/opt/local/include -F/opt/local/Library/Frameworks -F/opt/local/lib -D__APPLE__ -D__GNUC__ GUI/Containers/ModelWidgetContainer.h -o ../generatedfiles/moc/moc_ModelWidgetContainer.cpp
:info:build /usr/bin/clang -c -I. -I./util/ -I. -I./meta/ -I./meta/gc  -I../../3rdParty/gc-7.2/include -I../../3rdParty/FMIL/install/include/ -I../../3rdParty/lis-1.4.12/include/ -I/opt/local/include -DGC_REDIRECT_TO_LOCAL -pipe -Os -arch x86_64    -o math-support/enorm.o math-support/enorm.c -I./math-support/ -I./util/
:info:build /usr/bin/clang -c -I. -I./util/ -I. -I./meta/ -I./meta/gc  -I../../3rdParty/gc-7.2/include -I../../3rdParty/FMIL/install/include/ -I../../3rdParty/lis-1.4.12/include/ -I/opt/local/include -DGC_REDIRECT_TO_LOCAL -pipe -Os -arch x86_64    -o math-support/fdjac1.o math-support/fdjac1.c -I./math-support/ -I./util/
:info:build /usr/bin/clang -c -I. -I./util/ -I. -I./meta/ -I./meta/gc  -I../../3rdParty/gc-7.2/include -I../../3rdParty/FMIL/install/include/ -I../../3rdParty/lis-1.4.12/include/ -I/opt/local/include -DGC_REDIRECT_TO_LOCAL -pipe -Os -arch x86_64    -o math-support/hybrd.o math-support/hybrd.c -I./math-support/ -I./util/
:info:build /usr/bin/clang -c -I. -I./util/ -I. -I./meta/ -I./meta/gc  -I../../3rdParty/gc-7.2/include -I../../3rdParty/FMIL/install/include/ -I../../3rdParty/lis-1.4.12/include/ -I/opt/local/include -DGC_REDIRECT_TO_LOCAL -pipe -Os -arch x86_64    -o math-support/hybrd1.o math-support/hybrd1.c -I./math-support/ -I./util/
:info:build /usr/bin/clang -c -I. -I./util/ -I. -I./meta/ -I./meta/gc  -I../../3rdParty/gc-7.2/include -I../../3rdParty/FMIL/install/include/ -I../../3rdParty/lis-1.4.12/include/ -I/opt/local/include -DGC_REDIRECT_TO_LOCAL -pipe -Os -arch x86_64    -o math-support/hybrj.o math-support/hybrj.c -I./math-support/ -I./util/
:info:build /opt/local/bin/moc -DQT_NO_DEBUG -DQT_WEBKIT_LIB -DQT_SVG_LIB -DQT_XML_LIB -DQT_GUI_LIB -DQT_NETWORK_LIB -DQT_CORE_LIB -DQT_SHARED -I/opt/local/share/qt4/mkspecs/macx-g++ -I. -I../generatedfiles/moc -I/opt/local/Library/Frameworks/QtCore.framework/Versions/4/Headers -I/opt/local/Library/Frameworks/QtNetwork.framework/Versions/4/Headers -I/opt/local/Library/Frameworks/QtGui.framework/Versions/4/Headers -I/opt/local/Library/Frameworks/QtXml.framework/Versions/4/Headers -I/opt/local/Library/Frameworks/QtSvg.framework/Versions/4/Headers -I/opt/local/Library/Frameworks/QtWebKit.framework/Versions/4/Headers -I/opt/local/include/qwt -I../../OMPlot/OMPlotGUI -I. -IAnnotations -IComponent -IGUI -IGUI/Containers -IGUI/Widgets -IGUI/Dialogs -IOMC -IUtil -I/opt/local/Library/Frameworks/QtWebKit.framework/Versions/4/Headers -I/opt/local/Library/Frameworks/QtSvg.framework/Versions/4/Headers -I/opt/local/Library/Frameworks/QtXml.framework/Versions/4/Headers -I/opt/local/Library/Frameworks/QtGui.framework/Versions/4/Headers -I/opt/local/Library/Frameworks/QtNetwork.framework/Versions/4/Headers -I/opt/local/Library/Frameworks/QtCore.framework/Versions/4/Headers -I/opt/local/include -F/opt/local/Library/Frameworks -F/opt/local/lib -D__APPLE__ -D__GNUC__ GUI/Dialogs/ModelicaClassDialog.h -o ../generatedfiles/moc/moc_ModelicaClassDialog.cpp
:info:build /usr/bin/clang -c -I. -I./util/ -I. -I./meta/ -I./meta/gc  -I../../3rdParty/gc-7.2/include -I../../3rdParty/FMIL/install/include/ -I../../3rdParty/lis-1.4.12/include/ -I/opt/local/include -DGC_REDIRECT_TO_LOCAL -pipe -Os -arch x86_64    -o math-support/lsame.o math-support/lsame.c -I./math-support/ -I./util/
:info:build /usr/bin/clang -c -I. -I./util/ -I. -I./meta/ -I./meta/gc  -I../../3rdParty/gc-7.2/include -I../../3rdParty/FMIL/install/include/ -I../../3rdParty/lis-1.4.12/include/ -I/opt/local/include -DGC_REDIRECT_TO_LOCAL -pipe -Os -arch x86_64    -o math-support/nelmead.o math-support/nelmead.c -I./math-support/ -I./util/
:info:build /opt/local/bin/moc -DQT_NO_DEBUG -DQT_WEBKIT_LIB -DQT_SVG_LIB -DQT_XML_LIB -DQT_GUI_LIB -DQT_NETWORK_LIB -DQT_CORE_LIB -DQT_SHARED -I/opt/local/share/qt4/mkspecs/macx-g++ -I. -I../generatedfiles/moc -I/opt/local/Library/Frameworks/QtCore.framework/Versions/4/Headers -I/opt/local/Library/Frameworks/QtNetwork.framework/Versions/4/Headers -I/opt/local/Library/Frameworks/QtGui.framework/Versions/4/Headers -I/opt/local/Library/Frameworks/QtXml.framework/Versions/4/Headers -I/opt/local/Library/Frameworks/QtSvg.framework/Versions/4/Headers -I/opt/local/Library/Frameworks/QtWebKit.framework/Versions/4/Headers -I/opt/local/include/qwt -I../../OMPlot/OMPlotGUI -I. -IAnnotations -IComponent -IGUI -IGUI/Containers -IGUI/Widgets -IGUI/Dialogs -IOMC -IUtil -I/opt/local/Library/Frameworks/QtWebKit.framework/Versions/4/Headers -I/opt/local/Library/Frameworks/QtSvg.framework/Versions/4/Headers -I/opt/local/Library/Frameworks/QtXml.framework/Versions/4/Headers -I/opt/local/Library/Frameworks/QtGui.framework/Versions/4/Headers -I/opt/local/Library/Frameworks/QtNetwork.framework/Versions/4/Headers -I/opt/local/Library/Frameworks/QtCore.framework/Versions/4/Headers -I/opt/local/include -F/opt/local/Library/Frameworks -F/opt/local/lib -D__APPLE__ -D__GNUC__ GUI/Dialogs/OptionsDialog.h -o ../generatedfiles/moc/moc_OptionsDialog.cpp
:info:build /opt/local/bin/moc -DQT_NO_DEBUG -DQT_WEBKIT_LIB -DQT_SVG_LIB -DQT_XML_LIB -DQT_GUI_LIB -DQT_NETWORK_LIB -DQT_CORE_LIB -DQT_SHARED -I/opt/local/share/qt4/mkspecs/macx-g++ -I. -I../generatedfiles/moc -I/opt/local/Library/Frameworks/QtCore.framework/Versions/4/Headers -I/opt/local/Library/Frameworks/QtNetwork.framework/Versions/4/Headers -I/opt/local/Library/Frameworks/QtGui.framework/Versions/4/Headers -I/opt/local/Library/Frameworks/QtXml.framework/Versions/4/Headers -I/opt/local/Library/Frameworks/QtSvg.framework/Versions/4/Headers -I/opt/local/Library/Frameworks/QtWebKit.framework/Versions/4/Headers -I/opt/local/include/qwt -I../../OMPlot/OMPlotGUI -I. -IAnnotations -IComponent -IGUI -IGUI/Containers -IGUI/Widgets -IGUI/Dialogs -IOMC -IUtil -I/opt/local/Library/Frameworks/QtWebKit.framework/Versions/4/Headers -I/opt/local/Library/Frameworks/QtSvg.framework/Versions/4/Headers -I/opt/local/Library/Frameworks/QtXml.framework/Versions/4/Headers -I/opt/local/Library/Frameworks/QtGui.framework/Versions/4/Headers -I/opt/local/Library/Frameworks/QtNetwork.framework/Versions/4/Headers -I/opt/local/Library/Frameworks/QtCore.framework/Versions/4/Headers -I/opt/local/include -F/opt/local/Library/Frameworks -F/opt/local/lib -D__APPLE__ -D__GNUC__ GUI/Widgets/ModelicaTextWidget.h -o ../generatedfiles/moc/moc_ModelicaTextWidget.cpp
:info:build /usr/bin/clang -c -I. -I./util/ -I. -I./meta/ -I./meta/gc  -I../../3rdParty/gc-7.2/include -I../../3rdParty/FMIL/install/include/ -I../../3rdParty/lis-1.4.12/include/ -I/opt/local/include -DGC_REDIRECT_TO_LOCAL -pipe -Os -arch x86_64    -o math-support/newuoa.o math-support/newuoa.c -I./math-support/ -I./util/
:info:build /usr/bin/clang -c -I. -I./util/ -I. -I./meta/ -I./meta/gc  -I../../3rdParty/gc-7.2/include -I../../3rdParty/FMIL/install/include/ -I../../3rdParty/lis-1.4.12/include/ -I/opt/local/include -DGC_REDIRECT_TO_LOCAL -pipe -Os -arch x86_64    -o math-support/newuob.o math-support/newuob.c -I./math-support/ -I./util/
:info:build /usr/bin/clang -c -I. -I./util/ -I. -I./meta/ -I./meta/gc  -I../../3rdParty/gc-7.2/include -I../../3rdParty/FMIL/install/include/ -I../../3rdParty/lis-1.4.12/include/ -I/opt/local/include -DGC_REDIRECT_TO_LOCAL -pipe -Os -arch x86_64    -o math-support/qform.o math-support/qform.c -I./math-support/ -I./util/
:info:build /opt/local/bin/moc -DQT_NO_DEBUG -DQT_WEBKIT_LIB -DQT_SVG_LIB -DQT_XML_LIB -DQT_GUI_LIB -DQT_NETWORK_LIB -DQT_CORE_LIB -DQT_SHARED -I/opt/local/share/qt4/mkspecs/macx-g++ -I. -I../generatedfiles/moc -I/opt/local/Library/Frameworks/QtCore.framework/Versions/4/Headers -I/opt/local/Library/Frameworks/QtNetwork.framework/Versions/4/Headers -I/opt/local/Library/Frameworks/QtGui.framework/Versions/4/Headers -I/opt/local/Library/Frameworks/QtXml.framework/Versions/4/Headers -I/opt/local/Library/Frameworks/QtSvg.framework/Versions/4/Headers -I/opt/local/Library/Frameworks/QtWebKit.framework/Versions/4/Headers -I/opt/local/include/qwt -I../../OMPlot/OMPlotGUI -I. -IAnnotations -IComponent -IGUI -IGUI/Containers -IGUI/Widgets -IGUI/Dialogs -IOMC -IUtil -I/opt/local/Library/Frameworks/QtWebKit.framework/Versions/4/Headers -I/opt/local/Library/Frameworks/QtSvg.framework/Versions/4/Headers -I/opt/local/Library/Frameworks/QtXml.framework/Versions/4/Headers -I/opt/local/Library/Frameworks/QtGui.framework/Versions/4/Headers -I/opt/local/Library/Frameworks/QtNetwork.framework/Versions/4/Headers -I/opt/local/Library/Frameworks/QtCore.framework/Versions/4/Headers -I/opt/local/include -F/opt/local/Library/Frameworks -F/opt/local/lib -D__APPLE__ -D__GNUC__ GUI/Containers/PlotWindowContainer.h -o ../generatedfiles/moc/moc_PlotWindowContainer.cpp
:info:build /usr/bin/clang -c -I. -I./util/ -I. -I./meta/ -I./meta/gc  -I../../3rdParty/gc-7.2/include -I../../3rdParty/FMIL/install/include/ -I../../3rdParty/lis-1.4.12/include/ -I/opt/local/include -DGC_REDIRECT_TO_LOCAL -pipe -Os -arch x86_64    -o math-support/qrfac.o math-support/qrfac.c -I./math-support/ -I./util/
:info:build /opt/local/bin/moc -DQT_NO_DEBUG -DQT_WEBKIT_LIB -DQT_SVG_LIB -DQT_XML_LIB -DQT_GUI_LIB -DQT_NETWORK_LIB -DQT_CORE_LIB -DQT_SHARED -I/opt/local/share/qt4/mkspecs/macx-g++ -I. -I../generatedfiles/moc -I/opt/local/Library/Frameworks/QtCore.framework/Versions/4/Headers -I/opt/local/Library/Frameworks/QtNetwork.framework/Versions/4/Headers -I/opt/local/Library/Frameworks/QtGui.framework/Versions/4/Headers -I/opt/local/Library/Frameworks/QtXml.framework/Versions/4/Headers -I/opt/local/Library/Frameworks/QtSvg.framework/Versions/4/Headers -I/opt/local/Library/Frameworks/QtWebKit.framework/Versions/4/Headers -I/opt/local/include/qwt -I../../OMPlot/OMPlotGUI -I. -IAnnotations -IComponent -IGUI -IGUI/Containers -IGUI/Widgets -IGUI/Dialogs -IOMC -IUtil -I/opt/local/Library/Frameworks/QtWebKit.framework/Versions/4/Headers -I/opt/local/Library/Frameworks/QtSvg.framework/Versions/4/Headers -I/opt/local/Library/Frameworks/QtXml.framework/Versions/4/Headers -I/opt/local/Library/Frameworks/QtGui.framework/Versions/4/Headers -I/opt/local/Library/Frameworks/QtNetwork.framework/Versions/4/Headers -I/opt/local/Library/Frameworks/QtCore.framework/Versions/4/Headers -I/opt/local/include -F/opt/local/Library/Frameworks -F/opt/local/lib -D__APPLE__ -D__GNUC__ Component/Component.h -o ../generatedfiles/moc/moc_Component.cpp
:info:build /usr/bin/clang -c -I. -I./util/ -I. -I./meta/ -I./meta/gc  -I../../3rdParty/gc-7.2/include -I../../3rdParty/FMIL/install/include/ -I../../3rdParty/lis-1.4.12/include/ -I/opt/local/include -DGC_REDIRECT_TO_LOCAL -pipe -Os -arch x86_64    -o math-support/r1mpyq.o math-support/r1mpyq.c -I./math-support/ -I./util/
:info:build /usr/bin/clang -c -I. -I./util/ -I. -I./meta/ -I./meta/gc  -I../../3rdParty/gc-7.2/include -I../../3rdParty/FMIL/install/include/ -I../../3rdParty/lis-1.4.12/include/ -I/opt/local/include -DGC_REDIRECT_TO_LOCAL -pipe -Os -arch x86_64    -o math-support/r1updt.o math-support/r1updt.c -I./math-support/ -I./util/
:info:build /opt/local/bin/moc -DQT_NO_DEBUG -DQT_WEBKIT_LIB -DQT_SVG_LIB -DQT_XML_LIB -DQT_GUI_LIB -DQT_NETWORK_LIB -DQT_CORE_LIB -DQT_SHARED -I/opt/local/share/qt4/mkspecs/macx-g++ -I. -I../generatedfiles/moc -I/opt/local/Library/Frameworks/QtCore.framework/Versions/4/Headers -I/opt/local/Library/Frameworks/QtNetwork.framework/Versions/4/Headers -I/opt/local/Library/Frameworks/QtGui.framework/Versions/4/Headers -I/opt/local/Library/Frameworks/QtXml.framework/Versions/4/Headers -I/opt/local/Library/Frameworks/QtSvg.framework/Versions/4/Headers -I/opt/local/Library/Frameworks/QtWebKit.framework/Versions/4/Headers -I/opt/local/include/qwt -I../../OMPlot/OMPlotGUI -I. -IAnnotations -IComponent -IGUI -IGUI/Containers -IGUI/Widgets -IGUI/Dialogs -IOMC -IUtil -I/opt/local/Library/Frameworks/QtWebKit.framework/Versions/4/Headers -I/opt/local/Library/Frameworks/QtSvg.framework/Versions/4/Headers -I/opt/local/Library/Frameworks/QtXml.framework/Versions/4/Headers -I/opt/local/Library/Frameworks/QtGui.framework/Versions/4/Headers -I/opt/local/Library/Frameworks/QtNetwork.framework/Versions/4/Headers -I/opt/local/Library/Frameworks/QtCore.framework/Versions/4/Headers -I/opt/local/include -F/opt/local/Library/Frameworks -F/opt/local/lib -D__APPLE__ -D__GNUC__ Annotations/ShapeAnnotation.h -o ../generatedfiles/moc/moc_ShapeAnnotation.cpp
:info:build /usr/bin/clang -c -I. -I./util/ -I. -I./meta/ -I./meta/gc  -I../../3rdParty/gc-7.2/include -I../../3rdParty/FMIL/install/include/ -I../../3rdParty/lis-1.4.12/include/ -I/opt/local/include -DGC_REDIRECT_TO_LOCAL -pipe -Os -arch x86_64    -o math-support/trsapp.o math-support/trsapp.c -I./math-support/ -I./util/
:info:build /usr/bin/clang -c -I. -I./util/ -I. -I./meta/ -I./meta/gc  -I../../3rdParty/gc-7.2/include -I../../3rdParty/FMIL/install/include/ -I../../3rdParty/lis-1.4.12/include/ -I/opt/local/include -DGC_REDIRECT_TO_LOCAL -pipe -Os -arch x86_64    -o math-support/update.o math-support/update.c -I./math-support/ -I./util/
:info:build /usr/bin/clang -c -I. -I./util/ -I. -I./meta/ -I./meta/gc  -I../../3rdParty/gc-7.2/include -I../../3rdParty/FMIL/install/include/ -I../../3rdParty/lis-1.4.12/include/ -I/opt/local/include -DGC_REDIRECT_TO_LOCAL -pipe -Os -arch x86_64    -o math-support/pivot.o math-support/pivot.c -I./math-support/ -I./util/
:info:build /usr/bin/clang -c -I. -I./util/ -I. -I./meta/ -I./meta/gc  -I../../3rdParty/gc-7.2/include -I../../3rdParty/FMIL/install/include/ -I../../3rdParty/lis-1.4.12/include/ -I/opt/local/include -DGC_REDIRECT_TO_LOCAL -pipe -Os -arch x86_64   -o simulation/solver/dassl.o simulation/solver/dassl.c -I./simulation/solver/ -I./simulation/solver/initialization/ -I./optimization/ -I./simulation/results/ -I./simulation/ -I./math-support/ -I./util/
:info:build /opt/local/bin/moc -DQT_NO_DEBUG -DQT_WEBKIT_LIB -DQT_SVG_LIB -DQT_XML_LIB -DQT_GUI_LIB -DQT_NETWORK_LIB -DQT_CORE_LIB -DQT_SHARED -I/opt/local/share/qt4/mkspecs/macx-g++ -I. -I../generatedfiles/moc -I/opt/local/Library/Frameworks/QtCore.framework/Versions/4/Headers -I/opt/local/Library/Frameworks/QtNetwork.framework/Versions/4/Headers -I/opt/local/Library/Frameworks/QtGui.framework/Versions/4/Headers -I/opt/local/Library/Frameworks/QtXml.framework/Versions/4/Headers -I/opt/local/Library/Frameworks/QtSvg.framework/Versions/4/Headers -I/opt/local/Library/Frameworks/QtWebKit.framework/Versions/4/Headers -I/opt/local/include/qwt -I../../OMPlot/OMPlotGUI -I. -IAnnotations -IComponent -IGUI -IGUI/Containers -IGUI/Widgets -IGUI/Dialogs -IOMC -IUtil -I/opt/local/Library/Frameworks/QtWebKit.framework/Versions/4/Headers -I/opt/local/Library/Frameworks/QtSvg.framework/Versions/4/Headers -I/opt/local/Library/Frameworks/QtXml.framework/Versions/4/Headers -I/opt/local/Library/Frameworks/QtGui.framework/Versions/4/Headers -I/opt/local/Library/Frameworks/QtNetwork.framework/Versions/4/Headers -I/opt/local/Library/Frameworks/QtCore.framework/Versions/4/Headers -I/opt/local/include -F/opt/local/Library/Frameworks -F/opt/local/lib -D__APPLE__ -D__GNUC__ Component/CornerItem.h -o ../generatedfiles/moc/moc_CornerItem.cpp
:info:build /usr/bin/clang -c -I. -I./util/ -I. -I./meta/ -I./meta/gc  -I../../3rdParty/gc-7.2/include -I../../3rdParty/FMIL/install/include/ -I../../3rdParty/lis-1.4.12/include/ -I/opt/local/include -DGC_REDIRECT_TO_LOCAL -pipe -Os -arch x86_64   -o simulation/solver/delay.o simulation/solver/delay.c -I./simulation/solver/ -I./simulation/solver/initialization/ -I./optimization/ -I./simulation/results/ -I./simulation/ -I./math-support/ -I./util/
:info:build /opt/local/bin/moc -DQT_NO_DEBUG -DQT_WEBKIT_LIB -DQT_SVG_LIB -DQT_XML_LIB -DQT_GUI_LIB -DQT_NETWORK_LIB -DQT_CORE_LIB -DQT_SHARED -I/opt/local/share/qt4/mkspecs/macx-g++ -I. -I../generatedfiles/moc -I/opt/local/Library/Frameworks/QtCore.framework/Versions/4/Headers -I/opt/local/Library/Frameworks/QtNetwork.framework/Versions/4/Headers -I/opt/local/Library/Frameworks/QtGui.framework/Versions/4/Headers -I/opt/local/Library/Frameworks/QtXml.framework/Versions/4/Headers -I/opt/local/Library/Frameworks/QtSvg.framework/Versions/4/Headers -I/opt/local/Library/Frameworks/QtWebKit.framework/Versions/4/Headers -I/opt/local/include/qwt -I../../OMPlot/OMPlotGUI -I. -IAnnotations -IComponent -IGUI -IGUI/Containers -IGUI/Widgets -IGUI/Dialogs -IOMC -IUtil -I/opt/local/Library/Frameworks/QtWebKit.framework/Versions/4/Headers -I/opt/local/Library/Frameworks/QtSvg.framework/Versions/4/Headers -I/opt/local/Library/Frameworks/QtXml.framework/Versions/4/Headers -I/opt/local/Library/Frameworks/QtGui.framework/Versions/4/Headers -I/opt/local/Library/Frameworks/QtNetwork.framework/Versions/4/Headers -I/opt/local/Library/Frameworks/QtCore.framework/Versions/4/Headers -I/opt/local/include -F/opt/local/Library/Frameworks -F/opt/local/lib -D__APPLE__ -D__GNUC__ Annotations/LineAnnotation.h -o ../generatedfiles/moc/moc_LineAnnotation.cpp
:info:build /opt/local/bin/moc -DQT_NO_DEBUG -DQT_WEBKIT_LIB -DQT_SVG_LIB -DQT_XML_LIB -DQT_GUI_LIB -DQT_NETWORK_LIB -DQT_CORE_LIB -DQT_SHARED -I/opt/local/share/qt4/mkspecs/macx-g++ -I. -I../generatedfiles/moc -I/opt/local/Library/Frameworks/QtCore.framework/Versions/4/Headers -I/opt/local/Library/Frameworks/QtNetwork.framework/Versions/4/Headers -I/opt/local/Library/Frameworks/QtGui.framework/Versions/4/Headers -I/opt/local/Library/Frameworks/QtXml.framework/Versions/4/Headers -I/opt/local/Library/Frameworks/QtSvg.framework/Versions/4/Headers -I/opt/local/Library/Frameworks/QtWebKit.framework/Versions/4/Headers -I/opt/local/include/qwt -I../../OMPlot/OMPlotGUI -I. -IAnnotations -IComponent -IGUI -IGUI/Containers -IGUI/Widgets -IGUI/Dialogs -IOMC -IUtil -I/opt/local/Library/Frameworks/QtWebKit.framework/Versions/4/Headers -I/opt/local/Library/Frameworks/QtSvg.framework/Versions/4/Headers -I/opt/local/Library/Frameworks/QtXml.framework/Versions/4/Headers -I/opt/local/Library/Frameworks/QtGui.framework/Versions/4/Headers -I/opt/local/Library/Frameworks/QtNetwork.framework/Versions/4/Headers -I/opt/local/Library/Frameworks/QtCore.framework/Versions/4/Headers -I/opt/local/include -F/opt/local/Library/Frameworks -F/opt/local/lib -D__APPLE__ -D__GNUC__ Annotations/PolygonAnnotation.h -o ../generatedfiles/moc/moc_PolygonAnnotation.cpp
:info:build /usr/bin/clang -c -I. -I./util/ -I. -I./meta/ -I./meta/gc  -I../../3rdParty/gc-7.2/include -I../../3rdParty/FMIL/install/include/ -I../../3rdParty/lis-1.4.12/include/ -I/opt/local/include -DGC_REDIRECT_TO_LOCAL -pipe -Os -arch x86_64   -o simulation/solver/events.o simulation/solver/events.c -I./simulation/solver/ -I./simulation/solver/initialization/ -I./optimization/ -I./simulation/results/ -I./simulation/ -I./math-support/ -I./util/
:info:build /usr/bin/clang -c -I. -I./util/ -I. -I./meta/ -I./meta/gc  -I../../3rdParty/gc-7.2/include -I../../3rdParty/FMIL/install/include/ -I../../3rdParty/lis-1.4.12/include/ -I/opt/local/include -DGC_REDIRECT_TO_LOCAL -pipe -Os -arch x86_64   -o simulation/solver/model_help.o simulation/solver/model_help.c -I./simulation/solver/ -I./simulation/solver/initialization/ -I./optimization/ -I./simulation/results/ -I./simulation/ -I./math-support/ -I./util/
:info:build /usr/bin/clang -c -I. -I./util/ -I. -I./meta/ -I./meta/gc  -I../../3rdParty/gc-7.2/include -I../../3rdParty/FMIL/install/include/ -I../../3rdParty/lis-1.4.12/include/ -I/opt/local/include -DGC_REDIRECT_TO_LOCAL -pipe -Os -arch x86_64   -o simulation/solver/mixedSystem.o simulation/solver/mixedSystem.c -I./simulation/solver/ -I./simulation/solver/initialization/ -I./optimization/ -I./simulation/results/ -I./simulation/ -I./math-support/ -I./util/
:info:build /usr/bin/clang -c -I. -I./util/ -I. -I./meta/ -I./meta/gc  -I../../3rdParty/gc-7.2/include -I../../3rdParty/FMIL/install/include/ -I../../3rdParty/lis-1.4.12/include/ -I/opt/local/include -DGC_REDIRECT_TO_LOCAL -pipe -Os -arch x86_64   -o simulation/solver/mixedSearchSolver.o simulation/solver/mixedSearchSolver.c -I./simulation/solver/ -I./simulation/solver/initialization/ -I./optimization/ -I./simulation/results/ -I./simulation/ -I./math-support/ -I./util/
:info:build /opt/local/bin/moc -DQT_NO_DEBUG -DQT_WEBKIT_LIB -DQT_SVG_LIB -DQT_XML_LIB -DQT_GUI_LIB -DQT_NETWORK_LIB -DQT_CORE_LIB -DQT_SHARED -I/opt/local/share/qt4/mkspecs/macx-g++ -I. -I../generatedfiles/moc -I/opt/local/Library/Frameworks/QtCore.framework/Versions/4/Headers -I/opt/local/Library/Frameworks/QtNetwork.framework/Versions/4/Headers -I/opt/local/Library/Frameworks/QtGui.framework/Versions/4/Headers -I/opt/local/Library/Frameworks/QtXml.framework/Versions/4/Headers -I/opt/local/Library/Frameworks/QtSvg.framework/Versions/4/Headers -I/opt/local/Library/Frameworks/QtWebKit.framework/Versions/4/Headers -I/opt/local/include/qwt -I../../OMPlot/OMPlotGUI -I. -IAnnotations -IComponent -IGUI -IGUI/Containers -IGUI/Widgets -IGUI/Dialogs -IOMC -IUtil -I/opt/local/Library/Frameworks/QtWebKit.framework/Versions/4/Headers -I/opt/local/Library/Frameworks/QtSvg.framework/Versions/4/Headers -I/opt/local/Library/Frameworks/QtXml.framework/Versions/4/Headers -I/opt/local/Library/Frameworks/QtGui.framework/Versions/4/Headers -I/opt/local/Library/Frameworks/QtNetwork.framework/Versions/4/Headers -I/opt/local/Library/Frameworks/QtCore.framework/Versions/4/Headers -I/opt/local/include -F/opt/local/Library/Frameworks -F/opt/local/lib -D__APPLE__ -D__GNUC__ Annotations/RectangleAnnotation.h -o ../generatedfiles/moc/moc_RectangleAnnotation.cpp
:info:build /usr/bin/clang -c -I. -I./util/ -I. -I./meta/ -I./meta/gc  -I../../3rdParty/gc-7.2/include -I../../3rdParty/FMIL/install/include/ -I../../3rdParty/lis-1.4.12/include/ -I/opt/local/include -DGC_REDIRECT_TO_LOCAL -pipe -Os -arch x86_64   -o simulation/solver/kinsolSolver.o simulation/solver/kinsolSolver.c -I./simulation/solver/ -I./simulation/solver/initialization/ -I./optimization/ -I./simulation/results/ -I./simulation/ -I./math-support/ -I./util/
:info:build /usr/bin/clang -c -I. -I./util/ -I. -I./meta/ -I./meta/gc  -I../../3rdParty/gc-7.2/include -I../../3rdParty/FMIL/install/include/ -I../../3rdParty/lis-1.4.12/include/ -I/opt/local/include -DGC_REDIRECT_TO_LOCAL -pipe -Os -arch x86_64   -o simulation/solver/linearSystem.o simulation/solver/linearSystem.c -I./simulation/solver/ -I./simulation/solver/initialization/ -I./optimization/ -I./simulation/results/ -I./simulation/ -I./math-support/ -I./util/
:info:build /opt/local/bin/moc -DQT_NO_DEBUG -DQT_WEBKIT_LIB -DQT_SVG_LIB -DQT_XML_LIB -DQT_GUI_LIB -DQT_NETWORK_LIB -DQT_CORE_LIB -DQT_SHARED -I/opt/local/share/qt4/mkspecs/macx-g++ -I. -I../generatedfiles/moc -I/opt/local/Library/Frameworks/QtCore.framework/Versions/4/Headers -I/opt/local/Library/Frameworks/QtNetwork.framework/Versions/4/Headers -I/opt/local/Library/Frameworks/QtGui.framework/Versions/4/Headers -I/opt/local/Library/Frameworks/QtXml.framework/Versions/4/Headers -I/opt/local/Library/Frameworks/QtSvg.framework/Versions/4/Headers -I/opt/local/Library/Frameworks/QtWebKit.framework/Versions/4/Headers -I/opt/local/include/qwt -I../../OMPlot/OMPlotGUI -I. -IAnnotations -IComponent -IGUI -IGUI/Containers -IGUI/Widgets -IGUI/Dialogs -IOMC -IUtil -I/opt/local/Library/Frameworks/QtWebKit.framework/Versions/4/Headers -I/opt/local/Library/Frameworks/QtSvg.framework/Versions/4/Headers -I/opt/local/Library/Frameworks/QtXml.framework/Versions/4/Headers -I/opt/local/Library/Frameworks/QtGui.framework/Versions/4/Headers -I/opt/local/Library/Frameworks/QtNetwork.framework/Versions/4/Headers -I/opt/local/Library/Frameworks/QtCore.framework/Versions/4/Headers -I/opt/local/include -F/opt/local/Library/Frameworks -F/opt/local/lib -D__APPLE__ -D__GNUC__ Annotations/EllipseAnnotation.h -o ../generatedfiles/moc/moc_EllipseAnnotation.cpp
:info:build /opt/local/bin/moc -DQT_NO_DEBUG -DQT_WEBKIT_LIB -DQT_SVG_LIB -DQT_XML_LIB -DQT_GUI_LIB -DQT_NETWORK_LIB -DQT_CORE_LIB -DQT_SHARED -I/opt/local/share/qt4/mkspecs/macx-g++ -I. -I../generatedfiles/moc -I/opt/local/Library/Frameworks/QtCore.framework/Versions/4/Headers -I/opt/local/Library/Frameworks/QtNetwork.framework/Versions/4/Headers -I/opt/local/Library/Frameworks/QtGui.framework/Versions/4/Headers -I/opt/local/Library/Frameworks/QtXml.framework/Versions/4/Headers -I/opt/local/Library/Frameworks/QtSvg.framework/Versions/4/Headers -I/opt/local/Library/Frameworks/QtWebKit.framework/Versions/4/Headers -I/opt/local/include/qwt -I../../OMPlot/OMPlotGUI -I. -IAnnotations -IComponent -IGUI -IGUI/Containers -IGUI/Widgets -IGUI/Dialogs -IOMC -IUtil -I/opt/local/Library/Frameworks/QtWebKit.framework/Versions/4/Headers -I/opt/local/Library/Frameworks/QtSvg.framework/Versions/4/Headers -I/opt/local/Library/Frameworks/QtXml.framework/Versions/4/Headers -I/opt/local/Library/Frameworks/QtGui.framework/Versions/4/Headers -I/opt/local/Library/Frameworks/QtNetwork.framework/Versions/4/Headers -I/opt/local/Library/Frameworks/QtCore.framework/Versions/4/Headers -I/opt/local/include -F/opt/local/Library/Frameworks -F/opt/local/lib -D__APPLE__ -D__GNUC__ Annotations/TextAnnotation.h -o ../generatedfiles/moc/moc_TextAnnotation.cpp
:info:build /usr/bin/clang -c -I. -I./util/ -I. -I./meta/ -I./meta/gc  -I../../3rdParty/gc-7.2/include -I../../3rdParty/FMIL/install/include/ -I../../3rdParty/lis-1.4.12/include/ -I/opt/local/include -DGC_REDIRECT_TO_LOCAL -pipe -Os -arch x86_64   -o simulation/solver/linearSolverLapack.o simulation/solver/linearSolverLapack.c -I./simulation/solver/ -I./simulation/solver/initialization/ -I./optimization/ -I./simulation/results/ -I./simulation/ -I./math-support/ -I./util/
:info:build /usr/bin/clang -c -I. -I./util/ -I. -I./meta/ -I./meta/gc  -I../../3rdParty/gc-7.2/include -I../../3rdParty/FMIL/install/include/ -I../../3rdParty/lis-1.4.12/include/ -I/opt/local/include -DGC_REDIRECT_TO_LOCAL -pipe -Os -arch x86_64   -o simulation/solver/linearSolverLis.o simulation/solver/linearSolverLis.c -I./simulation/solver/ -I./simulation/solver/initialization/ -I./optimization/ -I./simulation/results/ -I./simulation/ -I./math-support/ -I./util/
:info:build /usr/bin/clang -c -I. -I./util/ -I. -I./meta/ -I./meta/gc  -I../../3rdParty/gc-7.2/include -I../../3rdParty/FMIL/install/include/ -I../../3rdParty/lis-1.4.12/include/ -I/opt/local/include -DGC_REDIRECT_TO_LOCAL -pipe -Os -arch x86_64   -o simulation/solver/nonlinearSystem.o simulation/solver/nonlinearSystem.c -I./simulation/solver/ -I./simulation/solver/initialization/ -I./optimization/ -I./simulation/results/ -I./simulation/ -I./math-support/ -I./util/
:info:build /usr/bin/clang -c -I. -I./util/ -I. -I./meta/ -I./meta/gc  -I../../3rdParty/gc-7.2/include -I../../3rdParty/FMIL/install/include/ -I../../3rdParty/lis-1.4.12/include/ -I/opt/local/include -DGC_REDIRECT_TO_LOCAL -pipe -Os -arch x86_64   -o simulation/solver/nonlinearSolverHybrd.o simulation/solver/nonlinearSolverHybrd.c -I./simulation/solver/ -I./simulation/solver/initialization/ -I./optimization/ -I./simulation/results/ -I./simulation/ -I./math-support/ -I./util/
:info:build simulation/solver/nonlinearSolverHybrd.c:342:61: warning: format specifies type 'int' but the argument has type 'integer' (aka 'long') [-Wformat]
:info:build       INFO1(LOG_NLS_RES, "-- residual function call %d --", solverData->nfev);
:info:build                                                     ~~      ^~~~~~~~~~~~~~~~
:info:build ./util/omc_error.h:151:111: note: expanded from macro 'INFO1'
:info:build #define  INFO1(stream, msg, a)                               do{if(useStream[stream]){sprintf(logBuffer, msg, a);                            Message(LOG_TYPE_INFO, stream, logBuffer, 0);}}while(0)
:info:build                                                                                                               ^
:info:build /usr/include/secure/_stdio.h:49:56: note: expanded from macro 'sprintf'
:info:build   __builtin___sprintf_chk (str, 0, __darwin_obsz(str), __VA_ARGS__)
:info:build                                                        ^
:info:build simulation/solver/nonlinearSolverHybrd.c:352:68: warning: format specifies type 'int' but the argument has type 'integer' (aka 'long') [-Wformat]
:info:build       INFO1(LOG_NLS_RES, "-- end of residual function call %d --", solverData->nfev);
:info:build                                                            ~~      ^~~~~~~~~~~~~~~~
:info:build ./util/omc_error.h:151:111: note: expanded from macro 'INFO1'
:info:build #define  INFO1(stream, msg, a)                               do{if(useStream[stream]){sprintf(logBuffer, msg, a);                            Message(LOG_TYPE_INFO, stream, logBuffer, 0);}}while(0)
:info:build                                                                                                               ^
:info:build /usr/include/secure/_stdio.h:49:56: note: expanded from macro 'sprintf'
:info:build   __builtin___sprintf_chk (str, 0, __darwin_obsz(str), __VA_ARGS__)
:info:build                                                        ^
:info:build simulation/solver/nonlinearSolverHybrd.c:381:55: warning: format specifies type 'int' but the argument has type 'integer' (aka 'long') [-Wformat]
:info:build         INFO2(LOG_NLS_JAC, "jacobian matrix [%dx%d]", *n, *n);
:info:build                                              ~~       ^~
:info:build ./util/omc_error.h:152:111: note: expanded from macro 'INFO2'
:info:build #define  INFO2(stream, msg, a, b)                            do{if(useStream[stream]){sprintf(logBuffer, msg, a, b);                         Message(LOG_TYPE_INFO, stream, logBuffer, 0);}}while(0)
:info:build                                                                                                               ^
:info:build /usr/include/secure/_stdio.h:49:56: note: expanded from macro 'sprintf'
:info:build   __builtin___sprintf_chk (str, 0, __darwin_obsz(str), __VA_ARGS__)
:info:build                                                        ^
:info:build simulation/solver/nonlinearSolverHybrd.c:381:59: warning: format specifies type 'int' but the argument has type 'integer' (aka 'long') [-Wformat]
:info:build         INFO2(LOG_NLS_JAC, "jacobian matrix [%dx%d]", *n, *n);
:info:build                                                 ~~        ^~
:info:build ./util/omc_error.h:152:114: note: expanded from macro 'INFO2'
:info:build #define  INFO2(stream, msg, a, b)                            do{if(useStream[stream]){sprintf(logBuffer, msg, a, b);                         Message(LOG_TYPE_INFO, stream, logBuffer, 0);}}while(0)
:info:build                                                                                                                  ^
:info:build /usr/include/secure/_stdio.h:49:56: note: expanded from macro 'sprintf'
:info:build   __builtin___sprintf_chk (str, 0, __darwin_obsz(str), __VA_ARGS__)
:info:build                                                        ^
:info:build simulation/solver/nonlinearSolverHybrd.c:399:95: warning: format specifies type 'int' but the argument has type 'integer' (aka 'long') [-Wformat]
:info:build     THROW1("Well, this is embarrasing. The non-linear solver should never call this case.%d", *iflag);
:info:build                                                                                          ~~   ^~~~~~
:info:build ./util/omc_error.h:199:89: note: expanded from macro 'THROW1'
:info:build #define  THROW1(msg, a)                                      do{sprintf(logBuffer, msg, a);                            Message(LOG_TYPE_ASSERT, LOG_ASSERT, logBuffer, 0); longjmp(globalJmpbuf, 1);}while(0)
:info:build                                                                                         ^
:info:build /usr/include/secure/_stdio.h:49:56: note: expanded from macro 'sprintf'
:info:build   __builtin___sprintf_chk (str, 0, __darwin_obsz(str), __VA_ARGS__)
:info:build                                                        ^
:info:build /opt/local/bin/moc -DQT_NO_DEBUG -DQT_WEBKIT_LIB -DQT_SVG_LIB -DQT_XML_LIB -DQT_GUI_LIB -DQT_NETWORK_LIB -DQT_CORE_LIB -DQT_SHARED -I/opt/local/share/qt4/mkspecs/macx-g++ -I. -I../generatedfiles/moc -I/opt/local/Library/Frameworks/QtCore.framework/Versions/4/Headers -I/opt/local/Library/Frameworks/QtNetwork.framework/Versions/4/Headers -I/opt/local/Library/Frameworks/QtGui.framework/Versions/4/Headers -I/opt/local/Library/Frameworks/QtXml.framework/Versions/4/Headers -I/opt/local/Library/Frameworks/QtSvg.framework/Versions/4/Headers -I/opt/local/Library/Frameworks/QtWebKit.framework/Versions/4/Headers -I/opt/local/include/qwt -I../../OMPlot/OMPlotGUI -I. -IAnnotations -IComponent -IGUI -IGUI/Containers -IGUI/Widgets -IGUI/Dialogs -IOMC -IUtil -I/opt/local/Library/Frameworks/QtWebKit.framework/Versions/4/Headers -I/opt/local/Library/Frameworks/QtSvg.framework/Versions/4/Headers -I/opt/local/Library/Frameworks/QtXml.framework/Versions/4/Headers -I/opt/local/Library/Frameworks/QtGui.framework/Versions/4/Headers -I/opt/local/Library/Frameworks/QtNetwork.framework/Versions/4/Headers -I/opt/local/Library/Frameworks/QtCore.framework/Versions/4/Headers -I/opt/local/include -F/opt/local/Library/Frameworks -F/opt/local/lib -D__APPLE__ -D__GNUC__ Annotations/BitmapAnnotation.h -o ../generatedfiles/moc/moc_BitmapAnnotation.cpp
:info:build /usr/bin/clang -c -I. -I./util/ -I. -I./meta/ -I./meta/gc  -I../../3rdParty/gc-7.2/include -I../../3rdParty/FMIL/install/include/ -I../../3rdParty/lis-1.4.12/include/ -I/opt/local/include -DGC_REDIRECT_TO_LOCAL -pipe -Os -arch x86_64   -o simulation/solver/nonlinearSolverNewton.o simulation/solver/nonlinearSolverNewton.c -I./simulation/solver/ -I./simulation/solver/initialization/ -I./optimization/ -I./simulation/results/ -I./simulation/ -I./math-support/ -I./util/
:info:build /opt/local/bin/moc -DQT_NO_DEBUG -DQT_WEBKIT_LIB -DQT_SVG_LIB -DQT_XML_LIB -DQT_GUI_LIB -DQT_NETWORK_LIB -DQT_CORE_LIB -DQT_SHARED -I/opt/local/share/qt4/mkspecs/macx-g++ -I. -I../generatedfiles/moc -I/opt/local/Library/Frameworks/QtCore.framework/Versions/4/Headers -I/opt/local/Library/Frameworks/QtNetwork.framework/Versions/4/Headers -I/opt/local/Library/Frameworks/QtGui.framework/Versions/4/Headers -I/opt/local/Library/Frameworks/QtXml.framework/Versions/4/Headers -I/opt/local/Library/Frameworks/QtSvg.framework/Versions/4/Headers -I/opt/local/Library/Frameworks/QtWebKit.framework/Versions/4/Headers -I/opt/local/include/qwt -I../../OMPlot/OMPlotGUI -I. -IAnnotations -IComponent -IGUI -IGUI/Containers -IGUI/Widgets -IGUI/Dialogs -IOMC -IUtil -I/opt/local/Library/Frameworks/QtWebKit.framework/Versions/4/Headers -I/opt/local/Library/Frameworks/QtSvg.framework/Versions/4/Headers -I/opt/local/Library/Frameworks/QtXml.framework/Versions/4/Headers -I/opt/local/Library/Frameworks/QtGui.framework/Versions/4/Headers -I/opt/local/Library/Frameworks/QtNetwork.framework/Versions/4/Headers -I/opt/local/Library/Frameworks/QtCore.framework/Versions/4/Headers -I/opt/local/include -F/opt/local/Library/Frameworks -F/opt/local/lib -D__APPLE__ -D__GNUC__ GUI/Dialogs/ComponentProperties.h -o ../generatedfiles/moc/moc_ComponentProperties.cpp
:info:build 5 warnings generated.
:info:build /opt/local/bin/moc -DQT_NO_DEBUG -DQT_WEBKIT_LIB -DQT_SVG_LIB -DQT_XML_LIB -DQT_GUI_LIB -DQT_NETWORK_LIB -DQT_CORE_LIB -DQT_SHARED -I/opt/local/share/qt4/mkspecs/macx-g++ -I. -I../generatedfiles/moc -I/opt/local/Library/Frameworks/QtCore.framework/Versions/4/Headers -I/opt/local/Library/Frameworks/QtNetwork.framework/Versions/4/Headers -I/opt/local/Library/Frameworks/QtGui.framework/Versions/4/Headers -I/opt/local/Library/Frameworks/QtXml.framework/Versions/4/Headers -I/opt/local/Library/Frameworks/QtSvg.framework/Versions/4/Headers -I/opt/local/Library/Frameworks/QtWebKit.framework/Versions/4/Headers -I/opt/local/include/qwt -I../../OMPlot/OMPlotGUI -I. -IAnnotations -IComponent -IGUI -IGUI/Containers -IGUI/Widgets -IGUI/Dialogs -IOMC -IUtil -I/opt/local/Library/Frameworks/QtWebKit.framework/Versions/4/Headers -I/opt/local/Library/Frameworks/QtSvg.framework/Versions/4/Headers -I/opt/local/Library/Frameworks/QtXml.framework/Versions/4/Headers -I/opt/local/Library/Frameworks/QtGui.framework/Versions/4/Headers -I/opt/local/Library/Frameworks/QtNetwork.framework/Versions/4/Headers -I/opt/local/Library/Frameworks/QtCore.framework/Versions/4/Headers -I/opt/local/include -F/opt/local/Library/Frameworks -F/opt/local/lib -D__APPLE__ -D__GNUC__ GUI/Widgets/DocumentationWidget.h -o ../generatedfiles/moc/moc_DocumentationWidget.cpp
:info:build /usr/bin/clang -c -I. -I./util/ -I. -I./meta/ -I./meta/gc  -I../../3rdParty/gc-7.2/include -I../../3rdParty/FMIL/install/include/ -I../../3rdParty/lis-1.4.12/include/ -I/opt/local/include -DGC_REDIRECT_TO_LOCAL -pipe -Os -arch x86_64   -o simulation/solver/solver_main.o simulation/solver/solver_main.c -I./simulation/solver/ -I./simulation/solver/initialization/ -I./optimization/ -I./simulation/results/ -I./simulation/ -I./math-support/ -I./util/
:info:build /usr/bin/clang -c -I. -I./util/ -I. -I./meta/ -I./meta/gc  -I../../3rdParty/gc-7.2/include -I../../3rdParty/FMIL/install/include/ -I../../3rdParty/lis-1.4.12/include/ -I/opt/local/include -DGC_REDIRECT_TO_LOCAL -pipe -Os -arch x86_64   -o simulation/solver/stateset.o simulation/solver/stateset.c -I./simulation/solver/ -I./simulation/solver/initialization/ -I./optimization/ -I./simulation/results/ -I./simulation/ -I./math-support/ -I./util/
:info:build /opt/local/bin/moc -DQT_NO_DEBUG -DQT_WEBKIT_LIB -DQT_SVG_LIB -DQT_XML_LIB -DQT_GUI_LIB -DQT_NETWORK_LIB -DQT_CORE_LIB -DQT_SHARED -I/opt/local/share/qt4/mkspecs/macx-g++ -I. -I../generatedfiles/moc -I/opt/local/Library/Frameworks/QtCore.framework/Versions/4/Headers -I/opt/local/Library/Frameworks/QtNetwork.framework/Versions/4/Headers -I/opt/local/Library/Frameworks/QtGui.framework/Versions/4/Headers -I/opt/local/Library/Frameworks/QtXml.framework/Versions/4/Headers -I/opt/local/Library/Frameworks/QtSvg.framework/Versions/4/Headers -I/opt/local/Library/Frameworks/QtWebKit.framework/Versions/4/Headers -I/opt/local/include/qwt -I../../OMPlot/OMPlotGUI -I. -IAnnotations -IComponent -IGUI -IGUI/Containers -IGUI/Widgets -IGUI/Dialogs -IOMC -IUtil -I/opt/local/Library/Frameworks/QtWebKit.framework/Versions/4/Headers -I/opt/local/Library/Frameworks/QtSvg.framework/Versions/4/Headers -I/opt/local/Library/Frameworks/QtXml.framework/Versions/4/Headers -I/opt/local/Library/Frameworks/QtGui.framework/Versions/4/Headers -I/opt/local/Library/Frameworks/QtNetwork.framework/Versions/4/Headers -I/opt/local/Library/Frameworks/QtCore.framework/Versions/4/Headers -I/opt/local/include -F/opt/local/Library/Frameworks -F/opt/local/lib -D__APPLE__ -D__GNUC__ GUI/Dialogs/SimulationDialog.h -o ../generatedfiles/moc/moc_SimulationDialog.cpp
:info:build /usr/bin/clang -c -I. -I./util/ -I. -I./meta/ -I./meta/gc  -I../../3rdParty/gc-7.2/include -I../../3rdParty/FMIL/install/include/ -I../../3rdParty/lis-1.4.12/include/ -I/opt/local/include -DGC_REDIRECT_TO_LOCAL -pipe -Os -arch x86_64   -o simulation/solver/radau.o simulation/solver/radau.c -I./simulation/solver/ -I./simulation/solver/initialization/ -I./optimization/ -I./simulation/results/ -I./simulation/ -I./math-support/ -I./util/
:info:build simulation/solver/radau.c:110:44: warning: incompatible pointer types passing 'void (int, const char *, const char *, char *, void *)' to parameter of type 'KINInfoHandlerFn' (aka 'void (*)(const char *, const char *, char *, void *)') [-Wincompatible-pointer-types]
:info:build   KINSetInfoHandlerFn(kinOde->kData->kmem, kinsol_infoHandler, NULL);
:info:build                                            ^~~~~~~~~~~~~~~~~~
:info:build simulation/solver/radau.c:54:63: note: passing argument to parameter 'ihfun' here
:info:build extern int KINSetInfoHandlerFn(void *kinmem, KINInfoHandlerFn ihfun, void *ih_data);
:info:build                                                               ^
:info:build simulation/solver/radau.c:138:5: warning: implicit declaration of function 'KINSpgmr' is invalid in C99 [-Wimplicit-function-declaration]
:info:build     KINSpgmr(kinOde->kData->kmem, N*kinOde->nlp->nStates+1);
:info:build     ^
:info:build simulation/solver/radau.c:670:7: warning: implicit declaration of function 'KINSptfqmr' is invalid in C99 [-Wimplicit-function-declaration]
:info:build       KINSptfqmr(kinOde->kData->kmem, kinOde->N*kinOde->nlp->nStates);
:info:build       ^
:info:build /usr/bin/clang -c -I. -I./util/ -I. -I./meta/ -I./meta/gc  -I../../3rdParty/gc-7.2/include -I../../3rdParty/FMIL/install/include/ -I../../3rdParty/lis-1.4.12/include/ -I/opt/local/include -DGC_REDIRECT_TO_LOCAL -pipe -Os -arch x86_64   -o simulation/solver/initialization/initialization.o simulation/solver/initialization/initialization.c -I./simulation/solver/ -I./simulation/solver/initialization/ -I./simulation/ -I./math-support/ -I./util/
:info:build 3 warnings generated.
:info:build /opt/local/bin/moc -DQT_NO_DEBUG -DQT_WEBKIT_LIB -DQT_SVG_LIB -DQT_XML_LIB -DQT_GUI_LIB -DQT_NETWORK_LIB -DQT_CORE_LIB -DQT_SHARED -I/opt/local/share/qt4/mkspecs/macx-g++ -I. -I../generatedfiles/moc -I/opt/local/Library/Frameworks/QtCore.framework/Versions/4/Headers -I/opt/local/Library/Frameworks/QtNetwork.framework/Versions/4/Headers -I/opt/local/Library/Frameworks/QtGui.framework/Versions/4/Headers -I/opt/local/Library/Frameworks/QtXml.framework/Versions/4/Headers -I/opt/local/Library/Frameworks/QtSvg.framework/Versions/4/Headers -I/opt/local/Library/Frameworks/QtWebKit.framework/Versions/4/Headers -I/opt/local/include/qwt -I../../OMPlot/OMPlotGUI -I. -IAnnotations -IComponent -IGUI -IGUI/Containers -IGUI/Widgets -IGUI/Dialogs -IOMC -IUtil -I/opt/local/Library/Frameworks/QtWebKit.framework/Versions/4/Headers -I/opt/local/Library/Frameworks/QtSvg.framework/Versions/4/Headers -I/opt/local/Library/Frameworks/QtXml.framework/Versions/4/Headers -I/opt/local/Library/Frameworks/QtGui.framework/Versions/4/Headers -I/opt/local/Library/Frameworks/QtNetwork.framework/Versions/4/Headers -I/opt/local/Library/Frameworks/QtCore.framework/Versions/4/Headers -I/opt/local/include -F/opt/local/Library/Frameworks -F/opt/local/lib -D__APPLE__ -D__GNUC__ GUI/Dialogs/ImportFMUDialog.h -o ../generatedfiles/moc/moc_ImportFMUDialog.cpp
:info:build /opt/local/bin/moc -DQT_NO_DEBUG -DQT_WEBKIT_LIB -DQT_SVG_LIB -DQT_XML_LIB -DQT_GUI_LIB -DQT_NETWORK_LIB -DQT_CORE_LIB -DQT_SHARED -I/opt/local/share/qt4/mkspecs/macx-g++ -I. -I../generatedfiles/moc -I/opt/local/Library/Frameworks/QtCore.framework/Versions/4/Headers -I/opt/local/Library/Frameworks/QtNetwork.framework/Versions/4/Headers -I/opt/local/Library/Frameworks/QtGui.framework/Versions/4/Headers -I/opt/local/Library/Frameworks/QtXml.framework/Versions/4/Headers -I/opt/local/Library/Frameworks/QtSvg.framework/Versions/4/Headers -I/opt/local/Library/Frameworks/QtWebKit.framework/Versions/4/Headers -I/opt/local/include/qwt -I../../OMPlot/OMPlotGUI -I. -IAnnotations -IComponent -IGUI -IGUI/Containers -IGUI/Widgets -IGUI/Dialogs -IOMC -IUtil -I/opt/local/Library/Frameworks/QtWebKit.framework/Versions/4/Headers -I/opt/local/Library/Frameworks/QtSvg.framework/Versions/4/Headers -I/opt/local/Library/Frameworks/QtXml.framework/Versions/4/Headers -I/opt/local/Library/Frameworks/QtGui.framework/Versions/4/Headers -I/opt/local/Library/Frameworks/QtNetwork.framework/Versions/4/Headers -I/opt/local/Library/Frameworks/QtCore.framework/Versions/4/Headers -I/opt/local/include -F/opt/local/Library/Frameworks -F/opt/local/lib -D__APPLE__ -D__GNUC__ GUI/Widgets/VariablesWidget.h -o ../generatedfiles/moc/moc_VariablesWidget.cpp
:info:build /usr/bin/clang -c -I. -I./util/ -I. -I./meta/ -I./meta/gc  -I../../3rdParty/gc-7.2/include -I../../3rdParty/FMIL/install/include/ -I../../3rdParty/lis-1.4.12/include/ -I/opt/local/include -DGC_REDIRECT_TO_LOCAL -pipe -Os -arch x86_64   -o simulation/solver/initialization/initialization_data.o simulation/solver/initialization/initialization_data.c -I./simulation/solver/ -I./simulation/solver/initialization/ -I./simulation/ -I./math-support/ -I./util/
:info:build /usr/bin/clang -c -I. -I./util/ -I. -I./meta/ -I./meta/gc  -I../../3rdParty/gc-7.2/include -I../../3rdParty/FMIL/install/include/ -I../../3rdParty/lis-1.4.12/include/ -I/opt/local/include -DGC_REDIRECT_TO_LOCAL -pipe -Os -arch x86_64   -o simulation/solver/initialization/method_ipopt.o simulation/solver/initialization/method_ipopt.c -I./simulation/solver/ -I./simulation/solver/initialization/ -I./simulation/ -I./math-support/ -I./util/
:info:build /opt/local/bin/moc -DQT_NO_DEBUG -DQT_WEBKIT_LIB -DQT_SVG_LIB -DQT_XML_LIB -DQT_GUI_LIB -DQT_NETWORK_LIB -DQT_CORE_LIB -DQT_SHARED -I/opt/local/share/qt4/mkspecs/macx-g++ -I. -I../generatedfiles/moc -I/opt/local/Library/Frameworks/QtCore.framework/Versions/4/Headers -I/opt/local/Library/Frameworks/QtNetwork.framework/Versions/4/Headers -I/opt/local/Library/Frameworks/QtGui.framework/Versions/4/Headers -I/opt/local/Library/Frameworks/QtXml.framework/Versions/4/Headers -I/opt/local/Library/Frameworks/QtSvg.framework/Versions/4/Headers -I/opt/local/Library/Frameworks/QtWebKit.framework/Versions/4/Headers -I/opt/local/include/qwt -I../../OMPlot/OMPlotGUI -I. -IAnnotations -IComponent -IGUI -IGUI/Containers -IGUI/Widgets -IGUI/Dialogs -IOMC -IUtil -I/opt/local/Library/Frameworks/QtWebKit.framework/Versions/4/Headers -I/opt/local/Library/Frameworks/QtSvg.framework/Versions/4/Headers -I/opt/local/Library/Frameworks/QtXml.framework/Versions/4/Headers -I/opt/local/Library/Frameworks/QtGui.framework/Versions/4/Headers -I/opt/local/Library/Frameworks/QtNetwork.framework/Versions/4/Headers -I/opt/local/Library/Frameworks/QtCore.framework/Versions/4/Headers -I/opt/local/include -F/opt/local/Library/Frameworks -F/opt/local/lib -D__APPLE__ -D__GNUC__ GUI/Dialogs/NotificationsDialog.h -o ../generatedfiles/moc/moc_NotificationsDialog.cpp
:info:build /usr/bin/clang -c -I. -I./util/ -I. -I./meta/ -I./meta/gc  -I../../3rdParty/gc-7.2/include -I../../3rdParty/FMIL/install/include/ -I../../3rdParty/lis-1.4.12/include/ -I/opt/local/include -DGC_REDIRECT_TO_LOCAL -pipe -Os -arch x86_64   -o simulation/solver/initialization/method_kinsol.o simulation/solver/initialization/method_kinsol.c -I./simulation/solver/ -I./simulation/solver/initialization/ -I./simulation/ -I./math-support/ -I./util/
:info:build /opt/local/bin/moc -DQT_NO_DEBUG -DQT_WEBKIT_LIB -DQT_SVG_LIB -DQT_XML_LIB -DQT_GUI_LIB -DQT_NETWORK_LIB -DQT_CORE_LIB -DQT_SHARED -I/opt/local/share/qt4/mkspecs/macx-g++ -I. -I../generatedfiles/moc -I/opt/local/Library/Frameworks/QtCore.framework/Versions/4/Headers -I/opt/local/Library/Frameworks/QtNetwork.framework/Versions/4/Headers -I/opt/local/Library/Frameworks/QtGui.framework/Versions/4/Headers -I/opt/local/Library/Frameworks/QtXml.framework/Versions/4/Headers -I/opt/local/Library/Frameworks/QtSvg.framework/Versions/4/Headers -I/opt/local/Library/Frameworks/QtWebKit.framework/Versions/4/Headers -I/opt/local/include/qwt -I../../OMPlot/OMPlotGUI -I. -IAnnotations -IComponent -IGUI -IGUI/Containers -IGUI/Widgets -IGUI/Dialogs -IOMC -IUtil -I/opt/local/Library/Frameworks/QtWebKit.framework/Versions/4/Headers -I/opt/local/Library/Frameworks/QtSvg.framework/Versions/4/Headers -I/opt/local/Library/Frameworks/QtXml.framework/Versions/4/Headers -I/opt/local/Library/Frameworks/QtGui.framework/Versions/4/Headers -I/opt/local/Library/Frameworks/QtNetwork.framework/Versions/4/Headers -I/opt/local/Library/Frameworks/QtCore.framework/Versions/4/Headers -I/opt/local/include -F/opt/local/Library/Frameworks -F/opt/local/lib -D__APPLE__ -D__GNUC__ GUI/Dialogs/ShapePropertiesDialog.h -o ../generatedfiles/moc/moc_ShapePropertiesDialog.cpp
:info:build /opt/local/bin/moc -DQT_NO_DEBUG -DQT_WEBKIT_LIB -DQT_SVG_LIB -DQT_XML_LIB -DQT_GUI_LIB -DQT_NETWORK_LIB -DQT_CORE_LIB -DQT_SHARED -I/opt/local/share/qt4/mkspecs/macx-g++ -I. -I../generatedfiles/moc -I/opt/local/Library/Frameworks/QtCore.framework/Versions/4/Headers -I/opt/local/Library/Frameworks/QtNetwork.framework/Versions/4/Headers -I/opt/local/Library/Frameworks/QtGui.framework/Versions/4/Headers -I/opt/local/Library/Frameworks/QtXml.framework/Versions/4/Headers -I/opt/local/Library/Frameworks/QtSvg.framework/Versions/4/Headers -I/opt/local/Library/Frameworks/QtWebKit.framework/Versions/4/Headers -I/opt/local/include/qwt -I../../OMPlot/OMPlotGUI -I. -IAnnotations -IComponent -IGUI -IGUI/Containers -IGUI/Widgets -IGUI/Dialogs -IOMC -IUtil -I/opt/local/Library/Frameworks/QtWebKit.framework/Versions/4/Headers -I/opt/local/Library/Frameworks/QtSvg.framework/Versions/4/Headers -I/opt/local/Library/Frameworks/QtXml.framework/Versions/4/Headers -I/opt/local/Library/Frameworks/QtGui.framework/Versions/4/Headers -I/opt/local/Library/Frameworks/QtNetwork.framework/Versions/4/Headers -I/opt/local/Library/Frameworks/QtCore.framework/Versions/4/Headers -I/opt/local/include -F/opt/local/Library/Frameworks -F/opt/local/lib -D__APPLE__ -D__GNUC__ Util/Utilities.h -o ../generatedfiles/moc/moc_Utilities.cpp
:info:build /usr/bin/clang -c -I. -I./util/ -I. -I./meta/ -I./meta/gc  -I../../3rdParty/gc-7.2/include -I../../3rdParty/FMIL/install/include/ -I../../3rdParty/lis-1.4.12/include/ -I/opt/local/include -DGC_REDIRECT_TO_LOCAL -pipe -Os -arch x86_64   -o simulation/solver/initialization/method_newuoa.o simulation/solver/initialization/method_newuoa.c -I./simulation/solver/ -I./simulation/solver/initialization/ -I./simulation/ -I./math-support/ -I./util/
:info:build /opt/local/bin/rcc -name resource_omedit resource_omedit.qrc -o ../generatedfiles/rcc/qrc_resource_omedit.cpp
:info:build /usr/bin/clang -c -I. -I./util/ -I. -I./meta/ -I./meta/gc  -I../../3rdParty/gc-7.2/include -I../../3rdParty/FMIL/install/include/ -I../../3rdParty/lis-1.4.12/include/ -I/opt/local/include -DGC_REDIRECT_TO_LOCAL -pipe -Os -arch x86_64   -o simulation/solver/initialization/method_simplex.o simulation/solver/initialization/method_simplex.c -I./simulation/solver/ -I./simulation/solver/initialization/ -I./simulation/ -I./math-support/ -I./util/
:info:build /usr/bin/clang -c -I. -I./util/ -I. -I./meta/ -I./meta/gc  -I../../3rdParty/gc-7.2/include -I../../3rdParty/FMIL/install/include/ -I../../3rdParty/lis-1.4.12/include/ -I/opt/local/include -DGC_REDIRECT_TO_LOCAL -pipe -Os -arch x86_64   -o simulation/solver/initialization/method_nelderMeadEx.o simulation/solver/initialization/method_nelderMeadEx.c -I./simulation/solver/ -I./simulation/solver/initialization/ -I./simulation/ -I./math-support/ -I./util/
:info:build /usr/bin/clang -c -I. -I./util/ -I. -I./meta/ -I./meta/gc  -I../../3rdParty/gc-7.2/include -I../../3rdParty/FMIL/install/include/ -I../../3rdParty/lis-1.4.12/include/ -I/opt/local/include -DGC_REDIRECT_TO_LOCAL -pipe -Os -arch x86_64   -o optimization/initialOptimizer/allocate_ipopt.o optimization/initialOptimizer/allocate_ipopt.c
:info:build /usr/bin/clang++ -c -pipe -Os  -O2  -Xarch_x86_64 -mmacosx-version-min=10.8 -w -DQT_NO_DEBUG -DQT_WEBKIT_LIB -DQT_SVG_LIB -DQT_XML_LIB -DQT_GUI_LIB -DQT_NETWORK_LIB -DQT_CORE_LIB -DQT_SHARED -I/opt/local/share/qt4/mkspecs/macx-g++ -I. -I../generatedfiles/moc -I/opt/local/Library/Frameworks/QtCore.framework/Versions/4/Headers -I/opt/local/Library/Frameworks/QtNetwork.framework/Versions/4/Headers -I/opt/local/Library/Frameworks/QtGui.framework/Versions/4/Headers -I/opt/local/Library/Frameworks/QtXml.framework/Versions/4/Headers -I/opt/local/Library/Frameworks/QtSvg.framework/Versions/4/Headers -I/opt/local/Library/Frameworks/QtWebKit.framework/Versions/4/Headers -I/opt/local/include/qwt -I../../OMPlot/OMPlotGUI -I. -IAnnotations -IComponent -IGUI -IGUI/Containers -IGUI/Widgets -IGUI/Dialogs -IOMC -IUtil -I/opt/local/Library/Frameworks/QtWebKit.framework/Versions/4/Headers -I/opt/local/Library/Frameworks/QtSvg.framework/Versions/4/Headers -I/opt/local/Library/Frameworks/QtXml.framework/Versions/4/Headers -I/opt/local/Library/Frameworks/QtGui.framework/Versions/4/Headers -I/opt/local/Library/Frameworks/QtNetwork.framework/Versions/4/Headers -I/opt/local/Library/Frameworks/QtCore.framework/Versions/4/Headers -I/opt/local/include -F/opt/local/Library/Frameworks -F/opt/local/lib -o moc_Helper.o ../generatedfiles/moc/moc_Helper.cpp
:info:build /usr/bin/clang -c -I. -I./util/ -I. -I./meta/ -I./meta/gc  -I../../3rdParty/gc-7.2/include -I../../3rdParty/FMIL/install/include/ -I../../3rdParty/lis-1.4.12/include/ -I/opt/local/include -DGC_REDIRECT_TO_LOCAL -pipe -Os -arch x86_64   -o optimization/initialOptimizer/initial_guess.o optimization/initialOptimizer/initial_guess.c
:info:build /usr/bin/clang++ -c -pipe -Os  -O2  -Xarch_x86_64 -mmacosx-version-min=10.8 -w -DQT_NO_DEBUG -DQT_WEBKIT_LIB -DQT_SVG_LIB -DQT_XML_LIB -DQT_GUI_LIB -DQT_NETWORK_LIB -DQT_CORE_LIB -DQT_SHARED -I/opt/local/share/qt4/mkspecs/macx-g++ -I. -I../generatedfiles/moc -I/opt/local/Library/Frameworks/QtCore.framework/Versions/4/Headers -I/opt/local/Library/Frameworks/QtNetwork.framework/Versions/4/Headers -I/opt/local/Library/Frameworks/QtGui.framework/Versions/4/Headers -I/opt/local/Library/Frameworks/QtXml.framework/Versions/4/Headers -I/opt/local/Library/Frameworks/QtSvg.framework/Versions/4/Headers -I/opt/local/Library/Frameworks/QtWebKit.framework/Versions/4/Headers -I/opt/local/include/qwt -I../../OMPlot/OMPlotGUI -I. -IAnnotations -IComponent -IGUI -IGUI/Containers -IGUI/Widgets -IGUI/Dialogs -IOMC -IUtil -I/opt/local/Library/Frameworks/QtWebKit.framework/Versions/4/Headers -I/opt/local/Library/Frameworks/QtSvg.framework/Versions/4/Headers -I/opt/local/Library/Frameworks/QtXml.framework/Versions/4/Headers -I/opt/local/Library/Frameworks/QtGui.framework/Versions/4/Headers -I/opt/local/Library/Frameworks/QtNetwork.framework/Versions/4/Headers -I/opt/local/Library/Frameworks/QtCore.framework/Versions/4/Headers -I/opt/local/include -F/opt/local/Library/Frameworks -F/opt/local/lib -o moc_MainWindow.o ../generatedfiles/moc/moc_MainWindow.cpp
:info:build /usr/bin/clang -c -I. -I./util/ -I. -I./meta/ -I./meta/gc  -I../../3rdParty/gc-7.2/include -I../../3rdParty/FMIL/install/include/ -I../../3rdParty/lis-1.4.12/include/ -I/opt/local/include -DGC_REDIRECT_TO_LOCAL -pipe -Os -arch x86_64   -o optimization/goal/evalF.o optimization/goal/evalF.c
:info:build /usr/bin/clang -c -I. -I./util/ -I. -I./meta/ -I./meta/gc  -I../../3rdParty/gc-7.2/include -I../../3rdParty/FMIL/install/include/ -I../../3rdParty/lis-1.4.12/include/ -I/opt/local/include -DGC_REDIRECT_TO_LOCAL -pipe -Os -arch x86_64   -o optimization/constraints/evalfDiffG.o optimization/constraints/evalfDiffG.c
:info:build /usr/bin/clang -c -I. -I./util/ -I. -I./meta/ -I./meta/gc  -I../../3rdParty/gc-7.2/include -I../../3rdParty/FMIL/install/include/ -I../../3rdParty/lis-1.4.12/include/ -I/opt/local/include -DGC_REDIRECT_TO_LOCAL -pipe -Os -arch x86_64   -o optimization/constraints/evalfG.o optimization/constraints/evalfG.c
:info:build /usr/bin/clang -c -I. -I./util/ -I. -I./meta/ -I./meta/gc  -I../../3rdParty/gc-7.2/include -I../../3rdParty/FMIL/install/include/ -I../../3rdParty/lis-1.4.12/include/ -I/opt/local/include -DGC_REDIRECT_TO_LOCAL -pipe -Os -arch x86_64   -o optimization/mainOptimizer/ipoptODE.o optimization/mainOptimizer/ipoptODE.c
:info:build /usr/bin/clang -c -I. -I./util/ -I. -I./meta/ -I./meta/gc  -I../../3rdParty/gc-7.2/include -I../../3rdParty/FMIL/install/include/ -I../../3rdParty/lis-1.4.12/include/ -I/opt/local/include -DGC_REDIRECT_TO_LOCAL -pipe -Os -arch x86_64   -o optimization/lagrangeFun/ipopt_hessian.o optimization/lagrangeFun/ipopt_hessian.c
:info:build /usr/bin/clang++ -c -pipe -Os  -O2  -Xarch_x86_64 -mmacosx-version-min=10.8 -w -DQT_NO_DEBUG -DQT_WEBKIT_LIB -DQT_SVG_LIB -DQT_XML_LIB -DQT_GUI_LIB -DQT_NETWORK_LIB -DQT_CORE_LIB -DQT_SHARED -I/opt/local/share/qt4/mkspecs/macx-g++ -I. -I../generatedfiles/moc -I/opt/local/Library/Frameworks/QtCore.framework/Versions/4/Headers -I/opt/local/Library/Frameworks/QtNetwork.framework/Versions/4/Headers -I/opt/local/Library/Frameworks/QtGui.framework/Versions/4/Headers -I/opt/local/Library/Frameworks/QtXml.framework/Versions/4/Headers -I/opt/local/Library/Frameworks/QtSvg.framework/Versions/4/Headers -I/opt/local/Library/Frameworks/QtWebKit.framework/Versions/4/Headers -I/opt/local/include/qwt -I../../OMPlot/OMPlotGUI -I. -IAnnotations -IComponent -IGUI -IGUI/Containers -IGUI/Widgets -IGUI/Dialogs -IOMC -IUtil -I/opt/local/Library/Frameworks/QtWebKit.framework/Versions/4/Headers -I/opt/local/Library/Frameworks/QtSvg.framework/Versions/4/Headers -I/opt/local/Library/Frameworks/QtXml.framework/Versions/4/Headers -I/opt/local/Library/Frameworks/QtGui.framework/Versions/4/Headers -I/opt/local/Library/Frameworks/QtNetwork.framework/Versions/4/Headers -I/opt/local/Library/Frameworks/QtCore.framework/Versions/4/Headers -I/opt/local/include -F/opt/local/Library/Frameworks -F/opt/local/lib -o moc_OMCProxy.o ../generatedfiles/moc/moc_OMCProxy.cpp
:info:build /usr/bin/clang -c -I. -I./util/ -I. -I./meta/ -I./meta/gc  -I../../3rdParty/gc-7.2/include -I../../3rdParty/FMIL/install/include/ -I../../3rdParty/lis-1.4.12/include/ -I/opt/local/include -DGC_REDIRECT_TO_LOCAL -pipe -Os -arch x86_64   -o simulation/results/read_csv.o simulation/results/read_csv.cpp
:info:build /usr/bin/clang -c -I. -I./util/ -I. -I./meta/ -I./meta/gc  -I../../3rdParty/gc-7.2/include -I../../3rdParty/FMIL/install/include/ -I../../3rdParty/lis-1.4.12/include/ -I/opt/local/include -DGC_REDIRECT_TO_LOCAL -pipe -Os -arch x86_64   -o simulation/results/simulation_result.o simulation/results/simulation_result.cpp
:info:build /usr/bin/clang++ -c -pipe -Os  -O2  -Xarch_x86_64 -mmacosx-version-min=10.8 -w -DQT_NO_DEBUG -DQT_WEBKIT_LIB -DQT_SVG_LIB -DQT_XML_LIB -DQT_GUI_LIB -DQT_NETWORK_LIB -DQT_CORE_LIB -DQT_SHARED -I/opt/local/share/qt4/mkspecs/macx-g++ -I. -I../generatedfiles/moc -I/opt/local/Library/Frameworks/QtCore.framework/Versions/4/Headers -I/opt/local/Library/Frameworks/QtNetwork.framework/Versions/4/Headers -I/opt/local/Library/Frameworks/QtGui.framework/Versions/4/Headers -I/opt/local/Library/Frameworks/QtXml.framework/Versions/4/Headers -I/opt/local/Library/Frameworks/QtSvg.framework/Versions/4/Headers -I/opt/local/Library/Frameworks/QtWebKit.framework/Versions/4/Headers -I/opt/local/include/qwt -I../../OMPlot/OMPlotGUI -I. -IAnnotations -IComponent -IGUI -IGUI/Containers -IGUI/Widgets -IGUI/Dialogs -IOMC -IUtil -I/opt/local/Library/Frameworks/QtWebKit.framework/Versions/4/Headers -I/opt/local/Library/Frameworks/QtSvg.framework/Versions/4/Headers -I/opt/local/Library/Frameworks/QtXml.framework/Versions/4/Headers -I/opt/local/Library/Frameworks/QtGui.framework/Versions/4/Headers -I/opt/local/Library/Frameworks/QtNetwork.framework/Versions/4/Headers -I/opt/local/Library/Frameworks/QtCore.framework/Versions/4/Headers -I/opt/local/include -F/opt/local/Library/Frameworks -F/opt/local/lib -o moc_StringHandler.o ../generatedfiles/moc/moc_StringHandler.cpp
:info:build /usr/bin/clang -c -I. -I./util/ -I. -I./meta/ -I./meta/gc  -I../../3rdParty/gc-7.2/include -I../../3rdParty/FMIL/install/include/ -I../../3rdParty/lis-1.4.12/include/ -I/opt/local/include -DGC_REDIRECT_TO_LOCAL -pipe -Os -arch x86_64   -o simulation/results/simulation_result_csv.o simulation/results/simulation_result_csv.cpp
:info:build /usr/bin/clang -c -I. -I./util/ -I. -I./meta/ -I./meta/gc  -I../../3rdParty/gc-7.2/include -I../../3rdParty/FMIL/install/include/ -I../../3rdParty/lis-1.4.12/include/ -I/opt/local/include -DGC_REDIRECT_TO_LOCAL -pipe -Os -arch x86_64   -o simulation/results/simulation_result_mat.o simulation/results/simulation_result_mat.cpp
:info:build /usr/bin/clang -c -I. -I./util/ -I. -I./meta/ -I./meta/gc  -I../../3rdParty/gc-7.2/include -I../../3rdParty/FMIL/install/include/ -I../../3rdParty/lis-1.4.12/include/ -I/opt/local/include -DGC_REDIRECT_TO_LOCAL -pipe -Os -arch x86_64   -o simulation/results/simulation_result_plt.o simulation/results/simulation_result_plt.cpp
:info:build /usr/bin/clang++ -c -I. -I./util/ -I. -I./meta/ -I./meta/gc  -I../../3rdParty/gc-7.2/include -I../../3rdParty/FMIL/install/include/ -I../../3rdParty/lis-1.4.12/include/ -I/opt/local/include -DGC_REDIRECT_TO_LOCAL -pipe -Os -arch x86_64   -o simulation/simulation_input_xml.o simulation/simulation_input_xml.cpp -I./simulation/ -I./util/ -I./math-support/ -I./simulation/results/ -I./simulation/solver/ -I./simulation/solver/initialization/ -Ilinearization/
:info:build /usr/bin/clang++ -c -I. -I./util/ -I. -I./meta/ -I./meta/gc  -I../../3rdParty/gc-7.2/include -I../../3rdParty/FMIL/install/include/ -I../../3rdParty/lis-1.4.12/include/ -I/opt/local/include -DGC_REDIRECT_TO_LOCAL -pipe -Os -arch x86_64   -o simulation/simulation_runtime.o simulation/simulation_runtime.cpp -I./simulation/ -I./util/ -I./math-support/ -I./simulation/results/ -I./simulation/solver/ -I./simulation/solver/initialization/ -Ilinearization/
:info:build /usr/bin/clang++ -c -I. -I./util/ -I. -I./meta/ -I./meta/gc  -I../../3rdParty/gc-7.2/include -I../../3rdParty/FMIL/install/include/ -I../../3rdParty/lis-1.4.12/include/ -I/opt/local/include -DGC_REDIRECT_TO_LOCAL -pipe -Os -arch x86_64   -o simulation/../linearization/linearize.o simulation/../linearization/linearize.cpp -I./simulation/ -I./util/ -I./math-support/ -I./simulation/results/ -I./simulation/solver/ -I./simulation/solver/initialization/ -Ilinearization/
:info:build /usr/bin/clang++ -c -pipe -Os  -O2  -Xarch_x86_64 -mmacosx-version-min=10.8 -w -DQT_NO_DEBUG -DQT_WEBKIT_LIB -DQT_SVG_LIB -DQT_XML_LIB -DQT_GUI_LIB -DQT_NETWORK_LIB -DQT_CORE_LIB -DQT_SHARED -I/opt/local/share/qt4/mkspecs/macx-g++ -I. -I../generatedfiles/moc -I/opt/local/Library/Frameworks/QtCore.framework/Versions/4/Headers -I/opt/local/Library/Frameworks/QtNetwork.framework/Versions/4/Headers -I/opt/local/Library/Frameworks/QtGui.framework/Versions/4/Headers -I/opt/local/Library/Frameworks/QtXml.framework/Versions/4/Headers -I/opt/local/Library/Frameworks/QtSvg.framework/Versions/4/Headers -I/opt/local/Library/Frameworks/QtWebKit.framework/Versions/4/Headers -I/opt/local/include/qwt -I../../OMPlot/OMPlotGUI -I. -IAnnotations -IComponent -IGUI -IGUI/Containers -IGUI/Widgets -IGUI/Dialogs -IOMC -IUtil -I/opt/local/Library/Frameworks/QtWebKit.framework/Versions/4/Headers -I/opt/local/Library/Frameworks/QtSvg.framework/Versions/4/Headers -I/opt/local/Library/Frameworks/QtXml.framework/Versions/4/Headers -I/opt/local/Library/Frameworks/QtGui.framework/Versions/4/Headers -I/opt/local/Library/Frameworks/QtNetwork.framework/Versions/4/Headers -I/opt/local/Library/Frameworks/QtCore.framework/Versions/4/Headers -I/opt/local/include -F/opt/local/Library/Frameworks -F/opt/local/lib -o moc_MessagesWidget.o ../generatedfiles/moc/moc_MessagesWidget.cpp
:info:build Deps: ./simulation/options.h ./simulation/simulation_input_xml.h ./simulation/simulation_info_xml.h ./simulation/modelinfo.h ./simulation/simulation_runtime.h ./simulation/../linearization/linearize.h simulation/libf2c/f2c.h util/omc_msvc.h openmodelica.h omc_inline.h openmodelica_func.h simulation_data.h
:info:build /usr/bin/clang -c -I. -I./util/ -I. -I./meta/ -I./meta/gc  -I../../3rdParty/gc-7.2/include -I../../3rdParty/FMIL/install/include/ -I../../3rdParty/lis-1.4.12/include/ -I/opt/local/include -DGC_REDIRECT_TO_LOCAL -pipe -Os -arch x86_64   -o simulation/modelinfo.o simulation/modelinfo.c -I./simulation/ -I./util/ -I./math-support/ -I./simulation/results/ -I./simulation/solver/ -I./simulation/solver/initialization/ -Ilinearization/
:info:build /usr/bin/clang++ -c -pipe -Os  -O2  -Xarch_x86_64 -mmacosx-version-min=10.8 -w -DQT_NO_DEBUG -DQT_WEBKIT_LIB -DQT_SVG_LIB -DQT_XML_LIB -DQT_GUI_LIB -DQT_NETWORK_LIB -DQT_CORE_LIB -DQT_SHARED -I/opt/local/share/qt4/mkspecs/macx-g++ -I. -I../generatedfiles/moc -I/opt/local/Library/Frameworks/QtCore.framework/Versions/4/Headers -I/opt/local/Library/Frameworks/QtNetwork.framework/Versions/4/Headers -I/opt/local/Library/Frameworks/QtGui.framework/Versions/4/Headers -I/opt/local/Library/Frameworks/QtXml.framework/Versions/4/Headers -I/opt/local/Library/Frameworks/QtSvg.framework/Versions/4/Headers -I/opt/local/Library/Frameworks/QtWebKit.framework/Versions/4/Headers -I/opt/local/include/qwt -I../../OMPlot/OMPlotGUI -I. -IAnnotations -IComponent -IGUI -IGUI/Containers -IGUI/Widgets -IGUI/Dialogs -IOMC -IUtil -I/opt/local/Library/Frameworks/QtWebKit.framework/Versions/4/Headers -I/opt/local/Library/Frameworks/QtSvg.framework/Versions/4/Headers -I/opt/local/Library/Frameworks/QtXml.framework/Versions/4/Headers -I/opt/local/Library/Frameworks/QtGui.framework/Versions/4/Headers -I/opt/local/Library/Frameworks/QtNetwork.framework/Versions/4/Headers -I/opt/local/Library/Frameworks/QtCore.framework/Versions/4/Headers -I/opt/local/include -F/opt/local/Library/Frameworks -F/opt/local/lib -o moc_LibraryTreeWidget.o ../generatedfiles/moc/moc_LibraryTreeWidget.cpp
:info:build /usr/bin/clang++ -c -pipe -Os  -O2  -Xarch_x86_64 -mmacosx-version-min=10.8 -w -DQT_NO_DEBUG -DQT_WEBKIT_LIB -DQT_SVG_LIB -DQT_XML_LIB -DQT_GUI_LIB -DQT_NETWORK_LIB -DQT_CORE_LIB -DQT_SHARED -I/opt/local/share/qt4/mkspecs/macx-g++ -I. -I../generatedfiles/moc -I/opt/local/Library/Frameworks/QtCore.framework/Versions/4/Headers -I/opt/local/Library/Frameworks/QtNetwork.framework/Versions/4/Headers -I/opt/local/Library/Frameworks/QtGui.framework/Versions/4/Headers -I/opt/local/Library/Frameworks/QtXml.framework/Versions/4/Headers -I/opt/local/Library/Frameworks/QtSvg.framework/Versions/4/Headers -I/opt/local/Library/Frameworks/QtWebKit.framework/Versions/4/Headers -I/opt/local/include/qwt -I../../OMPlot/OMPlotGUI -I. -IAnnotations -IComponent -IGUI -IGUI/Containers -IGUI/Widgets -IGUI/Dialogs -IOMC -IUtil -I/opt/local/Library/Frameworks/QtWebKit.framework/Versions/4/Headers -I/opt/local/Library/Frameworks/QtSvg.framework/Versions/4/Headers -I/opt/local/Library/Frameworks/QtXml.framework/Versions/4/Headers -I/opt/local/Library/Frameworks/QtGui.framework/Versions/4/Headers -I/opt/local/Library/Frameworks/QtNetwork.framework/Versions/4/Headers -I/opt/local/Library/Frameworks/QtCore.framework/Versions/4/Headers -I/opt/local/include -F/opt/local/Library/Frameworks -F/opt/local/lib -o moc_ModelWidgetContainer.o ../generatedfiles/moc/moc_ModelWidgetContainer.cpp
:info:build Deps: ./simulation/options.h ./simulation/simulation_input_xml.h ./simulation/simulation_info_xml.h ./simulation/modelinfo.h ./simulation/simulation_runtime.h ./simulation/../linearization/linearize.h simulation/libf2c/f2c.h util/omc_msvc.h openmodelica.h omc_inline.h openmodelica_func.h simulation_data.h
:info:build /usr/bin/clang -c -I. -I./util/ -I. -I./meta/ -I./meta/gc  -I../../3rdParty/gc-7.2/include -I../../3rdParty/FMIL/install/include/ -I../../3rdParty/lis-1.4.12/include/ -I/opt/local/include -DGC_REDIRECT_TO_LOCAL -pipe -Os -arch x86_64   -o simulation/simulation_info_xml.o simulation/simulation_info_xml.c -I./simulation/ -I./util/ -I./math-support/ -I./simulation/results/ -I./simulation/solver/ -I./simulation/solver/initialization/ -Ilinearization/
:info:build simulation/simulation_info_xml.c:207:14: warning: passing 'const char **' to parameter of type 'char **' discards qualifiers in nested pointer types [-Wincompatible-pointer-types-discards-qualifiers]
:info:build     asprintf(&xml->equationInfo[curIndex].name, "Linear function (index %ld, size %d)", curIndex, xml->equationInfo[curIndex].numVar);
:info:build              ^~~~~~~~~~~~~~~~~~~~~~~~~~~~~~~~~
:info:build /usr/include/stdio.h:462:22: note: passing argument to parameter here
:info:build int      asprintf(char **, const char *, ...) __printflike(2, 3);
:info:build                          ^
:info:build simulation/simulation_info_xml.c:214:14: warning: passing 'const char **' to parameter of type 'char **' discards qualifiers in nested pointer types [-Wincompatible-pointer-types-discards-qualifiers]
:info:build     asprintf(&xml->equationInfo[curIndex].name, "Nonlinear function (residualFunc%ld, size %d)", curIndex, xml->equationInfo[curIndex].numVar);
:info:build              ^~~~~~~~~~~~~~~~~~~~~~~~~~~~~~~~~
:info:build /usr/include/stdio.h:462:22: note: passing argument to parameter here
:info:build int      asprintf(char **, const char *, ...) __printflike(2, 3);
:info:build                          ^
:info:build 2 warnings generated.
:info:build Deps: ./simulation/options.h ./simulation/simulation_input_xml.h ./simulation/simulation_info_xml.h ./simulation/modelinfo.h ./simulation/simulation_runtime.h ./simulation/../linearization/linearize.h simulation/libf2c/f2c.h util/omc_msvc.h openmodelica.h omc_inline.h openmodelica_func.h simulation_data.h
:info:build /usr/bin/clang -c -I. -I./util/ -I. -I./meta/ -I./meta/gc  -I../../3rdParty/gc-7.2/include -I../../3rdParty/FMIL/install/include/ -I../../3rdParty/lis-1.4.12/include/ -I/opt/local/include -DGC_REDIRECT_TO_LOCAL -pipe -Os -arch x86_64   -o simulation/options.o simulation/options.c -I./simulation/ -I./util/ -I./math-support/ -I./simulation/results/ -I./simulation/solver/ -I./simulation/solver/initialization/ -Ilinearization/
:info:build /usr/bin/clang++ -c -pipe -Os  -O2  -Xarch_x86_64 -mmacosx-version-min=10.8 -w -DQT_NO_DEBUG -DQT_WEBKIT_LIB -DQT_SVG_LIB -DQT_XML_LIB -DQT_GUI_LIB -DQT_NETWORK_LIB -DQT_CORE_LIB -DQT_SHARED -I/opt/local/share/qt4/mkspecs/macx-g++ -I. -I../generatedfiles/moc -I/opt/local/Library/Frameworks/QtCore.framework/Versions/4/Headers -I/opt/local/Library/Frameworks/QtNetwork.framework/Versions/4/Headers -I/opt/local/Library/Frameworks/QtGui.framework/Versions/4/Headers -I/opt/local/Library/Frameworks/QtXml.framework/Versions/4/Headers -I/opt/local/Library/Frameworks/QtSvg.framework/Versions/4/Headers -I/opt/local/Library/Frameworks/QtWebKit.framework/Versions/4/Headers -I/opt/local/include/qwt -I../../OMPlot/OMPlotGUI -I. -IAnnotations -IComponent -IGUI -IGUI/Containers -IGUI/Widgets -IGUI/Dialogs -IOMC -IUtil -I/opt/local/Library/Frameworks/QtWebKit.framework/Versions/4/Headers -I/opt/local/Library/Frameworks/QtSvg.framework/Versions/4/Headers -I/opt/local/Library/Frameworks/QtXml.framework/Versions/4/Headers -I/opt/local/Library/Frameworks/QtGui.framework/Versions/4/Headers -I/opt/local/Library/Frameworks/QtNetwork.framework/Versions/4/Headers -I/opt/local/Library/Frameworks/QtCore.framework/Versions/4/Headers -I/opt/local/include -F/opt/local/Library/Frameworks -F/opt/local/lib -o moc_ModelicaClassDialog.o ../generatedfiles/moc/moc_ModelicaClassDialog.cpp
:info:build /usr/bin/clang -c -I. -I./util/ -I. -I./meta/ -I./meta/gc  -I../../3rdParty/gc-7.2/include -I../../3rdParty/FMIL/install/include/ -I../../3rdParty/lis-1.4.12/include/ -I/opt/local/include -DGC_REDIRECT_TO_LOCAL -pipe -Os -arch x86_64   -o meta/meta_modelica_catch.o meta/meta_modelica_catch.c -g
:info:build /usr/bin/clang++ -c -pipe -Os  -O2  -Xarch_x86_64 -mmacosx-version-min=10.8 -w -DQT_NO_DEBUG -DQT_WEBKIT_LIB -DQT_SVG_LIB -DQT_XML_LIB -DQT_GUI_LIB -DQT_NETWORK_LIB -DQT_CORE_LIB -DQT_SHARED -I/opt/local/share/qt4/mkspecs/macx-g++ -I. -I../generatedfiles/moc -I/opt/local/Library/Frameworks/QtCore.framework/Versions/4/Headers -I/opt/local/Library/Frameworks/QtNetwork.framework/Versions/4/Headers -I/opt/local/Library/Frameworks/QtGui.framework/Versions/4/Headers -I/opt/local/Library/Frameworks/QtXml.framework/Versions/4/Headers -I/opt/local/Library/Frameworks/QtSvg.framework/Versions/4/Headers -I/opt/local/Library/Frameworks/QtWebKit.framework/Versions/4/Headers -I/opt/local/include/qwt -I../../OMPlot/OMPlotGUI -I. -IAnnotations -IComponent -IGUI -IGUI/Containers -IGUI/Widgets -IGUI/Dialogs -IOMC -IUtil -I/opt/local/Library/Frameworks/QtWebKit.framework/Versions/4/Headers -I/opt/local/Library/Frameworks/QtSvg.framework/Versions/4/Headers -I/opt/local/Library/Frameworks/QtXml.framework/Versions/4/Headers -I/opt/local/Library/Frameworks/QtGui.framework/Versions/4/Headers -I/opt/local/Library/Frameworks/QtNetwork.framework/Versions/4/Headers -I/opt/local/Library/Frameworks/QtCore.framework/Versions/4/Headers -I/opt/local/include -F/opt/local/Library/Frameworks -F/opt/local/lib -o moc_OptionsDialog.o ../generatedfiles/moc/moc_OptionsDialog.cpp
:info:build /usr/bin/clang -I. -I./util/ -I. -I./meta/ -I./meta/gc  -I../../3rdParty/gc-7.2/include -I../../3rdParty/FMIL/install/include/ -I../../3rdParty/lis-1.4.12/include/ -I/opt/local/include -DGC_REDIRECT_TO_LOCAL -pipe -Os -arch x86_64   -I. -I./util/ -I. -I./meta/ -I./meta/gc  -I../../3rdParty/gc-7.2/include -I../../3rdParty/FMIL/install/include/ -I../../3rdParty/lis-1.4.12/include/ -I/opt/local/include -DGC_REDIRECT_TO_LOCAL  -c -o fmi/FMICommon.o fmi/FMICommon.c
:info:build /usr/bin/clang++ -c -pipe -Os  -O2  -Xarch_x86_64 -mmacosx-version-min=10.8 -w -DQT_NO_DEBUG -DQT_WEBKIT_LIB -DQT_SVG_LIB -DQT_XML_LIB -DQT_GUI_LIB -DQT_NETWORK_LIB -DQT_CORE_LIB -DQT_SHARED -I/opt/local/share/qt4/mkspecs/macx-g++ -I. -I../generatedfiles/moc -I/opt/local/Library/Frameworks/QtCore.framework/Versions/4/Headers -I/opt/local/Library/Frameworks/QtNetwork.framework/Versions/4/Headers -I/opt/local/Library/Frameworks/QtGui.framework/Versions/4/Headers -I/opt/local/Library/Frameworks/QtXml.framework/Versions/4/Headers -I/opt/local/Library/Frameworks/QtSvg.framework/Versions/4/Headers -I/opt/local/Library/Frameworks/QtWebKit.framework/Versions/4/Headers -I/opt/local/include/qwt -I../../OMPlot/OMPlotGUI -I. -IAnnotations -IComponent -IGUI -IGUI/Containers -IGUI/Widgets -IGUI/Dialogs -IOMC -IUtil -I/opt/local/Library/Frameworks/QtWebKit.framework/Versions/4/Headers -I/opt/local/Library/Frameworks/QtSvg.framework/Versions/4/Headers -I/opt/local/Library/Frameworks/QtXml.framework/Versions/4/Headers -I/opt/local/Library/Frameworks/QtGui.framework/Versions/4/Headers -I/opt/local/Library/Frameworks/QtNetwork.framework/Versions/4/Headers -I/opt/local/Library/Frameworks/QtCore.framework/Versions/4/Headers -I/opt/local/include -F/opt/local/Library/Frameworks -F/opt/local/lib -o moc_ModelicaTextWidget.o ../generatedfiles/moc/moc_ModelicaTextWidget.cpp
:info:build /usr/bin/clang -I. -I./util/ -I. -I./meta/ -I./meta/gc  -I../../3rdParty/gc-7.2/include -I../../3rdParty/FMIL/install/include/ -I../../3rdParty/lis-1.4.12/include/ -I/opt/local/include -DGC_REDIRECT_TO_LOCAL -pipe -Os -arch x86_64   -I. -I./util/ -I. -I./meta/ -I./meta/gc  -I../../3rdParty/gc-7.2/include -I../../3rdParty/FMIL/install/include/ -I../../3rdParty/lis-1.4.12/include/ -I/opt/local/include -DGC_REDIRECT_TO_LOCAL  -c -o fmi/FMI1Common.o fmi/FMI1Common.c
:info:build /usr/bin/clang -I. -I./util/ -I. -I./meta/ -I./meta/gc  -I../../3rdParty/gc-7.2/include -I../../3rdParty/FMIL/install/include/ -I../../3rdParty/lis-1.4.12/include/ -I/opt/local/include -DGC_REDIRECT_TO_LOCAL -pipe -Os -arch x86_64   -I. -I./util/ -I. -I./meta/ -I./meta/gc  -I../../3rdParty/gc-7.2/include -I../../3rdParty/FMIL/install/include/ -I../../3rdParty/lis-1.4.12/include/ -I/opt/local/include -DGC_REDIRECT_TO_LOCAL  -c -o fmi/FMI1ModelExchange.o fmi/FMI1ModelExchange.c
:info:build /usr/bin/clang -I. -I./util/ -I. -I./meta/ -I./meta/gc  -I../../3rdParty/gc-7.2/include -I../../3rdParty/FMIL/install/include/ -I../../3rdParty/lis-1.4.12/include/ -I/opt/local/include -DGC_REDIRECT_TO_LOCAL -pipe -Os -arch x86_64   -I. -I./util/ -I. -I./meta/ -I./meta/gc  -I../../3rdParty/gc-7.2/include -I../../3rdParty/FMIL/install/include/ -I../../3rdParty/lis-1.4.12/include/ -I/opt/local/include -DGC_REDIRECT_TO_LOCAL  -c -o fmi/FMI1CoSimulation.o fmi/FMI1CoSimulation.c
:info:build /usr/bin/clang -I. -I./util/ -I. -I./meta/ -I./meta/gc  -I../../3rdParty/gc-7.2/include -I../../3rdParty/FMIL/install/include/ -I../../3rdParty/lis-1.4.12/include/ -I/opt/local/include -DGC_REDIRECT_TO_LOCAL -pipe -Os -arch x86_64   -I. -I./util/ -I. -I./meta/ -I./meta/gc  -I../../3rdParty/gc-7.2/include -I../../3rdParty/FMIL/install/include/ -I../../3rdParty/lis-1.4.12/include/ -I/opt/local/include -DGC_REDIRECT_TO_LOCAL  -c -o fmi/FMI2Common.o fmi/FMI2Common.c
:info:build /usr/bin/clang -I. -I./util/ -I. -I./meta/ -I./meta/gc  -I../../3rdParty/gc-7.2/include -I../../3rdParty/FMIL/install/include/ -I../../3rdParty/lis-1.4.12/include/ -I/opt/local/include -DGC_REDIRECT_TO_LOCAL -pipe -Os -arch x86_64   -I. -I./util/ -I. -I./meta/ -I./meta/gc  -I../../3rdParty/gc-7.2/include -I../../3rdParty/FMIL/install/include/ -I../../3rdParty/lis-1.4.12/include/ -I/opt/local/include -DGC_REDIRECT_TO_LOCAL  -c -o fmi/FMI2ModelExchange.o fmi/FMI2ModelExchange.c
:info:build sh -x ar.sh libSimulationRuntimeC.a ./meta/meta_modelica_builtin.o ./meta/meta_modelica_string_lit.o ./meta/meta_modelica_segv.o ./meta/realString.o ./meta/meta_modelica.o ./meta/meta_modelica_real.o ./meta/gc/mmc_gc.o ./meta/gc/common.o ./meta/gc/roots.o ./meta/gc/generational.o ./meta/gc/marksweep.o ./util/base_array.o ./util/boolean_array.o ./util/omc_error.o ./util/division.o ./util/generic_array.o ./util/index_spec.o ./util/integer_array.o ./util/java_interface.o ./util/list.o ./util/memory_pool.o ./util/modelica_string.o ./util/read_write.o ./util/read_matlab4.o ./util/real_array.o ./util/ringbuffer.o ./util/rtclock.o ./util/string_array.o ./util/utility.o ./util/varinfo.o ./util/ModelicaUtilities.o ./util/omc_msvc.o ./util/simulation_options.o ./util/tinymt64.o ./util/OldModelicaTables.o ./math-support/bigden.o ./math-support/biglag.o ./math-support/daux.o ./math-support/ddasrt.o ./math-support/ddassl.o ./math-support/dlamch.o ./math-support/dlinpk.o ./math-support/dogleg.o ./math-support/dpmpar.o ./math-support/enorm.o ./math-support/fdjac1.o ./math-support/hybrd.o ./math-support/hybrd1.o ./math-support/hybrj.o ./math-support/lsame.o ./math-support/nelmead.o ./math-support/newuoa.o ./math-support/newuob.o ./math-support/qform.o ./math-support/qrfac.o ./math-support/r1mpyq.o ./math-support/r1updt.o ./math-support/trsapp.o ./math-support/update.o ./math-support/pivot.o ./simulation/solver/dassl.o ./simulation/solver/delay.o ./simulation/solver/events.o ./simulation/solver/model_help.o ./simulation/solver/mixedSystem.o ./simulation/solver/mixedSearchSolver.o ./simulation/solver/kinsolSolver.o ./simulation/solver/linearSystem.o ./simulation/solver/linearSolverLapack.o ./simulation/solver/linearSolverLis.o ./simulation/solver/nonlinearSystem.o ./simulation/solver/nonlinearSolverHybrd.o ./simulation/solver/nonlinearSolverNewton.o ./simulation/solver/solver_main.o ./simulation/solver/stateset.o ./simulation/solver/radau.o ./simulation/solver/initialization/initialization.o ./simulation/solver/initialization/initialization_data.o ./simulation/solver/initialization/method_ipopt.o ./simulation/solver/initialization/method_kinsol.o ./simulation/solver/initialization/method_newuoa.o ./simulation/solver/initialization/method_simplex.o ./simulation/solver/initialization/method_nelderMeadEx.o ./optimization/initialOptimizer/allocate_ipopt.o ./optimization/initialOptimizer/initial_guess.o ./optimization/goal/evalF.o ./optimization/constraints/evalfDiffG.o ./optimization/constraints/evalfG.o ./optimization/mainOptimizer/ipoptODE.o ./optimization/lagrangeFun/ipopt_hessian.o ./simulation/results/read_csv.o ./simulation/results/simulation_result.o ./simulation/results/simulation_result_csv.o ./simulation/results/simulation_result_mat.o ./simulation/results/simulation_result_plt.o ./simulation/simulation_input_xml.o ./simulation/simulation_runtime.o ./simulation/../linearization/linearize.o ./simulation/modelinfo.o ./simulation/simulation_info_xml.o ./simulation/options.o meta/meta_modelica_catch.o
:info:build + ld -r -o libSimulationRuntimeC.a ./meta/meta_modelica_builtin.o ./meta/meta_modelica_string_lit.o ./meta/meta_modelica_segv.o ./meta/realString.o ./meta/meta_modelica.o ./meta/meta_modelica_real.o ./meta/gc/mmc_gc.o ./meta/gc/common.o ./meta/gc/roots.o ./meta/gc/generational.o ./meta/gc/marksweep.o ./util/base_array.o ./util/boolean_array.o ./util/omc_error.o ./util/division.o ./util/generic_array.o ./util/index_spec.o ./util/integer_array.o ./util/java_interface.o ./util/list.o ./util/memory_pool.o ./util/modelica_string.o ./util/read_write.o ./util/read_matlab4.o ./util/real_array.o ./util/ringbuffer.o ./util/rtclock.o ./util/string_array.o ./util/utility.o ./util/varinfo.o ./util/ModelicaUtilities.o ./util/omc_msvc.o ./util/simulation_options.o ./util/tinymt64.o ./util/OldModelicaTables.o ./math-support/bigden.o ./math-support/biglag.o ./math-support/daux.o ./math-support/ddasrt.o ./math-support/ddassl.o ./math-support/dlamch.o ./math-support/dlinpk.o ./math-support/dogleg.o ./math-support/dpmpar.o ./math-support/enorm.o ./math-support/fdjac1.o ./math-support/hybrd.o ./math-support/hybrd1.o ./math-support/hybrj.o ./math-support/lsame.o ./math-support/nelmead.o ./math-support/newuoa.o ./math-support/newuob.o ./math-support/qform.o ./math-support/qrfac.o ./math-support/r1mpyq.o ./math-support/r1updt.o ./math-support/trsapp.o ./math-support/update.o ./math-support/pivot.o ./simulation/solver/dassl.o ./simulation/solver/delay.o ./simulation/solver/events.o ./simulation/solver/model_help.o ./simulation/solver/mixedSystem.o ./simulation/solver/mixedSearchSolver.o ./simulation/solver/kinsolSolver.o ./simulation/solver/linearSystem.o ./simulation/solver/linearSolverLapack.o ./simulation/solver/linearSolverLis.o ./simulation/solver/nonlinearSystem.o ./simulation/solver/nonlinearSolverHybrd.o ./simulation/solver/nonlinearSolverNewton.o ./simulation/solver/solver_main.o ./simulation/solver/stateset.o ./simulation/solver/radau.o ./simulation/solver/initialization/initialization.o ./simulation/solver/initialization/initialization_data.o ./simulation/solver/initialization/method_ipopt.o ./simulation/solver/initialization/method_kinsol.o ./simulation/solver/initialization/method_newuoa.o ./simulation/solver/initialization/method_simplex.o ./simulation/solver/initialization/method_nelderMeadEx.o ./optimization/initialOptimizer/allocate_ipopt.o ./optimization/initialOptimizer/initial_guess.o ./optimization/goal/evalF.o ./optimization/constraints/evalfDiffG.o ./optimization/constraints/evalfG.o ./optimization/mainOptimizer/ipoptODE.o ./optimization/lagrangeFun/ipopt_hessian.o ./simulation/results/read_csv.o ./simulation/results/simulation_result.o ./simulation/results/simulation_result_csv.o ./simulation/results/simulation_result_mat.o ./simulation/results/simulation_result_plt.o ./simulation/simulation_input_xml.o ./simulation/simulation_runtime.o ./simulation/../linearization/linearize.o ./simulation/modelinfo.o ./simulation/simulation_info_xml.o ./simulation/options.o meta/meta_modelica_catch.o
:info:build + mv libSimulationRuntimeC.a libSimulationRuntimeC.a.o
:info:build + ar -ru libSimulationRuntimeC.a libSimulationRuntimeC.a.o
:info:build ar: creating archive libSimulationRuntimeC.a
:info:build + rm libSimulationRuntimeC.a.o
:info:build ranlib libSimulationRuntimeC.a
:info:build sh -x ar.sh libOpenModelicaRuntimeC.a ./meta/meta_modelica_builtin.o ./meta/meta_modelica_string_lit.o ./meta/meta_modelica_segv.o ./meta/realString.o ./meta/meta_modelica.o ./meta/meta_modelica_real.o ./meta/gc/mmc_gc.o ./meta/gc/common.o ./meta/gc/roots.o ./meta/gc/generational.o ./meta/gc/marksweep.o ./util/base_array.o ./util/boolean_array.o ./util/omc_error.o ./util/division.o ./util/generic_array.o ./util/index_spec.o ./util/integer_array.o ./util/java_interface.o ./util/list.o ./util/memory_pool.o ./util/modelica_string.o ./util/read_write.o ./util/read_matlab4.o ./util/real_array.o ./util/ringbuffer.o ./util/rtclock.o ./util/string_array.o ./util/utility.o ./util/varinfo.o ./util/ModelicaUtilities.o ./util/omc_msvc.o ./util/simulation_options.o ./util/tinymt64.o ./util/OldModelicaTables.o ./simulation/results/read_csv.o ./simulation/results/simulation_result.o ./simulation/results/simulation_result_csv.o ./simulation/results/simulation_result_mat.o ./simulation/results/simulation_result_plt.o meta/meta_modelica_catch.o
:info:build + ld -r -o libOpenModelicaRuntimeC.a ./meta/meta_modelica_builtin.o ./meta/meta_modelica_string_lit.o ./meta/meta_modelica_segv.o ./meta/realString.o ./meta/meta_modelica.o ./meta/meta_modelica_real.o ./meta/gc/mmc_gc.o ./meta/gc/common.o ./meta/gc/roots.o ./meta/gc/generational.o ./meta/gc/marksweep.o ./util/base_array.o ./util/boolean_array.o ./util/omc_error.o ./util/division.o ./util/generic_array.o ./util/index_spec.o ./util/integer_array.o ./util/java_interface.o ./util/list.o ./util/memory_pool.o ./util/modelica_string.o ./util/read_write.o ./util/read_matlab4.o ./util/real_array.o ./util/ringbuffer.o ./util/rtclock.o ./util/string_array.o ./util/utility.o ./util/varinfo.o ./util/ModelicaUtilities.o ./util/omc_msvc.o ./util/simulation_options.o ./util/tinymt64.o ./util/OldModelicaTables.o ./simulation/results/read_csv.o ./simulation/results/simulation_result.o ./simulation/results/simulation_result_csv.o ./simulation/results/simulation_result_mat.o ./simulation/results/simulation_result_plt.o meta/meta_modelica_catch.o
:info:build + mv libOpenModelicaRuntimeC.a libOpenModelicaRuntimeC.a.o
:info:build + ar -ru libOpenModelicaRuntimeC.a libOpenModelicaRuntimeC.a.o
:info:build ar: creating archive libOpenModelicaRuntimeC.a
:info:build + rm libOpenModelicaRuntimeC.a.o
:info:build ranlib libOpenModelicaRuntimeC.a
:info:build sh -x ar.sh libOpenModelicaFMIRuntimeC.a  ./fmi/FMICommon.o ./fmi/FMI1Common.o ./fmi/FMI1ModelExchange.o ./fmi/FMI1CoSimulation.o ./fmi/FMI2Common.o ./fmi/FMI2ModelExchange.o
:info:build + ld -r -o libOpenModelicaFMIRuntimeC.a ./fmi/FMICommon.o ./fmi/FMI1Common.o ./fmi/FMI1ModelExchange.o ./fmi/FMI1CoSimulation.o ./fmi/FMI2Common.o ./fmi/FMI2ModelExchange.o
:info:build + mv libOpenModelicaFMIRuntimeC.a libOpenModelicaFMIRuntimeC.a.o
:info:build + ar -ru libOpenModelicaFMIRuntimeC.a libOpenModelicaFMIRuntimeC.a.o
:info:build ar: creating archive libOpenModelicaFMIRuntimeC.a
:info:build + rm libOpenModelicaFMIRuntimeC.a.o
:info:build ranlib libOpenModelicaFMIRuntimeC.a
:info:build # copy libraries
:info:build cp -p libSimulationRuntimeC.a libOpenModelicaRuntimeC.a libOpenModelicaFMIRuntimeC.a \
:info:build 	   ../interactive/libinteractive.a ../../build/lib/omc
:info:build test -z "" || cp simulation/libf2c/libf2c.* ../../build/lib/omc/
:info:build test ! -f libSimulationRuntimeC.bc || cp libSimulationRuntimeC.bc ../../build/lib/omc/emcc/libSimulationRuntimeC.so
:info:build test ! -f simulation/libf2c/libf2c.bc || cp simulation/libf2c/libf2c.bc ../../build/lib/omc/emcc/libf2c.so
:info:build # copy interactive sample client
:info:build cp ../interactive/SampleClient/interactiveclient.app ../../build/bin
:info:build # copy header files
:info:build cp -p  ./omc_inline.h ./math-support/blaswrap.h ./meta/gc/common.h ./meta/gc/mmc_gc.h ./meta/gc/generational.h ./meta/gc/marksweep.h ./meta/gc/roots.h ./meta/meta_modelica_builtin_boxptr.h ./meta/meta_modelica_builtin.h ./meta/meta_modelica.h ./meta/meta_modelica_real.h ./meta/meta_modelica_segv.h ./meta/meta_modelica_string_lit.h ./openmodelica_func.h ./openmodelica.h ./simulation_data.h ./simulation/modelinfo.h ./simulation/simulation_info_xml.h ./simulation/simulation_runtime.h ./simulation/solver/delay.h ./simulation/solver/mixedSystem.h ./simulation/solver/linearSystem.h ./simulation/solver/model_help.h ./simulation/solver/nonlinearSystem.h ./simulation/solver/simulation_inline_solver.h ./simulation/solver/stateset.h ./simulation/results/simulation_result.h ./util/ModelicaUtilities.h ./util/base_array.h ./util/boolean_array.h ./util/division.h ./util/generic_array.h ./util/index_spec.h ./util/integer_array.h ./util/java_interface.h ./util/memory_pool.h ./util/modelica.h ./util/modelica_string.h ./util/omc_error.h ./util/read_write.h ./util/real_array.h ./util/ringbuffer.h ./util/rtclock.h ./util/string_array.h ./util/utility.h ./util/varinfo.h ./linearization/linearize.h ./simulation/solver/perform_simulation.c ./optimization/interfaceOptimization.h ./simulation/solver/dassl.h  ../../build/include/omc
:info:build # copy fmi stuff
:info:build cp -p ./simulation/solver/initialization/initialization.h ./simulation/solver/initialization/initialization_data.h ./simulation/solver/events.h ./simulation/solver/solver_main.h ./util/list.h  ../fmi/export/*.h \
:info:build 	   ../fmi/export/fmu_model_interface.c \
:info:build 	   ../fmi/import/fmuWrapper.h \
:info:build 	   ../fmi/import/xmlparser.h ../../build/include/omc
:info:build # copy java interface stuff
:info:build make[4]: Entering directory `/opt/local/var/macports/build/_opt_local_var_macports_sources_build.openmodelica.org_macports_lang_openmodelica-devel/openmodelica-devel/work/openmodelica_18002/SimulationRuntime/c/util/java_interface'
:info:build /usr/bin/clang++ -c -pipe -Os  -O2  -Xarch_x86_64 -mmacosx-version-min=10.8 -w -DQT_NO_DEBUG -DQT_WEBKIT_LIB -DQT_SVG_LIB -DQT_XML_LIB -DQT_GUI_LIB -DQT_NETWORK_LIB -DQT_CORE_LIB -DQT_SHARED -I/opt/local/share/qt4/mkspecs/macx-g++ -I. -I../generatedfiles/moc -I/opt/local/Library/Frameworks/QtCore.framework/Versions/4/Headers -I/opt/local/Library/Frameworks/QtNetwork.framework/Versions/4/Headers -I/opt/local/Library/Frameworks/QtGui.framework/Versions/4/Headers -I/opt/local/Library/Frameworks/QtXml.framework/Versions/4/Headers -I/opt/local/Library/Frameworks/QtSvg.framework/Versions/4/Headers -I/opt/local/Library/Frameworks/QtWebKit.framework/Versions/4/Headers -I/opt/local/include/qwt -I../../OMPlot/OMPlotGUI -I. -IAnnotations -IComponent -IGUI -IGUI/Containers -IGUI/Widgets -IGUI/Dialogs -IOMC -IUtil -I/opt/local/Library/Frameworks/QtWebKit.framework/Versions/4/Headers -I/opt/local/Library/Frameworks/QtSvg.framework/Versions/4/Headers -I/opt/local/Library/Frameworks/QtXml.framework/Versions/4/Headers -I/opt/local/Library/Frameworks/QtGui.framework/Versions/4/Headers -I/opt/local/Library/Frameworks/QtNetwork.framework/Versions/4/Headers -I/opt/local/Library/Frameworks/QtCore.framework/Versions/4/Headers -I/opt/local/include -F/opt/local/Library/Frameworks -F/opt/local/lib -o moc_PlotWindowContainer.o ../generatedfiles/moc/moc_PlotWindowContainer.cpp
:info:build /usr/bin/clang++ -c -pipe -Os  -O2  -Xarch_x86_64 -mmacosx-version-min=10.8 -w -DQT_NO_DEBUG -DQT_WEBKIT_LIB -DQT_SVG_LIB -DQT_XML_LIB -DQT_GUI_LIB -DQT_NETWORK_LIB -DQT_CORE_LIB -DQT_SHARED -I/opt/local/share/qt4/mkspecs/macx-g++ -I. -I../generatedfiles/moc -I/opt/local/Library/Frameworks/QtCore.framework/Versions/4/Headers -I/opt/local/Library/Frameworks/QtNetwork.framework/Versions/4/Headers -I/opt/local/Library/Frameworks/QtGui.framework/Versions/4/Headers -I/opt/local/Library/Frameworks/QtXml.framework/Versions/4/Headers -I/opt/local/Library/Frameworks/QtSvg.framework/Versions/4/Headers -I/opt/local/Library/Frameworks/QtWebKit.framework/Versions/4/Headers -I/opt/local/include/qwt -I../../OMPlot/OMPlotGUI -I. -IAnnotations -IComponent -IGUI -IGUI/Containers -IGUI/Widgets -IGUI/Dialogs -IOMC -IUtil -I/opt/local/Library/Frameworks/QtWebKit.framework/Versions/4/Headers -I/opt/local/Library/Frameworks/QtSvg.framework/Versions/4/Headers -I/opt/local/Library/Frameworks/QtXml.framework/Versions/4/Headers -I/opt/local/Library/Frameworks/QtGui.framework/Versions/4/Headers -I/opt/local/Library/Frameworks/QtNetwork.framework/Versions/4/Headers -I/opt/local/Library/Frameworks/QtCore.framework/Versions/4/Headers -I/opt/local/include -F/opt/local/Library/Frameworks -F/opt/local/lib -o moc_Component.o ../generatedfiles/moc/moc_Component.cpp
:info:build /usr/bin/clang++ -c -pipe -Os  -O2  -Xarch_x86_64 -mmacosx-version-min=10.8 -w -DQT_NO_DEBUG -DQT_WEBKIT_LIB -DQT_SVG_LIB -DQT_XML_LIB -DQT_GUI_LIB -DQT_NETWORK_LIB -DQT_CORE_LIB -DQT_SHARED -I/opt/local/share/qt4/mkspecs/macx-g++ -I. -I../generatedfiles/moc -I/opt/local/Library/Frameworks/QtCore.framework/Versions/4/Headers -I/opt/local/Library/Frameworks/QtNetwork.framework/Versions/4/Headers -I/opt/local/Library/Frameworks/QtGui.framework/Versions/4/Headers -I/opt/local/Library/Frameworks/QtXml.framework/Versions/4/Headers -I/opt/local/Library/Frameworks/QtSvg.framework/Versions/4/Headers -I/opt/local/Library/Frameworks/QtWebKit.framework/Versions/4/Headers -I/opt/local/include/qwt -I../../OMPlot/OMPlotGUI -I. -IAnnotations -IComponent -IGUI -IGUI/Containers -IGUI/Widgets -IGUI/Dialogs -IOMC -IUtil -I/opt/local/Library/Frameworks/QtWebKit.framework/Versions/4/Headers -I/opt/local/Library/Frameworks/QtSvg.framework/Versions/4/Headers -I/opt/local/Library/Frameworks/QtXml.framework/Versions/4/Headers -I/opt/local/Library/Frameworks/QtGui.framework/Versions/4/Headers -I/opt/local/Library/Frameworks/QtNetwork.framework/Versions/4/Headers -I/opt/local/Library/Frameworks/QtCore.framework/Versions/4/Headers -I/opt/local/include -F/opt/local/Library/Frameworks -F/opt/local/lib -o moc_ShapeAnnotation.o ../generatedfiles/moc/moc_ShapeAnnotation.cpp
:info:build /usr/bin/clang++ -c -pipe -Os  -O2  -Xarch_x86_64 -mmacosx-version-min=10.8 -w -DQT_NO_DEBUG -DQT_WEBKIT_LIB -DQT_SVG_LIB -DQT_XML_LIB -DQT_GUI_LIB -DQT_NETWORK_LIB -DQT_CORE_LIB -DQT_SHARED -I/opt/local/share/qt4/mkspecs/macx-g++ -I. -I../generatedfiles/moc -I/opt/local/Library/Frameworks/QtCore.framework/Versions/4/Headers -I/opt/local/Library/Frameworks/QtNetwork.framework/Versions/4/Headers -I/opt/local/Library/Frameworks/QtGui.framework/Versions/4/Headers -I/opt/local/Library/Frameworks/QtXml.framework/Versions/4/Headers -I/opt/local/Library/Frameworks/QtSvg.framework/Versions/4/Headers -I/opt/local/Library/Frameworks/QtWebKit.framework/Versions/4/Headers -I/opt/local/include/qwt -I../../OMPlot/OMPlotGUI -I. -IAnnotations -IComponent -IGUI -IGUI/Containers -IGUI/Widgets -IGUI/Dialogs -IOMC -IUtil -I/opt/local/Library/Frameworks/QtWebKit.framework/Versions/4/Headers -I/opt/local/Library/Frameworks/QtSvg.framework/Versions/4/Headers -I/opt/local/Library/Frameworks/QtXml.framework/Versions/4/Headers -I/opt/local/Library/Frameworks/QtGui.framework/Versions/4/Headers -I/opt/local/Library/Frameworks/QtNetwork.framework/Versions/4/Headers -I/opt/local/Library/Frameworks/QtCore.framework/Versions/4/Headers -I/opt/local/include -F/opt/local/Library/Frameworks -F/opt/local/lib -o moc_CornerItem.o ../generatedfiles/moc/moc_CornerItem.cpp
:info:build * Compiling modelica_java.jar
:info:build /usr/bin/clang++ -c -pipe -Os  -O2  -Xarch_x86_64 -mmacosx-version-min=10.8 -w -DQT_NO_DEBUG -DQT_WEBKIT_LIB -DQT_SVG_LIB -DQT_XML_LIB -DQT_GUI_LIB -DQT_NETWORK_LIB -DQT_CORE_LIB -DQT_SHARED -I/opt/local/share/qt4/mkspecs/macx-g++ -I. -I../generatedfiles/moc -I/opt/local/Library/Frameworks/QtCore.framework/Versions/4/Headers -I/opt/local/Library/Frameworks/QtNetwork.framework/Versions/4/Headers -I/opt/local/Library/Frameworks/QtGui.framework/Versions/4/Headers -I/opt/local/Library/Frameworks/QtXml.framework/Versions/4/Headers -I/opt/local/Library/Frameworks/QtSvg.framework/Versions/4/Headers -I/opt/local/Library/Frameworks/QtWebKit.framework/Versions/4/Headers -I/opt/local/include/qwt -I../../OMPlot/OMPlotGUI -I. -IAnnotations -IComponent -IGUI -IGUI/Containers -IGUI/Widgets -IGUI/Dialogs -IOMC -IUtil -I/opt/local/Library/Frameworks/QtWebKit.framework/Versions/4/Headers -I/opt/local/Library/Frameworks/QtSvg.framework/Versions/4/Headers -I/opt/local/Library/Frameworks/QtXml.framework/Versions/4/Headers -I/opt/local/Library/Frameworks/QtGui.framework/Versions/4/Headers -I/opt/local/Library/Frameworks/QtNetwork.framework/Versions/4/Headers -I/opt/local/Library/Frameworks/QtCore.framework/Versions/4/Headers -I/opt/local/include -F/opt/local/Library/Frameworks -F/opt/local/lib -o moc_LineAnnotation.o ../generatedfiles/moc/moc_LineAnnotation.cpp
:info:build /usr/bin/clang++ -c -pipe -Os  -O2  -Xarch_x86_64 -mmacosx-version-min=10.8 -w -DQT_NO_DEBUG -DQT_WEBKIT_LIB -DQT_SVG_LIB -DQT_XML_LIB -DQT_GUI_LIB -DQT_NETWORK_LIB -DQT_CORE_LIB -DQT_SHARED -I/opt/local/share/qt4/mkspecs/macx-g++ -I. -I../generatedfiles/moc -I/opt/local/Library/Frameworks/QtCore.framework/Versions/4/Headers -I/opt/local/Library/Frameworks/QtNetwork.framework/Versions/4/Headers -I/opt/local/Library/Frameworks/QtGui.framework/Versions/4/Headers -I/opt/local/Library/Frameworks/QtXml.framework/Versions/4/Headers -I/opt/local/Library/Frameworks/QtSvg.framework/Versions/4/Headers -I/opt/local/Library/Frameworks/QtWebKit.framework/Versions/4/Headers -I/opt/local/include/qwt -I../../OMPlot/OMPlotGUI -I. -IAnnotations -IComponent -IGUI -IGUI/Containers -IGUI/Widgets -IGUI/Dialogs -IOMC -IUtil -I/opt/local/Library/Frameworks/QtWebKit.framework/Versions/4/Headers -I/opt/local/Library/Frameworks/QtSvg.framework/Versions/4/Headers -I/opt/local/Library/Frameworks/QtXml.framework/Versions/4/Headers -I/opt/local/Library/Frameworks/QtGui.framework/Versions/4/Headers -I/opt/local/Library/Frameworks/QtNetwork.framework/Versions/4/Headers -I/opt/local/Library/Frameworks/QtCore.framework/Versions/4/Headers -I/opt/local/include -F/opt/local/Library/Frameworks -F/opt/local/lib -o moc_PolygonAnnotation.o ../generatedfiles/moc/moc_PolygonAnnotation.cpp
:info:build /usr/bin/clang++ -c -pipe -Os  -O2  -Xarch_x86_64 -mmacosx-version-min=10.8 -w -DQT_NO_DEBUG -DQT_WEBKIT_LIB -DQT_SVG_LIB -DQT_XML_LIB -DQT_GUI_LIB -DQT_NETWORK_LIB -DQT_CORE_LIB -DQT_SHARED -I/opt/local/share/qt4/mkspecs/macx-g++ -I. -I../generatedfiles/moc -I/opt/local/Library/Frameworks/QtCore.framework/Versions/4/Headers -I/opt/local/Library/Frameworks/QtNetwork.framework/Versions/4/Headers -I/opt/local/Library/Frameworks/QtGui.framework/Versions/4/Headers -I/opt/local/Library/Frameworks/QtXml.framework/Versions/4/Headers -I/opt/local/Library/Frameworks/QtSvg.framework/Versions/4/Headers -I/opt/local/Library/Frameworks/QtWebKit.framework/Versions/4/Headers -I/opt/local/include/qwt -I../../OMPlot/OMPlotGUI -I. -IAnnotations -IComponent -IGUI -IGUI/Containers -IGUI/Widgets -IGUI/Dialogs -IOMC -IUtil -I/opt/local/Library/Frameworks/QtWebKit.framework/Versions/4/Headers -I/opt/local/Library/Frameworks/QtSvg.framework/Versions/4/Headers -I/opt/local/Library/Frameworks/QtXml.framework/Versions/4/Headers -I/opt/local/Library/Frameworks/QtGui.framework/Versions/4/Headers -I/opt/local/Library/Frameworks/QtNetwork.framework/Versions/4/Headers -I/opt/local/Library/Frameworks/QtCore.framework/Versions/4/Headers -I/opt/local/include -F/opt/local/Library/Frameworks -F/opt/local/lib -o moc_RectangleAnnotation.o ../generatedfiles/moc/moc_RectangleAnnotation.cpp
:info:build /usr/bin/clang++ -c -pipe -Os  -O2  -Xarch_x86_64 -mmacosx-version-min=10.8 -w -DQT_NO_DEBUG -DQT_WEBKIT_LIB -DQT_SVG_LIB -DQT_XML_LIB -DQT_GUI_LIB -DQT_NETWORK_LIB -DQT_CORE_LIB -DQT_SHARED -I/opt/local/share/qt4/mkspecs/macx-g++ -I. -I../generatedfiles/moc -I/opt/local/Library/Frameworks/QtCore.framework/Versions/4/Headers -I/opt/local/Library/Frameworks/QtNetwork.framework/Versions/4/Headers -I/opt/local/Library/Frameworks/QtGui.framework/Versions/4/Headers -I/opt/local/Library/Frameworks/QtXml.framework/Versions/4/Headers -I/opt/local/Library/Frameworks/QtSvg.framework/Versions/4/Headers -I/opt/local/Library/Frameworks/QtWebKit.framework/Versions/4/Headers -I/opt/local/include/qwt -I../../OMPlot/OMPlotGUI -I. -IAnnotations -IComponent -IGUI -IGUI/Containers -IGUI/Widgets -IGUI/Dialogs -IOMC -IUtil -I/opt/local/Library/Frameworks/QtWebKit.framework/Versions/4/Headers -I/opt/local/Library/Frameworks/QtSvg.framework/Versions/4/Headers -I/opt/local/Library/Frameworks/QtXml.framework/Versions/4/Headers -I/opt/local/Library/Frameworks/QtGui.framework/Versions/4/Headers -I/opt/local/Library/Frameworks/QtNetwork.framework/Versions/4/Headers -I/opt/local/Library/Frameworks/QtCore.framework/Versions/4/Headers -I/opt/local/include -F/opt/local/Library/Frameworks -F/opt/local/lib -o moc_EllipseAnnotation.o ../generatedfiles/moc/moc_EllipseAnnotation.cpp
:info:build make[4]: Leaving directory `/opt/local/var/macports/build/_opt_local_var_macports_sources_build.openmodelica.org_macports_lang_openmodelica-devel/openmodelica-devel/work/openmodelica_18002/SimulationRuntime/c/util/java_interface'
:info:build make[4]: Entering directory `/opt/local/var/macports/build/_opt_local_var_macports_sources_build.openmodelica.org_macports_lang_openmodelica-devel/openmodelica-devel/work/openmodelica_18002/SimulationRuntime/c/util/java_interface'
:info:build cp antlr-3.1.3.jar ../../../../build/share/omc/java
:info:build cp modelica_java.jar ../../../../build/share/omc/java
:info:build make[4]: Leaving directory `/opt/local/var/macports/build/_opt_local_var_macports_sources_build.openmodelica.org_macports_lang_openmodelica-devel/openmodelica-devel/work/openmodelica_18002/SimulationRuntime/c/util/java_interface'
:info:build make[3]: Leaving directory `/opt/local/var/macports/build/_opt_local_var_macports_sources_build.openmodelica.org_macports_lang_openmodelica-devel/openmodelica-devel/work/openmodelica_18002/SimulationRuntime/c'
:info:build /usr/bin/make -C SimulationRuntime/fmi/import -f Makefile
:info:build make[3]: Entering directory `/opt/local/var/macports/build/_opt_local_var_macports_sources_build.openmodelica.org_macports_lang_openmodelica-devel/openmodelica-devel/work/openmodelica_18002/SimulationRuntime/fmi/import'
:info:build /usr/bin/clang -pipe -Os -arch x86_64 -Wall -pedantic -std=c99 -I"../../../build/include/omc" -I/opt/local/include  -c -o xmlparser.o xmlparser.c
:info:build xmlparser.c:142:11: warning: comparison of constant -1 with expression of type 'Enu' is always false [-Wtautological-constant-out-of-range-compare]
:info:build     if (id==-1) *vs = valueIllegal;
:info:build         ~~^ ~~
:info:build xmlparser.c:392:13: warning: comparison of constant -1 with expression of type 'Elm' is always false [-Wtautological-constant-out-of-range-compare]
:info:build     return e==ANY_TYPE ? 1 : checkElementType(stackPeek(stack), e);
:info:build            ~^ ~~~~~~~~
:info:build xmlparser.c:481:11: warning: comparison of constant -1 with expression of type 'Elm' is always false [-Wtautological-constant-out-of-range-compare]
:info:build     if (el==-1) return; /* error */
:info:build         ~~^ ~~
:info:build /usr/bin/clang -pipe -Os -arch x86_64 -Wall -pedantic -std=c99 -I"../../../build/include/omc" -I/opt/local/include  -c -o stack.o stack.c
:info:build sed 's/"/\\"/g' fmuModelica.in | sed 's/^/"/' | sed 's/$/\\n"/' > fmuModelica.h.tmp
:info:build mv fmuModelica.h.tmp fmuModelica.h
:info:build /usr/bin/clang++ -c -pipe -Os  -O2  -Xarch_x86_64 -mmacosx-version-min=10.8 -w -DQT_NO_DEBUG -DQT_WEBKIT_LIB -DQT_SVG_LIB -DQT_XML_LIB -DQT_GUI_LIB -DQT_NETWORK_LIB -DQT_CORE_LIB -DQT_SHARED -I/opt/local/share/qt4/mkspecs/macx-g++ -I. -I../generatedfiles/moc -I/opt/local/Library/Frameworks/QtCore.framework/Versions/4/Headers -I/opt/local/Library/Frameworks/QtNetwork.framework/Versions/4/Headers -I/opt/local/Library/Frameworks/QtGui.framework/Versions/4/Headers -I/opt/local/Library/Frameworks/QtXml.framework/Versions/4/Headers -I/opt/local/Library/Frameworks/QtSvg.framework/Versions/4/Headers -I/opt/local/Library/Frameworks/QtWebKit.framework/Versions/4/Headers -I/opt/local/include/qwt -I../../OMPlot/OMPlotGUI -I. -IAnnotations -IComponent -IGUI -IGUI/Containers -IGUI/Widgets -IGUI/Dialogs -IOMC -IUtil -I/opt/local/Library/Frameworks/QtWebKit.framework/Versions/4/Headers -I/opt/local/Library/Frameworks/QtSvg.framework/Versions/4/Headers -I/opt/local/Library/Frameworks/QtXml.framework/Versions/4/Headers -I/opt/local/Library/Frameworks/QtGui.framework/Versions/4/Headers -I/opt/local/Library/Frameworks/QtNetwork.framework/Versions/4/Headers -I/opt/local/Library/Frameworks/QtCore.framework/Versions/4/Headers -I/opt/local/include -F/opt/local/Library/Frameworks -F/opt/local/lib -o moc_TextAnnotation.o ../generatedfiles/moc/moc_TextAnnotation.cpp
:info:build 3 warnings generated.
:info:build sed 's/"/\\"/g' fmuModelica.unix.in | sed 's/^/"/' | sed 's/$/\\n"/' > fmuModelica.unix.h.tmp
:info:build mv fmuModelica.unix.h.tmp fmuModelica.unix.h
:info:build /usr/bin/clang -pipe -Os -arch x86_64 -Wall -pedantic -std=c99 -I"../../../build/include/omc" -I/opt/local/include  -c -o fmuWrapper.o fmuWrapper.c
:info:build fmuWrapper.c:63:9: warning: unused variable 'err_dlopen' [-Wunused-variable]
:info:build   char* err_dlopen;
:info:build         ^
:info:build 1 warning generated.
:info:build /usr/bin/clang -pipe -Os -arch x86_64 -Wall -pedantic -std=c99 -I"../../../build/include/omc" -I/opt/local/include  -c -o moGenerator.o moGenerator.c
:info:build In file included from moGenerator.c:824:
:info:build ./fmuModelica.unix.h:1:1: warning: string literal of length 12188 exceeds maximum length 4095 that ISO C99 compilers are required to support [-Woverlength-strings]
:info:build "class fmuModelInst\n"
:info:build ^~~~~~~~~~~~~~~~~~~~~~
:info:build moGenerator.c:1167:37: warning: equality comparison with extraneous parentheses [-Wparentheses-equality]
:info:build             if ((tmpSV[j].causality == 0)){
:info:build                  ~~~~~~~~~~~~~~~~~~~^~~~
:info:build moGenerator.c:1167:37: note: remove extraneous parentheses around the comparison to silence this warning
:info:build             if ((tmpSV[j].causality == 0)){
:info:build                 ~                   ^   ~
:info:build moGenerator.c:1167:37: note: use '=' to turn this equality comparison into an assignment
:info:build             if ((tmpSV[j].causality == 0)){
:info:build                                     ^~
:info:build                                     =
:info:build moGenerator.c:1169:43: warning: equality comparison with extraneous parentheses [-Wparentheses-equality]
:info:build             }else if ((tmpSV[j].causality == 1)){
:info:build                        ~~~~~~~~~~~~~~~~~~~^~~~
:info:build moGenerator.c:1169:43: note: remove extraneous parentheses around the comparison to silence this warning
:info:build             }else if ((tmpSV[j].causality == 1)){
:info:build                       ~                   ^   ~
:info:build moGenerator.c:1169:43: note: use '=' to turn this equality comparison into an assignment
:info:build             }else if ((tmpSV[j].causality == 1)){
:info:build                                           ^~
:info:build                                           =
:info:build moGenerator.c:1260:37: warning: equality comparison with extraneous parentheses [-Wparentheses-equality]
:info:build             if ((tmpSV[j].causality == 0)){
:info:build                  ~~~~~~~~~~~~~~~~~~~^~~~
:info:build moGenerator.c:1260:37: note: remove extraneous parentheses around the comparison to silence this warning
:info:build             if ((tmpSV[j].causality == 0)){
:info:build                 ~                   ^   ~
:info:build moGenerator.c:1260:37: note: use '=' to turn this equality comparison into an assignment
:info:build             if ((tmpSV[j].causality == 0)){
:info:build                                     ^~
:info:build                                     =
:info:build moGenerator.c:1262:43: warning: equality comparison with extraneous parentheses [-Wparentheses-equality]
:info:build             }else if ((tmpSV[j].causality == 1)){
:info:build                        ~~~~~~~~~~~~~~~~~~~^~~~
:info:build moGenerator.c:1262:43: note: remove extraneous parentheses around the comparison to silence this warning
:info:build             }else if ((tmpSV[j].causality == 1)){
:info:build                       ~                   ^   ~
:info:build moGenerator.c:1262:43: note: use '=' to turn this equality comparison into an assignment
:info:build             }else if ((tmpSV[j].causality == 1)){
:info:build                                           ^~
:info:build                                           =
:info:build moGenerator.c:1318:37: warning: equality comparison with extraneous parentheses [-Wparentheses-equality]
:info:build             if ((tmpSV[j].causality == 0)){
:info:build                  ~~~~~~~~~~~~~~~~~~~^~~~
:info:build moGenerator.c:1318:37: note: remove extraneous parentheses around the comparison to silence this warning
:info:build             if ((tmpSV[j].causality == 0)){
:info:build                 ~                   ^   ~
:info:build moGenerator.c:1318:37: note: use '=' to turn this equality comparison into an assignment
:info:build             if ((tmpSV[j].causality == 0)){
:info:build                                     ^~
:info:build                                     =
:info:build moGenerator.c:1320:43: warning: equality comparison with extraneous parentheses [-Wparentheses-equality]
:info:build             }else if ((tmpSV[j].causality == 1)){
:info:build                        ~~~~~~~~~~~~~~~~~~~^~~~
:info:build moGenerator.c:1320:43: note: remove extraneous parentheses around the comparison to silence this warning
:info:build             }else if ((tmpSV[j].causality == 1)){
:info:build                       ~                   ^   ~
:info:build moGenerator.c:1320:43: note: use '=' to turn this equality comparison into an assignment
:info:build             }else if ((tmpSV[j].causality == 1)){
:info:build                                           ^~
:info:build                                           =
:info:build moGenerator.c:1371:37: warning: equality comparison with extraneous parentheses [-Wparentheses-equality]
:info:build             if ((tmpSV[j].causality == 0)){
:info:build                  ~~~~~~~~~~~~~~~~~~~^~~~
:info:build moGenerator.c:1371:37: note: remove extraneous parentheses around the comparison to silence this warning
:info:build             if ((tmpSV[j].causality == 0)){
:info:build                 ~                   ^   ~
:info:build moGenerator.c:1371:37: note: use '=' to turn this equality comparison into an assignment
:info:build             if ((tmpSV[j].causality == 0)){
:info:build                                     ^~
:info:build                                     =
:info:build moGenerator.c:1373:43: warning: equality comparison with extraneous parentheses [-Wparentheses-equality]
:info:build             }else if ((tmpSV[j].causality == 1)){
:info:build                        ~~~~~~~~~~~~~~~~~~~^~~~
:info:build moGenerator.c:1373:43: note: remove extraneous parentheses around the comparison to silence this warning
:info:build             }else if ((tmpSV[j].causality == 1)){
:info:build                       ~                   ^   ~
:info:build moGenerator.c:1373:43: note: use '=' to turn this equality comparison into an assignment
:info:build             }else if ((tmpSV[j].causality == 1)){
:info:build                                           ^~
:info:build                                           =
:info:build moGenerator.c:2129:8: warning: unused variable 'omPath' [-Wunused-variable]
:info:build   char omPath[PATHSIZE]; /* OpenModelica installation directory */
:info:build        ^
:info:build 10 warnings generated.
:info:build ar -ru ../../../build/lib/omc/libfmuWrapper.a fmuWrapper.o
:info:build ar: creating archive ../../../build/lib/omc/libfmuWrapper.a
:info:build /usr/bin/clang -Wall -o ../../../build/bin/fmigenerator -I"../../../build/include/omc" -I/opt/local/include xmlparser.o stack.o moGenerator.o  -L/opt/local/lib -Wl,-headerpad_max_install_names -arch x86_64 -lexpat
:info:build make[3]: Leaving directory `/opt/local/var/macports/build/_opt_local_var_macports_sources_build.openmodelica.org_macports_lang_openmodelica-devel/openmodelica-devel/work/openmodelica_18002/SimulationRuntime/fmi/import'
:info:build (cp -p SimulationRuntime/fmi/import/fmuWrapper.h SimulationRuntime/fmi/import/xmlparser.h ./build/include/omc)
:info:build /usr/bin/make -C Compiler/runtime install
:info:build make[3]: Entering directory `/opt/local/var/macports/build/_opt_local_var_macports_sources_build.openmodelica.org_macports_lang_openmodelica-devel/openmodelica-devel/work/openmodelica_18002/Compiler/runtime'
:info:build /usr/bin/clang++ -pipe -Os -arch x86_64 -DUSE_CORBA -DUSE_OMNIORB -I/opt/local/include  -I../../SimulationRuntime/c -I../../SimulationRuntime/c/simulation/results -I../../SimulationRuntime/c/simulation/libf2c -I../../SimulationRuntime/c/util -I../../SimulationRuntime/c/meta -I../../SimulationRuntime/c/meta/gc -I../ -I. -I/opt/local/include -I../../3rdParty/FMIL/install/include -I../../3rdParty/gc-7.2/include  -c -o Error_omc.o Error_omc.cpp
:info:build /usr/bin/clang -pipe -Os -arch x86_64 -DUSE_CORBA -DUSE_OMNIORB -I/opt/local/include  -I../../SimulationRuntime/c -I../../SimulationRuntime/c/simulation/results -I../../SimulationRuntime/c/simulation/libf2c -I../../SimulationRuntime/c/util -I../../SimulationRuntime/c/meta -I../../SimulationRuntime/c/meta/gc -I../ -I. -I/opt/local/include -I../../3rdParty/FMIL/install/include -I../../3rdParty/gc-7.2/include  -c -o Print_omc.o Print_omc.c
:info:build /usr/bin/clang -c -o System_omc.o -I/opt/local/include  -I../../SimulationRuntime/c -I../../SimulationRuntime/c/simulation/results -I../../SimulationRuntime/c/simulation/libf2c -I../../SimulationRuntime/c/util -I../../SimulationRuntime/c/meta -I../../SimulationRuntime/c/meta/gc -I../ -I. -I/opt/local/include -I../../3rdParty/FMIL/install/include -I../../3rdParty/gc-7.2/include -pipe -Os -arch x86_64 -DUSE_CORBA -DUSE_OMNIORB  System_omc.c
:info:build In file included from System_omc.c:50:
:info:build In file included from ./systemimpl.c:1583:
:info:build /opt/local/include/lpsolve/lp_lib.h:194:9: warning: 'RELEASE' macro redefined
:info:build #define RELEASE                  2
:info:build         ^
:info:build ../../SimulationRuntime/c/util/omc_error.h:140:9: note: previous definition is here
:info:build #define RELEASE(stream)          do{level[stream]--; if(level[stream] < 0) level[stream] = 0;}while(0)
:info:build         ^
:info:build System_omc.c:424:38: warning: incompatible pointer types passing 'int (direntry)' to parameter of type 'int (*)(const struct dirent *)' [-Wincompatible-pointer-types]
:info:build   count = scandir(directory, &files, file_select_mo, NULL);
:info:build                                      ^~~~~~~~~~~~~~
:info:build /usr/include/dirent.h:144:11: note: passing argument to parameter here
:info:build     int (*)(const struct dirent *), int (*)(const struct dirent **, const struct dirent **)) __DARWIN_INODE64(scandir);
:info:build           ^
:info:build System_omc.c:525:38: warning: incompatible pointer types passing 'int (direntry)' to parameter of type 'int (*)(const struct dirent *)' [-Wincompatible-pointer-types]
:info:build   count = scandir(directory, &files, file_select_directories, NULL);
:info:build                                      ^~~~~~~~~~~~~~~~~~~~~~~
:info:build /usr/include/dirent.h:144:11: note: passing argument to parameter here
:info:build     int (*)(const struct dirent *), int (*)(const struct dirent **, const struct dirent **)) __DARWIN_INODE64(scandir);
:info:build           ^
:info:build /usr/bin/clang++ -pipe -Os -arch x86_64 -DUSE_CORBA -DUSE_OMNIORB -I/opt/local/include  -I../../SimulationRuntime/c -I../../SimulationRuntime/c/simulation/results -I../../SimulationRuntime/c/simulation/libf2c -I../../SimulationRuntime/c/util -I../../SimulationRuntime/c/meta -I../../SimulationRuntime/c/meta/gc -I../ -I. -I/opt/local/include -I../../3rdParty/FMIL/install/include -I../../3rdParty/gc-7.2/include  -c -o Settings_omc.o Settings_omc.cpp
:info:build 3 warnings generated.
:info:build /usr/bin/clang++ -c -pipe -Os  -O2  -Xarch_x86_64 -mmacosx-version-min=10.8 -w -DQT_NO_DEBUG -DQT_WEBKIT_LIB -DQT_SVG_LIB -DQT_XML_LIB -DQT_GUI_LIB -DQT_NETWORK_LIB -DQT_CORE_LIB -DQT_SHARED -I/opt/local/share/qt4/mkspecs/macx-g++ -I. -I../generatedfiles/moc -I/opt/local/Library/Frameworks/QtCore.framework/Versions/4/Headers -I/opt/local/Library/Frameworks/QtNetwork.framework/Versions/4/Headers -I/opt/local/Library/Frameworks/QtGui.framework/Versions/4/Headers -I/opt/local/Library/Frameworks/QtXml.framework/Versions/4/Headers -I/opt/local/Library/Frameworks/QtSvg.framework/Versions/4/Headers -I/opt/local/Library/Frameworks/QtWebKit.framework/Versions/4/Headers -I/opt/local/include/qwt -I../../OMPlot/OMPlotGUI -I. -IAnnotations -IComponent -IGUI -IGUI/Containers -IGUI/Widgets -IGUI/Dialogs -IOMC -IUtil -I/opt/local/Library/Frameworks/QtWebKit.framework/Versions/4/Headers -I/opt/local/Library/Frameworks/QtSvg.framework/Versions/4/Headers -I/opt/local/Library/Frameworks/QtXml.framework/Versions/4/Headers -I/opt/local/Library/Frameworks/QtGui.framework/Versions/4/Headers -I/opt/local/Library/Frameworks/QtNetwork.framework/Versions/4/Headers -I/opt/local/Library/Frameworks/QtCore.framework/Versions/4/Headers -I/opt/local/include -F/opt/local/Library/Frameworks -F/opt/local/lib -o moc_BitmapAnnotation.o ../generatedfiles/moc/moc_BitmapAnnotation.cpp
:info:build /usr/bin/clang++ -pipe -Os -arch x86_64 -DUSE_CORBA -DUSE_OMNIORB -I/opt/local/include  -I../../SimulationRuntime/c -I../../SimulationRuntime/c/simulation/results -I../../SimulationRuntime/c/simulation/libf2c -I../../SimulationRuntime/c/util -I../../SimulationRuntime/c/meta -I../../SimulationRuntime/c/meta/gc -I../ -I. -I/opt/local/include -I../../3rdParty/FMIL/install/include -I../../3rdParty/gc-7.2/include  -c -o IOStreamExt_omc.o IOStreamExt_omc.cpp
:info:build /usr/bin/clang++ -c -pipe -Os  -O2  -Xarch_x86_64 -mmacosx-version-min=10.8 -w -DQT_NO_DEBUG -DQT_WEBKIT_LIB -DQT_SVG_LIB -DQT_XML_LIB -DQT_GUI_LIB -DQT_NETWORK_LIB -DQT_CORE_LIB -DQT_SHARED -I/opt/local/share/qt4/mkspecs/macx-g++ -I. -I../generatedfiles/moc -I/opt/local/Library/Frameworks/QtCore.framework/Versions/4/Headers -I/opt/local/Library/Frameworks/QtNetwork.framework/Versions/4/Headers -I/opt/local/Library/Frameworks/QtGui.framework/Versions/4/Headers -I/opt/local/Library/Frameworks/QtXml.framework/Versions/4/Headers -I/opt/local/Library/Frameworks/QtSvg.framework/Versions/4/Headers -I/opt/local/Library/Frameworks/QtWebKit.framework/Versions/4/Headers -I/opt/local/include/qwt -I../../OMPlot/OMPlotGUI -I. -IAnnotations -IComponent -IGUI -IGUI/Containers -IGUI/Widgets -IGUI/Dialogs -IOMC -IUtil -I/opt/local/Library/Frameworks/QtWebKit.framework/Versions/4/Headers -I/opt/local/Library/Frameworks/QtSvg.framework/Versions/4/Headers -I/opt/local/Library/Frameworks/QtXml.framework/Versions/4/Headers -I/opt/local/Library/Frameworks/QtGui.framework/Versions/4/Headers -I/opt/local/Library/Frameworks/QtNetwork.framework/Versions/4/Headers -I/opt/local/Library/Frameworks/QtCore.framework/Versions/4/Headers -I/opt/local/include -F/opt/local/Library/Frameworks -F/opt/local/lib -o moc_ComponentProperties.o ../generatedfiles/moc/moc_ComponentProperties.cpp
:info:build /usr/bin/clang++ -pipe -Os -arch x86_64 -DUSE_CORBA -DUSE_OMNIORB -I/opt/local/include  -I../../SimulationRuntime/c -I../../SimulationRuntime/c/simulation/results -I../../SimulationRuntime/c/simulation/libf2c -I../../SimulationRuntime/c/util -I../../SimulationRuntime/c/meta -I../../SimulationRuntime/c/meta/gc -I../ -I. -I/opt/local/include -I../../3rdParty/FMIL/install/include -I../../3rdParty/gc-7.2/include  -c -o ErrorMessage.o ErrorMessage.cpp
:info:build /usr/bin/clang -pipe -Os -arch x86_64 -DUSE_CORBA -DUSE_OMNIORB -I/opt/local/include  -I../../SimulationRuntime/c -I../../SimulationRuntime/c/simulation/results -I../../SimulationRuntime/c/simulation/libf2c -I../../SimulationRuntime/c/util -I../../SimulationRuntime/c/meta -I../../SimulationRuntime/c/meta/gc -I../ -I. -I/opt/local/include -I../../3rdParty/FMIL/install/include -I../../3rdParty/gc-7.2/include  -c -o FMI_omc.o FMI_omc.c
:info:build /usr/bin/clang++ -c -pipe -Os  -O2  -Xarch_x86_64 -mmacosx-version-min=10.8 -w -DQT_NO_DEBUG -DQT_WEBKIT_LIB -DQT_SVG_LIB -DQT_XML_LIB -DQT_GUI_LIB -DQT_NETWORK_LIB -DQT_CORE_LIB -DQT_SHARED -I/opt/local/share/qt4/mkspecs/macx-g++ -I. -I../generatedfiles/moc -I/opt/local/Library/Frameworks/QtCore.framework/Versions/4/Headers -I/opt/local/Library/Frameworks/QtNetwork.framework/Versions/4/Headers -I/opt/local/Library/Frameworks/QtGui.framework/Versions/4/Headers -I/opt/local/Library/Frameworks/QtXml.framework/Versions/4/Headers -I/opt/local/Library/Frameworks/QtSvg.framework/Versions/4/Headers -I/opt/local/Library/Frameworks/QtWebKit.framework/Versions/4/Headers -I/opt/local/include/qwt -I../../OMPlot/OMPlotGUI -I. -IAnnotations -IComponent -IGUI -IGUI/Containers -IGUI/Widgets -IGUI/Dialogs -IOMC -IUtil -I/opt/local/Library/Frameworks/QtWebKit.framework/Versions/4/Headers -I/opt/local/Library/Frameworks/QtSvg.framework/Versions/4/Headers -I/opt/local/Library/Frameworks/QtXml.framework/Versions/4/Headers -I/opt/local/Library/Frameworks/QtGui.framework/Versions/4/Headers -I/opt/local/Library/Frameworks/QtNetwork.framework/Versions/4/Headers -I/opt/local/Library/Frameworks/QtCore.framework/Versions/4/Headers -I/opt/local/include -F/opt/local/Library/Frameworks -F/opt/local/lib -o moc_DocumentationWidget.o ../generatedfiles/moc/moc_DocumentationWidget.cpp
:info:build /usr/bin/clang++ -pipe -Os -arch x86_64 -DUSE_CORBA -DUSE_OMNIORB -I/opt/local/include  -I../../SimulationRuntime/c -I../../SimulationRuntime/c/simulation/results -I../../SimulationRuntime/c/simulation/libf2c -I../../SimulationRuntime/c/util -I../../SimulationRuntime/c/meta -I../../SimulationRuntime/c/meta/gc -I../ -I. -I/opt/local/include -I../../3rdParty/FMIL/install/include -I../../3rdParty/gc-7.2/include  -c -o systemimplmisc.o systemimplmisc.cpp
:info:build /usr/bin/clang++ -pipe -Os -arch x86_64 -DUSE_CORBA -DUSE_OMNIORB -I/opt/local/include  -I../../SimulationRuntime/c -I../../SimulationRuntime/c/simulation/results -I../../SimulationRuntime/c/simulation/libf2c -I../../SimulationRuntime/c/util -I../../SimulationRuntime/c/meta -I../../SimulationRuntime/c/meta/gc -I../ -I. -I/opt/local/include -I../../3rdParty/FMIL/install/include -I../../3rdParty/gc-7.2/include  -c -o UnitParserExt_omc.o UnitParserExt_omc.cpp
:info:build /usr/bin/clang++ -pipe -Os -arch x86_64 -DUSE_CORBA -DUSE_OMNIORB -I/opt/local/include  -I../../SimulationRuntime/c -I../../SimulationRuntime/c/simulation/results -I../../SimulationRuntime/c/simulation/libf2c -I../../SimulationRuntime/c/util -I../../SimulationRuntime/c/meta -I../../SimulationRuntime/c/meta/gc -I../ -I. -I/opt/local/include -I../../3rdParty/FMIL/install/include -I../../3rdParty/gc-7.2/include  -c -o unitparser.o unitparser.cpp
:info:build /usr/bin/clang++ -c -pipe -Os  -O2  -Xarch_x86_64 -mmacosx-version-min=10.8 -w -DQT_NO_DEBUG -DQT_WEBKIT_LIB -DQT_SVG_LIB -DQT_XML_LIB -DQT_GUI_LIB -DQT_NETWORK_LIB -DQT_CORE_LIB -DQT_SHARED -I/opt/local/share/qt4/mkspecs/macx-g++ -I. -I../generatedfiles/moc -I/opt/local/Library/Frameworks/QtCore.framework/Versions/4/Headers -I/opt/local/Library/Frameworks/QtNetwork.framework/Versions/4/Headers -I/opt/local/Library/Frameworks/QtGui.framework/Versions/4/Headers -I/opt/local/Library/Frameworks/QtXml.framework/Versions/4/Headers -I/opt/local/Library/Frameworks/QtSvg.framework/Versions/4/Headers -I/opt/local/Library/Frameworks/QtWebKit.framework/Versions/4/Headers -I/opt/local/include/qwt -I../../OMPlot/OMPlotGUI -I. -IAnnotations -IComponent -IGUI -IGUI/Containers -IGUI/Widgets -IGUI/Dialogs -IOMC -IUtil -I/opt/local/Library/Frameworks/QtWebKit.framework/Versions/4/Headers -I/opt/local/Library/Frameworks/QtSvg.framework/Versions/4/Headers -I/opt/local/Library/Frameworks/QtXml.framework/Versions/4/Headers -I/opt/local/Library/Frameworks/QtGui.framework/Versions/4/Headers -I/opt/local/Library/Frameworks/QtNetwork.framework/Versions/4/Headers -I/opt/local/Library/Frameworks/QtCore.framework/Versions/4/Headers -I/opt/local/include -F/opt/local/Library/Frameworks -F/opt/local/lib -o moc_SimulationDialog.o ../generatedfiles/moc/moc_SimulationDialog.cpp
:info:build /usr/bin/clang++ -pipe -Os -arch x86_64 -DUSE_CORBA -DUSE_OMNIORB -I/opt/local/include  -I../../SimulationRuntime/c -I../../SimulationRuntime/c/simulation/results -I../../SimulationRuntime/c/simulation/libf2c -I../../SimulationRuntime/c/util -I../../SimulationRuntime/c/meta -I../../SimulationRuntime/c/meta/gc -I../ -I. -I/opt/local/include -I../../3rdParty/FMIL/install/include -I../../3rdParty/gc-7.2/include  -c -o BackendDAEEXT_omc.o BackendDAEEXT_omc.cpp
:info:build /usr/bin/clang -pipe -Os -arch x86_64 -DUSE_CORBA -DUSE_OMNIORB -I/opt/local/include  -I../../SimulationRuntime/c -I../../SimulationRuntime/c/simulation/results -I../../SimulationRuntime/c/simulation/libf2c -I../../SimulationRuntime/c/util -I../../SimulationRuntime/c/meta -I../../SimulationRuntime/c/meta/gc -I../ -I. -I/opt/local/include -I../../3rdParty/FMIL/install/include -I../../3rdParty/gc-7.2/include  -c -o Socket_omc.o Socket_omc.c
:info:build /usr/bin/clang++ -c -pipe -Os  -O2  -Xarch_x86_64 -mmacosx-version-min=10.8 -w -DQT_NO_DEBUG -DQT_WEBKIT_LIB -DQT_SVG_LIB -DQT_XML_LIB -DQT_GUI_LIB -DQT_NETWORK_LIB -DQT_CORE_LIB -DQT_SHARED -I/opt/local/share/qt4/mkspecs/macx-g++ -I. -I../generatedfiles/moc -I/opt/local/Library/Frameworks/QtCore.framework/Versions/4/Headers -I/opt/local/Library/Frameworks/QtNetwork.framework/Versions/4/Headers -I/opt/local/Library/Frameworks/QtGui.framework/Versions/4/Headers -I/opt/local/Library/Frameworks/QtXml.framework/Versions/4/Headers -I/opt/local/Library/Frameworks/QtSvg.framework/Versions/4/Headers -I/opt/local/Library/Frameworks/QtWebKit.framework/Versions/4/Headers -I/opt/local/include/qwt -I../../OMPlot/OMPlotGUI -I. -IAnnotations -IComponent -IGUI -IGUI/Containers -IGUI/Widgets -IGUI/Dialogs -IOMC -IUtil -I/opt/local/Library/Frameworks/QtWebKit.framework/Versions/4/Headers -I/opt/local/Library/Frameworks/QtSvg.framework/Versions/4/Headers -I/opt/local/Library/Frameworks/QtXml.framework/Versions/4/Headers -I/opt/local/Library/Frameworks/QtGui.framework/Versions/4/Headers -I/opt/local/Library/Frameworks/QtNetwork.framework/Versions/4/Headers -I/opt/local/Library/Frameworks/QtCore.framework/Versions/4/Headers -I/opt/local/include -F/opt/local/Library/Frameworks -F/opt/local/lib -o moc_ImportFMUDialog.o ../generatedfiles/moc/moc_ImportFMUDialog.cpp
:info:build /usr/bin/clang -pipe -Os -arch x86_64 -DUSE_CORBA -DUSE_OMNIORB -I/opt/local/include  -I../../SimulationRuntime/c -I../../SimulationRuntime/c/simulation/results -I../../SimulationRuntime/c/simulation/libf2c -I../../SimulationRuntime/c/util -I../../SimulationRuntime/c/meta -I../../SimulationRuntime/c/meta/gc -I../ -I. -I/opt/local/include -I../../3rdParty/FMIL/install/include -I../../3rdParty/gc-7.2/include  -c -o matching.o matching.c
:info:build /usr/bin/clang -pipe -Os -arch x86_64 -DUSE_CORBA -DUSE_OMNIORB -I/opt/local/include  -I../../SimulationRuntime/c -I../../SimulationRuntime/c/simulation/results -I../../SimulationRuntime/c/simulation/libf2c -I../../SimulationRuntime/c/util -I../../SimulationRuntime/c/meta -I../../SimulationRuntime/c/meta/gc -I../ -I. -I/opt/local/include -I../../3rdParty/FMIL/install/include -I../../3rdParty/gc-7.2/include  -c -o matching_cheap.o matching_cheap.c
:info:build /usr/bin/clang++ -c -pipe -Os  -O2  -Xarch_x86_64 -mmacosx-version-min=10.8 -w -DQT_NO_DEBUG -DQT_WEBKIT_LIB -DQT_SVG_LIB -DQT_XML_LIB -DQT_GUI_LIB -DQT_NETWORK_LIB -DQT_CORE_LIB -DQT_SHARED -I/opt/local/share/qt4/mkspecs/macx-g++ -I. -I../generatedfiles/moc -I/opt/local/Library/Frameworks/QtCore.framework/Versions/4/Headers -I/opt/local/Library/Frameworks/QtNetwork.framework/Versions/4/Headers -I/opt/local/Library/Frameworks/QtGui.framework/Versions/4/Headers -I/opt/local/Library/Frameworks/QtXml.framework/Versions/4/Headers -I/opt/local/Library/Frameworks/QtSvg.framework/Versions/4/Headers -I/opt/local/Library/Frameworks/QtWebKit.framework/Versions/4/Headers -I/opt/local/include/qwt -I../../OMPlot/OMPlotGUI -I. -IAnnotations -IComponent -IGUI -IGUI/Containers -IGUI/Widgets -IGUI/Dialogs -IOMC -IUtil -I/opt/local/Library/Frameworks/QtWebKit.framework/Versions/4/Headers -I/opt/local/Library/Frameworks/QtSvg.framework/Versions/4/Headers -I/opt/local/Library/Frameworks/QtXml.framework/Versions/4/Headers -I/opt/local/Library/Frameworks/QtGui.framework/Versions/4/Headers -I/opt/local/Library/Frameworks/QtNetwork.framework/Versions/4/Headers -I/opt/local/Library/Frameworks/QtCore.framework/Versions/4/Headers -I/opt/local/include -F/opt/local/Library/Frameworks -F/opt/local/lib -o moc_VariablesWidget.o ../generatedfiles/moc/moc_VariablesWidget.cpp
:info:build /usr/bin/clang -pipe -Os -arch x86_64 -DUSE_CORBA -DUSE_OMNIORB -I/opt/local/include  -I../../SimulationRuntime/c -I../../SimulationRuntime/c/simulation/results -I../../SimulationRuntime/c/simulation/libf2c -I../../SimulationRuntime/c/util -I../../SimulationRuntime/c/meta -I../../SimulationRuntime/c/meta/gc -I../ -I. -I/opt/local/include -I../../3rdParty/FMIL/install/include -I../../3rdParty/gc-7.2/include  -c -o Database_omc.o Database_omc.c
:info:build /usr/bin/clang++ -pipe -Os -arch x86_64 -DUSE_CORBA -DUSE_OMNIORB -I/opt/local/include  -I../../SimulationRuntime/c -I../../SimulationRuntime/c/simulation/results -I../../SimulationRuntime/c/simulation/libf2c -I../../SimulationRuntime/c/util -I../../SimulationRuntime/c/meta -I../../SimulationRuntime/c/meta/gc -I../ -I. -I/opt/local/include -I../../3rdParty/FMIL/install/include -I../../3rdParty/gc-7.2/include  -c -o Dynload_omc.o Dynload_omc.cpp
:info:build /usr/bin/clang -pipe -Os -arch x86_64 -DUSE_CORBA -DUSE_OMNIORB -I/opt/local/include  -I../../SimulationRuntime/c -I../../SimulationRuntime/c/simulation/results -I../../SimulationRuntime/c/simulation/libf2c -I../../SimulationRuntime/c/util -I../../SimulationRuntime/c/meta -I../../SimulationRuntime/c/meta/gc -I../ -I. -I/opt/local/include -I../../3rdParty/FMIL/install/include -I../../3rdParty/gc-7.2/include  -c -o SimulationResults_omc.o SimulationResults_omc.c
:info:build /usr/bin/clang++ -pipe -Os -arch x86_64 -DUSE_CORBA -DUSE_OMNIORB -I/opt/local/include  -I../../SimulationRuntime/c -I../../SimulationRuntime/c/simulation/results -I../../SimulationRuntime/c/simulation/libf2c -I../../SimulationRuntime/c/util -I../../SimulationRuntime/c/meta -I../../SimulationRuntime/c/meta/gc -I../ -I. -I/opt/local/include -I../../3rdParty/FMIL/install/include -I../../3rdParty/gc-7.2/include  -c -o TaskGraphResults_omc.o TaskGraphResults_omc.cpp
:info:build In file included from SimulationResults_omc.c:40:
:info:build ./SimulationResults.c:317:7: warning: implicit declaration of function 'omc_matlab4_read_all_vals' is invalid in C99 [-Wimplicit-function-declaration]
:info:build       omc_matlab4_read_all_vals(&simresglob->matReader);
:info:build       ^
:info:build In file included from TaskGraphResults_omc.cpp:9:
:info:build ./TaskGraphResultsCmp.cpp:416:26: warning: initialization of pointer of type 'double *' to null from a constant boolean expression [-Wbool-conversion]
:info:build   userData.doubleValue = false;
:info:build                          ^~~~~
:info:build 1 warning generated.
:info:build /usr/bin/clang++ -c -pipe -Os  -O2  -Xarch_x86_64 -mmacosx-version-min=10.8 -w -DQT_NO_DEBUG -DQT_WEBKIT_LIB -DQT_SVG_LIB -DQT_XML_LIB -DQT_GUI_LIB -DQT_NETWORK_LIB -DQT_CORE_LIB -DQT_SHARED -I/opt/local/share/qt4/mkspecs/macx-g++ -I. -I../generatedfiles/moc -I/opt/local/Library/Frameworks/QtCore.framework/Versions/4/Headers -I/opt/local/Library/Frameworks/QtNetwork.framework/Versions/4/Headers -I/opt/local/Library/Frameworks/QtGui.framework/Versions/4/Headers -I/opt/local/Library/Frameworks/QtXml.framework/Versions/4/Headers -I/opt/local/Library/Frameworks/QtSvg.framework/Versions/4/Headers -I/opt/local/Library/Frameworks/QtWebKit.framework/Versions/4/Headers -I/opt/local/include/qwt -I../../OMPlot/OMPlotGUI -I. -IAnnotations -IComponent -IGUI -IGUI/Containers -IGUI/Widgets -IGUI/Dialogs -IOMC -IUtil -I/opt/local/Library/Frameworks/QtWebKit.framework/Versions/4/Headers -I/opt/local/Library/Frameworks/QtSvg.framework/Versions/4/Headers -I/opt/local/Library/Frameworks/QtXml.framework/Versions/4/Headers -I/opt/local/Library/Frameworks/QtGui.framework/Versions/4/Headers -I/opt/local/Library/Frameworks/QtNetwork.framework/Versions/4/Headers -I/opt/local/Library/Frameworks/QtCore.framework/Versions/4/Headers -I/opt/local/include -F/opt/local/Library/Frameworks -F/opt/local/lib -o moc_NotificationsDialog.o ../generatedfiles/moc/moc_NotificationsDialog.cpp
:info:build /usr/bin/clang++ -pipe -Os -arch x86_64 -DUSE_CORBA -DUSE_OMNIORB -I/opt/local/include  -I../../SimulationRuntime/c -I../../SimulationRuntime/c/simulation/results -I../../SimulationRuntime/c/simulation/libf2c -I../../SimulationRuntime/c/util -I../../SimulationRuntime/c/meta -I../../SimulationRuntime/c/meta/gc -I../ -I. -I/opt/local/include -I../../3rdParty/FMIL/install/include -I../../3rdParty/gc-7.2/include  -c -o HpcOmSchedulerExt_omc.o HpcOmSchedulerExt_omc.cpp
:info:build 1 warning generated.
:info:build /usr/bin/clang++ -c -pipe -Os  -O2  -Xarch_x86_64 -mmacosx-version-min=10.8 -w -DQT_NO_DEBUG -DQT_WEBKIT_LIB -DQT_SVG_LIB -DQT_XML_LIB -DQT_GUI_LIB -DQT_NETWORK_LIB -DQT_CORE_LIB -DQT_SHARED -I/opt/local/share/qt4/mkspecs/macx-g++ -I. -I../generatedfiles/moc -I/opt/local/Library/Frameworks/QtCore.framework/Versions/4/Headers -I/opt/local/Library/Frameworks/QtNetwork.framework/Versions/4/Headers -I/opt/local/Library/Frameworks/QtGui.framework/Versions/4/Headers -I/opt/local/Library/Frameworks/QtXml.framework/Versions/4/Headers -I/opt/local/Library/Frameworks/QtSvg.framework/Versions/4/Headers -I/opt/local/Library/Frameworks/QtWebKit.framework/Versions/4/Headers -I/opt/local/include/qwt -I../../OMPlot/OMPlotGUI -I. -IAnnotations -IComponent -IGUI -IGUI/Containers -IGUI/Widgets -IGUI/Dialogs -IOMC -IUtil -I/opt/local/Library/Frameworks/QtWebKit.framework/Versions/4/Headers -I/opt/local/Library/Frameworks/QtSvg.framework/Versions/4/Headers -I/opt/local/Library/Frameworks/QtXml.framework/Versions/4/Headers -I/opt/local/Library/Frameworks/QtGui.framework/Versions/4/Headers -I/opt/local/Library/Frameworks/QtNetwork.framework/Versions/4/Headers -I/opt/local/Library/Frameworks/QtCore.framework/Versions/4/Headers -I/opt/local/include -F/opt/local/Library/Frameworks -F/opt/local/lib -o moc_ShapePropertiesDialog.o ../generatedfiles/moc/moc_ShapePropertiesDialog.cpp
:info:build /usr/bin/clang++ -pipe -Os -arch x86_64 -DUSE_CORBA -DUSE_OMNIORB -I/opt/local/include  -I../../SimulationRuntime/c -I../../SimulationRuntime/c/simulation/results -I../../SimulationRuntime/c/simulation/libf2c -I../../SimulationRuntime/c/util -I../../SimulationRuntime/c/meta -I../../SimulationRuntime/c/meta/gc -I../ -I. -I/opt/local/include -I../../3rdParty/FMIL/install/include -I../../3rdParty/gc-7.2/include  -c -o HpcOmBenchmarkExt_omc.o HpcOmBenchmarkExt_omc.cpp
:info:build /usr/bin/clang++ -c -pipe -Os  -O2  -Xarch_x86_64 -mmacosx-version-min=10.8 -w -DQT_NO_DEBUG -DQT_WEBKIT_LIB -DQT_SVG_LIB -DQT_XML_LIB -DQT_GUI_LIB -DQT_NETWORK_LIB -DQT_CORE_LIB -DQT_SHARED -I/opt/local/share/qt4/mkspecs/macx-g++ -I. -I../generatedfiles/moc -I/opt/local/Library/Frameworks/QtCore.framework/Versions/4/Headers -I/opt/local/Library/Frameworks/QtNetwork.framework/Versions/4/Headers -I/opt/local/Library/Frameworks/QtGui.framework/Versions/4/Headers -I/opt/local/Library/Frameworks/QtXml.framework/Versions/4/Headers -I/opt/local/Library/Frameworks/QtSvg.framework/Versions/4/Headers -I/opt/local/Library/Frameworks/QtWebKit.framework/Versions/4/Headers -I/opt/local/include/qwt -I../../OMPlot/OMPlotGUI -I. -IAnnotations -IComponent -IGUI -IGUI/Containers -IGUI/Widgets -IGUI/Dialogs -IOMC -IUtil -I/opt/local/Library/Frameworks/QtWebKit.framework/Versions/4/Headers -I/opt/local/Library/Frameworks/QtSvg.framework/Versions/4/Headers -I/opt/local/Library/Frameworks/QtXml.framework/Versions/4/Headers -I/opt/local/Library/Frameworks/QtGui.framework/Versions/4/Headers -I/opt/local/Library/Frameworks/QtNetwork.framework/Versions/4/Headers -I/opt/local/Library/Frameworks/QtCore.framework/Versions/4/Headers -I/opt/local/include -F/opt/local/Library/Frameworks -F/opt/local/lib -o moc_Utilities.o ../generatedfiles/moc/moc_Utilities.cpp
:info:build /usr/bin/clang++ -pipe -Os -arch x86_64 -DUSE_CORBA -DUSE_OMNIORB -I/opt/local/include  -I../../SimulationRuntime/c -I../../SimulationRuntime/c/simulation/results -I../../SimulationRuntime/c/simulation/libf2c -I../../SimulationRuntime/c/util -I../../SimulationRuntime/c/meta -I../../SimulationRuntime/c/meta/gc -I../ -I. -I/opt/local/include -I../../3rdParty/FMIL/install/include -I../../3rdParty/gc-7.2/include  -c -o ptolemyio_omc.o ptolemyio_omc.cpp
:info:build /usr/bin/clang++ -pipe -Os -arch x86_64 -DUSE_CORBA -DUSE_OMNIORB -I/opt/local/include  -I../../SimulationRuntime/c -I../../SimulationRuntime/c/simulation/results -I../../SimulationRuntime/c/simulation/libf2c -I../../SimulationRuntime/c/util -I../../SimulationRuntime/c/meta -I../../SimulationRuntime/c/meta/gc -I../ -I. -I/opt/local/include -I../../3rdParty/FMIL/install/include -I../../3rdParty/gc-7.2/include  -c -o Lapack_omc.o Lapack_omc.cpp
:info:build /usr/bin/clang -pipe -Os -arch x86_64 -DUSE_CORBA -DUSE_OMNIORB -I/opt/local/include  -I../../SimulationRuntime/c -I../../SimulationRuntime/c/simulation/results -I../../SimulationRuntime/c/simulation/libf2c -I../../SimulationRuntime/c/util -I../../SimulationRuntime/c/meta -I../../SimulationRuntime/c/meta/gc -I../ -I. -I/opt/local/include -I../../3rdParty/FMIL/install/include -I../../3rdParty/gc-7.2/include  -c -o getMemorySize.o getMemorySize.c
:info:build /usr/bin/clang++ -c -pipe -Os  -O2  -Xarch_x86_64 -mmacosx-version-min=10.8 -w -DQT_NO_DEBUG -DQT_WEBKIT_LIB -DQT_SVG_LIB -DQT_XML_LIB -DQT_GUI_LIB -DQT_NETWORK_LIB -DQT_CORE_LIB -DQT_SHARED -I/opt/local/share/qt4/mkspecs/macx-g++ -I. -I../generatedfiles/moc -I/opt/local/Library/Frameworks/QtCore.framework/Versions/4/Headers -I/opt/local/Library/Frameworks/QtNetwork.framework/Versions/4/Headers -I/opt/local/Library/Frameworks/QtGui.framework/Versions/4/Headers -I/opt/local/Library/Frameworks/QtXml.framework/Versions/4/Headers -I/opt/local/Library/Frameworks/QtSvg.framework/Versions/4/Headers -I/opt/local/Library/Frameworks/QtWebKit.framework/Versions/4/Headers -I/opt/local/include/qwt -I../../OMPlot/OMPlotGUI -I. -IAnnotations -IComponent -IGUI -IGUI/Containers -IGUI/Widgets -IGUI/Dialogs -IOMC -IUtil -I/opt/local/Library/Frameworks/QtWebKit.framework/Versions/4/Headers -I/opt/local/Library/Frameworks/QtSvg.framework/Versions/4/Headers -I/opt/local/Library/Frameworks/QtXml.framework/Versions/4/Headers -I/opt/local/Library/Frameworks/QtGui.framework/Versions/4/Headers -I/opt/local/Library/Frameworks/QtNetwork.framework/Versions/4/Headers -I/opt/local/Library/Frameworks/QtCore.framework/Versions/4/Headers -I/opt/local/include -F/opt/local/Library/Frameworks -F/opt/local/lib -o qrc_resource_omedit.o ../generatedfiles/rcc/qrc_resource_omedit.cpp
:info:build /opt/local/bin/omniidl -bcxx -Wbh=.h -Wbs=.cc omc_communication.idl
:info:build /usr/bin/clang++ -pipe -Os -arch x86_64 -DUSE_CORBA -DUSE_OMNIORB -I/opt/local/include  -I../../SimulationRuntime/c -I../../SimulationRuntime/c/simulation/results -I../../SimulationRuntime/c/simulation/libf2c -I../../SimulationRuntime/c/util -I../../SimulationRuntime/c/meta -I../../SimulationRuntime/c/meta/gc -I../ -I. -I/opt/local/include -I../../3rdParty/FMIL/install/include -I../../3rdParty/gc-7.2/include  -c -o omc_communication.o omc_communication.cc
:info:build /usr/bin/clang++ -pipe -Os -arch x86_64 -DUSE_CORBA -DUSE_OMNIORB -I/opt/local/include  -I../../SimulationRuntime/c -I../../SimulationRuntime/c/simulation/results -I../../SimulationRuntime/c/simulation/libf2c -I../../SimulationRuntime/c/util -I../../SimulationRuntime/c/meta -I../../SimulationRuntime/c/meta/gc -I../ -I. -I/opt/local/include -I../../3rdParty/FMIL/install/include -I../../3rdParty/gc-7.2/include  -c -o omc_communication_impl.o omc_communication_impl.cpp
:info:build /usr/bin/clang++ -pipe -Os -arch x86_64 -DUSE_CORBA -DUSE_OMNIORB -I/opt/local/include  -I../../SimulationRuntime/c -I../../SimulationRuntime/c/simulation/results -I../../SimulationRuntime/c/simulation/libf2c -I../../SimulationRuntime/c/util -I../../SimulationRuntime/c/meta -I../../SimulationRuntime/c/meta/gc -I../ -I. -I/opt/local/include -I../../3rdParty/FMIL/install/include -I../../3rdParty/gc-7.2/include  -c -o Corba_omc.o Corba_omc.cpp
:info:build /usr/bin/clang++ -headerpad_max_install_names -Wl,-headerpad_max_install_names  -rdynamic  -Xarch_x86_64 -mmacosx-version-min=10.8 -o ../bin/OMEdit.app/Contents/MacOS/OMEdit main.o backtrace.o Helper.o MainWindow.o omc_communication.o OMCProxy.o StringHandler.o MessagesWidget.o LibraryTreeWidget.o ModelWidgetContainer.o ModelicaClassDialog.o OptionsDialog.o ModelicaTextWidget.o PlotWindowContainer.o Component.o ShapeAnnotation.o CornerItem.o LineAnnotation.o PolygonAnnotation.o RectangleAnnotation.o EllipseAnnotation.o TextAnnotation.o BitmapAnnotation.o ComponentProperties.o Transformation.o DocumentationWidget.o SimulationDialog.o ImportFMUDialog.o VariablesWidget.o NotificationsDialog.o ShapePropertiesDialog.o Utilities.o moc_Helper.o moc_MainWindow.o moc_OMCProxy.o moc_StringHandler.o moc_MessagesWidget.o moc_LibraryTreeWidget.o moc_ModelWidgetContainer.o moc_ModelicaClassDialog.o moc_OptionsDialog.o moc_ModelicaTextWidget.o moc_PlotWindowContainer.o moc_Component.o moc_ShapeAnnotation.o moc_CornerItem.o moc_LineAnnotation.o moc_PolygonAnnotation.o moc_RectangleAnnotation.o moc_EllipseAnnotation.o moc_TextAnnotation.o moc_BitmapAnnotation.o moc_ComponentProperties.o moc_DocumentationWidget.o moc_SimulationDialog.o moc_ImportFMUDialog.o moc_VariablesWidget.o moc_NotificationsDialog.o moc_ShapePropertiesDialog.o moc_Utilities.o qrc_resource_omedit.o   -F/opt/local/Library/Frameworks -F/opt/local/lib  -L../../OMPlot/bin/ -lOMPlot /opt/local/lib/libomniORB4.a /opt/local/lib/libomnithread.a -lpthread -lqwt -F/opt/local/Library/Frameworks -F/opt/local/lib -L/opt/local/lib -framework QtWebKit -framework QtSvg -framework QtGui -framework QtCore -framework QtXml -framework QtNetwork 
:info:build rm -f libomcruntime.a
:info:build ar -s -r libomcruntime.a Error_omc.o Print_omc.o System_omc.o Settings_omc.o IOStreamExt_omc.o ErrorMessage.o FMI_omc.o systemimplmisc.o UnitParserExt_omc.o unitparser.o BackendDAEEXT_omc.o Socket_omc.o matching.o matching_cheap.o Database_omc.o Dynload_omc.o SimulationResults_omc.o TaskGraphResults_omc.o HpcOmSchedulerExt_omc.o HpcOmBenchmarkExt_omc.o ptolemyio_omc.o Lapack_omc.o getMemorySize.o omc_communication.o omc_communication_impl.o Corba_omc.o
:info:build ar: creating archive libomcruntime.a
:info:build cp libomcruntime.a ../../build/lib/omc/
:info:build make[3]: Leaving directory `/opt/local/var/macports/build/_opt_local_var_macports_sources_build.openmodelica.org_macports_lang_openmodelica-devel/openmodelica-devel/work/openmodelica_18002/Compiler/runtime'
:info:build /usr/bin/make -C Compiler builtin install_scripts
:info:build make[3]: Entering directory `/opt/local/var/macports/build/_opt_local_var_macports_sources_build.openmodelica.org_macports_lang_openmodelica-devel/openmodelica-devel/work/openmodelica_18002/Compiler'
:info:build cp FrontEnd/ModelicaBuiltin.mo FrontEnd/MetaModelicaBuiltin.mo ../build/lib/omc/
:info:build cd scripts; cp openmodelica.lefty default_profiling.xsl replace-startValue.sh replace-startValue.xsl simcodedump.xsl ../../build/share/omc/scripts
:info:build make[2]: Leaving directory `/opt/local/var/macports/build/_opt_local_var_macports_sources_build.openmodelica.org_macports_lang_openmodelica-devel/openmodelica-devel/work/openmodelica_18002/OMEdit/OMEditGUI'
:info:build /usr/bin/make -f Makefile
:info:build cp OpenModelicaBootstrappingHeader.h ../build/include/omc/
:info:build make[3]: Leaving directory `/opt/local/var/macports/build/_opt_local_var_macports_sources_build.openmodelica.org_macports_lang_openmodelica-devel/openmodelica-devel/work/openmodelica_18002/Compiler'
:info:build /usr/bin/make -C Parser install
:info:build make[3]: Entering directory `/opt/local/var/macports/build/_opt_local_var_macports_sources_build.openmodelica.org_macports_lang_openmodelica-devel/openmodelica-devel/work/openmodelica_18002/Parser'
:info:build # build the library
:info:build /usr/bin/clang -pipe -Os -arch x86_64 -Wall -I/opt/local/include -I../Compiler/ -ICONFIGUREDWITHOUTRMLDONTTRYTHISMAKEFILETARGETAGAIN/include/plain -I. -I../3rdParty/antlr/3.2/libantlr3c-3.2 -I../3rdParty/antlr/3.2/libantlr3c-3.2/include -I../3rdParty/gc-7.2/include -I../Compiler/runtime -I../SimulationRuntime/c/meta -I../SimulationRuntime/c/ -I../SimulationRuntime/c/meta/gc -I../SimulationRuntime/c/util -I../SimulationRuntime/c/simulation/libf2c -c ../3rdParty/antlr/3.2/libantlr3c-3.2/src/*.c -I../3rdParty/antlr/3.2/libantlr3c-3.2/include -I../3rdParty/antlr/3.2/libantlr3c-3.2
:info:build java -cp ../3rdParty/antlr/3.2/libantlr3c-3.2/../tool/antlr-3.2.jar org.antlr.Tool -report Modelica.g
:info:build java -cp ../3rdParty/antlr/3.2/libantlr3c-3.2/../tool/antlr-3.2.jar org.antlr.Tool -report MetaModelica_Lexer.g
:info:build make[2]: Entering directory `/opt/local/var/macports/build/_opt_local_var_macports_sources_build.openmodelica.org_macports_lang_openmodelica-devel/openmodelica-devel/work/openmodelica_18002/OMEdit/OMEditGUI'
:info:build make[2]: Nothing to be done for `first'.
:info:build make[2]: Leaving directory `/opt/local/var/macports/build/_opt_local_var_macports_sources_build.openmodelica.org_macports_lang_openmodelica-devel/openmodelica-devel/work/openmodelica_18002/OMEdit/OMEditGUI'
:info:build mkdir -p ../../build/share/omedit/nls/
:info:build cp -p ./Resources/nls//*.qm ../../build/share/omedit/nls/
:info:build if [ ".app" = ".app" ]; then cp -rp ../bin/OMEdit.app ../../build/Applications/ ; else cp -p ../bin/OMEdit ../../build/bin/OMEdit; fi
:info:build ../3rdParty/antlr/3.2/libantlr3c-3.2/src/antlr3baserecognizer.c:589:51: warning: comparison of unsigned expression >= 0 is always true [-Wtautological-compare]
:info:build                 if      (recognizer->state->following->vector->count >= 0)
:info:build                          ~~~~~~~~~~~~~~~~~~~~~~~~~~~~~~~~~~~~~~~~~~~ ^  ~
:info:build 1 warning generated.
:info:build make[1]: Leaving directory `/opt/local/var/macports/build/_opt_local_var_macports_sources_build.openmodelica.org_macports_lang_openmodelica-devel/openmodelica-devel/work/openmodelica_18002/OMEdit/OMEditGUI'
:info:build java -cp ../3rdParty/antlr/3.2/libantlr3c-3.2/../tool/antlr-3.2.jar org.antlr.Tool -report ParModelica_Lexer.g
:info:build ../3rdParty/antlr/3.2/libantlr3c-3.2/src/antlr3collections.c:1895:9: warning: explicitly assigning a variable of type 'ANTLR3_INTKEY' (aka 'unsigned long long') to itself [-Wself-assign]
:info:build     key = key;
:info:build     ~~~ ^ ~~~
:info:build 1 warning generated.
:info:build warning(105): Modelica.g:154:10: no lexer rule corresponding to token: PURE
:info:build warning(105): Modelica.g:154:23: no lexer rule corresponding to token: IMPURE
:info:build ../3rdParty/antlr/3.2/libantlr3c-3.2/src/antlr3commontreeadaptor.c:51:32: warning: unused function 'getToken' [-Wunused-function]
:info:build static  pANTLR3_COMMON_TOKEN    getToken                                (pANTLR3_BASE_TREE_ADAPTOR adaptor, pANTLR3_BASE_TREE t);
:info:build                                 ^
:info:build 1 warning generated.
:info:build ../3rdParty/antlr/3.2/libantlr3c-3.2/src/antlr3string.c:329:1: warning: unused function 'stringInitUTF8' [-Wunused-function]
:info:build stringInitUTF8  (pANTLR3_STRING string)
:info:build ^
:info:build 1 warning generated.
:info:build ANTLR Grammar Report; Stats Version 4
:info:build Grammar: MetaModelica_Lexer
:info:build Type: lexer
:info:build Target language: C
:info:build Output: none
:info:build Grammar option k: none
:info:build Grammar option backtrack: false
:info:build Rules: 40
:info:build Productions: 79
:info:build Decisions: 1
:info:build Cyclic DFA decisions: 1
:info:build LL(1) decisions: 0
:info:build Min fixed k: 0
:info:build Max fixed k: 0
:info:build Average fixed k: 0.0
:info:build Standard deviation of fixed k: 0.0
:info:build Min acyclic DFA states: 0
:info:build Max acyclic DFA states: 0
:info:build Average acyclic DFA states: 0.0
:info:build Standard deviation of acyclic DFA states: 0.0
:info:build Total acyclic DFA states: 0
:info:build Min cyclic DFA states: 175
:info:build Max cyclic DFA states: 175
:info:build Average cyclic DFA states: 175.0
:info:build Standard deviation of cyclic DFA states: 0.0
:info:build Total cyclic DFA states: 175
:info:build Vocabulary size: 65536
:info:build DFA creation time in ms: 136
:info:build Number of semantic predicates found: 0
:info:build Number of manual fixed lookahead k=value options: 0
:info:build Number of nondeterministic decisions: 0
:info:build Number of nondeterministic decisions resolved with predicates: 0
:info:build Number of DFA conversions terminated early: 0
:info:build Number of errors: 0
:info:build Number of warnings: 0
:info:build Number of infos: 0
:info:build Number of syntactic predicates found: 0
:info:build Decisions with syntactic predicates: 0
:info:build Decision DFAs using syntactic predicates: 0
:info:build Decisions with semantic predicates: 0
:info:build Decision DFAs using semantic predicates: 0
:info:build 
:info:build Backtracking report:
:info:build Number of decisions that backtrack: 0
:info:build 
:info:build NFA conversion early termination report:
:info:build Number of NFA conversions that terminated early: 0
:info:build 
:info:build ANTLR Grammar Report; Stats Version 4
:info:build Grammar: ParModelica_Lexer
:info:build Type: lexer
:info:build Target language: C
:info:build Output: none
:info:build Grammar option k: none
:info:build Grammar option backtrack: false
:info:build Rules: 24
:info:build Productions: 47
:info:build Decisions: 1
:info:build Cyclic DFA decisions: 1
:info:build LL(1) decisions: 0
:info:build Min fixed k: 0
:info:build Max fixed k: 0
:info:build Average fixed k: 0.0
:info:build Standard deviation of fixed k: 0.0
:info:build Min acyclic DFA states: 0
:info:build Max acyclic DFA states: 0
:info:build Average acyclic DFA states: 0.0
:info:build Standard deviation of acyclic DFA states: 0.0
:info:build Total acyclic DFA states: 0
:info:build Min cyclic DFA states: 83
:info:build Max cyclic DFA states: 83
:info:build Average cyclic DFA states: 83.0
:info:build Standard deviation of cyclic DFA states: 0.0
:info:build Total cyclic DFA states: 83
:info:build Vocabulary size: 65536
:info:build DFA creation time in ms: 114
:info:build Number of semantic predicates found: 0
:info:build Number of manual fixed lookahead k=value options: 0
:info:build Number of nondeterministic decisions: 0
:info:build Number of nondeterministic decisions resolved with predicates: 0
:info:build Number of DFA conversions terminated early: 0
:info:build Number of errors: 0
:info:build Number of warnings: 0
:info:build Number of infos: 0
:info:build Number of syntactic predicates found: 0
:info:build Decisions with syntactic predicates: 0
:info:build Decision DFAs using syntactic predicates: 0
:info:build Decisions with semantic predicates: 0
:info:build Decision DFAs using semantic predicates: 0
:info:build 
:info:build Backtracking report:
:info:build Number of decisions that backtrack: 0
:info:build 
:info:build NFA conversion early termination report:
:info:build Number of NFA conversions that terminated early: 0
:info:build 
:info:build java -cp ../3rdParty/antlr/3.2/libantlr3c-3.2/../tool/antlr-3.2.jar org.antlr.Tool -report Modelica_3_Lexer.g
:info:build rm -f libantlr3.a
:info:build ar -ru libantlr3.a antlr3*.o
:info:build ## Recover from the removal of MetaModelica_Lexer.h
:info:build ## Recover from the removal of MetaModelica_Lexer_BaseModelica_Lexer.h
:info:build ## Recover from the removal of ParModelica_Lexer.h
:info:build ar: creating archive libantlr3.a
:info:build ## Recover from the removal of ParModelica_Lexer_BaseModelica_Lexer.h
:info:build /usr/bin/clang -pipe -Os -arch x86_64 -Wall -I/opt/local/include -I../Compiler/ -ICONFIGUREDWITHOUTRMLDONTTRYTHISMAKEFILETARGETAGAIN/include/plain -I. -I../3rdParty/antlr/3.2/libantlr3c-3.2 -I../3rdParty/antlr/3.2/libantlr3c-3.2/include -I../3rdParty/gc-7.2/include -I../Compiler/runtime -I../SimulationRuntime/c/meta -I../SimulationRuntime/c/ -I../SimulationRuntime/c/meta/gc -I../SimulationRuntime/c/util -I../SimulationRuntime/c/simulation/libf2c  -c -o MetaModelica_Lexer_BaseModelica_Lexer.o MetaModelica_Lexer_BaseModelica_Lexer.c
:info:build MetaModelica_Lexer_BaseModelica_Lexer.c:5264:35: warning: comparison of unsigned expression >= 0 is always true [-Wtautological-compare]
:info:build                         if ( ((LA(1) >= 0x0000) && (LA(1) <= '\t')) || ((LA(1) >= 0x000B) && (LA(1) <= '\f')) || ((LA(1) >= 0x000E) && (LA(1) <= 0xFFFF)) )
:info:build                                ~~~~~ ^  ~~~~~~
:info:build MetaModelica_Lexer_BaseModelica_Lexer.c:5394:29: warning: equality comparison with extraneous parentheses [-Wparentheses-equality]
:info:build                 if ( (LA7_0 == '*') ) 
:info:build                       ~~~~~~^~~~~~
:info:build MetaModelica_Lexer_BaseModelica_Lexer.c:5394:29: note: remove extraneous parentheses around the comparison to silence this warning
:info:build                 if ( (LA7_0 == '*') ) 
:info:build                      ~      ^     ~
:info:build MetaModelica_Lexer_BaseModelica_Lexer.c:5394:29: note: use '=' to turn this equality comparison into an assignment
:info:build                 if ( (LA7_0 == '*') ) 
:info:build                             ^~
:info:build                             =
:info:build MetaModelica_Lexer_BaseModelica_Lexer.c:5400:37: warning: equality comparison with extraneous parentheses [-Wparentheses-equality]
:info:build                         if ( (LA7_1 == '/') ) 
:info:build                               ~~~~~~^~~~~~
:info:build MetaModelica_Lexer_BaseModelica_Lexer.c:5400:37: note: remove extraneous parentheses around the comparison to silence this warning
:info:build                         if ( (LA7_1 == '/') ) 
:info:build                              ~      ^     ~
:info:build MetaModelica_Lexer_BaseModelica_Lexer.c:5400:37: note: use '=' to turn this equality comparison into an assignment
:info:build                         if ( (LA7_1 == '/') ) 
:info:build                                     ^~
:info:build                                     =
:info:build MetaModelica_Lexer_BaseModelica_Lexer.c:5477:16: warning: unused variable '_type' [-Wunused-variable]
:info:build         ANTLR3_UINT32   _type;
:info:build                         ^
:info:build ranlib libantlr3.a
:info:build MetaModelica_Lexer_BaseModelica_Lexer.c:5897:34: warning: equality comparison with extraneous parentheses [-Wparentheses-equality]
:info:build                 else if ( (LA9_0 == '\\') ) 
:info:build                            ~~~~~~^~~~~~~
:info:build MetaModelica_Lexer_BaseModelica_Lexer.c:5897:34: note: remove extraneous parentheses around the comparison to silence this warning
:info:build                 else if ( (LA9_0 == '\\') ) 
:info:build                           ~      ^      ~
:info:build MetaModelica_Lexer_BaseModelica_Lexer.c:5897:34: note: use '=' to turn this equality comparison into an assignment
:info:build                 else if ( (LA9_0 == '\\') ) 
:info:build                                  ^~
:info:build                                  =
:info:build MetaModelica_Lexer_BaseModelica_Lexer.c:5877:16: warning: unused variable '_type' [-Wunused-variable]
:info:build         ANTLR3_UINT32   _type;
:info:build                         ^
:info:build MetaModelica_Lexer_BaseModelica_Lexer.c:6019:27: warning: comparison of unsigned expression >= 0 is always true [-Wtautological-compare]
:info:build                 if ( ((LA(1) >= 0x0000) && (LA(1) <= '\t')) || ((LA(1) >= 0x000B) && (LA(1) <= '\f')) || ((LA(1) >= 0x000E) && (LA(1) <= '!')) || ((LA(1) >= '#') && (LA(1) <= '[')) || ((LA(1) >= ']') && (LA(1) <= 0xFFFF)) )
:info:build                        ~~~~~ ^  ~~~~~~
:info:build MetaModelica_Lexer_BaseModelica_Lexer.c:5967:16: warning: unused variable '_type' [-Wunused-variable]
:info:build         ANTLR3_UINT32   _type;
:info:build                         ^
:info:build MetaModelica_Lexer_BaseModelica_Lexer.c:6064:16: warning: unused variable '_type' [-Wunused-variable]
:info:build         ANTLR3_UINT32   _type;
:info:build                         ^
:info:build MetaModelica_Lexer_BaseModelica_Lexer.c:6325:16: warning: unused variable '_type' [-Wunused-variable]
:info:build         ANTLR3_UINT32   _type;
:info:build                         ^
:info:build MetaModelica_Lexer_BaseModelica_Lexer.c:7114:16: warning: unused variable '_type' [-Wunused-variable]
:info:build         ANTLR3_UINT32   _type;
:info:build                         ^
:info:build MetaModelica_Lexer_BaseModelica_Lexer.c:7364:16: warning: unused variable '_type' [-Wunused-variable]
:info:build         ANTLR3_UINT32   _type;
:info:build                         ^
:info:build MetaModelica_Lexer_BaseModelica_Lexer.c:7706:16: warning: unused variable '_type' [-Wunused-variable]
:info:build         ANTLR3_UINT32   _type;
:info:build                         ^
:info:build MetaModelica_Lexer_BaseModelica_Lexer.c:7754:16: warning: unused variable '_type' [-Wunused-variable]
:info:build         ANTLR3_UINT32   _type;
:info:build                         ^
:info:build MetaModelica_Lexer_BaseModelica_Lexer.c:7802:16: warning: unused variable '_type' [-Wunused-variable]
:info:build         ANTLR3_UINT32   _type;
:info:build                         ^
:info:build MetaModelica_Lexer_BaseModelica_Lexer.c:7842:16: warning: unused variable '_type' [-Wunused-variable]
:info:build         ANTLR3_UINT32   _type;
:info:build                         ^
:info:build rm -f antlr3*.o
:info:build /usr/bin/clang -pipe -Os -arch x86_64 -Wall -I/opt/local/include -I../Compiler/ -ICONFIGUREDWITHOUTRMLDONTTRYTHISMAKEFILETARGETAGAIN/include/plain -I. -I../3rdParty/antlr/3.2/libantlr3c-3.2 -I../3rdParty/antlr/3.2/libantlr3c-3.2/include -I../3rdParty/gc-7.2/include -I../Compiler/runtime -I../SimulationRuntime/c/meta -I../SimulationRuntime/c/ -I../SimulationRuntime/c/meta/gc -I../SimulationRuntime/c/util -I../SimulationRuntime/c/simulation/libf2c  -c -o MetaModelica_Lexer.o MetaModelica_Lexer.c
:info:build /usr/bin/clang -pipe -Os -arch x86_64 -Wall -I/opt/local/include -I../Compiler/ -ICONFIGUREDWITHOUTRMLDONTTRYTHISMAKEFILETARGETAGAIN/include/plain -I. -I../3rdParty/antlr/3.2/libantlr3c-3.2 -I../3rdParty/antlr/3.2/libantlr3c-3.2/include -I../3rdParty/gc-7.2/include -I../Compiler/runtime -I../SimulationRuntime/c/meta -I../SimulationRuntime/c/ -I../SimulationRuntime/c/meta/gc -I../SimulationRuntime/c/util -I../SimulationRuntime/c/simulation/libf2c  -c -o ParModelica_Lexer_BaseModelica_Lexer.o ParModelica_Lexer_BaseModelica_Lexer.c
:info:build 16 warnings generated.
:info:build /usr/bin/clang -pipe -Os -arch x86_64 -Wall -I/opt/local/include -I../Compiler/ -ICONFIGUREDWITHOUTRMLDONTTRYTHISMAKEFILETARGETAGAIN/include/plain -I. -I../3rdParty/antlr/3.2/libantlr3c-3.2 -I../3rdParty/antlr/3.2/libantlr3c-3.2/include -I../3rdParty/gc-7.2/include -I../Compiler/runtime -I../SimulationRuntime/c/meta -I../SimulationRuntime/c/ -I../SimulationRuntime/c/meta/gc -I../SimulationRuntime/c/util -I../SimulationRuntime/c/simulation/libf2c  -c -o ParModelica_Lexer.o ParModelica_Lexer.c
:info:build ParModelica_Lexer_BaseModelica_Lexer.c:5264:35: warning: comparison of unsigned expression >= 0 is always true [-Wtautological-compare]
:info:build                         if ( ((LA(1) >= 0x0000) && (LA(1) <= '\t')) || ((LA(1) >= 0x000B) && (LA(1) <= '\f')) || ((LA(1) >= 0x000E) && (LA(1) <= 0xFFFF)) )
:info:build                                ~~~~~ ^  ~~~~~~
:info:build ParModelica_Lexer_BaseModelica_Lexer.c:5394:29: warning: equality comparison with extraneous parentheses [-Wparentheses-equality]
:info:build                 if ( (LA7_0 == '*') ) 
:info:build                       ~~~~~~^~~~~~
:info:build ParModelica_Lexer_BaseModelica_Lexer.c:5394:29: note: remove extraneous parentheses around the comparison to silence this warning
:info:build                 if ( (LA7_0 == '*') ) 
:info:build                      ~      ^     ~
:info:build ParModelica_Lexer_BaseModelica_Lexer.c:5394:29: note: use '=' to turn this equality comparison into an assignment
:info:build                 if ( (LA7_0 == '*') ) 
:info:build                             ^~
:info:build                             =
:info:build ParModelica_Lexer_BaseModelica_Lexer.c:5400:37: warning: equality comparison with extraneous parentheses [-Wparentheses-equality]
:info:build                         if ( (LA7_1 == '/') ) 
:info:build                               ~~~~~~^~~~~~
:info:build ParModelica_Lexer_BaseModelica_Lexer.c:5400:37: note: remove extraneous parentheses around the comparison to silence this warning
:info:build                         if ( (LA7_1 == '/') ) 
:info:build                              ~      ^     ~
:info:build ParModelica_Lexer_BaseModelica_Lexer.c:5400:37: note: use '=' to turn this equality comparison into an assignment
:info:build                         if ( (LA7_1 == '/') ) 
:info:build                                     ^~
:info:build                                     =
:info:build ParModelica_Lexer_BaseModelica_Lexer.c:5477:16: warning: unused variable '_type' [-Wunused-variable]
:info:build         ANTLR3_UINT32   _type;
:info:build                         ^
:info:build ParModelica_Lexer_BaseModelica_Lexer.c:5897:34: warning: equality comparison with extraneous parentheses [-Wparentheses-equality]
:info:build                 else if ( (LA9_0 == '\\') ) 
:info:build                            ~~~~~~^~~~~~~
:info:build ParModelica_Lexer_BaseModelica_Lexer.c:5897:34: note: remove extraneous parentheses around the comparison to silence this warning
:info:build                 else if ( (LA9_0 == '\\') ) 
:info:build                           ~      ^      ~
:info:build ParModelica_Lexer_BaseModelica_Lexer.c:5897:34: note: use '=' to turn this equality comparison into an assignment
:info:build                 else if ( (LA9_0 == '\\') ) 
:info:build                                  ^~
:info:build                                  =
:info:build ParModelica_Lexer_BaseModelica_Lexer.c:5877:16: warning: unused variable '_type' [-Wunused-variable]
:info:build         ANTLR3_UINT32   _type;
:info:build                         ^
:info:build ParModelica_Lexer_BaseModelica_Lexer.c:6019:27: warning: comparison of unsigned expression >= 0 is always true [-Wtautological-compare]
:info:build                 if ( ((LA(1) >= 0x0000) && (LA(1) <= '\t')) || ((LA(1) >= 0x000B) && (LA(1) <= '\f')) || ((LA(1) >= 0x000E) && (LA(1) <= '!')) || ((LA(1) >= '#') && (LA(1) <= '[')) || ((LA(1) >= ']') && (LA(1) <= 0xFFFF)) )
:info:build                        ~~~~~ ^  ~~~~~~
:info:build ParModelica_Lexer_BaseModelica_Lexer.c:5967:16: warning: unused variable '_type' [-Wunused-variable]
:info:build         ANTLR3_UINT32   _type;
:info:build                         ^
:info:build ParModelica_Lexer_BaseModelica_Lexer.c:6064:16: warning: unused variable '_type' [-Wunused-variable]
:info:build         ANTLR3_UINT32   _type;
:info:build                         ^
:info:build ParModelica_Lexer_BaseModelica_Lexer.c:6325:16: warning: unused variable '_type' [-Wunused-variable]
:info:build         ANTLR3_UINT32   _type;
:info:build                         ^
:info:build ParModelica_Lexer_BaseModelica_Lexer.c:7114:16: warning: unused variable '_type' [-Wunused-variable]
:info:build         ANTLR3_UINT32   _type;
:info:build                         ^
:info:build ParModelica_Lexer_BaseModelica_Lexer.c:7364:16: warning: unused variable '_type' [-Wunused-variable]
:info:build         ANTLR3_UINT32   _type;
:info:build                         ^
:info:build ParModelica_Lexer_BaseModelica_Lexer.c:7706:16: warning: unused variable '_type' [-Wunused-variable]
:info:build         ANTLR3_UINT32   _type;
:info:build                         ^
:info:build ParModelica_Lexer_BaseModelica_Lexer.c:7754:16: warning: unused variable '_type' [-Wunused-variable]
:info:build         ANTLR3_UINT32   _type;
:info:build                         ^
:info:build ParModelica_Lexer_BaseModelica_Lexer.c:7802:16: warning: unused variable '_type' [-Wunused-variable]
:info:build         ANTLR3_UINT32   _type;
:info:build                         ^
:info:build ParModelica_Lexer_BaseModelica_Lexer.c:7842:16: warning: unused variable '_type' [-Wunused-variable]
:info:build         ANTLR3_UINT32   _type;
:info:build                         ^
:info:build ANTLR Grammar Report; Stats Version 4
:info:build Grammar: Modelica
:info:build Type: combined
:info:build Target language: C
:info:build Output: none
:info:build Grammar option k: none
:info:build Grammar option backtrack: false
:info:build Rules: 139
:info:build Productions: 158
:info:build Decisions: 185
:info:build Cyclic DFA decisions: 1
:info:build LL(1) decisions: 23
:info:build Min fixed k: -1
:info:build Max fixed k: 3
:info:build Average fixed k: 0.0
:info:build Standard deviation of fixed k: 1.101414887360054
:info:build Min acyclic DFA states: 0
:info:build Max acyclic DFA states: 70
:info:build Average acyclic DFA states: 2.119565217391304
:info:build Standard deviation of acyclic DFA states: 8.361167580380075
:info:build Total acyclic DFA states: 390
:info:build Min cyclic DFA states: 6
:info:build Max cyclic DFA states: 6
:info:build Average cyclic DFA states: 6.0
:info:build Standard deviation of cyclic DFA states: 0.0
:info:build Total cyclic DFA states: 6
:info:build Vocabulary size: 143
:info:build DFA creation time in ms: 339
:info:build Number of semantic predicates found: 14
:info:build Number of manual fixed lookahead k=value options: 6
:info:build Number of nondeterministic decisions: 6
:info:build Number of nondeterministic decisions resolved with predicates: 6
:info:build Number of DFA conversions terminated early: 0
:info:build Number of errors: 0
:info:build Number of warnings: 2
:info:build Number of infos: 0
:info:build Number of syntactic predicates found: 3
:info:build Decisions with syntactic predicates: 2
:info:build Decision DFAs using syntactic predicates: 2
:info:build Decisions with semantic predicates: 14
:info:build Decision DFAs using semantic predicates: 4
:info:build 
:info:build Backtracking report:
:info:build Number of decisions that backtrack: 2
:info:build Rule top_algorithm decision 175 location 1535:3
:info:build Rule code_expression decision 169 location 1476:5
:info:build 
:info:build NFA conversion early termination report:
:info:build Number of NFA conversions that terminated early: 0
:info:build 
:info:build ## Recover from the removal of ModelicaParser.h
:info:build /usr/bin/clang -pipe -Os -arch x86_64 -Wall -I/opt/local/include -I../Compiler/ -ICONFIGUREDWITHOUTRMLDONTTRYTHISMAKEFILETARGETAGAIN/include/plain -I. -I../3rdParty/antlr/3.2/libantlr3c-3.2 -I../3rdParty/antlr/3.2/libantlr3c-3.2/include -I../3rdParty/gc-7.2/include -I../Compiler/runtime -I../SimulationRuntime/c/meta -I../SimulationRuntime/c/ -I../SimulationRuntime/c/meta/gc -I../SimulationRuntime/c/util -I../SimulationRuntime/c/simulation/libf2c  -c -o ModelicaParser_omc.o ModelicaParser_omc.c
:info:build 16 warnings generated.
:info:build In file included from ModelicaParser_omc.c:42:
:info:build ./ModelicaParser.c:7410:31: warning: unused variable 'LA34_40' [-Wunused-variable]
:info:build                                     int LA34_40 = LA(2);
:info:build                                         ^
:info:build ./ModelicaParser.c:7643:41: warning: unused variable 'redecl' [-Wunused-variable]
:info:build      void *final = 0, *innerouter = 0, *redecl = 0; 
:info:build                                         ^
:info:build ./ModelicaParser.c:10026:10: warning: expression result unused [-Wunused-value]
:info:build      np1.ast; np2 = 0; 
:info:build      ~~~ ^~~
:info:build ./ModelicaParser.c:12546:23: warning: unused variable 'LA80_2' [-Wunused-variable]
:info:build                             int LA80_2 = LA(2);
:info:build                                 ^
:info:build ./ModelicaParser.c:12579:23: warning: unused variable 'LA80_6' [-Wunused-variable]
:info:build                             int LA80_6 = LA(2);
:info:build                                 ^
:info:build ./ModelicaParser.c:12920:23: warning: unused variable 'LA82_2' [-Wunused-variable]
:info:build                             int LA82_2 = LA(2);
:info:build                                 ^
:info:build ./ModelicaParser.c:12953:23: warning: unused variable 'LA82_6' [-Wunused-variable]
:info:build                             int LA82_6 = LA(2);
:info:build                                 ^
:info:build ./ModelicaParser.c:13459:23: warning: unused variable 'LA84_2' [-Wunused-variable]
:info:build                             int LA84_2 = LA(2);
:info:build                                 ^
:info:build ./ModelicaParser.c:13492:23: warning: unused variable 'LA84_6' [-Wunused-variable]
:info:build                             int LA84_6 = LA(2);
:info:build                                 ^
:info:build ./ModelicaParser.c:13422:22: warning: unused variable 'isalg' [-Wunused-variable]
:info:build       int first,last,isalg = 0;
:info:build                      ^
:info:build ./ModelicaParser.c:15111:12: warning: unused variable 's1' [-Wunused-variable]
:info:build      char *s1 = 0; 
:info:build            ^
:info:build ./ModelicaParser.c:24453:62: warning: '&&' within '||' [-Wlogical-op-parentheses]
:info:build                         if ( !((LA(1)==IDENT || LA(1)==OPERATOR && LA(2) == EQUALS || LA(1) == RPAR || LA(1) == RBRACE)) ) 
:info:build                                              ~~ ~~~~~~~~~~~~~~~~^~~~~~~~~~~~~~~~~~
:info:build ./ModelicaParser.c:24453:62: note: place parentheses around the '&&' expression to silence this warning
:info:build                         if ( !((LA(1)==IDENT || LA(1)==OPERATOR && LA(2) == EQUALS || LA(1) == RPAR || LA(1) == RBRACE)) ) 
:info:build                                                 ~~~~~~~~~~~~~~~~^~~~~~~~~~~~~~~~~~
:info:build ./ModelicaParser.c:26413:36: warning: unused variable 'LA169_1' [-Wunused-variable]
:info:build                                             int LA169_1 = LA(2);
:info:build                                                 ^
:info:build ./ModelicaParser.c:26457:36: warning: unused variable 'LA169_5' [-Wunused-variable]
:info:build                                             int LA169_5 = LA(2);
:info:build                                                 ^
:info:build ./ModelicaParser.c:26490:36: warning: unused variable 'LA169_6' [-Wunused-variable]
:info:build                                             int LA169_6 = LA(2);
:info:build                                                 ^
:info:build ./ModelicaParser.c:26523:36: warning: unused variable 'LA169_7' [-Wunused-variable]
:info:build                                             int LA169_7 = LA(2);
:info:build                                                 ^
:info:build ./ModelicaParser.c:26556:36: warning: unused variable 'LA169_8' [-Wunused-variable]
:info:build                                             int LA169_8 = LA(2);
:info:build                                                 ^
:info:build ./ModelicaParser.c:26589:36: warning: unused variable 'LA169_9' [-Wunused-variable]
:info:build                                             int LA169_9 = LA(2);
:info:build                                                 ^
:info:build ./ModelicaParser.c:26622:36: warning: unused variable 'LA169_10' [-Wunused-variable]
:info:build                                             int LA169_10 = LA(2);
:info:build                                                 ^
:info:build ./ModelicaParser.c:26655:36: warning: unused variable 'LA169_11' [-Wunused-variable]
:info:build                                             int LA169_11 = LA(2);
:info:build                                                 ^
:info:build ./ModelicaParser.c:26688:36: warning: unused variable 'LA169_12' [-Wunused-variable]
:info:build                                             int LA169_12 = LA(2);
:info:build                                                 ^
:info:build ./ModelicaParser.c:26721:36: warning: unused variable 'LA169_13' [-Wunused-variable]
:info:build                                             int LA169_13 = LA(2);
:info:build                                                 ^
:info:build ./ModelicaParser.c:26754:36: warning: unused variable 'LA169_14' [-Wunused-variable]
:info:build                                             int LA169_14 = LA(2);
:info:build                                                 ^
:info:build ./ModelicaParser.c:26787:36: warning: unused variable 'LA169_15' [-Wunused-variable]
:info:build                                             int LA169_15 = LA(2);
:info:build                                                 ^
:info:build ./ModelicaParser.c:26820:36: warning: unused variable 'LA169_16' [-Wunused-variable]
:info:build                                             int LA169_16 = LA(2);
:info:build                                                 ^
:info:build ./ModelicaParser.c:26857:36: warning: unused variable 'LA169_17' [-Wunused-variable]
:info:build                                             int LA169_17 = LA(2);
:info:build                                                 ^
:info:build ./ModelicaParser.c:26894:36: warning: unused variable 'LA169_18' [-Wunused-variable]
:info:build                                             int LA169_18 = LA(2);
:info:build                                                 ^
:info:build ./ModelicaParser.c:26931:36: warning: unused variable 'LA169_19' [-Wunused-variable]
:info:build                                             int LA169_19 = LA(2);
:info:build                                                 ^
:info:build ./ModelicaParser.c:26964:36: warning: unused variable 'LA169_20' [-Wunused-variable]
:info:build                                             int LA169_20 = LA(2);
:info:build                                                 ^
:info:build ./ModelicaParser.c:26997:36: warning: unused variable 'LA169_21' [-Wunused-variable]
:info:build                                             int LA169_21 = LA(2);
:info:build                                                 ^
:info:build ./ModelicaParser.c:27030:36: warning: unused variable 'LA169_22' [-Wunused-variable]
:info:build                                             int LA169_22 = LA(2);
:info:build                                                 ^
:info:build ./ModelicaParser.c:27067:36: warning: unused variable 'LA169_23' [-Wunused-variable]
:info:build                                             int LA169_23 = LA(2);
:info:build                                                 ^
:info:build ./ModelicaParser.c:27100:36: warning: unused variable 'LA169_24' [-Wunused-variable]
:info:build                                             int LA169_24 = LA(2);
:info:build                                                 ^
:info:build ./ModelicaParser.c:27133:36: warning: unused variable 'LA169_25' [-Wunused-variable]
:info:build                                             int LA169_25 = LA(2);
:info:build                                                 ^
:info:build ./ModelicaParser.c:27166:36: warning: unused variable 'LA169_26' [-Wunused-variable]
:info:build                                             int LA169_26 = LA(2);
:info:build                                                 ^
:info:build ./ModelicaParser.c:27203:36: warning: unused variable 'LA169_27' [-Wunused-variable]
:info:build                                             int LA169_27 = LA(2);
:info:build                                                 ^
:info:build ./ModelicaParser.c:27236:36: warning: unused variable 'LA169_28' [-Wunused-variable]
:info:build                                             int LA169_28 = LA(2);
:info:build                                                 ^
:info:build ./ModelicaParser.c:27269:36: warning: unused variable 'LA169_29' [-Wunused-variable]
:info:build                                             int LA169_29 = LA(2);
:info:build                                                 ^
:info:build ./ModelicaParser.c:27306:36: warning: unused variable 'LA169_30' [-Wunused-variable]
:info:build                                             int LA169_30 = LA(2);
:info:build                                                 ^
:info:build ./ModelicaParser.c:27339:36: warning: unused variable 'LA169_31' [-Wunused-variable]
:info:build                                             int LA169_31 = LA(2);
:info:build                                                 ^
:info:build ./ModelicaParser.c:28343:35: warning: equality comparison with extraneous parentheses [-Wparentheses-equality]
:info:build                     if ( (LA175_0 == IF) ) 
:info:build                           ~~~~~~~~^~~~~
:info:build ./ModelicaParser.c:28343:35: note: remove extraneous parentheses around the comparison to silence this warning
:info:build                     if ( (LA175_0 == IF) ) 
:info:build                          ~        ^    ~
:info:build ./ModelicaParser.c:28343:35: note: use '=' to turn this equality comparison into an assignment
:info:build                     if ( (LA175_0 == IF) ) 
:info:build                                   ^~
:info:build                                   =
:info:build ./ModelicaParser.c:28347:33: warning: unused variable 'LA175_1' [-Wunused-variable]
:info:build                             int LA175_1 = LA(2);
:info:build                                 ^
:info:build ./ModelicaParser.c:28375:40: warning: equality comparison with extraneous parentheses [-Wparentheses-equality]
:info:build                     else if ( (LA175_0 == T_NOT) ) 
:info:build                                ~~~~~~~~^~~~~~~~
:info:build ./ModelicaParser.c:28375:40: note: remove extraneous parentheses around the comparison to silence this warning
:info:build                     else if ( (LA175_0 == T_NOT) ) 
:info:build                               ~        ^       ~
:info:build ./ModelicaParser.c:28375:40: note: use '=' to turn this equality comparison into an assignment
:info:build                     else if ( (LA175_0 == T_NOT) ) 
:info:build                                        ^~
:info:build                                        =
:info:build ./ModelicaParser.c:28379:33: warning: unused variable 'LA175_2' [-Wunused-variable]
:info:build                             int LA175_2 = LA(2);
:info:build                                 ^
:info:build ./ModelicaParser.c:28407:40: warning: equality comparison with extraneous parentheses [-Wparentheses-equality]
:info:build                     else if ( (LA175_0 == PLUS) ) 
:info:build                                ~~~~~~~~^~~~~~~
:info:build ./ModelicaParser.c:28407:40: note: remove extraneous parentheses around the comparison to silence this warning
:info:build                     else if ( (LA175_0 == PLUS) ) 
:info:build                               ~        ^      ~
:info:build ./ModelicaParser.c:28407:40: note: use '=' to turn this equality comparison into an assignment
:info:build                     else if ( (LA175_0 == PLUS) ) 
:info:build                                        ^~
:info:build                                        =
:info:build ./ModelicaParser.c:28411:33: warning: unused variable 'LA175_3' [-Wunused-variable]
:info:build                             int LA175_3 = LA(2);
:info:build                                 ^
:info:build ./ModelicaParser.c:28439:40: warning: equality comparison with extraneous parentheses [-Wparentheses-equality]
:info:build                     else if ( (LA175_0 == MINUS) ) 
:info:build                                ~~~~~~~~^~~~~~~~
:info:build ./ModelicaParser.c:28439:40: note: remove extraneous parentheses around the comparison to silence this warning
:info:build                     else if ( (LA175_0 == MINUS) ) 
:info:build                               ~        ^       ~
:info:build ./ModelicaParser.c:28439:40: note: use '=' to turn this equality comparison into an assignment
:info:build                     else if ( (LA175_0 == MINUS) ) 
:info:build                                        ^~
:info:build                                        =
:info:build ./ModelicaParser.c:28443:33: warning: unused variable 'LA175_4' [-Wunused-variable]
:info:build                             int LA175_4 = LA(2);
:info:build                                 ^
:info:build ./ModelicaParser.c:28471:40: warning: equality comparison with extraneous parentheses [-Wparentheses-equality]
:info:build                     else if ( (LA175_0 == PLUS_EW) ) 
:info:build                                ~~~~~~~~^~~~~~~~~~
:info:build ./ModelicaParser.c:28471:40: note: remove extraneous parentheses around the comparison to silence this warning
:info:build                     else if ( (LA175_0 == PLUS_EW) ) 
:info:build                               ~        ^         ~
:info:build ./ModelicaParser.c:28471:40: note: use '=' to turn this equality comparison into an assignment
:info:build                     else if ( (LA175_0 == PLUS_EW) ) 
:info:build                                        ^~
:info:build                                        =
:info:build ./ModelicaParser.c:28475:33: warning: unused variable 'LA175_5' [-Wunused-variable]
:info:build                             int LA175_5 = LA(2);
:info:build                                 ^
:info:build ./ModelicaParser.c:28503:40: warning: equality comparison with extraneous parentheses [-Wparentheses-equality]
:info:build                     else if ( (LA175_0 == MINUS_EW) ) 
:info:build                                ~~~~~~~~^~~~~~~~~~~
:info:build ./ModelicaParser.c:28503:40: note: remove extraneous parentheses around the comparison to silence this warning
:info:build                     else if ( (LA175_0 == MINUS_EW) ) 
:info:build                               ~        ^          ~
:info:build ./ModelicaParser.c:28503:40: note: use '=' to turn this equality comparison into an assignment
:info:build                     else if ( (LA175_0 == MINUS_EW) ) 
:info:build                                        ^~
:info:build                                        =
:info:build ./ModelicaParser.c:28507:33: warning: unused variable 'LA175_6' [-Wunused-variable]
:info:build                             int LA175_6 = LA(2);
:info:build                                 ^
:info:build ./ModelicaParser.c:28535:40: warning: equality comparison with extraneous parentheses [-Wparentheses-equality]
:info:build                     else if ( (LA175_0 == UNSIGNED_INTEGER) ) 
:info:build                                ~~~~~~~~^~~~~~~~~~~~~~~~~~~
:info:build ./ModelicaParser.c:28535:40: note: remove extraneous parentheses around the comparison to silence this warning
:info:build                     else if ( (LA175_0 == UNSIGNED_INTEGER) ) 
:info:build                               ~        ^                  ~
:info:build ./ModelicaParser.c:28535:40: note: use '=' to turn this equality comparison into an assignment
:info:build                     else if ( (LA175_0 == UNSIGNED_INTEGER) ) 
:info:build                                        ^~
:info:build                                        =
:info:build ./ModelicaParser.c:28539:33: warning: unused variable 'LA175_7' [-Wunused-variable]
:info:build                             int LA175_7 = LA(2);
:info:build                                 ^
:info:build ./ModelicaParser.c:28567:40: warning: equality comparison with extraneous parentheses [-Wparentheses-equality]
:info:build                     else if ( (LA175_0 == UNSIGNED_REAL) ) 
:info:build                                ~~~~~~~~^~~~~~~~~~~~~~~~
:info:build ./ModelicaParser.c:28567:40: note: remove extraneous parentheses around the comparison to silence this warning
:info:build                     else if ( (LA175_0 == UNSIGNED_REAL) ) 
:info:build                               ~        ^               ~
:info:build ./ModelicaParser.c:28567:40: note: use '=' to turn this equality comparison into an assignment
:info:build                     else if ( (LA175_0 == UNSIGNED_REAL) ) 
:info:build                                        ^~
:info:build                                        =
:info:build ./ModelicaParser.c:28571:33: warning: unused variable 'LA175_8' [-Wunused-variable]
:info:build                             int LA175_8 = LA(2);
:info:build                                 ^
:info:build ./ModelicaParser.c:28599:40: warning: equality comparison with extraneous parentheses [-Wparentheses-equality]
:info:build                     else if ( (LA175_0 == STRING) ) 
:info:build                                ~~~~~~~~^~~~~~~~~
:info:build ./ModelicaParser.c:28599:40: note: remove extraneous parentheses around the comparison to silence this warning
:info:build                     else if ( (LA175_0 == STRING) ) 
:info:build                               ~        ^        ~
:info:build ./ModelicaParser.c:28599:40: note: use '=' to turn this equality comparison into an assignment
:info:build                     else if ( (LA175_0 == STRING) ) 
:info:build                                        ^~
:info:build                                        =
:info:build ./ModelicaParser.c:28603:33: warning: unused variable 'LA175_9' [-Wunused-variable]
:info:build                             int LA175_9 = LA(2);
:info:build                                 ^
:info:build ./ModelicaParser.c:28631:40: warning: equality comparison with extraneous parentheses [-Wparentheses-equality]
:info:build                     else if ( (LA175_0 == T_FALSE) ) 
:info:build                                ~~~~~~~~^~~~~~~~~~
:info:build ./ModelicaParser.c:28631:40: note: remove extraneous parentheses around the comparison to silence this warning
:info:build                     else if ( (LA175_0 == T_FALSE) ) 
:info:build                               ~        ^         ~
:info:build ./ModelicaParser.c:28631:40: note: use '=' to turn this equality comparison into an assignment
:info:build                     else if ( (LA175_0 == T_FALSE) ) 
:info:build                                        ^~
:info:build                                        =
:info:build ./ModelicaParser.c:28635:33: warning: unused variable 'LA175_10' [-Wunused-variable]
:info:build                             int LA175_10 = LA(2);
:info:build                                 ^
:info:build ./ModelicaParser.c:28663:40: warning: equality comparison with extraneous parentheses [-Wparentheses-equality]
:info:build                     else if ( (LA175_0 == T_TRUE) ) 
:info:build                                ~~~~~~~~^~~~~~~~~
:info:build ./ModelicaParser.c:28663:40: note: remove extraneous parentheses around the comparison to silence this warning
:info:build                     else if ( (LA175_0 == T_TRUE) ) 
:info:build                               ~        ^        ~
:info:build ./ModelicaParser.c:28663:40: note: use '=' to turn this equality comparison into an assignment
:info:build                     else if ( (LA175_0 == T_TRUE) ) 
:info:build                                        ^~
:info:build                                        =
:info:build ./ModelicaParser.c:28667:33: warning: unused variable 'LA175_11' [-Wunused-variable]
:info:build                             int LA175_11 = LA(2);
:info:build                                 ^
:info:build ./ModelicaParser.c:28695:40: warning: equality comparison with extraneous parentheses [-Wparentheses-equality]
:info:build                     else if ( (LA175_0 == DOT) ) 
:info:build                                ~~~~~~~~^~~~~~
:info:build ./ModelicaParser.c:28695:40: note: remove extraneous parentheses around the comparison to silence this warning
:info:build                     else if ( (LA175_0 == DOT) ) 
:info:build                               ~        ^     ~
:info:build ./ModelicaParser.c:28695:40: note: use '=' to turn this equality comparison into an assignment
:info:build                     else if ( (LA175_0 == DOT) ) 
:info:build                                        ^~
:info:build                                        =
:info:build ./ModelicaParser.c:28699:33: warning: unused variable 'LA175_12' [-Wunused-variable]
:info:build                             int LA175_12 = LA(2);
:info:build                                 ^
:info:build ./ModelicaParser.c:28727:40: warning: equality comparison with extraneous parentheses [-Wparentheses-equality]
:info:build                     else if ( (LA175_0 == IDENT) ) 
:info:build                                ~~~~~~~~^~~~~~~~
:info:build ./ModelicaParser.c:28727:40: note: remove extraneous parentheses around the comparison to silence this warning
:info:build                     else if ( (LA175_0 == IDENT) ) 
:info:build                               ~        ^       ~
:info:build ./ModelicaParser.c:28727:40: note: use '=' to turn this equality comparison into an assignment
:info:build                     else if ( (LA175_0 == IDENT) ) 
:info:build                                        ^~
:info:build                                        =
:info:build ./ModelicaParser.c:28731:33: warning: unused variable 'LA175_13' [-Wunused-variable]
:info:build                             int LA175_13 = LA(2);
:info:build                                 ^
:info:build ./ModelicaParser.c:28759:40: warning: equality comparison with extraneous parentheses [-Wparentheses-equality]
:info:build                     else if ( (LA175_0 == OPERATOR) ) 
:info:build                                ~~~~~~~~^~~~~~~~~~~
:info:build ./ModelicaParser.c:28759:40: note: remove extraneous parentheses around the comparison to silence this warning
:info:build                     else if ( (LA175_0 == OPERATOR) ) 
:info:build                               ~        ^          ~
:info:build ./ModelicaParser.c:28759:40: note: use '=' to turn this equality comparison into an assignment
:info:build                     else if ( (LA175_0 == OPERATOR) ) 
:info:build                                        ^~
:info:build                                        =
:info:build ./ModelicaParser.c:28763:33: warning: unused variable 'LA175_14' [-Wunused-variable]
:info:build                             int LA175_14 = LA(2);
:info:build                                 ^
:info:build ./ModelicaParser.c:28791:40: warning: equality comparison with extraneous parentheses [-Wparentheses-equality]
:info:build                     else if ( (LA175_0 == ALLWILD) ) 
:info:build                                ~~~~~~~~^~~~~~~~~~
:info:build ./ModelicaParser.c:28791:40: note: remove extraneous parentheses around the comparison to silence this warning
:info:build                     else if ( (LA175_0 == ALLWILD) ) 
:info:build                               ~        ^         ~
:info:build ./ModelicaParser.c:28791:40: note: use '=' to turn this equality comparison into an assignment
:info:build                     else if ( (LA175_0 == ALLWILD) ) 
:info:build                                        ^~
:info:build                                        =
:info:build ./ModelicaParser.c:28795:33: warning: unused variable 'LA175_15' [-Wunused-variable]
:info:build                             int LA175_15 = LA(2);
:info:build                                 ^
:info:build ./ModelicaParser.c:28823:40: warning: equality comparison with extraneous parentheses [-Wparentheses-equality]
:info:build                     else if ( (LA175_0 == WILD) ) 
:info:build                                ~~~~~~~~^~~~~~~
:info:build ./ModelicaParser.c:28823:40: note: remove extraneous parentheses around the comparison to silence this warning
:info:build                     else if ( (LA175_0 == WILD) ) 
:info:build                               ~        ^      ~
:info:build ./ModelicaParser.c:28823:40: note: use '=' to turn this equality comparison into an assignment
:info:build                     else if ( (LA175_0 == WILD) ) 
:info:build                                        ^~
:info:build                                        =
:info:build ./ModelicaParser.c:28827:33: warning: unused variable 'LA175_16' [-Wunused-variable]
:info:build                             int LA175_16 = LA(2);
:info:build                                 ^
:info:build ./ModelicaParser.c:28855:40: warning: equality comparison with extraneous parentheses [-Wparentheses-equality]
:info:build                     else if ( (LA175_0 == INITIAL) ) 
:info:build                                ~~~~~~~~^~~~~~~~~~
:info:build ./ModelicaParser.c:28855:40: note: remove extraneous parentheses around the comparison to silence this warning
:info:build                     else if ( (LA175_0 == INITIAL) ) 
:info:build                               ~        ^         ~
:info:build ./ModelicaParser.c:28855:40: note: use '=' to turn this equality comparison into an assignment
:info:build                     else if ( (LA175_0 == INITIAL) ) 
:info:build                                        ^~
:info:build                                        =
:info:build ./ModelicaParser.c:28859:33: warning: unused variable 'LA175_17' [-Wunused-variable]
:info:build                             int LA175_17 = LA(2);
:info:build                                 ^
:info:build ./ModelicaParser.c:28887:40: warning: equality comparison with extraneous parentheses [-Wparentheses-equality]
:info:build                     else if ( (LA175_0 == DER) ) 
:info:build                                ~~~~~~~~^~~~~~
:info:build ./ModelicaParser.c:28887:40: note: remove extraneous parentheses around the comparison to silence this warning
:info:build                     else if ( (LA175_0 == DER) ) 
:info:build                               ~        ^     ~
:info:build ./ModelicaParser.c:28887:40: note: use '=' to turn this equality comparison into an assignment
:info:build                     else if ( (LA175_0 == DER) ) 
:info:build                                        ^~
:info:build                                        =
:info:build ./ModelicaParser.c:28891:33: warning: unused variable 'LA175_18' [-Wunused-variable]
:info:build                             int LA175_18 = LA(2);
:info:build                                 ^
:info:build ./ModelicaParser.c:28919:40: warning: equality comparison with extraneous parentheses [-Wparentheses-equality]
:info:build                     else if ( (LA175_0 == LPAR) ) 
:info:build                                ~~~~~~~~^~~~~~~
:info:build ./ModelicaParser.c:28919:40: note: remove extraneous parentheses around the comparison to silence this warning
:info:build                     else if ( (LA175_0 == LPAR) ) 
:info:build                               ~        ^      ~
:info:build ./ModelicaParser.c:28919:40: note: use '=' to turn this equality comparison into an assignment
:info:build                     else if ( (LA175_0 == LPAR) ) 
:info:build                                        ^~
:info:build                                        =
:info:build ./ModelicaParser.c:28923:33: warning: unused variable 'LA175_19' [-Wunused-variable]
:info:build                             int LA175_19 = LA(2);
:info:build                                 ^
:info:build ./ModelicaParser.c:28951:40: warning: equality comparison with extraneous parentheses [-Wparentheses-equality]
:info:build                     else if ( (LA175_0 == LBRACK) ) 
:info:build                                ~~~~~~~~^~~~~~~~~
:info:build ./ModelicaParser.c:28951:40: note: remove extraneous parentheses around the comparison to silence this warning
:info:build                     else if ( (LA175_0 == LBRACK) ) 
:info:build                               ~        ^        ~
:info:build ./ModelicaParser.c:28951:40: note: use '=' to turn this equality comparison into an assignment
:info:build                     else if ( (LA175_0 == LBRACK) ) 
:info:build                                        ^~
:info:build                                        =
:info:build ./ModelicaParser.c:28955:33: warning: unused variable 'LA175_20' [-Wunused-variable]
:info:build                             int LA175_20 = LA(2);
:info:build                                 ^
:info:build ./ModelicaParser.c:28983:40: warning: equality comparison with extraneous parentheses [-Wparentheses-equality]
:info:build                     else if ( (LA175_0 == LBRACE) ) 
:info:build                                ~~~~~~~~^~~~~~~~~
:info:build ./ModelicaParser.c:28983:40: note: remove extraneous parentheses around the comparison to silence this warning
:info:build                     else if ( (LA175_0 == LBRACE) ) 
:info:build                               ~        ^        ~
:info:build ./ModelicaParser.c:28983:40: note: use '=' to turn this equality comparison into an assignment
:info:build                     else if ( (LA175_0 == LBRACE) ) 
:info:build                                        ^~
:info:build                                        =
:info:build ./ModelicaParser.c:28987:33: warning: unused variable 'LA175_21' [-Wunused-variable]
:info:build                             int LA175_21 = LA(2);
:info:build                                 ^
:info:build ./ModelicaParser.c:29015:40: warning: equality comparison with extraneous parentheses [-Wparentheses-equality]
:info:build                     else if ( (LA175_0 == T_END) ) 
:info:build                                ~~~~~~~~^~~~~~~~
:info:build ./ModelicaParser.c:29015:40: note: remove extraneous parentheses around the comparison to silence this warning
:info:build                     else if ( (LA175_0 == T_END) ) 
:info:build                               ~        ^       ~
:info:build ./ModelicaParser.c:29015:40: note: use '=' to turn this equality comparison into an assignment
:info:build                     else if ( (LA175_0 == T_END) ) 
:info:build                                        ^~
:info:build                                        =
:info:build ./ModelicaParser.c:29019:33: warning: unused variable 'LA175_22' [-Wunused-variable]
:info:build                             int LA175_22 = LA(2);
:info:build                                 ^
:info:build In file included from ModelicaParser_omc.c:37:
:info:build ../Compiler/OpenModelicaBootstrappingHeader.h:9:54: warning: unused variable 'FMI_Info_INFO__desc' [-Wunused-variable]
:info:build ADD_METARECORD_DEFINITIONS struct record_description FMI_Info_INFO__desc = {
:info:build                                                      ^
:info:build ../Compiler/OpenModelicaBootstrappingHeader.h:24:54: warning: unused variable 'FMI_ExperimentAnnotation_EXPERIMENTANNOTATION__desc' [-Wunused-variable]
:info:build ADD_METARECORD_DEFINITIONS struct record_description FMI_ExperimentAnnotation_EXPERIMENTANNOTATION__desc = {
:info:build                                                      ^
:info:build ../Compiler/OpenModelicaBootstrappingHeader.h:39:54: warning: unused variable 'FMI_ModelVariables_REALVARIABLE__desc' [-Wunused-variable]
:info:build ADD_METARECORD_DEFINITIONS struct record_description FMI_ModelVariables_REALVARIABLE__desc = {
:info:build                                                      ^
:info:build ../Compiler/OpenModelicaBootstrappingHeader.h:54:54: warning: unused variable 'FMI_ModelVariables_INTEGERVARIABLE__desc' [-Wunused-variable]
:info:build ADD_METARECORD_DEFINITIONS struct record_description FMI_ModelVariables_INTEGERVARIABLE__desc = {
:info:build                                                      ^
:info:build ../Compiler/OpenModelicaBootstrappingHeader.h:69:54: warning: unused variable 'FMI_ModelVariables_BOOLEANVARIABLE__desc' [-Wunused-variable]
:info:build ADD_METARECORD_DEFINITIONS struct record_description FMI_ModelVariables_BOOLEANVARIABLE__desc = {
:info:build                                                      ^
:info:build ../Compiler/OpenModelicaBootstrappingHeader.h:84:54: warning: unused variable 'FMI_ModelVariables_STRINGVARIABLE__desc' [-Wunused-variable]
:info:build ADD_METARECORD_DEFINITIONS struct record_description FMI_ModelVariables_STRINGVARIABLE__desc = {
:info:build                                                      ^
:info:build ../Compiler/OpenModelicaBootstrappingHeader.h:99:54: warning: unused variable 'FMI_ModelVariables_ENUMERATIONVARIABLE__desc' [-Wunused-variable]
:info:build ADD_METARECORD_DEFINITIONS struct record_description FMI_ModelVariables_ENUMERATIONVARIABLE__desc = {
:info:build                                                      ^
:info:build ../Compiler/OpenModelicaBootstrappingHeader.h:114:54: warning: unused variable 'FMI_FmiImport_FMIIMPORT__desc' [-Wunused-variable]
:info:build ADD_METARECORD_DEFINITIONS struct record_description FMI_FmiImport_FMIIMPORT__desc = {
:info:build                                                      ^
:info:build ../Compiler/OpenModelicaBootstrappingHeader.h:129:54: warning: unused variable 'Util_ReplacePattern_REPLACEPATTERN__desc' [-Wunused-variable]
:info:build ADD_METARECORD_DEFINITIONS struct record_description Util_ReplacePattern_REPLACEPATTERN__desc = {
:info:build                                                      ^
:info:build ../Compiler/OpenModelicaBootstrappingHeader.h:155:14: warning: unused variable 'Util__SUCCESS' [-Wunused-variable]
:info:build static void *Util__SUCCESS = MMC_REFSTRUCTLIT(Util__SUCCESS__struct);
:info:build              ^
:info:build ../Compiler/OpenModelicaBootstrappingHeader.h:171:14: warning: unused variable 'Util__FAILURE' [-Wunused-variable]
:info:build static void *Util__FAILURE = MMC_REFSTRUCTLIT(Util__FAILURE__struct);
:info:build              ^
:info:build ../Compiler/OpenModelicaBootstrappingHeader.h:176:54: warning: unused variable 'Util_DateTime_DATETIME__desc' [-Wunused-variable]
:info:build ADD_METARECORD_DEFINITIONS struct record_description Util_DateTime_DATETIME__desc = {
:info:build                                                      ^
:info:build ../Compiler/OpenModelicaBootstrappingHeader.h:191:54: warning: unused variable 'Util_TranslatableContent_gettext__desc' [-Wunused-variable]
:info:build ADD_METARECORD_DEFINITIONS struct record_description Util_TranslatableContent_gettext__desc = {
:info:build                                                      ^
:info:build ../Compiler/OpenModelicaBootstrappingHeader.h:206:54: warning: unused variable 'Util_TranslatableContent_notrans__desc' [-Wunused-variable]
:info:build ADD_METARECORD_DEFINITIONS struct record_description Util_TranslatableContent_notrans__desc = {
:info:build                                                      ^
:info:build ../Compiler/OpenModelicaBootstrappingHeader.h:232:14: warning: unused variable 'Config__MODELICA_5f1_5fX' [-Wunused-variable]
:info:build static void *Config__MODELICA_5f1_5fX = MMC_REFSTRUCTLIT(Config__MODELICA_5f1_5fX__struct);
:info:build              ^
:info:build ../Compiler/OpenModelicaBootstrappingHeader.h:248:14: warning: unused variable 'Config__MODELICA_5f2_5fX' [-Wunused-variable]
:info:build static void *Config__MODELICA_5f2_5fX = MMC_REFSTRUCTLIT(Config__MODELICA_5f2_5fX__struct);
:info:build              ^
:info:build ../Compiler/OpenModelicaBootstrappingHeader.h:264:14: warning: unused variable 'Config__MODELICA_5f3_5f0' [-Wunused-variable]
:info:build static void *Config__MODELICA_5f3_5f0 = MMC_REFSTRUCTLIT(Config__MODELICA_5f3_5f0__struct);
:info:build              ^
:info:build ../Compiler/OpenModelicaBootstrappingHeader.h:280:14: warning: unused variable 'Config__MODELICA_5f3_5f1' [-Wunused-variable]
:info:build static void *Config__MODELICA_5f3_5f1 = MMC_REFSTRUCTLIT(Config__MODELICA_5f3_5f1__struct);
:info:build              ^
:info:build ../Compiler/OpenModelicaBootstrappingHeader.h:296:14: warning: unused variable 'Config__MODELICA_5f3_5f2' [-Wunused-variable]
:info:build static void *Config__MODELICA_5f3_5f2 = MMC_REFSTRUCTLIT(Config__MODELICA_5f3_5f2__struct);
:info:build              ^
:info:build ../Compiler/OpenModelicaBootstrappingHeader.h:312:14: warning: unused variable 'Config__MODELICA_5f3_5f3' [-Wunused-variable]
:info:build static void *Config__MODELICA_5f3_5f3 = MMC_REFSTRUCTLIT(Config__MODELICA_5f3_5f3__struct);
:info:build              ^
:info:build ../Compiler/OpenModelicaBootstrappingHeader.h:328:14: warning: unused variable 'Config__MODELICA_5fLATEST' [-Wunused-variable]
:info:build static void *Config__MODELICA_5fLATEST = MMC_REFSTRUCTLIT(Config__MODELICA_5fLATEST__struct);
:info:build              ^
:info:build ../Compiler/OpenModelicaBootstrappingHeader.h:344:14: warning: unused variable 'Error__ERROR' [-Wunused-variable]
:info:build static void *Error__ERROR = MMC_REFSTRUCTLIT(Error__ERROR__struct);
:info:build              ^
:info:build ../Compiler/OpenModelicaBootstrappingHeader.h:360:14: warning: unused variable 'Error__WARNING' [-Wunused-variable]
:info:build static void *Error__WARNING = MMC_REFSTRUCTLIT(Error__WARNING__struct);
:info:build              ^
:info:build ../Compiler/OpenModelicaBootstrappingHeader.h:376:14: warning: unused variable 'Error__NOTIFICATION' [-Wunused-variable]
:info:build static void *Error__NOTIFICATION = MMC_REFSTRUCTLIT(Error__NOTIFICATION__struct);
:info:build              ^
:info:build ../Compiler/OpenModelicaBootstrappingHeader.h:392:14: warning: unused variable 'Error__SYNTAX' [-Wunused-variable]
:info:build static void *Error__SYNTAX = MMC_REFSTRUCTLIT(Error__SYNTAX__struct);
:info:build              ^
:info:build ../Compiler/OpenModelicaBootstrappingHeader.h:408:14: warning: unused variable 'Error__GRAMMAR' [-Wunused-variable]
:info:build static void *Error__GRAMMAR = MMC_REFSTRUCTLIT(Error__GRAMMAR__struct);
:info:build              ^
:info:build ../Compiler/OpenModelicaBootstrappingHeader.h:424:14: warning: unused variable 'Error__TRANSLATION' [-Wunused-variable]
:info:build static void *Error__TRANSLATION = MMC_REFSTRUCTLIT(Error__TRANSLATION__struct);
:info:build              ^
:info:build ../Compiler/OpenModelicaBootstrappingHeader.h:440:14: warning: unused variable 'Error__SYMBOLIC' [-Wunused-variable]
:info:build static void *Error__SYMBOLIC = MMC_REFSTRUCTLIT(Error__SYMBOLIC__struct);
:info:build              ^
:info:build ../Compiler/OpenModelicaBootstrappingHeader.h:456:14: warning: unused variable 'Error__SIMULATION' [-Wunused-variable]
:info:build static void *Error__SIMULATION = MMC_REFSTRUCTLIT(Error__SIMULATION__struct);
:info:build              ^
:info:build ../Compiler/OpenModelicaBootstrappingHeader.h:472:14: warning: unused variable 'Error__SCRIPTING' [-Wunused-variable]
:info:build static void *Error__SCRIPTING = MMC_REFSTRUCTLIT(Error__SCRIPTING__struct);
:info:build              ^
:info:build ../Compiler/OpenModelicaBootstrappingHeader.h:477:54: warning: unused variable 'Error_Message_MESSAGE__desc' [-Wunused-variable]
:info:build ADD_METARECORD_DEFINITIONS struct record_description Error_Message_MESSAGE__desc = {
:info:build                                                      ^
:info:build ../Compiler/OpenModelicaBootstrappingHeader.h:492:54: warning: unused variable 'Error_TotalMessage_TOTALMESSAGE__desc' [-Wunused-variable]
:info:build ADD_METARECORD_DEFINITIONS struct record_description Error_TotalMessage_TOTALMESSAGE__desc = {
:info:build                                                      ^
:info:build ../Compiler/OpenModelicaBootstrappingHeader.h:507:54: warning: unused variable 'Values_Value_INTEGER__desc' [-Wunused-variable]
:info:build ADD_METARECORD_DEFINITIONS struct record_description Values_Value_INTEGER__desc = {
:info:build                                                      ^
:info:build ../Compiler/OpenModelicaBootstrappingHeader.h:522:54: warning: unused variable 'Values_Value_REAL__desc' [-Wunused-variable]
:info:build ADD_METARECORD_DEFINITIONS struct record_description Values_Value_REAL__desc = {
:info:build                                                      ^
:info:build ../Compiler/OpenModelicaBootstrappingHeader.h:537:54: warning: unused variable 'Values_Value_STRING__desc' [-Wunused-variable]
:info:build ADD_METARECORD_DEFINITIONS struct record_description Values_Value_STRING__desc = {
:info:build                                                      ^
:info:build ../Compiler/OpenModelicaBootstrappingHeader.h:552:54: warning: unused variable 'Values_Value_BOOL__desc' [-Wunused-variable]
:info:build ADD_METARECORD_DEFINITIONS struct record_description Values_Value_BOOL__desc = {
:info:build                                                      ^
:info:build ../Compiler/OpenModelicaBootstrappingHeader.h:567:54: warning: unused variable 'Values_Value_ENUM__LITERAL__desc' [-Wunused-variable]
:info:build ADD_METARECORD_DEFINITIONS struct record_description Values_Value_ENUM__LITERAL__desc = {
:info:build                                                      ^
:info:build ../Compiler/OpenModelicaBootstrappingHeader.h:582:54: warning: unused variable 'Values_Value_ARRAY__desc' [-Wunused-variable]
:info:build ADD_METARECORD_DEFINITIONS struct record_description Values_Value_ARRAY__desc = {
:info:build                                                      ^
:info:build ../Compiler/OpenModelicaBootstrappingHeader.h:597:54: warning: unused variable 'Values_Value_LIST__desc' [-Wunused-variable]
:info:build ADD_METARECORD_DEFINITIONS struct record_description Values_Value_LIST__desc = {
:info:build                                                      ^
:info:build ../Compiler/OpenModelicaBootstrappingHeader.h:612:54: warning: unused variable 'Values_Value_META__ARRAY__desc' [-Wunused-variable]
:info:build ADD_METARECORD_DEFINITIONS struct record_description Values_Value_META__ARRAY__desc = {
:info:build                                                      ^
:info:build ../Compiler/OpenModelicaBootstrappingHeader.h:627:54: warning: unused variable 'Values_Value_TUPLE__desc' [-Wunused-variable]
:info:build ADD_METARECORD_DEFINITIONS struct record_description Values_Value_TUPLE__desc = {
:info:build                                                      ^
:info:build ../Compiler/OpenModelicaBootstrappingHeader.h:642:54: warning: unused variable 'Values_Value_META__TUPLE__desc' [-Wunused-variable]
:info:build ADD_METARECORD_DEFINITIONS struct record_description Values_Value_META__TUPLE__desc = {
:info:build                                                      ^
:info:build ../Compiler/OpenModelicaBootstrappingHeader.h:657:54: warning: unused variable 'Values_Value_RECORD__desc' [-Wunused-variable]
:info:build ADD_METARECORD_DEFINITIONS struct record_description Values_Value_RECORD__desc = {
:info:build                                                      ^
:info:build ../Compiler/OpenModelicaBootstrappingHeader.h:672:54: warning: unused variable 'Values_Value_OPTION__desc' [-Wunused-variable]
:info:build ADD_METARECORD_DEFINITIONS struct record_description Values_Value_OPTION__desc = {
:info:build                                                      ^
:info:build ../Compiler/OpenModelicaBootstrappingHeader.h:687:54: warning: unused variable 'Values_Value_CODE__desc' [-Wunused-variable]
:info:build ADD_METARECORD_DEFINITIONS struct record_description Values_Value_CODE__desc = {
:info:build                                                      ^
:info:build ../Compiler/OpenModelicaBootstrappingHeader.h:713:14: warning: unused variable 'Values__NORETCALL' [-Wunused-variable]
:info:build static void *Values__NORETCALL = MMC_REFSTRUCTLIT(Values__NORETCALL__struct);
:info:build              ^
:info:build ../Compiler/OpenModelicaBootstrappingHeader.h:718:54: warning: unused variable 'Values_Value_META__BOX__desc' [-Wunused-variable]
:info:build ADD_METARECORD_DEFINITIONS struct record_description Values_Value_META__BOX__desc = {
:info:build                                                      ^
:info:build ../Compiler/OpenModelicaBootstrappingHeader.h:744:14: warning: unused variable 'Values__META_5fFAIL' [-Wunused-variable]
:info:build static void *Values__META_5fFAIL = MMC_REFSTRUCTLIT(Values__META_5fFAIL__struct);
:info:build              ^
:info:build ../Compiler/OpenModelicaBootstrappingHeader.h:749:54: warning: unused variable 'Values_Value_EMPTY__desc' [-Wunused-variable]
:info:build ADD_METARECORD_DEFINITIONS struct record_description Values_Value_EMPTY__desc = {
:info:build                                                      ^
:info:build ../Compiler/OpenModelicaBootstrappingHeader.h:775:14: warning: unused variable 'Values__MULOP' [-Wunused-variable]
:info:build static void *Values__MULOP = MMC_REFSTRUCTLIT(Values__MULOP__struct);
:info:build              ^
:info:build ../Compiler/OpenModelicaBootstrappingHeader.h:791:14: warning: unused variable 'Values__DIVOP' [-Wunused-variable]
:info:build static void *Values__DIVOP = MMC_REFSTRUCTLIT(Values__DIVOP__struct);
:info:build              ^
:info:build ../Compiler/OpenModelicaBootstrappingHeader.h:807:14: warning: unused variable 'Values__ADDOP' [-Wunused-variable]
:info:build static void *Values__ADDOP = MMC_REFSTRUCTLIT(Values__ADDOP__struct);
:info:build              ^
:info:build ../Compiler/OpenModelicaBootstrappingHeader.h:823:14: warning: unused variable 'Values__SUBOP' [-Wunused-variable]
:info:build static void *Values__SUBOP = MMC_REFSTRUCTLIT(Values__SUBOP__struct);
:info:build              ^
:info:build ../Compiler/OpenModelicaBootstrappingHeader.h:839:14: warning: unused variable 'Values__POWOP' [-Wunused-variable]
:info:build static void *Values__POWOP = MMC_REFSTRUCTLIT(Values__POWOP__struct);
:info:build              ^
:info:build ../Compiler/OpenModelicaBootstrappingHeader.h:855:14: warning: unused variable 'Values__LESSEQOP' [-Wunused-variable]
:info:build static void *Values__LESSEQOP = MMC_REFSTRUCTLIT(Values__LESSEQOP__struct);
:info:build              ^
:info:build ../Compiler/OpenModelicaBootstrappingHeader.h:860:54: warning: unused variable 'GlobalScript_SimulationOptions_SIMULATION__OPTIONS__desc' [-Wunused-variable]
:info:build ADD_METARECORD_DEFINITIONS struct record_description GlobalScript_SimulationOptions_SIMULATION__OPTIONS__desc = {
:info:build                                                      ^
:info:build ../Compiler/OpenModelicaBootstrappingHeader.h:875:54: warning: unused variable 'GlobalScript_CompiledCFunction_CFunction__desc' [-Wunused-variable]
:info:build ADD_METARECORD_DEFINITIONS struct record_description GlobalScript_CompiledCFunction_CFunction__desc = {
:info:build                                                      ^
:info:build ../Compiler/OpenModelicaBootstrappingHeader.h:935:54: warning: unused variable 'GlobalScript_InstantiatedClass_INSTCLASS__desc' [-Wunused-variable]
:info:build ADD_METARECORD_DEFINITIONS struct record_description GlobalScript_InstantiatedClass_INSTCLASS__desc = {
:info:build                                                      ^
:info:build ../Compiler/OpenModelicaBootstrappingHeader.h:950:54: warning: unused variable 'GlobalScript_Variable_IVAR__desc' [-Wunused-variable]
:info:build ADD_METARECORD_DEFINITIONS struct record_description GlobalScript_Variable_IVAR__desc = {
:info:build                                                      ^
:info:build ../Compiler/OpenModelicaBootstrappingHeader.h:965:54: warning: unused variable 'GlobalScript_LoadedFile_FILE__desc' [-Wunused-variable]
:info:build ADD_METARECORD_DEFINITIONS struct record_description GlobalScript_LoadedFile_FILE__desc = {
:info:build                                                      ^
:info:build ../Compiler/OpenModelicaBootstrappingHeader.h:980:54: warning: unused variable 'GlobalScript_SymbolTable_SYMBOLTABLE__desc' [-Wunused-variable]
:info:build ADD_METARECORD_DEFINITIONS struct record_description GlobalScript_SymbolTable_SYMBOLTABLE__desc = {
:info:build                                                      ^
:info:build ../Compiler/OpenModelicaBootstrappingHeader.h:995:54: warning: unused variable 'GlobalScript_Component_COMPONENTITEM__desc' [-Wunused-variable]
:info:build ADD_METARECORD_DEFINITIONS struct record_description GlobalScript_Component_COMPONENTITEM__desc = {
:info:build                                                      ^
:info:build ../Compiler/OpenModelicaBootstrappingHeader.h:1010:54: warning: unused variable 'GlobalScript_Component_EXTENDSITEM__desc' [-Wunused-variable]
:info:build ADD_METARECORD_DEFINITIONS struct record_description GlobalScript_Component_EXTENDSITEM__desc = {
:info:build                                                      ^
:info:build ../Compiler/OpenModelicaBootstrappingHeader.h:1025:54: warning: unused variable 'GlobalScript_Components_COMPONENTS__desc' [-Wunused-variable]
:info:build ADD_METARECORD_DEFINITIONS struct record_description GlobalScript_Components_COMPONENTS__desc = {
:info:build                                                      ^
:info:build ../Compiler/OpenModelicaBootstrappingHeader.h:1040:54: warning: unused variable 'GlobalScript_ComponentReplacement_COMPONENTREPLACEMENT__desc' [-Wunused-variable]
:info:build ADD_METARECORD_DEFINITIONS struct record_description GlobalScript_ComponentReplacement_COMPONENTREPLACEMENT__desc = {
:info:build                                                      ^
:info:build ../Compiler/OpenModelicaBootstrappingHeader.h:1055:54: warning: unused variable 'GlobalScript_ComponentReplacementRules_COMPONENTREPLACEMENTRULES__desc' [-Wunused-variable]
:info:build ADD_METARECORD_DEFINITIONS struct record_description GlobalScript_ComponentReplacementRules_COMPONENTREPLACEMENTRULES__desc = {
:info:build                                                      ^
:info:build ../Compiler/OpenModelicaBootstrappingHeader.h:1522:54: warning: unused variable 'Absyn_Element_TEXT__desc' [-Wunused-variable]
:info:build ADD_METARECORD_DEFINITIONS struct record_description Absyn_Element_TEXT__desc = {
:info:build                                                      ^
:info:build ../Compiler/OpenModelicaBootstrappingHeader.h:2098:54: warning: unused variable 'Absyn_Algorithm_ALG__TRY__desc' [-Wunused-variable]
:info:build ADD_METARECORD_DEFINITIONS struct record_description Absyn_Algorithm_ALG__TRY__desc = {
:info:build                                                      ^
:info:build ../Compiler/OpenModelicaBootstrappingHeader.h:2113:54: warning: unused variable 'Absyn_Algorithm_ALG__CATCH__desc' [-Wunused-variable]
:info:build ADD_METARECORD_DEFINITIONS struct record_description Absyn_Algorithm_ALG__CATCH__desc = {
:info:build                                                      ^
:info:build ../Compiler/OpenModelicaBootstrappingHeader.h:2139:14: warning: unused variable 'Absyn__ALG_5fTHROW' [-Wunused-variable]
:info:build static void *Absyn__ALG_5fTHROW = MMC_REFSTRUCTLIT(Absyn__ALG_5fTHROW__struct);
:info:build              ^
:info:build ../Compiler/OpenModelicaBootstrappingHeader.h:2389:14: warning: unused variable 'Absyn__FLOW' [-Wunused-variable]
:info:build static void *Absyn__FLOW = MMC_REFSTRUCTLIT(Absyn__FLOW__struct);
:info:build              ^
:info:build ../Compiler/OpenModelicaBootstrappingHeader.h:2405:14: warning: unused variable 'Absyn__STREAM' [-Wunused-variable]
:info:build static void *Absyn__STREAM = MMC_REFSTRUCTLIT(Absyn__STREAM__struct);
:info:build              ^
:info:build ../Compiler/OpenModelicaBootstrappingHeader.h:2421:14: warning: unused variable 'Absyn__NOT_5fFLOW_5fSTREAM' [-Wunused-variable]
:info:build static void *Absyn__NOT_5fFLOW_5fSTREAM = MMC_REFSTRUCTLIT(Absyn__NOT_5fFLOW_5fSTREAM__struct);
:info:build              ^
:info:build ../Compiler/OpenModelicaBootstrappingHeader.h:2869:54: warning: unused variable 'Absyn_Exp_LIST__desc' [-Wunused-variable]
:info:build ADD_METARECORD_DEFINITIONS struct record_description Absyn_Exp_LIST__desc = {
:info:build                                                      ^
:info:build ../Compiler/OpenModelicaBootstrappingHeader.h:3587:54: warning: unused variable 'Absyn_ComponentRef_CREF__INVALID__desc' [-Wunused-variable]
:info:build ADD_METARECORD_DEFINITIONS struct record_description Absyn_ComponentRef_CREF__INVALID__desc = {
:info:build                                                      ^
:info:build ../Compiler/OpenModelicaBootstrappingHeader.h:3849:14: warning: unused variable 'Absyn__R_5fENUMERATION' [-Wunused-variable]
:info:build static void *Absyn__R_5fENUMERATION = MMC_REFSTRUCTLIT(Absyn__R_5fENUMERATION__struct);
:info:build              ^
:info:build ../Compiler/OpenModelicaBootstrappingHeader.h:3865:14: warning: unused variable 'Absyn__R_5fPREDEFINED_5fINTEGER' [-Wunused-variable]
:info:build static void *Absyn__R_5fPREDEFINED_5fINTEGER = MMC_REFSTRUCTLIT(Absyn__R_5fPREDEFINED_5fINTEGER__struct);
:info:build              ^
:info:build ../Compiler/OpenModelicaBootstrappingHeader.h:3881:14: warning: unused variable 'Absyn__R_5fPREDEFINED_5fREAL' [-Wunused-variable]
:info:build static void *Absyn__R_5fPREDEFINED_5fREAL = MMC_REFSTRUCTLIT(Absyn__R_5fPREDEFINED_5fREAL__struct);
:info:build              ^
:info:build ../Compiler/OpenModelicaBootstrappingHeader.h:3897:14: warning: unused variable 'Absyn__R_5fPREDEFINED_5fSTRING' [-Wunused-variable]
:info:build static void *Absyn__R_5fPREDEFINED_5fSTRING = MMC_REFSTRUCTLIT(Absyn__R_5fPREDEFINED_5fSTRING__struct);
:info:build              ^
:info:build ../Compiler/OpenModelicaBootstrappingHeader.h:3913:14: warning: unused variable 'Absyn__R_5fPREDEFINED_5fBOOLEAN' [-Wunused-variable]
:info:build static void *Absyn__R_5fPREDEFINED_5fBOOLEAN = MMC_REFSTRUCTLIT(Absyn__R_5fPREDEFINED_5fBOOLEAN__struct);
:info:build              ^
:info:build ../Compiler/OpenModelicaBootstrappingHeader.h:3929:14: warning: unused variable 'Absyn__R_5fPREDEFINED_5fENUMERATION' [-Wunused-variable]
:info:build static void *Absyn__R_5fPREDEFINED_5fENUMERATION = MMC_REFSTRUCTLIT(Absyn__R_5fPREDEFINED_5fENUMERATION__struct);
:info:build              ^
:info:build ../Compiler/OpenModelicaBootstrappingHeader.h:3950:54: warning: unused variable 'Absyn_Restriction_R__METARECORD__desc' [-Wunused-variable]
:info:build ADD_METARECORD_DEFINITIONS struct record_description Absyn_Restriction_R__METARECORD__desc = {
:info:build                                                      ^
:info:build ../Compiler/OpenModelicaBootstrappingHeader.h:3976:14: warning: unused variable 'Absyn__R_5fUNKNOWN' [-Wunused-variable]
:info:build static void *Absyn__R_5fUNKNOWN = MMC_REFSTRUCTLIT(Absyn__R_5fUNKNOWN__struct);
:info:build              ^
:info:build ../Compiler/OpenModelicaBootstrappingHeader.h:4137:54: warning: unused variable 'Absyn_Ref_RCR__desc' [-Wunused-variable]
:info:build ADD_METARECORD_DEFINITIONS struct record_description Absyn_Ref_RCR__desc = {
:info:build                                                      ^
:info:build ../Compiler/OpenModelicaBootstrappingHeader.h:4152:54: warning: unused variable 'Absyn_Ref_RTS__desc' [-Wunused-variable]
:info:build ADD_METARECORD_DEFINITIONS struct record_description Absyn_Ref_RTS__desc = {
:info:build                                                      ^
:info:build ../Compiler/OpenModelicaBootstrappingHeader.h:4167:54: warning: unused variable 'Absyn_Ref_RIM__desc' [-Wunused-variable]
:info:build ADD_METARECORD_DEFINITIONS struct record_description Absyn_Ref_RIM__desc = {
:info:build                                                      ^
:info:build ../Compiler/OpenModelicaBootstrappingHeader.h:4182:54: warning: unused variable 'Absyn_Msg_MSG__desc' [-Wunused-variable]
:info:build ADD_METARECORD_DEFINITIONS struct record_description Absyn_Msg_MSG__desc = {
:info:build                                                      ^
:info:build ../Compiler/OpenModelicaBootstrappingHeader.h:4208:14: warning: unused variable 'Absyn__NO_5fMSG' [-Wunused-variable]
:info:build static void *Absyn__NO_5fMSG = MMC_REFSTRUCTLIT(Absyn__NO_5fMSG__struct);
:info:build              ^
:info:build In file included from ModelicaParser_omc.c:42:
:info:build ./ModelicaParser.c:484:26: warning: unused function 'freeScope' [-Wunused-function]
:info:build static  void ANTLR3_CDECL freeScope(void * scope)
:info:build                           ^
:info:build ./ModelicaParser.c:737:26: warning: unused function 'getTokenNames' [-Wunused-function]
:info:build static pANTLR3_UINT8    *getTokenNames() 
:info:build                          ^
:info:build ANTLR Grammar Report; Stats Version 4
:info:build Grammar: Modelica_3_Lexer
:info:build Type: lexer
:info:build Target language: C
:info:build Output: none
:info:build Grammar option k: none
:info:build Grammar option backtrack: false
:info:build Rules: 20
:info:build Productions: 39
:info:build Decisions: 1
:info:build Cyclic DFA decisions: 0
:info:build LL(1) decisions: 0
:info:build Min fixed k: 7
:info:build Max fixed k: 7
:info:build Average fixed k: 7.0
:info:build Standard deviation of fixed k: 0.0
:info:build Min acyclic DFA states: 47
:info:build Max acyclic DFA states: 47
:info:build Average acyclic DFA states: 47.0
:info:build Standard deviation of acyclic DFA states: 0.0
:info:build Total acyclic DFA states: 47
:info:build Min cyclic DFA states: 0
:info:build Max cyclic DFA states: 0
:info:build Average cyclic DFA states: 0.0
:info:build Standard deviation of cyclic DFA states: 0.0
:info:build Total cyclic DFA states: 0
:info:build Vocabulary size: 65536
:info:build DFA creation time in ms: 33
:info:build Number of semantic predicates found: 0
:info:build Number of manual fixed lookahead k=value options: 0
:info:build Number of nondeterministic decisions: 0
:info:build Number of nondeterministic decisions resolved with predicates: 0
:info:build Number of DFA conversions terminated early: 0
:info:build Number of errors: 0
:info:build Number of warnings: 0
:info:build Number of infos: 0
:info:build Number of syntactic predicates found: 0
:info:build Decisions with syntactic predicates: 0
:info:build Decision DFAs using syntactic predicates: 0
:info:build Decisions with semantic predicates: 0
:info:build Decision DFAs using semantic predicates: 0
:info:build 
:info:build Backtracking report:
:info:build Number of decisions that backtrack: 0
:info:build 
:info:build NFA conversion early termination report:
:info:build Number of NFA conversions that terminated early: 0
:info:build 
:info:build ## Recover from the removal of Modelica_3_Lexer.h
:info:build ## Recover from the removal of Modelica_3_Lexer_BaseModelica_Lexer.h
:info:build ## Recover from the removal of Modelica_3_Lexer_BaseModelica_Lexer.c
:info:build ## Recover from the removal of Modelica_3_Lexer.c
:info:build /usr/bin/clang -pipe -Os -arch x86_64 -Wall -I/opt/local/include -I../Compiler/ -ICONFIGUREDWITHOUTRMLDONTTRYTHISMAKEFILETARGETAGAIN/include/plain -I. -I../3rdParty/antlr/3.2/libantlr3c-3.2 -I../3rdParty/antlr/3.2/libantlr3c-3.2/include -I../3rdParty/gc-7.2/include -I../Compiler/runtime -I../SimulationRuntime/c/meta -I../SimulationRuntime/c/ -I../SimulationRuntime/c/meta/gc -I../SimulationRuntime/c/util -I../SimulationRuntime/c/simulation/libf2c  -c -o Parser_omc.o Parser_omc.c
:info:build /usr/bin/clang -pipe -Os -arch x86_64 -Wall -I/opt/local/include -I../Compiler/ -ICONFIGUREDWITHOUTRMLDONTTRYTHISMAKEFILETARGETAGAIN/include/plain -I. -I../3rdParty/antlr/3.2/libantlr3c-3.2 -I../3rdParty/antlr/3.2/libantlr3c-3.2/include -I../3rdParty/gc-7.2/include -I../Compiler/runtime -I../SimulationRuntime/c/meta -I../SimulationRuntime/c/ -I../SimulationRuntime/c/meta/gc -I../SimulationRuntime/c/util -I../SimulationRuntime/c/simulation/libf2c  -c -o Modelica_3_Lexer_BaseModelica_Lexer.o Modelica_3_Lexer_BaseModelica_Lexer.c
:info:build /usr/bin/clang -pipe -Os -arch x86_64 -Wall -I/opt/local/include -I../Compiler/ -ICONFIGUREDWITHOUTRMLDONTTRYTHISMAKEFILETARGETAGAIN/include/plain -I. -I../3rdParty/antlr/3.2/libantlr3c-3.2 -I../3rdParty/antlr/3.2/libantlr3c-3.2/include -I../3rdParty/gc-7.2/include -I../Compiler/runtime -I../SimulationRuntime/c/meta -I../SimulationRuntime/c/ -I../SimulationRuntime/c/meta/gc -I../SimulationRuntime/c/util -I../SimulationRuntime/c/simulation/libf2c  -c -o Modelica_3_Lexer.o Modelica_3_Lexer.c
:info:build Modelica_3_Lexer_BaseModelica_Lexer.c:5265:35: warning: comparison of unsigned expression >= 0 is always true [-Wtautological-compare]
:info:build                         if ( ((LA(1) >= 0x0000) && (LA(1) <= '\t')) || ((LA(1) >= 0x000B) && (LA(1) <= '\f')) || ((LA(1) >= 0x000E) && (LA(1) <= 0xFFFF)) )
:info:build                                ~~~~~ ^  ~~~~~~
:info:build Modelica_3_Lexer_BaseModelica_Lexer.c:5395:29: warning: equality comparison with extraneous parentheses [-Wparentheses-equality]
:info:build                 if ( (LA7_0 == '*') ) 
:info:build                       ~~~~~~^~~~~~
:info:build Modelica_3_Lexer_BaseModelica_Lexer.c:5395:29: note: remove extraneous parentheses around the comparison to silence this warning
:info:build                 if ( (LA7_0 == '*') ) 
:info:build                      ~      ^     ~
:info:build Modelica_3_Lexer_BaseModelica_Lexer.c:5395:29: note: use '=' to turn this equality comparison into an assignment
:info:build                 if ( (LA7_0 == '*') ) 
:info:build                             ^~
:info:build                             =
:info:build Modelica_3_Lexer_BaseModelica_Lexer.c:5401:37: warning: equality comparison with extraneous parentheses [-Wparentheses-equality]
:info:build                         if ( (LA7_1 == '/') ) 
:info:build                               ~~~~~~^~~~~~
:info:build Modelica_3_Lexer_BaseModelica_Lexer.c:5401:37: note: remove extraneous parentheses around the comparison to silence this warning
:info:build                         if ( (LA7_1 == '/') ) 
:info:build                              ~      ^     ~
:info:build Modelica_3_Lexer_BaseModelica_Lexer.c:5401:37: note: use '=' to turn this equality comparison into an assignment
:info:build                         if ( (LA7_1 == '/') ) 
:info:build                                     ^~
:info:build                                     =
:info:build Modelica_3_Lexer_BaseModelica_Lexer.c:5478:16: warning: unused variable '_type' [-Wunused-variable]
:info:build         ANTLR3_UINT32   _type;
:info:build                         ^
:info:build Modelica_3_Lexer_BaseModelica_Lexer.c:5898:34: warning: equality comparison with extraneous parentheses [-Wparentheses-equality]
:info:build                 else if ( (LA9_0 == '\\') ) 
:info:build                            ~~~~~~^~~~~~~
:info:build Modelica_3_Lexer_BaseModelica_Lexer.c:5898:34: note: remove extraneous parentheses around the comparison to silence this warning
:info:build                 else if ( (LA9_0 == '\\') ) 
:info:build                           ~      ^      ~
:info:build Modelica_3_Lexer_BaseModelica_Lexer.c:5898:34: note: use '=' to turn this equality comparison into an assignment
:info:build                 else if ( (LA9_0 == '\\') ) 
:info:build                                  ^~
:info:build                                  =
:info:build Modelica_3_Lexer_BaseModelica_Lexer.c:5878:16: warning: unused variable '_type' [-Wunused-variable]
:info:build         ANTLR3_UINT32   _type;
:info:build                         ^
:info:build Modelica_3_Lexer_BaseModelica_Lexer.c:6020:27: warning: comparison of unsigned expression >= 0 is always true [-Wtautological-compare]
:info:build                 if ( ((LA(1) >= 0x0000) && (LA(1) <= '\t')) || ((LA(1) >= 0x000B) && (LA(1) <= '\f')) || ((LA(1) >= 0x000E) && (LA(1) <= '!')) || ((LA(1) >= '#') && (LA(1) <= '[')) || ((LA(1) >= ']') && (LA(1) <= 0xFFFF)) )
:info:build                        ~~~~~ ^  ~~~~~~
:info:build Modelica_3_Lexer_BaseModelica_Lexer.c:5968:16: warning: unused variable '_type' [-Wunused-variable]
:info:build         ANTLR3_UINT32   _type;
:info:build                         ^
:info:build Modelica_3_Lexer_BaseModelica_Lexer.c:6065:16: warning: unused variable '_type' [-Wunused-variable]
:info:build         ANTLR3_UINT32   _type;
:info:build                         ^
:info:build Modelica_3_Lexer_BaseModelica_Lexer.c:6326:16: warning: unused variable '_type' [-Wunused-variable]
:info:build         ANTLR3_UINT32   _type;
:info:build                         ^
:info:build Modelica_3_Lexer_BaseModelica_Lexer.c:7115:16: warning: unused variable '_type' [-Wunused-variable]
:info:build         ANTLR3_UINT32   _type;
:info:build                         ^
:info:build Modelica_3_Lexer_BaseModelica_Lexer.c:7365:16: warning: unused variable '_type' [-Wunused-variable]
:info:build         ANTLR3_UINT32   _type;
:info:build                         ^
:info:build Modelica_3_Lexer_BaseModelica_Lexer.c:7707:16: warning: unused variable '_type' [-Wunused-variable]
:info:build         ANTLR3_UINT32   _type;
:info:build                         ^
:info:build Modelica_3_Lexer_BaseModelica_Lexer.c:7755:16: warning: unused variable '_type' [-Wunused-variable]
:info:build         ANTLR3_UINT32   _type;
:info:build                         ^
:info:build Modelica_3_Lexer_BaseModelica_Lexer.c:7803:16: warning: unused variable '_type' [-Wunused-variable]
:info:build         ANTLR3_UINT32   _type;
:info:build                         ^
:info:build Modelica_3_Lexer_BaseModelica_Lexer.c:7843:16: warning: unused variable '_type' [-Wunused-variable]
:info:build         ANTLR3_UINT32   _type;
:info:build                         ^
:info:build In file included from Parser_omc.c:33:
:info:build ./parse.c:156:18: warning: unused variable 'ftext' [-Wunused-variable]
:info:build   pANTLR3_STRING ftext;
:info:build                  ^
:info:build ./parse.c:155:21: warning: unused variable 'ex' [-Wunused-variable]
:info:build   pANTLR3_EXCEPTION ex = lexer->rec->state->exception;
:info:build                     ^
:info:build ./parse.c:190:26: warning: unused variable 'theCommonTree' [-Wunused-variable]
:info:build   pANTLR3_COMMON_TREE    theCommonTree;
:info:build                          ^
:info:build ./parse.c:196:27: warning: unused variable 'error_id' [-Wunused-variable]
:info:build   int p_offset, n_offset, error_id = 0, p_line, n_line;
:info:build                           ^
:info:build ./parse.c:194:15: warning: unused variable 'error_type' [-Wunused-variable]
:info:build   const char *error_type = "TRANSLATION";
:info:build               ^
:info:build ./parse.c:185:23: warning: unused variable 'is' [-Wunused-variable]
:info:build   pANTLR3_INT_STREAM  is;
:info:build                       ^
:info:build ./parse.c:192:17: warning: unused variable 'ttype' [-Wunused-variable]
:info:build   ANTLR3_UINT32 ttype;
:info:build                 ^
:info:build ./parse.c:189:26: warning: unused variable 'theBaseTree' [-Wunused-variable]
:info:build   pANTLR3_BASE_TREE      theBaseTree;
:info:build                          ^
:info:build ./parse.c:364:8: warning: unused variable 'parseonly' [-Wunused-variable]
:info:build   bool parseonly     = false; //check_debug_flag("parseonly");
:info:build        ^
:info:build ./parse.c:363:8: warning: unused variable 'parsedump' [-Wunused-variable]
:info:build   bool parsedump     = false; //check_debug_flag("parsedump");
:info:build        ^
:info:build ./parse.c:413:23: warning: implicit declaration of function 'SystemImpl__regularFileWritable' is invalid in C99 [-Wimplicit-function-declaration]
:info:build   members.readonly = !SystemImpl__regularFileWritable(fileName);
:info:build                       ^
:info:build ./parse.c:400:8: warning: unused variable 'parseonly' [-Wunused-variable]
:info:build   bool parseonly     = false; //check_debug_flag("parseonly");
:info:build        ^
:info:build ./parse.c:399:8: warning: unused variable 'parsedump' [-Wunused-variable]
:info:build   bool parsedump     = false; //check_debug_flag("parsedump");
:info:build        ^
:info:build ./parse.c:72:14: warning: unused function 'noRecoverFromMismatchedSet' [-Wunused-function]
:info:build static void* noRecoverFromMismatchedSet(pANTLR3_BASE_RECOGNIZER recognizer, pANTLR3_BITSET_LIST follow)
:info:build              ^
:info:build 14 warnings generated.
:info:build 16 warnings generated.
:info:build 174 warnings generated.
:info:build rm -f libomparse.a
:info:build ar -ru libomparse.a Parser_omc.o ParModelica_Lexer_BaseModelica_Lexer.o ParModelica_Lexer.o MetaModelica_Lexer_BaseModelica_Lexer.o MetaModelica_Lexer.o Modelica_3_Lexer_BaseModelica_Lexer.o Modelica_3_Lexer.o ModelicaParser_omc.o
:info:build ar: creating archive libomparse.a
:info:build ranlib libomparse.a
:info:build cp libantlr3.a libomparse.a ../build/lib/omc/
:info:build make[3]: Leaving directory `/opt/local/var/macports/build/_opt_local_var_macports_sources_build.openmodelica.org_macports_lang_openmodelica-devel/openmodelica-devel/work/openmodelica_18002/Parser'
:info:build /usr/bin/make -C Compiler/modpar install
:info:build make[3]: Entering directory `/opt/local/var/macports/build/_opt_local_var_macports_sources_build.openmodelica.org_macports_lang_openmodelica-devel/openmodelica-devel/work/openmodelica_18002/Compiler/modpar'
:info:build /usr/bin/clang++ -pipe -Os -arch x86_64 -I -I -I../../mosh/src -Wall -DUNIX=1   -c -o TaskGraphExt_stub_omc.o TaskGraphExt_stub_omc.cpp
:info:build ar -sr libmodparomc.a TaskGraphExt_stub_omc.o
:info:build ar: creating archive libmodparomc.a
:info:build cp libmodparomc.a ../../build/lib/omc
:info:build make[3]: Leaving directory `/opt/local/var/macports/build/_opt_local_var_macports_sources_build.openmodelica.org_macports_lang_openmodelica-devel/openmodelica-devel/work/openmodelica_18002/Compiler/modpar'
:info:build make[2]: Leaving directory `/opt/local/var/macports/build/_opt_local_var_macports_sources_build.openmodelica.org_macports_lang_openmodelica-devel/openmodelica-devel/work/openmodelica_18002'
:info:build /usr/bin/make -C testsuite/openmodelica/bootstrapping -f LinkMain.makefile bootstrap-from-compiled
:info:build make[2]: Entering directory `/opt/local/var/macports/build/_opt_local_var_macports_sources_build.openmodelica.org_macports_lang_openmodelica-devel/openmodelica-devel/work/openmodelica_18002/testsuite/openmodelica/bootstrapping'
:info:build # TODO: Make Susan work in smaller stack
:info:build /usr/bin/make -C /opt/local/var/macports/build/_opt_local_var_macports_sources_build.openmodelica.org_macports_lang_openmodelica-devel/openmodelica-devel/work/openmodelica_18002/Compiler/Template
:info:build make[3]: Entering directory `/opt/local/var/macports/build/_opt_local_var_macports_sources_build.openmodelica.org_macports_lang_openmodelica-devel/openmodelica-devel/work/openmodelica_18002/Compiler/Template'
:info:build  ** CodegenUtil template compilation ** 
:info:build /opt/local/bin/omc +d=failtrace CodegenUtil.tpl > CodegenUtil.mo.log || (cat CodegenUtil.mo.log && false)
:info:build  ** CodegenFMU template compilation ** 
:info:build /opt/local/bin/omc +d=failtrace CodegenFMU.tpl > CodegenFMU.mo.log || (cat CodegenFMU.mo.log && false)
:info:build  ** CodegenCSharp template compilation ** 
:info:build /opt/local/bin/omc +d=failtrace CodegenCSharp.tpl > CodegenCSharp.mo.log || (cat CodegenCSharp.mo.log && false)
:info:build  ** CodegenQSS template compilation ** 
:info:build /opt/local/bin/omc +d=failtrace CodegenQSS.tpl > CodegenQSS.mo.log || (cat CodegenQSS.mo.log && false)
:info:build  
:info:build  ** CodegenFMUCpp template compilation ** 
:info:build /opt/local/bin/omc +d=failtrace CodegenFMUCpp.tpl > CodegenFMUCpp.mo.log || (cat CodegenFMUCpp.mo.log && false)
:info:build  
:info:build  ** DAEDumpTpl template compilation ** 
:info:build /opt/local/bin/omc +d=failtrace DAEDumpTpl.tpl > DAEDumpTpl.mo.log || (cat DAEDumpTpl.mo.log && false)
:info:build  
:info:build  ** NFInstDumpTpl template compilation ** 
:info:build /opt/local/bin/omc +d=failtrace NFInstDumpTpl.tpl > NFInstDumpTpl.mo.log || (cat NFInstDumpTpl.mo.log && false)
:info:build  
:info:build  ** SimCodeDump template compilation ** 
:info:build /opt/local/bin/omc +d=failtrace SimCodeDump.tpl > SimCodeDump.mo.log || (cat SimCodeDump.mo.log && false)
:info:build  
:info:build  ** Unparsing template compilation ** 
:info:build /opt/local/bin/omc +d=failtrace Unparsing.tpl > Unparsing.mo.log || (cat Unparsing.mo.log && false)
:info:build  
:info:build  ** SCodeDumpTpl template compilation ** 
:info:build /opt/local/bin/omc +d=failtrace SCodeDumpTpl.tpl > SCodeDumpTpl.mo.log || (cat SCodeDumpTpl.mo.log && false)
:info:build  
:info:build  ** CodegenAdevs template compilation ** 
:info:build /opt/local/bin/omc +d=failtrace CodegenAdevs.tpl > CodegenAdevs.mo.log || (cat CodegenAdevs.mo.log && false)
:info:build  
:info:build  ** CodegenXML template compilation ** 
:info:build /opt/local/bin/omc +d=failtrace CodegenXML.tpl > CodegenXML.mo.log || (cat CodegenXML.mo.log && false)
:info:build  
:info:build  ** CodegenJava template compilation ** 
:info:build /opt/local/bin/omc +d=failtrace CodegenJava.tpl > CodegenJava.mo.log || (cat CodegenJava.mo.log && false)
:info:build  
:info:build  ** CodegenJS template compilation ** 
:info:build /opt/local/bin/omc +d=failtrace CodegenJS.tpl > CodegenJS.mo.log || (cat CodegenJS.mo.log && false)
:info:build  
:info:build  
:info:build  
:info:build  
:info:build make[3]: Leaving directory `/opt/local/var/macports/build/_opt_local_var_macports_sources_build.openmodelica.org_macports_lang_openmodelica-devel/openmodelica-devel/work/openmodelica_18002/Compiler/Template'
:info:build ( true ; /opt/local/bin/omc BuildOMC.mos )
:info:build "true
:info:build true
:info:build 
:info:build "
:info:build "/opt/local/bin/omc"
:info:build "build"
:info:build 8
:info:build false
:info:build 0
:info:build ""
:info:build true
:info:build ""
:info:build true
:info:build ""
:info:build 
:info:build "build/Makefile"
:info:build true
:info:build ""
:info:build true
:info:build true
:info:build ""
:info:build true
:info:build ""
:info:build true
:info:build ""
:info:build "/opt/local/var/macports/build/_opt_local_var_macports_sources_build.openmodelica.org_macports_lang_openmodelica-devel/openmodelica-devel/work/openmodelica_18002/testsuite/openmodelica/bootstrapping/build"
:info:build ""
:info:build {"Absyn","AbsynDep","AbsynDumpTpl","Algorithm","BackendDAE","BackendDAECreate","BackendDAEEXT","BackendDAEFunc","BackendDAEOptimize","BackendDAETransform","BackendDAEUtil","BackendDump","BackendEquation","BackendQSS","BackendVarTransform","BackendVariable","BaseHashSet","BaseHashTable","BinaryTree","BinaryTreeInt","Builtin","Causalize","Ceval","CevalFunction","CevalScript","CheckModel","ClassInf","ClassLoader","CodegenAdevs","CodegenC","CodegenCSharp","CodegenCpp","CodegenFMU","CodegenFMUCpp","CodegenJS","CodegenJava","CodegenQSS","CodegenUtil","CodegenXML","ComponentReference","Config","Connect","ConnectUtil","ConnectionGraph","Constants","Corba","DAE","DAEDump","DAEDumpTpl","DAEQuery","DAEUtil","Debug","Dependency","Derive","Dump","DumpGraphviz","DumpHTML","DynLoad","Env","Error","ErrorExt","EvaluateParameter","Expression","ExpressionDump","ExpressionDumpTpl","ExpressionSimplify","ExpressionSimplifyTypes","ExpressionSolve","FGraph","FGraphBuild","FGraphEnv","FMI","FMIExt","FNode","FRef","Flags","Global","GlobalScript","Graph","GraphML","Graphviz","HashSet","HashSetString","HashTable","HashTable2","HashTable3","HashTable4","HashTable5","HashTableCG","HashTableCrIntToExp","HashTableCrSimVars","HashTableCrToExpSourceTpl","HashTableExpToExp","HashTableExpToIndex","HashTablePathToFunction","HashTableStringToPath","HpcOmBenchmark","HpcOmBenchmarkExt","HpcOmScheduler","HpcOmSchedulerExt","HpcOmSimCode","HpcOmTaskGraph","IOStream","IOStreamExt","IndexReduction","Initialization","Inline","InlineSolver","InnerOuter","Inst","InstBinding","InstDAE","InstExtends","InstFunction","InstSection","InstTypes","InstUtil","InstVar","Interactive","Lapack","List","Lookup","MMath","Main","Matching","MathematicaDump","MetaUtil","Mod","ModelicaExternalC","NFBuiltin","NFConnect2","NFConnectCheck","NFConnectEquations","NFConnectUtil2","NFConnectionSets","NFEnv","NFEnvAvlTree","NFEnvExtends","NFExpandableConnectors","NFInst","NFInstDump","NFInstDumpTpl","NFInstFlatten","NFInstSymbolTable","NFInstTypes","NFInstTypesOld","NFInstUtil","NFLookup","NFMod","NFRedeclare","NFSCodeAnalyseRedeclare","NFSCodeApplyRedeclare","NFSCodeCheck","NFSCodeDependency","NFSCodeEnv","NFSCodeExpand","NFSCodeFlatten","NFSCodeFlattenImports","NFSCodeFlattenRedeclare","NFSCodeInstShortcut","NFSCodeLookup","NFSCodeMod","NFTypeCheck","NFTyping","OnRelaxation","OpenTURNS","Parser","ParserExt","PartFn","Patternm","Prefix","PrefixUtil","Print","PriorityQueue","Refactor","RemoveSimpleEquations","SCode","SCodeDump","SCodeDumpTpl","SCodeSimplify","SCodeUtil","Settings","SimCode","SimCodeDump","SimCodeMain","SimCodeUtil","SimulationResults","Socket","Static","StaticScript","System","TaskGraph","TaskGraphExt","TaskGraphResults","Tearing","Tpl","TplAbsyn","TplCodegen","TplMain","TplParser","Types","Uncertainties","UnitAbsyn","UnitAbsynBuilder","UnitChecker","UnitParserExt","Unparsing","Util","Values","ValuesUtil","VarTransform","XMLDump"}
:info:build ""
:info:build "/opt/local/var/macports/build/_opt_local_var_macports_sources_build.openmodelica.org_macports_lang_openmodelica-devel/openmodelica-devel/work/openmodelica_18002/testsuite/openmodelica/bootstrapping"
:info:build ""
:info:build true
:info:build 2
:info:build true
:info:build 
:info:build false
:info:build {true,true,true,true,true,true,true,true}
:info:build ""
:info:build {true,true,true,true,true,true,true,true}
:info:build ""
:info:build [/opt/local/var/macports/build/_opt_local_var_macports_sources_build.openmodelica.org_macports_lang_openmodelica-devel/openmodelica-devel/work/openmodelica_18002/Compiler/Util/Print.mo:60:8-63:18:writable] Error: Class OpenModelica.threadData not found in scope Print.clearErrorBuf (looking for a function or record).
:info:build [/opt/local/var/macports/build/_opt_local_var_macports_sources_build.openmodelica.org_macports_lang_openmodelica-devel/openmodelica-devel/work/openmodelica_18002/Compiler/Script/CevalScript.mo:911:9-911:51:writable] Error: Class Print.clearErrorBuf not found in scope CevalScript.cevalInteractiveFunctions2.$match scope$ (looking for a function or record).
:info:build [/opt/local/var/macports/build/_opt_local_var_macports_sources_build.openmodelica.org_macports_lang_openmodelica-devel/openmodelica-devel/work/openmodelica_18002/Compiler/Script/CevalScript.mo:32:1-7208:16:writable] Error: Failed to compile all functions in package CevalScript.
:info:build Job 1 failed[/opt/local/var/macports/build/_opt_local_var_macports_sources_build.openmodelica.org_macports_lang_openmodelica-devel/openmodelica-devel/work/openmodelica_18002/Compiler/Util/ErrorExt.mo:111:8-115:18:writable] Error: Class OpenModelica.threadData not found in scope ErrorExt.setCheckpoint (looking for a function or record).
:info:build [/opt/local/var/macports/build/_opt_local_var_macports_sources_build.openmodelica.org_macports_lang_openmodelica-devel/openmodelica-devel/work/openmodelica_18002/Compiler/FrontEnd/ExpressionSimplify.mo:541:9-541:53:writable] Error: Class ErrorExt.setCheckpoint not found in scope ExpressionSimplify.simplify1FixP.$match scope$ (looking for a function or record).
:info:build [/opt/local/var/macports/build/_opt_local_var_macports_sources_build.openmodelica.org_macports_lang_openmodelica-devel/openmodelica-devel/work/openmodelica_18002/Compiler/FrontEnd/ExpressionSimplify.mo:32:1-5144:23:writable] Error: Failed to compile all functions in package ExpressionSimplify.
:info:build Job 2 failed[/opt/local/var/macports/build/_opt_local_var_macports_sources_build.openmodelica.org_macports_lang_openmodelica-devel/openmodelica-devel/work/openmodelica_18002/Compiler/Util/Print.mo:71:8-75:13:writable] Error: Class OpenModelica.threadData not found in scope Print.printBuf (looking for a function or record).
:info:build [/opt/local/var/macports/build/_opt_local_var_macports_sources_build.openmodelica.org_macports_lang_openmodelica-devel/openmodelica-devel/work/openmodelica_18002/Compiler/FrontEnd/ClassInf.mo:238:9-238:35:writable] Error: Class Print.printBuf not found in scope ClassInf.printState.$match scope$ (looking for a function or record).
:info:build [/opt/local/var/macports/build/_opt_local_var_macports_sources_build.openmodelica.org_macports_lang_openmodelica-devel/openmodelica-devel/work/openmodelica_18002/Compiler/FrontEnd/ClassInf.mo:32:1-767:13:writable] Error: Failed to compile all functions in package ClassInf.
:info:build Job 3 failed[/opt/local/var/macports/build/_opt_local_var_macports_sources_build.openmodelica.org_macports_lang_openmodelica-devel/openmodelica-devel/work/openmodelica_18002/Compiler/Util/Print.mo:54:8-58:18:writable] Error: Class OpenModelica.threadData not found in scope Print.printErrorBuf (looking for a function or record).
:info:build [/opt/local/var/macports/build/_opt_local_var_macports_sources_build.openmodelica.org_macports_lang_openmodelica-devel/openmodelica-devel/work/openmodelica_18002/Compiler/Util/Debug.mo:57:3-57:25:writable] Error: Class Print.printErrorBuf not found in scope Debug.trace (looking for a function or record).
:info:build [/opt/local/var/macports/build/_opt_local_var_macports_sources_build.openmodelica.org_macports_lang_openmodelica-devel/openmodelica-devel/work/openmodelica_18002/Compiler/Util/Debug.mo:32:1-866:10:writable] Error: Failed to compile all functions in package Debug.
:info:build Job 4 failed[/opt/local/var/macports/build/_opt_local_var_macports_sources_build.openmodelica.org_macports_lang_openmodelica-devel/openmodelica-devel/work/openmodelica_18002/Compiler/Util/ErrorExt.mo:46:8-55:27:writable] Error: Class OpenModelica.threadData not found in scope ErrorExt.updateCurrentComponent (looking for a function or record).
:info:build [/opt/local/var/macports/build/_opt_local_var_macports_sources_build.openmodelica.org_macports_lang_openmodelica-devel/openmodelica-devel/work/openmodelica_18002/Compiler/Util/ErrorExt.mo:32:1-153:13:writable] Error: Failed to compile all functions in package ErrorExt.
:info:build Job 5 failed[/opt/local/var/macports/build/_opt_local_var_macports_sources_build.openmodelica.org_macports_lang_openmodelica-devel/openmodelica-devel/work/openmodelica_18002/Compiler/Util/ErrorExt.mo:111:8-115:18:writable] Error: Class OpenModelica.threadData not found in scope ErrorExt.setCheckpoint (looking for a function or record).
:info:build [/opt/local/var/macports/build/_opt_local_var_macports_sources_build.openmodelica.org_macports_lang_openmodelica-devel/openmodelica-devel/work/openmodelica_18002/Compiler/FrontEnd/Inst.mo:1243:9-1243:49:writable] Error: Class ErrorExt.setCheckpoint not found in scope Inst.instClassIn_dispatch.$match scope$ (looking for a function or record).
:info:build [/opt/local/var/macports/build/_opt_local_var_macports_sources_build.openmodelica.org_macports_lang_openmodelica-devel/openmodelica-devel/work/openmodelica_18002/Compiler/FrontEnd/Inst.mo:32:1-5988:9:writable] Error: Failed to compile all functions in package Inst.
:info:build Job 6 failed[/opt/local/var/macports/build/_opt_local_var_macports_sources_build.openmodelica.org_macports_lang_openmodelica-devel/openmodelica-devel/work/openmodelica_18002/Compiler/Util/Print.mo:54:8-58:18:writable] Error: Class OpenModelica.threadData not found in scope Print.printErrorBuf (looking for a function or record).
:info:build [/opt/local/var/macports/build/_opt_local_var_macports_sources_build.openmodelica.org_macports_lang_openmodelica-devel/openmodelica-devel/work/openmodelica_18002/Compiler/FrontEnd/Ceval.mo:1581:9-1581:67:writable] Error: Class Print.printErrorBuf not found in scope Ceval.cevalBuiltinSize.$match scope$ (looking for a function or record).
:info:build [/opt/local/var/macports/build/_opt_local_var_macports_sources_build.openmodelica.org_macports_lang_openmodelica-devel/openmodelica-devel/work/openmodelica_18002/Compiler/FrontEnd/Ceval.mo:32:1-6248:10:writable] Error: Failed to compile all functions in package Ceval.
:info:build Job 7 failed[/opt/local/var/macports/build/_opt_local_var_macports_sources_build.openmodelica.org_macports_lang_openmodelica-devel/openmodelica-devel/work/openmodelica_18002/Compiler/Util/Print.mo:71:8-75:13:writable] Error: Class OpenModelica.threadData not found in scope Print.printBuf (looking for a function or record).
:info:build [/opt/local/var/macports/build/_opt_local_var_macports_sources_build.openmodelica.org_macports_lang_openmodelica-devel/openmodelica-devel/work/openmodelica_18002/Compiler/FrontEnd/ComponentReference.mo:2188:9-2188:28:writable] Error: Class Print.printBuf not found in scope ComponentReference.printComponentRef.$match scope$ (looking for a function or record).
:info:build [/opt/local/var/macports/build/_opt_local_var_macports_sources_build.openmodelica.org_macports_lang_openmodelica-devel/openmodelica-devel/work/openmodelica_18002/Compiler/FrontEnd/ComponentReference.mo:32:1-2956:23:writable] Error: Failed to compile all functions in package ComponentReference.
:info:build Job 8 failedCompilation failed! (parallel threads)
:info:build make[2]: *** [generate-files] Error 1
:info:build make[2]: Leaving directory `/opt/local/var/macports/build/_opt_local_var_macports_sources_build.openmodelica.org_macports_lang_openmodelica-devel/openmodelica-devel/work/openmodelica_18002/testsuite/openmodelica/bootstrapping'
:info:build make[1]: *** [bootstrap-from-compiled] Error 2
:info:build make[1]: Leaving directory `/opt/local/var/macports/build/_opt_local_var_macports_sources_build.openmodelica.org_macports_lang_openmodelica-devel/openmodelica-devel/work/openmodelica_18002'
:info:build make: *** [omc-bootstrapped] Error 2
:info:build make: Leaving directory `/opt/local/var/macports/build/_opt_local_var_macports_sources_build.openmodelica.org_macports_lang_openmodelica-devel/openmodelica-devel/work/openmodelica_18002'
:info:build Command failed:  cd "/opt/local/var/macports/build/_opt_local_var_macports_sources_build.openmodelica.org_macports_lang_openmodelica-devel/openmodelica-devel/work/openmodelica_18002" && /usr/bin/make -j4 -w all omlibrary 
:info:build Exit code: 2
:error:build org.macports.build for port openmodelica-devel returned: command execution failed
:debug:build Error code: CHILDSTATUS 50623 2
:debug:build Backtrace: command execution failed
    while executing
"system -nice 0 $fullcmdstring"
    ("eval" body line 1)
    invoked from within
"eval system $notty $nice \$fullcmdstring"
    invoked from within
"command_exec build"
    (procedure "portbuild::build_main" line 8)
    invoked from within
"$procedure $targetname"
:info:build Warning: targets not executed for openmodelica-devel: org.macports.install org.macports.build org.macports.destroot
:notice:build Please see the log file for port openmodelica-devel for details:
    /opt/local/var/macports/logs/_opt_local_var_macports_sources_build.openmodelica.org_macports_lang_openmodelica-devel/openmodelica-devel/main.log
