ticket,filename,path,size,date,author,description,status
43,OmcCrash.zip,ticket/43/OmcCrash.zip,1348,2005-11-15 12:25:08,x05elmja,The java program that triggers the accertion failure.,ok
43,omc-runtime-error-dialog.png,ticket/43/omc-runtime-error-dialog.png,8953,2005-11-15 12:20:49,x05elmja,screen shot of the error dialog,ok
52,Mathematical Aspects.zip,ticket/52/Mathematical Aspects.zip,695892,2007-02-12 10:53:25,bernhard.bachmann,Tutorial: Mathematical Aspects ...,ok
107,PackagesandExamples.onb,ticket/107/PackagesandExamples.onb,74625,2007-02-19 12:20:51,miguel.prada.sarasola,omnotebook file,ok
108,PackagesandExamples.onb,ticket/108/PackagesandExamples.onb,70889,2007-02-15 12:49:11,miguel.prada.sarasola,OMNotebook file with case simulation,ok
108,PackagesandExamples2.onb,ticket/108/PackagesandExamples2.onb,74625,2007-02-19 12:21:49,miguel.prada.sarasola,omnotebook file,ok
111,PackagesandExamples.onb,ticket/111/PackagesandExamples.onb,74625,2007-02-19 12:55:21,miguel.prada.sarasola,omnotebook file,ok
115,Control.mo,ticket/115/Control.mo,24212,2007-03-02 17:00:50,miguel.prada.sarasola,model for SpeedTrapezium,ok
115,bug.onb,ticket/115/bug.onb,13256,2007-03-02 17:00:04,miguel.prada.sarasola,OMN file,ok
116,Control.mo,ticket/116/Control.mo,25616,2007-03-06 15:03:42,miguel.prada.sarasola,modelica models,ok
116,bug.onb,ticket/116/bug.onb,5135,2007-03-06 15:02:57,miguel.prada.sarasola,omn file,ok
117,erraticsampling.onb,ticket/117/erraticsampling.onb,8181,2007-03-06 17:34:36,miguel.prada.sarasola,omn file,ok
125,PulseError.zip,ticket/125/PulseError.zip,438051,2007-05-22 11:05:28,Wilhelm.Medetz,Project file (zipped) to reproduce the error,ok
125,plot.png,ticket/125/plot.png,11028,2007-05-22 11:06:49,Wilhelm.Medetz,Results Plot,ok
128,TestInit.mo,ticket/128/TestInit.mo,1574,2007-11-07 14:36:38,casella,Test Modelica file,ok
130,SimpleFluid.mo,ticket/130/SimpleFluid.mo,13517,2007-11-07 15:29:41,casella,Modelica package with test cases,ok
131,SimpleFluid.mo,ticket/131/SimpleFluid.mo,13509,2007-11-07 15:40:33,casella,Modelica package with test cases,ok
132,TestPackageInheritance.mo,ticket/132/TestPackageInheritance.mo,1561,2007-11-07 16:14:31,casella,Modelica package with test cases,ok
136,test.mo,ticket/136/test.mo,130,2007-12-26 11:52:26,cbelyaev,Sample of transposing issue,ok
137,Output.zip,ticket/137/Output.zip,5457,2008-01-10 16:06:49,casella,Zip file with Modelica package SimpleFluid,ok
143,InteractiveBuildModel.patch,ticket/143/InteractiveBuildModel.patch,1261,2008-01-16 12:33:15,cbelyaev,Fix,ok
144,bugTrapez.onb,ticket/144/bugTrapez.onb,14990,2008-01-18 15:26:21,ppriv,OMNotebook file to reproduce the bug.,ok
146,Func.c,ticket/146/Func.c,247,2008-02-04 15:37:26,cbelyaev,Sample external C function code,size-differs
146,Func.h,ticket/146/Func.h,69,2008-02-04 15:37:05,cbelyaev,Sample external C function header,size-differs
146,codegen.mo.patch,ticket/146/codegen.mo.patch,2203,2008-02-04 15:36:06,cbelyaev,Patch,ok
146,matrix.mo,ticket/146/matrix.mo,294,2008-02-04 15:37:45,cbelyaev,Testcase,ok
146,matrix.mos,ticket/146/matrix.mos,149,2008-02-04 15:38:08,cbelyaev,Testcase script,ok
1002,MatrixTest14x29.mo,ticket/1002/MatrixTest14x29.mo,1181,2008-02-20 21:18:29,cbelyaev,,ok
1005,DiodeTest.mo,ticket/1005/DiodeTest.mo,1610,2008-03-06 12:46:19,ppriv,,ok
1005,DiodeTestVoltSource.mo,ticket/1005/DiodeTestVoltSource.mo,1610,2008-03-06 17:50:37,ppriv,"Actually this is the model, I'd like to work.",ok
1005,rectifier.mo,ticket/1005/rectifier.mo,2957,2008-03-13 08:17:33,haklu,Model including diods that work.,ok
1007,MediaExamples.mo,ticket/1007/MediaExamples.mo,16439,2008-03-18 18:02:34,donida,,ok
1011,main.mo,ticket/1011/main.mo,1678,2008-05-09 23:46:32,yadaniel,,ok
1012,correct.png,ticket/1012/correct.png,10943,2008-05-26 01:58:28,adrpo,Correct output after bug was fixed.,ok
1012,incorrect.png,ticket/1012/incorrect.png,9479,2008-05-25 21:24:04,adrpo,,ok
1015,ResetIntegrator.mo,ticket/1015/ResetIntegrator.mo,1062,2008-09-03 15:00:55,donida,,ok
1018,compile-omc-r3682.log,ticket/1018/compile-omc-r3682.log,916,2008-10-10 20:30:09,dietmarw,Error message failing compilation of omc.,ok
1028,br3ph1.mo,ticket/1028/br3ph1.mo,1546,2008-12-08 21:39:24,prao,,ok
1028,output.log,ticket/1028/output.log,249,2008-12-08 21:39:24,prao,,ok
1030,compile-omc-r3807.log,ticket/1030/compile-omc-r3807.log,80726,2009-01-21 17:39:48,dietmarw,,ok
1030,compile-omc-r3807_newMico.log,ticket/1030/compile-omc-r3807_newMico.log,94507,2009-01-22 18:15:59,dietmarw,compilation log with newly compiled mico,ok
1033,notebook.cpp.vc.diff,ticket/1033/notebook.cpp.vc.diff,876,2009-02-13 20:29:15,dietmarw,,ok
1035,OpenModelica-1.4.5-build_fixes.patch,ticket/1035/OpenModelica-1.4.5-build_fixes.patch,12383,2009-03-10 03:20:08,ebo,"The attached files are gentoo (portage) ebuilds for version 1.4.5 and a live SVN version.  These are really rough, but appear to work.    I would like you to review the changes in OpenModelica-1.4.5-build_fixes.patch for general inclusion back into the source tree.  Thanks and best regards,    EBo --",ok
1035,OpenModelica-1.4.5.ebuild,ticket/1035/OpenModelica-1.4.5.ebuild,4609,2009-03-10 03:20:08,ebo,"The attached files are gentoo (portage) ebuilds for version 1.4.5 and a live SVN version.  These are really rough, but appear to work.    I would like you to review the changes in OpenModelica-1.4.5-build_fixes.patch for general inclusion back into the source tree.  Thanks and best regards,    EBo --",ok
1035,OpenModelica-9999.ebuild,ticket/1035/OpenModelica-9999.ebuild,4681,2009-03-10 03:20:08,ebo,"The attached files are gentoo (portage) ebuilds for version 1.4.5 and a live SVN version.  These are really rough, but appear to work.    I would like you to review the changes in OpenModelica-1.4.5-build_fixes.patch for general inclusion back into the source tree.  Thanks and best regards,    EBo --",ok
1037,qmake_files.tgz,ticket/1037/qmake_files.tgz,9030,2009-03-15 07:34:15,ebo,,ok
1053,TestComplexWaveTotal.mo,ticket/1053/TestComplexWaveTotal.mo,33678,2010-01-13 10:01:36,brugard,This is the example from Tillers book.,ok
1092,10.1.1.58.8788.2.pdf,ticket/1092/10.1.1.58.8788.2.pdf,211978,2012-07-24 14:38:01,anonymous,,ok
1092,10.1.1.58.8788.pdf,ticket/1092/10.1.1.58.8788.pdf,211978,2012-07-24 14:37:35,anonymous,,ok
1093,StackOverflow.mo,ticket/1093/StackOverflow.mo,493,2009-03-24 17:47:27,Schubert TUD,,ok
1094,RealInput.mo,ticket/1094/RealInput.mo,463,2009-03-25 09:41:51,Schubert TUD,,ok
1101,Test.xml,ticket/1101/Test.xml,1828,2009-05-06 14:54:55,TimoPenndorf,,size-differs
1101,test.mo,ticket/1101/test.mo,146,2009-05-06 14:54:54,TimoPenndorf,,ok
1101,test.mos,ticket/1101/test.mos,66,2009-05-06 14:54:55,TimoPenndorf,,ok
1103,MotorDriveTest2.mo,ticket/1103/MotorDriveTest2.mo,1664,2009-05-14 09:40:28,nalbarel,,ok
1118,out.txt,ticket/1118/out.txt,190097,2009-11-26 17:53:58,Schubert TUD,,size-differs
1135,CylinderDouble1Total.mo,ticket/1135/CylinderDouble1Total.mo,64836,2010-01-13 13:20:05,brugard,,ok
1139,1139.mo,ticket/1139/1139.mo,1701,2010-01-21 12:34:06,sjoelund.se,Works For Me (TM): Attached the actual output from OpenModelica r4842,ok
1144,FacultyCallTotal.mo,ticket/1144/FacultyCallTotal.mo,9173,2010-01-13 13:44:54,brugard,,ok
1149,DiagonalBlockTestTotal.mo,ticket/1149/DiagonalBlockTestTotal.mo,68430,2010-01-13 13:55:53,brugard,,ok
1151,surf_orient_alias_defTotal.mo,ticket/1151/surf_orient_alias_defTotal.mo,50984,2010-01-14 10:18:54,kargu,,ok
1159,test.c,ticket/1159/test.c,200,2010-02-01 10:34:11,hkiel,"{{{OpenModelica 1.5.0 Copyright (c) OSMC 2002-2009   To get help on using OMShell and OpenModelica, type ""help()"" and press enter. >> cd()  ""C:/OpenModelica1.5.0/tmp"" >> system(""gcc -c test.c"")  0 >> loadFile(""test.mo"")  true >> simulate(Motor, stopTime=1.0, numberOfIntervals=2000)  record SimulationResult      resultFile = ""Motor_res.plt""  end SimulationResult;  }}} {{{edit test.h such that a compile error must occur (e.g. ""int"" -> ""intx"")}}} {{{  >> simulate(Motor, stopTime=1.0, numberOfIntervals=2000)  record SimulationResult      resultFile = ""Motor_res.plt""  end SimulationResult;   >> }}}",size-differs
1159,test.h,ticket/1159/test.h,37,2010-02-01 10:34:11,hkiel,"{{{OpenModelica 1.5.0 Copyright (c) OSMC 2002-2009   To get help on using OMShell and OpenModelica, type ""help()"" and press enter. >> cd()  ""C:/OpenModelica1.5.0/tmp"" >> system(""gcc -c test.c"")  0 >> loadFile(""test.mo"")  true >> simulate(Motor, stopTime=1.0, numberOfIntervals=2000)  record SimulationResult      resultFile = ""Motor_res.plt""  end SimulationResult;  }}} {{{edit test.h such that a compile error must occur (e.g. ""int"" -> ""intx"")}}} {{{  >> simulate(Motor, stopTime=1.0, numberOfIntervals=2000)  record SimulationResult      resultFile = ""Motor_res.plt""  end SimulationResult;   >> }}}",size-differs
1159,test.mo,ticket/1159/test.mo,1379,2010-02-01 10:34:11,hkiel,"{{{OpenModelica 1.5.0 Copyright (c) OSMC 2002-2009   To get help on using OMShell and OpenModelica, type ""help()"" and press enter. >> cd()  ""C:/OpenModelica1.5.0/tmp"" >> system(""gcc -c test.c"")  0 >> loadFile(""test.mo"")  true >> simulate(Motor, stopTime=1.0, numberOfIntervals=2000)  record SimulationResult      resultFile = ""Motor_res.plt""  end SimulationResult;  }}} {{{edit test.h such that a compile error must occur (e.g. ""int"" -> ""intx"")}}} {{{  >> simulate(Motor, stopTime=1.0, numberOfIntervals=2000)  record SimulationResult      resultFile = ""Motor_res.plt""  end SimulationResult;   >> }}}",ok
1161,Arith.mo,ticket/1161/Arith.mo,183,2010-02-01 20:34:06,asodja,,ok
1164,MAssign.mo,ticket/1164/MAssign.mo,193,2010-02-10 20:15:02,asodja,,ok
1172,DiningTableTotal.mo,ticket/1172/DiningTableTotal.mo,22800,2010-02-12 08:00:24,kargu,,ok
1181,Philosopher.mo,ticket/1181/Philosopher.mo,35046,2010-03-22 08:10:40,petar,,ok
1193,LoopsTotal.mo,ticket/1193/LoopsTotal.mo,301862,2010-04-14 04:41:11,adrpo,"This is a bigger model that has this error.  {{{ ./omc LoopsTotal.mos [LoopsTotal.mo:3786:13-3787:72:readonly] Error: Variable jointRRP.e_im: trying to override final variable in class:  Error: Error occured while flattening model Modelica.Mechanics.MultiBody.Examples.Loops.Engine1b_analytic }}}  If this error is fixed on the smaller model, it should be verified also against this bigger model.",ok
1193,LoopsTotal.mos,ticket/1193/LoopsTotal.mos,145,2010-04-14 04:41:12,adrpo,"This is a bigger model that has this error.  {{{ ./omc LoopsTotal.mos [LoopsTotal.mo:3786:13-3787:72:readonly] Error: Variable jointRRP.e_im: trying to override final variable in class:  Error: Error occured while flattening model Modelica.Mechanics.MultiBody.Examples.Loops.Engine1b_analytic }}}  If this error is fixed on the smaller model, it should be verified also against this bigger model.",ok
1199,TestGlycolTotal.mo,ticket/1199/TestGlycolTotal.mo,69322,2010-04-20 12:32:59,sjoelund.se,,ok
1214,DiodeTestCircuit.onb,ticket/1214/DiodeTestCircuit.onb,14043,2010-04-30 02:51:13,oscarperez,"onb file, And simulation images (correct result and openmodelica wrong result)",ok
1214,DiodeTestCircuitCorrectSimulationResult.png,ticket/1214/DiodeTestCircuitCorrectSimulationResult.png,10297,2010-04-30 02:51:13,oscarperez,"onb file, And simulation images (correct result and openmodelica wrong result)",ok
1214,DiodeTestCircuitOpenModelicaSimulationResult.png,ticket/1214/DiodeTestCircuitOpenModelicaSimulationResult.png,5108,2010-04-30 02:51:13,oscarperez,"onb file, And simulation images (correct result and openmodelica wrong result)",ok
1218,Routing.mo,ticket/1218/Routing.mo,32869,2010-05-04 15:10:12,perob88,,ok
1218,TranslationalTests.mo,ticket/1218/TranslationalTests.mo,3927,2010-05-04 15:10:12,perob88,,ok
1222,Rectifier.mo,ticket/1222/Rectifier.mo,3659,2010-05-06 12:47:06,mohsen,,ok
1222,plot.doc,ticket/1222/plot.doc,116736,2010-05-06 12:47:06,mohsen,,ok
1223,plot.doc,ticket/1223/plot.doc,116736,2010-05-06 12:48:34,mohsen,,ok
1229,Watchdog.zip,ticket/1229/Watchdog.zip,375112,2010-05-21 13:49:15,perost,Watchdog model,ok
1230,TwoTanks.zip,ticket/1230/TwoTanks.zip,383638,2010-05-21 13:49:41,perost,,ok
1234,ContainerSimple.mo,ticket/1234/ContainerSimple.mo,24450,2010-10-06 10:55:52,AlexeyLebedev,A simplified version of ContainerTotal.mo with the same problem,ok
1234,ContainerTotal.mo,ticket/1234/ContainerTotal.mo,110080,2010-06-08 13:27:58,petar,More examples with similar error.,ok
1234,CytosolTotal.mo,ticket/1234/CytosolTotal.mo,74578,2010-06-08 13:27:58,petar,More examples with similar error.,ok
1234,extra_cellularTotal.mo,ticket/1234/extra_cellularTotal.mo,115836,2010-06-08 13:22:48,petar,,ok
1238,Model1.mo,ticket/1238/Model1.mo,4110,2010-08-09 11:06:52,kargu,,ok
1238,Model2.mo,ticket/1238/Model2.mo,4148,2010-08-09 11:06:52,kargu,,ok
1244,ParticleEffectTotal.mo,ticket/1244/ParticleEffectTotal.mo,104303,2010-09-02 05:29:12,adrpo,test,ok
1245,TestComplexWaveTotal.mo,ticket/1245/TestComplexWaveTotal.mo,33678,2010-09-02 05:31:06,adrpo,test,ok
1249,TestRedCells2NoExpandable.mo,ticket/1249/TestRedCells2NoExpandable.mo,80033,2010-08-25 19:55:36,ppriv,,upload-failed
1255,EngineV6Total.mo,ticket/1255/EngineV6Total.mo,345220,2010-09-02 16:40:55,perost,EngineV6Total,ok
1256,library.zip,ticket/1256/library.zip,48351,2010-09-07 07:37:15,asodja,Attachment uploaded again.,ok
1257,block_test.mo,ticket/1257/block_test.mo,466,2010-08-31 14:02:45,jlettau,,ok
1259,cholesterol_hepatociteTotal.mo,ticket/1259/cholesterol_hepatociteTotal.mo,243588,2010-09-01 14:34:47,asodja,,upload-failed
1261,ttTest.mo,ticket/1261/ttTest.mo,3772,2010-09-06 12:51:04,asodja,,ok
1261,ttTest2.mo,ticket/1261/ttTest2.mo,8684,2010-09-07 12:00:14,asodja,"Bug in event-handling is also evident when {{CombiTimeTable}} is used instead of {{TimeTable}}. In that case, parameter {{t_min}} and {{t_max}} never get initialized properly. They are initialized in initial-equation section: {{{initial equation    t_min = tableTimeTmin(tableID);   t_max = tableTimeTmax(tableID); }}} But equations from inital-equation section get evaluated before the initial() event is handeled. In this case, in initial() event {{tableTimeInit()}} is called which return valid value of variable {{tableID}}.",ok
1264,OSMC milestone - red october.docx,ticket/1264/OSMC milestone - red october.docx,46299,2010-09-09 07:06:55,adrpo,milestone document.,ok
1264,OSMC-CheckMSL-100906.xls,ticket/1264/OSMC-CheckMSL-100906.xls,29184,2010-09-09 05:24:50,adrpo,,ok
1264,Performance-analysis-preliminary-MathCore-100906.ppt,ticket/1264/Performance-analysis-preliminary-MathCore-100906.ppt,273920,2010-09-09 06:26:42,adrpo,Performance analysis document with color markers: * green - should do * orange - maybe * red - later.,ok
1264,traceCheckModelica-2010_10_20-23_32.txt,ticket/1264/traceCheckModelica-2010_10_20-23_32.txt,1374701,2010-10-21 09:46:00,adrpo,run of {{{checkAllModelsRecursive(Modelica)}}} from 2010-10-20.,size-differs
1265,OSMC-CheckMSL-100906.xls,ticket/1265/OSMC-CheckMSL-100906.xls,29184,2010-09-09 05:53:47,adrpo,,ok
1265,failingModels-Modelica3.1.txt,ticket/1265/failingModels-Modelica3.1.txt,19819,2010-09-09 13:39:32,adrpo,This is the result of running: {{{  loadModel(Modelica);  checkAllModelsRecursive(Modelica); }}} Filtered so just the failing models are included.,ok
1268,Modelica.Mechanics.MultiBody.Examples.Loops.Fourbar1.gv,ticket/1268/Modelica.Mechanics.MultiBody.Examples.Loops.Fourbar1.gv,5895,2010-09-30 01:43:21,adrpo,"The generated file when running {{{omc +d=cgraphGraphVizFile Fourbar1.mos}}.\\ The definite roots, potential roots, branches, connects, selected roots and broken connects\\ are outlined so the user understands how OpenModelica broke the overconstrained connection graph.\\ Open this graph using GraphViz to have a look.",ok
1268,Modelica.Mechanics.MultiBody.Examples.Loops.Fourbar1.pdf,ticket/1268/Modelica.Mechanics.MultiBody.Examples.Loops.Fourbar1.pdf,546093,2010-09-30 02:00:04,adrpo,svg and pdf of Fourbar1 model.,ok
1268,Modelica.Mechanics.MultiBody.Examples.Loops.Fourbar1.svg,ticket/1268/Modelica.Mechanics.MultiBody.Examples.Loops.Fourbar1.svg,26231,2010-09-30 02:00:04,adrpo,svg and pdf of Fourbar1 model.,ok
1275,planarRotationTotal.mo,ticket/1275/planarRotationTotal.mo,37858,2010-10-13 15:52:47,dhedberg,"Run the mos file and check the results. OpenModelica produces the following for me:  {{{ true instantiateDaeFunction failed for Math.sin in scope: Modelica.Mechanics.MultiBody.Frames.Quaternions.planarRotation instantiateDaeFunction failed for Math.sin in scope: Modelica.Mechanics.MultiBody.Frames.Quaternions.planarRotation ""Error: No matching function found for Math.sin(angle / 2.0) of type function(x:Real) => Real in component <NO COMPONENT>, candidates are function(x:Real) => Real Error: Class Math.sin not found in scope Modelica.Mechanics.MultiBody.Frames.Quaternions.planarRotation. Error: Wrong type or wrong number of arguments to vector([e * Math.sin(angle / 2);Math.cos(angle / 2)])'.  (in component <NO COMPONENT>) Error: No matching function found for Math.sin(angle / 2.0) of type function(x:Real) => Real in component <NO COMPONENT>, candidates are function(x:Real) => Real Error: Class Math.sin not found in scope Modelica.Mechanics.MultiBody.Frames.Quaternions.planarRotation. Error: Wrong type or wrong number of arguments to vector([e * Math.sin(angle / 2);Math.cos(angle / 2)])'.  (in component <NO COMPONENT>) "" """" }}}  So it does not seem to work as suggested, hence reopening this ticket.",ok
1275,planarRotationTotal.mos,ticket/1275/planarRotationTotal.mos,132,2010-10-13 15:52:48,dhedberg,"Run the mos file and check the results. OpenModelica produces the following for me:  {{{ true instantiateDaeFunction failed for Math.sin in scope: Modelica.Mechanics.MultiBody.Frames.Quaternions.planarRotation instantiateDaeFunction failed for Math.sin in scope: Modelica.Mechanics.MultiBody.Frames.Quaternions.planarRotation ""Error: No matching function found for Math.sin(angle / 2.0) of type function(x:Real) => Real in component <NO COMPONENT>, candidates are function(x:Real) => Real Error: Class Math.sin not found in scope Modelica.Mechanics.MultiBody.Frames.Quaternions.planarRotation. Error: Wrong type or wrong number of arguments to vector([e * Math.sin(angle / 2);Math.cos(angle / 2)])'.  (in component <NO COMPONENT>) Error: No matching function found for Math.sin(angle / 2.0) of type function(x:Real) => Real in component <NO COMPONENT>, candidates are function(x:Real) => Real Error: Class Math.sin not found in scope Modelica.Mechanics.MultiBody.Frames.Quaternions.planarRotation. Error: Wrong type or wrong number of arguments to vector([e * Math.sin(angle / 2);Math.cos(angle / 2)])'.  (in component <NO COMPONENT>) "" """" }}}  So it does not seem to work as suggested, hence reopening this ticket.",ok
1276,log-gprof-no-string-sharing.txt,ticket/1276/log-gprof-no-string-sharing.txt,1321777,2010-09-12 23:59:49,adrpo,The gprof logs for the execution.,ok
1276,log-gprof-sting-sharing.txt,ticket/1276/log-gprof-sting-sharing.txt,1300037,2010-09-12 23:59:49,adrpo,The gprof logs for the execution.,ok
1276,traceEngineV6-no-string-sharing.txt,ticket/1276/traceEngineV6-no-string-sharing.txt,5086544,2010-09-12 23:54:39,adrpo,The execution traces.,size-differs
1276,traceEngineV6-string-sharing.txt,ticket/1276/traceEngineV6-string-sharing.txt,5086575,2010-09-12 23:54:40,adrpo,The execution traces.,size-differs
1281,SlidingJointTest.zip,ticket/1281/SlidingJointTest.zip,292006,2010-09-13 11:08:00,asodja,,ok
1294,A.zip,ticket/1294/A.zip,445,2010-09-23 00:32:00,adrpo,Added the files for future reference.,ok
1330,sort-new.txt,ticket/1330/sort-new.txt,340886,2010-10-22 18:45:17,adrpo,,ok
1330,sort-old.txt,ticket/1330/sort-old.txt,339990,2010-10-22 18:45:17,adrpo,,ok
1334,TestGlycolTotal.mo,ticket/1334/TestGlycolTotal.mo,69322,2011-02-18 06:16:39,sjoelund.se,I can't remember if I modified this test or not work around lookup issues. So I'll attach the model I used.,ok
1335,annotations.mos,ticket/1335/annotations.mos,2743,2010-11-04 08:58:35,adrpo,example of calls/results.,ok
1335,trace-annotations.mos.txt,ticket/1335/trace-annotations.mos.txt,6088,2010-11-04 08:58:35,adrpo,example of calls/results.,size-differs
1349,ExtractorTestTotal.mo,ticket/1349/ExtractorTestTotal.mo,73205,2010-11-05 14:05:45,petar,,ok
1358,linker.log,ticket/1358/linker.log,16762,2010-11-15 16:14:34,sjoelund.se,Missing function definitions for the linker,ok
1364,AsubCrefIndexing.mo,ticket/1364/AsubCrefIndexing.mo,1567,2010-11-24 14:20:18,adrpo,,ok
1364,AsubCrefIndexing.mos,ticket/1364/AsubCrefIndexing.mos,1412,2010-11-24 14:20:18,adrpo,,ok
1365,simulate-msl31-examples.mos,ticket/1365/simulate-msl31-examples.mos,12827,2010-11-25 07:30:31,adrpo,,ok
1365,trace.zip,ticket/1365/trace.zip,198775,2010-11-25 07:30:31,adrpo,,ok
1372,MathExample.mos,ticket/1372/MathExample.mos,533,2010-12-10 11:17:10,petar,,ok
1372,MathTest.mo,ticket/1372/MathTest.mo,454,2010-12-10 11:17:10,petar,,ok
1376,OMEdit-cannot-save.png,ticket/1376/OMEdit-cannot-save.png,60165,2010-12-14 13:51:51,adrpo,,ok
1377,OMEdit-simulation-messages.png,ticket/1377/OMEdit-simulation-messages.png,126320,2010-12-14 14:00:51,adrpo,,ok
1378,omEdit_error.png,ticket/1378/omEdit_error.png,79834,2010-12-14 14:57:15,alexp,,ok
1381,print.pdf,ticket/1381/print.pdf,70246,2010-12-17 12:45:59,sjoelund.se,(Almost) working file.,ok
1384,main.log,ticket/1384/main.log,274761,2010-12-18 18:15:03,PDM,,ok
1384,main2.log,ticket/1384/main2.log,275069,2010-12-19 23:34:08,PDM,Shows the build failure in r7499.,ok
1403,CutForceAndTorque1Total.mo,ticket/1403/CutForceAndTorque1Total.mo,243441,2011-01-13 16:04:52,leonardo.laguna,,ok
1424,screenshort1.bmp,ticket/1424/screenshort1.bmp,522706,2011-02-02 16:48:59,Andrey Vitushkin,,ok
1424,screenshort2.bmp,ticket/1424/screenshort2.bmp,271782,2011-02-02 16:49:00,Andrey Vitushkin,,ok
1425,RL_Circuit.mo,ticket/1425/RL_Circuit.mo,1313,2011-02-03 20:12:08,adeas31,,ok
1425,openmodelica1-5.png,ticket/1425/openmodelica1-5.png,245823,2011-02-03 20:12:08,adeas31,,ok
1425,openmodelica1-6.png,ticket/1425/openmodelica1-6.png,226837,2011-02-03 20:12:08,adeas31,,ok
1448,110313_OMI_changevalue_Test3.png,ticket/1448/110313_OMI_changevalue_Test3.png,262264,2011-03-13 18:15:18,isiho,,ok
1448,110313_OMI_changevalue_Test4.png,ticket/1448/110313_OMI_changevalue_Test4.png,252379,2011-03-13 18:15:18,isiho,,ok
1464,OMEdit_screen.png,ticket/1464/OMEdit_screen.png,71132,2015-03-18 16:20:18,perost,,ok
1464,error.png,ticket/1464/error.png,36538,2015-03-18 16:14:44,adeas31,,ok
1466,Model-trace-bug-1466.txt,ticket/1466/Model-trace-bug-1466.txt,9596870,2011-04-01 20:56:37,adrpo,Trace of running Model.mos,size-differs
1466,Model.mos,ticket/1466/Model.mos,75,2011-04-01 13:47:01,dhedberg,,ok
1466,ModelTotal.mo,ticket/1466/ModelTotal.mo,1657627,2011-04-01 13:47:01,dhedberg,,ok
1475,A.mo,ticket/1475/A.mo,131,2013-08-02 10:27:16,adeas31,,ok
1478,Microwave.mo,ticket/1478/Microwave.mo,7322,2011-04-12 13:46:17,perost,,ok
1491,SIUnits.mos,ticket/1491/SIUnits.mos,176095,2011-04-19 17:16:37,perost,,ok
1493,JBouncingBall.mo,ticket/1493/JBouncingBall.mo,971,2011-04-20 10:53:00,sjoelund.se,First file (UTF-8),ok
1554,OMEdit.png,ticket/1554/OMEdit.png,83890,2011-06-04 12:11:46,ufechner,,ok
1557,napaka.mo,ticket/1557/napaka.mo,926,2011-06-21 13:49:18,asodja,Adding forgotten attachment.,ok
1559,SimpsonTest_1.mo,ticket/1559/SimpsonTest_1.mo,655,2011-06-22 10:19:04,asodja,,ok
1559,SimpsonTest_2.mo,ticket/1559/SimpsonTest_2.mo,707,2011-06-22 10:19:04,asodja,,ok
1559,SimpsonTest_3.mo,ticket/1559/SimpsonTest_3.mo,680,2011-06-22 10:19:04,asodja,,ok
1569,AlgorithmFor6.mo,ticket/1569/AlgorithmFor6.mo,553,2011-07-11 15:13:34,Dongliang Li,,ok
1581,log-om.txt,ticket/1581/log-om.txt,2729985,2011-08-01 19:15:45,amadeus,,ok
1583,array_bug.mo,ticket/1583/array_bug.mo,628,2011-08-02 13:32:04,jlettau,,ok
1599,inertia-clutch.png,ticket/1599/inertia-clutch.png,47291,2011-08-30 14:54:48,sjoelund.se,Plot in OMC trunk,ok
1599,testJInit.mo,ticket/1599/testJInit.mo,1427,2011-08-30 14:47:22,peterjunglas,,ok
1599,testJInit.mos,ticket/1599/testJInit.mos,127,2011-08-30 14:47:22,peterjunglas,,ok
1608,GearWithExternalRatio.mo,ticket/1608/GearWithExternalRatio.mo,571,2011-09-02 16:34:05,peterjunglas,,ok
1608,schaltgetriebe.txt,ticket/1608/schaltgetriebe.txt,220,2011-09-02 16:34:05,peterjunglas,,ok
1608,testGear2.mo,ticket/1608/testGear2.mo,2403,2011-09-02 16:34:05,peterjunglas,,ok
1608,testGear2.mos,ticket/1608/testGear2.mos,165,2011-09-02 16:35:48,peterjunglas,additional test files,ok
1608,testGear3.mo,ticket/1608/testGear3.mo,2400,2011-09-02 16:35:48,peterjunglas,additional test files,ok
1608,testGear4.mo,ticket/1608/testGear4.mo,1677,2011-09-02 16:35:48,peterjunglas,additional test files,ok
1611,triggeredsampler1.mo,ticket/1611/triggeredsampler1.mo,445,2011-09-07 08:48:49,peterjunglas,,ok
1611,triggeredsampler2.mo,ticket/1611/triggeredsampler2.mo,331,2011-09-07 08:48:49,peterjunglas,,ok
1612,pendel1.mo,ticket/1612/pendel1.mo,982,2011-09-07 11:17:04,peterjunglas,,ok
1621,testModel.mo,ticket/1621/testModel.mo,388,2011-09-16 14:22:50,leonardo.laguna,,ok
1639,MOS4.mo,ticket/1639/MOS4.mo,8305,2011-10-24 21:21:06,jez,,ok
1648,B.mo,ticket/1648/B.mo,967,2011-11-08 19:10:49,Frenkel TUD,,ok
1648,B.mos,ticket/1648/B.mos,33,2011-11-08 19:10:49,Frenkel TUD,,ok
1661,GearWithExternalRatioI.mo,ticket/1661/GearWithExternalRatioI.mo,1661,2011-11-30 12:41:47,peterjunglas,,ok
1661,schaltint.mo,ticket/1661/schaltint.mo,1758,2011-11-30 12:41:47,peterjunglas,,ok
1680,Test.Test1.c,ticket/1680/Test.Test1.c,13710,2012-01-25 22:08:51,chenouard-r,,ok
1680,_Test.Test1.h,ticket/1680/_Test.Test1.h,6004,2012-01-25 22:08:52,chenouard-r,,ok
1680,test.mo,ticket/1680/test.mo,799,2012-01-25 22:08:51,chenouard-r,,ok
1683,a.onb,ticket/1683/a.onb,1208,2012-02-07 16:56:53,sjoelund.se,Notebook to test with,ok
1692,Test1692.mo,ticket/1692/Test1692.mo,3148,2012-10-02 10:20:05,jfrenkel,,ok
1696,TestMedia.mo,ticket/1696/TestMedia.mo,2068,2012-02-21 06:34:53,adrpo,,ok
1696,TestMedia.mos,ticket/1696/TestMedia.mos,904,2012-02-21 06:34:53,adrpo,,ok
1697,TestMedia.mo,ticket/1697/TestMedia.mo,2068,2012-02-21 06:37:25,adrpo,,ok
1697,TestMedia.mos,ticket/1697/TestMedia.mos,904,2012-02-21 06:37:25,adrpo,,ok
1700,model example.txt,ticket/1700/model example.txt,343,2012-02-24 16:00:20,mohamed,,size-differs
1721,gaspropreties.mo,ticket/1721/gaspropreties.mo,369,2012-03-30 10:47:44,mohamed,,ok
1724,main.log,ticket/1724/main.log,3786,2012-04-08 08:55:30,amadeus,,ok
1728,testBill.mos,ticket/1728/testBill.mos,427,2012-04-17 09:31:29,Frenkel TUD,,ok
1732,recordExterFkt.zip,ticket/1732/recordExterFkt.zip,9371,2012-04-27 19:43:32,e.da-silva,,ok
1733,IndexConnect.mo,ticket/1733/IndexConnect.mo,378,2012-04-30 11:14:26,Frenkel TUD,,ok
1733,IndexConnect.mos,ticket/1733/IndexConnect.mos,101,2012-04-30 11:14:27,Frenkel TUD,,ok
1734,RC_ideal.mo,ticket/1734/RC_ideal.mo,19257,2012-05-03 03:47:18,janssen,,ok
1735,RC_combined.mo,ticket/1735/RC_combined.mo,19444,2012-05-03 11:45:59,perost,,ok
1736,InstSection.2.patch,ticket/1736/InstSection.2.patch,21690,2012-08-31 09:45:12,sjoelund.se,,ok
1736,InstSection.patch,ticket/1736/InstSection.patch,12105,2012-08-30 14:35:35,sjoelund.se,,ok
1740,xmldump.patch,ticket/1740/xmldump.patch,585,2012-05-08 08:11:20,janssen,,ok
1741,Test.mos,ticket/1741/Test.mos,129,2012-05-11 09:28:42,mburisch,,ok
1741,test.mo,ticket/1741/test.mo,882,2012-05-11 09:28:42,mburisch,,ok
1741,testobj.c,ticket/1741/testobj.c,481,2012-05-11 09:28:42,mburisch,,size-differs
1742,main.log,ticket/1742/main.log,139700,2012-05-11 16:32:12,amadeus,,ok
1752,Compile.c,ticket/1752/Compile.c,1346,2012-06-18 13:49:41,sjoelund.se,Compile.bat replacement,ok
1763,main.log,ticket/1763/main.log,377563,2012-07-28 06:37:43,ben.haefele,Logfile,ok
1772,Array1.zip,ticket/1772/Array1.zip,694,2012-08-14 13:21:33,adabe588,,ok
1773,Array2.zip,ticket/1773/Array2.zip,765,2012-08-14 13:27:22,adabe588,,ok
1779,total.2.mo,ticket/1779/total.2.mo,96180,2012-08-23 07:58:36,sjoelund.se,,ok
1789,Table2d.mo,ticket/1789/Table2d.mo,331,2012-08-27 19:40:03,peterjunglas,model file,ok
1789,table.txt,ticket/1789/table.txt,517,2012-08-27 19:40:19,peterjunglas,table data,ok
1805,Test.mo,ticket/1805/Test.mo,1309,2012-09-13 02:34:55,anonymous,,ok
1805,Test.mos,ticket/1805/Test.mos,84,2012-09-13 02:34:44,anonymous,,ok
1805,Test2.mo,ticket/1805/Test2.mo,1301,2012-09-13 02:48:27,anonymous,,ok
1805,Test2.mos,ticket/1805/Test2.mos,66,2012-09-13 02:48:41,anonymous,,ok
1805,log.txt,ticket/1805/log.txt,46622,2012-09-13 02:35:11,anonymous,,ok
1805,log2.txt,ticket/1805/log2.txt,24375,2012-09-13 02:48:53,anonymous,,ok
1811,SourceTotal.zip,ticket/1811/SourceTotal.zip,102123,2012-09-14 17:26:17,casella,Zipped Dymola Save Total file,ok
1812,SourceUnconnectedTotal.zip,ticket/1812/SourceUnconnectedTotal.zip,102160,2012-09-14 20:09:26,casella,,ok
1812,SourcesTotal.zip,ticket/1812/SourcesTotal.zip,105132,2012-09-14 18:20:49,casella,Zipped Dymola Save Total file,ok
1819,RealInput_Failure.mo,ticket/1819/RealInput_Failure.mo,759,2012-09-18 11:18:45,jfrenkel,,ok
1819,RealInput_Failure.mos,ticket/1819/RealInput_Failure.mos,85,2012-09-18 11:19:44,jfrenkel,,ok
1823,connectError.mo,ticket/1823/connectError.mo,545,2012-09-20 10:29:02,julian.wyszynski,Package showing error,ok
1824,VariableError.mo,ticket/1824/VariableError.mo,602,2012-09-20 10:43:04,julian.wyszynski,Package showing error,ok
1842,StackOverflowError.mo,ticket/1842/StackOverflowError.mo,1049,2012-09-25 11:59:08,julian.wyszynski,Package showing Error,ok
1843,lossy31.mos,ticket/1843/lossy31.mos,232,2012-09-26 15:08:19,adrpo,,ok
1843,lossy32.mos,ticket/1843/lossy32.mos,230,2012-09-26 15:08:27,adrpo,,ok
1843,trace31.txt,ticket/1843/trace31.txt,41175,2012-09-26 15:07:57,adrpo,,ok
1843,trace32.txt,ticket/1843/trace32.txt,50101,2012-09-26 15:08:06,adrpo,,ok
1859,ReallyLongArray.mo,ticket/1859/ReallyLongArray.mo,12993,2012-10-02 12:43:36,perost,Example file,ok
1865,extendsError.mo,ticket/1865/extendsError.mo,214,2012-10-04 12:20:18,julian.wyszynski,Package showing error,ok
1866,emf3.zip,ticket/1866/emf3.zip,2307,2012-10-04 18:04:30,wbraun,model that demonstates that bug,ok
1868,CodegenXML.tpl.patch,ticket/1868/CodegenXML.tpl.patch,2053,2012-10-05 19:22:26,janssen,,ok
1876,oneAxis31flat.txt,ticket/1876/oneAxis31flat.txt,95388,2012-10-10 13:58:57,bruno,Flat model of  MSL 3.1,ok
1876,oneAxis321flat.txt,ticket/1876/oneAxis321flat.txt,121289,2012-10-10 13:59:08,bruno,Flat model of 3.2.1,ok
1882,waste.zip,ticket/1882/waste.zip,38345,2012-10-13 23:15:46,adrpo,WasteWater.ASM1.Examples.SmallPlant total + trace + .mos,ok
1884,DataType_OpenModelica.c,ticket/1884/DataType_OpenModelica.c,9876,2012-10-15 07:57:12,anonymous,,ok
1884,DataType_OpenModelica_FMU.log,ticket/1884/DataType_OpenModelica_FMU.log,1114,2012-10-15 07:57:00,anonymous,,ok
1892,ExtendsError2.mo,ticket/1892/ExtendsError2.mo,362,2012-10-18 10:03:23,julian.wyszynski,Package 2/2,ok
1892,extendsError.mo,ticket/1892/extendsError.mo,286,2012-10-18 10:03:10,julian.wyszynski,Package 1/2,ok
1894,ParallelPRV.mo,ticket/1894/ParallelPRV.mo,3329,2012-10-18 12:43:45,sjoelund.se,,ok
1895,delay_n_differentialequation.mo,ticket/1895/delay_n_differentialequation.mo,653,2012-10-18 13:21:19,julian.wyszynski,model showing error,ok
1903,Modelica.Blocks.Examples.BooleanNetwork1.mos,ticket/1903/Modelica.Blocks.Examples.BooleanNetwork1.mos,2237,2012-10-24 09:06:18,cschubert,mos-file,ok
1903,log1.txt,ticket/1903/log1.txt,25562,2012-10-24 09:06:42,cschubert,log file,ok
1913,InitialEquationError.mo,ticket/1913/InitialEquationError.mo,258,2012-10-29 10:40:49,julian.wyszynski,,ok
1923,ParallelResonance-DymByHand-GraphViz.png,ticket/1923/ParallelResonance-DymByHand-GraphViz.png,36951,2012-11-02 09:20:18,adrpo,Done by hand using GraphViz from equations posted by Jens.,ok
1923,ParallelResonance-GraphViz.png,ticket/1923/ParallelResonance-GraphViz.png,39517,2012-10-31 10:18:37,adrpo,obtained via ./omc +locale=C +d=cgraphGraphVizFile Modelica.Electrical.QuasiStationary.SinglePhase.Examples.ParallelResonance.mos,ok
1923,ParallelResonance.jpg,ticket/1923/ParallelResonance.jpg,36760,2012-10-31 09:34:02,anonymous,,ok
1931,ArrayParam.diff,ticket/1931/ArrayParam.diff,2955,2012-11-16 10:36:06,sjoelund.se,Patch for adding a new equation type,ok
1931,Inst.diff,ticket/1931/Inst.diff,2227,2012-11-08 13:43:53,sjoelund.se,,ok
1934,Bug.mo,ticket/1934/Bug.mo,986,2012-11-12 09:45:17,anonymous,,ok
1934,Bug.mos,ticket/1934/Bug.mos,69,2012-11-12 09:45:09,anonymous,,ok
1941,outerProductTest.mo,ticket/1941/outerProductTest.mo,120,2012-11-16 21:43:33,cschubert,,ok
1941,outerProductTest2.mo,ticket/1941/outerProductTest2.mo,186,2012-11-17 11:04:01,cschubert,,ok
1943,WhenCount.mo,ticket/1943/WhenCount.mo,314,2012-11-19 11:43:03,cschubert,,ok
1943,WhenCount.mos,ticket/1943/WhenCount.mos,85,2012-11-19 11:43:12,cschubert,,ok
1944,SubModel.mo,ticket/1944/SubModel.mo,361,2012-11-19 13:08:44,cschubert,,ok
1944,TopModel.mo,ticket/1944/TopModel.mo,246,2012-11-19 13:08:34,cschubert,,ok
1944,test.mos,ticket/1944/test.mos,367,2012-11-19 13:08:23,cschubert,,ok
1945,Unbalanced.mo,ticket/1945/Unbalanced.mo,384,2012-11-19 16:06:09,cschubert,,ok
1945,Unbalanced.mos,ticket/1945/Unbalanced.mos,108,2012-11-19 16:06:18,cschubert,,ok
1947,CGraphBug-GrapVizFile-correct.png,ticket/1947/CGraphBug-GrapVizFile-correct.png,16003,2012-11-21 21:39:00,adrpo,generated with +d=cgraphGraphVizFile,ok
1947,CGraphBug-GrapVizFile.png,ticket/1947/CGraphBug-GrapVizFile.png,18976,2012-11-21 20:48:17,adrpo,generated with +d=cgraphGraphVizFile,ok
1947,CGraphBug.mo,ticket/1947/CGraphBug.mo,2071,2012-11-21 20:35:39,cschubert,,ok
1947,CGraphBug.mos,ticket/1947/CGraphBug.mos,359,2012-11-21 20:35:48,cschubert,,ok
1950,symmetric.2.mo,ticket/1950/symmetric.2.mo,121,2012-11-24 20:07:19,cschubert,,ok
1950,symmetric.mo,ticket/1950/symmetric.mo,121,2012-11-24 20:07:11,cschubert,,ok
1950,symmetric.mos,ticket/1950/symmetric.mos,108,2012-11-24 20:07:32,cschubert,,ok
1955,ParameterTestModel.png,ticket/1955/ParameterTestModel.png,22789,2012-11-28 12:01:49,adrpo,all parameters and variables are in the .mat file,ok
1956,ParameterBug.mo,ticket/1956/ParameterBug.mo,472,2012-11-30 07:31:32,cschubert,,ok
1956,ParameterBug.mos,ticket/1956/ParameterBug.mos,386,2012-11-30 07:31:42,cschubert,,ok
1958,AxisType2.mo,ticket/1958/AxisType2.mo,2006,2012-11-28 10:47:43,anonymous,,ok
1958,AxisType2.mof,ticket/1958/AxisType2.mof,3746,2012-11-28 10:48:04,anonymous,,ok
1958,Controller.mo,ticket/1958/Controller.mo,1354,2012-11-28 10:47:50,anonymous,,ok
1958,test.mos,ticket/1958/test.mos,210,2012-11-28 10:47:56,anonymous,,ok
1959,TestExtractor.mo,ticket/1959/TestExtractor.mo,2612,2012-11-29 16:12:34,peterjunglas,model file,ok
1960,SourceTest.mo,ticket/1960/SourceTest.mo,479,2012-11-30 08:53:14,bruno,Simple model with wrong behaviour,ok
1961,Result_Comparison.png,ticket/1961/Result_Comparison.png,83266,2012-11-30 14:30:08,cschubert,,ok
1961,TableTest.mo,ticket/1961/TableTest.mo,455,2012-11-30 14:29:39,cschubert,,ok
1961,TableTest.mos,ticket/1961/TableTest.mos,95,2012-11-30 14:29:50,cschubert,,ok
1962,IncompressibleValveExample.mo,ticket/1962/IncompressibleValveExample.mo,8111,2012-11-30 14:46:59,bruno,,ok
1965,TestTriggeredSampler1.mo,ticket/1965/TestTriggeredSampler1.mo,2380,2012-12-02 15:07:57,peterjunglas,,ok
1965,TestTriggeredSampler2.mo,ticket/1965/TestTriggeredSampler2.mo,2106,2012-12-02 15:08:07,peterjunglas,,ok
1967,log.txt,ticket/1967/log.txt,3825,2012-12-03 13:01:09,cschubert,,ok
1969,MultiFunctionReturnValueUseOnlyFirst.mo,ticket/1969/MultiFunctionReturnValueUseOnlyFirst.mo,219,2012-12-03 16:15:19,jfrenkel,,ok
1969,MultiFunctionReturnValueUseOnlyFirst.mos,ticket/1969/MultiFunctionReturnValueUseOnlyFirst.mos,123,2012-12-03 16:15:35,jfrenkel,,ok
1970,typeTest.mo,ticket/1970/typeTest.mo,408,2012-12-04 10:46:39,bruno,,ok
1971,TestTwoOut.mo,ticket/1971/TestTwoOut.mo,440,2012-12-05 14:47:11,bruno,,ok
1973,ValveAirTotal.mo,ticket/1973/ValveAirTotal.mo,376377,2012-12-06 17:24:40,casella,Save Total file,ok
1973,testValve.mos,ticket/1973/testValve.mos,174,2012-12-06 17:26:02,casella,Script to run the test,ok
1975,clutchTest.mo,ticket/1975/clutchTest.mo,1502,2012-12-07 10:05:45,bruno,,ok
1979,SimpleIntegerTest.mo,ticket/1979/SimpleIntegerTest.mo,535,2012-12-10 13:19:22,bruno,,ok
1982,BridgeMono.mo,ticket/1982/BridgeMono.mo,4182,2012-12-12 10:06:18,ceraolo,,ok
1982,BridgeTri.mo,ticket/1982/BridgeTri.mo,5898,2012-12-12 10:06:31,ceraolo,,ok
1982,BridgeTriDym.2.mo,ticket/1982/BridgeTriDym.2.mo,7159,2012-12-12 17:43:53,ceraolo,,ok
1982,BridgeTriDym.mo,ticket/1982/BridgeTriDym.mo,7159,2012-12-12 17:43:36,anonymous,,ok
1983,ParameterBug.mo,ticket/1983/ParameterBug.mo,626,2012-12-12 12:12:01,cschubert,,ok
1987,Bug.mo,ticket/1987/Bug.mo,404,2012-12-16 19:22:35,cschubert,,ok
1987,Bug.mos,ticket/1987/Bug.mos,75,2012-12-16 19:22:44,cschubert,,ok
1991,StateSelectCheck.mo,ticket/1991/StateSelectCheck.mo,673,2012-12-19 09:51:14,jfrenkel,,ok
2001,TestLoadCycle.mo,ticket/2001/TestLoadCycle.mo,552,2012-12-28 12:01:16,ceraolo,,ok
2002,ParameterBug.mo,ticket/2002/ParameterBug.mo,578,2013-01-01 11:36:04,cschubert,,ok
2002,ParameterBug.mos,ticket/2002/ParameterBug.mos,647,2013-01-01 11:36:14,cschubert,,ok
2006,Sort1.2.txt,ticket/2006/Sort1.2.txt,2029,2013-02-05 15:35:35,adeas31,,ok
2006,Sort1.txt,ticket/2006/Sort1.txt,2033,2013-01-01 21:13:14,ceraolo,,ok
2006,TestPkg.mo,ticket/2006/TestPkg.mo,3621,2013-01-01 21:13:01,ceraolo,,ok
2007,TestVarType.mo,ticket/2007/TestVarType.mo,122,2013-01-02 12:50:46,anonymous,,ok
2007,TestVarType.mos,ticket/2007/TestVarType.mos,137,2013-01-02 12:50:54,anonymous,,ok
2009,RecordArrayInFunction.mo,ticket/2009/RecordArrayInFunction.mo,308,2013-01-07 09:42:46,anonymous,,ok
2009,RecordArrayInFunction.mos,ticket/2009/RecordArrayInFunction.mos,87,2013-01-07 09:42:53,anonymous,,ok
2012,Modelica.Electrical.Spice3.Examples.FourInverters.mos,ticket/2012/Modelica.Electrical.Spice3.Examples.FourInverters.mos,346549,2013-01-10 08:23:49,jfrenkel,fixed flattened output,ok
2017,initialization.c.patch,ticket/2017/initialization.c.patch,477,2013-01-11 12:14:10,jfrenkel,"Patch for this problem, maybe it helps",ok
2018,TwoOutputFunc.mo,ticket/2018/TwoOutputFunc.mo,817,2013-01-11 15:33:02,bruno,,ok
2024,Pendulum_2_MultiBody.mo,ticket/2024/Pendulum_2_MultiBody.mo,624,2013-01-17 10:34:34,cschubert,,ok
2024,Pendulum_N_MultiBody.mo,ticket/2024/Pendulum_N_MultiBody.mo,564,2013-01-17 10:34:21,cschubert,,ok
2028,TestInitial.mos,ticket/2028/TestInitial.mos,259,2013-01-21 14:26:00,cschubert,,ok
2031,TestSolve.mo,ticket/2031/TestSolve.mo,816,2013-01-23 07:39:29,cschubert,,ok
2031,TestSolve.mos,ticket/2031/TestSolve.mos,130,2013-01-23 07:39:41,cschubert,,ok
2034,Error.mo,ticket/2034/Error.mo,196,2013-01-24 16:01:09,julian.wy,Model showing Error,ok
2035,ReplaceableError.mo,ticket/2035/ReplaceableError.mo,643,2013-01-25 08:16:47,julian.wyszynski,Package showing Error,ok
2040,Pendulum_N.mo,ticket/2040/Pendulum_N.mo,2165,2013-01-30 08:22:15,cschubert,,ok
2042,Simple_Brake_Tests.mo,ticket/2042/Simple_Brake_Tests.mo,6104,2013-01-31 17:26:07,janssen,a simple brake model and a test model for it,ok
2044,ReplaceableError.mo,ticket/2044/ReplaceableError.mo,771,2013-02-01 15:49:56,julian.wyszynski,File showing error,ok
2059,ThermoPower.zip,ticket/2059/ThermoPower.zip,297099,2013-02-07 14:18:23,casella,"ThermoPower library, development version",ok
2067,$cpuTime.png,ticket/2067/$cpuTime.png,21402,2013-02-11 13:59:54,adrpo,,ok
2068,config.log,ticket/2068/config.log,249422,2013-02-11 15:41:28,choeger,Configure output,ok
2071,Pendulum.mo,ticket/2071/Pendulum.mo,7468,2013-02-19 14:23:45,cschubert,,ok
2071,Pendulum_10.mos,ticket/2071/Pendulum_10.mos,330,2013-02-19 14:23:54,cschubert,,ok
2073,camelbrake.mo,ticket/2073/camelbrake.mo,748,2013-02-20 17:44:38,janssen,model which triggers error,ok
2077,camelbrake.mo,ticket/2077/camelbrake.mo,862,2013-02-21 21:07:34,janssen,,ok
2079,tanks.mo,ticket/2079/tanks.mo,1900,2014-06-11 10:06:29,blah,Two connected tanks,ok
2086,CPAP_package.mo,ticket/2086/CPAP_package.mo,39308,2013-02-25 08:36:20,anonymous,,ok
2089,OMEdit.png,ticket/2089/OMEdit.png,19610,2013-02-26 12:18:52,leo.gall,Screenshot,ok
2089,getComponents.log,ticket/2089/getComponents.log,693205,2013-02-27 13:54:31,sjoelund.se,,ok
2089,openmodelica.omc.output.OMEdit,ticket/2089/openmodelica.omc.output.OMEdit,4398,2013-02-26 12:45:16,adeas31,OMC output,ok
2097,a.diff,ticket/2097/a.diff,1815,2013-03-08 00:57:51,janssen,,ok
2106,ComplexArray.mo,ticket/2106/ComplexArray.mo,534,2013-05-19 22:52:31,adrpo,,ok
2106,ComplexArray.mos,ticket/2106/ComplexArray.mos,180,2013-05-19 22:52:40,adrpo,,ok
2122,save.mo,ticket/2122/save.mo,53,2013-03-14 22:37:23,adeas31,,ok
2122,save.mos,ticket/2122/save.mos,68,2013-03-14 22:39:27,adeas31,,ok
2125,delay.diff.xz,ticket/2125/delay.diff.xz,57860,2013-03-21 14:35:16,sjoelund.se,,ok
2135,HeatedRoom V14_UTF8.mo,ticket/2135/HeatedRoom V14_UTF8.mo,34797,2013-03-31 15:38:27,mbouissou,An example of package able to trigger the bug,ok
2139,test.mo,ticket/2139/test.mo,2786,2013-04-06 14:56:45,ceraolo,,ok
2145,epc4.mo,ticket/2145/epc4.mo,2874,2013-04-09 18:01:57,pupala,,ok
2145,processes,ticket/2145/processes,18282,2013-04-10 11:21:48,Ronald Púpala,,ok
2159,InstClassBindingMod.mo,ticket/2159/InstClassBindingMod.mo,755,2013-04-19 16:53:50,perost,,ok
2160,html.png,ticket/2160/html.png,63022,2013-05-17 15:06:42,adeas31,,ok
2161,VhDragForce.mo,ticket/2161/VhDragForce.mo,3189,2013-04-18 17:19:56,ceraolo,,ok
2162,STBug.mo,ticket/2162/STBug.mo,85342,2013-04-18 17:29:55,ceraolo,,ok
2163,NW10.mo,ticket/2163/NW10.mo,14396,2013-04-19 05:28:19,ceraolo,,ok
2163,QSAsma.mo,ticket/2163/QSAsma.mo,13621,2013-04-19 05:28:00,ceraolo,,ok
2171,2_TermosifoneElettrico.onb,ticket/2171/2_TermosifoneElettrico.onb,64455,2013-05-03 11:01:22,casella,OMNotebook document,ok
2172,TestTriggerPkg.zip,ticket/2172/TestTriggerPkg.zip,1815,2013-05-03 11:12:42,e.da-silva,,ok
2177,TestPosture.mo,ticket/2177/TestPosture.mo,604,2013-05-10 17:43:56,ppriv,,ok
2178,Transrech.mo,ticket/2178/Transrech.mo,38321,2013-05-10 07:56:04,cschubert,Library,ok
2178,Transrech.mos,ticket/2178/Transrech.mos,175,2013-05-10 07:56:24,cschubert,Script to simulate the model in question,ok
2187,stacktrace,ticket/2187/stacktrace,714339,2013-05-15 08:56:51,choeger,Stacktrace,ok
2194,boost.mo,ticket/2194/boost.mo,575,2013-05-16 17:52:35,sjoelund.se,,ok
2195,simpleTest.mo,ticket/2195/simpleTest.mo,16784,2013-05-19 16:10:43,ceraolo,,ok
2199,pipe length vs time.PNG,ticket/2199/pipe length vs time.PNG,98505,2013-05-21 17:34:29,anonymous,,ok
2199,test_tank.mo,ticket/2199/test_tank.mo,4023,2013-05-21 17:48:32,adeas31,,ok
2199,time vs pipe length.PNG,ticket/2199/time vs pipe length.PNG,93796,2013-05-21 17:34:46,anonymous,,ok
2216,RLC.mo,ticket/2216/RLC.mo,1659,2013-06-03 08:24:47,ceraolo,,ok
2230,Dilution.mo,ticket/2230/Dilution.mo,1057,2013-06-07 19:25:55,ppriv,"after fix, it should be able to simulate till stopTime=50",ok
2240,invlaid_xml.mo,ticket/2240/invlaid_xml.mo,250,2013-06-12 20:16:22,anonymous,,ok
2243,bouncing_ball.mo,ticket/2243/bouncing_ball.mo,494,2013-06-13 18:13:15,Matthew Klenk,file containing the package and model used to generate the error.,ok
2245,bug.png,ticket/2245/bug.png,25483,2013-06-14 07:47:36,hkiel,,ok
2245,stupid-omedit.png,ticket/2245/stupid-omedit.png,101768,2013-06-26 10:17:50,sjoelund.se,omedit selects two classes at the same time,ok
2250,OM_bug_displayunit.PNG,ticket/2250/OM_bug_displayunit.PNG,11337,2016-04-11 14:33:21,Christoph,plotting Screenshot,ok
2250,plot_display_units.png,ticket/2250/plot_display_units.png,535360,2016-07-27 15:21:04,spinnau,wrong display units in plot,ok
2255,degC.png,ticket/2255/degC.png,8840,2014-05-15 19:37:40,christiankral,Celsius temperatures are displayed instead of Kelvin temperature,ok
2255,units_missing_in_plot_window.png,ticket/2255/units_missing_in_plot_window.png,18622,2013-06-18 20:20:56,dr.christian.kral,Result plot,ok
2261,buck.mo,ticket/2261/buck.mo,9826,2013-06-24 18:34:03,lochel,,ok
2268,Dymola_modified_model.png,ticket/2268/Dymola_modified_model.png,131916,2013-06-28 13:45:46,adeas31,Dymola showing the modified model,ok
2268,Dymola_orginal_model.png,ticket/2268/Dymola_orginal_model.png,125122,2013-06-28 13:45:14,adeas31,Dymola showing the original model,ok
2268,OMEdit_modified_model.png,ticket/2268/OMEdit_modified_model.png,140863,2013-06-28 13:45:32,adeas31,OMEdit showing the modified model,ok
2268,OMEdit_original_model.png,ticket/2268/OMEdit_original_model.png,167394,2013-06-28 13:44:59,adeas31,OMEdit showing the original model,ok
2268,img1.tiff,ticket/2268/img1.tiff,527032,2013-06-27 19:27:09,anonymous,,ok
2268,img2.tiff,ticket/2268/img2.tiff,587730,2013-06-27 19:27:38,anonymous,,ok
2271,test_1.mo,ticket/2271/test_1.mo,65292,2013-06-28 13:21:58,lochel,,ok
2279,MathRandom.mo,ticket/2279/MathRandom.mo,2070,2013-07-09 07:12:03,e.ypma,,ok
2279,MathRandom.onb,ticket/2279/MathRandom.onb,47499,2013-07-10 15:11:09,lochel,,ok
2279,build_script.mos,ticket/2279/build_script.mos,172,2013-07-09 07:12:18,e.ypma,,ok
2279,test_MR.onb,ticket/2279/test_MR.onb,12731,2013-07-09 07:11:47,e.ypma,,ok
2280,BugPeak.mo,ticket/2280/BugPeak.mo,6544,2013-07-09 17:55:57,ceraolo,,ok
2280,ConnectionGraph_woInductor.graphml,ticket/2280/ConnectionGraph_woInductor.graphml,24669,2013-07-10 06:44:23,cschubert,yEd ConnectionGraph (without the inductor),ok
2280,getUPeak.mo,ticket/2280/getUPeak.mo,3130,2013-07-09 09:14:32,ceraolo,,ok
2280,meshOnly.mo,ticket/2280/meshOnly.mo,2618,2013-07-10 16:42:42,ceraolo,,ok
2280,tiny.mo,ticket/2280/tiny.mo,7606,2013-07-11 09:20:04,ceraolo,A  model containing the issue (model tiny in package tiny),ok
2284,Expression.mo,ticket/2284/Expression.mo,1380,2013-07-17 06:43:13,cschubert,,ok
2284,Expression.mos,ticket/2284/Expression.mos,56,2013-07-17 06:43:20,cschubert,,ok
2292,Sample_Vs_vector.mo,ticket/2292/Sample_Vs_vector.mo,378,2013-07-29 09:42:53,adeas31,,ok
2293,OmcFmuExitBug.tar.gz,ticket/2293/OmcFmuExitBug.tar.gz,3485826,2013-07-31 23:24:28,cxh,tar file that replicates FMU exit problem with JNA,ok
2293,strace.out,ticket/2293/strace.out,347941,2013-07-31 23:25:25,cxh,Run of strace under linux,ok
2295,uriTest.mo,ticket/2295/uriTest.mo,220,2013-08-07 14:57:47,adeas31,,ok
2298,BalancingDeltaGammaGraph.png,ticket/2298/BalancingDeltaGammaGraph.png,33455,2013-08-08 11:28:49,carlj,,ok
2299,log.txt,ticket/2299/log.txt,8383,2013-08-08 14:07:44,hkiel,omc output,ok
2309,ReadArray-br.mo,ticket/2309/ReadArray-br.mo,430,2013-08-13 11:26:52,anonymous,,ok
2309,ReadNumber-br.mo,ticket/2309/ReadNumber-br.mo,369,2013-08-12 17:44:16,anonymous,,ok
2309,numberfile.txt,ticket/2309/numberfile.txt,13,2013-08-12 17:44:47,anonymous,,ok
2309,plot.png,ticket/2309/plot.png,176879,2013-08-13 00:23:20,adeas31,,ok
2315,RLCircuit.mo,ticket/2315/RLCircuit.mo,1541,2013-08-19 22:12:37,fran_jo,RL Circuit,ok
2320,Visual1.mo,ticket/2320/Visual1.mo,82,2013-08-23 09:15:10,ceraolo,,ok
2320,Visual2.mo,ticket/2320/Visual2.mo,82,2013-08-23 09:15:17,ceraolo,,ok
2327,readRealParameterModel-MDT-error.log,ticket/2327/readRealParameterModel-MDT-error.log,13943,2013-08-30 11:34:03,paul,,ok
2327,readRealParameterModel-MDT-error2.log,ticket/2327/readRealParameterModel-MDT-error2.log,13936,2013-09-03 13:44:37,anonymous,,ok
2330,DA_Waurich.pdf,ticket/2330/DA_Waurich.pdf,1531985,2013-08-30 11:54:58,cschubert,diploma thesis of Volker Waurich,ok
2331,openmodelica.svn.patch,ticket/2331/openmodelica.svn.patch,1560,2013-08-30 15:46:34,luciano kruk,patch to revision 16951,ok
2338,BalancingDelta.svg,ticket/2338/BalancingDelta.svg,151487,2013-09-09 20:58:08,adrpo,,ok
2338,BalancingStar.svg,ticket/2338/BalancingStar.svg,164390,2013-09-09 20:57:55,adrpo,,ok
2338,Modelica.Electrical.QuasiStationary.MultiPhase.Examples.BalancingDelta.gv,ticket/2338/Modelica.Electrical.QuasiStationary.MultiPhase.Examples.BalancingDelta.gv,33392,2013-09-09 20:53:50,adrpo,Graphviz for overconstrained connection graph of BalancingDelta,ok
2338,Modelica.Electrical.QuasiStationary.MultiPhase.Examples.BalancingStar.gv,ticket/2338/Modelica.Electrical.QuasiStationary.MultiPhase.Examples.BalancingStar.gv,36273,2013-09-09 20:28:36,adrpo,Graphviz for overconstrained connection graph of BalancingStar,ok
2340,vfr.mo,ticket/2340/vfr.mo,151874,2013-09-10 22:39:45,adrpo,,ok
2340,vfr.mos,ticket/2340/vfr.mos,208,2013-09-10 22:39:56,adrpo,,ok
2344,IdealTriacCircuit-Dymola.png,ticket/2344/IdealTriacCircuit-Dymola.png,98977,2014-02-27 19:57:41,adeas31,,ok
2344,IdealTriacCircuit-OMEdit.png,ticket/2344/IdealTriacCircuit-OMEdit.png,98778,2014-02-27 19:57:34,adeas31,,ok
2344,PollDym.tif,ticket/2344/PollDym.tif,267944,2014-02-28 10:51:26,ceraolo,,ok
2344,Pollution.tif,ticket/2344/Pollution.tif,226958,2014-02-28 10:51:17,ceraolo,,ok
2344,SimpleTriacCircuit-Dymola.png,ticket/2344/SimpleTriacCircuit-Dymola.png,97785,2014-02-27 19:57:26,adeas31,,ok
2344,SimpleTriacCircuit-OMEdit.png,ticket/2344/SimpleTriacCircuit-OMEdit.png,82842,2014-02-27 19:57:18,adeas31,,ok
2356,externalObjectProb.zip,ticket/2356/externalObjectProb.zip,2432,2013-09-18 12:39:04,fixed-term.Andreas.Hofmann7,Example demonstrating the problem (created in OMEdit),ok
2359,blah.mo,ticket/2359/blah.mo,1199,2013-09-20 01:16:15,adrpo,,ok
2359,blah.mos,ticket/2359/blah.mos,99,2013-09-20 01:16:25,adrpo,,ok
2370,inputoutput.mo,ticket/2370/inputoutput.mo,824,2013-09-27 08:47:21,anonymous,,ok
2372,notInScope.mo,ticket/2372/notInScope.mo,22614,2013-09-28 06:48:29,ceraolo,,ok
2376,myShallowRiver.mo,ticket/2376/myShallowRiver.mo,7390,2013-09-30 12:45:22,adeas31,,ok
2378,redefineComponent.mo,ticket/2378/redefineComponent.mo,26,2013-09-30 17:43:23,adeas31,,ok
2378,redefineComponent.mos,ticket/2378/redefineComponent.mos,152,2013-09-30 17:43:32,adeas31,,ok
2399,M_res.csv,ticket/2399/M_res.csv,36548,2013-10-04 14:34:51,adeas31,,ok
2399,foo.mo,ticket/2399/foo.mo,2032,2013-11-04 10:48:11,lochel,,ok
2399,mylib.c,ticket/2399/mylib.c,777,2013-10-04 14:34:40,adeas31,,ok
2399,test.mo,ticket/2399/test.mo,1058,2013-10-04 14:34:13,adeas31,Model,ok
2399,test.mos,ticket/2399/test.mos,92,2013-10-04 14:34:27,adeas31,script,ok
2407,InvertedPendulumTotal.mo,ticket/2407/InvertedPendulumTotal.mo,230909,2013-10-09 05:57:07,petar,,ok
2428,testCFExpr1.mos,ticket/2428/testCFExpr1.mos,665,2013-10-18 15:26:38,wbraun,,ok
2429,RemoveSimpleEquations.mo.patch,ticket/2429/RemoveSimpleEquations.mo.patch,1926,2013-10-23 08:14:52,jfrenkel,patch for #2429,ok
2429,asmaFLowDym.mat,ticket/2429/asmaFLowDym.mat,446874,2013-10-20 22:15:46,ceraolo,,ok
2429,asmaFlow.mo,ticket/2429/asmaFlow.mo,4358,2013-10-20 00:34:21,ceraolo,,ok
2429,asmaFlowTotalSCode.mo,ticket/2429/asmaFlowTotalSCode.mo,49413,2013-10-20 01:27:31,adrpo,Total model of the asmaFlow,ok
2429,trace.txt,ticket/2429/trace.txt,312637,2013-10-20 01:29:31,adrpo,instantiation of asmaFlow + dumpindxdae,ok
2437,Scenario6.mo,ticket/2437/Scenario6.mo,140492,2013-10-24 11:31:22,adrpo,,ok
2437,Scenario6.mos,ticket/2437/Scenario6.mos,232,2013-10-24 11:31:51,adrpo,,ok
2445,openmodelica-build.patch,ticket/2445/openmodelica-build.patch,1145,2013-10-25 14:39:17,anonymous,Patch to fix build.,ok
2446,ParadisEO.patch,ticket/2446/ParadisEO.patch,469,2013-10-25 14:44:11,anonymous,Patch to fix compilation with latest ParadisEO,ok
2454,TT.mo,ticket/2454/TT.mo,602,2013-10-30 17:23:41,Matthew Klenk,simple_triggered_trapezoid demonstrates this problem,ok
2461,main.log,ticket/2461/main.log,701779,2013-11-04 18:16:29,Adam Dershowitz,Build fail log file,ok
2468,SV1D.2.mo,ticket/2468/SV1D.2.mo,2263,2014-04-22 08:31:07,othman_icho,spatial discretization,ok
2468,SV1D.mo,ticket/2468/SV1D.mo,2263,2014-04-22 08:30:05,othman_icho,spatial discretization,ok
2469,FemPackage_Test.mos,ticket/2469/FemPackage_Test.mos,399,2013-11-08 14:51:14,cschubert,,ok
2474,CoupledInductance.mo,ticket/2474/CoupledInductance.mo,4383,2013-11-13 09:37:19,dr.christian.kral,Sample code that bug description refers to,ok
2475,CableReel.mo,ticket/2475/CableReel.mo,2933,2013-11-13 14:33:59,fixed-term.Sven.Baetzing,mo file,ok
2475,DC_Mechlib_SB.2.mo,ticket/2475/DC_Mechlib_SB.2.mo,355184,2013-11-13 15:03:48,fixed-term.sven.baetzing,lib with initiliaze at top-level,ok
2475,DC_Mechlib_SB.mo,ticket/2475/DC_Mechlib_SB.mo,379720,2013-11-13 14:32:31,fixed-term.Sven.Baetzing,lib,ok
2476,main.log,ticket/2476/main.log,425832,2013-11-13 16:07:57,Adam Dershowitz,Build fail log file,ok
2482,IDEAS.zip,ticket/2482/IDEAS.zip,9798429,2013-11-15 14:57:23,Roel De Coninck,,ok
2486,MWE_States.mo,ticket/2486/MWE_States.mo,477538,2013-11-19 14:14:18,ruben.baetens,"Minimal working example ""TEST"" used in the ticket",ok
2488,test.mo,ticket/2488/test.mo,338,2013-11-21 15:08:50,anonymous,,ok
2488,testcase.mo,ticket/2488/testcase.mo,1357,2013-11-21 15:08:38,anonymous,,ok
2491,main.2.log,ticket/2491/main.2.log,2062230,2013-11-27 18:22:09,Adam Dershowitz,18325 +clang,ok
2491,main.3.log,ticket/2491/main.3.log,2052939,2013-11-27 18:33:19,Adam Dershowitz,18326 all defaults build log,ok
2491,main.log,ticket/2491/main.log,86137,2013-11-25 18:50:23,Adam Dershowitz,,ok
2493,FromPark.mo,ticket/2493/FromPark.mo,4471,2013-11-29 06:57:24,ceraolo,,ok
2493,PMM2_Wmax.mo,ticket/2493/PMM2_Wmax.mo,7707,2013-11-29 06:57:46,ceraolo,,ok
2500,params.mo,ticket/2500/params.mo,931,2013-12-05 20:33:02,janssen,params.mo,ok
2501,PwmPulser.mo,ticket/2501/PwmPulser.mo,4501,2013-12-06 06:20:09,ceraolo,,ok
2501,invTrifNotWorking.mo,ticket/2501/invTrifNotWorking.mo,4963,2013-12-06 06:20:18,ceraolo,,ok
2504,initial.mos,ticket/2504/initial.mos,414,2013-12-06 15:53:39,cschubert,Testfile,ok
2506,RLC.mo,ticket/2506/RLC.mo,1659,2013-12-10 21:47:59,ceraolo,,ok
2507,FMUTest.zip,ticket/2507/FMUTest.zip,4616621,2013-12-11 12:46:56,Francois,FMU + dll dependencies + fmucheck tool,ok
2508,HangingMass2_filter_x_res.mat,ticket/2508/HangingMass2_filter_x_res.mat,73909,2013-12-12 08:43:15,anonymous,,ok
2508,HangingMass2_res.mat,ticket/2508/HangingMass2_res.mat,286175,2013-12-12 08:43:21,anonymous,,ok
2510,results.png,ticket/2510/results.png,26049,2013-12-11 22:26:48,mwetter,Result plot,ok
2511,BrushedDCMotor.mo,ticket/2511/BrushedDCMotor.mo,5030,2013-12-13 16:33:53,anonymous,,ok
2515,Acceleration.mo,ticket/2515/Acceleration.mo,2818,2013-12-13 19:33:32,Christian Kral,Simulation example demonstrating runtime error,ok
2519,ATotal.mo,ticket/2519/ATotal.mo,120387,2013-12-17 07:11:38,petar,,ok
2520,DamperBug1.mo,ticket/2520/DamperBug1.mo,2890,2013-12-17 09:09:34,peterjunglas,,ok
2520,DamperBug3.mo,ticket/2520/DamperBug3.mo,2859,2013-12-17 09:09:45,peterjunglas,,ok
2523,EVQSPkg.mo,ticket/2523/EVQSPkg.mo,56470,2013-12-25 01:06:13,ceraolo,,ok
2523,Sort1.2.txt,ticket/2523/Sort1.2.txt,2033,2013-12-25 18:14:23,ceraolo,,ok
2523,Sort1.txt,ticket/2523/Sort1.txt,2033,2013-12-25 18:13:31,ceraolo,,ok
2524,Dialog-annotation-handling-DYM.png,ticket/2524/Dialog-annotation-handling-DYM.png,28353,2014-01-06 19:54:16,adrpo,,ok
2524,Dialog-annotation-handling-OMC.png,ticket/2524/Dialog-annotation-handling-OMC.png,31076,2014-01-06 19:54:02,adrpo,,ok
2524,M.mo,ticket/2524/M.mo,786,2014-01-06 19:56:41,adeas31,,ok
2524,script.mos,ticket/2524/script.mos,81,2014-01-06 19:56:59,adeas31,,ok
2537,cis.mo,ticket/2537/cis.mo,708736,2014-01-16 19:32:09,adrpo,,ok
2538,tfm.mo,ticket/2538/tfm.mo,296443,2014-01-16 19:40:06,adrpo,,ok
2539,stepSize.diff,ticket/2539/stepSize.diff,4507,2014-01-16 20:31:01,lochel,,ok
2543,hrb.mo,ticket/2543/hrb.mo,763947,2014-01-20 17:51:01,adrpo,,ok
2549,RC-res.pdf,ticket/2549/RC-res.pdf,17255,2014-01-28 08:36:58,sjoelund.se,gnuplot sample output,ok
2549,rc.gnuplot,ticket/2549/rc.gnuplot,501,2014-01-28 08:37:24,sjoelund.se,,ok
2550,ComponentParametersWindow.png,ticket/2550/ComponentParametersWindow.png,36910,2014-01-28 11:34:22,lochel,,ok
2554,foo.log,ticket/2554/foo.log,425596,2014-02-01 01:30:18,janssen,log of build on OS X 10.6 that fails,ok
2559,infoXMLTest.mo,ticket/2559/infoXMLTest.mo,74,2014-02-01 19:40:40,adeas31,,ok
2559,infoXMLTest.mos,ticket/2559/infoXMLTest.mos,212,2014-02-01 19:40:48,adeas31,,ok
2561,SingularInitial.mo,ticket/2561/SingularInitial.mo,408,2014-02-04 09:27:20,jfrenkel,example singular initial system,ok
2563,OpenLoopSimulatorTotal.mo,ticket/2563/OpenLoopSimulatorTotal.mo,820235,2014-04-09 21:19:06,casella,Save Total file with complete definition of reduced-order model,ok
2564,TestTempSourceTotal.mo,ticket/2564/TestTempSourceTotal.mo,54794,2014-02-04 14:49:24,casella,The model TestTempSource demonstrates the issue,ok
2570,annotation.mo,ticket/2570/annotation.mo,131,2014-02-06 13:51:27,adeas31,,ok
2570,annotation.mos,ticket/2570/annotation.mos,130,2014-02-06 13:51:35,adeas31,,ok
2571,HelloWorld.mo,ticket/2571/HelloWorld.mo,206,2014-02-06 13:57:33,adeas31,,ok
2571,getSimulationOptions.mos,ticket/2571/getSimulationOptions.mos,99,2014-02-06 13:57:40,adeas31,,ok
2572,ABX_System.mo,ticket/2572/ABX_System.mo,3085,2014-02-06 17:44:50,sjoelund.se,,ok
2585,NPendulum.mo,ticket/2585/NPendulum.mo,2148,2014-02-15 13:40:47,cschubert,Model,ok
2585,NPendulum.mos,ticket/2585/NPendulum.mos,82,2014-02-15 13:40:59,cschubert,mos file,ok
2598,plots.rar,ticket/2598/plots.rar,93599,2014-02-21 06:28:46,sanjay9591,Plots of the variables,ok
2605,XMLDump.mo.patch,ticket/2605/XMLDump.mo.patch,499,2014-03-01 03:53:56,janssen,patch to XMLDump.mo,ok
2612,Dymola_result.png,ticket/2612/Dymola_result.png,8248,2014-03-10 13:18:24,anonymous,result plot from Dymola,ok
2612,OM_OutputMessages.png,ticket/2612/OM_OutputMessages.png,72687,2014-03-10 13:19:10,anonymous,Output messages from OM(Edit),ok
2612,OM_result.png,ticket/2612/OM_result.png,33445,2014-03-10 13:18:49,anonymous,result plot from OM(Edit),ok
2612,testmotor_3.mo,ticket/2612/testmotor_3.mo,3964,2014-03-10 13:18:02,anonymous,Testmodel for dcpm model,ok
2616,TestCaseBug01.mo,ticket/2616/TestCaseBug01.mo,1675,2014-03-11 14:18:41,anonymous,test case,ok
2616,script.mos,ticket/2616/script.mos,151,2014-03-11 14:18:54,anonymous,test script,ok
2616,trace.txt,ticket/2616/trace.txt,4829,2014-03-11 14:19:04,anonymous,trace result,ok
2627,ClickClickCrash.png,ticket/2627/ClickClickCrash.png,89339,2014-03-20 06:39:17,rfranke,,ok
2627,omeditcommands.log,ticket/2627/omeditcommands.log,3131096,2014-03-19 22:32:51,rfranke,,ok
2627,openmodelica.omc.output.OMEdit,ticket/2627/openmodelica.omc.output.OMEdit,390,2014-03-19 22:33:14,rfranke,,ok
2629,AlgorithmicModel.mo,ticket/2629/AlgorithmicModel.mo,1314,2014-03-18 19:59:09,rfranke,,ok
2641,prova2.mo,ticket/2641/prova2.mo,1757,2014-03-24 16:20:39,ilpaso,model,ok
2641,prova2_res.csv,ticket/2641/prova2_res.csv,62895,2014-03-24 16:20:57,ilpaso,csv result,ok
2643,RecordDefaultValue.mo,ticket/2643/RecordDefaultValue.mo,154,2014-03-31 15:15:34,jfrenkel,,ok
2648,PulseSource.mo,ticket/2648/PulseSource.mo,6477,2014-04-02 13:09:53,vwaurich,,ok
2654,main.log,ticket/2654/main.log,3256782,2014-04-07 20:35:40,Adam Dershowitz,Build fail log file,ok
2658,BraytonCycleTotal.mo,ticket/2658/BraytonCycleTotal.mo,429241,2014-04-08 23:32:51,casella,Save Total file,ok
2661,Example.mo,ticket/2661/Example.mo,2566,2014-04-10 14:06:47,christiankral,Example demonstrates the issue,ok
2663,OM_Bug_01.mo,ticket/2663/OM_Bug_01.mo,492,2014-04-11 17:12:35,anonymous,example for the bug,ok
2663,trace.txt,ticket/2663/trace.txt,586,2014-04-11 17:12:53,anonymous,trace,ok
2664,SimpleTest.mo,ticket/2664/SimpleTest.mo,1080,2014-04-13 13:28:45,adeas31,,ok
2664,script.mos,ticket/2664/script.mos,362,2014-04-13 13:28:56,adeas31,,ok
2664,test.mo,ticket/2664/test.mo,835,2014-04-13 13:28:51,adeas31,,ok
2664,test_res.mat,ticket/2664/test_res.mat,23091,2020-01-02 13:11:46,Karim.Abdelhak,,ok
2664,test_res.png,ticket/2664/test_res.png,16548,2020-01-02 13:11:35,Karim.Abdelhak,,ok
2667,Model.mo,ticket/2667/Model.mo,216,2014-04-16 06:12:10,tmtuomas,,ok
2667,Model.mos,ticket/2667/Model.mos,137,2014-04-16 06:12:23,tmtuomas,,ok
2673,Test2.mo,ticket/2673/Test2.mo,1171,2014-04-24 16:59:51,andrea.bartolini,test case,ok
2673,Test2Screenshot.png,ticket/2673/Test2Screenshot.png,126143,2014-04-24 17:00:26,anonymous,test result plot,ok
2676,Example.zip,ticket/2676/Example.zip,1494,2014-04-24 15:51:20,Arnaud_Epsilon,package trouble with OMEdit,ok
2678,ExtObj.zip,ticket/2678/ExtObj.zip,807,2014-04-30 09:25:51,federico.terraneo,Testcase that triggers the bug,ok
2679,Dymola.png,ticket/2679/Dymola.png,7845,2014-04-30 10:57:48,adeas31,,ok
2679,OMPlot.png,ticket/2679/OMPlot.png,37978,2014-04-30 10:56:44,adeas31,,ok
2679,WSM.png,ticket/2679/WSM.png,2689,2014-04-30 10:57:59,adeas31,,ok
2681,example.mo,ticket/2681/example.mo,1167,2014-05-02 09:03:26,AndreasHofmann,,ok
2685,example.mo,ticket/2685/example.mo,3421,2014-05-07 09:18:33,anonymous,,ok
2686,example2.mo,ticket/2686/example2.mo,3452,2014-05-07 11:37:39,anonymous,,ok
2693,F1_2009.mo,ticket/2693/F1_2009.mo,3627,2014-05-14 13:33:16,anonymous,,ok
2693,FrontSuspension.mo,ticket/2693/FrontSuspension.mo,4236,2014-05-14 13:33:55,anonymous,,ok
2693,KinematicsTest.mo,ticket/2693/KinematicsTest.mo,561,2014-05-14 13:34:08,anonymous,,ok
2693,SetupCalculation.2.mat,ticket/2693/SetupCalculation.2.mat,9765735,2014-05-14 13:32:09,anonymous,,ok
2693,SetupCalculation.mat,ticket/2693/SetupCalculation.mat,9765735,2014-05-14 13:31:53,anonymous,,ok
2693,SpringDamperARB_4.mo,ticket/2693/SpringDamperARB_4.mo,10694,2014-05-14 13:33:06,anonymous,,ok
2693,SuspensionMechanism.mo,ticket/2693/SuspensionMechanism.mo,1002,2014-05-14 13:33:44,anonymous,,ok
2693,SuspensionTest.mat,ticket/2693/SuspensionTest.mat,6747953,2014-05-14 13:34:37,anonymous,,ok
2695,TestTILMediaOSMC.zip,ticket/2695/TestTILMediaOSMC.zip,3758,2014-05-16 14:32:37,DaSilva,TestGas_error can not be translated,ok
2696,1.png,ticket/2696/1.png,4157,2014-05-19 12:20:18,ceraolo,,ok
2696,2.png,ticket/2696/2.png,4242,2014-05-19 12:20:28,ceraolo,,ok
2696,plot.png,ticket/2696/plot.png,5112,2014-05-18 17:04:53,ceraolo,,ok
2701,main.log,ticket/2701/main.log,2747988,2014-05-20 23:29:14,Adam Dershowitz,Build fail log file,ok
2706,DependencyWalker.PNG,ticket/2706/DependencyWalker.PNG,69800,2014-05-27 13:31:30,joohnycz,,ok
2714,bar.mo,ticket/2714/bar.mo,344,2014-06-02 10:28:17,AndreasHofmann,,ok
2714,foo.mo,ticket/2714/foo.mo,529,2014-06-02 10:28:11,AndreasHofmann,,ok
2716,Capture.PNG,ticket/2716/Capture.PNG,45033,2014-06-05 04:49:44,sanjay9591,Snapshot of the OMEdit script,ok
2717,RoomCO2.mo,ticket/2717/RoomCO2.mo,1611,2014-06-06 09:38:49,anonymous,,ok
2719,Houses6.mo,ticket/2719/Houses6.mo,3128493,2014-06-08 14:15:21,kkanso,,ok
2719,Test.mo,ticket/2719/Test.mo,5680,2014-06-08 14:13:16,kkanso,,ok
2719,Test2.mo,ticket/2719/Test2.mo,2979,2014-06-08 14:13:33,kkanso,,ok
2719,Test3.mo,ticket/2719/Test3.mo,2990,2014-06-08 14:13:50,kkanso,,ok
2720,ExtObj.zip,ticket/2720/ExtObj.zip,873,2014-06-09 09:19:24,federico.terraneo,Simplified example that triggers the bug,ok
2726,foobar.mo,ticket/2726/foobar.mo,1184,2014-06-12 14:48:35,AndreasHofmann,,ok
2738,ActuatorLinearSystemsNoise.mo,ticket/2738/ActuatorLinearSystemsNoise.mo,109605,2014-06-25 14:25:16,sjoelund.se,,ok
2739,ComparePSD.mo,ticket/2739/ComparePSD.mo,16154,2014-06-25 15:04:55,sjoelund.se,,ok
2742,CheckContactCalculation.mo,ticket/2742/CheckContactCalculation.mo,32251,2014-06-30 17:16:58,sjoelund.se,,ok
2742,ConventionalAutomaticVehicleExternalDriver.mo,ticket/2742/ConventionalAutomaticVehicleExternalDriver.mo,105758,2014-06-30 17:09:33,sjoelund.se,,ok
2745,omc.fail.txt,ticket/2745/omc.fail.txt,1521966,2014-07-02 16:44:40,bitelxux,omc-bootstrap output,ok
2745,system2.mo,ticket/2745/system2.mo,1400,2014-07-03 10:52:46,perost,Minimal model of System2,ok
2746,tiny.fmu,ticket/2746/tiny.fmu,811021,2014-07-03 22:10:44,ceraolo,The FMU of tiny,ok
2749,Test1Total.mo,ticket/2749/Test1Total.mo,121149,2014-07-10 12:50:40,lochel,,ok
2751,total.mo,ticket/2751/total.mo,14685,2014-10-06 11:52:23,sjoelund.se,,ok
2752,simulationTotal.mo,ticket/2752/simulationTotal.mo,25235,2014-07-16 11:00:35,lochel,,ok
2756,AC_OM_NonWorking.mo,ticket/2756/AC_OM_NonWorking.mo,14002,2014-10-14 08:21:31,ceraolo,,ok
2756,AC_OM_Working.mo,ticket/2756/AC_OM_Working.mo,13971,2014-10-14 08:21:22,ceraolo,,ok
2756,AutoCreateBug.mo,ticket/2756/AutoCreateBug.mo,14075,2014-07-18 15:51:47,ceraolo,,ok
2761,system2.mo,ticket/2761/system2.mo,867,2014-08-18 14:11:18,perost,Minimal model for Buildings.Examples.Tutorial.Boiler.System2.,ok
2762,boehm-gc.suppressions,ticket/2762/boehm-gc.suppressions,11699,2014-07-29 09:17:06,sjoelund.se,,ok
2766,main.log,ticket/2766/main.log,2958080,2014-07-29 15:32:08,Adam Dershowitz,,ok
2767,DIC.mo,ticket/2767/DIC.mo,292,2014-09-22 22:41:41,adeas31,,ok
2776,Calculations.mo,ticket/2776/Calculations.mo,26694,2014-08-11 06:14:35,rfranke,,ok
2776,Calculations_PumpEfficiencyMeter.fmu,ticket/2776/Calculations_PumpEfficiencyMeter.fmu,130778,2014-08-11 06:15:53,rfranke,the FMU 1.0 exported from Calculations.PumpEfficiencyMeter,ok
2777,VarPlot.pdf,ticket/2777/VarPlot.pdf,86214,2015-01-19 16:21:58,ceraolo,,ok
2777,r1plots.pdf,ticket/2777/r1plots.pdf,378456,2014-08-11 15:35:54,anonymous,,ok
2781,AutoCreateWork_Test32rt.fmu,ticket/2781/AutoCreateWork_Test32rt.fmu,932460,2014-08-20 09:14:33,ceraolo,,ok
2781,output.docx,ticket/2781/output.docx,107822,2014-08-20 09:14:50,ceraolo,,ok
2783,TestEncapsulated.mo,ticket/2783/TestEncapsulated.mo,1509,2014-08-22 06:38:43,AndreasHofmann,,ok
2788,SimpleEngine.mo,ticket/2788/SimpleEngine.mo,2457,2014-08-23 23:45:53,anonymous,,ok
2788,Test.SimpleEngine_pass.Req.png,ticket/2788/Test.SimpleEngine_pass.Req.png,46743,2014-08-25 09:36:02,lochel,,ok
2792,Rectifier.png,ticket/2792/Rectifier.png,14649,2014-11-02 11:08:07,ceraolo,,ok
2792,floating_connection.png,ticket/2792/floating_connection.png,3805,2014-08-26 14:32:06,Christian Kral,"The attached file shows a free floating connection line, which ist not attached to connectors any more",ok
2798,omeditcommands.2.log,ticket/2798/omeditcommands.2.log,2858267,2014-09-01 20:57:50,anonymous,,ok
2798,omeditcommands.3.log,ticket/2798/omeditcommands.3.log,2920872,2014-09-04 15:53:17,andrea.bartolini,,ok
2798,omeditcommands.log,ticket/2798/omeditcommands.log,2858267,2014-09-01 20:57:29,anonymous,,ok
2798,openmodelica.omc.output.2.OMEdit,ticket/2798/openmodelica.omc.output.2.OMEdit,218,2014-09-04 15:53:31,andrea.bartolini,,ok
2798,openmodelica.omc.output.OMEdit,ticket/2798/openmodelica.omc.output.OMEdit,209,2014-09-01 20:58:10,anonymous,,ok
2798,openmodelica.stacktrace.2.OMEdit,ticket/2798/openmodelica.stacktrace.2.OMEdit,2924,2014-09-04 15:53:41,andrea.bartolini,,ok
2798,openmodelica.stacktrace.OMEdit,ticket/2798/openmodelica.stacktrace.OMEdit,306,2014-09-01 20:57:06,markus.morawitz,,ok
2803,inertia.pdf,ticket/2803/inertia.pdf,3140,2014-09-05 14:20:14,dietmarw,"generated by magemagick, cairosvg, rsvg-convert",ok
2803,inertia2.pdf,ticket/2803/inertia2.pdf,6872,2014-09-05 14:17:41,dietmarw,generated by inkscape,ok
2803,intertia.pdf,ticket/2803/intertia.pdf,6872,2014-09-05 14:19:19,dietmarw,"generated by magemagick, cairosvg, rsvg-convert",ok
2810,bug2810.mo,ticket/2810/bug2810.mo,706,2014-09-09 12:22:32,perost,,ok
2818,RLD.mo,ticket/2818/RLD.mo,1714,2014-09-12 13:20:42,ceraolo,,ok
2823,SimCodeUtil.mo.diff,ticket/2823/SimCodeUtil.mo.diff,1089,2014-09-17 13:00:20,perost,,ok
2831,ExcelReader.c,ticket/2831/ExcelReader.c,1311,2014-09-22 09:32:29,perost,,ok
2831,ExcelReaderTest.mo,ticket/2831/ExcelReaderTest.mo,1673,2014-09-22 09:32:22,perost,,ok
2849,BugInnerOuterOutput.mo,ticket/2849/BugInnerOuterOutput.mo,281,2014-09-29 15:58:46,bthiele,,ok
2850,TestPartial.Test3.png,ticket/2850/TestPartial.Test3.png,11113,2014-10-06 16:24:36,adeas31,,ok
2850,TestPartial.mo,ticket/2850/TestPartial.mo,4169,2014-09-29 18:48:28,Adam Dershowitz,Test Case showing wrong icon,ok
2850,TestPartialNew.mo,ticket/2850/TestPartialNew.mo,4249,2014-10-06 16:21:22,adeas31,,ok
2850,TestPartialUpdated.mo,ticket/2850/TestPartialUpdated.mo,4303,2014-10-06 01:58:32,adeas31,,ok
2858,TestMixtureLoop.mo,ticket/2858/TestMixtureLoop.mo,3082,2015-04-13 15:49:57,casella,Model with four different ways of using molar masses,ok
2862,a.mo,ticket/2862/a.mo,6832,2014-10-06 09:41:58,sjoelund.se,,ok
2863,TransformerTotal.mo,ticket/2863/TransformerTotal.mo,187379,2014-10-06 10:06:01,adrpo,,ok
2865,server.py,ticket/2865/server.py,1665,2014-10-08 14:28:55,sjoelund.se,,ok
2865,test.py,ticket/2865/test.py,480,2014-10-08 14:29:04,sjoelund.se,,ok
2875,Compilation error.zip,ticket/2875/Compilation error.zip,3388,2014-10-07 17:49:21,andreabr,Compilation errors + model,ok
2878,bug_2878.tar.gz,ticket/2878/bug_2878.tar.gz,1733,2014-10-09 00:44:19,alexander_rusako,mo and mos file to reproduce crash,ok
2884,ExecStatScaling.png,ticket/2884/ExecStatScaling.png,88853,2014-10-14 05:36:04,marcusw,HPCOM-Jenkins benchmark,ok
2888,FalseIterationVar.zip,ticket/2888/FalseIterationVar.zip,1512,2014-10-14 16:26:00,c.schulze,example package,ok
2895,MixtureIncompressibleLiquid.mo,ticket/2895/MixtureIncompressibleLiquid.mo,20088,2014-10-16 07:09:05,andreabra,New medium package,ok
2895,MultiSubstanceLiquid.mo,ticket/2895/MultiSubstanceLiquid.mo,5506,2014-10-16 07:57:10,andreabr,Model,ok
2895,TestOfMediumPipelineOil.mo,ticket/2895/TestOfMediumPipelineOil.mo,472,2014-10-16 07:09:43,andreabr,Test of my medium,ok
2899,EquationCount.mo,ticket/2899/EquationCount.mo,2234,2015-01-20 07:30:17,ceraolo,,ok
2899,TestModelTotal.mo,ticket/2899/TestModelTotal.mo,46872,2014-10-16 13:34:42,karinh,test model for expandable connectors,ok
2901,ConductorSteadyStateTransient.png,ticket/2901/ConductorSteadyStateTransient.png,37888,2014-10-16 15:29:23,mwetter,Results of Dymola (top) and OpenModelica (bottom),ok
2902,Example.2.mo,ticket/2902/Example.2.mo,5316,2014-10-17 09:06:47,anonymous,Run this example. Thanks,ok
2902,Example.3.mo,ticket/2902/Example.3.mo,5316,2014-10-17 09:06:51,anonymous,Run this example. Thanks,ok
2902,Example.mo,ticket/2902/Example.mo,5316,2014-10-17 09:06:44,anonymous,Run this example. Thanks,ok
2905,omc-diffalgorithm.svg,ticket/2905/omc-diffalgorithm.svg,339769,2015-06-24 11:50:51,sjoelund.se,,ok
2910,Bug_Modelica.png,ticket/2910/Bug_Modelica.png,196216,2014-10-18 11:42:05,anonymous,,ok
2912,Modele_stockage_Pia.Tests_2.Tests_composants.Test_KO_05evt.c,ticket/2912/Modele_stockage_Pia.Tests_2.Tests_composants.Test_KO_05evt.c,16654,2014-10-20 09:49:04,anonymous,,ok
2912,Modele_stockage_Pia.mo,ticket/2912/Modele_stockage_Pia.mo,44407,2014-10-20 09:48:14,anonymous,,ok
2917,script.mos,ticket/2917/script.mos,816,2014-10-20 18:06:29,adeas31,,ok
2930,CauerLowPass.pdf,ticket/2930/CauerLowPass.pdf,22083,2014-10-24 20:14:11,Adam Dershowitz,,ok
2930,CauerLowPass.tiff,ticket/2930/CauerLowPass.tiff,44802,2014-10-24 20:14:52,Adam Dershowitz,,ok
2930,CauerLowPassNew.pdf,ticket/2930/CauerLowPassNew.pdf,14424,2014-11-16 02:19:43,adeas31,,ok
2930,print.pdf,ticket/2930/print.pdf,11495,2014-11-16 22:17:18,adeas31,,ok
2934,FunctionPkg.zip,ticket/2934/FunctionPkg.zip,5189,2014-10-27 18:29:06,Christian Schulze,Example,ok
2942,WaterHammerValve.mo,ticket/2942/WaterHammerValve.mo,6939,2014-10-30 11:01:22,andreabrambilla82,water-hammer setup: works with Beta2 but not with Beta4,ok
2943,nosave-2943.mos,ticket/2943/nosave-2943.mos,893,2014-10-31 13:18:57,adeas31,,ok
2946,EventExamples.mo,ticket/2946/EventExamples.mo,1165,2014-10-31 14:19:52,lochel,,ok
2946,EventExamples_Dymola.png,ticket/2946/EventExamples_Dymola.png,20377,2014-10-31 14:20:08,lochel,,ok
2946,EventExamples_OM.png,ticket/2946/EventExamples_OM.png,49864,2014-10-31 14:20:02,lochel,,ok
2956,Rectifier.png,ticket/2956/Rectifier.png,14649,2014-11-03 15:07:53,adeas31,,ok
2960,SMAChopper.mo,ticket/2960/SMAChopper.mo,4914,2016-11-27 11:45:41,ceraolo,,ok
2960,Test35s.mo,ticket/2960/Test35s.mo,192835,2016-12-10 21:06:03,ceraolo,,ok
2960,TestCrash.mo,ticket/2960/TestCrash.mo,12873,2016-12-10 13:38:45,ceraolo,,ok
2961,HeatLosses_event.PNG,ticket/2961/HeatLosses_event.PNG,54324,2014-11-04 14:41:34,ptaeuber,,ok
2962,transformer1.l2sigma.inductor[1].i_Rectifier6pulse_diff_file.PNG,ticket/2962/transformer1.l2sigma.inductor[1].i_Rectifier6pulse_diff_file.PNG,110702,2014-11-04 15:09:59,ptaeuber,,ok
2962,transformer1.l2sigma.inductor[3].i_Rectifier12pulse_diff_file.PNG,ticket/2962/transformer1.l2sigma.inductor[3].i_Rectifier12pulse_diff_file.PNG,100211,2014-11-04 15:10:25,ptaeuber,,ok
2962,transformer1.l2sigma.inductor[3].i_Rectifier6pulse_diff_file.PNG,ticket/2962/transformer1.l2sigma.inductor[3].i_Rectifier6pulse_diff_file.PNG,109872,2014-11-04 15:10:13,ptaeuber,,ok
2963,OMCFailureProvoking.mo,ticket/2963/OMCFailureProvoking.mo,719,2014-11-05 09:03:42,andreas.hofmann7,example model,ok
2965,2015_OM Workshop_State Machines_Bernhard Thiele.pdf,ticket/2965/2015_OM Workshop_State Machines_Bernhard Thiele.pdf,491554,2015-02-06 17:42:36,bthiele,,ok
2966,Bug2966.mos,ticket/2966/Bug2966.mos,502,2014-11-06 02:32:18,adeas31,,ok
2978,m3d-fix.diff,ticket/2978/m3d-fix.diff,16201,2015-01-08 19:35:02,james.goppert,m3d patch to fix state record,ok
2991,ellipse.png,ticket/2991/ellipse.png,2808,2014-11-18 12:33:40,janK,,ok
2994,M.2.mo,ticket/2994/M.2.mo,1298,2014-11-30 20:35:58,janK,updated model file,ok
2994,M.mo,ticket/2994/M.mo,1110,2014-11-30 13:45:53,adeas31,,ok
2994,script.mos,ticket/2994/script.mos,288,2014-11-30 13:46:00,adeas31,,ok
2996,test.mo,ticket/2996/test.mo,3488,2014-11-22 16:11:30,ceraolo,,ok
3004,OmOptim01.png,ticket/3004/OmOptim01.png,122525,2014-11-26 14:08:40,Christian Kral,Screenshot of OMOptim,ok
3004,SimpleOpt.mo,ticket/3004/SimpleOpt.mo,2523,2014-11-26 14:09:16,Christian Kral,Modelica optimization problem in two parameters,ok
3015,Inertia_plot.png,ticket/3015/Inertia_plot.png,23853,2016-04-12 15:00:31,dersh,,ok
3015,SanityCheckFail.mo,ticket/3015/SanityCheckFail.mo,6577,2016-04-13 10:32:13,adeas31,,ok
3015,TestTurboJetInertia_edit.mo,ticket/3015/TestTurboJetInertia_edit.mo,6026,2016-04-12 16:44:24,dersh,,ok
3015,TestTurboJetInertia_edit_OK.mo,ticket/3015/TestTurboJetInertia_edit_OK.mo,6458,2016-04-12 16:44:09,dersh,,ok
3020,Code.zip,ticket/3020/Code.zip,212992,2014-12-08 14:37:19,anonymous,"Original and modified ""interactive.mo"" file",ok
3022,main.2.log,ticket/3022/main.2.log,2605402,2014-12-09 22:18:00,anonymous,,ok
3022,main.log,ticket/3022/main.log,2605402,2014-12-09 22:17:56,anonymous,,ok
3026,Bug3026.mo,ticket/3026/Bug3026.mo,789,2014-12-11 00:50:33,adeas31,,ok
3026,Bug3026.mos,ticket/3026/Bug3026.mos,73,2014-12-11 00:50:38,adeas31,,ok
3028,plant.mo,ticket/3028/plant.mo,1369,2014-12-15 01:20:51,Ravi Saripalli,,ok
3028,plant.mos,ticket/3028/plant.mos,2277,2014-12-15 01:21:07,Ravi Saripalli,,ok
3030,config.log,ticket/3030/config.log,102582,2014-12-13 00:59:47,Adam Dershowitz,Configure log,ok
3031,Output.png,ticket/3031/Output.png,26532,2014-12-13 09:48:36,ceraolo,,ok
3031,RLC.fmu,ticket/3031/RLC.fmu,806194,2014-12-13 09:48:24,ceraolo,,ok
3031,RLC.mo,ticket/3031/RLC.mo,1707,2014-12-13 09:48:15,ceraolo,,ok
3033,Foo.mo,ticket/3033/Foo.mo,102,2014-12-15 19:31:50,rfranke,,ok
3033,screenshot.png,ticket/3033/screenshot.png,56959,2014-12-15 19:01:28,adeas31,,ok
3037,ThermoS.zip,ticket/3037/ThermoS.zip,20336,2014-12-17 00:52:53,Ravi Saripalli,,ok
3037,gdb-omc.txt.gz,ticket/3037/gdb-omc.txt.gz,1759949,2014-12-19 06:01:31,Ravi Saripalli,Debug Trace File,ok
3037,plant.2.mo,ticket/3037/plant.2.mo,779,2014-12-17 04:44:58,Ravi Saripalli,"Correct Version of ""plant.mo""",ok
3037,plant.2.mos,ticket/3037/plant.2.mos,1703,2014-12-17 04:46:41,Ravi Saripalli,"Correct version of ""plant.mos""",ok
3037,plant.mo,ticket/3037/plant.mo,689,2014-12-17 00:53:45,Ravi Saripalli,,ok
3037,plant.mos,ticket/3037/plant.mos,1701,2014-12-17 00:53:26,Ravi Saripalli,,ok
3045,sparkGeneration.mo,ticket/3045/sparkGeneration.mo,3948,2014-12-19 16:55:25,anonymous,,ok
3050,Test.mo,ticket/3050/Test.mo,907,2014-12-23 08:09:29,anonymous,Simple exponential decay model,ok
3056,CMakeCache.txt,ticket/3056/CMakeCache.txt,33134,2015-03-11 14:33:17,Adam Dershowitz,,ok
3056,main.2.log,ticket/3056/main.2.log,3709642,2015-03-11 19:51:12,Adam Dershowitz,Build log with new flag,ok
3056,main.log,ticket/3056/main.log,154330,2014-12-30 15:46:40,Adam Dershowitz,,ok
3056,proc3d.dir.zip,ticket/3056/proc3d.dir.zip,34588,2015-03-11 14:58:03,Adam Dershowitz,/3rdParty/modelica3d/build/lib/proc3d/CMakeFiles/proc3d.dir,ok
3056,trace.txt,ticket/3056/trace.txt,869646,2015-03-11 14:20:19,Adam Dershowitz,"Trace file, as suggested",ok
3061,main.log,ticket/3061/main.log,496328,2015-01-06 18:14:12,cxh,output of port install openmodelica-devel +libraries +clang -qt,ok
3067,valgrind-trace-once.txt,ticket/3067/valgrind-trace-once.txt,2289738,2015-03-14 21:52:08,adrpo,running valgrind on odc running source drumboiler_sp.tcl just once and then exit,ok
3067,valgrind-trace.txt,ticket/3067/valgrind-trace.txt,962279,2015-03-14 21:27:53,adrpo,,ok
3070,TestRandomFeatures.mo,ticket/3070/TestRandomFeatures.mo,85237,2015-01-11 11:21:33,martin.otter,,ok
3073,Test.2.zip,ticket/3073/Test.2.zip,1492,2015-01-13 05:20:04,Ravi Saripalli,Zipped archive of illustration code,ok
3073,Test.3.zip,ticket/3073/Test.3.zip,1492,2015-01-13 05:21:00,Ravi Saripalli,source to illustrate the bug,ok
3073,Test.zip,ticket/3073/Test.zip,1492,2015-01-13 05:19:53,Ravi Saripalli,Zipped archive of illustration code,ok
3074,TestAssert.mo,ticket/3074/TestAssert.mo,915,2015-01-13 23:14:42,casella,Library with test cases,ok
3076,ArrayBug.mo,ticket/3076/ArrayBug.mo,1717,2015-01-15 15:34:42,stuchl4n3k,Buggy model package,ok
3079,trace.png,ticket/3079/trace.png,106825,2015-01-16 12:59:53,lochel,,ok
3088,CentrifugalPumpTotal.zip,ticket/3088/CentrifugalPumpTotal.zip,165113,2015-01-19 22:39:24,casella,Save Total file,ok
3089,Ancillary_StartValues.mo,ticket/3089/Ancillary_StartValues.mo,231792,2015-05-12 09:29:43,A.Taeschner,Extremely reduced test case based on HelmholtzMedia.Examples.ConvergenceTest.Ancillary_StartValues,ok
3089,CentrifugalPumpTotal.zip,ticket/3089/CentrifugalPumpTotal.zip,165113,2015-01-19 22:53:21,casella,Save Total file,ok
3089,MiniMedium.zip,ticket/3089/MiniMedium.zip,1044,2015-04-09 09:11:01,m.thorade,very simple Medium with record of records,ok
3089,test.mos,ticket/3089/test.mos,190,2015-04-10 17:12:57,casella,mos script for omc,ok
3090,OMEdit.TextOfMenus&Windows.pdf,ticket/3090/OMEdit.TextOfMenus&Windows.pdf,558199,2015-01-20 01:55:55,anonymous,,ok
3093,WasteWater_MSL_3.2.1.zip,ticket/3093/WasteWater_MSL_3.2.1.zip,577934,2015-01-22 12:43:42,sjoelund.se,,ok
3094,Test.mo,ticket/3094/Test.mo,5648,2015-01-22 16:59:20,Adam Dershowitz,,ok
3100,main.log,ticket/3100/main.log,2363681,2015-01-26 10:46:38,jeroen.bergmans,,ok
3102,testIF97CSE.mos,ticket/3102/testIF97CSE.mos,1919,2016-05-16 17:14:05,casella,.mos file with IF97 CSE test cases,ok
3104,TestST3LRh_bypassTotal-update1.zip,ticket/3104/TestST3LRh_bypassTotal-update1.zip,119089,2015-01-29 10:07:06,casella,Updated Save Total,ok
3104,TestST3LRh_bypassTotal.zip,ticket/3104/TestST3LRh_bypassTotal.zip,119031,2015-01-27 11:46:57,casella,Save Total file,ok
3104,test-update1.mos,ticket/3104/test-update1.mos,247,2015-01-29 10:07:26,casella,Updated test script,ok
3104,test.mos,ticket/3104/test.mos,229,2015-01-27 11:47:19,casella,Test script,ok
3110,main.log,ticket/3110/main.log,2707234,2015-01-28 19:43:15,Adam Dershowitz,,ok
3111,TestWaterFlow1DFEM_D_small.mo,ticket/3111/TestWaterFlow1DFEM_D_small.mo,168,2015-10-09 17:39:12,casella,.mo file of the test case (needs ThermoPower),ok
3111,test3.zip,ticket/3111/test3.zip,269183,2015-10-09 17:39:36,casella,Zipped log file,ok
3112,test.mos,ticket/3112/test.mos,451,2015-01-29 12:27:46,perost,,ok
3118,tearing.txt,ticket/3118/tearing.txt,10238,2015-07-16 09:17:35,casella,Dump of simcode,ok
3121,bug.log,ticket/3121/bug.log,1046864,2015-01-30 14:38:54,anonymous,,ok
3124,properties.png,ticket/3124/properties.png,9984,2015-02-01 12:09:14,adeas31,,ok
3136,main.log,ticket/3136/main.log,3313737,2015-02-05 17:46:44,Adam Dershowitz,,ok
3143,testbug.mo,ticket/3143/testbug.mo,516,2015-03-23 09:23:12,Arno_Epsilon,Test case,ok
3147,gcc-4.8.2.txt,ticket/3147/gcc-4.8.2.txt,1815,2015-02-14 00:04:58,adrpo,,ok
3147,gcc-4.9.2.txt,ticket/3147/gcc-4.9.2.txt,1880,2015-02-14 00:05:09,adrpo,,ok
3147,openmodelica-r24582-gcc4.9-flags.patch,ticket/3147/openmodelica-r24582-gcc4.9-flags.patch,475,2015-02-15 09:42:07,Stefan Hoelldampf,openmodelica-r24582-gcc4.9-flags.patch (does not fix the problem!),ok
3148,test.mo,ticket/3148/test.mo,64,2015-02-10 09:58:02,jansilar,,ok
3151,PMeterTestWithIO.mo,ticket/3151/PMeterTestWithIO.mo,1612,2015-02-17 17:59:50,rfranke,,ok
3154,openmodelica_24555_OMOptim_clang.log,ticket/3154/openmodelica_24555_OMOptim_clang.log,10962,2015-02-12 18:25:31,Stefan Hoelldampf,,ok
3166,MultilineEncodingDOS.mo,ticket/3166/MultilineEncodingDOS.mo,262,2015-02-20 05:04:24,anonymous,,ok
3167,Test6Total.mo,ticket/3167/Test6Total.mo,25694,2015-02-20 10:11:05,lochel,,ok
3170,BouncingBallFMI20.log,ticket/3170/BouncingBallFMI20.log,25844,2015-12-23 15:17:53,cxh,Output of running omc,ok
3170,configureMake.log,ticket/3170/configureMake.log,65586,2015-12-23 15:19:13,cxh,Output of running make and configure,ok
3175,log,ticket/3175/log,2746678,2015-02-24 22:40:25,crupp,LOG_NLS_V output,ok
3178,stmt.mo,ticket/3178/stmt.mo,885,2015-02-25 15:25:31,perost,,ok
3180,PowerSystems.Examples.Network.NetworkLoop_info.json,ticket/3180/PowerSystems.Examples.Network.NetworkLoop_info.json,320230,2015-02-27 17:01:13,rfranke,,ok
3184,arrTest.mo,ticket/3184/arrTest.mo,917,2015-03-03 09:40:20,vwaurich,,ok
3196,OMEdit_Vectorization.png,ticket/3196/OMEdit_Vectorization.png,135159,2015-03-09 05:48:52,rfranke,,ok
3197,Option in OMEdite for dyn. optimization.JPG,ticket/3197/Option in OMEdite for dyn. optimization.JPG,28052,2015-03-09 20:31:36,vitalij,It would be nice to have setups like,ok
3207,omedit-debugger-records.png,ticket/3207/omedit-debugger-records.png,441571,2015-03-10 08:32:43,sjoelund.se,,ok
3222,Icon.mo,ticket/3222/Icon.mo,794,2015-03-15 15:22:22,Christian Kral,,ok
3223,ComplexBlockExample.mo,ticket/3223/ComplexBlockExample.mo,508,2015-03-15 15:31:55,Christian Kral,,ok
3230,3230.diff,ticket/3230/3230.diff,7125,2015-03-17 19:31:15,lochel,,ok
3238,FMU2.tgz,ticket/3238/FMU2.tgz,13406,2015-03-20 06:12:01,rfranke,,ok
3243,valgrind-HelloFMI20WorldEvent_me_FMU-trace.txt,ticket/3243/valgrind-HelloFMI20WorldEvent_me_FMU-trace.txt,44439,2015-03-23 22:09:15,adrpo,,ok
3244,NoExpandAssignments.patch,ticket/3244/NoExpandAssignments.patch,1475074,2015-03-24 12:29:19,mahge930,Patch file with the changes,ok
3248,screen1.png,ticket/3248/screen1.png,157821,2015-03-27 17:14:49,ceraolo,,ok
3248,screen2.png,ticket/3248/screen2.png,153828,2015-03-27 17:15:01,ceraolo,,ok
3249,valgrind-trace.txt,ticket/3249/valgrind-trace.txt,14186,2015-03-29 18:27:28,adrpo,,ok
3252,Cryogenics_Test_SmoothSat.c,ticket/3252/Cryogenics_Test_SmoothSat.c,1816361,2015-03-30 22:12:52,casella,C file generated by omc,ok
3252,SmoothSatTotal.mo,ticket/3252/SmoothSatTotal.mo,17873,2017-11-14 21:43:43,casella,Save Total file,ok
3254,M.mos,ticket/3254/M.mos,480,2015-03-31 21:03:46,adeas31,,ok
3255,C.mo,ticket/3255/C.mo,171,2015-04-01 00:29:33,adeas31,,ok
3255,C.mos,ticket/3255/C.mos,84,2015-04-01 00:29:44,adeas31,,ok
3259,p1.zip,ticket/3259/p1.zip,899,2015-04-01 09:51:35,adeas31,,ok
3260,TestCopy.mo,ticket/3260/TestCopy.mo,114,2015-04-02 15:26:56,ceraolo,,ok
3260,TestSave.2.mo,ticket/3260/TestSave.2.mo,22520,2015-04-02 15:28:29,ceraolo,,ok
3260,TestSave.3.mo,ticket/3260/TestSave.3.mo,4435,2015-04-02 15:32:49,ceraolo,,ok
3260,TestSave.mo,ticket/3260/TestSave.mo,22520,2015-04-02 15:26:45,ceraolo,,ok
3274,test10.mo,ticket/3274/test10.mo,1937,2015-04-12 11:23:22,anonymous,,ok
3274,test11.mo,ticket/3274/test11.mo,1839,2016-03-25 19:54:54,rfranke,,ok
3277,DFT.pdf,ticket/3277/DFT.pdf,278490,2015-04-13 18:31:42,ceraolo,,ok
3280,RecordArraySizeFromConstant-flat.mo,ticket/3280/RecordArraySizeFromConstant-flat.mo,87316,2015-04-13 21:12:26,gustaf,Flattening of test case,ok
3287,TestMultipleComponents.mo,ticket/3287/TestMultipleComponents.mo,1144,2015-04-20 10:28:56,casella,,ok
3287,TestMultipleComponents2.mo,ticket/3287/TestMultipleComponents2.mo,1164,2015-04-20 10:33:00,casella,,ok
3296,omeditcommands.mos,ticket/3296/omeditcommands.mos,155,2015-04-28 19:49:10,Zbigniew.Wolanski,,ok
3296,omeditcommunication.log,ticket/3296/omeditcommunication.log,326,2015-04-28 19:51:40,Zbigniew.Wolanski,These attachments are from one of the Windows 7 PCs exhibiting the crash,ok
3296,openmodelica.stacktrace.2.OMEdit,ticket/3296/openmodelica.stacktrace.2.OMEdit,1662,2015-04-28 19:46:28,anonymous,,ok
3296,openmodelica.stacktrace.3.OMEdit,ticket/3296/openmodelica.stacktrace.3.OMEdit,1662,2015-04-28 19:52:48,Zbigniew.Wolanski,,ok
3296,openmodelica.stacktrace.OMEdit,ticket/3296/openmodelica.stacktrace.OMEdit,1662,2015-04-28 18:01:40,adeas31,,ok
3298,main.log,ticket/3298/main.log,702564,2015-04-28 17:09:07,dersh,,ok
3300,TestRecordInConnector.mo,ticket/3300/TestRecordInConnector.mo,1295,2015-04-29 14:00:03,c.schulze,test package,ok
3302,TestRecordInConnector.mo,ticket/3302/TestRecordInConnector.mo,1441,2015-04-29 16:23:08,c.schulze,test package,ok
3303,testcase.mo,ticket/3303/testcase.mo,396,2015-05-01 18:23:32,torsten.knodt+org.openmodelica,Model failing to compile,ok
3307,MIMO.mo,ticket/3307/MIMO.mo,1429,2015-05-04 22:01:14,mwetter,test model to reproduce the error,ok
3312,main.log,ticket/3312/main.log,5023780,2015-05-09 21:32:39,dersh,,ok
3313,gdb.txt,ticket/3313/gdb.txt,36179,2015-05-10 13:40:19,adrpo,,ok
3316,CAM00331.jpg,ticket/3316/CAM00331.jpg,2197339,2015-05-14 10:05:37,casella,,ok
3316,CAM00332.jpg,ticket/3316/CAM00332.jpg,1332088,2015-05-14 10:05:51,casella,,ok
3322,openmodelica_1.9.4~dev-130-gc9cf556-1_i386-20151002-1200.build,ticket/3322/openmodelica_1.9.4~dev-130-gc9cf556-1_i386-20151002-1200.build,1593389,2015-10-05 08:31:29,sjoelund.se,15.10 failed build (using older clang),ok
3329,FlexBeamPackage.mo,ticket/3329/FlexBeamPackage.mo,16754,2015-05-22 15:40:26,bruno,Modelica code,ok
3329,dump.txt,ticket/3329/dump.txt,900025,2015-05-22 15:39:58,bruno,omc dump,ok
3340,OMCBug.mo,ticket/3340/OMCBug.mo,789,2015-05-26 06:41:10,fixed-term.Sven.Baetzing,,ok
3342,main.log,ticket/3342/main.log,4645218,2015-06-01 20:43:44,danielwindleree,log file of the update port,ok
3345,HeliumTestModel_Total.mo,ticket/3345/HeliumTestModel_Total.mo,238328,2015-06-09 07:38:00,Alexander Täschner,Save total file of the model.,ok
3345,HeliumTestModel_Total_v2.mo,ticket/3345/HeliumTestModel_Total_v2.mo,235733,2015-08-06 07:39:50,Alexander Täschner,Updated save total file for solving the differentiation module problem.,ok
3345,Test_HeliumTestModel_Total.mos,ticket/3345/Test_HeliumTestModel_Total.mos,186,2015-06-09 07:38:33,Alexander Täschner,Test script for the save total model.,ok
3345,differentiation.log,ticket/3345/differentiation.log,41007,2015-08-04 09:38:49,sjoelund.se,,ok
3345,stacktrace.log,ticket/3345/stacktrace.log,3626559,2015-08-03 14:17:24,sjoelund.se,,ok
3345,test.log,ticket/3345/test.log,1392514,2015-06-02 15:46:20,Alexander Täschner,Log file,ok
3345,test_total_v2_noflags.log,ticket/3345/test_total_v2_noflags.log,9534,2015-09-25 06:05:54,Alexander Täschner,Build log using omc from current nightly without any flags.,ok
3365,Noise_Interpolation.mo,ticket/3365/Noise_Interpolation.mo,36743,2015-06-24 06:27:31,sjoelund.se,,ok
3366,TupleModification.mo,ticket/3366/TupleModification.mo,3841,2015-06-24 06:34:11,sjoelund.se,,ok
3367,UnknownDimensionFunctionCall.mo,ticket/3367/UnknownDimensionFunctionCall.mo,3985,2015-06-24 06:48:56,sjoelund.se,,ok
3369,InterpolateRandomNumbers_total.mo,ticket/3369/InterpolateRandomNumbers_total.mo,20583,2015-06-24 07:30:16,sjoelund.se,,ok
3371,new-doc.svg,ticket/3371/new-doc.svg,2574348,2015-06-24 17:52:11,sjoelund.se,,ok
3375,OMNotebookBug.onb,ticket/3375/OMNotebookBug.onb,863,2015-06-29 12:51:19,casella,File to reproduce the bug,ok
3378,OM_Upgrade_rev-upgrade.txt,ticket/3378/OM_Upgrade_rev-upgrade.txt,413816,2015-07-08 14:37:33,dersh,output of rev-upgrade,ok
3383,Modelica_Noise 1.0 Beta.1_more_simplified.zip,ticket/3383/Modelica_Noise 1.0 Beta.1_more_simplified.zip,504985,2015-10-06 12:25:04,martin.otter,,ok
3383,Modelica_Noise_1.0_Beta.1_simplified.zip,ticket/3383/Modelica_Noise_1.0_Beta.1_simplified.zip,505060,2015-10-06 09:57:03,martin.otter,,ok
3383,TestNoise.mo,ticket/3383/TestNoise.mo,32989,2015-10-06 09:57:31,martin.otter,,ok
3390,total.mo,ticket/3390/total.mo,107437,2015-07-24 18:14:39,adrpo,,ok
3390,total.mos,ticket/3390/total.mos,133,2015-07-24 18:14:50,adrpo,,ok
3391,script.mos,ticket/3391/script.mos,387,2015-07-28 12:39:36,adeas31,,ok
3410,a.mos,ticket/3410/a.mos,215,2015-08-17 12:24:26,adeas31,,ok
3410,b.mos,ticket/3410/b.mos,218,2015-09-07 12:20:29,adeas31,,ok
3414,omedit_win81_largefonts.png,ticket/3414/omedit_win81_largefonts.png,237002,2015-09-16 10:08:41,hkiel,OMedit window on Win8.1 with increased system font size,ok
3424,AddComponent.mos,ticket/3424/AddComponent.mos,1444,2015-08-26 14:13:36,adeas31,,ok
3424,AddDeleteComponent.mos,ticket/3424/AddDeleteComponent.mos,1127,2015-09-07 13:41:47,adeas31,,ok
3424,TestDiff.mos,ticket/3424/TestDiff.mos,1891,2016-02-25 16:27:08,adeas31,,ok
3424,addClassAnnotation.mos,ticket/3424/addClassAnnotation.mos,1480,2015-09-09 13:48:56,adeas31,,ok
3424,addClassAnnotation1.mos,ticket/3424/addClassAnnotation1.mos,1776,2015-09-10 09:53:33,adeas31,,ok
3424,addannotationdiff.svg,ticket/3424/addannotationdiff.svg,533223,2015-09-10 11:35:28,sjoelund.se,,ok
3446,file.ext,ticket/3446/file.ext,28,2015-09-07 00:55:22,anonymous,ASCII matrix for example,ok
3446,impure.mo,ticket/3446/impure.mo,460,2015-09-07 00:54:57,anonymous,,ok
3450,CTest.mo,ticket/3450/CTest.mo,1797,2015-09-09 14:27:05,markusd,Package file needed to reproduce the error,ok
3459,P.mo,ticket/3459/P.mo,205,2015-09-14 14:21:49,adeas31,,ok
3459,P.mos,ticket/3459/P.mos,93,2015-09-14 14:22:12,adeas31,,ok
3460,A.mo,ticket/3460/A.mo,49,2015-09-14 14:26:29,adeas31,,ok
3460,A.mos,ticket/3460/A.mos,74,2015-09-14 14:26:40,adeas31,,ok
3466,Test.zip,ticket/3466/Test.zip,801,2015-09-17 00:26:19,casella,Test files,ok
3476,connectorTest.mo,ticket/3476/connectorTest.mo,752,2015-09-24 12:24:39,markusd,,ok
3484,HeliumTestModel_Total.mo,ticket/3484/HeliumTestModel_Total.mo,235733,2015-09-29 09:09:33,Alexander Täschner,Save total model,ok
3484,Test_HeliumTestModel_Total.mos,ticket/3484/Test_HeliumTestModel_Total.mos,186,2015-09-29 09:09:56,Alexander Täschner,Mos script file for test,ok
3484,test_c.log,ticket/3484/test_c.log,9328,2015-09-29 09:10:15,Alexander Täschner,Log file with C runtime,ok
3484,test_cpp.log,ticket/3484/test_cpp.log,19513,2015-09-29 09:10:30,Alexander Täschner,Log file with CPP runtime,ok
3485,DCPM_Start.mo,ticket/3485/DCPM_Start.mo,3047,2015-09-29 15:50:07,Christian Kral,DC machine model with loss records,ok
3488,A.mo,ticket/3488/A.mo,86,2016-05-09 15:36:59,adeas31,,ok
3488,script.mos,ticket/3488/script.mos,403,2016-05-09 15:37:11,adeas31,,ok
3491,HeatingSystem.pdf,ticket/3491/HeatingSystem.pdf,378170,2015-10-03 10:03:09,lochel,a first quick analysis of the back end performance,ok
3491,HeatingSystem_v1.9.4-dev.168+g1c35b32.pdf,ticket/3491/HeatingSystem_v1.9.4-dev.168+g1c35b32.pdf,378211,2015-10-05 14:59:00,lochel,second analysis of the back end performance,ok
3491,HeatingSystem_v1.9.4-dev.539+gc45436a.pdf,ticket/3491/HeatingSystem_v1.9.4-dev.539+gc45436a.pdf,408342,2015-11-18 13:29:22,lochel,,ok
3495,TestWkeitTotal.mo,ticket/3495/TestWkeitTotal.mo,37876,2015-10-07 08:45:20,lochel,,ok
3496,main.log,ticket/3496/main.log,3408213,2015-10-07 14:26:35,dersh,Build log file,ok
3499,Modelica_AddOn.mo,ticket/3499/Modelica_AddOn.mo,1339144,2015-10-07 20:10:38,Christian Kral,Modelica_AddOn,ok
3499,SMEE_Generator_Dymola.png,ticket/3499/SMEE_Generator_Dymola.png,28620,2016-04-23 12:49:24,Christian Kral,SMEE_Generator result of Dymola 2016,ok
3499,SMEE_Generator_OM.png,ticket/3499/SMEE_Generator_OM.png,34098,2016-04-23 12:48:59,Christian Kral,SMEE_Generator result of OMEdit 1.10.0~dev-103-g43d1b0b,ok
3500,InconsistentNumericalResults.zip,ticket/3500/InconsistentNumericalResults.zip,44614,2015-10-08 21:09:46,dma,Modelica source file and plot of results,ok
3504,qjson-qt5.patch,ticket/3504/qjson-qt5.patch,711,2015-10-12 17:24:45,gossen,,ok
3507,main.log,ticket/3507/main.log,2919314,2015-10-13 19:30:59,dersh,,ok
3509,makelog.txt,ticket/3509/makelog.txt,1621075,2015-10-14 12:25:56,grant,Makelog.txt,ok
3514,TestFile.mo,ticket/3514/TestFile.mo,3050,2015-10-15 08:02:27,Christian Kral,,ok
3521,WhenPackage.mo,ticket/3521/WhenPackage.mo,4232,2015-10-18 19:08:56,Christian Kral,Example showing the issue,ok
3528,OnOffVariant.mo,ticket/3528/OnOffVariant.mo,8419,2015-10-23 12:53:18,sjoelund.se,,ok
3542,BugReadData.zip,ticket/3542/BugReadData.zip,630,2015-11-05 08:46:38,Arno_Epsilon,,ok
3545,script.mos,ticket/3545/script.mos,234,2015-11-06 14:55:27,adeas31,,ok
3548,linearSolverUmfpack.c.diff,ticket/3548/linearSolverUmfpack.c.diff,2633,2015-11-14 17:45:06,crupp,,ok
3548,linearSolverUmfpack.h.diff,ticket/3548/linearSolverUmfpack.h.diff,469,2015-11-14 17:44:53,crupp,,ok
3550,main.2.log,ticket/3550/main.2.log,2748054,2015-11-12 22:39:28,Shad Sterling,Build log for openmodelica-stable,ok
3550,main.3.log,ticket/3550/main.3.log,2724683,2015-11-16 19:24:51,Shad Sterling,Build log for openmodelica-1.9.4~dev-413-gf7736fa_0+gfortran48+libraries+omnotebook+qt+sundials.darwin_14.x86_64.tbz2,ok
3550,main.log,ticket/3550/main.log,2559668,2015-11-09 21:02:59,Shad Sterling,Build log,ok
3551,removeComponentModifiers.mos,ticket/3551/removeComponentModifiers.mos,788,2015-11-09 23:37:40,adeas31,,ok
3558,PULSER.mo,ticket/3558/PULSER.mo,2174,2016-02-08 08:35:57,ceraolo,,ok
3562,script.mos,ticket/3562/script.mos,308,2015-11-23 13:33:05,adeas31,,ok
3567,script.mos,ticket/3567/script.mos,1065,2015-11-19 14:49:27,adeas31,,ok
3568,airconds_det.mo,ticket/3568/airconds_det.mo,4579,2015-11-19 15:02:46,fbergero,This is the example. I'm compiling it with -O3.,ok
3573,AvlTree.mo,ticket/3573/AvlTree.mo,15050,2015-11-26 10:26:40,sjoelund.se,,ok
3574,addClassAnnotation.mos,ticket/3574/addClassAnnotation.mos,541,2015-11-23 13:37:18,adeas31,,ok
3575,script.mos,ticket/3575/script.mos,117,2015-11-23 15:02:03,adeas31,,ok
3575,vector.mo,ticket/3575/vector.mo,639,2015-11-23 15:01:53,adeas31,,ok
3579,Triac.pdf,ticket/3579/Triac.pdf,195129,2015-12-05 09:10:38,ceraolo,,ok
3579,idealTriacCircuit.png,ticket/3579/idealTriacCircuit.png,217513,2015-12-05 13:11:26,adeas31,,ok
3580,testOM.mo,ticket/3580/testOM.mo,16565,2015-12-05 23:19:41,ceraolo,,ok
3585,BugCreateModel.zip,ticket/3585/BugCreateModel.zip,606,2015-12-07 14:25:38,Arno_Epsilon,Package for test,ok
3588,script.mos,ticket/3588/script.mos,668,2015-12-08 12:41:19,adeas31,,ok
3590,Test.zip,ticket/3590/Test.zip,682,2015-12-09 18:50:12,casella,Test case,ok
3591,PID_ControllerTotal.mo,ticket/3591/PID_ControllerTotal.mo,34671,2015-12-10 17:27:17,bthiele,,ok
3592,EigenTest.mo,ticket/3592/EigenTest.mo,217,2015-12-11 01:01:42,adeas31,,ok
3593,test.mos,ticket/3593/test.mos,726,2015-12-11 11:57:05,perost,,ok
3594,test.mos,ticket/3594/test.mos,463,2015-12-11 16:51:52,perost,Test script,ok
3600,TestConnector.mo,ticket/3600/TestConnector.mo,1362,2015-12-16 10:23:50,casella,Test package,ok
3606,OMEdit.png,ticket/3606/OMEdit.png,211267,2015-12-22 12:00:14,ceraolo,,ok
3606,Test_.mo,ticket/3606/Test_.mo,44883,2015-12-28 07:49:39,ceraolo,,ok
3606,test.mo,ticket/3606/test.mo,420,2015-12-22 11:59:56,ceraolo,,ok
3608,OOInertia.mo,ticket/3608/OOInertia.mo,55922,2015-12-22 13:04:43,ceraolo,,ok
3608,P.mo,ticket/3608/P.mo,761,2016-02-01 12:56:14,adeas31,,ok
3608,TestConnect.mo,ticket/3608/TestConnect.mo,12548,2016-02-12 07:34:25,ceraolo,,ok
3614,Test1.mos,ticket/3614/Test1.mos,684,2015-12-23 22:05:00,casella,Script to reproduce the problem,ok
3616,HeatConductorComplex.mo,ticket/3616/HeatConductorComplex.mo,4303,2015-12-24 16:09:47,cxh,Heat Conductor Complex model,ok
3616,HeatConductorComplex.mos,ticket/3616/HeatConductorComplex.mos,214,2015-12-24 16:10:37,cxh,Script to export Heat Conductor Complex model as an FMU,ok
3618,clockedTest.mos.fail_log,,10758,2016-01-11 18:41:19,r.trevor.clark,fail log,missing
3618,failed tests,ticket/3618/failed tests,9647,2016-01-05 22:24:47,Trevor Clark,failed tests,ok
3619,withFolder.mo,ticket/3619/withFolder.mo,47480,2015-12-30 17:23:39,ceraolo,,ok
3624,test.mo,ticket/3624/test.mo,3294,2016-01-07 12:54:50,ceraolo,,ok
3625,KeyWordIO.mo,ticket/3625/KeyWordIO.mo,16087,2016-01-07 17:42:35,Christian Kral,Handling input and output of data files,ok
3625,TestKeyWordIO.mo,ticket/3625/TestKeyWordIO.mo,4339,2016-01-07 17:43:16,Christian Kral,Test examples to be compared,ok
3625,input.dat,ticket/3625/input.dat,21,2016-01-07 17:43:33,Christian Kral,Input data file,ok
3625,script.mos,ticket/3625/script.mos,252,2016-04-12 14:05:17,adeas31,,ok
3626,DC_machine.mo,ticket/3626/DC_machine.mo,3381,2016-01-07 18:06:13,Christian Kral,Example demonstrating parameter record issue,ok
3628,TransformationSorted.mo,ticket/3628/TransformationSorted.mo,3341,2016-01-12 12:28:24,anonymous,,ok
3628,TransformationSubstituted.mo,ticket/3628/TransformationSubstituted.mo,3401,2016-01-12 12:29:06,anonymous,,ok
3628,TransformationUnsorted.mo,ticket/3628/TransformationUnsorted.mo,3341,2016-01-12 12:28:40,anonymous,,ok
3629,Modelica.Fluid.Examples.NonCircularPipes_info.json,ticket/3629/Modelica.Fluid.Examples.NonCircularPipes_info.json,1514801,2016-01-25 07:26:39,Alexander Täschner,,ok
3630,A.mo,ticket/3630/A.mo,56,2016-01-14 18:47:07,casella,Test package,ok
3632,SwP3v04.mo.flat,ticket/3632/SwP3v04.mo.flat,51109,2016-01-19 18:39:00,anonymous,,ok
3632,xsat.txt,ticket/3632/xsat.txt,286,2016-01-19 18:38:45,anonymous,,ok
3635,test0.mo,ticket/3635/test0.mo,5092,2016-01-20 01:48:30,ceraolo,,ok
3636,MSL 3.2.2.ods,ticket/3636/MSL 3.2.2.ods,52905,2016-01-20 09:47:25,casella,Regression analysis,ok
3637,test_exist.mo,ticket/3637/test_exist.mo,641,2016-01-21 16:51:15,casella,Test model,ok
3638,KeyWordIO.mo,ticket/3638/KeyWordIO.mo,16059,2016-01-21 19:23:53,Christian Kral,Library to read parameters from external file,ok
3638,ReadingParameters.mo,ticket/3638/ReadingParameters.mo,419,2016-01-21 19:23:17,Christian Kral,Test example,ok
3638,input.dat,ticket/3638/input.dat,19,2016-01-21 19:24:40,Christian Kral,Input data file containing parameter values V1 and V2,ok
3641,Test.mos,ticket/3641/Test.mos,183,2016-01-25 13:18:02,casella,,ok
3641,TestPackage.mo,ticket/3641/TestPackage.mo,127,2016-01-25 13:18:14,casella,,ok
3642,TestDiff.mos,ticket/3642/TestDiff.mos,628,2016-01-25 14:03:23,adeas31,,ok
3643,ExampleLib.mo,ticket/3643/ExampleLib.mo,3179,2016-01-26 14:50:05,andreas.hofmann7,,ok
3645,TestDelete.mo,ticket/3645/TestDelete.mo,772,2016-01-26 15:48:17,casella,,ok
3649,Transformer.SC1.gv,ticket/3649/Transformer.SC1.gv,10549,2016-04-18 20:50:42,adrpo,Overconstrained connection graph handling for Transformer.SC1 model,ok
3649,Transformer.SC2.svg,ticket/3649/Transformer.SC2.svg,45406,2016-04-18 20:50:55,adrpo,Overconstrained connection graph handling for Transformer.SC2 model,ok
3649,Transformer.mo,ticket/3649/Transformer.mo,22397,2016-01-28 09:04:19,Christian Kral,Demonstration examples SC1 and SC2,ok
3650,flip.png,ticket/3650/flip.png,3522,2016-01-28 09:13:33,Christian Kral,Image showing the issue of horizontally flipping a model,ok
3652,TestPackage.mo,ticket/3652/TestPackage.mo,2360,2016-01-28 12:10:48,dietmarw,,ok
3654,new.png,ticket/3654/new.png,2248,2016-01-29 08:39:08,dietmarw,,ok
3654,old.png,ticket/3654/old.png,8415,2016-01-29 08:36:13,dietmarw,,ok
3656,Elevator.mo,ticket/3656/Elevator.mo,13110,2016-01-31 16:23:05,Christian Kral,Example to demonstrate bug,ok
3656,cabin.png,ticket/3656/cabin.png,20137,2016-02-08 17:34:13,Christian Kral,Plot of simulation results,ok
3657,OnOff.png,ticket/3657/OnOff.png,2357,2016-02-01 09:58:29,dietmarw,,ok
3658,TestComment.mo,ticket/3658/TestComment.mo,138,2016-02-01 13:24:15,casella,,ok
3658,TestDiff.mos,ticket/3658/TestDiff.mos,622,2016-02-03 12:58:54,sjoelund.se,,ok
3660,Screen Shot 2016-02-02 at 13.48.31.png,ticket/3660/Screen Shot 2016-02-02 at 13.48.31.png,14017,2016-02-02 12:56:06,trabuzin,Linearization menu in Dymola,ok
3660,Screen Shot 2016-02-02 at 13.48.43.png,ticket/3660/Screen Shot 2016-02-02 at 13.48.43.png,52312,2016-02-02 12:56:32,trabuzin,Parameters of linearization,ok
3660,Screen Shot 2016-02-02 at 13.49.06.png,ticket/3660/Screen Shot 2016-02-02 at 13.49.06.png,177456,2016-02-02 12:57:05,trabuzin,Output of linearized system,ok
3660,linearize_iPSL.mos,ticket/3660/linearize_iPSL.mos,440,2016-02-02 12:58:43,trabuzin,Linearization Modelica script,ok
3668,LargeAlgebraic.mo,ticket/3668/LargeAlgebraic.mo,464,2016-02-05 18:31:06,casella,,ok
3668,LargeAlgebraic_MemoryUsage.pdf,ticket/3668/LargeAlgebraic_MemoryUsage.pdf,136928,2016-02-10 19:48:59,lochel,A first analysis of the backend memory usage for model LargeAlgebraic.,ok
3668,LargeAlgebraic_MemoryUsage2.pdf,ticket/3668/LargeAlgebraic_MemoryUsage2.pdf,140720,2016-02-12 07:21:16,lochel,Impact of symbolic Jacobian computation for SCC analysis on the memory consumption for model LargeAlgebraic.,ok
3669,LargeDifferential.mo,ticket/3669/LargeDifferential.mo,1311,2016-02-09 14:48:21,casella,,ok
3673,Requirement_Modeling.pdf,ticket/3673/Requirement_Modeling.pdf,163451,2016-02-09 21:41:24,olero,An idea of what it should look like,ok
3673,example.mo,ticket/3673/example.mo,414,2016-02-09 23:21:53,olero,The example model,ok
3673,mediators.mo,ticket/3673/mediators.mo,455,2016-02-09 23:30:05,olero,mediators used to calculate bindings,ok
3673,run.mos,ticket/3673/run.mos,117,2016-02-09 23:23:10,olero,the script call,ok
3674,HeliumTestModelTotal.mo,ticket/3674/HeliumTestModelTotal.mo,240065,2016-02-10 14:52:04,Alexander Täschner,Save total file of the model,ok
3674,Test_HeliumTestModelTotal.mos,ticket/3674/Test_HeliumTestModelTotal.mos,203,2016-02-10 14:52:37,Alexander Täschner,Script file used for testing,ok
3674,test_183.log,ticket/3674/test_183.log,14946,2016-03-30 07:08:43,Alexander Täschner,Log file showing undefined variable errors,ok
3674,test_527.log,ticket/3674/test_527.log,55325,2016-05-02 06:56:05,Alexander Täschner,Test log generated using Windows nightly OpenModelica-v1.10.0-dev-527-g39b1854-64bit,ok
3678,TestCaching.mo,ticket/3678/TestCaching.mo,2584,2016-02-10 23:10:10,casella,,ok
3680,M.mo,ticket/3680/M.mo,108,2016-02-11 16:35:12,adeas31,,ok
3680,script.mos,ticket/3680/script.mos,79,2016-02-11 16:35:24,adeas31,,ok
3681,TestStrongComponentJacobians.mo,ticket/3681/TestStrongComponentJacobians.mo,676,2016-02-12 01:05:36,casella,,ok
3681,test.mos,ticket/3681/test.mos,1069,2016-02-12 01:05:45,casella,,ok
3683,RenaTest.mo,ticket/3683/RenaTest.mo,1402,2016-02-15 19:00:44,anonymous,,ok
3683,circuit.png,ticket/3683/circuit.png,72013,2016-02-15 18:59:58,anonymous,,ok
3683,omeditcommunication.log,ticket/3683/omeditcommunication.log,2461598,2016-02-15 19:45:58,anonymous,,ok
3688,options.PNG,ticket/3688/options.PNG,40895,2016-02-16 00:17:55,anonymous,,ok
3688,script.mos,ticket/3688/script.mos,70,2016-02-16 00:18:43,anonymous,,ok
3688,test.mo,ticket/3688/test.mo,964,2016-02-16 00:18:29,anonymous,,ok
3691,A.mo,ticket/3691/A.mo,2133,2016-02-18 11:09:16,wbraun,,ok
3701,EV_DAEissue.mo,ticket/3701/EV_DAEissue.mo,6948,2016-02-20 08:59:53,ceraolo,,ok
3701,ScreenShot.png,ticket/3701/ScreenShot.png,74830,2016-02-20 13:20:54,ceraolo,,ok
3701,omeditcommunication.log,ticket/3701/omeditcommunication.log,2338198,2016-02-20 12:36:36,ceraolo,,ok
3703,LinTab.mo,ticket/3703/LinTab.mo,1707,2016-02-20 16:21:28,hans.hell,,ok
3703,LinTab.png,ticket/3703/LinTab.png,10972,2016-02-20 16:21:48,hans.hell,,ok
3703,LinTabNEW.mo,ticket/3703/LinTabNEW.mo,1775,2016-03-03 17:24:20,hans.hell,,ok
3703,linear_LinTab.mo,ticket/3703/linear_LinTab.mo,563,2016-02-20 16:22:15,hans.hell,,ok
3703,linear_LinTabNEW.mo,ticket/3703/linear_LinTabNEW.mo,589,2016-03-03 17:24:45,hans.hell,,ok
3706,OMEditRedIcon.png,ticket/3706/OMEditRedIcon.png,85813,2016-02-22 13:35:52,rfranke,,ok
3708,SemiTest.PNG,ticket/3708/SemiTest.PNG,13659,2016-02-22 23:48:57,anonymous,,ok
3708,SemiTest.mo,ticket/3708/SemiTest.mo,1773,2016-02-22 23:48:27,anonymous,,ok
3712,MyFirstOMNotebook.onb,ticket/3712/MyFirstOMNotebook.onb,17415,2016-02-23 11:53:29,adeas31,,ok
3716,TestArrays.zip,ticket/3716/TestArrays.zip,368298,2016-02-23 18:45:33,casella,,ok
3718,omedit_log.txt,ticket/3718/omedit_log.txt,2138525,2016-02-24 02:30:15,crupp,Log for text view edit bug.,ok
3722,M.mo,ticket/3722/M.mo,26,2016-02-24 21:51:49,adeas31,,ok
3722,P.mo,ticket/3722/P.mo,21,2016-02-24 21:51:41,adeas31,,ok
3722,script.mos,ticket/3722/script.mos,220,2016-02-24 21:51:59,adeas31,,ok
3723,Test.zip,ticket/3723/Test.zip,801,2016-02-25 00:41:41,casella,,ok
3723,omeditcommunication.zip,ticket/3723/omeditcommunication.zip,237290,2016-03-03 00:14:14,casella,,ok
3725,script.mos,ticket/3725/script.mos,627,2016-02-25 00:57:18,adeas31,,ok
3736,WindowsOnPrimaryMonitor.tiff,ticket/3736/WindowsOnPrimaryMonitor.tiff,387750,2016-03-01 23:03:03,dersh,Windows as seen correctly on primary display,ok
3736,WindowsVisible.tiff,ticket/3736/WindowsVisible.tiff,390832,2016-03-01 23:03:34,dersh,Windows as visible after moving scroll bar,ok
3736,Windowshidden.tiff,ticket/3736/Windowshidden.tiff,307842,2016-03-01 23:01:34,dersh,"Windows ""hidden"" off edge of panel",ok
3737,Rpkg.mo,ticket/3737/Rpkg.mo,2548,2016-03-02 13:12:18,ceraolo,,ok
3738,FullRobotDiff.diff,ticket/3738/FullRobotDiff.diff,24052,2016-03-02 15:45:25,sjoelund.se,,ok
3743,EHPT.mo,ticket/3743/EHPT.mo,301332,2016-03-03 07:54:54,ceraolo,,ok
3743,ErrorMessage.txt,ticket/3743/ErrorMessage.txt,1344314,2016-03-03 07:55:12,ceraolo,,ok
3754,a.mo,ticket/3754/a.mo,5424,2016-03-08 16:52:08,sjoelund.se,,ok
3755,advectionCos.mo,ticket/3755/advectionCos.mo,447,2016-03-09 13:55:42,jansilar,,ok
3755,script.mos,ticket/3755/script.mos,160,2016-04-06 22:16:05,adeas31,,ok
3756,advectionCos.mo,ticket/3756/advectionCos.mo,447,2016-03-09 14:03:36,jansilar,,ok
3764,c.py,ticket/3764/c.py,2023,2016-03-15 12:54:40,sjoelund.se,Typed parsing grammar,ok
3764,tmp.file,ticket/3764/tmp.file,242067,2016-03-15 12:54:56,sjoelund.se,File causing memory issues for pyparsing,ok
3765,semiLinear_bug.mo,ticket/3765/semiLinear_bug.mo,214,2016-03-14 22:41:46,crupp,,ok
3766,testTemp_Fehler.GIF,ticket/3766/testTemp_Fehler.GIF,383189,2016-03-15 13:28:13,anonymous,Crash window when try to move marked models,ok
3767,LoadingScreenOMEdit.GIF,ticket/3767/LoadingScreenOMEdit.GIF,158267,2016-03-15 13:25:53,anonymous,"OMEdit sometimes hang up on loading screen with ""Loading Widgets""",ok
3767,omeditcommunication.log,ticket/3767/omeditcommunication.log,6286,2016-03-15 13:45:38,anonymous,"LogFile for the ""CreatingWidgets"" Situation",ok
3773,script.mos,ticket/3773/script.mos,296,2016-03-18 13:37:38,adeas31,,ok
3786,Driver.mo,ticket/3786/Driver.mo,1537,2016-03-22 07:55:50,adrpo,,ok
3787,AboutOMEdit.png,ticket/3787/AboutOMEdit.png,127830,2016-03-22 11:02:22,adeas31,,ok
3787,AboutOMEditLinux.png,ticket/3787/AboutOMEditLinux.png,175124,2016-03-22 11:32:15,dietmarw,,ok
3793,DO1.mo,ticket/3793/DO1.mo,7985,2016-03-23 17:28:04,ceraolo,,ok
3803,main.2.log,ticket/3803/main.2.log,2406478,2016-03-30 14:06:55,dersh,build log after metis install,ok
3803,main.log,ticket/3803/main.log,2450484,2016-03-29 18:57:36,dersh,,ok
3804,TestUTF.mo,ticket/3804/TestUTF.mo,138,2016-03-30 08:54:02,ceraolo,,ok
3804,TestUTFByOM.mo,ticket/3804/TestUTFByOM.mo,146,2016-03-30 13:10:55,ceraolo,,ok
3804,TestUTfByDym.mo,ticket/3804/TestUTfByDym.mo,158,2016-03-30 13:10:47,ceraolo,,ok
3804,UTF report.pdf,ticket/3804/UTF report.pdf,205203,2016-03-30 13:11:03,ceraolo,,ok
3804,UTFPkg.mo,ticket/3804/UTFPkg.mo,1844,2016-03-30 08:54:11,ceraolo,,ok
3805,2016-03-29_17_46_18-openmodelica.stacktrace.OMEdit.txt,ticket/3805/2016-03-29_17_46_18-openmodelica.stacktrace.OMEdit.txt,6771,2016-03-30 11:27:39,adeas31,,ok
3835,omeditcommands.mos,ticket/3835/omeditcommands.mos,557893,2016-04-11 14:06:17,jansilar,,ok
3835,omeditcommunication.log,ticket/3835/omeditcommunication.log,2128007,2016-04-11 14:06:45,jansilar,,ok
3835,openmodelica.stacktrace.OMEdit,ticket/3835/openmodelica.stacktrace.OMEdit,5167,2016-04-11 14:06:58,jansilar,,ok
3836,test.mos,ticket/3836/test.mos,479,2016-04-11 09:36:42,perost,Test script,ok
3841,Export to clipboard.png,ticket/3841/Export to clipboard.png,3052,2016-04-12 10:13:07,Christoph,,ok
3841,Export_as_image.png,ticket/3841/Export_as_image.png,3426,2016-04-12 10:06:09,Christoph,,ok
3841,screenshot.PNG,ticket/3841/screenshot.PNG,5261,2016-04-12 10:06:17,Christoph,,ok
3841,sdfdsf_2.png,ticket/3841/sdfdsf_2.png,3431,2016-04-12 10:15:30,Christoph,,ok
3844,Modelica.Media.Examples.R134a.R134a2.mof,ticket/3844/Modelica.Media.Examples.R134a.R134a2.mof,16075505,2016-04-13 04:39:15,rfranke,,ok
3844,Modelica.Media.Examples.R134a.R134a2_functions.c,ticket/3844/Modelica.Media.Examples.R134a.R134a2_functions.c,9070660,2016-04-13 04:41:19,rfranke,,ok
3846,Test_OMEdit.zip,ticket/3846/Test_OMEdit.zip,1439633,2016-04-13 12:33:16,casella,Files to reproduce the problem,ok
3848,MonitorClassExample.pdf,ticket/3848/MonitorClassExample.pdf,182316,2016-04-14 04:05:26,stephan.fevrier,Example of proposed new model view,ok
3857,BouncingBall.mo,ticket/3857/BouncingBall.mo,396,2016-04-18 14:29:36,anonymous,,ok
3857,Modelica.Fluid.Examples.PumpingSystem.2.xml,ticket/3857/Modelica.Fluid.Examples.PumpingSystem.2.xml,3989510,2016-08-05 14:10:16,anonymous,,ok
3857,Modelica.Fluid.Examples.PumpingSystem.xml,ticket/3857/Modelica.Fluid.Examples.PumpingSystem.xml,3967306,2016-08-04 14:41:30,anonymous,,ok
3857,PumpingSystem.mo,ticket/3857/PumpingSystem.mo,7550,2016-08-04 14:42:03,anonymous,,ok
3865,MODELICA_0Demo_testmotor_03.fmu,ticket/3865/MODELICA_0Demo_testmotor_03.fmu,1787259,2016-04-23 18:11:01,Christian.Bertsch,FMU exorted from Dymola 2016FD01,ok
3878,AA_test.mo,ticket/3878/AA_test.mo,1123,2016-05-02 10:17:20,Christoph,,ok
3878,AA_test_1.10-dev-527.PNG,ticket/3878/AA_test_1.10-dev-527.PNG,2624,2016-05-02 10:17:36,Christoph,,ok
3878,AA_test_1.9.6.PNG,ticket/3878/AA_test_1.9.6.PNG,2433,2016-05-02 10:17:28,Christoph,,ok
3878,Antialiasing-1.9.6.PNG,ticket/3878/Antialiasing-1.9.6.PNG,1160,2016-04-29 14:16:21,Christoph,,ok
3878,Antialiasing.PNG,ticket/3878/Antialiasing.PNG,1107,2016-04-29 13:54:05,Christoph,,ok
3879,t3879.mo,ticket/3879/t3879.mo,14304,2016-10-12 14:31:11,ceraolo,,ok
3880,main.log,ticket/3880/main.log,350237,2016-05-01 09:08:20,ben.haefele,Log-File.,ok
3885,TestStreamConnectors.mo,ticket/3885/TestStreamConnectors.mo,27023,2018-08-31 08:39:48,casella,,ok
3885,TestStreamConnectorsNoActualStream.mo,ticket/3885/TestStreamConnectorsNoActualStream.mo,25210,2018-08-31 13:31:52,casella,,ok
3885,TestStreamConnectorsNoActualStreamEvaluateParams.mo,ticket/3885/TestStreamConnectorsNoActualStreamEvaluateParams.mo,28340,2018-08-31 17:40:39,casella,,ok
3897,main.log,ticket/3897/main.log,3249159,2016-05-09 14:38:54,dersh,,ok
3906,Immagine.png,ticket/3906/Immagine.png,27320,2016-05-12 17:32:10,casella,,ok
3907,test.2.mo,ticket/3907/test.2.mo,188,2016-05-13 09:39:16,baudette,original file,ok
3907,test.mo,ticket/3907/test.mo,184,2016-05-13 09:37:36,baudette,Resulting File,ok
3910,testStrangeCSE.mos,ticket/3910/testStrangeCSE.mos,589,2016-05-16 17:05:25,casella,.mos file to reproduce the problem,ok
3926,calculateParametersBug.mos,ticket/3926/calculateParametersBug.mos,1530,2016-05-25 13:11:06,ptaeuber,,ok
3949,CodegenFMUCppHpcom.mo.log,ticket/3949/CodegenFMUCppHpcom.mo.log,107119,2016-06-02 22:02:50,adrpo,,ok
3953,runSimulate.mos,ticket/3953/runSimulate.mos,354,2016-06-07 14:20:13,bthiele,The mos script calling simulate(..),ok
3957,PickPlace.2.mo,ticket/3957/PickPlace.2.mo,5964,2016-06-09 14:33:49,bthiele,Revised version (still buggy),ok
3957,PickPlace.3.mo,ticket/3957/PickPlace.3.mo,5964,2016-06-09 14:37:37,bthiele,Revised version (still buggy),ok
3957,PickPlace.4.mo,ticket/3957/PickPlace.4.mo,4691,2016-06-14 14:34:12,tpv9292,,ok
3957,PickPlace.mo,ticket/3957/PickPlace.mo,6227,2016-06-09 12:33:13,anonymous,,ok
3959,OMEditScreenshot1.png,ticket/3959/OMEditScreenshot1.png,75391,2016-06-09 15:37:59,bthiele,Screen shot,ok
3966,Table_online_change_test.mo,ticket/3966/Table_online_change_test.mo,1579,2016-06-17 13:10:23,anonymous,,ok
3966,test_ctrl.mo,ticket/3966/test_ctrl.mo,1425,2016-06-17 13:10:37,anonymous,,ok
3969,P.mo,ticket/3969/P.mo,879,2016-06-21 18:43:32,casella,,ok
3970,ImageExport.mo,ticket/3970/ImageExport.mo,15417,2016-06-22 11:00:39,Christian Kral,Example to demonstrate issue,ok
3979,TestPackage.zip,ticket/3979/TestPackage.zip,14285,2016-09-06 09:18:56,anonymous,Test package,ok
3979,bt.txt,ticket/3979/bt.txt,254863,2016-09-07 09:58:54,adeas31,,ok
3979,script.mos,ticket/3979/script.mos,109,2016-09-07 09:49:16,adeas31,,ok
3980,HysteresisEmbeddedControlNoWhen.mo,ticket/3980/HysteresisEmbeddedControlNoWhen.mo,636,2016-06-29 18:23:43,anonymous,,ok
3980,HysteresisEmbeddedControlNoWhen.xml,ticket/3980/HysteresisEmbeddedControlNoWhen.xml,9791,2016-06-29 18:24:47,anonymous,,ok
3980,computeHeat.mo,ticket/3980/computeHeat.mo,232,2016-06-29 18:23:34,anonymous,,ok
3980,reallyeasy.mo,ticket/3980/reallyeasy.mo,103,2016-06-28 18:22:16,wangxiaofeiheron,,ok
3980,reallyeasy.xml,ticket/3980/reallyeasy.xml,4645,2016-06-28 20:34:11,adrpo,,ok
3980,testLib.mo,ticket/3980/testLib.mo,98,2016-06-28 18:23:41,anonymous,,ok
3981,Resources-gcc-5.3-EMr7886.zip,ticket/3981/Resources-gcc-5.3-EMr7886.zip,2044018,2016-06-29 15:18:37,adrpo,,ok
3981,Resources.zip,ticket/3981/Resources.zip,2048705,2016-06-29 12:46:16,adrpo,libExternalMedia.a compiled with gcc 5.3 32bit/64bit,ok
3981,Test_SVTotal.zip,ticket/3981/Test_SVTotal.zip,1440757,2016-06-29 06:31:33,Alexander Täschner,Save total of the model and used lib.,ok
3989,UniformNoise.png,ticket/3989/UniformNoise.png,103591,2016-07-07 09:34:44,adrpo,,ok
3989,error_message.txt,ticket/3989/error_message.txt,8553,2016-07-06 14:09:40,h.j.van.weers,Text dump of compilation,ok
3989,error_message_OpenModelica1.10.0-dev-64bit.txt,ticket/3989/error_message_OpenModelica1.10.0-dev-64bit.txt,9733,2016-07-07 05:59:52,h.j.van.weers,Error message from latest nightly build,ok
3993,foo.mo,ticket/3993/foo.mo,261,2017-11-22 14:43:46,casella,,ok
3994,MeasureTime.mos.fail_log,,1368,2016-07-10 18:28:20,r.trevor.clark,,missing
3994,testBug3902.mos.fail_log,,2809,2016-07-10 18:28:06,r.trevor.clark,,missing
3999,TestLibrary 0.0.1.zip,ticket/3999/TestLibrary 0.0.1.zip,1674257,2016-07-15 12:31:02,robert,Test library for reproducing the problem.,ok
3999,TestPlant.mo,ticket/3999/TestPlant.mo,593,2016-07-15 12:31:32,robert,Test model for reproducing the issue.,ok
3999,total.mo,ticket/3999/total.mo,11226,2016-07-22 14:39:38,sjoelund.se,Total model of the attached example,ok
4003,script.mos,ticket/4003/script.mos,118,2016-08-30 09:50:58,adeas31,,ok
4009,test.mos,ticket/4009/test.mos,430,2016-07-22 16:36:07,casella,Test script to reproduce the problem,ok
4011,Noise_error.txt,ticket/4011/Noise_error.txt,8155,2016-07-28 05:34:38,anonymous,,ok
4021,DoublePendulumLoop.mo,ticket/4021/DoublePendulumLoop.mo,2853,2016-08-10 05:36:20,anonymous,,ok
4021,data-correct.txt,ticket/4021/data-correct.txt,6431,2016-08-10 05:39:19,dma,,ok
4021,data-incorrect.txt,ticket/4021/data-incorrect.txt,2715,2016-08-10 05:40:06,anonymous,,ok
4024,Modelica.Fluid.Examples.PumpingSystem.xml,ticket/4024/Modelica.Fluid.Examples.PumpingSystem.xml,3989510,2016-08-11 17:24:09,anonymous,,ok
4024,Modelica.Mechanics.Rotational.Examples.FirstGrounded.mo,ticket/4024/Modelica.Mechanics.Rotational.Examples.FirstGrounded.mo,3350,2016-08-18 20:33:53,Xiaofei Wang,,ok
4024,Modelica.Mechanics.Rotational.Examples.FirstGrounded.xml,ticket/4024/Modelica.Mechanics.Rotational.Examples.FirstGrounded.xml,91827,2016-08-18 20:33:41,Xiaofei Wang,,ok
4024,PumpingSystem.mo,ticket/4024/PumpingSystem.mo,7550,2016-08-11 17:24:38,anonymous,,ok
4032,IntegrateInterpolatedExternalVector_functions.c,ticket/4032/IntegrateInterpolatedExternalVector_functions.c,2064,2016-08-26 15:14:52,guillegiraldo,Generated c file with duplicate variable definition (lines 13-16),ok
4032,source.rar,ticket/4032/source.rar,1493,2016-08-26 15:04:44,guillegiraldo,Source code to reproduce behavior. Need to change c file path in mo file.,ok
4042,Plant_O1.mo,ticket/4042/Plant_O1.mo,2050,2016-09-14 08:09:00,Pierre Haessig,"example model file where a name conflict can be created (""y00"" -> ""y0"")",ok
4046,FalseIterationsNLS.zip,ticket/4046/FalseIterationsNLS.zip,1760,2016-09-20 17:24:12,j.schulz, example package,ok
4047,Test.mo,ticket/4047/Test.mo,4421,2016-09-21 15:27:01,casella,Test model,ok
4049,main.log,ticket/4049/main.log,5036755,2016-09-21 16:38:23,dersh,,ok
4049,no_notebook_main.log,ticket/4049/no_notebook_main.log,5038227,2016-09-21 17:20:10,dersh,build log without omnotebook,ok
4062,MDD_test.mo,ticket/4062/MDD_test.mo,1397,2016-09-30 09:13:26,vwaurich,test model,ok
4062,simulate.mos,ticket/4062/simulate.mos,180,2016-09-30 09:13:37,vwaurich,,ok
4064,trac.txt,ticket/4064/trac.txt,1758,2016-09-30 11:51:09,vwaurich,,ok
4067,GenerateHTML.exe,ticket/4067/GenerateHTML.exe,16414208,2016-10-15 21:32:25,ceraolo,,ok
4068,config.log,ticket/4068/config.log,10203,2016-10-11 09:37:44,anonymous,,ok
4068,main.log,ticket/4068/main.log,214677,2016-10-11 09:37:59,anonymous,,ok
4071,TestNewInst.zip,ticket/4071/TestNewInst.zip,13815,2016-10-13 18:23:00,casella,Test models,ok
4076,SensorBlockIncludeMap1.mo,ticket/4076/SensorBlockIncludeMap1.mo,2202857,2016-10-17 15:10:09,adrpo,,ok
4080,Inverter.mo,ticket/4080/Inverter.mo,3984,2016-10-18 14:44:21,Christian Kral,Example demonstrating the issue,ok
4082,main.log,ticket/4082/main.log,4673232,2016-10-18 21:18:56,dersh,,ok
4083,friction_error.png,ticket/4083/friction_error.png,44927,2016-10-19 12:45:22,gerrit.jan.baarda,screenshot,ok
4084,PowerWorld.png,ticket/4084/PowerWorld.png,93569,2016-10-20 12:49:41,rfranke,,ok
4084,Untitled-1.png,ticket/4084/Untitled-1.png,88316,2016-10-20 09:57:37,adeas31,,ok
4087,Tests_OM_pour_OM.mo,ticket/4087/Tests_OM_pour_OM.mo,588,2016-10-20 13:44:11,belen.goncer-maraver,Problèmes avec nombre complexes,ok
4090,OMEditWithoutMenu.png,ticket/4090/OMEditWithoutMenu.png,92539,2016-10-24 11:38:39,bthiele,,ok
4091,DisplayUnit.mo,ticket/4091/DisplayUnit.mo,350,2016-10-24 13:07:29,rfranke,,ok
4097,testParameterTotal.mo,ticket/4097/testParameterTotal.mo,4392,2016-10-26 14:47:48,vwaurich,simulate with evaluateAllParameters,ok
4115,CircuitNoGround compile log,ticket/4115/CircuitNoGround compile log,2686,2016-10-28 15:40:58,Pierre Haessig,error message when trying to simulate the simple circuit model,ok
4115,CircuitNoGround.mo,ticket/4115/CircuitNoGround.mo,973,2016-10-28 15:40:32,Pierre Haessig,example model,ok
4115,VINoGround translation.log,ticket/4115/VINoGround translation.log,701,2016-11-02 09:28:24,Pierre Haessig,translation error of VINoGround.mo model,ok
4115,VINoGround.mo,ticket/4115/VINoGround.mo,1362,2016-11-02 09:27:44,Pierre Haessig,Electrical circuit with V and I sources,ok
4115,rL_loops_1.png,ticket/4115/rL_loops_1.png,9538,2017-10-19 05:31:18,vwaurich,bipartite graph,ok
4122,DoubleMassVecLen.mo,ticket/4122/DoubleMassVecLen.mo,1060,2016-11-01 20:52:00,anonymous,,ok
4122,ExecutionErrors.txt,ticket/4122/ExecutionErrors.txt,439390,2016-11-01 20:52:33,anonymous,,ok
4122,JModelicaResult.png,ticket/4122/JModelicaResult.png,81298,2016-11-01 20:54:25,anonymous,,ok
4123,circles.png,ticket/4123/circles.png,14585,2017-04-02 09:07:34,janK,,ok
4124,test_Ext.mo,ticket/4124/test_Ext.mo,1661,2016-11-02 14:39:08,vwaurich,,ok
4130,Test_2.2.mo,ticket/4130/Test_2.2.mo,1431,2016-11-07 16:46:16,EL AKOUM,,ok
4130,Test_2.fmu,ticket/4130/Test_2.fmu,1969064,2016-11-07 16:38:37,EL AKOUM,,ok
4130,Test_2.mo,ticket/4130/Test_2.mo,1606,2016-11-07 16:38:49,EL AKOUM,,ok
4130,log_2.txt,ticket/4130/log_2.txt,3817,2016-11-07 16:39:01,EL AKOUM,,ok
4130,log_2_1.txt,ticket/4130/log_2_1.txt,4512659,2016-11-08 12:25:45,adeas31,,ok
4136,BasicModelica.mo,ticket/4136/BasicModelica.mo,8999,2016-11-14 13:26:59,dietmarw,BasicModelica library by Michael Tiller,ok
4136,animation.png,ticket/4136/animation.png,113618,2016-11-14 14:32:14,adeas31,,ok
4138,P.mo,ticket/4138/P.mo,729,2016-11-29 09:12:27,casella,,ok
4142,CheckModel.png,ticket/4142/CheckModel.png,19350,2016-11-15 12:46:51,Andrea.Bartolini,,ok
4142,Results.png,ticket/4142/Results.png,12153,2016-11-15 12:47:00,Andrea.Bartolini,,ok
4143,TestDynamicSelection.mo,ticket/4143/TestDynamicSelection.mo,722,2019-07-05 17:01:31,casella,,ok
4151,OMEditOptions.png,ticket/4151/OMEditOptions.png,111797,2016-11-25 09:04:52,Andrea.Bartolini,,ok
4151,OptionPages.zip,ticket/4151/OptionPages.zip,3856284,2016-11-30 08:45:14,Andrea.Bartolini,,ok
4151,Settings.png,ticket/4151/Settings.png,226224,2016-11-30 17:04:41,Andrea.Bartolini,,ok
4151,omedit.ini,ticket/4151/omedit.ini,15601,2016-11-30 17:08:38,Andrea.Bartolini,,ok
4151,omedit_1.ini,ticket/4151/omedit_1.ini,15741,2016-11-30 17:14:22,Andrea.Bartolini,,ok
4156,Fifth.png,ticket/4156/Fifth.png,113130,2016-11-29 09:04:16,ceraolo,,ok
4156,First.png,ticket/4156/First.png,135475,2016-11-28 17:28:03,ceraolo,,ok
4156,Fourth.png,ticket/4156/Fourth.png,80813,2016-11-29 09:03:08,ceraolo,,ok
4156,Second.png,ticket/4156/Second.png,176871,2016-11-28 17:28:13,ceraolo,,ok
4156,Third.png,ticket/4156/Third.png,113130,2016-11-29 08:29:33,ceraolo,,ok
4156,comparison.png,ticket/4156/comparison.png,193899,2016-12-21 12:02:21,ceraolo,,ok
4156,docu.png,ticket/4156/docu.png,36449,2016-12-21 08:56:48,ceraolo,,ok
4156,info.png,ticket/4156/info.png,36235,2016-12-21 08:56:58,ceraolo,,ok
4157,Tests_OM_pour_OM.mo,ticket/4157/Tests_OM_pour_OM.mo,588,2016-11-29 16:16:31,belen.goncer-maraver,Models to reproduce errors with complex numbers,ok
4160,test.mos,ticket/4160/test.mos,790,2016-11-30 10:53:40,casella,,ok
4164,error.png,ticket/4164/error.png,39949,2016-12-03 10:21:25,hkiel,,ok
4164,libbrowser.png,ticket/4164/libbrowser.png,22377,2016-12-03 10:21:38,hkiel,,ok
4167,OMEdit_Defect.jpg,ticket/4167/OMEdit_Defect.jpg,923541,2016-12-02 16:47:59,nayak.priyam22,Defect Screenshot,ok
4175,SimpleBrayton.mo,ticket/4175/SimpleBrayton.mo,423245,2016-12-11 00:29:47,casella,,ok
4175,TestCrash.mo,ticket/4175/TestCrash.mo,12873,2016-12-11 00:29:23,casella,,ok
4178,Pkg.mo,ticket/4178/Pkg.mo,637,2016-12-13 07:19:27,anonymous,,ok
4181,flash_sum.mo,ticket/4181/flash_sum.mo,437,2016-12-14 07:36:05,nayak.priyam22,,ok
4184,Motor1Da-JModelica.png,ticket/4184/Motor1Da-JModelica.png,31439,2016-12-15 21:13:13,dma,,ok
4184,Motor1Da-v1.11.0-dev-93-gaadd604.png,ticket/4184/Motor1Da-v1.11.0-dev-93-gaadd604.png,8760,2016-12-15 21:12:33,anonymous,,ok
4184,Motor1Da-v1.12.0-dev-54-gc3e6c1b.png,ticket/4184/Motor1Da-v1.12.0-dev-54-gc3e6c1b.png,10157,2016-12-15 21:14:00,dma,,ok
4184,Motor1Da.mo,ticket/4184/Motor1Da.mo,2231,2016-12-15 21:14:42,dma,,ok
4188,ConnectIssue.mo,ticket/4188/ConnectIssue.mo,1527,2016-12-16 21:27:11,ceraolo,,ok
4192,log.txt,ticket/4192/log.txt,6313,2016-12-20 14:33:29,anatoly.trosinenko,Error log,ok
4196,thickLines.png,ticket/4196/thickLines.png,128210,2017-02-14 15:44:44,ceraolo,,ok
4196,thinLines.png,ticket/4196/thinLines.png,135979,2017-02-14 15:44:53,ceraolo,,ok
4203,Gazebo.zip,ticket/4203/Gazebo.zip,9232,2017-01-05 02:44:20,casella,,ok
4205,EncapsulatedError.mo,ticket/4205/EncapsulatedError.mo,1085,2017-01-07 16:00:08,anonymous,,ok
4207,TestMyExternalObj.mo,ticket/4207/TestMyExternalObj.mo,2357,2017-01-09 09:41:26,lochel,,ok
4210,readRealMatrixFromFile_min.mo,ticket/4210/readRealMatrixFromFile_min.mo,671,2017-01-10 01:37:31,anonymous,,ok
4210,run_mos.mos,ticket/4210/run_mos.mos,194,2017-01-10 01:37:19,anonymous,,ok
4211,TestDuplicateFunction.mo,ticket/4211/TestDuplicateFunction.mo,314,2017-01-11 14:02:07,casella,Test package .mo file,ok
4212,TestCrossFunction.mo,ticket/4212/TestCrossFunction.mo,418,2017-01-12 00:32:41,casella,,ok
4214,3d.png,ticket/4214/3d.png,245137,2017-02-16 12:49:34,vwaurich,screenshot,ok
4217,WindowGrab.tiff,ticket/4217/WindowGrab.tiff,270672,2017-01-17 15:01:44,dersh,,ok
4217,WindowGrab2.tiff,ticket/4217/WindowGrab2.tiff,287848,2017-01-17 18:00:12,dersh,,ok
4217,main.log,ticket/4217/main.log,24356,2017-01-19 14:04:35,dersh,Built attempt with qt5,ok
4219,crashes.zip,ticket/4219/crashes.zip,1102478,2017-01-18 14:55:09,Martín Roberto Quevedo,,ok
4222,JModelica.png,ticket/4222/JModelica.png,17003,2017-01-21 17:42:32,Christian Kral,Simulation result determined by JModelica,ok
4222,OpenModelica_Dymola_newInitialConditions.png,ticket/4222/OpenModelica_Dymola_newInitialConditions.png,18535,2017-01-29 13:47:34,Christian Kral,"New initial conditions, comparison of OpenModelica and Dymola simulation results",ok
4222,OpenModelica_Newton.png,ticket/4222/OpenModelica_Newton.png,16523,2017-01-29 13:47:04,Christian Kral,OpenModelica 1.12.0~dev-319-gfacdc24 with Newton solver,ok
4222,SimpleModuleShadow.png,ticket/4222/SimpleModuleShadow.png,22140,2017-01-21 17:38:29,Christian Kral,Comparison of OpenModelica and Dymola,ok
4228,Test_SendOnDeltaWithTimeout.mo,ticket/4228/Test_SendOnDeltaWithTimeout.mo,2689,2017-01-23 16:55:38,anonymous,,ok
4229,BouncingBall.mo,ticket/4229/BouncingBall.mo,417,2017-01-24 12:47:08,bthiele,,ok
4229,bouncingballplot.png,ticket/4229/bouncingballplot.png,7695,2017-01-24 12:46:33,bthiele,Bouncing ball plot,ok
4229,readBB.mos,ticket/4229/readBB.mos,439,2017-01-24 12:47:33,bthiele,,ok
4229,writeBB.mos,ticket/4229/writeBB.mos,409,2017-01-24 12:47:21,bthiele,,ok
4230,Ex2_6_1.mo,ticket/4230/Ex2_6_1.mo,135,2017-01-25 07:44:36,anonymous,,ok
4232,plot.png,ticket/4232/plot.png,25080,2017-01-26 20:06:29,ceraolo,,ok
4232,screenshot.PNG,ticket/4232/screenshot.PNG,28848,2019-12-03 15:56:57,casella,,ok
4236,current.png,ticket/4236/current.png,4633,2017-01-27 06:35:27,mwetter,,ok
4236,expected.png,ticket/4236/expected.png,10991,2017-01-27 06:35:48,mwetter,,ok
4238,ControlledMixingUnit2.mo,ticket/4238/ControlledMixingUnit2.mo,251,2017-01-27 12:53:24,rfranke,,ok
4238,ControlledMixingUnit2.mos,ticket/4238/ControlledMixingUnit2.mos,113,2017-01-31 11:55:15,adeas31,,ok
4238,ControlledMixingUnit2_Error.mos,ticket/4238/ControlledMixingUnit2_Error.mos,208,2017-10-05 09:43:16,adeas31,,ok
4238,ControlledMixingUnit2_Success.mos,ticket/4238/ControlledMixingUnit2_Success.mos,261,2017-10-05 09:43:24,adeas31,,ok
4240,OMShell.png,ticket/4240/OMShell.png,43089,2017-02-10 17:33:52,Christian Kral,OMShell output,ok
4240,PhotoVoltaics.mos,ticket/4240/PhotoVoltaics.mos,262,2017-02-10 15:47:01,adeas31,,ok
4240,omeditcommunication.zip,ticket/4240/omeditcommunication.zip,289312,2017-02-10 15:31:07,Christian Kral,Requested log file,ok
4244,RedeclarationComponents.mo,ticket/4244/RedeclarationComponents.mo,3512,2017-01-30 21:53:39,Christian Kral,"Example demonstrating the ""lost"" connetors",ok
4245,Test.mo,ticket/4245/Test.mo,2153,2017-02-24 12:35:09,casella,,ok
4248,IMCNominalOperation.mo,ticket/4248/IMCNominalOperation.mo,9854,2017-01-31 19:25:13,Christian Kral,Esimulation example demonstrating the issue,ok
4248,deviation.png,ticket/4248/deviation.png,19457,2017-01-31 19:25:52,Christian Kral,Simulation result showing the deviation,ok
4248,plot-win64.png,ticket/4248/plot-win64.png,11959,2017-02-02 12:36:55,adeas31,,ok
4250,FoldingiIssue .mo,ticket/4250/FoldingiIssue .mo,15413,2017-02-02 10:11:25,ceraolo,,ok
4251,RLCPkg.mo,ticket/4251/RLCPkg.mo,2135,2017-02-02 18:22:05,ceraolo,,ok
4253,reverseTest.onb,ticket/4253/reverseTest.onb,1773,2017-02-03 12:14:47,anonymous,,ok
4254,foo.mo,ticket/4254/foo.mo,600,2017-02-08 19:30:49,casella,Correct .mo file,ok
4254,plots.png,ticket/4254/plots.png,11031,2017-02-03 18:35:00,casella,,ok
4254,ticket4254.PNG,ticket/4254/ticket4254.PNG,86087,2017-02-08 20:10:11,lochel,,ok
4255,ControlledMixingUnit2.mo,ticket/4255/ControlledMixingUnit2.mo,251,2017-02-06 08:49:14,adeas31,,ok
4255,ControlledMixingUnit2.mos,ticket/4255/ControlledMixingUnit2.mos,150,2017-02-06 08:49:36,adeas31,,ok
4256,OME.png,ticket/4256/OME.png,104555,2017-02-14 08:12:50,ceraolo,,ok
4259,VarLenLine.mo,ticket/4259/VarLenLine.mo,2953,2017-02-08 21:03:24,anonymous,,ok
4259,VarLenLine.mos,ticket/4259/VarLenLine.mos,137,2017-02-09 10:34:38,adeas31,,ok
4260,Modelica.Electrical.Analog.Examples.ChuaCircuit.js.mem,ticket/4260/Modelica.Electrical.Analog.Examples.ChuaCircuit.js.mem,7350,2017-02-09 18:15:51,anonymous,js.mem file,ok
4265,openmodelica.stacktrace.OMEdit,ticket/4265/openmodelica.stacktrace.OMEdit,164357,2017-02-11 18:16:28,ceraolo,,ok
4265,report.png,ticket/4265/report.png,22277,2017-02-11 18:11:00,ceraolo,,ok
4270,iPSL_ATotal.mo,ticket/4270/iPSL_ATotal.mo,37568,2017-02-14 14:43:40,wbraun,model A,ok
4270,iPSL_BTotal.mo,ticket/4270/iPSL_BTotal.mo,37568,2017-02-14 14:43:57,wbraun,model B,ok
4270,test.mos,ticket/4270/test.mos,284,2017-02-14 14:43:02,wbraun,test sript,ok
4270,testMSL.mos,ticket/4270/testMSL.mos,11617,2017-02-17 15:42:54,wbraun,ModelicaTest.MultiBody.Joints.RevolutePlanarLoopConstraint ,ok
4272,MyModelicaLibrary.mo,ticket/4272/MyModelicaLibrary.mo,3908,2017-02-14 20:47:04,rbackhus,SSD_PeakDetect inside MyModelicaLibrary.mo,ok
4286,OMEdit_-_OpenModelica_Connection_Editor_e_AsmaDriveCmp_-_AsmaPkg_Drives_AsmaDriveCmp__-__Diagram_.png,ticket/4286/OMEdit_-_OpenModelica_Connection_Editor_e_AsmaDriveCmp_-_AsmaPkg_Drives_AsmaDriveCmp__-__Diagram_.png,59951,2017-02-25 12:35:48,anonymous,,ok
4288,invPWMPkg.mo,ticket/4288/invPWMPkg.mo,10887,2017-02-25 23:24:29,ceraolo,,ok
4289,Reactor.mo,ticket/4289/Reactor.mo,2466,2017-02-27 13:58:13,arun3688,,ok
4290,A.mo,ticket/4290/A.mo,802,2017-02-28 14:45:33,sinisi,,ok
4290,P.mo,ticket/4290/P.mo,827,2017-10-09 17:15:05,casella,,ok
4291,MyModelicaLibrary.mo,ticket/4291/MyModelicaLibrary.mo,7797,2017-02-28 15:30:11,sprl111,Modelica source file for containing model ,ok
4293,Test.mo,ticket/4293/Test.mo,6380,2017-03-01 21:20:23,casella,Test package,ok
4293,test.mos,ticket/4293/test.mos,264,2017-03-01 21:20:49,casella,Test script,ok
4296,SimpleModule.png,ticket/4296/SimpleModule.png,18015,2017-03-03 14:11:59,Christian Kral,Example showing non-existing connections in Diagram layer,ok
4297,MutualInductanceTesting.mo,ticket/4297/MutualInductanceTesting.mo,6079,2017-03-05 22:15:02,Christian Kral,Package demonstrating issue of sum of complex quantities,ok
4299,boolean.png,ticket/4299/boolean.png,5280,2017-03-06 12:39:19,anonymous,,ok
4301,RL.mo,ticket/4301/RL.mo,2028,2017-03-09 07:37:24,anonymous,,ok
4301,RL2.mo,ticket/4301/RL2.mo,2033,2017-03-09 09:43:24,anonymous,,ok
4306,PowerUnit.mo,ticket/4306/PowerUnit.mo,2535,2017-03-14 04:42:28,ceraolo,,ok
4306,ProductUnit.mo,ticket/4306/ProductUnit.mo,473,2017-03-14 04:42:38,ceraolo,,ok
4306,testUnitNew.mo,ticket/4306/testUnitNew.mo,2083,2017-03-18 04:06:56,ceraolo,,ok
4314,CheckModel.png,ticket/4314/CheckModel.png,31915,2017-03-14 21:26:58,Christian Kral,Check Model window,ok
4314,SimulationOutput.png,ticket/4314/SimulationOutput.png,52298,2017-03-14 21:26:42,Christian Kral,Simulaton Output window,ok
4326,configure,ticket/4326/configure,130251,2017-03-16 10:00:49,nils.henkel,configure script created by autoconf,ok
4326,configure.2,ticket/4326/configure.2,331771,2017-03-21 12:52:24,nils.henkel,OMCompiler configure script,ok
4334,ticket4334.swf,ticket/4334/ticket4334.swf,1568837,2017-03-17 12:25:30,adeas31,,ok
4336,DEMOsimple.mo,ticket/4336/DEMOsimple.mo,16349,2017-03-17 16:51:28,casella,Test package,ok
4338,DisplayError.png,ticket/4338/DisplayError.png,1854,2017-03-17 17:31:46,dietmarw,,ok
4342,test.mo,ticket/4342/test.mo,582,2017-03-19 14:09:59,janK,,ok
4342,test.mos,ticket/4342/test.mos,320,2017-03-21 09:57:31,adeas31,,ok
4346,test.mo,ticket/4346/test.mo,627,2017-03-19 15:24:02,janK,,ok
4348,GUIcustomization.swf,ticket/4348/GUIcustomization.swf,5687641,2017-05-04 10:52:52,adeas31,,ok
4360,TestStaticTearing.mos,ticket/4360/TestStaticTearing.mos,483,2017-03-22 19:05:01,casella,,ok
4364,TestInnerOuterEqu.mo,ticket/4364/TestInnerOuterEqu.mo,131,2017-03-24 10:33:45,janK,,ok
4365,TestAlg.mo,ticket/4365/TestAlg.mo,339,2017-03-24 11:08:27,janK,,ok
4366,make.log,ticket/4366/make.log,283970,2017-03-24 14:23:14,nils.henkel,Output of make -j4 --debug,ok
4368,test.mo,ticket/4368/test.mo,622,2017-03-25 07:05:41,janK,,ok
4372,AfterMoving.png,ticket/4372/AfterMoving.png,21536,2017-03-27 11:03:06,Andrea.Bartolini,,ok
4372,BeforeMoving.png,ticket/4372/BeforeMoving.png,21680,2017-03-27 11:02:43,Andrea.Bartolini,,ok
4372,P1.mo,ticket/4372/P1.mo,1085,2017-03-27 11:03:46,Andrea.Bartolini,,ok
4373,Version_dymola.mo,ticket/4373/Version_dymola.mo,15473,2017-03-27 13:33:28,patilv,,ok
4373,Version_openmodelica.mo,ticket/4373/Version_openmodelica.mo,15663,2017-03-27 13:33:45,patilv,,ok
4381,test.mo,ticket/4381/test.mo,1315,2017-04-05 16:08:45,janK,,ok
4391,Test.mo,ticket/4391/Test.mo,327,2017-04-09 21:26:22,casella,,ok
4395,test-kinsol-v2.mos,ticket/4395/test-kinsol-v2.mos,1673,2017-09-06 21:12:57,casella,,ok
4395,test-kinsol-v3.mos,ticket/4395/test-kinsol-v3.mos,1632,2017-09-06 22:54:20,casella,,ok
4395,test-kinsol-v4.mos,ticket/4395/test-kinsol-v4.mos,4936,2017-09-17 22:47:04,casella,,ok
4395,test-kinsol.2.mos,ticket/4395/test-kinsol.2.mos,2853,2017-06-30 13:44:58,casella,,ok
4395,test-kinsol.mos,ticket/4395/test-kinsol.mos,2853,2017-06-30 13:45:48,casella,Self-contained test script,ok
4396,test-ida2.mos,ticket/4396/test-ida2.mos,1540,2017-09-04 19:57:40,casella,Self-contained test script,ok
4396,test-ida3.mos,ticket/4396/test-ida3.mos,1833,2017-09-08 10:15:34,casella,,ok
4406,SimulationCompletedWindows.png,ticket/4406/SimulationCompletedWindows.png,48723,2017-04-28 09:24:42,janK,,ok
4410,test.mo,ticket/4410/test.mo,441,2017-05-02 17:12:00,Andrea.Bartolini,,ok
4411,SpinArtistry.mo,ticket/4411/SpinArtistry.mo,1227,2017-05-03 20:03:56,anonymous,Model with comment characters,ok
4417,dymolascreenshot.png,ticket/4417/dymolascreenshot.png,20879,2017-05-12 10:04:30,bthiele,,ok
4417,omedit-vb-ubuntu-screenshot.png,ticket/4417/omedit-vb-ubuntu-screenshot.png,204469,2017-05-12 13:16:28,adeas31,,ok
4417,omeditscreenshot.png,ticket/4417/omeditscreenshot.png,13176,2017-05-12 10:04:41,bthiele,,ok
4421,TrapezoidParameters-New.png,ticket/4421/TrapezoidParameters-New.png,15428,2017-06-03 02:11:10,adeas31,,ok
4421,TrapezoidParameters.png,ticket/4421/TrapezoidParameters.png,78169,2017-06-02 21:48:38,Andrea.Bartolini,,ok
4428,Export.png,ticket/4428/Export.png,5207,2017-06-02 13:14:26,adeas31,,ok
4428,small.png,ticket/4428/small.png,4769,2017-05-26 10:03:47,ceraolo,,ok
4431,test.docx,ticket/4431/test.docx,28817,2017-05-31 19:57:48,ceraolo,,ok
4431,test.mo,ticket/4431/test.mo,2414,2017-05-31 19:57:39,ceraolo,,ok
4436,TestDebug.mo,ticket/4436/TestDebug.mo,196,2017-06-10 13:41:18,casella,Test case,ok
4437,ThreeSeveralPlots.png,ticket/4437/ThreeSeveralPlots.png,148602,2017-06-03 05:00:39,ceraolo,,ok
4437,TwinSmallPlots.png,ticket/4437/TwinSmallPlots.png,165609,2017-06-03 05:00:07,ceraolo,,ok
4438,Pack1.zip,ticket/4438/Pack1.zip,1911,2017-06-07 11:36:10,adeas31,,ok
4441,Incorrect calculation of stream variables.zip,ticket/4441/Incorrect calculation of stream variables.zip,10972391,2017-06-09 10:52:48,j.schulz,Example,ok
4442,Record analysis routine.zip,ticket/4442/Record analysis routine.zip,1377,2017-06-09 11:03:24,j.schulz,Example,ok
4444,TestDebug.mo,ticket/4444/TestDebug.mo,196,2017-06-10 14:14:42,casella,Test case,ok
4444,equationOperations.png,ticket/4444/equationOperations.png,2896,2017-06-10 14:15:08,casella,Content of Equations Operations window,ok
4448,Test.mo,ticket/4448/Test.mo,1029,2017-06-16 09:15:46,Moksadur Rahman,,ok
4450,PhotoVoltaics.png,ticket/4450/PhotoVoltaics.png,80301,2017-06-19 19:18:03,Christian Kral,Snapshot of http://libraries.openmodelica.org/branches/overview.html regarding PhotoVoltaics,ok
4450,PhotoVoltaics_TGM.png,ticket/4450/PhotoVoltaics_TGM.png,77808,2017-06-19 19:18:17,Christian Kral,Snapshot of http://libraries.openmodelica.org/branches/overview.html regarding PhotoVoltaics_TGM,ok
4453,Execution_Compiling_time.xlsx,ticket/4453/Execution_Compiling_time.xlsx,14341,2017-06-20 13:37:31,christos,,ok
4453,Pac_External_C_function.zip,ticket/4453/Pac_External_C_function.zip,3976,2017-06-20 13:37:23,christos,,ok
4453,Pac_OnlyFunction.zip,ticket/4453/Pac_OnlyFunction.zip,6148,2017-06-20 13:37:14,christos,,ok
4453,callgraph.dot.ps,ticket/4453/callgraph.dot.ps,14104,2017-06-23 10:12:51,christos,,ok
4453,callgrind.out.14520,ticket/4453/callgrind.out.14520,3720527,2017-06-23 10:12:38,christos,,ok
4453,main.mos,ticket/4453/main.mos,335,2017-06-23 10:11:34,christos,,ok
4455,FMIExercise.mo,ticket/4455/FMIExercise.mo,12092,2017-06-27 08:14:37,bthiele,,ok
4455,FMIExercise.pdf,ticket/4455/FMIExercise.pdf,609653,2017-06-27 08:14:46,bthiele,,ok
4455,FMIExercise_Components_PI_me_FMU.mo,ticket/4455/FMIExercise_Components_PI_me_FMU.mo,15876,2017-06-27 14:58:56,bthiele,Manually changed import file which is more closely aligned to the pseudo code in the specification,ok
4455,plot1.png,ticket/4455/plot1.png,14668,2017-06-27 08:13:36,bthiele,,ok
4455,plot2.png,ticket/4455/plot2.png,12079,2017-06-27 14:57:35,bthiele,,ok
4455,screenshot1.png,ticket/4455/screenshot1.png,15505,2017-06-27 08:13:26,bthiele,,ok
4460,Bildschirmfoto 2017-07-13 um 15.14.58.png,ticket/4460/Bildschirmfoto 2017-07-13 um 15.14.58.png,126945,2017-07-13 13:16:36,hkiel,,ok
4463,tool_tip.png,ticket/4463/tool_tip.png,36055,2017-07-05 12:18:18,Christian Kral,Tool tip in OpenModelica Editor,ok
4464,modelDescriptionXXX.xml,ticket/4464/modelDescriptionXXX.xml,606,2017-07-07 12:14:25,bthiele,,ok
4465,dialog.png,ticket/4465/dialog.png,17478,2017-07-07 13:25:57,bthiele,,ok
4466,trial.mo,ticket/4466/trial.mo,863,2017-07-07 13:39:06,bthiele,,ok
4466,unicycle.mo,ticket/4466/unicycle.mo,1507,2017-07-07 13:38:56,bthiele,,ok
4466,unicycle1.fmu,ticket/4466/unicycle1.fmu,1014648,2017-07-07 13:38:44,bthiele,,ok
4469,TestRename.mo,ticket/4469/TestRename.mo,15343,2017-10-13 20:01:20,ceraolo,,ok
4472,Image.png,ticket/4472/Image.png,75952,2017-09-13 16:14:31,ceraolo,,ok
4475,HugeLog.mo,ticket/4475/HugeLog.mo,374,2018-02-16 09:49:04,casella,,ok
4476,Inertia.svg,ticket/4476/Inertia.svg,29657,2017-07-23 12:56:05,Christian Kral,Exported SVG file,ok
4476,Inertia.svg_screenshot.png,ticket/4476/Inertia.svg_screenshot.png,23571,2017-07-23 12:56:26,Christian Kral,PNG screenshot of exported SVG file,ok
4478,SimulationSetup.png,ticket/4478/SimulationSetup.png,65357,2017-07-25 15:32:28,Christian Kral,Simulation setup dialog,ok
4481,PI_discreet.mo,ticket/4481/PI_discreet.mo,992,2017-07-31 04:51:30,rahul.dutta.bits,PI contoller,ok
4481,discreetPIoutput.png,ticket/4481/discreetPIoutput.png,14260,2017-07-31 04:50:40,rahul.dutta.bits,output plot,ok
4481,discreetPIoutput1.png,ticket/4481/discreetPIoutput1.png,16054,2017-07-31 04:51:04,rahul.dutta.bits,plot 2,ok
4481,test_pwm_driver.mo,ticket/4481/test_pwm_driver.mo,789,2017-07-31 04:51:57,rahul.dutta.bits,PI control testing,ok
4482,post.mo,ticket/4482/post.mo,24092,2017-08-02 08:44:46,pravinkumar.dalve,problem is commented at the end of column1 model.,ok
4483,Bug.zip,ticket/4483/Bug.zip,309880,2017-08-02 10:30:17,casella,Test case,ok
4484,post.mo,ticket/4484/post.mo,24580,2017-08-02 11:03:38,pravinkumar.dalve,The issue is commented at the end of Column1 model ,ok
4487,OMLog.txt,ticket/4487/OMLog.txt,584,2017-08-04 23:08:03,daniel.fischer,OMLog.txt,ok
4490,MSL.png,ticket/4490/MSL.png,19646,2017-08-06 17:20:25,ceraolo,,ok
4490,Trunk.png,ticket/4490/Trunk.png,23008,2017-08-06 17:18:52,ceraolo,,ok
4492,DocumentationView.png,ticket/4492/DocumentationView.png,82628,2017-08-07 10:13:19,Christian Kral,Documentation View does not work,ok
4494,Jumping_linkage.png,ticket/4494/Jumping_linkage.png,37483,2017-08-07 21:01:31,crupp,Plot,ok
4494,Loop.mo,ticket/4494/Loop.mo,5065,2017-08-07 21:00:48,crupp,Probelmatic model,ok
4498,EPInit.mo,ticket/4498/EPInit.mo,3458,2017-08-15 15:02:20,bthiele,,ok
4500,erraticWhenCondition.pdf,ticket/4500/erraticWhenCondition.pdf,214268,2017-08-16 04:38:22,anonymous,,ok
4501,QuadraticSpeedDependentTorque.png,ticket/4501/QuadraticSpeedDependentTorque.png,54606,2017-08-16 08:51:20,Christian Kral,Wrong display unit conversion,ok
4502,test.mos,ticket/4502/test.mos,623,2017-08-18 13:56:37,perost,,ok
4504,test.mos,ticket/4504/test.mos,1760,2019-06-25 08:29:06,casella,,ok
4505,plug_pin.png,ticket/4505/plug_pin.png,24228,2017-10-21 19:14:02,Christian Kral,"Plug do not show their names, pins show their names ",ok
4505,plug_pin_missing_text.2.png,ticket/4505/plug_pin_missing_text.2.png,26824,2017-10-21 19:18:33,Christian Kral,Missing text of plugs (corrected version),ok
4505,plug_pin_missing_text.png,ticket/4505/plug_pin_missing_text.png,26820,2017-10-21 19:17:16,Christian Kral,Missing text of plugs,ok
4509,test.mos,ticket/4509/test.mos,857,2017-09-04 16:19:15,casella,Test case,ok
4510,test-nonlin-v3.mos,ticket/4510/test-nonlin-v3.mos,1593,2017-09-06 22:59:56,casella,,ok
4510,test-nonlin.mos,ticket/4510/test-nonlin.mos,1236,2017-09-04 20:56:33,casella,,ok
4514,CrashWindow.png,ticket/4514/CrashWindow.png,28168,2017-09-06 14:23:33,bthiele,,ok
4514,DrainTime.mo,ticket/4514/DrainTime.mo,1732,2017-09-06 14:23:55,bthiele,,ok
4519,Efficiency.mo,ticket/4519/Efficiency.mo,3346,2017-09-30 14:27:17,Christian Kral,Test example tracing the problem,ok
4519,TestElectroMechanicalDrives.2.mo,ticket/4519/TestElectroMechanicalDrives.2.mo,1047,2017-10-04 20:38:20,dr.christian.kral,New version of example 1 with inertia,ok
4519,TestElectroMechanicalDrives.mo,ticket/4519/TestElectroMechanicalDrives.mo,749,2017-09-11 11:13:17,Christian Kral,Example 1,ok
4519,TestElectroMechanicalDrives2.2.mo,ticket/4519/TestElectroMechanicalDrives2.2.mo,1558,2017-10-04 20:38:35,dr.christian.kral,New version of example 2 with inertia,ok
4519,TestElectroMechanicalDrives2.mo,ticket/4519/TestElectroMechanicalDrives2.mo,1243,2017-09-11 11:13:34,Christian Kral,Example 2,ok
4524,test.mo,ticket/4524/test.mo,337,2017-09-19 10:40:15,janK,,ok
4535,QuickRInverterSingle.mo,ticket/4535/QuickRInverterSingle.mo,3675,2017-09-28 16:24:33,Pierre Haessig,model to reproduce the singularity issue,ok
4535,rL_loops_1.png,ticket/4535/rL_loops_1.png,9538,2017-10-19 05:41:03,vwaurich,bipartite graph,ok
4536,copyClass.mos,ticket/4536/copyClass.mos,235,2017-10-09 10:26:16,adeas31,,ok
4538,IMC_YD.mo,ticket/4538/IMC_YD.mo,10776,2017-10-01 08:34:37,Christian Kral,New MSL model with __OpenModelica annotation,ok
4544,test.mos,ticket/4544/test.mos,371,2017-10-05 14:57:19,perost,Test case,ok
4545,MWE.mo,ticket/4545/MWE.mo,9120,2017-10-06 09:45:25,casella,,ok
4545,MWE_2017_10_06.mo,ticket/4545/MWE_2017_10_06.mo,852,2017-10-06 09:45:34,casella,,ok
4551,Connections.png,ticket/4551/Connections.png,7699,2017-10-08 18:04:56,Christian Kral,Image showing connections not be allowed,ok
4554,BugOEdit.png,ticket/4554/BugOEdit.png,87567,2017-10-10 09:53:23,thomas.pedot,Snapshot,ok
4555,diamond_inheritance_duplicate_parameters_in_dialog.png,ticket/4555/diamond_inheritance_duplicate_parameters_in_dialog.png,24434,2017-10-10 15:11:36,anonymous,Screenshot of OMEdit Parameters dialog for thesubmodel,ok
4555,mwe_duplicate_parameters.mo,ticket/4555/mwe_duplicate_parameters.mo,618,2017-10-10 15:12:17,anonymous,Minimal working example that reproduces the redundant parameters dialog lines from diamond-inherited parameters,ok
4556,DummyPkg.zip,ticket/4556/DummyPkg.zip,1850,2017-10-10 17:50:49,olivleno,,ok
4557,DummyPkg.zip,ticket/4557/DummyPkg.zip,1850,2017-10-10 18:06:45,olivleno,,ok
4558,ButaneTestModel_dT.mo,ticket/4558/ButaneTestModel_dT.mo,727,2017-10-12 12:23:07,perost,Minimal test model,ok
4563,NestedStateMachine.png,ticket/4563/NestedStateMachine.png,37985,2017-10-13 15:24:06,bthiele,,ok
4563,SMGraphicalTestCases.mo,ticket/4563/SMGraphicalTestCases.mo,42177,2017-10-13 15:22:52,bthiele,,ok
4563,SMGraphicalTestCases_DeepHierarchy.mos,ticket/4563/SMGraphicalTestCases_DeepHierarchy.mos,719,2017-10-13 15:23:04,bthiele,,ok
4567,OMEdit_SimulationToolbar.png,ticket/4567/OMEdit_SimulationToolbar.png,308391,2017-10-16 09:26:06,anonymous,,ok
4569,RL.mo,ticket/4569/RL.mo,1970,2017-10-17 08:48:40,ceraolo,,ok
4569,RL_DYM.mat,ticket/4569/RL_DYM.mat,18657,2017-10-17 08:49:10,ceraolo,,ok
4569,RL_DYM.png,ticket/4569/RL_DYM.png,40157,2017-10-17 08:49:37,ceraolo,,ok
4569,RL_OM.mat,ticket/4569/RL_OM.mat,109249,2017-10-17 08:49:21,ceraolo,,ok
4569,RL_OM.png,ticket/4569/RL_OM.png,51456,2017-10-17 08:49:45,ceraolo,,ok
4570,StateMachine.png,ticket/4570/StateMachine.png,18197,2017-10-16 16:48:27,Andrea.Bartolini,,ok
4570,TwoStatesMachine1.mos,ticket/4570/TwoStatesMachine1.mos,198,2017-10-17 07:41:47,bthiele,,ok
4570,dialog.png,ticket/4570/dialog.png,77538,2017-10-16 15:05:31,bthiele,,ok
4570,plot_cppruntime.png,ticket/4570/plot_cppruntime.png,30895,2017-10-17 07:41:33,bthiele,,ok
4571,test.mos,ticket/4571/test.mos,259,2017-10-16 14:10:42,perost,,ok
4573,OMEdit.png,ticket/4573/OMEdit.png,208446,2017-10-18 09:56:15,adeas31,,ok
4576,StateMachine.png,ticket/4576/StateMachine.png,9314,2017-10-19 14:30:41,Andrea.Bartolini,,ok
4576,TwoStatesMachine2.mo,ticket/4576/TwoStatesMachine2.mo,1514,2017-10-17 17:26:21,Andrea.Bartolini,,ok
4580,StateMachine.png,ticket/4580/StateMachine.png,9314,2017-10-19 14:43:40,Andrea.Bartolini,,ok
4580,TwoStatesMachine2.mo,ticket/4580/TwoStatesMachine2.mo,2394,2017-10-19 15:18:15,Andrea.Bartolini,,ok
4581,PowerGrids.Electrical.Test.OneBusLineLoad1.mos,ticket/4581/PowerGrids.Electrical.Test.OneBusLineLoad1.mos,190,2017-10-21 00:57:36,adeas31,,ok
4581,PowerGrids.Electrical.Test.OneBusLineLoad1_res.mat,ticket/4581/PowerGrids.Electrical.Test.OneBusLineLoad1_res.mat,33333,2017-10-20 10:14:15,Andrea.Bartolini,,ok
4582,RL.mo,ticket/4582/RL.mo,2112,2017-10-22 20:02:36,ceraolo,,ok
4582,RL.png,ticket/4582/RL.png,125902,2017-10-22 20:02:58,ceraolo,,ok
4582,RL.txt,ticket/4582/RL.txt,61984,2017-10-22 20:02:46,ceraolo,,ok
4583,Table.txt,ticket/4583/Table.txt,95,2017-10-30 14:47:20,ceraolo,C:\Work\TestFiles,ok
4583,TestTxtFile.mo,ticket/4583/TestTxtFile.mo,813,2017-10-30 14:47:02,ceraolo,,ok
4585,CopyPaste.png,ticket/4585/CopyPaste.png,179690,2018-02-28 12:02:26,adeas31,,ok
4585,Shot.png,ticket/4585/Shot.png,95017,2018-02-28 13:17:45,ceraolo,,ok
4588,units.mo,ticket/4588/units.mo,1687,2017-10-25 08:07:26,ceraolo,,ok
4594,P.zip,ticket/4594/P.zip,1063,2017-10-26 16:18:04,casella,,ok
4595,P.zip,ticket/4595/P.zip,1242,2017-10-26 16:22:29,casella,,ok
4595,P1.zip,ticket/4595/P1.zip,1872,2017-10-26 19:49:15,adeas31,,ok
4595,TestMovePackage.mo,ticket/4595/TestMovePackage.mo,167,2018-09-03 09:24:41,casella,,ok
4597,omedit.ini,ticket/4597/omedit.ini,14983,2017-10-30 11:53:04,Andrea.Bartolini,,ok
4608,TestParameterUnits.mo,ticket/4608/TestParameterUnits.mo,450,2017-11-03 11:39:32,casella,,ok
4608,script.mos,ticket/4608/script.mos,168,2019-07-03 11:18:46,adeas31,,ok
4617,main.log,ticket/4617/main.log,11639808,2017-11-07 13:36:19,dersh,Log file for failed build,ok
4618,stateMachine.mo,ticket/4618/stateMachine.mo,596,2017-11-08 14:22:36,vwaurich,,ok
4618,stateMachine2.mo,ticket/4618/stateMachine2.mo,459,2017-11-08 15:11:10,bthiele,Modified stateMachine.mo example without when-clause,ok
4623,Example.zip,ticket/4623/Example.zip,2199,2017-11-11 02:05:00,jabozzo,,ok
4623,Example_fix.zip,ticket/4623/Example_fix.zip,1086,2017-11-12 03:14:24,jabozzo,Fix of duplicated classes,ok
4624,TestMove.mo,ticket/4624/TestMove.mo,5084,2017-11-11 23:26:13,ceraolo,,ok
4625,DF.mo,ticket/4625/DF.mo,3422,2017-11-12 08:44:54,ceraolo,,ok
4632,TestP.mo,ticket/4632/TestP.mo,9695,2017-11-16 09:07:10,ceraolo,,ok
4634,SimpleSynch3.zip,ticket/4634/SimpleSynch3.zip,71646,2017-11-18 05:56:08,dma,,ok
4636,energymode.mo,ticket/4636/energymode.mo,841,2017-11-20 10:35:11,perost,,ok
4641,Part1.fmu,ticket/4641/Part1.fmu,1251735,2017-11-21 08:54:14,Andreas Nicolai,,ok
4645,ConnectingLinesOMNew.png,ticket/4645/ConnectingLinesOMNew.png,4447,2018-01-16 12:50:06,adeas31,,ok
4645,ConnectionOnTop.png,ticket/4645/ConnectionOnTop.png,2109,2018-01-16 12:50:22,adeas31,,ok
4645,ConnectionUnderComponent.png,ticket/4645/ConnectionUnderComponent.png,2102,2018-01-16 12:50:29,adeas31,,ok
4645,CrossingLines.mo,ticket/4645/CrossingLines.mo,1467,2018-01-11 06:56:44,ceraolo,,ok
4645,CrossingLinesDYM.png,ticket/4645/CrossingLinesDYM.png,7281,2018-01-11 06:56:53,ceraolo,,ok
4645,CrossingLinesOM.png,ticket/4645/CrossingLinesOM.png,5489,2018-01-11 06:57:02,ceraolo,,ok
4645,Dymola.png,ticket/4645/Dymola.png,7770,2017-11-27 07:28:23,ceraolo,,ok
4645,FB.mo,ticket/4645/FB.mo,2645,2020-06-07 07:07:02,ceraolo,,ok
4645,OM.png,ticket/4645/OM.png,3965,2017-11-27 07:28:33,ceraolo,,ok
4645,QSensorDym.png,ticket/4645/QSensorDym.png,96616,2021-10-15 12:45:49,ceraolo,,ok
4645,QSensorOM.png,ticket/4645/QSensorOM.png,19157,2021-10-15 12:46:10,ceraolo,,ok
4645,TestConn.mo,ticket/4645/TestConn.mo,12779,2021-10-15 12:45:35,ceraolo,,ok
4650,HelmholtzMedia.mos,ticket/4650/HelmholtzMedia.mos,116,2017-11-30 10:13:21,adeas31,,ok
4650,omeditcommunication.log,ticket/4650/omeditcommunication.log,2457600,2017-11-30 09:20:48,anonymous,from Ubuntu,ok
4651,RecordParamBug.mo,ticket/4651/RecordParamBug.mo,784,2017-12-01 16:28:42,Pierre Haessig,package to reproduce issue #4651,ok
4652,Test.mo,ticket/4652/Test.mo,391,2017-12-01 17:22:23,Andrea.Bartolini,,ok
4654,ScalableTestSuite.Electrical.BreakerCircuits.Verification.BreakerNetwork_3_Array.mos,ticket/4654/ScalableTestSuite.Electrical.BreakerCircuits.Verification.BreakerNetwork_3_Array.mos,17190,2017-12-02 05:20:47,adrpo,,ok
4658,Test.mo,ticket/4658/Test.mo,417,2017-12-06 09:18:24,Andrea.Bartolini,,ok
4659,PipeExample.mo,ticket/4659/PipeExample.mo,10663,2017-12-06 15:54:21,casella,,ok
4659,diagram1.png,ticket/4659/diagram1.png,6154,2017-12-06 15:57:42,casella,,ok
4659,diagram2.png,ticket/4659/diagram2.png,6685,2017-12-06 15:57:51,casella,,ok
4671,TestP.mo,ticket/4671/TestP.mo,9530,2017-12-08 18:05:29,ceraolo,,ok
4672,Icons.png,ticket/4672/Icons.png,31776,2017-12-10 14:50:57,Christian Kral,Screenshot of OpenModelica showing only a green icon of Modelica.Thermal.HeatTransfer.Examples,ok
4673,MSLIconsBAD.png,ticket/4673/MSLIconsBAD.png,59606,2017-12-11 11:27:37,Andrea.Bartolini,,ok
4673,MSLIconsOK.png,ticket/4673/MSLIconsOK.png,51078,2017-12-11 11:27:45,Andrea.Bartolini,,ok
4674,ParameterExtendsTest.mo,ticket/4674/ParameterExtendsTest.mo,875,2017-12-13 11:53:29,niklwors,,ok
4674,ParameterExtendsTest.mos,ticket/4674/ParameterExtendsTest.mos,927,2017-12-13 11:53:20,niklwors,,ok
4677,OMEditScreenshot.png,ticket/4677/OMEditScreenshot.png,121421,2017-12-14 15:35:34,bthiele,,ok
4687,openmodelica.stacktrace.OMEdit,ticket/4687/openmodelica.stacktrace.OMEdit,153226,2017-12-18 13:21:33,casella,,ok
4697,test.mo,ticket/4697/test.mo,484,2017-12-22 17:47:16,Andrea.Bartolini,,ok
4701,MagTest.mo,ticket/4701/MagTest.mo,629,2018-01-08 19:12:29,zbigniew.wolanski,,ok
4710,test_line.mo,ticket/4710/test_line.mo,907,2018-01-16 04:04:16,ali.shirazi,test case to reproduce the described warning,ok
4710,weather.motab,ticket/4710/weather.motab,350693,2018-01-16 04:04:56,ali.shirazi,The weather file from which line 7 is read,ok
4712,PowerGrids.zip.gpg,ticket/4712/PowerGrids.zip.gpg,163278,2018-01-17 16:21:32,casella,Encrypted library with test case,ok
4721,TestNoDescription.png,ticket/4721/TestNoDescription.png,7716,2018-01-24 15:04:57,Christian Kral,Image showing that the description is missing,ok
4723,dymola.png,ticket/4723/dymola.png,11593,2018-01-26 19:11:24,dietmarw,,ok
4723,openmodelica.png,ticket/4723/openmodelica.png,8401,2018-01-26 19:11:34,dietmarw,,ok
4723,test.mo,ticket/4723/test.mo,7221,2018-01-26 19:11:08,dietmarw,,ok
4727,10-ptrace.conf,ticket/4727/10-ptrace.conf,1292,2018-01-30 10:02:36,Andrea.Bartolini,,ok
4727,OMEditError.png,ticket/4727/OMEditError.png,47271,2018-01-30 10:02:04,Andrea.Bartolini,,ok
4727,omeditbacktracecommands.txt,ticket/4727/omeditbacktracecommands.txt,57,2018-01-30 10:02:47,Andrea.Bartolini,,ok
4727,ptrace_scope,ticket/4727/ptrace_scope,2,2018-01-30 10:02:25,Andrea.Bartolini,,ok
4733,ScriptingError.png,ticket/4733/ScriptingError.png,7293,2018-01-30 17:11:23,Christian Kral,Scripting error after starting OMEdit,ok
4737,transf.2.svg,ticket/4737/transf.2.svg,26187,2018-02-01 11:29:55,ceraolo,,ok
4737,transf.svg,ticket/4737/transf.svg,26187,2018-02-01 11:29:17,ceraolo,,ok
4742,IssueFem.mo,ticket/4742/IssueFem.mo,11273,2018-02-02 06:52:40,ceraolo,,ok
4742,fem.png,ticket/4742/fem.png,6959,2018-02-03 07:53:30,ceraolo,,ok
4742,simpler.png,ticket/4742/simpler.png,5965,2018-02-03 08:01:40,ceraolo,,ok
4742,simplerTest.mo,ticket/4742/simplerTest.mo,5282,2018-02-03 08:01:32,ceraolo,,ok
4747,all-symbols.txt,ticket/4747/all-symbols.txt,737617,2018-02-15 14:12:18,adrpo,all symbols in all the lib/omc/cpp/*.a ,ok
4748,TestFuncMulti_1.mo,ticket/4748/TestFuncMulti_1.mo,640,2018-02-07 05:18:06,Ali Shirazi,TestCase 1,ok
4748,TestFuncMulti_2.mo,ticket/4748/TestFuncMulti_2.mo,852,2018-02-07 05:18:29,Ali Shirazi,TestCase 2,ok
4748,TestFuncMulti_3.mo,ticket/4748/TestFuncMulti_3.mo,744,2018-02-07 05:18:43,Ali Shirazi,TestCase 3,ok
4755,execstat_with_explicit_gc.txt,ticket/4755/execstat_with_explicit_gc.txt,4857,2018-02-16 10:26:45,sjoelund.se,Ran execstat with GC for each logged event,ok
4765,M.mo,ticket/4765/M.mo,2847,2018-02-15 14:44:52,dietmarw,,ok
4767,MotorControl.mo,ticket/4767/MotorControl.mo,5473,2018-02-15 19:06:13,Christian Kral,Example demonstrating the issue,ok
4771,TestDimensions.png,ticket/4771/TestDimensions.png,42144,2018-02-19 14:31:24,Christian Kral,Attribute window,ok
4773,BouncingBall.mo,ticket/4773/BouncingBall.mo,623,2018-12-03 11:09:15,adeas31,,ok
4773,BouncingBall.mos,ticket/4773/BouncingBall.mos,215,2018-12-03 11:09:26,adeas31,,ok
4773,OMEditOutput.png,ticket/4773/OMEditOutput.png,29747,2018-03-02 12:30:56,adeas31,,ok
4773,Terminal.png,ticket/4773/Terminal.png,35950,2018-03-02 12:31:05,adeas31,,ok
4773,omedit.ini,ticket/4773/omedit.ini,14522,2018-11-30 05:27:07,rfranke,,ok
4775,frontend_bench.zip,ticket/4775/frontend_bench.zip,20012,2018-02-20 11:00:07,ulfsen,,ok
4781,M.mo,ticket/4781/M.mo,482,2019-06-22 17:05:10,casella,,ok
4781,MM.mo,ticket/4781/MM.mo,29,2019-06-24 12:50:52,adeas31,,ok
4781,MM.mos,ticket/4781/MM.mos,520,2019-06-24 12:50:59,adeas31,,ok
4781,diff.png,ticket/4781/diff.png,52291,2019-06-24 13:52:48,adrpo,,ok
4781,log.txt,ticket/4781/log.txt,7927,2019-06-22 16:26:33,casella,,ok
4781,log2.txt,ticket/4781/log2.txt,3840,2019-06-22 17:04:31,casella,,ok
4781,log3.txt,ticket/4781/log3.txt,23867,2019-06-22 17:04:41,casella,,ok
4786,test.mos,ticket/4786/test.mos,487,2018-03-01 16:07:15,perost,,ok
4789,Screenshot 2018-03-06.png,ticket/4789/Screenshot 2018-03-06.png,115804,2018-03-06 13:57:57,ceraolo,,ok
4789,Test.mo,ticket/4789/Test.mo,13437,2018-03-02 17:38:45,ceraolo,,ok
4790,DragFolder.mo,ticket/4790/DragFolder.mo,3301,2018-03-02 18:32:42,ceraolo,,ok
4790,Message.png,ticket/4790/Message.png,27481,2019-11-20 16:34:50,ceraolo,,ok
4790,Test1.mo,ticket/4790/Test1.mo,10185,2018-03-02 18:32:31,ceraolo,,ok
4793,Modelica.Electrical.QuasiStationary.SinglePhase.Examples.SeriesBode.png,ticket/4793/Modelica.Electrical.QuasiStationary.SinglePhase.Examples.SeriesBode.png,28108,2019-03-09 16:53:13,Christian Kral,Simulation result,ok
4793,OMversion.png,ticket/4793/OMversion.png,151018,2019-03-11 14:04:44,Christian Kral,OM version ,ok
4793,SeriesBode.2.png,ticket/4793/SeriesBode.2.png,147020,2019-03-11 14:05:17,Christian Kral,SeriesBode simulation result including MSL version number,ok
4793,SeriesBode.png,ticket/4793/SeriesBode.png,37235,2019-03-11 10:53:41,perost,,ok
4793,SeriesBode_windows.png,ticket/4793/SeriesBode_windows.png,271422,2019-03-11 15:41:25,Christian Kral,SeriesBode on Windows 7 with OMEdit 1.13.1,ok
4793,screen.png,ticket/4793/screen.png,31957,2018-03-05 14:50:55,Christian Kral,Result plot of Modelica.Electrical.QuasiStationary.SinglePhase.Examples.SeriesBode,ok
4795,Log_SimpleModelWithSubstructure.txt,ticket/4795/Log_SimpleModelWithSubstructure.txt,15993,2018-03-06 13:46:28,niklwors,,ok
4795,Log_SimpleModelWithoutSubstructure.txt,ticket/4795/Log_SimpleModelWithoutSubstructure.txt,13310,2018-03-06 13:16:08,niklwors,,ok
4799,KeepStructure.png,ticket/4799/KeepStructure.png,13479,2019-03-24 10:54:56,Christian Kral,Keep structure causes not all icons to be shown,ok
4799,P.zip,ticket/4799/P.zip,1035,2019-02-20 10:43:17,adeas31,,ok
4802,DocumentationBrowser.png,ticket/4802/DocumentationBrowser.png,339871,2019-04-03 18:45:49,adeas31,,ok
4802,DocumentationWidget.html,ticket/4802/DocumentationWidget.html,1993,2018-03-16 08:21:59,Andreas Nicolai,"The documentation html file generated by OM Edit and shown in the view. The HTML is wrong, the viewer works.",ok
4802,doc_render_bug_omedit_nightly_0.13.png,ticket/4802/doc_render_bug_omedit_nightly_0.13.png,567891,2018-03-16 08:01:18,Andreas Nicolai,Bug persists on OMEdit 0.13 (nightly),ok
4802,documentation_browser_bug.png,ticket/4802/documentation_browser_bug.png,490594,2018-03-15 07:06:14,Andreas Nicolai,,ok
4809,TestInheritanceGUI.mo,ticket/4809/TestInheritanceGUI.mo,531,2018-03-16 16:11:11,casella,,ok
4810,TestDAEMode.mo,ticket/4810/TestDAEMode.mo,277,2018-03-16 16:25:11,casella,,ok
4810,test.mos,ticket/4810/test.mos,645,2018-03-16 16:25:24,casella,,ok
4828,TestComplexConnect.mo,ticket/4828/TestComplexConnect.mo,1308,2018-03-20 13:27:26,casella,,ok
4839,BugConnection.mo,ticket/4839/BugConnection.mo,2312,2018-03-23 16:31:15,ceraolo,,ok
4839,BugConnection.svg,ticket/4839/BugConnection.svg,87214,2018-03-23 16:31:29,ceraolo,,ok
4839,BugConnection2.png,ticket/4839/BugConnection2.png,7651,2019-11-20 16:47:18,ceraolo,,ok
4840,BugSources.mo,ticket/4840/BugSources.mo,2216,2018-03-23 16:48:29,ceraolo,,ok
4840,Plot1.png,ticket/4840/Plot1.png,12970,2018-03-23 16:48:40,ceraolo,,ok
4840,Plot2.png,ticket/4840/Plot2.png,11819,2018-03-23 16:48:49,ceraolo,,ok
4870,Test.mo,ticket/4870/Test.mo,1376,2018-04-06 17:08:37,casella,,ok
4871,Test.mo,ticket/4871/Test.mo,1376,2018-04-06 17:22:35,casella,,ok
4872,TestComplexConnect.mo,ticket/4872/TestComplexConnect.mo,1308,2018-04-06 21:42:09,casella,,ok
4885,generateRefs2.mos,ticket/4885/generateRefs2.mos,37213,2018-06-10 22:24:35,casella,,ok
4895,test.mos,ticket/4895/test.mos,507,2018-04-20 11:25:52,perost,,ok
4901,TestPackageInheritance.mo,ticket/4901/TestPackageInheritance.mo,1561,2018-04-25 09:42:18,casella,,ok
4903,HeatPumpTest.7z,ticket/4903/HeatPumpTest.7z,422192,2018-04-27 06:00:13,Andreas Nicolai,,ok
4905,TestProtectedConnector.mo,ticket/4905/TestProtectedConnector.mo,550,2018-04-27 16:41:39,casella,,ok
4908,SteamCycle_01_total.mo,ticket/4908/SteamCycle_01_total.mo,546778,2018-04-29 14:17:58,adrpo,,ok
4935,TableTest.mo,ticket/4935/TableTest.mo,499,2018-05-11 07:00:10,ceraolo,,ok
4936,GameofLife.mo,ticket/4936/GameofLife.mo,1820,2018-05-11 09:32:55,vsanz,model file,ok
4937,2018-05-11 (4).png,ticket/4937/2018-05-11 (4).png,63916,2018-05-11 11:06:41,ceraolo,,ok
4937,Comparison.pdf,ticket/4937/Comparison.pdf,73060,2019-06-03 21:46:05,ceraolo,,ok
4937,PlotCutShot.png,ticket/4937/PlotCutShot.png,73214,2018-06-14 14:40:46,ceraolo,,ok
4937,RefSpeed.mo,ticket/4937/RefSpeed.mo,447,2018-07-20 09:13:09,ceraolo,,ok
4937,plotCut.Svg,ticket/4937/plotCut.Svg,57724,2018-06-14 14:40:38,ceraolo,,ok
4937,refSpeed.png,ticket/4937/refSpeed.png,4095,2018-07-20 09:13:20,ceraolo,,ok
4937,refSpeed.svg,ticket/4937/refSpeed.svg,112620,2018-07-20 09:13:30,ceraolo,,ok
4939,TestMod.mo,ticket/4939/TestMod.mo,203,2018-05-13 14:28:50,casella,,ok
4944,InvSVPWM.mo,ticket/4944/InvSVPWM.mo,6242,2018-05-18 09:20:54,ceraolo,,ok
4947,test-resullllllllllllllllllllllllllllllllllllllllllllllllllllts.txt,ticket/4947/test-resullllllllllllllllllllllllllllllllllllllllllllllllllllts.txt,361369,2018-05-22 07:57:27,anonymous,,ok
4951,OneModel_FMU.log,ticket/4951/OneModel_FMU.log,285,2018-05-23 13:10:29,nboldi,,ok
4951,OneModel_FMU.makefile,ticket/4951/OneModel_FMU.makefile,566,2018-05-23 13:10:42,nboldi,,ok
4951,OneModel_info.json,ticket/4951/OneModel_info.json,1432,2018-05-23 13:10:54,nboldi,,ok
4956,Connections_.mo,ticket/4956/Connections_.mo,2402,2018-08-23 15:34:33,ceraolo,,ok
4956,DYM_Bus1Bus2.png,ticket/4956/DYM_Bus1Bus2.png,46551,2018-08-23 15:34:57,ceraolo,,ok
4956,DYM_Bus3Bus4.png,ticket/4956/DYM_Bus3Bus4.png,44872,2018-08-23 15:35:07,ceraolo,,ok
4956,DYM_Step1Integ1.png,ticket/4956/DYM_Step1Integ1.png,44862,2018-08-23 15:35:15,ceraolo,,ok
4956,DYM_Step2Integ2.png,ticket/4956/DYM_Step2Integ2.png,46640,2018-08-23 15:35:24,ceraolo,,ok
4956,OM_Bus3Bus4.png,ticket/4956/OM_Bus3Bus4.png,66099,2018-08-23 15:36:00,ceraolo,,ok
4956,OM_Step1Integ1.png,ticket/4956/OM_Step1Integ1.png,66208,2018-08-23 15:36:08,ceraolo,,ok
4956,OM_Step2Integ2.png,ticket/4956/OM_Step2Integ2.png,65872,2018-08-23 15:36:16,ceraolo,,ok
4956,OM_bus1Bus2.png,ticket/4956/OM_bus1Bus2.png,65853,2018-08-23 15:35:49,ceraolo,,ok
4956,Simplest.png,ticket/4956/Simplest.png,14866,2018-05-28 05:57:51,ceraolo,,ok
4956,Simplest.svg,ticket/4956/Simplest.svg,143470,2018-05-28 05:57:40,ceraolo,,ok
4959,TestModel1.fmu,ticket/4959/TestModel1.fmu,14566861,2018-06-01 12:22:58,frape315,TestModel1 FMU file for the example above,ok
4959,TestModel3.fmu,ticket/4959/TestModel3.fmu,14567862,2018-06-01 12:29:36,frape315,TestModel3 FMU file for the example above,ok
4967,screenshot.png,ticket/4967/screenshot.png,169258,2018-07-05 21:42:45,casella,,ok
4973,TestComplex.mo,ticket/4973/TestComplex.mo,619,2018-06-03 17:12:46,casella,,ok
4975,TestOptAnn.mo,ticket/4975/TestOptAnn.mo,2608,2018-06-05 07:46:14,ceraolo,,ok
4977,E10_linear.fmu,ticket/4977/E10_linear.fmu,17085927,2018-06-05 10:16:43,anonymous,,ok
4977,E10_linear.mo,ticket/4977/E10_linear.mo,258,2018-06-05 10:16:22,anonymous,,ok
4977,fmu.mos,ticket/4977/fmu.mos,147,2018-06-05 10:16:08,anonymous,,ok
4977,pyfmi_test_script.py,ticket/4977/pyfmi_test_script.py,2019,2018-06-05 10:17:10,anonymous,,ok
4979,InputOptIssues.mo,ticket/4979/InputOptIssues.mo,5741,2018-06-08 15:22:47,ceraolo,,ok
4984,NoExe.PNG,ticket/4984/NoExe.PNG,19654,2018-06-14 21:31:08,Michael Esser,,ok
4986,Test.mo,ticket/4986/Test.mo,198,2018-06-15 09:51:58,casella,,ok
5033,TestOuter.mo,ticket/5033/TestOuter.mo,594,2018-07-04 09:42:40,casella,,ok
5035,Modelica.Mechanics.MultiBody.Examples.Elementary.DoublePendulum.fmu,ticket/5035/Modelica.Mechanics.MultiBody.Examples.Elementary.DoublePendulum.fmu,1871086,2018-07-06 01:01:51,adrpo,"this one only depends on: kernel32.dll, msvcrt.dll, user32.dll",ok
5035,Modelica_Mechanics_MultiBody_Examples_Elementary_DoublePendulum.2.fmu,ticket/5035/Modelica_Mechanics_MultiBody_Examples_Elementary_DoublePendulum.2.fmu,18067155,2018-07-05 15:44:07,adrpo,FMU compiled with -static-libgcc -static-libstdc++,ok
5035,Modelica_Mechanics_MultiBody_Examples_Elementary_DoublePendulum.fmu,ticket/5035/Modelica_Mechanics_MultiBody_Examples_Elementary_DoublePendulum.fmu,17724057,2018-07-05 15:24:11,Marcus Åberg,,ok
5042,fmuproba.fmu,ticket/5042/fmuproba.fmu,4947,2018-07-11 10:56:27,anonymous,,ok
5047,Resimulate.mo,ticket/5047/Resimulate.mo,3304,2018-07-17 07:55:29,ceraolo,,ok
5048,Test.mo,ticket/5048/Test.mo,1711,2018-07-20 19:16:18,ceraolo,,ok
5048,script.mos,ticket/5048/script.mos,850,2019-02-06 10:46:55,adeas31,,ok
5049,dassl.PNG,ticket/5049/dassl.PNG,22787,2018-07-23 12:52:15,casella,,ok
5049,ida.PNG,ticket/5049/ida.PNG,19901,2018-07-23 12:52:24,casella,,ok
5049,step-sizes-kinsol.png,ticket/5049/step-sizes-kinsol.png,6195,2018-08-04 12:22:18,casella,,ok
5049,step-sizes-standard-solver.png,ticket/5049/step-sizes-standard-solver.png,6947,2018-08-04 11:31:13,casella,,ok
5054,ScalableTestSuite.Mechanical.FlexibleBeam.ScaledExperiments.FlexibleBeamModelica_N_2.svg,ticket/5054/ScalableTestSuite.Mechanical.FlexibleBeam.ScaledExperiments.FlexibleBeamModelica_N_2.svg,21835,2018-08-02 14:36:29,adrpo,,ok
5059,step-sizes-kinsol.png,ticket/5059/step-sizes-kinsol.png,6195,2018-08-06 11:03:32,casella,,ok
5059,step-sizes-standard-solver.png,ticket/5059/step-sizes-standard-solver.png,6947,2018-08-06 11:03:20,casella,,ok
5064,vd.mo,ticket/5064/vd.mo,25880,2018-08-12 13:38:08,adrpo,,ok
5065,pid.mo,ticket/5065/pid.mo,82729,2018-08-18 17:06:06,adrpo,,ok
5067,main.log,ticket/5067/main.log,21497290,2018-08-21 13:33:29,dersh,,ok
5081,omeditcommands.mos,ticket/5081/omeditcommands.mos,44,2018-08-23 07:08:02,trlo,,ok
5081,omeditcommunication.log,ticket/5081/omeditcommunication.log,38,2018-08-23 07:07:43,trlo,,ok
5081,openmodelica.stacktrace.OMEdit,ticket/5081/openmodelica.stacktrace.OMEdit,6856,2018-08-23 07:07:15,trlo,,ok
5100,mirror.sh,ticket/5100/mirror.sh,2385,2018-09-12 09:34:51,sjoelund.se,apt-mirror script,ok
5101,TestStreamConnectors.mo,ticket/5101/TestStreamConnectors.mo,5105,2018-08-30 16:47:09,casella,,ok
5103,MoonLander.fmu,ticket/5103/MoonLander.fmu,652552,2018-09-03 11:47:45,Boldizsár Németh,,ok
5103,WorldModel.fmu,ticket/5103/WorldModel.fmu,18420,2018-09-03 11:47:57,Boldizsár Németh,,ok
5103,moonlander.lua,ticket/5103/moonlander.lua,526,2018-09-03 11:48:24,Boldizsár Németh,,ok
5103,moonlander_outputs.png,ticket/5103/moonlander_outputs.png,16703,2018-09-04 13:01:27,lochel,Alg. loop (size 3),ok
5104,TestStreamConnectorsNoActualStreamEvaluateParams.mo,ticket/5104/TestStreamConnectorsNoActualStreamEvaluateParams.mo,36277,2018-09-05 06:29:06,casella,,ok
5105,RL3.mo,ticket/5105/RL3.mo,1924,2018-09-02 09:03:57,ceraolo,,ok
5116,test.mo,ticket/5116/test.mo,2793,2018-09-12 12:38:40,perost,Minimal model,ok
5122,Skærmbillede 2018-09-10 kl. 16.33.35.png,ticket/5122/Skærmbillede 2018-09-10 kl. 16.33.35.png,1116617,2018-09-12 19:45:18,anonymous,screenshot of the error message,ok
5134,RecordPassedToFunction.mo,ticket/5134/RecordPassedToFunction.mo,572,2018-09-21 11:02:54,c.schulze,,ok
5135,PartialApplication.mo,ticket/5135/PartialApplication.mo,3073,2018-09-21 14:04:28,c.schulze,,ok
5136,Test.mo,ticket/5136/Test.mo,415,2018-09-22 13:05:09,ceraolo,,ok
5136,Test.txt,ticket/5136/Test.txt,312,2018-09-22 13:05:17,ceraolo,,ok
5137,TestSine.mo,ticket/5137/TestSine.mo,480,2018-09-25 12:37:35,bebi,Test file to open with OMEdit,ok
5139,comparison.xlsx,ticket/5139/comparison.xlsx,10664,2019-05-27 15:25:05,AnHeuermann,Comparision between homotpy with fixed and adaptive steps,ok
5139,resultAdaptiveStepsize.xml,ticket/5139/resultAdaptiveStepsize.xml,535536,2019-05-27 15:23:54,AnHeuermann,Results for failing tests with adaptive homotopy,ok
5139,resultFixedStepsize.xml,ticket/5139/resultFixedStepsize.xml,1898379,2019-05-27 15:24:29,AnHeuermann,Results for failing tests with fixed stepsize homotopy,ok
5141,TestFlowLowDP.mo,ticket/5141/TestFlowLowDP.mo,6420,2018-10-08 17:47:48,casella,Test package,ok
5145,DarkGrayItalicParameter.png,ticket/5145/DarkGrayItalicParameter.png,11029,2018-10-04 20:51:56,adeas31,,ok
5145,DarkGrayParameter.png,ticket/5145/DarkGrayParameter.png,10869,2018-10-04 20:51:48,adeas31,,ok
5145,GrayBg.png,ticket/5145/GrayBg.png,10698,2018-10-04 10:41:18,adeas31,,ok
5145,GrayBoldParameter.png,ticket/5145/GrayBoldParameter.png,10985,2018-10-04 21:09:22,adeas31,,ok
5145,GrayParameter.png,ticket/5145/GrayParameter.png,10986,2018-10-04 20:51:39,adeas31,,ok
5145,ItalicParameters.png,ticket/5145/ItalicParameters.png,10922,2018-10-04 20:51:29,adeas31,,ok
5145,ThickBorder.png,ticket/5145/ThickBorder.png,10711,2018-10-04 10:41:25,adeas31,,ok
5147,Capture.JPG,ticket/5147/Capture.JPG,68784,2018-10-02 07:33:28,anonymous,log scale,ok
5148,TestInt.mo,ticket/5148/TestInt.mo,246,2018-10-02 15:07:08,anatoly.trosinenko,,ok
5148,TestInt.mos,ticket/5148/TestInt.mos,69,2018-10-02 15:07:22,anatoly.trosinenko,,ok
5148,input.csv,ticket/5148/input.csv,29,2018-10-02 15:07:41,anatoly.trosinenko,,ok
5149,TestInt.mo,ticket/5149/TestInt.mo,58,2018-10-02 15:17:41,anatoly.trosinenko,,ok
5150,DCDrive.mo,ticket/5150/DCDrive.mo,26202,2018-10-03 18:00:58,jordeam,Source code,ok
5150,s1.png,ticket/5150/s1.png,213263,2018-10-03 17:59:12,jordeam,simulation using Modelica.Blocks.Discrete.ZeroOrderHold,ok
5150,s2.png,ticket/5150/s2.png,188467,2018-10-03 17:59:53,jodeam,Simulation using new ZOH.,ok
5152,test.zip,ticket/5152/test.zip,1285,2018-10-05 16:18:47,federico.terraneo,,ok
5164,TestWrongModifier.mo,ticket/5164/TestWrongModifier.mo,310,2018-10-10 19:25:37,casella,,ok
5166,Modelica.Electrical.QuasiStationary.SinglePhase.Examples.SeriesResonance.png,ticket/5166/Modelica.Electrical.QuasiStationary.SinglePhase.Examples.SeriesResonance.png,17204,2018-10-11 15:26:52,Christian Kral,Frequency response locus of current of series resonance circuit,ok
5166,Modelica.Mechanics.MultiBody.Examples.Elementary.DoublePendulum.png,ticket/5166/Modelica.Mechanics.MultiBody.Examples.Elementary.DoublePendulum.png,27027,2018-10-11 15:27:08,Christian Kral,Trajectory of double pendulum,ok
5169,SinglePhase_setState_b_inlinedOnly.mo,ticket/5169/SinglePhase_setState_b_inlinedOnly.mo,2527,2018-10-24 09:58:50,casella,,ok
5169,SinglePhase_setState_b_stateOnly.mo,ticket/5169/SinglePhase_setState_b_stateOnly.mo,2430,2018-10-24 09:58:29,casella,,ok
5169,SinglePhase_setState_b_state_ph.mo,ticket/5169/SinglePhase_setState_b_state_ph.mo,2428,2018-10-24 09:58:39,casella,,ok
5169,SinglePhase_setState_b_state_ph2.mo,ticket/5169/SinglePhase_setState_b_state_ph2.mo,2396,2018-10-24 10:26:02,casella,,ok
5169,SinglePhase_setState_b_state_ph3.mo,ticket/5169/SinglePhase_setState_b_state_ph3.mo,2412,2018-10-24 10:26:12,casella,,ok
5170,GenerationOfFMUs.mo,ticket/5170/GenerationOfFMUs.mo,3047,2018-10-12 11:21:42,casella,,ok
5175,TestPackage.zip,ticket/5175/TestPackage.zip,525,2019-01-31 15:10:04,casella,Zip file of the package,ok
5187,P.mo,ticket/5187/P.mo,19,2018-12-10 11:59:33,casella,,ok
5187,P.zip,ticket/5187/P.zip,839,2018-12-23 17:44:47,casella,,ok
5187,script.mos,ticket/5187/script.mos,656,2019-01-14 09:42:43,adeas31,,ok
5192,Error.png,ticket/5192/Error.png,21235,2019-05-24 22:53:24,igor.timofeyev,,ok
5192,TempOMEdit.zip,ticket/5192/TempOMEdit.zip,1787,2019-06-07 06:12:54,anonymous,,ok
5195,Files.zip,ticket/5195/Files.zip,1410,2018-10-29 10:48:06,andrea.baratta.fontanellato,In the zipped folder are located the two files mentioned in the Tcket,ok
5204,SynchronBase.mo,ticket/5204/SynchronBase.mo,1630,2019-01-16 13:55:33,perost,Minimal model,ok
5210,MeasuringTemperature4.mo,ticket/5210/MeasuringTemperature4.mo,3582,2018-11-08 10:19:44,casella,,ok
5219,issue_B.mo,ticket/5219/issue_B.mo,2985,2018-11-15 10:39:09,lochel,,ok
5221,TestEvents.mo,ticket/5221/TestEvents.mo,169,2018-11-20 15:14:19,anatoly.trosinenko,,ok
5228,OneDirection.mo,ticket/5228/OneDirection.mo,389,2018-12-03 13:40:19,Boldizsár Németh,,ok
5228,one-direction.lua,ticket/5228/one-direction.lua,447,2018-12-03 13:39:59,Boldizsár Németh,,ok
5252,TestPriorities.mo,ticket/5252/TestPriorities.mo,399,2018-12-17 19:18:56,casella,,ok
5256,AlgebraicLoop.zip.gpg,ticket/5256/AlgebraicLoop.zip.gpg,66468,2019-01-14 11:26:24,contacto,Test library,ok
5258,NewMaster.mo,ticket/5258/NewMaster.mo,710,2018-12-28 08:49:41,J-Ph Tavella,,ok
5258,OneState.mo,ticket/5258/OneState.mo,532,2018-12-28 08:49:53,J-Ph Tavella,,ok
5259,temp.mo,ticket/5259/temp.mo,8757,2018-12-28 09:30:20,J-Ph Tavella,,ok
5260,temp.mo,ticket/5260/temp.mo,12592,2018-12-28 15:16:24,J-Ph Tavella,,ok
5260,temp2.mo,ticket/5260/temp2.mo,12361,2019-01-07 09:28:15,J-Ph Tavella,,ok
5261,main.2.log,ticket/5261/main.2.log,7467789,2019-05-07 13:00:31,dersh,,ok
5261,main.log,ticket/5261/main.log,6677289,2019-05-03 18:11:52,dersh,Log of May 3 attempt,ok
5261,main1.log,ticket/5261/main1.log,389106,2018-12-31 15:17:10,dersh,Initial Build log,ok
5261,main2.log,ticket/5261/main2.log,2533660,2018-12-31 15:17:42,dersh,Log after header additions,ok
5267,example.mo,ticket/5267/example.mo,295,2019-01-09 09:30:27,J-Ph Tavella,,ok
5267,exampleCS-OM.fmu,ticket/5267/exampleCS-OM.fmu,1328899,2019-01-09 09:30:46,J-Ph Tavella,,ok
5268,omedit_formatting.png,ticket/5268/omedit_formatting.png,29614,2019-01-09 10:31:35,dariomangoni,formatting example,ok
5270,Lib.mo,ticket/5270/Lib.mo,136,2019-01-11 14:23:18,rfranke,,ok
5281,Buildings.Fluid.FixedResistances.Validation.PlugFlowPipes.PlugFlowAIT_res.mat,ticket/5281/Buildings.Fluid.FixedResistances.Validation.PlugFlowPipes.PlugFlowAIT_res.mat,5787779,2021-03-08 12:51:41,AnHeuermann,,ok
5281,Buildings.Fluid.FixedResistances.Validation.PlugFlowPipes.PlugFlowULg_res.mat,ticket/5281/Buildings.Fluid.FixedResistances.Validation.PlugFlowPipes.PlugFlowULg_res.mat,715804,2021-03-08 12:51:52,AnHeuermann,,ok
5281,Buildings.Fluid.FixedResistances.Validation.PlugFlowPipes.TransportWaterAir_res.mat,ticket/5281/Buildings.Fluid.FixedResistances.Validation.PlugFlowPipes.TransportWaterAir_res.mat,569019,2021-03-08 12:52:02,AnHeuermann,,ok
5281,Graph.png,ticket/5281/Graph.png,17936,2021-05-28 16:14:46,AnHeuermann,out1 vs out1_exact,ok
5281,PlugFlowAIT.mat,ticket/5281/PlugFlowAIT.mat,1370479,2021-03-18 00:36:39,casella,,ok
5281,PlugFlowULg.mat,ticket/5281/PlugFlowULg.mat,253255,2021-03-18 00:36:51,casella,,ok
5281,Test1_out1_OMEdit.png,ticket/5281/Test1_out1_OMEdit.png,539740,2021-02-26 17:19:15,AnHeuermann,,ok
5281,TestSpatialDistribution.mo,ticket/5281/TestSpatialDistribution.mo,4806,2021-04-06 13:56:55,casella,,ok
5281,TransportWaterAir.mat,ticket/5281/TransportWaterAir.mat,264179,2021-03-18 00:37:03,casella,,ok
5281,ZeroCrossingFunction.png,ticket/5281/ZeroCrossingFunction.png,1411358,2021-03-05 09:22:32,AnHeuermann,,ok
5288,MSL NF Issues.ods,ticket/5288/MSL NF Issues.ods,25013,2020-01-15 07:38:10,casella,,ok
5290,100-percent.PNG,ticket/5290/100-percent.PNG,249572,2019-01-22 23:17:31,casella,,ok
5290,125-percent.PNG,ticket/5290/125-percent.PNG,151086,2019-01-29 19:24:39,casella,,ok
5290,150-percent.PNG,ticket/5290/150-percent.PNG,278529,2019-01-22 23:18:08,casella,,ok
5290,Screen Shot 2020-11-05 at 12.13.06 PM.png,ticket/5290/Screen Shot 2020-11-05 at 12.13.06 PM.png,1555418,2020-11-05 17:15:30,dersh,,ok
5291,script.mos,ticket/5291/script.mos,235,2019-01-29 14:46:01,adeas31,,ok
5293,test.fmu,ticket/5293/test.fmu,10902664,2019-01-23 12:43:27,dariomangoni,test_fmu,ok
5293,test.mo,ticket/5293/test.mo,861,2019-01-23 13:06:12,dariomangoni,Modelica code used to generate the FMU,ok
5312,Test.mo,ticket/5312/Test.mo,312,2019-02-03 17:32:10,casella,,ok
5318,log.txt,ticket/5318/log.txt,36843,2019-02-07 14:32:55,dariomangoni,buildModelFMU log,ok
5326,encrypted.png,ticket/5326/encrypted.png,4718,2019-02-11 09:02:15,niklwors,,ok
5326,unencrypted.png,ticket/5326/unencrypted.png,6439,2019-02-11 09:02:30,niklwors,,ok
5329,Global.png,ticket/5329/Global.png,48408,2019-02-14 11:16:21,adeas31,,ok
5329,Local.png,ticket/5329/Local.png,21448,2019-02-14 11:16:29,adeas31,,ok
5330,myinput.csv,ticket/5330/myinput.csv,29,2019-02-11 17:57:36,dariomangoni,csv example file,ok
5330,test_input.mo,ticket/5330/test_input.mo,1049,2019-02-11 17:57:05,dariomangoni,trivial example model,ok
5331,BraytonCycleLibraryReplica.mo,ticket/5331/BraytonCycleLibraryReplica.mo,9209,2019-02-11 23:08:27,kieranroyfung,,ok
5331,BraytonCycleLibraryReplica_fixed_redeclares.mo,ticket/5331/BraytonCycleLibraryReplica_fixed_redeclares.mo,9180,2019-02-12 14:51:31,adrpo,,ok
5341,Rankine_HRSG.mo,ticket/5341/Rankine_HRSG.mo,7420,2019-02-15 20:00:13,KieranF,Rankine Power Cycle,ok
5343,FilterReadOnly.png,ticket/5343/FilterReadOnly.png,358277,2019-02-18 18:32:58,Christian Kral,Screenshot of read only behavior,ok
5343,script.mos,ticket/5343/script.mos,164,2019-02-19 09:42:29,adeas31,,ok
5344,script.mos,ticket/5344/script.mos,630,2019-02-18 15:06:26,adeas31,,ok
5347,SynapticModelicaServices.png,ticket/5347/SynapticModelicaServices.png,48628,2019-03-14 10:42:51,Christian Kral,MSL pacakges installed through repository,ok
5347,SynapticPackages.png,ticket/5347/SynapticPackages.png,61453,2019-03-14 10:42:15,Christian Kral,Packages installed,ok
5347,modelica.png,ticket/5347/modelica.png,16882,2019-05-27 14:28:48,Christian Kral,Modelica 3.2.3 installed version,ok
5349,HRSG_3LRh.mo,ticket/5349/HRSG_3LRh.mo,15063,2019-02-19 23:51:48,KieranF,HRSG Component File,ok
5349,HRSG_3LRh_BaseClass.mo,ticket/5349/HRSG_3LRh_BaseClass.mo,4877,2019-02-19 23:52:13,KieranF,HRSG Base Class File,ok
5349,Practice_Rankine_HRSG.2.mo,ticket/5349/Practice_Rankine_HRSG.2.mo,5035,2019-02-20 16:55:21,KieranF,Updated Practice_Rankine_HRSG file,ok
5349,Practice_Rankine_HRSG.mo,ticket/5349/Practice_Rankine_HRSG.mo,4739,2019-02-19 23:51:26,KieranF,HRSG Rankine Power Cycle ,ok
5351,BraytonCycle_CombinedCycle_1.mo,ticket/5351/BraytonCycle_CombinedCycle_1.mo,9148,2019-02-21 00:13:55,KieranF,Brayton Cycle Model,ok
5351,CombinedCycle.mo,ticket/5351/CombinedCycle.mo,4511,2019-02-21 00:12:51,KieranF,Main Model holding all other respected models inside it,ok
5351,HRSG_3LRh.mo,ticket/5351/HRSG_3LRh.mo,15063,2019-02-21 00:13:22,KieranF,HRSG Component File,ok
5351,HRSG_3LRh_BaseClass.mo,ticket/5351/HRSG_3LRh_BaseClass.mo,4877,2019-02-21 00:13:08,KieranF,HRSG Base Class File,ok
5352,2019-02-21 11:03:04.277646.mkv,ticket/5352/2019-02-21 11_03_04.277646.mkv,6921448,2019-02-21 10:09:52,dietmarw,,ok
5352,OpenIPSL.mo,ticket/5352/OpenIPSL.mo,1337876,2019-02-21 10:09:35,dietmarw,,ok
5355,Test.zip,ticket/5355/Test.zip,1366,2019-02-22 08:51:43,Andrea.Bartolini,,ok
5360,toplevel.mos,ticket/5360/toplevel.mos,655,2019-02-26 10:16:32,adeas31,,ok
5360,within.mos,ticket/5360/within.mos,724,2019-02-26 10:16:41,adeas31,,ok
5363,ClosedLoop-Model.png,ticket/5363/ClosedLoop-Model.png,157858,2019-02-28 18:39:43,adeas31,,ok
5363,ClosedLoop-Simulation.png,ticket/5363/ClosedLoop-Simulation.png,171169,2019-02-28 18:40:10,adeas31,,ok
5363,ClosedLoopTotal.mo,ticket/5363/ClosedLoopTotal.mo,543261,2019-02-28 15:45:10,KieranF,Rankine Closed Loop Simulator,ok
5363,Failed Closed Loop Rankine Cycle - Accessed through downloaded ThermoPower Master Branch.PNG,ticket/5363/Failed Closed Loop Rankine Cycle - Accessed through downloaded ThermoPower Master Branch.PNG,208962,2019-02-28 20:45:20,KieranF,Failed Closed Loop Rankine Cycle - Accessed through downloaded ThermoPower Master Branch,ok
5363,Failed Closed Loop Rankine Cycle - Opaque and White Diagram View with consistent error messages preventing simulation.PNG,ticket/5363/Failed Closed Loop Rankine Cycle - Opaque and White Diagram View with consistent error messages preventing simulation.PNG,248488,2019-02-28 20:57:02,KieranF,Failed Closed Loop Rankine Cycle - Opaque and White Diagram View with consistent error messages preventing simulation,ok
5363,Working Closed Loop Rankine Cycle - All White Interface (Diagram View).PNG,ticket/5363/Working Closed Loop Rankine Cycle - All White Interface (Diagram View).PNG,168538,2019-02-28 20:59:19,KieranF,Working Closed Loop Rankine Cycle - All White Interface (Diagram View),ok
5363,Working Closed Loop Rankine Cycle - All White System Interface Including Consistent System errors.PNG,ticket/5363/Working Closed Loop Rankine Cycle - All White System Interface Including Consistent System errors.PNG,232154,2019-02-28 20:51:22,KieranF,Working Closed Loop Rankine Cycle - All White System Interface Including Consistent System errors,ok
5363,Working Closed Loop Rankine Cycle - ThermoPower Accessed through OMEdit.PNG,ticket/5363/Working Closed Loop Rankine Cycle - ThermoPower Accessed through OMEdit.PNG,131579,2019-02-28 20:42:54,KieranF,Working Closed Loop Rankine Cycle - ThermoPower Accessed through OMEdit,ok
5366,BouncingBallFMI20.fmu,ticket/5366/BouncingBallFMI20.fmu,1345427,2019-03-01 13:29:41,AnHeuermann,Bouncing Ball FMU,ok
5366,BouncingBallFMI20_me_FMU.mo,ticket/5366/BouncingBallFMI20_me_FMU.mo,13953,2019-03-01 13:30:07,AnHeuermann,Generated model by OMEdit import,ok
5367,BouncingBallFMI20.fmu,ticket/5367/BouncingBallFMI20.fmu,1345426,2019-03-01 13:53:17,AnHeuermann,Bouncing Ball FMU,ok
5367,Results.PNG,ticket/5367/Results.PNG,76780,2020-06-30 09:45:08,AnHeuermann,"Height ""h"" of BouncingBall",ok
5367,WronResultsBouncingBall.png,ticket/5367/WronResultsBouncingBall.png,168814,2020-06-11 11:18:16,AnHeuermann,"Bouncing ball example: Red=OMSimulator result for h, Blue=FMUCheck result for h",ok
5368,Brayton - Diagram View With Errors.PNG,ticket/5368/Brayton - Diagram View With Errors.PNG,224014,2019-03-01 16:06:35,KieranF,,ok
5368,Brayton - Simulation Compiler Errors Claimed.PNG,ticket/5368/Brayton - Simulation Compiler Errors Claimed.PNG,106862,2019-03-01 16:06:54,KieranF,,ok
5368,BraytonPowerCycle.mo,ticket/5368/BraytonPowerCycle.mo,8627,2019-03-01 16:07:12,KieranF,,ok
5368,BraytonPowerCycle_Plant.mo,ticket/5368/BraytonPowerCycle_Plant.mo,843,2019-03-01 16:07:35,KieranF,,ok
5371,HX_Check_Successful.mo,ticket/5371/HX_Check_Successful.mo,4114,2019-03-04 17:04:04,KieranF,Heat Exchanger Working Model ,ok
5374,HX_Turbine_Check.mo_UnSuccessful.2.mo,ticket/5374/HX_Turbine_Check.mo_UnSuccessful.2.mo,5832,2019-03-04 22:52:54,KieranF,"Updated File, most relevant to use and simulate",ok
5374,HX_Turbine_Check.mo_UnSuccessful.mo,ticket/5374/HX_Turbine_Check.mo_UnSuccessful.mo,4461,2019-03-04 22:36:45,KieranF,,ok
5375,DEMO_v9.mo,ticket/5375/DEMO_v9.mo,5207,2019-03-05 09:42:57,jan.peter.axelsson,"Running ""test"" will give an error message",ok
5375,d9_app7_test.py,ticket/5375/d9_app7_test.py,2215,2019-03-08 08:18:07,jan.peter.axelsson,Application code to be used together with library code DEMO_v9 you already got,ok
5376,HX_Check_Successful.mo,ticket/5376/HX_Check_Successful.mo,4114,2019-03-05 17:00:59,KieranF,Heat Exchanger Working Model ,ok
5377,TestUpdate.mo,ticket/5377/TestUpdate.mo,9945,2019-04-10 14:17:19,ceraolo,,ok
5381,Thermal1Dalgorithmic.mo,ticket/5381/Thermal1Dalgorithmic.mo,1243,2019-03-12 12:32:37,federico.terraneo,,ok
5382,Thermal1Dalgorithmic.mo,ticket/5382/Thermal1Dalgorithmic.mo,1244,2019-03-12 12:39:38,federico.terraneo,,ok
5383,BooleanIssue.mo,ticket/5383/BooleanIssue.mo,20457,2019-03-12 16:15:58,Jean-Philippe Tavella,,ok
5384,RealIssue.mo,ticket/5384/RealIssue.mo,20494,2019-03-12 16:44:57,Jean-Philippe Tavella,,ok
5386,KeyWordIO_0.9.0.png,ticket/5386/KeyWordIO_0.9.0.png,143014,2019-03-12 21:28:57,Christian Kral,KeyWordIO license file,ok
5386,MSL_3.2.3.png,ticket/5386/MSL_3.2.3.png,84853,2019-03-12 21:28:39,Christian Kral,MSL 3.2.3 license file,ok
5391,HX_Pump_2_Superheater_2_HPTurbine.mo,ticket/5391/HX_Pump_2_Superheater_2_HPTurbine.mo,5347,2019-03-14 19:52:15,KieranF,,ok
5392,BasicAeroEngines.mo,ticket/5392/BasicAeroEngines.mo,6627,2019-03-16 12:01:17,casella,,ok
5393,TestDuplicate.mo,ticket/5393/TestDuplicate.mo,173,2019-03-16 12:06:02,casella,,ok
5395,TestEachDisplayUnit.mo,ticket/5395/TestEachDisplayUnit.mo,524,2019-03-18 18:59:44,casella,,ok
5397,media.mos,ticket/5397/media.mos,120,2019-04-24 09:00:44,adeas31,Another crash case,ok
5397,script.mos,ticket/5397/script.mos,110,2019-03-20 19:23:09,adeas31,,ok
5398,5398.mos,ticket/5398/5398.mos,209,2019-03-19 17:45:39,adeas31,,ok
5400,5400.mos,ticket/5400/5400.mos,221,2019-03-22 22:10:21,adeas31,,ok
5400,AccBrake.txt,ticket/5400/AccBrake.txt,97,2019-03-22 17:27:49,ceraolo,,ok
5400,myEVpkg.mo,ticket/5400/myEVpkg.mo,17435,2019-03-22 17:27:55,ceraolo,,ok
5400,wbEHPTLib.mo,ticket/5400/wbEHPTLib.mo,190143,2019-03-22 17:28:03,ceraolo,,ok
5408,TestAnnotation.mo,ticket/5408/TestAnnotation.mo,329,2019-03-26 22:27:15,casella,,ok
5409,paradiseo-cmake.patch,ticket/5409/paradiseo-cmake.patch,1454,2019-06-01 12:26:51,anonymous,paradisEO cmake patch,ok
5410,5410.mos,ticket/5410/5410.mos,866,2019-03-27 20:46:09,adeas31,,ok
5410,indented.mos,ticket/5410/indented.mos,672,2019-03-29 09:50:59,adeas31,,ok
5411,ThermoPower_HX_Economizer.mo,ticket/5411/ThermoPower_HX_Economizer.mo,4028,2019-03-28 21:57:57,KieranF,Economizer Heat Exchanger,ok
5412,NEDC.txt,ticket/5412/NEDC.txt,11105,2019-03-29 07:17:53,ceraolo,,ok
5412,test.mo,ticket/5412/test.mo,14776,2019-03-29 07:17:41,ceraolo,,ok
5413,test.mo,ticket/5413/test.mo,14776,2019-03-29 07:34:00,ceraolo,,ok
5414,ThermoPower_HRSG_Econ_Evap.mo,ticket/5414/ThermoPower_HRSG_Econ_Evap.mo,6326,2019-03-29 17:49:28,KieranF,,ok
5416,picture.png,ticket/5416/picture.png,144010,2019-03-31 00:04:35,ceraolo,,ok
5418,image.png,ticket/5418/image.png,64934,2019-04-02 17:46:36,casella,,ok
5419,errorMessages.PNG,ticket/5419/errorMessages.PNG,90227,2019-04-03 11:34:01,RSchiemann,error messages shown in OMEdit,ok
5421,FMU-WORKING-EXAMPLE.txt,ticket/5421/FMU-WORKING-EXAMPLE.txt,5862,2019-04-09 05:59:33,FBXon2ROX,FMU access working session,ok
5421,Modelica.Blocks.Continuous.FirstOrder.fmu,ticket/5421/Modelica.Blocks.Continuous.FirstOrder.fmu,1257929,2019-04-04 04:54:07,anonymous,First order is not working,ok
5421,Modelica_Blocks_Continuous_SecondOrder_64bits.fmu,ticket/5421/Modelica_Blocks_Continuous_SecondOrder_64bits.fmu,1222134,2019-04-04 04:54:42,anonymous,2nd order is working,ok
5421,STRANGE-OCCURENCE-LOAD.txt,ticket/5421/STRANGE-OCCURENCE-LOAD.txt,6868,2019-04-10 02:06:38,FBXon2ROX,Detailed steps fo the callbackfunctions fmu instantiation (static not working case),ok
5422,omeditcommunication.log,ticket/5422/omeditcommunication.log,3096162,2019-04-04 19:48:09,adrpo,the omedit-omc communication for debugging.,ok
5423,Test2.mo,ticket/5423/Test2.mo,2093,2019-04-05 05:59:34,ceraolo,,ok
5425,Test.txt,ticket/5425/Test.txt,312,2019-04-07 20:39:23,ceraolo,,ok
5425,Test3.mo,ticket/5425/Test3.mo,532,2019-04-07 20:39:57,ceraolo,,ok
5431,LookupTest.fmu,ticket/5431/LookupTest.fmu,10837178,2019-07-06 16:44:24,Arinomo,,ok
5438,omeditcommunication.log,ticket/5438/omeditcommunication.log,3125271,2019-04-23 07:48:25,kasandranas,,ok
5440,wheel.stl,ticket/5440/wheel.stl,4909184,2019-04-18 05:32:18,vwaurich,,ok
5447,BasScale.png,ticket/5447/BasScale.png,11322,2021-06-29 16:42:29,ceraolo,,ok
5447,PlotXY64.exe,ticket/5447/PlotXY64.exe,19850240,2021-04-22 18:32:42,ceraolo,,ok
5447,TestUnitMultiples.mo,ticket/5447/TestUnitMultiples.mo,936,2021-04-16 15:04:14,casella,,ok
5447,TestUnitMultiples2.mo,ticket/5447/TestUnitMultiples2.mo,1619,2021-04-22 18:33:00,ceraolo,,ok
5447,TestUnitMultiples3.mo,ticket/5447/TestUnitMultiples3.mo,3143,2021-04-24 15:15:58,ceraolo,,ok
5447,exportedOM.png,ticket/5447/exportedOM.png,10050,2020-11-16 11:14:07,ceraolo,,ok
5447,exportedXY.png,ticket/5447/exportedXY.png,7725,2020-11-16 11:13:20,ceraolo,,ok
5447,plot.PNG,ticket/5447/plot.PNG,18384,2021-04-24 23:27:20,casella,,ok
5447,screen.png,ticket/5447/screen.png,304289,2021-04-25 11:13:30,ceraolo,,ok
5447,screen242.png,ticket/5447/screen242.png,51265,2021-04-27 05:30:51,ceraolo,,ok
5447,screenOM.png,ticket/5447/screenOM.png,52506,2020-11-16 11:13:45,ceraolo,,ok
5447,screenXY.png,ticket/5447/screenXY.png,12853,2020-11-16 11:13:33,ceraolo,,ok
5447,screens.pdf,ticket/5447/screens.pdf,77637,2021-04-22 18:36:30,ceraolo,,ok
5447,with-prefix.png,ticket/5447/with-prefix.png,22325,2021-04-21 19:21:27,adeas31,,ok
5447,without-prefix.png,ticket/5447/without-prefix.png,21598,2021-04-21 19:21:46,adeas31,,ok
5448,Model1.mo,ticket/5448/Model1.mo,221,2019-07-10 19:56:29,Arinomo,Initial Model,ok
5448,Model1Total.mo,ticket/5448/Model1Total.mo,314,2019-07-10 19:56:47,Arinomo,Save Total Model,ok
5448,Smith_patSpec.mo,ticket/5448/Smith_patSpec.mo,27904,2019-04-30 00:21:52,filip.jezek,"The file, saved by Save Total, error during the load.",ok
5448,TestPackage.mo,ticket/5448/TestPackage.mo,161,2019-07-10 19:56:11,Arinomo,Source Package,ok
5452,AIMC_index_red.log,ticket/5452/AIMC_index_red.log,28925,2019-11-04 15:54:19,Karim.Abdelhak,index reduction log after ASSC algorithm,ok
5452,IMCD.mo,ticket/5452/IMCD.mo,14832,2020-08-28 12:49:59,Christian Kral,Delta connected induction machine example not simulating,ok
5452,IMCD2.mo,ticket/5452/IMCD2.mo,16023,2020-08-28 13:00:42,Christian Kral,"Model IMCD.mo extended by ""dummy"" star resistances",ok
5452,IMCD2.png,ticket/5452/IMCD2.png,70679,2020-08-28 13:01:05,Christian Kral,Diagram view of IMDC2.mo,ok
5452,Inverter.png,ticket/5452/Inverter.png,17036,2019-07-02 22:33:43,casella,,ok
5452,TestIndexReduction.mo,ticket/5452/TestIndexReduction.mo,5286,2019-06-18 17:11:44,casella,,ok
5452,TestIndexReduction2.mo,ticket/5452/TestIndexReduction2.mo,8542,2019-06-18 17:11:58,casella,,ok
5452,TestIndexReduction3.mo,ticket/5452/TestIndexReduction3.mo,5249,2019-06-20 09:28:06,casella,,ok
5452,TestIndexReduction4.mo,ticket/5452/TestIndexReduction4.mo,7910,2019-06-20 09:28:14,casella,,ok
5452,TestIndexReduction5.mo,ticket/5452/TestIndexReduction5.mo,5166,2019-06-25 07:58:17,casella,,ok
5452,resolveLoopsCycle.bmp,ticket/5452/resolveLoopsCycle.bmp,1553814,2019-06-25 13:05:18,Karim.Abdelhak,,ok
5452,resolveLoopsCycle.graphml,ticket/5452/resolveLoopsCycle.graphml,23693,2019-06-25 13:05:31,Karim.Abdelhak,,ok
5455,Test.mo,ticket/5455/Test.mo,17781,2019-05-03 21:29:13,ceraolo,,ok
5459,HeatingSystem.mo,ticket/5459/HeatingSystem.mo,6690,2019-06-27 23:06:22,casella,,ok
5459,HeatingSystem2.mo,ticket/5459/HeatingSystem2.mo,5547,2019-06-27 23:25:25,casella,,ok
5459,HeatingSystem2_blt.log,ticket/5459/HeatingSystem2_blt.log,60867,2019-07-01 09:18:44,Karim.Abdelhak,-d=bltdump of HeatingSystem2.mo,ok
5459,HeatingSystem3.mo,ticket/5459/HeatingSystem3.mo,5591,2019-07-01 15:32:59,casella,,ok
5459,TestStateSelect.mo,ticket/5459/TestStateSelect.mo,6678,2019-07-02 14:43:11,casella,,ok
5459,bipartiteGraph.bmp,ticket/5459/bipartiteGraph.bmp,1324266,2019-07-05 10:53:01,Karim.Abdelhak,,ok
5459,blt.log,ticket/5459/blt.log,78053,2019-06-19 13:51:36,Karim.Abdelhak,-d=bltdump,ok
5459,prefer_never_blt.log,ticket/5459/prefer_never_blt.log,4712,2019-07-03 09:48:49,Karim.Abdelhak,,ok
5461,DiscGenerator.mo,ticket/5461/DiscGenerator.mo,7309,2019-05-07 13:53:53,dietmarw,,ok
5465,Dymola.png,ticket/5465/Dymola.png,29013,2019-05-21 11:12:06,dietmarw,,ok
5465,LockedRotorTest.2.mo,ticket/5465/LockedRotorTest.2.mo,313,2019-05-10 15:44:59,dietmarw,,ok
5465,LockedRotorTest.2.png,ticket/5465/LockedRotorTest.2.png,160006,2019-05-16 09:06:52,adeas31,,ok
5465,LockedRotorTest.mo,ticket/5465/LockedRotorTest.mo,266,2019-05-10 11:54:30,adeas31,,ok
5465,OM500.png,ticket/5465/OM500.png,33623,2019-05-21 11:12:15,dietmarw,,ok
5465,OM5000.png,ticket/5465/OM5000.png,32568,2019-05-21 11:12:23,dietmarw,,ok
5465,script.mos,ticket/5465/script.mos,204,2019-05-10 11:54:38,adeas31,,ok
5471,Screen.png,ticket/5471/Screen.png,13640,2019-05-10 12:54:35,Andrea.Bartolini,,ok
5477,P.mo,ticket/5477/P.mo,166,2019-05-14 10:05:04,casella,,ok
5480,TestLibraryIndentation.zip,ticket/5480/TestLibraryIndentation.zip,2666,2019-05-16 13:16:47,dariomangoni,miminalexample,ok
5480,indentation.2.mp4,ticket/5480/indentation.2.mp4,60105,2019-05-16 13:17:20,anonymous,IndentationOnMinimalExample,ok
5480,indentation.3.wmv,ticket/5480/indentation.3.wmv,2741559,2019-05-23 11:32:14,adeas31,,ok
5480,indentation.mp4,ticket/5480/indentation.mp4,53301,2019-05-14 12:34:26,dariomangoni,indentation_problem,ok
5481,2019-05-14 20_42_48-Window.png,ticket/5481/2019-05-14 20_42_48-Window.png,5294,2019-05-14 18:44:49,dariomangoni,parametere_not_displayed,ok
5482,sorted5.txt,ticket/5482/sorted5.txt,869189,2019-05-29 09:05:52,adrpo,,ok
5482,sorted6.txt,ticket/5482/sorted6.txt,942761,2019-05-29 20:28:38,adrpo,,ok
5485,TestKinsol.mo,ticket/5485/TestKinsol.mo,1420,2019-07-03 08:05:00,casella,,ok
5485,log1.txt,ticket/5485/log1.txt,77393,2019-07-04 22:48:07,casella,,ok
5486,Before.png,ticket/5486/Before.png,128450,2019-05-17 09:06:18,adeas31,,ok
5486,after.png,ticket/5486/after.png,130262,2019-05-17 09:06:28,adeas31,,ok
5486,test.mo,ticket/5486/test.mo,490,2019-05-17 07:25:59,Andrea.Bartolini,,ok
5501,script.mos,ticket/5501/script.mos,220,2019-05-24 11:14:28,adeas31,,ok
5504,2019-05-27 07-18-11.flv,ticket/5504/2019-05-27 07-18-11.flv,989681,2019-05-27 05:29:59,sjoelund.se,Pressing Alt button works as usual,ok
5505,TwoLegs.mo,ticket/5505/TwoLegs.mo,6947,2019-05-24 22:41:49,ceraolo,,ok
5512,bugmodel_5512.2.zip,ticket/5512/bugmodel_5512.2.zip,2842,2019-05-30 16:49:25,crupp,,ok
5512,bugmodel_5512.zip,ticket/5512/bugmodel_5512.zip,2842,2019-05-30 16:49:01,crupp,,ok
5515,Fig1.PNG,ticket/5515/Fig1.PNG,66323,2019-06-03 10:20:08,casella,,ok
5515,Fig2.PNG,ticket/5515/Fig2.PNG,62580,2019-06-03 10:20:29,casella,,ok
5515,TestPWM.mo,ticket/5515/TestPWM.mo,300,2019-06-03 10:18:59,casella,,ok
5516,Test.mo,ticket/5516/Test.mo,1090,2019-06-03 17:01:34,ceraolo,,ok
5516,Test.mos,ticket/5516/Test.mos,77,2019-06-03 18:09:20,adeas31,,ok
5516,Test.txt,ticket/5516/Test.txt,70,2019-06-03 17:01:42,ceraolo,,ok
5516,Untitled.png,ticket/5516/Untitled.png,136123,2019-06-03 18:09:04,adeas31,,ok
5517,ES1a.mo,ticket/5517/ES1a.mo,6878,2019-06-04 14:39:31,ceraolo,,ok
5517,stAsmaPkg1819.mo,ticket/5517/stAsmaPkg1819.mo,31980,2019-06-04 14:38:53,ceraolo,,ok
5519,test.mo,ticket/5519/test.mo,681,2019-06-06 16:52:36,Andrea.Bartolini,,ok
5528,TestParameterUnits.mo,ticket/5528/TestParameterUnits.mo,450,2019-06-12 20:57:29,casella,,ok
5530,Unifac.rar,ticket/5530/Unifac.rar,137589,2019-06-13 11:19:58,mehulsutariya09,required file for demo,ok
5533,BugProtectionAnnotation.zip,ticket/5533/BugProtectionAnnotation.zip,5768,2019-06-17 14:01:25,niklwors,,ok
5533,picture1.png,ticket/5533/picture1.png,133800,2019-08-05 12:14:04,adeas31,,ok
5534,NewFEbug.mo,ticket/5534/NewFEbug.mo,9906,2019-06-18 08:58:07,casella,,ok
5534,NewFEbug1.mo,ticket/5534/NewFEbug1.mo,11187,2019-07-18 15:05:12,Andrea.Bartolini,,ok
5535,DisplayErrorInheritence.zip,ticket/5535/DisplayErrorInheritence.zip,13482,2019-06-18 13:29:15,Sven.Baetzing,test package,ok
5536,EnhancementDropDownChoices1.mo,ticket/5536/EnhancementDropDownChoices1.mo,506,2019-06-19 08:10:51,anonymous,Minimal example,ok
5537,BugParamIcon.zip,ticket/5537/BugParamIcon.zip,1972,2019-06-19 08:27:51,Sven Bätzing,minimal example,ok
5542,TestConnection.mo,ticket/5542/TestConnection.mo,614,2019-06-22 15:38:16,casella,,ok
5543,TestConnection.mo,ticket/5543/TestConnection.mo,483,2019-06-22 15:39:52,casella,,ok
5544,M.mo,ticket/5544/M.mo,482,2019-06-22 17:10:08,casella,,ok
5545,TestConnection.mo,ticket/5545/TestConnection.mo,614,2019-06-22 17:25:25,casella,,ok
5546,autocompletion1.png,ticket/5546/autocompletion1.png,820508,2019-06-22 19:19:31,Andrea.Bartolini,,ok
5546,autocompletion2.png,ticket/5546/autocompletion2.png,23173,2019-06-22 19:19:39,Andrea.Bartolini,,ok
5547,Test_post.fmu,ticket/5547/Test_post.fmu,764208,2020-06-05 08:44:16,trista.arinomo,FMU worked in dSpace env,ok
5547,Test_pre.fmu,ticket/5547/Test_pre.fmu,811825,2020-06-05 08:43:32,anonymous,,ok
5548,errorSplash.png,ticket/5548/errorSplash.png,54030,2019-06-26 09:42:44,Andrea.Bartolini,,ok
5548,omeditcommands.mos,ticket/5548/omeditcommands.mos,391,2019-06-26 09:43:27,Andrea.Bartolini,,ok
5548,omeditcommunication.log,ticket/5548/omeditcommunication.log,1034,2019-06-26 09:43:15,Andrea.Bartolini,,ok
5548,omediterror.txt,ticket/5548/omediterror.txt,504,2019-06-26 09:58:50,Andrea.Bartolini,,ok
5548,omeditoutput.txt,ticket/5548/omeditoutput.txt,93,2019-06-26 09:59:17,Andrea.Bartolini,,ok
5548,openmodelica.stacktrace.OMEdit,ticket/5548/openmodelica.stacktrace.OMEdit,613,2019-06-26 09:43:38,Andrea.Bartolini,,ok
5551,OMEdit-20190627-143912.kcrash.txt,ticket/5551/OMEdit-20190627-143912.kcrash.txt,16794,2019-06-27 12:54:04,Christian Wolf,Backtrace,ok
5552,Gyro3d.mo,ticket/5552/Gyro3d.mo,169,2019-07-08 07:36:58,dafred4991,an example model still showing the described bug with bug_report.2.py,ok
5552,bug_demo.2.py,ticket/5552/bug_demo.2.py,3189,2019-07-08 07:34:58,dafred4991,a programming error was fixed in the previous file (line 95) and another model was chosen (a version of Modelica.Mechanics.MultiBody.Examples.Rotational3DEffects.GyroscopicEffects),ok
5552,bug_demo.py,ticket/5552/bug_demo.py,3242,2019-06-28 08:28:49,dafred4991,Python 3 script to demonstrate the issue explained in the ticket,ok
5564,M.mos,ticket/5564/M.mos,131,2019-07-08 12:13:06,adeas31,,ok
5571,M.mos,ticket/5571/M.mos,320,2019-07-08 12:51:31,adeas31,,ok
5574,IMC_DCBraking.mo,ticket/5574/IMC_DCBraking.mo,10477,2019-07-08 19:10:57,ahaumer,,ok
5575,omeditcommunication.log,ticket/5575/omeditcommunication.log,3258540,2019-07-13 18:17:37,adrpo,the windows log (after adding fflush(NULL) in OMCProxy::logCommand),ok
5577,5577.zip,ticket/5577/5577.zip,1270003,2019-07-10 21:30:02,adrpo,,ok
5577,Test.zip,ticket/5577/Test.zip,1470,2020-02-28 08:27:22,anonymous,Calling External python File functionV2.py and export the model to FMU,ok
5581,FMU issue.pdf,ticket/5581/FMU issue.pdf,124404,2019-07-12 15:28:00,ceraolo,,ok
5581,fbSystemPkg.fbSubSysDX.fmu,ticket/5581/fbSystemPkg.fbSubSysDX.fmu,606813,2019-07-12 15:28:31,ceraolo,,ok
5581,fbSystemTest.mo,ticket/5581/fbSystemTest.mo,7250,2019-07-12 15:28:16,ceraolo,,ok
5586,fbSystemPkg.fbSubSysDX.fmu,ticket/5586/fbSystemPkg.fbSubSysDX.fmu,606813,2019-07-13 22:32:06,ceraolo,,ok
5586,fmu_properties.png,ticket/5586/fmu_properties.png,53735,2019-07-15 07:22:19,lochel,FMU properties in OMSimulator/OMEdit,ok
5587,example_delay.log,ticket/5587/example_delay.log,1834514,2019-07-15 13:43:59,ni.ding,log file,ok
5588,Test.mo,ticket/5588/Test.mo,7734,2019-07-15 19:40:46,ceraolo,,ok
5591,TestProtectedInput.mo,ticket/5591/TestProtectedInput.mo,200,2019-07-17 08:57:49,casella,,ok
5591,TestProtectedInput.mos,ticket/5591/TestProtectedInput.mos,325,2019-07-17 08:58:03,casella,,ok
5598,ReplaceableInput.zip,ticket/5598/ReplaceableInput.zip,1258,2019-07-19 11:42:41,Sven Bätzing,,ok
5599,initialasserts.zip,ticket/5599/initialasserts.zip,1552,2019-07-19 13:28:59,Sven Bätzing,,ok
5608,HeatedTank_2019.mo,ticket/5608/HeatedTank_2019.mo,37087,2019-07-31 14:34:22,marc.bouissou,Model of a simple cyber physical system with failures,ok
5609,TestRedeclareIcon.mo,ticket/5609/TestRedeclareIcon.mo,670,2019-07-31 16:40:23,casella,,ok
5610,TestPrimitiveVisible.mo,ticket/5610/TestPrimitiveVisible.mo,697,2019-07-31 16:56:43,casella,,ok
5610,TestPrimitiveVisible1.mo,ticket/5610/TestPrimitiveVisible1.mo,901,2021-02-16 15:02:18,Andrea.Bartolini,,ok
5611,TestPlotArray.mo,ticket/5611/TestPlotArray.mo,261,2019-08-01 14:58:39,Andrea.Bartolini,,ok
5614,fmuSimple.zip,ticket/5614/fmuSimple.zip,19862461,2019-08-19 09:23:12,pretolani,,ok
5615,InstallThirdPartLibraries.sh,ticket/5615/InstallThirdPartLibraries.sh,7775,2019-08-10 08:45:26,Andrea.Bartolini,,ok
5617,TestPkg.mo,ticket/5617/TestPkg.mo,3663,2019-08-15 07:24:15,ceraolo,,ok
5617,script.mos,ticket/5617/script.mos,181,2019-08-15 09:15:02,adeas31,,ok
5618,ExampleModifiers.mo,ticket/5618/ExampleModifiers.mo,557,2019-09-02 14:53:39,casella,,ok
5620,InvPWM.mo,ticket/5620/InvPWM.mo,229918,2020-09-27 14:47:17,ceraolo,,ok
5620,omeditcommunication.log,ticket/5620/omeditcommunication.log,3433989,2019-08-24 10:16:29,ceraolo,,ok
5622,B.png,ticket/5622/B.png,3528,2019-08-29 13:03:58,Christian Kral,Change of type B,ok
5622,Types.png,ticket/5622/Types.png,12011,2019-08-29 13:04:22,Christian Kral,After changing B and then switching to Types,ok
5625,test.mos,ticket/5625/test.mos,166,2019-09-04 11:07:26,casella,,ok
5631,pnlib-omedit.PNG,ticket/5631/pnlib-omedit.PNG,97675,2019-10-22 11:44:06,lochel,left: old frontend omc api; right: new frontend omc api,ok
5635,MultiMaxTotal.mo,ticket/5635/MultiMaxTotal.mo,27245,2019-09-12 21:43:24,anonymous,,ok
5638,filterSimulationResults.mat,ticket/5638/filterSimulationResults.mat,14995,2019-09-20 11:14:40,niklwors,,ok
5639,getComponentsAPI.mos,ticket/5639/getComponentsAPI.mos,159,2019-09-23 07:36:45,adeas31,,ok
5639,getComponentsNFAPI.mos,ticket/5639/getComponentsNFAPI.mos,419,2019-09-23 07:36:32,adeas31,,ok
5642,TestActualStream.mo,ticket/5642/TestActualStream.mo,1872,2019-09-25 22:17:12,casella,,ok
5642,TestActualStreamFlowReversal.mo,ticket/5642/TestActualStreamFlowReversal.mo,1895,2019-09-25 22:17:27,casella,,ok
5643,TestArray.mo,ticket/5643/TestArray.mo,3215,2019-09-26 16:37:34,casella,,ok
5644,P.mo,ticket/5644/P.mo,130,2019-11-28 12:59:44,adeas31,,ok
5644,TestCInterface.mo,ticket/5644/TestCInterface.mo,1114,2019-09-26 17:50:30,ceraolo,,ok
5644,script.mos,ticket/5644/script.mos,71,2019-11-28 12:59:50,adeas31,,ok
5645,HeatingRectifier.svg,ticket/5645/HeatingRectifier.svg,104697,2019-09-29 11:08:46,Christian Kral,SVG file exported from OMEdit,ok
5645,HeatingRectifier_Inkscape0.91.png,ticket/5645/HeatingRectifier_Inkscape0.91.png,26597,2019-10-17 10:59:36,Christian Kral,PNG export of SVG file with changed line width in Inksape 0.91,ok
5645,Inkscape.pdf,ticket/5645/Inkscape.pdf,13387,2019-09-29 11:11:09,Christian Kral,PDF file converted by Inkscape from HeatingRectifier.svg ,ok
5645,Inkscape_Stroke_style.png,ticket/5645/Inkscape_Stroke_style.png,96417,2019-09-29 11:11:44,Christian Kral,Changing the stroke style in Inkscape manually,ok
5645,LibreOfficeDraw.png,ticket/5645/LibreOfficeDraw.png,24412,2019-09-29 11:12:47,Christian Kral,Screenshot of HeatingRectifier.svg imported in LibreOffice Draw ,ok
5645,convert.pdf,ticket/5645/convert.pdf,49184,2019-09-29 11:10:39,Christian Kral,PDF file converted by convert (ImageMagick) from HeatingRectifier.svg ,ok
5645,rsvg-convert.pdf,ticket/5645/rsvg-convert.pdf,27481,2019-09-29 11:09:34,Christian Kral,PDF file converted by rsvg-convert from HeatingRectifier.svg ,ok
5645,rsvg-convert.png,ticket/5645/rsvg-convert.png,34826,2019-09-29 11:10:03,Christian Kral,PNG screenshot of the PDF file converted by rsvg-convert from HeatingRectifier.svg ,ok
5646,testtlm.ssp,ticket/5646/testtlm.ssp,418,2019-09-30 09:15:23,robbr48,SSP file containing an empty TLM system,ok
5654,OMEdit-Installation-Error.png,ticket/5654/OMEdit-Installation-Error.png,48905,2019-10-09 12:41:58,niklwors,Error message during the installation for OMEdit,ok
5655,test.mo,ticket/5655/test.mo,924,2019-10-10 07:46:29,Andrea.Bartolini,,ok
5662,RedBoxIssue.mo,ticket/5662/RedBoxIssue.mo,26508,2019-10-15 17:16:38,ceraolo,,ok
5663,TestExample.mo,ticket/5663/TestExample.mo,5318,2019-10-17 10:17:27,Christian Kral,Test model causing OMEdit to hang,ok
5670,modelDescription.xml,ticket/5670/modelDescription.xml,2030,2019-10-23 12:55:28,anonymous,,ok
5671,Dymola.png,ticket/5671/Dymola.png,59606,2019-10-23 14:58:00,olivleno,Expected output (Dymola),ok
5671,IconInstance_OMEdit.png,ticket/5671/IconInstance_OMEdit.png,115677,2019-12-03 12:25:44,adeas31,,ok
5671,IconInstance_dymola.png,ticket/5671/IconInstance_dymola.png,8311,2019-12-03 12:02:55,olivleno,,ok
5671,IconScaling.mo,ticket/5671/IconScaling.mo,663,2019-12-03 12:02:28,olivleno,,ok
5671,MTCircuit.mo,ticket/5671/MTCircuit.mo,7827,2019-10-30 15:14:55,olivleno,,ok
5671,OMEdit.png,ticket/5671/OMEdit.png,40988,2019-10-23 14:58:41,olivleno,Wrong display in OMEdit,ok
5675,omeditcommands.mos,ticket/5675/omeditcommands.mos,774166,2019-10-26 10:36:24,casella,,ok
5675,openmodelica.stacktrace.OMEdit,ticket/5675/openmodelica.stacktrace.OMEdit,372525,2019-10-26 10:36:06,casella,,ok
5680,omeditcommunication.log,ticket/5680/omeditcommunication.log,3379504,2019-11-04 10:47:44,olivleno,,ok
5680,script.mos,ticket/5680/script.mos,346,2019-11-04 17:09:04,adeas31,,ok
5680,test.mo,ticket/5680/test.mo,653,2019-10-30 15:09:39,olivleno,,ok
5680,test2.mo,ticket/5680/test2.mo,456,2019-10-31 05:11:33,anonymous,,ok
5680,test3.mo,ticket/5680/test3.mo,456,2019-11-04 10:47:55,olivleno,,ok
5682,M.mo,ticket/5682/M.mo,261,2019-10-31 00:34:52,casella,,ok
5686,pipe.fmu,ticket/5686/pipe.fmu,1725414,2019-11-07 10:48:54,anonymous,,ok
5686,pipe.mo,ticket/5686/pipe.mo,3830,2019-11-11 13:49:13,hauke.hirsch,modelica model of the fmu,ok
5689,2019-11-03_15_37_11-omeditcommunication.log.txt,ticket/5689/2019-11-03_15_37_11-omeditcommunication.log.txt,2909270,2019-11-12 11:22:43,adeas31,,ok
5689,2019-11-03_15_37_11-openmodelica.stacktrace.OMEdit.txt,ticket/5689/2019-11-03_15_37_11-openmodelica.stacktrace.OMEdit.txt,4794,2019-11-12 11:22:50,adeas31,,ok
5691,Test.mo,ticket/5691/Test.mo,1733,2019-11-13 11:12:33,Andrea.Bartolini,,ok
5704,Screenshot.png,ticket/5704/Screenshot.png,22320,2019-11-21 08:51:38,Andrea.Bartolini,,ok
5707,ACST.svg,ticket/5707/ACST.svg,62800,2019-11-22 16:37:43,dietmarw,,ok
5707,ACST.svg.png,ticket/5707/ACST.svg.png,53332,2019-11-22 16:44:56,dietmarw,,ok
5707,ACST_Dymola.png,ticket/5707/ACST_Dymola.png,5815,2019-11-22 16:38:05,dietmarw,,ok
5707,ACST_OM.png,ticket/5707/ACST_OM.png,17014,2019-11-22 16:37:54,dietmarw,,ok
5707,AirCushionSurgeTank.svg,ticket/5707/AirCushionSurgeTank.svg,59662,2019-11-22 18:11:06,dietmarw,,ok
5711,Polyphase.mo,ticket/5711/Polyphase.mo,32656,2019-11-25 07:21:15,anonymous,Example that demonstrates the bug,ok
5716,Test.mo,ticket/5716/Test.mo,581,2019-11-26 10:45:22,Andrea.Bartolini,,ok
5718,RlsIdentifier.mo,ticket/5718/RlsIdentifier.mo,917,2019-12-01 18:48:46,casella,,ok
5718,code.tar.xz,ticket/5718/code.tar.xz,796,2019-11-30 23:02:38,anonymous,,ok
5718,test.mo,ticket/5718/test.mo,320,2019-12-01 18:49:07,casella,,ok
5720,OMInstallError.png,ticket/5720/OMInstallError.png,122613,2019-12-01 09:57:38,anonymous,,ok
5722,trace-config.txt,ticket/5722/trace-config.txt,16171,2019-12-04 07:25:01,anonymous,,ok
5722,trace.2.txt,ticket/5722/trace.2.txt,3728580,2019-12-04 07:24:04,anonymous,,ok
5722,trace.txt,ticket/5722/trace.txt,121779,2019-12-03 08:19:52,anonymous,Trace,ok
5727,Test.mo,ticket/5727/Test.mo,496139,2019-12-03 18:00:08,casella,Save Total model,ok
5727,test.mos,ticket/5727/test.mos,143,2019-12-03 17:59:25,casella,Test script,ok
5733,TestPackage.zip,ticket/5733/TestPackage.zip,1905,2019-12-05 13:58:27,anonymous,,ok
5742,OMEdit.zip,ticket/5742/OMEdit.zip,528283,2019-12-10 10:53:11,casella,,ok
5743,BouncingBallFMI20_ref.csv,ticket/5743/BouncingBallFMI20_ref.csv,30159,2019-12-10 17:50:21,AnHeuermann,Some exported CSV file from OMEdit for BouncingBall model,ok
5744,installed.png,ticket/5744/installed.png,57802,2020-07-11 20:09:46,Christian Kral,Modelica libraries installed under Linux Mint 20,ok
5770,TestTotal.mo,ticket/5770/TestTotal.mo,465772,2020-01-07 18:48:19,casella,,ok
5770,test.mos,ticket/5770/test.mos,136,2020-01-13 16:46:08,casella,,ok
5771,TestTotal.mo,ticket/5771/TestTotal.mo,465772,2020-01-07 19:10:26,casella,,ok
5771,Test_prof.json,ticket/5771/Test_prof.json,222002,2020-01-15 14:03:40,Karim.Abdelhak,--profiling=all,ok
5771,test.mos,ticket/5771/test.mos,136,2020-01-13 18:07:23,casella,,ok
5773,Dym.2.png,ticket/5773/Dym.2.png,43431,2020-01-08 13:48:05,ceraolo,,ok
5773,Dym.png,ticket/5773/Dym.png,43431,2020-01-08 13:47:00,ceraolo,,ok
5773,OM.png,ticket/5773/OM.png,57581,2020-01-08 13:46:49,ceraolo,,ok
5773,dialog_DYM.png,ticket/5773/dialog_DYM.png,32544,2020-01-08 15:02:07,ceraolo,,ok
5773,dialog_OM.png,ticket/5773/dialog_OM.png,32931,2020-01-08 15:02:20,ceraolo,,ok
5775,bug_combiTimeTable.zip,ticket/5775/bug_combiTimeTable.zip,1900384,2020-01-09 10:47:53,gerrer,"Contains the model simple.mo that loads a txt file, the corresponding FMU simple.mo, the scripts simulate_fmpy and simulate_pyfmi to simulate the FMU in Python using two different libraries, the file profil.txt that is loaded in the model, and the script  generate_txt_file used to create profil.txt",ok
5775,debug.2.zip,ticket/5775/debug.2.zip,4174681,2020-10-09 10:03:56,AnHeuermann,,ok
5775,debug.zip,ticket/5775/debug.zip,162,2020-10-09 09:51:17,AnHeuermann,,ok
5775,valgrind-out.txt,ticket/5775/valgrind-out.txt,64389,2020-10-09 11:28:39,AnHeuermann,Output from Valgrind,ok
5776,Package1.mo,ticket/5776/Package1.mo,4327,2020-01-09 10:48:54,ceraolo,,ok
5776,Package2.mo,ticket/5776/Package2.mo,43,2020-01-09 10:49:03,ceraolo,,ok
5777,TableIssue.mo,ticket/5777/TableIssue.mo,32785,2020-01-10 10:51:22,olivleno,,ok
5777,table_data.mat,ticket/5777/table_data.mat,5648,2020-01-10 10:51:45,olivleno,,ok
5777,table_data_even.mat,ticket/5777/table_data_even.mat,3100,2020-01-10 10:51:58,olivleno,,ok
5781,_002269 Ticket Modelica Omedit .jpg,ticket/5781/_002269 Ticket Modelica Omedit .jpg,91155,2020-03-26 11:31:56,Klaus74,,ok
5783,simple_phi_baseTotal_OM_BUG.mo,ticket/5783/simple_phi_baseTotal_OM_BUG.mo,402740,2020-01-13 10:44:39,filip.jezek,"Testing model, not working ATM. Requires Physiolibrary.",ok
5784,OMEditProblem.jpg,ticket/5784/OMEditProblem.jpg,568644,2020-01-13 14:29:24,asoppelsa,Screenshot of OM editor showing problem with text.,ok
5785,OMEdit_Crash.png,ticket/5785/OMEdit_Crash.png,81012,2020-01-13 16:10:06,AnHeuermann,Crash of OMEdit after error cathed by OMSimulator,ok
5785,OMEdit_Crash_2.png,ticket/5785/OMEdit_Crash_2.png,99366,2020-01-13 16:14:09,AnHeuermann,OMEdit crashes wile savig spp file,ok
5785,OMEdit_Logs.zip,ticket/5785/OMEdit_Logs.zip,331475,2020-01-14 10:11:05,AnHeuermann,Logs from OMEdit working directory,ok
5785,SimpleTest.fmu,ticket/5785/SimpleTest.fmu,607405,2020-01-15 11:20:20,AnHeuermann,My generated test FMU,ok
5788,TestIdentical.mo,ticket/5788/TestIdentical.mo,368,2020-05-25 20:55:45,casella,,ok
5789,OMEdit - OpenModelica Connection Editor 2020-01-16 14-29-40.mp4,ticket/5789/OMEdit - OpenModelica Connection Editor 2020-01-16 14-29-40.mp4,5805508,2020-01-16 13:46:00,AnHeuermann,Screencast of OMEdit usage,ok
5789,OMEdit-logs.zip,ticket/5789/OMEdit-logs.zip,351158,2020-01-16 13:45:13,AnHeuermann,Different logs from OMEdit,ok
5793,TestImportTypes.mo,ticket/5793/TestImportTypes.mo,493,2020-01-20 08:50:42,casella,,ok
5795,TestInitial.mo,ticket/5795/TestInitial.mo,399,2020-02-21 22:39:20,casella,,ok
5803,OM_problem_2.png,ticket/5803/OM_problem_2.png,200378,2020-01-24 13:24:03,pinard.amelie,Screenshot of what I get just before the crash,ok
5805,M1.log,ticket/5805/M1.log,1173471,2020-01-28 13:23:32,AnHeuermann,Log of simulation of M1,ok
5805,M2.log,ticket/5805/M2.log,1174046,2020-01-28 13:23:45,AnHeuermann,Log of simulation of M2,ok
5805,M3.log,ticket/5805/M3.log,1174612,2020-01-28 13:23:57,AnHeuermann,Log simulation M3,ok
5805,TestFailedHomotopy.mo,ticket/5805/TestFailedHomotopy.mo,1096,2020-01-28 12:20:09,casella,,ok
5806,TestLambda0DAEMode.mo,ticket/5806/TestLambda0DAEMode.mo,291,2020-01-28 21:54:28,casella,,ok
5807,TestInitStart.mo,ticket/5807/TestInitStart.mo,234,2020-01-29 00:18:11,casella,,ok
5807,TestInitStartEvaluate.mo,ticket/5807/TestInitStartEvaluate.mo,324,2020-01-29 00:20:08,casella,,ok
5808,OMEdit_4_relay_development.mo,ticket/5808/OMEdit_4_relay_development.mo,1844,2020-01-29 02:17:44,anonymous,a file showing the problem,ok
5808,md_filter.mo,ticket/5808/md_filter.mo,215,2020-01-29 02:18:21,mdonolo,a file needed for the other file,ok
5809,OMEDIT screenshot.png,ticket/5809/OMEDIT screenshot.png,46465,2020-01-31 14:30:50,ceraolo,,ok
5809,OMEDIT.png,ticket/5809/OMEDIT.png,46465,2020-01-31 14:28:14,ceraolo,,ok
5813,Aliases.mo,ticket/5813/Aliases.mo,2534,2020-01-31 11:17:34,casella,,ok
5815,Modelica.Blocks.Examples.PID_Controller_info.json,ticket/5815/Modelica.Blocks.Examples.PID_Controller_info.json,180070,2020-04-20 14:18:02,dersh,,ok
5815,Modelica.Blocks.Examples.PID_Controller_init.xml,ticket/5815/Modelica.Blocks.Examples.PID_Controller_init.xml,107281,2020-04-20 14:18:26,dersh,,ok
5815,Modelica.Blocks.Examples.PID_Controller_res.mat,ticket/5815/Modelica.Blocks.Examples.PID_Controller_res.mat,162942,2020-04-20 14:20:05,dersh,,ok
5815,Result.png,ticket/5815/Result.png,69270,2020-04-20 14:26:55,adeas31,,ok
5815,Screen Shot 2020-04-20 at 9.13.52 AM.png,ticket/5815/Screen Shot 2020-04-20 at 9.13.52 AM.png,1969715,2020-04-20 13:17:01,dersh,,ok
5815,omeditcommunication.log,ticket/5815/omeditcommunication.log,3330240,2020-04-20 13:22:32,dersh,,ok
5815,omscommunication.log,ticket/5815/omscommunication.log,1700,2020-04-20 13:22:46,dersh,,ok
5816,TestIconExtent.mo,ticket/5816/TestIconExtent.mo,2333,2020-01-31 15:04:09,casella,,ok
5817,InvSW.mo,ticket/5817/InvSW.mo,5392,2020-01-31 22:45:33,ceraolo,,ok
5817,InvSWaron.mo,ticket/5817/InvSWaron.mo,5648,2020-01-31 22:45:48,ceraolo,,ok
5817,InvSWaron2.mo,ticket/5817/InvSWaron2.mo,2797,2020-02-09 21:18:34,casella,,ok
5817,options.pdf,ticket/5817/options.pdf,120958,2020-02-10 18:14:57,ceraolo,,ok
5818,Test.mo,ticket/5818/Test.mo,131,2020-04-17 16:23:04,casella,,ok
5819,LotkeVolterra.mo,ticket/5819/LotkeVolterra.mo,757,2020-02-01 16:54:07,johti17,Model for which the results are now shown,ok
5819,OMEdit.zip,ticket/5819/OMEdit.zip,438328,2020-02-02 19:17:58,johti17,I think this should contain all the logs,ok
5819,OMSensresultmenu.PNG,ticket/5819/OMSensresultmenu.PNG,107321,2020-02-01 16:53:29,johti17,Menu that is lacking,ok
5819,beforeRunningSimulation.png,ticket/5819/beforeRunningSimulation.png,193163,2020-02-01 16:55:53,johti17,How LotkeVolvettera looks before running simulation,ok
5821,YD.Test.svg,ticket/5821/YD.Test.svg,20026,2020-02-02 00:35:45,adrpo,The graph of the system.,ok
5821,YD.mo,ticket/5821/YD.mo,7361,2020-02-01 19:44:20,anonymous,,ok
5824,ImportInitialValues.mo,ticket/5824/ImportInitialValues.mo,1740,2020-06-26 21:04:36,casella,,ok
5826,OMEdit-library-filter.png,ticket/5826/OMEdit-library-filter.png,22772,2020-02-04 09:30:37,adrpo,,ok
5828,NFApi-issues.pdf,ticket/5828/NFApi-issues.pdf,281358,2020-02-04 10:57:11,adrpo,,ok
5834,global_sum_test.mo,ticket/5834/global_sum_test.mo,912,2020-02-08 21:19:49,libor.kudela,MWE package,ok
5835,TestArrayRecords.mo,ticket/5835/TestArrayRecords.mo,540,2020-02-10 15:43:48,casella,,ok
5835,TestArrayRecords.mos,ticket/5835/TestArrayRecords.mos,202,2020-02-10 16:10:54,Karim.Abdelhak,,ok
5838,TestSmallRotations.mo,ticket/5838/TestSmallRotations.mo,1762,2020-02-13 23:45:00,dariomangoni,Mimial test,ok
5839,Test.mo,ticket/5839/Test.mo,1674,2021-07-21 17:36:08,ceraolo,,ok
5840,X.mo,ticket/5840/X.mo,212,2020-02-14 10:52:02,adeas31,,ok
5840,X.mos,ticket/5840/X.mos,80,2020-02-14 10:52:11,adeas31,,ok
5841,Windows.mo,ticket/5841/Windows.mo,2405,2020-02-14 15:50:15,ceraolo,,ok
5841,pictures.pdf,ticket/5841/pictures.pdf,310705,2020-02-15 09:09:20,ceraolo,,ok
5842,install-example.txt,ticket/5842/install-example.txt,2088,2020-02-14 14:44:11,anonymous,,ok
5847,InitializationInInitial.mo,ticket/5847/InitializationInInitial.mo,3251,2020-02-17 13:28:32,dariomangoni,Example package,ok
5849,Buck.mo,ticket/5849/Buck.mo,3668,2021-02-20 16:23:04,ceraolo,,ok
5849,Diagram1.png,ticket/5849/Diagram1.png,108744,2020-02-17 18:26:18,ceraolo,,ok
5849,Diagram2.png,ticket/5849/Diagram2.png,114232,2020-02-17 18:26:30,ceraolo,,ok
5849,Half.png,ticket/5849/Half.png,74108,2021-02-25 13:31:35,ceraolo,,ok
5849,RL.mo,ticket/5849/RL.mo,1925,2021-02-24 18:34:30,ceraolo,,ok
5849,Test.mo,ticket/5849/Test.mo,1674,2021-07-21 17:41:28,ceraolo,,ok
5849,after.png,ticket/5849/after.png,85392,2021-02-20 17:00:48,ceraolo,,ok
5849,asymmetric.png,ticket/5849/asymmetric.png,82269,2021-02-23 12:13:26,ceraolo,,ok
5849,before.png,ticket/5849/before.png,90175,2021-02-20 17:00:38,ceraolo,,ok
5852,newInstGetCommandLineOptions.zip,ticket/5852/newInstGetCommandLineOptions.zip,1074,2020-02-18 09:33:16,dariomangoni,Minimal example,ok
5853,grid.mo,ticket/5853/grid.mo,110524,2020-02-18 12:43:14,bode-h,"The Model ""network"" should be exported as an FMU with enabled directional derivates ",ok
5854,TestConvertStateSelectAttribute3.mo,ticket/5854/TestConvertStateSelectAttribute3.mo,3614,2020-02-19 09:54:28,dariomangoni,Almost minimal example,ok
5857,SignalGenerator.png,ticket/5857/SignalGenerator.png,39409,2020-02-19 21:16:37,dr.christian.kral,Comparison of signals between Dymola and OM,ok
5865,TestDaeMode.mo,ticket/5865/TestDaeMode.mo,705,2020-02-25 14:06:03,casella,,ok
5871,Test.zip,ticket/5871/Test.zip,1230,2020-02-28 21:39:22,Andrea.Bartolini,,ok
5871,after.png,ticket/5871/after.png,6775,2020-02-28 21:39:41,Andrea.Bartolini,,ok
5871,before.png,ticket/5871/before.png,6860,2020-02-28 21:39:32,Andrea.Bartolini,,ok
5871,script.mos,ticket/5871/script.mos,377,2020-03-09 10:10:11,adeas31,Unzip the Test.zip attachment and copy this script inside Test directory,ok
5872,arrows.pdf,ticket/5872/arrows.pdf,10635,2020-03-02 16:00:30,ceraolo,,ok
5875,bugreport_duplicate.PNG,ticket/5875/bugreport_duplicate.PNG,20972,2020-03-03 12:59:09,guenther.weidenholzer,"bugreport ""duplicate""",ok
5875,test.mo,ticket/5875/test.mo,68,2020-03-04 07:38:53,guenther.weidenholzer,Modelica File,ok
5876,TestPackage.mo,ticket/5876/TestPackage.mo,920,2020-03-03 13:24:56,casella,,ok
5877,grid.mo,ticket/5877/grid.mo,109452,2020-03-03 14:35:35,weber,grid.network should be exported as FMU,ok
5878,Bitmap-Dymola.png,ticket/5878/Bitmap-Dymola.png,91808,2020-03-03 18:03:39,adeas31,,ok
5878,Bitmap-OM.png,ticket/5878/Bitmap-OM.png,72831,2020-03-03 18:03:33,adeas31,,ok
5878,Bitmap.mo,ticket/5878/Bitmap.mo,3256,2020-03-03 18:03:26,adeas31,,ok
5880,script.mos,ticket/5880/script.mos,178,2020-03-05 14:23:08,adeas31,,ok
5886,Bug.mo,ticket/5886/Bug.mo,3377,2020-03-10 09:26:13,federico.terraneo,Code causing the compilation error,ok
5886,Bug2.mo,ticket/5886/Bug2.mo,3216,2020-03-13 09:59:42,federico.terraneo,Undetected index out of bounds,ok
5889,fmi_crash_example.zip,ticket/5889/fmi_crash_example.zip,18021,2020-03-11 15:20:17,silvano.seva,Source files,ok
5890,reference_input.csv,ticket/5890/reference_input.csv,117,2020-03-12 23:22:18,mwetter,,ok
5890,simulateCDL.py,ticket/5890/simulateCDL.py,483,2020-03-12 23:22:29,mwetter,,ok
5890,simulateCDL.sh,ticket/5890/simulateCDL.sh,129,2020-03-12 23:22:43,mwetter,,ok
5894,om.zip,ticket/5894/om.zip,519505,2020-03-24 10:48:24,gerrer,,ok
5895,Test.zip,ticket/5895/Test.zip,25597,2020-03-24 11:25:09,andrea.bartolini,,ok
5898,DirectoryFailures.zip,ticket/5898/DirectoryFailures.zip,1813,2020-03-25 11:27:29,dariomangoni,MinimalExample,ok
5903,P.mo,ticket/5903/P.mo,1187,2020-04-02 12:23:55,adeas31,,ok
5904,SHCLibrary.zip.gpg,ticket/5904/SHCLibrary.zip.gpg,22300,2020-04-02 14:29:51,anonymous,Confidential Test Library (to be used only for addressing the issues in the request),ok
5906,compilation error.txt,ticket/5906/compilation error.txt,10795,2020-04-06 07:16:45,sachin jadhav,compilation error,ok
5907,Screenshot from 2020-04-06 14-19-14.png,ticket/5907/Screenshot from 2020-04-06 14-19-14.png,8141,2020-04-06 12:23:34,Andrea.Bartolini,,ok
5908,Test.mo,ticket/5908/Test.mo,1165,2020-04-06 16:31:24,Andrea.Bartolini,,ok
5910,GTest.zip,ticket/5910/GTest.zip,3200,2020-04-07 15:00:40,dariomangoni,minimal example,ok
5911,P.mo,ticket/5911/P.mo,1623,2020-04-08 12:24:25,adeas31,,ok
5911,P.mos,ticket/5911/P.mos,162,2020-04-08 12:24:33,adeas31,,ok
5912,HeatedTank_2019.HeatedTank_with_failures.system.log,ticket/5912/HeatedTank_2019.HeatedTank_with_failures.system.log,29372,2020-04-20 10:22:08,olero,,ok
5912,HeatedTank_2019.v7.1_modes_def_exclusifs_ou_non.mo,ticket/5912/HeatedTank_2019.v7.1_modes_def_exclusifs_ou_non.mo,35331,2020-04-09 18:31:30,olero,,ok
5912,run2.mos,ticket/5912/run2.mos,1903,2020-04-09 18:31:43,olero,,ok
5912,run3.mos,ticket/5912/run3.mos,2023,2020-04-21 15:55:55,adeas31,,ok
5916,Testcase.zip,ticket/5916/Testcase.zip,1378,2020-04-16 14:57:39,florentine.rosiere,Testcase showing the issue,ok
5922,Alias_debug.mo,ticket/5922/Alias_debug.mo,241,2020-04-26 12:29:29,pierre.haessig,test model to see that y variable is not displayed in Transformational Debugger,ok
5923,test.mo,ticket/5923/test.mo,1102,2020-04-24 17:37:12,Andrea.Bartolini,,ok
5924,PMP_V16.mo,ticket/5924/PMP_V16.mo,31054,2020-04-25 06:40:21,ahaumer,Example for annotation(DynamicSelect),ok
5927,linearize_test.mos,ticket/5927/linearize_test.mos,502,2020-06-02 21:49:47,casella,,ok
5928,TestFixed.mo,ticket/5928/TestFixed.mo,438,2020-04-27 10:29:56,casella,,ok
5928,TestFixed_2.mo,ticket/5928/TestFixed_2.mo,538,2020-05-04 09:10:19,Karim.Abdelhak,,ok
5935,omeditcommands.mos,ticket/5935/omeditcommands.mos,617849,2020-05-04 10:30:13,olivleno,,ok
5935,omeditcommunication.log,ticket/5935/omeditcommunication.log,3078968,2020-05-04 10:30:02,olivleno,,ok
5935,openmodelica.stacktrace.OMEdit,ticket/5935/openmodelica.stacktrace.OMEdit,147871,2020-05-04 10:30:25,olivleno,,ok
5937,n3.zip,ticket/5937/n3.zip,98584,2020-05-06 12:50:14,lluc,"The model to run is NGenPV3, which depend on the other models also.",ok
5938,test_linearize.mos,ticket/5938/test_linearize.mos,391,2020-05-06 09:43:46,casella,,ok
5939,VariableFilterBroken.mo,ticket/5939/VariableFilterBroken.mo,24416,2020-05-06 14:26:00,christopher.schoelzel,variableFilter (n|an_nh)_(vc_v|naca_(i|E[1-4]|k_[1-4][1-4])) selects additional variables,ok
5939,VariableFilterWorking.mo,ticket/5939/VariableFilterWorking.mo,28074,2020-05-06 14:26:52,christopher.schoelzel,variableFilter (n|an_nh)_(vc_v|naca_(i|E[1-4]|k_[1-4][1-4])) only selects expected variables,ok
5949,BadClassDiagram.mo,ticket/5949/BadClassDiagram.mo,4203134,2020-05-11 15:38:34,adrpo,,ok
5951,omc_build_linux.log,ticket/5951/omc_build_linux.log,1274412,2020-05-11 16:13:38,niklwors,,ok
5952,Selection_2020-05-14-01.png,ticket/5952/Selection_2020-05-14-01.png,256348,2020-05-14 11:53:06,sjoelund.se,"Memory allocated for sorting+matching, sorted by ratio of master/1.13",ok
5952,matching.ods,ticket/5952/matching.ods,51984,2020-05-14 11:57:33,sjoelund.se,Raw data for sorting+matching times and allocations,ok
5960,LSPVPP.mo,ticket/5960/LSPVPP.mo,252595,2020-05-21 15:17:00,lluc,Package,ok
5960,error.JPG,ticket/5960/error.JPG,183978,2020-05-19 07:43:36,lluc,Error,ok
5966,EmbeddedFunctions.zip,ticket/5966/EmbeddedFunctions.zip,1980,2020-05-19 12:23:11,dariomangoni,MinimalExample,ok
5966,EmbeddedFunctions_default.zip,ticket/5966/EmbeddedFunctions_default.zip,2406,2020-05-20 12:24:08,dariomangoni,Example using default argument,ok
5971,Error3.PNG,ticket/5971/Error3.PNG,53736,2020-05-23 19:37:10,lluc,"Error installed without spaces, in C:/",ok
5971,TLM_error.PNG,ticket/5971/TLM_error.PNG,11246,2020-05-22 11:50:35,lluc,Scripting error,ok
5971,TLM_error2.PNG,ticket/5971/TLM_error2.PNG,128494,2020-05-22 11:51:01,lluc,Simulation window error,ok
5971,TLMlogfilemanager.txt,ticket/5971/TLMlogfilemanager.txt,406891,2020-05-27 19:33:19,lluc,manager,ok
5971,monitorlog.txt,ticket/5971/monitorlog.txt,2589,2020-05-27 19:37:38,lluc,monitor,ok
5972,DiagviewIssue.mo,ticket/5972/DiagviewIssue.mo,9058,2020-05-22 15:38:36,ceraolo,,ok
5972,display.png,ticket/5972/display.png,58199,2020-05-22 15:38:44,ceraolo,,ok
5978,FunctionPass3.zip,ticket/5978/FunctionPass3.zip,2790,2020-05-25 14:59:23,dariomangoni,minimal example,ok
5978,FunctionPass3_2.zip,ticket/5978/FunctionPass3_2.zip,1162810,2020-05-29 10:30:30,dariomangoni,new example,ok
5981,TestRedeclared.mo,ticket/5981/TestRedeclared.mo,350,2020-05-25 21:02:24,casella,,ok
5982,TestParameterIcon.mo,ticket/5982/TestParameterIcon.mo,641,2020-05-26 00:05:11,casella,,ok
5993,package.mo,ticket/5993/package.mo,1709,2020-05-30 16:28:46,anonymous,omlibrary\ModelicaAdditions 1.5\Blocks\package.mo ,ok
5998,Resistor.png,ticket/5998/Resistor.png,39348,2020-06-05 19:09:05,dr.christian.kral,"Searching for ""Resistor"" in the Libraries Browser",ok
6000,frame_model_pack.2.mo,ticket/6000/frame_model_pack.2.mo,13565,2020-06-07 17:29:30,timswait,frame model with capitalised classes still showing difference of treatment of keel and control frame.,ok
6000,frame_model_pack.mo,ticket/6000/frame_model_pack.mo,12580,2020-06-07 13:07:51,timswait,package containing frame_model and control_frame,ok
6000,scratch.mo,ticket/6000/scratch.mo,727,2020-06-07 13:08:31,timswait,demo file showing control_frame works fine by itself.,ok
6001,minimal.mos,ticket/6001/minimal.mos,619,2020-06-16 10:20:16,Karim.Abdelhak,,ok
6001,script.mos,ticket/6001/script.mos,201,2020-06-12 12:20:28,adeas31,,ok
6002,AixLib.Fluid.FMI.ExportContainers.Examples.FMUs.ThermalZone.fmu,ticket/6002/AixLib.Fluid.FMI.ExportContainers.Examples.FMUs.ThermalZone.fmu,11358424,2020-06-17 10:25:48,anonymous,OMC FMU,ok
6002,AixLib_Fluid_FMI_ExportContainers_Examples_FMUs_ThermalZone.fmu,ticket/6002/AixLib_Fluid_FMI_ExportContainers_Examples_FMUs_ThermalZone.fmu,1161998,2020-06-17 10:26:09,anonymous,Dymola FMU,ok
6002,Dymola_FMU_log.txt,ticket/6002/Dymola_FMU_log.txt,3676,2020-06-17 10:47:22,anonymous,"Output after running ""FMU_test.py"" with Dymola FMU",ok
6002,FMU_test.py,ticket/6002/FMU_test.py,360,2020-06-17 10:28:27,anonymous,Test that triggers error message with OMC-exported FMU,ok
6002,OMC_FMU_log.txt,ticket/6002/OMC_FMU_log.txt,2303,2020-06-17 10:46:56,anonymous,"Output after running ""FMU_test.py"" with OMC FMU",ok
6002,OM_FMI.PNG,ticket/6002/OM_FMI.PNG,58656,2020-06-17 10:24:48,anonymous,FMI settings used when exporting FMUs from OMC,ok
6003,Modelica_test.zip,ticket/6003/Modelica_test.zip,2438,2020-06-11 13:21:39,p.van.der.hulst,Demonstration of openmodelica generating erroneous code,ok
6011,TestReplaceablePar.mo,ticket/6011/TestReplaceablePar.mo,660,2020-06-15 14:58:15,casella,,ok
6012,TestReplaceablePar.mo,ticket/6012/TestReplaceablePar.mo,660,2020-06-15 15:07:26,casella,,ok
6013,TestReplaceablePaths.mo,ticket/6013/TestReplaceablePaths.mo,567,2020-06-15 15:09:43,casella,,ok
6019,TDMclock2.mo,ticket/6019/TDMclock2.mo,1685,2020-06-18 10:03:22,Paul van der Hulst,,ok
6019,plot.PNG,ticket/6019/plot.PNG,19781,2020-06-18 23:16:50,casella,,ok
6019,screenshot.png,ticket/6019/screenshot.png,118592,2020-06-18 10:04:21,Paul van der Hulst,Screenshot,ok
6021,Dymola.png,ticket/6021/Dymola.png,66007,2020-06-19 10:47:10,ceraolo,,ok
6021,OM 1920x1080.png,ticket/6021/OM 1920x1080.png,73531,2020-06-19 13:32:47,ceraolo,,ok
6021,OM 1920x1200.png,ticket/6021/OM 1920x1200.png,78457,2020-06-19 13:32:07,ceraolo,,ok
6021,OM 3480x2160.png,ticket/6021/OM 3480x2160.png,99613,2020-06-19 13:31:57,ceraolo,,ok
6021,OM.png,ticket/6021/OM.png,73531,2020-06-19 10:46:58,ceraolo,,ok
6021,OMEdit.png,ticket/6021/OMEdit.png,47814,2020-06-19 11:17:36,Karim.Abdelhak,OMEdit unbuntu,ok
6021,Screenshot_20200804_134808.png,ticket/6021/Screenshot_20200804_134808.png,60689,2020-08-04 11:49:23,sjoelund.se,OMEdit with user selecting a larger library icon size,ok
6026,Capture.JPG,ticket/6026/Capture.JPG,44361,2020-06-23 12:51:47,anonymous,,ok
6030,ParametersTest.zip,ticket/6030/ParametersTest.zip,1633,2020-06-24 09:22:15,adeas31,,ok
6030,test.mos,ticket/6030/test.mos,431,2020-06-24 10:15:01,Karim.Abdelhak,test with two different parameter values,ok
6030,test_2.mos,ticket/6030/test_2.mos,642,2020-06-24 11:09:31,Karim.Abdelhak,actual failing mos,ok
6032,Image.png,ticket/6032/Image.png,64385,2020-06-25 20:38:33,ceraolo,,ok
6037,om_setup_exp_issue.zip,ticket/6037/om_setup_exp_issue.zip,566874,2020-06-29 15:24:46,cla.gms,Logs,ok
6038,main.log.zip,ticket/6038/main.log.zip,892229,2020-06-29 18:44:23,dersh,,ok
6052,TestSingleLayer12over12.png,ticket/6052/TestSingleLayer12over12.png,269340,2020-07-13 09:10:55,Christian Kral,Screen shot of error message,ok
6053,SMEE_ShortCircuit2Ground.mo,ticket/6053/SMEE_ShortCircuit2Ground.mo,1291,2020-07-11 19:48:51,Christian Kral,Duplicate of SMEE_ShortCircuit2 with ground connection,ok
6053,SMEE_ShortCircuit2Ground.png,ticket/6053/SMEE_ShortCircuit2Ground.png,46842,2020-07-11 19:47:52,Christian Kral,Duplicate of SMEE_ShortCircuit2 with ground connection,ok
6054,TestActualStream.mo,ticket/6054/TestActualStream.mo,3124,2020-07-08 21:44:00,casella,,ok
6057,testcase.mo,ticket/6057/testcase.mo,1748,2020-07-16 12:18:20,federico.terraneo,test case,ok
6058,bug.png,ticket/6058/bug.png,7797,2020-07-17 14:14:35,federico.terraneo,,ok
6060,Test.mo,ticket/6060/Test.mo,1820,2020-07-21 13:39:31,ceraolo,,ok
6061,BipartiteGraph_CompleteDAE_EMPHYSIS_TestCases.M12_DiagnosisThrottleValve.Experiments.FaultyThrottleValveValidationResidualF2Free.graphml,ticket/6061/BipartiteGraph_CompleteDAE_EMPHYSIS_TestCases.M12_DiagnosisThrottleValve.Experiments.FaultyThrottleValveValidationResidualF2Free.graphml,341983,2020-07-21 13:43:41,olivleno,,ok
6063,2020-07-22_12h08_18.png,ticket/6063/2020-07-22_12h08_18.png,134659,2020-07-22 10:14:17,olivleno,,ok
6063,2020-07-22_12h09_14.png,ticket/6063/2020-07-22_12h09_14.png,146955,2020-07-22 10:14:30,olivleno,,ok
6071,FMUissue.mo,ticket/6071/FMUissue.mo,1766,2020-07-28 09:50:19,ceraolo,,ok
6079,Malcolm3.mo,ticket/6079/Malcolm3.mo,827,2020-07-30 11:36:31,p.van.der.hulst,The model showing the problem,ok
6079,wrapping_counter.png,ticket/6079/wrapping_counter.png,17779,2020-07-30 11:35:44,p.van.der.hulst,Graphical output of erroneous model,ok
6088,Derivatives_SaturationBoundary.mat,ticket/6088/Derivatives_SaturationBoundary.mat,444531,2020-08-20 11:08:04,matthis.thorade,results from Dymola simulation,ok
6088,HelmholtzMedia.Examples.Validation.Derivatives_SaturationBoundary_res.mat,ticket/6088/HelmholtzMedia.Examples.Validation.Derivatives_SaturationBoundary_res.mat,505497,2020-08-20 10:42:24,Karim.Abdelhak,created with `-d=newInst` and `--daeMode`,ok
6090,Kumaresan_2008.mo,ticket/6090/Kumaresan_2008.mo,10187,2020-08-19 07:43:46,lukas.koenemann,Kumaresan_2008,ok
6090,test.log,ticket/6090/test.log,42345,2020-08-19 09:07:50,lukas.koenemann,error-log file,ok
6091,OMEdit.zip,ticket/6091/OMEdit.zip,796,2020-08-20 07:05:58,bartlomiej.tokarzewski,OMEdit logs,ok
6093,IMC_Steinmetz-master.png,ticket/6093/IMC_Steinmetz-master.png,29344,2020-09-07 15:14:00,adeas31,,ok
6093,IMC_Steinmetz.png,ticket/6093/IMC_Steinmetz.png,33853,2020-08-24 08:19:27,Christian Kral,Diagram View of IMC_Steinmetz,ok
6094,CTRL+C.png,ticket/6094/CTRL+C.png,81051,2020-08-24 08:33:09,Christian Kral,Context menu of a Modelica class,ok
6099,Test.mo,ticket/6099/Test.mo,365,2020-11-05 17:52:01,Lucciud,,ok
6099,TestVectors.mo,ticket/6099/TestVectors.mo,1809,2020-10-07 16:30:52,casella,,ok
6101,TestConditionalArray3.mo,ticket/6101/TestConditionalArray3.mo,688,2020-09-01 10:16:05,casella,,ok
6102,basic_model.zip,ticket/6102/basic_model.zip,9062,2020-09-02 13:27:47,gerrer,the model employed and corresponding result file,ok
6106,TestNewton.mo,ticket/6106/TestNewton.mo,2560,2020-09-04 18:12:08,casella,,ok
6107,TestAnnotation.mo,ticket/6107/TestAnnotation.mo,386,2020-09-23 08:59:31,casella,,ok
6108,TestNonlinearTearing.mo,ticket/6108/TestNonlinearTearing.mo,649,2020-09-04 18:57:24,casella,,ok
6112,MyLibrary.IconExample.svg,ticket/6112/MyLibrary.IconExample.svg,1756,2020-09-15 13:47:36,adeas31,,ok
6112,example.zip,ticket/6112/example.zip,3143,2020-09-08 08:29:01,gerrer,The original icon and the icon exported by generate_icons.py,ok
6112,export_icon.zip,ticket/6112/export_icon.zip,14130,2020-09-15 13:20:56,gerrer,"The model IconExample, with its two connectors, inside a library.",ok
6116,TestInput.mo,ticket/6116/TestInput.mo,165,2020-09-10 08:49:04,Andrea.Bartolini,,ok
6117,ElseClauseNonParamter.zip,ticket/6117/ElseClauseNonParamter.zip,40519,2020-09-14 14:20:03,dariomangoni,Minimal Example,ok
6117,ElseClauseNonParamter_v2.zip,ticket/6117/ElseClauseNonParamter_v2.zip,6127,2020-09-16 08:04:05,dariomangoni,Corrected minimal example,ok
6123,TestModifierOrder.mo,ticket/6123/TestModifierOrder.mo,1376,2020-09-17 09:46:36,casella,,ok
6127,TestReplaceableComments.mo,ticket/6127/TestReplaceableComments.mo,970,2020-09-21 09:59:11,casella,,ok
6128,TestReplaceable.mo,ticket/6128/TestReplaceable.mo,605,2020-09-21 09:50:17,Andrea.Bartolini,,ok
6129,DropDown.png,ticket/6129/DropDown.png,24092,2020-10-08 10:46:39,Andrea.Bartolini,,ok
6129,TestMatching.mo,ticket/6129/TestMatching.mo,599,2020-10-08 10:46:28,Andrea.Bartolini,,ok
6129,TestReplaceableMedia.mo,ticket/6129/TestReplaceableMedia.mo,295,2020-09-21 18:57:33,casella,,ok
6136,main.2.log,ticket/6136/main.2.log,5023325,2020-09-30 17:25:39,dersh,Build log 1.17.0~dev-5-g6c92491_0,ok
6136,main.log,ticket/6136/main.log,8397006,2020-09-23 20:29:02,dersh,,ok
6138,Test.mo,ticket/6138/Test.mo,856,2020-09-25 09:34:29,Andrea.Bartolini,,ok
6138,Test1.mo,ticket/6138/Test1.mo,1228,2020-09-27 08:32:08,Andrea.Bartolini,,ok
6139,BuckEtoR.mo,ticket/6139/BuckEtoR.mo,5406,2020-09-26 12:53:12,ceraolo,,ok
6139,Diagram.png,ticket/6139/Diagram.png,141950,2020-09-26 12:53:25,ceraolo,,ok
6139,Paint.png,ticket/6139/Paint.png,51215,2020-09-26 12:53:48,ceraolo,,ok
6139,exported.png,ticket/6139/exported.png,41356,2020-09-26 12:53:36,ceraolo,,ok
6141,MissingRad.mo,ticket/6141/MissingRad.mo,3529,2020-09-28 14:09:14,ceraolo,,ok
6142,DC_Drive.2.mo,ticket/6142/DC_Drive.2.mo,110119,2020-12-20 15:31:47,casella,,ok
6142,TestReplaceablePar.mo,ticket/6142/TestReplaceablePar.mo,750,2020-09-29 08:30:29,casella,,ok
6148,build.log,ticket/6148/build.log,55424,2020-10-02 18:38:40,leoricupero,,ok
6148,ioapi.c.i,ticket/6148/ioapi.c.i,87380,2020-10-03 13:07:33,leoricupero,,ok
6148,om_unzip.c.i,ticket/6148/om_unzip.c.i,240672,2020-10-05 09:02:23,leoricupero,,ok
6150,TestDummyDer.mo,ticket/6150/TestDummyDer.mo,318,2020-10-05 17:16:07,casella,,ok
6154,EVbasic.mo,ticket/6154/EVbasic.mo,6231,2020-10-08 16:19:52,ceraolo,,ok
6154,image1.png,ticket/6154/image1.png,112476,2020-10-08 16:20:20,ceraolo,,ok
6154,image2.png,ticket/6154/image2.png,113140,2020-10-08 16:20:30,ceraolo,,ok
6154,wbEHPTLib.mo,ticket/6154/wbEHPTLib.mo,367230,2020-10-08 16:21:24,ceraolo,,ok
6157,TextBox.mo,ticket/6157/TextBox.mo,5754,2020-10-10 04:23:26,ceraolo,,ok
6160,OpenModelica_Microgrids.Grids.Network2.fmu,ticket/6160/OpenModelica_Microgrids.Grids.Network2.fmu,787589,2020-10-28 13:21:04,bode,new format for minimal example,ok
6160,current_new.png,ticket/6160/current_new.png,32467,2020-10-28 13:21:55,bode,currents with the new library,ok
6160,current_old.png,ticket/6160/current_old.png,28826,2020-10-28 13:23:03,bode,currents with the old library,ok
6160,grid.network.fmu,ticket/6160/grid.network.fmu,772442,2020-10-19 09:03:34,bode,"old library format, working",ok
6160,grid.network2.fmu,ticket/6160/grid.network2.fmu,780380,2020-10-28 13:20:31,bode,old format for minimal example,ok
6160,omg_grid.Grids.Network.fmu,ticket/6160/omg_grid.Grids.Network.fmu,778032,2020-10-19 09:02:58,bode,"new library format, not working",ok
6160,resistance_new.png,ticket/6160/resistance_new.png,14521,2020-10-28 13:22:22,anonymous,resistance of the new library ,ok
6160,resistor_old.png,ticket/6160/resistor_old.png,12067,2020-10-28 13:24:09,bode,resistance of the old library ,ok
6163,TestConstrainedBy.mo,ticket/6163/TestConstrainedBy.mo,830,2020-10-19 22:34:41,casella,,ok
6165,TestReplaceableMedia.mo,ticket/6165/TestReplaceableMedia.mo,307,2020-10-21 22:13:11,casella,,ok
6166,Bug.zip,ticket/6166/Bug.zip,76066,2020-11-01 10:24:52,brunad,Graphical bug in Fluid Library on 1.16,ok
6166,Bug2.zip,ticket/6166/Bug2.zip,47775,2020-11-02 12:54:22,brunad,Graphical mess for valves (and other fluid icons),ok
6167,Capture.PNG,ticket/6167/Capture.PNG,4273,2020-10-25 13:10:50,anonymous,,ok
6174,MultifileIssue.zip,ticket/6174/MultifileIssue.zip,2735,2020-11-03 07:59:06,ceraolo,,ok
6174,MultifileIssueWithScript.zip,ticket/6174/MultifileIssueWithScript.zip,2241,2020-11-03 08:19:35,adeas31,,ok
6175,modelStatikaParametarski.mo,ticket/6175/modelStatikaParametarski.mo,30185,2020-11-03 16:42:56,casella,,ok
6182,TestSSP.ssp,ticket/6182/TestSSP.ssp,22802118,2020-11-11 10:26:50,anonymous,,ok
6182,fmu_connection_crash_artifacts_logs.tar.gz,ticket/6182/fmu_connection_crash_artifacts_logs.tar.gz,23132117,2020-11-05 10:26:24,diewald,Logs and FMUs to reproduce the crash,ok
6183,TestEnvironment2Total.mo,ticket/6183/TestEnvironment2Total.mo,64107,2020-11-06 09:00:08,vwaurich,minimal test model,ok
6200,PrismaticConstraint.mo,ticket/6200/PrismaticConstraint.mo,5561,2021-09-29 14:47:43,casella,,ok
6214,Dockerfile,ticket/6214/Dockerfile,1239,2020-11-10 15:43:02,arun3688,,ok
6218,OM_1.16.0~2-g9e481a4.log,ticket/6218/OM_1.16.0~2-g9e481a4.log,10525379,2020-11-12 14:15:33,dersh,,ok
6219,OM_release_1.16.0.log,ticket/6219/OM_release_1.16.0.log,7139984,2020-11-12 14:19:05,dersh,,ok
6222,Filter.mo,ticket/6222/Filter.mo,3414,2020-11-12 21:28:57,ceraolo,,ok
6222,pict1.png,ticket/6222/pict1.png,31060,2021-11-23 08:42:23,ceraolo,,ok
6222,pict2.png,ticket/6222/pict2.png,67970,2021-11-23 08:42:33,ceraolo,,ok
6224,PowerSysPro.html,ticket/6224/PowerSysPro.html,7706,2020-11-13 16:50:07,sjoelund.se,,ok
6224,testDoneFor#6224.pdf,ticket/6224/testDoneFor#6224.pdf,482886,2020-11-21 08:57:28,jean-philippe.tavella,,ok
6225,SSP-ov_3_0_2-om_1_14_2-uninitialized.tar.gz,ticket/6225/SSP-ov_3_0_2-om_1_14_2-uninitialized.tar.gz,22804974,2020-11-20 10:34:04,diewald,SSP - Overture 3.0.2 - OpenMOdelica v1.14.2 - Uninitialized,ok
6225,TestSSP.ssp,ticket/6225/TestSSP.ssp,22802118,2020-11-13 10:00:55,diewald,SSP with FMU from Overture 2.8.5,ok
6225,test-overture3.ssp,ticket/6225/test-overture3.ssp,22803292,2020-11-13 10:03:05,diewald,SSP with FMU from Overture 3.0.2,ok
6226,TestSSP.ssp,ticket/6226/TestSSP.ssp,22802118,2020-11-13 10:12:31,diewald,SSP with FMU from Overture 2.8.5,ok
6229,Demo2P_modelica.zip,ticket/6229/Demo2P_modelica.zip,13512,2020-11-15 19:43:22,ceraolo,,ok
6231,TestPositiveMaxArray.mo,ticket/6231/TestPositiveMaxArray.mo,1085,2020-11-18 12:28:08,casella,,ok
6233,ToolTip.png,ticket/6233/ToolTip.png,47846,2020-11-20 09:50:46,dr.christian.kral,Tooltip showing the wrong unit (s) instead of Volt (V),ok
6234,OMEditError.png,ticket/6234/OMEditError.png,47981,2020-11-20 13:46:39,Andrea.Bartolini,,ok
6234,omeditcommands.mos,ticket/6234/omeditcommands.mos,842121,2020-11-20 13:46:50,Andrea.Bartolini,,ok
6234,omeditcommunication.log,ticket/6234/omeditcommunication.log,3745135,2020-11-20 13:47:08,Andrea.Bartolini,,ok
6234,openmodelica.stacktrace.OMEdit,ticket/6234/openmodelica.stacktrace.OMEdit,3230,2020-11-20 13:47:18,Andrea.Bartolini,,ok
6235,DCDrive_pkg.mo,ticket/6235/DCDrive_pkg.mo,2598,2020-11-20 18:14:41,ceraolo,,ok
6235,Netstart.mo,ticket/6235/Netstart.mo,2306,2020-11-20 17:34:02,ceraolo,,ok
6237,DynamicOverconstrainedConnectors.mo,ticket/6237/DynamicOverconstrainedConnectors.mo,5103,2020-11-22 21:37:37,casella,,ok
6238,DynamicOverconstrainedConnectors.mo,ticket/6238/DynamicOverconstrainedConnectors.mo,6298,2020-11-22 23:44:20,casella,,ok
6239,Settings.pdf,ticket/6239/Settings.pdf,306500,2020-11-24 19:02:05,ceraolo,,ok
6239,Test.mo,ticket/6239/Test.mo,2484,2020-11-24 09:12:08,ceraolo,,ok
6239,omeditcommunication.log,ticket/6239/omeditcommunication.log,3337204,2020-11-24 19:02:40,ceraolo,,ok
6240,DynamicOverconstrainedConnectors.mo,ticket/6240/DynamicOverconstrainedConnectors.mo,6768,2020-11-24 14:53:01,casella,,ok
6240,DynamicOverconstrainedConnectors2.mo,ticket/6240/DynamicOverconstrainedConnectors2.mo,7008,2021-05-11 23:21:32,casella,,ok
6244,type_log.txt,ticket/6244/type_log.txt,10562,2020-11-25 11:26:01,dietmarw,Log of example run OpenIPSL.Example.Machines.PSSE.GENCLS (current tip of master),ok
6248,P.mo,ticket/6248/P.mo,88,2020-11-26 17:13:27,casella,,ok
6257,Reconciled_NewDataReconciliationSimpleTests_TSP_FourFlows5.mo,ticket/6257/Reconciled_NewDataReconciliationSimpleTests_TSP_FourFlows5.mo,14175,2020-12-01 12:10:51,casella,,ok
6257,results_new.mat,ticket/6257/results_new.mat,670730,2020-12-02 15:32:57,AnHeuermann,Results with fixed OMC,ok
6260,TestDiscreteBlocks.mo,ticket/6260/TestDiscreteBlocks.mo,957,2020-12-02 11:22:00,casella,,ok
6267,initializeParameterArray.zip,ticket/6267/initializeParameterArray.zip,4985,2021-03-02 15:06:49,niklwors,minimal example,ok
6269,screenshot_1.png,ticket/6269/screenshot_1.png,135985,2020-12-04 11:15:06,AnHeuermann,Screenshot of how to create new composite model,ok
6269,screenshot_2.png,ticket/6269/screenshot_2.png,30162,2020-12-04 11:15:24,AnHeuermann,OMEdit ask me to save newly created composite models,ok
6270,Test.mo,ticket/6270/Test.mo,1191,2020-12-04 14:55:30,ceraolo,,ok
6271,DymolaImprovments.2.docx,ticket/6271/DymolaImprovments.2.docx,135222,2021-02-04 09:25:29,jean-philippe.tavella,,ok
6271,DymolaImprovments.docx,ticket/6271/DymolaImprovments.docx,135222,2021-02-04 09:24:05,jean-philippe.tavella,,ok
6271,PowerGridElec.mo,ticket/6271/PowerGridElec.mo,531047,2021-01-25 22:42:53,casella,,ok
6273,NEW_linearize.zip,ticket/6273/NEW_linearize.zip,4745,2020-12-04 18:20:52,anonymous,,ok
6274,libraries.png,ticket/6274/libraries.png,60369,2021-02-08 12:13:10,casella,,ok
6275,GDB.dae-report.zip,ticket/6275/GDB.dae-report.zip,4180,2020-12-10 17:44:47,anonymous,,ok
6276,omeditcommunication.log,ticket/6276/omeditcommunication.log,4276212,2020-12-09 02:56:02,Manivannan Duraisamy,OMEdit communication log file,ok
6277,-240.png,ticket/6277/-240.png,54728,2020-12-09 17:18:28,Christian Kral,"Entering a negative number switches to display unit ""rad""",ok
6277,0.png,ticket/6277/0.png,54558,2020-12-09 17:17:41,Christian Kral,"Marked zero with display unit ""deg""",ok
6277,Degree.mo,ticket/6277/Degree.mo,647,2020-12-09 17:16:44,Christian Kral,Example model showing the issue,ok
6278,MVPart.fmu,ticket/6278/MVPart.fmu,994476,2020-12-10 13:02:19,jean-philippe.tavella,Dymola FMU,ok
6278,MVPartCrossCompiled.fmu,ticket/6278/MVPartCrossCompiled.fmu,1275856,2020-12-11 08:50:48,sjoelund.se,ME+CS small FMU,ok
6278,MVPartOM.fmu,ticket/6278/MVPartOM.fmu,10475021,2020-12-10 13:06:30,jean-philippe.tavella,,ok
6279,TestFMU.mo,ticket/6279/TestFMU.mo,1602,2020-12-12 11:13:31,ceraolo,,ok
6279,modelDescription.xml,ticket/6279/modelDescription.xml,3696,2020-12-13 18:21:11,ceraolo,,ok
6279,screen.png,ticket/6279/screen.png,26887,2020-12-12 11:13:16,ceraolo,,ok
6279,screenDymola.2.png,ticket/6279/screenDymola.2.png,42523,2020-12-13 21:31:04,ceraolo,,ok
6279,screenDymola.png,ticket/6279/screenDymola.png,23319,2020-12-13 18:16:50,ceraolo,,ok
6279,screenMatlab.png,ticket/6279/screenMatlab.png,42523,2020-12-13 21:32:34,ceraolo,,ok
6279,settings.png,ticket/6279/settings.png,60038,2020-12-12 11:14:28,ceraolo,,ok
6286,Installation.JPG,ticket/6286/Installation.JPG,18238,2020-12-16 14:03:15,ahaumer,ScreenShot (Installation),ok
6287,DC_Drive.2.mo,ticket/6287/DC_Drive.2.mo,18115,2020-12-18 20:23:05,ahaumer,New version of the test library,ok
6287,DC_Drive.mo,ticket/6287/DC_Drive.mo,11034,2020-12-16 18:12:36,ahaumer,,ok
6288,DC_Drive.mo,ticket/6288/DC_Drive.mo,11034,2020-12-16 22:52:58,casella,,ok
6297,LeadLagDynIEEE.mo,ticket/6297/LeadLagDynIEEE.mo,4715,2020-12-19 15:59:57,ceraolo,,ok
6298,HBridge_R.png,ticket/6298/HBridge_R.png,29145,2020-12-19 17:12:37,Christian Kral,Exported PNG file of Modelica.Electrical.PowerConverters.Examples.DCDC.HBridge.HBridge_R,ok
6298,HBridge_R_screenshot.png,ticket/6298/HBridge_R_screenshot.png,34444,2020-12-19 17:13:53,Christian Kral,What the exported PNG file shall looke like (screenshot),ok
6299,Extending.mo,ticket/6299/Extending.mo,788,2020-12-19 22:26:23,Christian Kral,Modelica package to demonstrate problem of parameter changes in extended models,ok
6306,main.log,ticket/6306/main.log,7182534,2020-12-22 22:11:23,dersh,,ok
6306,main.log.zip,ticket/6306/main.log.zip,640910,2021-03-01 21:00:34,dersh,,ok
6307,BranchingDynamicPipe_layout.png,ticket/6307/BranchingDynamicPipe_layout.png,29755,2020-12-23 11:43:42,anonymous,,ok
6307,HEX_layout.png,ticket/6307/HEX_layout.png,43421,2020-12-23 11:41:38,anonymous,,ok
6307,Openmodelica_1.16.1_Windows7_linux.png,ticket/6307/Openmodelica_1.16.1_Windows7_linux.png,75441,2021-01-02 19:05:25,Bruno PERMANNE,,ok
6307,Openmodelica_1.16.2_Project_sample_linux_windows7.png,ticket/6307/Openmodelica_1.16.2_Project_sample_linux_windows7.png,63230,2021-01-02 19:03:49,Bruno PERMANNE,,ok
6307,nfAPI.PNG,ticket/6307/nfAPI.PNG,15629,2021-02-12 14:27:01,casella,,ok
6307,nonfAPI.PNG,ticket/6307/nonfAPI.PNG,18812,2021-02-12 14:27:26,casella,,ok
6307,无标题.png,ticket/6307/无标题.png,42582,2021-01-02 02:19:24,xiang.wang,incorrect display of components in view and in tree,ok
6308,Recording.mp4,ticket/6308/Recording.mp4,6963798,2021-01-15 10:56:15,adeas31,,ok
6310,fluid_no_b.png,ticket/6310/fluid_no_b.png,7026,2020-12-23 17:57:03,Bruno PERMANNE,,ok
6311,BIL100_Demo.zip,ticket/6311/BIL100_Demo.zip,78162,2020-12-24 11:56:07,daniel.bouskela,Modelica model file corresponding to the result file,ok
6311,GV_Unit.mat,ticket/6311/GV_Unit.mat,384603,2020-12-24 11:51:25,daniel.bouskela,.mat result file,ok
6312,NewDataReconciliationSimpleTests.TSP_FourFlows11_debug.txt,ticket/6312/NewDataReconciliationSimpleTests.TSP_FourFlows11_debug.txt,18268,2020-12-24 12:36:27,arun3688,debug log from windows,ok
6312,NewDataReconciliationSimpleTests.TSP_FourFlows11_debug_linux.txt,ticket/6312/NewDataReconciliationSimpleTests.TSP_FourFlows11_debug_linux.txt,92277,2020-12-24 12:36:59,arun3688,debug log from linux,ok
6319,Dymola.png,ticket/6319/Dymola.png,13837,2021-01-02 10:44:39,ceraolo,,ok
6319,OM.png,ticket/6319/OM.png,10263,2021-01-02 10:44:51,ceraolo,,ok
6319,Test.mo,ticket/6319/Test.mo,18067,2021-01-02 17:51:05,casella,,ok
6323,Test1.mo,ticket/6323/Test1.mo,18265,2021-01-03 04:13:40,ceraolo,,ok
6323,Test2.mo,ticket/6323/Test2.mo,21932,2021-01-06 15:49:07,ceraolo,,ok
6325,SizingExampleXML3.mo,ticket/6325/SizingExampleXML3.mo,1242,2021-01-04 12:48:45,dietmarw,,ok
6325,multiTank1.xml,ticket/6325/multiTank1.xml,240,2021-01-04 12:48:54,dietmarw,,ok
6326,Screenshot from 2021-01-04 23-51-15.png,ticket/6326/Screenshot from 2021-01-04 23-51-15.png,251411,2021-01-04 22:53:20,anonymous,,ok
6328,TestJacobian.mo,ticket/6328/TestJacobian.mo,1926,2021-01-13 16:51:27,casella,,ok
6329,test2.mo,ticket/6329/test2.mo,535,2021-01-06 13:25:31,lukas.koenemann,example for test,ok
6331,TestEvalExt.mo,ticket/6331/TestEvalExt.mo,1894,2021-01-07 10:31:51,spinhalf,the same code in the description,ok
6332,equationsPair.ssp,ticket/6332/equationsPair.ssp,3849788,2021-01-07 14:38:31,anonymous,,ok
6334,BuildingsPart.fmu,ticket/6334/BuildingsPart.fmu,2938615,2021-01-08 12:12:15,jean-philippe.tavella,FMU built with BuildSysPro and exported from Dymola,ok
6336,tankwin3264.fmux,ticket/6336/tankwin3264.fmux,1937595,2021-01-08 12:35:21,jean-philippe.tavella,,ok
6337,1.png,ticket/6337/1.png,67535,2021-01-08 10:57:32,jeduapf,1,ok
6337,2.png,ticket/6337/2.png,35743,2021-01-08 10:57:46,jeduapf,2,ok
6337,3.png,ticket/6337/3.png,23346,2021-01-08 10:58:00,jeduapf,3,ok
6342,TestAutoSparseSolvers.mo,ticket/6342/TestAutoSparseSolvers.mo,14202,2021-07-14 13:21:22,casella,,ok
6344,resultfile.png,ticket/6344/resultfile.png,107564,2021-01-25 10:10:21,lochel,,ok
6345,timeUnitDay.mo,ticket/6345/timeUnitDay.mo,555,2021-01-18 10:02:42,pierre.haessig,"model to test displayUnit=""d-1""",ok
6348,InductionMotor.mo,ticket/6348/InductionMotor.mo,6686,2021-01-22 10:24:57,christiankral,Simulation models work in Linux but not Windwos,ok
6349,HVDCcomponents.zip,ticket/6349/HVDCcomponents.zip,45969,2021-02-08 09:53:29,jeduapf,HVDCComponents library with the Test_VSC example,ok
6349,Jose.zip,ticket/6349/Jose.zip,614002,2021-02-08 13:43:16,jeduapf,everything I am using now,ok
6349,OpenIPSL.zip,ticket/6349/OpenIPSL.zip,568043,2021-02-08 10:42:51,jeduapf,OpenIPSL ,ok
6349,Untitled.ipynb,ticket/6349/Untitled.ipynb,13100,2021-02-08 13:56:35,jeduapf,python script,ok
6349,jose_corrected.ipynb,ticket/6349/jose_corrected.ipynb,166460,2021-02-08 14:52:17,arun3688,,ok
6350,TestManyVariables.mo,ticket/6350/TestManyVariables.mo,1104,2021-01-26 00:48:02,casella,,ok
6351,TestGrid.tar.gz,ticket/6351/TestGrid.tar.gz,1068307,2021-01-26 12:35:27,casella,,ok
6351,TestGrid_N_16.zip,ticket/6351/TestGrid_N_16.zip,1160826,2021-02-11 11:09:01,casella,,ok
6352,TestFunctionRecordArray.mo,ticket/6352/TestFunctionRecordArray.mo,326,2021-01-26 15:57:26,casella,,ok
6354,stairBouncingBall_res.csv,ticket/6354/stairBouncingBall_res.csv,321801,2021-01-27 10:03:57,jean-philippe.tavella,,ok
6356,issue.mp4,ticket/6356/issue.mp4,4282813,2021-01-27 16:15:28,jean-philippe.tavella,,ok
6358,Del.png.jpg,ticket/6358/Del.png.jpg,36192,2021-01-29 07:56:36,christiankral,Context menu for deleting a Modelica class,ok
6360,screenshot.png,ticket/6360/screenshot.png,17937,2021-02-01 09:46:55,Simone Bosotti,Screenshot of the problem,ok
6360,test.mo,ticket/6360/test.mo,448,2021-02-01 09:46:40,Simone Bosotti,Package to recreate the bug,ok
6363,ThermalExamples.mo,ticket/6363/ThermalExamples.mo,21992,2021-02-01 17:16:39,Anton Haumer,,ok
6369,files.7z,ticket/6369/files.7z,5407,2021-02-06 19:48:39,buddih09,ZIP file containing the XML and .mo files,ok
6370,Screenshot_2021-02-07_10-42-00_tanks_example.png,ticket/6370/Screenshot_2021-02-07_10-42-00_tanks_example.png,21928,2021-02-07 18:53:34,anonymous,ThreeTanks Fluid Example Rendering Errors,ok
6371,modelDescription.xml,ticket/6371/modelDescription.xml,6130,2021-02-09 10:51:13,AnHeuermann,,ok
6379,Screenshot.png,ticket/6379/Screenshot.png,165381,2021-03-08 14:35:41,phannebohm,On small to medium sized screens the pop up window is too small to hold all the text and it gets chopped off before the radio buttons.,ok
6382,Adder.2.zip,ticket/6382/Adder.2.zip,1497,2021-02-22 10:36:26,harish.kulambi,,ok
6382,Adder.zip,ticket/6382/Adder.zip,1497,2021-02-22 10:36:08,harish.kulambi,,ok
6382,Adder_withInterface.png,ticket/6382/Adder_withInterface.png,161612,2021-02-17 13:08:52,anonymous,,ok
6382,Adder_withoutInterface.2.png,ticket/6382/Adder_withoutInterface.2.png,157276,2021-02-17 13:08:33,anonymous,,ok
6382,Adder_withoutInterface.png,ticket/6382/Adder_withoutInterface.png,157276,2021-02-17 13:08:24,anonymous,,ok
6382,Interface.png,ticket/6382/Interface.png,163584,2021-02-17 13:09:00,anonymous,,ok
6383,Test.mo,ticket/6383/Test.mo,193,2021-02-17 16:30:24,Andrea.Bartolini,,ok
6387,16.png,ticket/6387/16.png,68264,2021-02-19 07:45:01,ceraolo,,ok
6387,17.png,ticket/6387/17.png,73770,2021-02-19 07:45:13,ceraolo,,ok
6389,temp.mo,ticket/6389/temp.mo,5596,2021-02-19 09:10:29,jean-philippe.tavella,,ok
6394,Screenshot_2021-02-23_08-21-48_3tanks_parameters.png,ticket/6394/Screenshot_2021-02-23_08-21-48_3tanks_parameters.png,51303,2021-02-23 16:59:26,openmodelica,ThreeTanks Fluid Example Rendering Errors,ok
6406,Cap1.PNG,ticket/6406/Cap1.PNG,161741,2021-03-05 11:32:49,ilhan.yildirim,,ok
6406,Cap1A.PNG,ticket/6406/Cap1A.PNG,172587,2021-03-05 11:33:59,ilhan.yildirim,,ok
6406,Cap2.PNG,ticket/6406/Cap2.PNG,138699,2021-03-05 11:33:09,ilhan.yildirim,,ok
6406,Cap2A.PNG,ticket/6406/Cap2A.PNG,137968,2021-03-05 13:06:50,ilhan.yildirim,,ok
6406,Cap2B.PNG,ticket/6406/Cap2B.PNG,131766,2021-03-05 13:07:24,ilhan.yildirim,,ok
6406,Cap3.PNG,ticket/6406/Cap3.PNG,136919,2021-03-05 11:33:27,ilhan.yildirim,,ok
6406,Cap3A.PNG,ticket/6406/Cap3A.PNG,126274,2021-03-05 13:07:06,ilhan.yildirim,,ok
6406,Cap4.PNG,ticket/6406/Cap4.PNG,134970,2021-03-05 11:33:43,ilhan.yildirim,,ok
6407,OpenPBS.zip,ticket/6407/OpenPBS.zip,176369,2021-03-06 19:01:40,toheed.ghandriz,a zip file containing the example library. ,ok
6408,BugWithHomotopy.mo,ticket/6408/BugWithHomotopy.mo,21874,2021-03-08 06:38:12,Tin Rabuzin,Example of the bug,ok
6408,ModelWithHomotopy.mo,ticket/6408/ModelWithHomotopy.mo,336,2021-03-11 01:00:16,casella,A small model with homotopy,ok
6408,ModelWithHomotopy2.mo,ticket/6408/ModelWithHomotopy2.mo,370,2021-03-11 01:00:25,casella,,ok
6408,ModelWithoutHomotopy.mo,ticket/6408/ModelWithoutHomotopy.mo,311,2021-03-08 06:44:21,Tin Rabuzin,A small model without homotopy,ok
6408,screenshot.png,ticket/6408/screenshot.png,15656,2021-03-08 06:38:51,Tin Rabuzin,Screenshot of different start values,ok
6409,Immagine.png,ticket/6409/Immagine.png,11533,2021-03-08 10:57:10,Simone Bosotti,,ok
6412,omedit.ini,ticket/6412/omedit.ini,15521,2021-03-10 11:56:00,niklwors,omedit version,ok
6414,noconnectors.jpg,ticket/6414/noconnectors.jpg,152449,2021-03-09 16:58:49,sergniko,Screenshot of OMEdit. Compare user model with library one.,ok
6420,Example1.mo,ticket/6420/Example1.mo,1461,2021-03-11 19:35:38,christiankral,Example with two wrong connections,ok
6420,Example1.png,ticket/6420/Example1.png,5448,2021-03-11 19:36:44,christiankral,Diagram view of an example with two wrong connections,ok
6422,BiChopper.mo,ticket/6422/BiChopper.mo,6322,2021-03-12 08:32:21,ahaumer,,ok
6430,Nr6430 DryAirNasa.mo,ticket/6430/Nr6430 DryAirNasa.mo,1091,2021-03-31 16:11:57,hubertblervaque,ErrorSimpleModel,ok
6430,SystemInfo.pdf,ticket/6430/SystemInfo.pdf,146872,2021-03-31 16:11:06,hubertblervaque,SystemInformation,ok
6430,image.png,ticket/6430/image.png,129686,2021-03-18 11:02:07,hubertblervaque,Error description,ok
6432,PolyBeamShape.mo,ticket/6432/PolyBeamShape.mo,392,2021-03-22 19:25:52,dariomangoni,Minimal example,ok
6433,ModelStartNotDefined.mo,ticket/6433/ModelStartNotDefined.mo,316,2021-03-22 21:57:55,Tin Rabuzin,A model demonstrating the issue,ok
6437,MyModel.mo,ticket/6437/MyModel.mo,1001,2021-03-26 17:34:57,ceraolo,,ok
6437,TestPackage.mo,ticket/6437/TestPackage.mo,569,2021-03-26 17:34:41,ceraolo,,ok
6438,Test1.mo,ticket/6438/Test1.mo,1076,2021-03-26 20:23:34,ceraolo,,ok
6438,TestPackage.mo,ticket/6438/TestPackage.mo,569,2021-03-26 20:23:07,ceraolo,,ok
6438,TestPackage1.mo,ticket/6438/TestPackage1.mo,1606,2021-07-07 10:32:13,adeas31,,ok
6438,script.mos,ticket/6438/script.mos,201,2021-07-07 10:32:22,adeas31,,ok
6439,Test.mo,ticket/6439/Test.mo,19076,2021-03-28 14:49:36,ceraolo,,ok
6439,exportedVariables.csv,ticket/6439/exportedVariables.csv,163402,2021-03-28 14:49:22,ceraolo,,ok
