This file contains any messages produced by compilers while
running configure, to aid debugging if configure makes a mistake.

It was created by OpenModelica configure dev, which was
generated by GNU Autoconf 2.69.  Invocation command line was

  $ ./configure --prefix=/opt/local --with-omniORB=/opt/local --disable-python-interface --without-paradiseo --disable-omnotebook --with-lapack=-llapack -lblas --without-rml --without-omc

## --------- ##
## Platform. ##
## --------- ##

hostname = adershowitzMBP15
uname -m = x86_64
uname -r = 13.4.0
uname -s = Darwin
uname -v = Darwin Kernel Version 13.4.0: Sun Aug 17 19:50:11 PDT 2014; root:xnu-2422.115.4~1/RELEASE_X86_64

/usr/bin/uname -p = i386
/bin/uname -X     = unknown

/bin/arch              = unknown
/usr/bin/arch -k       = unknown
/usr/convex/getsysinfo = unknown
/usr/bin/hostinfo      = Mach kernel version:
	 Darwin Kernel Version 13.4.0: Sun Aug 17 19:50:11 PDT 2014; root:xnu-2422.115.4~1/RELEASE_X86_64
Kernel configured for up to 8 processors.
4 processors are physically available.
8 processors are logically available.
Processor type: i486 (Intel 80486)
Processors active: 0 1 2 3 4 5 6 7
Primary memory available: 8.00 gigabytes
Default processor set: 255 tasks, 1174 threads, 8 processors
Load average: 3.22, Mach factor: 4.77
/bin/machine           = unknown
/usr/bin/oslevel       = unknown
/bin/universe          = unknown

PATH: /opt/local/bin
PATH: /opt/local/sbin
PATH: /bin
PATH: /sbin
PATH: /usr/bin
PATH: /usr/sbin


## ----------- ##
## Core tests. ##
## ----------- ##

configure:2564: checking build system type
configure:2578: result: x86_64-apple-darwin13.4.0
configure:2598: checking host system type
configure:2611: result: x86_64-apple-darwin13.4.0
configure:2631: checking target system type
configure:2644: result: x86_64-apple-darwin13.4.0
configure:2747: checking for gcc
configure:2774: result: /usr/bin/clang
configure:3003: checking for C compiler version
configure:3012: /usr/bin/clang --version >&5
Apple LLVM version 6.0 (clang-600.0.56) (based on LLVM 3.5svn)
Target: x86_64-apple-darwin13.4.0
Thread model: posix
configure:3023: $? = 0
configure:3012: /usr/bin/clang -v >&5
Apple LLVM version 6.0 (clang-600.0.56) (based on LLVM 3.5svn)
Target: x86_64-apple-darwin13.4.0
Thread model: posix
configure:3023: $? = 0
configure:3012: /usr/bin/clang -V >&5
clang: error: argument to '-V' is missing (expected 1 value)
clang: error: no input files
configure:3023: $? = 1
configure:3012: /usr/bin/clang -qversion >&5
clang: error: unknown argument: '-qversion'
clang: error: no input files
configure:3023: $? = 1
configure:3043: checking whether the C compiler works
configure:3065: /usr/bin/clang -pipe -Os -arch x86_64 -I/opt/local/include -L/opt/local/lib -Wl,-headerpad_max_install_names -arch x86_64 conftest.c  >&5
configure:3069: $? = 0
configure:3117: result: yes
configure:3120: checking for C compiler default output file name
configure:3122: result: a.out
configure:3128: checking for suffix of executables
configure:3135: /usr/bin/clang -o conftest -pipe -Os -arch x86_64 -I/opt/local/include -L/opt/local/lib -Wl,-headerpad_max_install_names -arch x86_64 conftest.c  >&5
configure:3139: $? = 0
configure:3161: result: 
configure:3183: checking whether we are cross compiling
configure:3191: /usr/bin/clang -o conftest -pipe -Os -arch x86_64 -I/opt/local/include -L/opt/local/lib -Wl,-headerpad_max_install_names -arch x86_64 conftest.c  >&5
configure:3195: $? = 0
configure:3202: ./conftest
configure:3206: $? = 0
configure:3221: result: no
configure:3226: checking for suffix of object files
configure:3248: /usr/bin/clang -c -pipe -Os -arch x86_64 -I/opt/local/include conftest.c >&5
configure:3252: $? = 0
configure:3273: result: o
configure:3277: checking whether we are using the GNU C compiler
configure:3296: /usr/bin/clang -c -pipe -Os -arch x86_64 -I/opt/local/include conftest.c >&5
configure:3296: $? = 0
configure:3305: result: yes
configure:3314: checking whether /usr/bin/clang accepts -g
configure:3334: /usr/bin/clang -c -g -I/opt/local/include conftest.c >&5
configure:3334: $? = 0
configure:3375: result: yes
configure:3392: checking for /usr/bin/clang option to accept ISO C89
configure:3455: /usr/bin/clang  -c -pipe -Os -arch x86_64 -I/opt/local/include conftest.c >&5
configure:3455: $? = 0
configure:3468: result: none needed
configure:3600: checking for C++ compiler version
configure:3609: /usr/bin/clang++ --version >&5
Apple LLVM version 6.0 (clang-600.0.56) (based on LLVM 3.5svn)
Target: x86_64-apple-darwin13.4.0
Thread model: posix
configure:3620: $? = 0
configure:3609: /usr/bin/clang++ -v >&5
Apple LLVM version 6.0 (clang-600.0.56) (based on LLVM 3.5svn)
Target: x86_64-apple-darwin13.4.0
Thread model: posix
configure:3620: $? = 0
configure:3609: /usr/bin/clang++ -V >&5
clang: error: argument to '-V' is missing (expected 1 value)
clang: error: no input files
configure:3620: $? = 1
configure:3609: /usr/bin/clang++ -qversion >&5
clang: error: unknown argument: '-qversion'
clang: error: no input files
configure:3620: $? = 1
configure:3624: checking whether we are using the GNU C++ compiler
configure:3643: /usr/bin/clang++ -c -pipe -Os -arch x86_64 -stdlib=libc++ -I/opt/local/include conftest.cpp >&5
configure:3643: $? = 0
configure:3652: result: yes
configure:3661: checking whether /usr/bin/clang++ accepts -g
configure:3681: /usr/bin/clang++ -c -g -I/opt/local/include conftest.cpp >&5
configure:3681: $? = 0
configure:3722: result: yes
configure:3750: checking how to run the C preprocessor
configure:3781: /usr/bin/clang -E -I/opt/local/include conftest.c
configure:3781: $? = 0
configure:3795: /usr/bin/clang -E -I/opt/local/include conftest.c
conftest.c:9:10: fatal error: 'ac_nonexistent.h' file not found
#include <ac_nonexistent.h>
         ^
1 error generated.
configure:3795: $? = 1
configure: failed program was:
| /* confdefs.h */
| #define PACKAGE_NAME "OpenModelica"
| #define PACKAGE_TARNAME "openmodelica"
| #define PACKAGE_VERSION "dev"
| #define PACKAGE_STRING "OpenModelica dev"
| #define PACKAGE_BUGREPORT "https://trac.openmodelica.org/OpenModelica"
| #define PACKAGE_URL "https://openmodelica.org"
| /* end confdefs.h.  */
| #include <ac_nonexistent.h>
configure:3820: result: /usr/bin/clang -E
configure:3840: /usr/bin/clang -E -I/opt/local/include conftest.c
configure:3840: $? = 0
configure:3854: /usr/bin/clang -E -I/opt/local/include conftest.c
conftest.c:9:10: fatal error: 'ac_nonexistent.h' file not found
#include <ac_nonexistent.h>
         ^
1 error generated.
configure:3854: $? = 1
configure: failed program was:
| /* confdefs.h */
| #define PACKAGE_NAME "OpenModelica"
| #define PACKAGE_TARNAME "openmodelica"
| #define PACKAGE_VERSION "dev"
| #define PACKAGE_STRING "OpenModelica dev"
| #define PACKAGE_BUGREPORT "https://trac.openmodelica.org/OpenModelica"
| #define PACKAGE_URL "https://openmodelica.org"
| /* end confdefs.h.  */
| #include <ac_nonexistent.h>
configure:3882: checking whether make sets $(MAKE)
configure:3904: result: yes
configure:3918: checking for flex
configure:3934: found /opt/local/bin/flex
configure:3945: result: flex
configure:3983: flex conftest.l
configure:3987: $? = 0
configure:3989: checking lex output file root
configure:4003: result: lex.yy
configure:4008: checking lex library
configure:4022: /usr/bin/clang -o conftest -pipe -Os -arch x86_64 -I/opt/local/include -L/opt/local/lib -Wl,-headerpad_max_install_names -arch x86_64 conftest.c   >&5
Undefined symbols for architecture x86_64:
  "_yywrap", referenced from:
      _yylex in conftest-9856f6.o
      _main in conftest-9856f6.o
ld: symbol(s) not found for architecture x86_64
clang: error: linker command failed with exit code 1 (use -v to see invocation)
configure:4022: $? = 1
configure: failed program was:
| /* confdefs.h */
| #define PACKAGE_NAME "OpenModelica"
| #define PACKAGE_TARNAME "openmodelica"
| #define PACKAGE_VERSION "dev"
| #define PACKAGE_STRING "OpenModelica dev"
| #define PACKAGE_BUGREPORT "https://trac.openmodelica.org/OpenModelica"
| #define PACKAGE_URL "https://openmodelica.org"
| /* end confdefs.h.  */
| 
| #line 3 "lex.yy.c"
| 
| #define  YY_INT_ALIGNED short int
| 
| /* A lexical scanner generated by flex */
| 
| #define FLEX_SCANNER
| #define YY_FLEX_MAJOR_VERSION 2
| #define YY_FLEX_MINOR_VERSION 5
| #define YY_FLEX_SUBMINOR_VERSION 37
| #if YY_FLEX_SUBMINOR_VERSION > 0
| #define FLEX_BETA
| #endif
| 
| /* First, we deal with  platform-specific or compiler-specific issues. */
| 
| /* begin standard C headers. */
| #include <stdio.h>
| #include <string.h>
| #include <errno.h>
| #include <stdlib.h>
| 
| /* end standard C headers. */
| 
| /* flex integer type definitions */
| 
| #ifndef FLEXINT_H
| #define FLEXINT_H
| 
| /* C99 systems have <inttypes.h>. Non-C99 systems may or may not. */
| 
| #if defined (__STDC_VERSION__) && __STDC_VERSION__ >= 199901L
| 
| /* C99 says to define __STDC_LIMIT_MACROS before including stdint.h,
|  * if you want the limit (max/min) macros for int types. 
|  */
| #ifndef __STDC_LIMIT_MACROS
| #define __STDC_LIMIT_MACROS 1
| #endif
| 
| #include <inttypes.h>
| typedef int8_t flex_int8_t;
| typedef uint8_t flex_uint8_t;
| typedef int16_t flex_int16_t;
| typedef uint16_t flex_uint16_t;
| typedef int32_t flex_int32_t;
| typedef uint32_t flex_uint32_t;
| #else
| typedef signed char flex_int8_t;
| typedef short int flex_int16_t;
| typedef int flex_int32_t;
| typedef unsigned char flex_uint8_t; 
| typedef unsigned short int flex_uint16_t;
| typedef unsigned int flex_uint32_t;
| 
| /* Limits of integral types. */
| #ifndef INT8_MIN
| #define INT8_MIN               (-128)
| #endif
| #ifndef INT16_MIN
| #define INT16_MIN              (-32767-1)
| #endif
| #ifndef INT32_MIN
| #define INT32_MIN              (-2147483647-1)
| #endif
| #ifndef INT8_MAX
| #define INT8_MAX               (127)
| #endif
| #ifndef INT16_MAX
| #define INT16_MAX              (32767)
| #endif
| #ifndef INT32_MAX
| #define INT32_MAX              (2147483647)
| #endif
| #ifndef UINT8_MAX
| #define UINT8_MAX              (255U)
| #endif
| #ifndef UINT16_MAX
| #define UINT16_MAX             (65535U)
| #endif
| #ifndef UINT32_MAX
| #define UINT32_MAX             (4294967295U)
| #endif
| 
| #endif /* ! C99 */
| 
| #endif /* ! FLEXINT_H */
| 
| #ifdef __cplusplus
| 
| /* The "const" storage-class-modifier is valid. */
| #define YY_USE_CONST
| 
| #else	/* ! __cplusplus */
| 
| /* C99 requires __STDC__ to be defined as 1. */
| #if defined (__STDC__)
| 
| #define YY_USE_CONST
| 
| #endif	/* defined (__STDC__) */
| #endif	/* ! __cplusplus */
| 
| #ifdef YY_USE_CONST
| #define yyconst const
| #else
| #define yyconst
| #endif
| 
| /* Returned upon end-of-file. */
| #define YY_NULL 0
| 
| /* Promotes a possibly negative, possibly signed char to an unsigned
|  * integer for use as an array index.  If the signed char is negative,
|  * we want to instead treat it as an 8-bit unsigned char, hence the
|  * double cast.
|  */
| #define YY_SC_TO_UI(c) ((unsigned int) (unsigned char) c)
| 
| /* Enter a start condition.  This macro really ought to take a parameter,
|  * but we do it the disgusting crufty way forced on us by the ()-less
|  * definition of BEGIN.
|  */
| #define BEGIN (yy_start) = 1 + 2 *
| 
| /* Translate the current start state into a value that can be later handed
|  * to BEGIN to return to the state.  The YYSTATE alias is for lex
|  * compatibility.
|  */
| #define YY_START (((yy_start) - 1) / 2)
| #define YYSTATE YY_START
| 
| /* Action number for EOF rule of a given start state. */
| #define YY_STATE_EOF(state) (YY_END_OF_BUFFER + state + 1)
| 
| /* Special action meaning "start processing a new file". */
| #define YY_NEW_FILE yyrestart(yyin  )
| 
| #define YY_END_OF_BUFFER_CHAR 0
| 
| /* Size of default input buffer. */
| #ifndef YY_BUF_SIZE
| #define YY_BUF_SIZE 16384
| #endif
| 
| /* The state buf must be large enough to hold one state per character in the main buffer.
|  */
| #define YY_STATE_BUF_SIZE   ((YY_BUF_SIZE + 2) * sizeof(yy_state_type))
| 
| #ifndef YY_TYPEDEF_YY_BUFFER_STATE
| #define YY_TYPEDEF_YY_BUFFER_STATE
| typedef struct yy_buffer_state *YY_BUFFER_STATE;
| #endif
| 
| #ifndef YY_TYPEDEF_YY_SIZE_T
| #define YY_TYPEDEF_YY_SIZE_T
| typedef size_t yy_size_t;
| #endif
| 
| extern yy_size_t yyleng;
| 
| extern FILE *yyin, *yyout;
| 
| #define EOB_ACT_CONTINUE_SCAN 0
| #define EOB_ACT_END_OF_FILE 1
| #define EOB_ACT_LAST_MATCH 2
| 
|     #define YY_LESS_LINENO(n)
|     
| /* Return all but the first "n" matched characters back to the input stream. */
| #define yyless(n) \
| 	do \
| 		{ \
| 		/* Undo effects of setting up yytext. */ \
|         int yyless_macro_arg = (n); \
|         YY_LESS_LINENO(yyless_macro_arg);\
| 		*yy_cp = (yy_hold_char); \
| 		YY_RESTORE_YY_MORE_OFFSET \
| 		(yy_c_buf_p) = yy_cp = yy_bp + yyless_macro_arg - YY_MORE_ADJ; \
| 		YY_DO_BEFORE_ACTION; /* set up yytext again */ \
| 		} \
| 	while ( 0 )
| 
| #define unput(c) yyunput( c, (yytext_ptr)  )
| 
| #ifndef YY_STRUCT_YY_BUFFER_STATE
| #define YY_STRUCT_YY_BUFFER_STATE
| struct yy_buffer_state
| 	{
| 	FILE *yy_input_file;
| 
| 	char *yy_ch_buf;		/* input buffer */
| 	char *yy_buf_pos;		/* current position in input buffer */
| 
| 	/* Size of input buffer in bytes, not including room for EOB
| 	 * characters.
| 	 */
| 	yy_size_t yy_buf_size;
| 
| 	/* Number of characters read into yy_ch_buf, not including EOB
| 	 * characters.
| 	 */
| 	yy_size_t yy_n_chars;
| 
| 	/* Whether we "own" the buffer - i.e., we know we created it,
| 	 * and can realloc() it to grow it, and should free() it to
| 	 * delete it.
| 	 */
| 	int yy_is_our_buffer;
| 
| 	/* Whether this is an "interactive" input source; if so, and
| 	 * if we're using stdio for input, then we want to use getc()
| 	 * instead of fread(), to make sure we stop fetching input after
| 	 * each newline.
| 	 */
| 	int yy_is_interactive;
| 
| 	/* Whether we're considered to be at the beginning of a line.
| 	 * If so, '^' rules will be active on the next match, otherwise
| 	 * not.
| 	 */
| 	int yy_at_bol;
| 
|     int yy_bs_lineno; /**< The line count. */
|     int yy_bs_column; /**< The column count. */
|     
| 	/* Whether to try to fill the input buffer when we reach the
| 	 * end of it.
| 	 */
| 	int yy_fill_buffer;
| 
| 	int yy_buffer_status;
| 
| #define YY_BUFFER_NEW 0
| #define YY_BUFFER_NORMAL 1
| 	/* When an EOF's been seen but there's still some text to process
| 	 * then we mark the buffer as YY_EOF_PENDING, to indicate that we
| 	 * shouldn't try reading from the input source any more.  We might
| 	 * still have a bunch of tokens to match, though, because of
| 	 * possible backing-up.
| 	 *
| 	 * When we actually see the EOF, we change the status to "new"
| 	 * (via yyrestart()), so that the user can continue scanning by
| 	 * just pointing yyin at a new input file.
| 	 */
| #define YY_BUFFER_EOF_PENDING 2
| 
| 	};
| #endif /* !YY_STRUCT_YY_BUFFER_STATE */
| 
| /* Stack of input buffers. */
| static size_t yy_buffer_stack_top = 0; /**< index of top of stack. */
| static size_t yy_buffer_stack_max = 0; /**< capacity of stack. */
| static YY_BUFFER_STATE * yy_buffer_stack = 0; /**< Stack as an array. */
| 
| /* We provide macros for accessing buffer states in case in the
|  * future we want to put the buffer states in a more general
|  * "scanner state".
|  *
|  * Returns the top of the stack, or NULL.
|  */
| #define YY_CURRENT_BUFFER ( (yy_buffer_stack) \
|                           ? (yy_buffer_stack)[(yy_buffer_stack_top)] \
|                           : NULL)
| 
| /* Same as previous macro, but useful when we know that the buffer stack is not
|  * NULL or when we need an lvalue. For internal use only.
|  */
| #define YY_CURRENT_BUFFER_LVALUE (yy_buffer_stack)[(yy_buffer_stack_top)]
| 
| /* yy_hold_char holds the character lost when yytext is formed. */
| static char yy_hold_char;
| static yy_size_t yy_n_chars;		/* number of characters read into yy_ch_buf */
| yy_size_t yyleng;
| 
| /* Points to current character in buffer. */
| static char *yy_c_buf_p = (char *) 0;
| static int yy_init = 0;		/* whether we need to initialize */
| static int yy_start = 0;	/* start state number */
| 
| /* Flag which is used to allow yywrap()'s to do buffer switches
|  * instead of setting up a fresh yyin.  A bit of a hack ...
|  */
| static int yy_did_buffer_switch_on_eof;
| 
| void yyrestart (FILE *input_file  );
| void yy_switch_to_buffer (YY_BUFFER_STATE new_buffer  );
| YY_BUFFER_STATE yy_create_buffer (FILE *file,int size  );
| void yy_delete_buffer (YY_BUFFER_STATE b  );
| void yy_flush_buffer (YY_BUFFER_STATE b  );
| void yypush_buffer_state (YY_BUFFER_STATE new_buffer  );
| void yypop_buffer_state (void );
| 
| static void yyensure_buffer_stack (void );
| static void yy_load_buffer_state (void );
| static void yy_init_buffer (YY_BUFFER_STATE b,FILE *file  );
| 
| #define YY_FLUSH_BUFFER yy_flush_buffer(YY_CURRENT_BUFFER )
| 
| YY_BUFFER_STATE yy_scan_buffer (char *base,yy_size_t size  );
| YY_BUFFER_STATE yy_scan_string (yyconst char *yy_str  );
| YY_BUFFER_STATE yy_scan_bytes (yyconst char *bytes,yy_size_t len  );
| 
| void *yyalloc (yy_size_t  );
| void *yyrealloc (void *,yy_size_t  );
| void yyfree (void *  );
| 
| #define yy_new_buffer yy_create_buffer
| 
| #define yy_set_interactive(is_interactive) \
| 	{ \
| 	if ( ! YY_CURRENT_BUFFER ){ \
|         yyensure_buffer_stack (); \
| 		YY_CURRENT_BUFFER_LVALUE =    \
|             yy_create_buffer(yyin,YY_BUF_SIZE ); \
| 	} \
| 	YY_CURRENT_BUFFER_LVALUE->yy_is_interactive = is_interactive; \
| 	}
| 
| #define yy_set_bol(at_bol) \
| 	{ \
| 	if ( ! YY_CURRENT_BUFFER ){\
|         yyensure_buffer_stack (); \
| 		YY_CURRENT_BUFFER_LVALUE =    \
|             yy_create_buffer(yyin,YY_BUF_SIZE ); \
| 	} \
| 	YY_CURRENT_BUFFER_LVALUE->yy_at_bol = at_bol; \
| 	}
| 
| #define YY_AT_BOL() (YY_CURRENT_BUFFER_LVALUE->yy_at_bol)
| 
| /* Begin user sect3 */
| 
| typedef unsigned char YY_CHAR;
| 
| FILE *yyin = (FILE *) 0, *yyout = (FILE *) 0;
| 
| typedef int yy_state_type;
| 
| extern int yylineno;
| 
| int yylineno = 1;
| 
| extern char *yytext;
| #define yytext_ptr yytext
| 
| static yy_state_type yy_get_previous_state (void );
| static yy_state_type yy_try_NUL_trans (yy_state_type current_state  );
| static int yy_get_next_buffer (void );
| static void yy_fatal_error (yyconst char msg[]  );
| 
| /* Done after the current pattern has been matched and before the
|  * corresponding action - sets up yytext.
|  */
| #define YY_DO_BEFORE_ACTION \
| 	(yytext_ptr) = yy_bp; \
| 	(yytext_ptr) -= (yy_more_len); \
| 	yyleng = (size_t) (yy_cp - (yytext_ptr)); \
| 	(yy_hold_char) = *yy_cp; \
| 	*yy_cp = '\0'; \
| 	(yy_c_buf_p) = yy_cp;
| 
| #define YY_NUM_RULES 8
| #define YY_END_OF_BUFFER 9
| /* This struct is not used in this scanner,
|    but its presence is necessary. */
| struct yy_trans_info
| 	{
| 	flex_int32_t yy_verify;
| 	flex_int32_t yy_nxt;
| 	};
| static yyconst flex_int16_t yy_acclist[23] =
|     {   0,
|         9,    7,    8,    8,    1,    7,    8,    2,    7,    8,
|         3,    7,    8,    4,    7,    8,    5,    7,    8,    6,
|         7,    8
|     } ;
| 
| static yyconst flex_int16_t yy_accept[14] =
|     {   0,
|         1,    1,    1,    2,    4,    5,    8,   11,   14,   17,
|        20,   23,   23
|     } ;
| 
| static yyconst flex_int32_t yy_ec[256] =
|     {   0,
|         1,    1,    1,    1,    1,    1,    1,    1,    1,    2,
|         1,    1,    1,    1,    1,    1,    1,    1,    1,    1,
|         1,    1,    1,    1,    1,    1,    1,    1,    1,    1,
|         1,    1,    1,    1,    1,    1,    1,    1,    1,    1,
|         1,    1,    1,    1,    1,    1,    1,    1,    1,    1,
|         1,    1,    1,    1,    1,    1,    1,    1,    1,    1,
|         1,    1,    1,    1,    1,    1,    1,    1,    1,    1,
|         1,    1,    1,    1,    1,    1,    1,    1,    1,    1,
|         1,    1,    1,    1,    1,    1,    1,    1,    1,    1,
|         1,    1,    1,    1,    1,    1,    3,    4,    5,    6,
| 
|         7,    8,    1,    1,    1,    1,    1,    1,    1,    1,
|         1,    1,    1,    1,    1,    1,    1,    1,    1,    1,
|         1,    1,    1,    1,    1,    1,    1,    1,    1,    1,
|         1,    1,    1,    1,    1,    1,    1,    1,    1,    1,
|         1,    1,    1,    1,    1,    1,    1,    1,    1,    1,
|         1,    1,    1,    1,    1,    1,    1,    1,    1,    1,
|         1,    1,    1,    1,    1,    1,    1,    1,    1,    1,
|         1,    1,    1,    1,    1,    1,    1,    1,    1,    1,
|         1,    1,    1,    1,    1,    1,    1,    1,    1,    1,
|         1,    1,    1,    1,    1,    1,    1,    1,    1,    1,
| 
|         1,    1,    1,    1,    1,    1,    1,    1,    1,    1,
|         1,    1,    1,    1,    1,    1,    1,    1,    1,    1,
|         1,    1,    1,    1,    1,    1,    1,    1,    1,    1,
|         1,    1,    1,    1,    1,    1,    1,    1,    1,    1,
|         1,    1,    1,    1,    1,    1,    1,    1,    1,    1,
|         1,    1,    1,    1,    1
|     } ;
| 
| static yyconst flex_int32_t yy_meta[9] =
|     {   0,
|         1,    1,    1,    1,    1,    1,    1,    1
|     } ;
| 
| static yyconst flex_int16_t yy_base[13] =
|     {   0,
|         0,    0,    9,   10,   10,   10,   10,   10,   10,   10,
|        10,   10
|     } ;
| 
| static yyconst flex_int16_t yy_def[13] =
|     {   0,
|        12,    1,   12,   12,   12,   12,   12,   12,   12,   12,
|        12,    0
|     } ;
| 
| static yyconst flex_int16_t yy_nxt[19] =
|     {   0,
|         4,    5,    6,    7,    8,    9,   10,   11,   12,    3,
|        12,   12,   12,   12,   12,   12,   12,   12
|     } ;
| 
| static yyconst flex_int16_t yy_chk[19] =
|     {   0,
|         1,    1,    1,    1,    1,    1,    1,    1,    3,   12,
|        12,   12,   12,   12,   12,   12,   12,   12
|     } ;
| 
| extern int yy_flex_debug;
| int yy_flex_debug = 0;
| 
| static yy_state_type *yy_state_buf=0, *yy_state_ptr=0;
| static char *yy_full_match;
| static int yy_lp;
| #define REJECT \
| { \
| *yy_cp = (yy_hold_char); /* undo effects of setting up yytext */ \
| yy_cp = (yy_full_match); /* restore poss. backed-over text */ \
| ++(yy_lp); \
| goto find_rule; \
| }
| 
| static int yy_more_flag = 0;
| static int yy_more_len = 0;
| #define yymore() ((yy_more_flag) = 1)
| #define YY_MORE_ADJ (yy_more_len)
| #define YY_RESTORE_YY_MORE_OFFSET
| char *yytext;
| #line 1 "conftest.l"
| #line 469 "lex.yy.c"
| 
| #define INITIAL 0
| 
| #ifndef YY_NO_UNISTD_H
| /* Special case for "unistd.h", since it is non-ANSI. We include it way
|  * down here because we want the user's section 1 to have been scanned first.
|  * The user has a chance to override it with an option.
|  */
| #include <unistd.h>
| #endif
| 
| #ifndef YY_EXTRA_TYPE
| #define YY_EXTRA_TYPE void *
| #endif
| 
| static int yy_init_globals (void );
| 
| /* Accessor methods to globals.
|    These are made visible to non-reentrant scanners for convenience. */
| 
| int yylex_destroy (void );
| 
| int yyget_debug (void );
| 
| void yyset_debug (int debug_flag  );
| 
| YY_EXTRA_TYPE yyget_extra (void );
| 
| void yyset_extra (YY_EXTRA_TYPE user_defined  );
| 
| FILE *yyget_in (void );
| 
| void yyset_in  (FILE * in_str  );
| 
| FILE *yyget_out (void );
| 
| void yyset_out  (FILE * out_str  );
| 
| yy_size_t yyget_leng (void );
| 
| char *yyget_text (void );
| 
| int yyget_lineno (void );
| 
| void yyset_lineno (int line_number  );
| 
| /* Macros after this point can all be overridden by user definitions in
|  * section 1.
|  */
| 
| #ifndef YY_SKIP_YYWRAP
| #ifdef __cplusplus
| extern "C" int yywrap (void );
| #else
| extern int yywrap (void );
| #endif
| #endif
| 
|     static void yyunput (int c,char *buf_ptr  );
|     
| #ifndef yytext_ptr
| static void yy_flex_strncpy (char *,yyconst char *,int );
| #endif
| 
| #ifdef YY_NEED_STRLEN
| static int yy_flex_strlen (yyconst char * );
| #endif
| 
| #ifndef YY_NO_INPUT
| 
| #ifdef __cplusplus
| static int yyinput (void );
| #else
| static int input (void );
| #endif
| 
| #endif
| 
| /* Amount of stuff to slurp up with each read. */
| #ifndef YY_READ_BUF_SIZE
| #define YY_READ_BUF_SIZE 8192
| #endif
| 
| /* Copy whatever the last rule matched to the standard output. */
| #ifndef ECHO
| /* This used to be an fputs(), but since the string might contain NUL's,
|  * we now use fwrite().
|  */
| #define ECHO do { if (fwrite( yytext, yyleng, 1, yyout )) {} } while (0)
| #endif
| 
| /* Gets input and stuffs it into "buf".  number of characters read, or YY_NULL,
|  * is returned in "result".
|  */
| #ifndef YY_INPUT
| #define YY_INPUT(buf,result,max_size) \
| 	if ( YY_CURRENT_BUFFER_LVALUE->yy_is_interactive ) \
| 		{ \
| 		int c = '*'; \
| 		size_t n; \
| 		for ( n = 0; n < max_size && \
| 			     (c = getc( yyin )) != EOF && c != '\n'; ++n ) \
| 			buf[n] = (char) c; \
| 		if ( c == '\n' ) \
| 			buf[n++] = (char) c; \
| 		if ( c == EOF && ferror( yyin ) ) \
| 			YY_FATAL_ERROR( "input in flex scanner failed" ); \
| 		result = n; \
| 		} \
| 	else \
| 		{ \
| 		errno=0; \
| 		while ( (result = fread(buf, 1, max_size, yyin))==0 && ferror(yyin)) \
| 			{ \
| 			if( errno != EINTR) \
| 				{ \
| 				YY_FATAL_ERROR( "input in flex scanner failed" ); \
| 				break; \
| 				} \
| 			errno=0; \
| 			clearerr(yyin); \
| 			} \
| 		}\
| \
| 
| #endif
| 
| /* No semi-colon after return; correct usage is to write "yyterminate();" -
|  * we don't want an extra ';' after the "return" because that will cause
|  * some compilers to complain about unreachable statements.
|  */
| #ifndef yyterminate
| #define yyterminate() return YY_NULL
| #endif
| 
| /* Number of entries by which start-condition stack grows. */
| #ifndef YY_START_STACK_INCR
| #define YY_START_STACK_INCR 25
| #endif
| 
| /* Report a fatal error. */
| #ifndef YY_FATAL_ERROR
| #define YY_FATAL_ERROR(msg) yy_fatal_error( msg )
| #endif
| 
| /* end tables serialization structures and prototypes */
| 
| /* Default declaration of generated scanner - a define so the user can
|  * easily add parameters.
|  */
| #ifndef YY_DECL
| #define YY_DECL_IS_OURS 1
| 
| extern int yylex (void);
| 
| #define YY_DECL int yylex (void)
| #endif /* !YY_DECL */
| 
| /* Code executed at the beginning of each rule, after yytext and yyleng
|  * have been set up.
|  */
| #ifndef YY_USER_ACTION
| #define YY_USER_ACTION
| #endif
| 
| /* Code executed at the end of each rule. */
| #ifndef YY_BREAK
| #define YY_BREAK break;
| #endif
| 
| #define YY_RULE_SETUP \
| 	YY_USER_ACTION
| 
| /** The main scanner function which does all the work.
|  */
| YY_DECL
| {
| 	register yy_state_type yy_current_state;
| 	register char *yy_cp, *yy_bp;
| 	register int yy_act;
|     
| #line 1 "conftest.l"
| 
| #line 653 "lex.yy.c"
| 
| 	if ( !(yy_init) )
| 		{
| 		(yy_init) = 1;
| 
| #ifdef YY_USER_INIT
| 		YY_USER_INIT;
| #endif
| 
|         /* Create the reject buffer large enough to save one state per allowed character. */
|         if ( ! (yy_state_buf) )
|             (yy_state_buf) = (yy_state_type *)yyalloc(YY_STATE_BUF_SIZE  );
|             if ( ! (yy_state_buf) )
|                 YY_FATAL_ERROR( "out of dynamic memory in yylex()" );
| 
| 		if ( ! (yy_start) )
| 			(yy_start) = 1;	/* first start state */
| 
| 		if ( ! yyin )
| 			yyin = stdin;
| 
| 		if ( ! yyout )
| 			yyout = stdout;
| 
| 		if ( ! YY_CURRENT_BUFFER ) {
| 			yyensure_buffer_stack ();
| 			YY_CURRENT_BUFFER_LVALUE =
| 				yy_create_buffer(yyin,YY_BUF_SIZE );
| 		}
| 
| 		yy_load_buffer_state( );
| 		}
| 
| 	while ( 1 )		/* loops until end-of-file is reached */
| 		{
| 		(yy_more_len) = 0;
| 		if ( (yy_more_flag) )
| 			{
| 			(yy_more_len) = (yy_c_buf_p) - (yytext_ptr);
| 			(yy_more_flag) = 0;
| 			}
| 		yy_cp = (yy_c_buf_p);
| 
| 		/* Support of yytext. */
| 		*yy_cp = (yy_hold_char);
| 
| 		/* yy_bp points to the position in yy_ch_buf of the start of
| 		 * the current run.
| 		 */
| 		yy_bp = yy_cp;
| 
| 		yy_current_state = (yy_start);
| 
| 		(yy_state_ptr) = (yy_state_buf);
| 		*(yy_state_ptr)++ = yy_current_state;
| 
| yy_match:
| 		do
| 			{
| 			register YY_CHAR yy_c = yy_ec[YY_SC_TO_UI(*yy_cp)];
| 			while ( yy_chk[yy_base[yy_current_state] + yy_c] != yy_current_state )
| 				{
| 				yy_current_state = (int) yy_def[yy_current_state];
| 				if ( yy_current_state >= 13 )
| 					yy_c = yy_meta[(unsigned int) yy_c];
| 				}
| 			yy_current_state = yy_nxt[yy_base[yy_current_state] + (unsigned int) yy_c];
| 			*(yy_state_ptr)++ = yy_current_state;
| 			++yy_cp;
| 			}
| 		while ( yy_base[yy_current_state] != 10 );
| 
| yy_find_action:
| 		yy_current_state = *--(yy_state_ptr);
| 		(yy_lp) = yy_accept[yy_current_state];
| find_rule: /* we branch to this label when backing up */
| 		for ( ; ; ) /* until we find what rule we matched */
| 			{
| 			if ( (yy_lp) && (yy_lp) < yy_accept[yy_current_state + 1] )
| 				{
| 				yy_act = yy_acclist[(yy_lp)];
| 					{
| 					(yy_full_match) = yy_cp;
| 					break;
| 					}
| 				}
| 			--yy_cp;
| 			yy_current_state = *--(yy_state_ptr);
| 			(yy_lp) = yy_accept[yy_current_state];
| 			}
| 
| 		YY_DO_BEFORE_ACTION;
| 
| do_action:	/* This label is used only to access EOF actions. */
| 
| 		switch ( yy_act )
| 	{ /* beginning of action switch */
| case 1:
| YY_RULE_SETUP
| #line 2 "conftest.l"
| { ECHO; }
| 	YY_BREAK
| case 2:
| YY_RULE_SETUP
| #line 3 "conftest.l"
| { REJECT; }
| 	YY_BREAK
| case 3:
| YY_RULE_SETUP
| #line 4 "conftest.l"
| { yymore (); }
| 	YY_BREAK
| case 4:
| YY_RULE_SETUP
| #line 5 "conftest.l"
| { yyless (1); }
| 	YY_BREAK
| case 5:
| YY_RULE_SETUP
| #line 6 "conftest.l"
| { /* IRIX 6.5 flex 2.5.4 underquotes its yyless argument.  */
|     yyless ((input () != 0)); }
| 	YY_BREAK
| case 6:
| YY_RULE_SETUP
| #line 8 "conftest.l"
| { unput (yytext[0]); }
| 	YY_BREAK
| case 7:
| YY_RULE_SETUP
| #line 9 "conftest.l"
| { BEGIN INITIAL; }
| 	YY_BREAK
| case 8:
| YY_RULE_SETUP
| #line 10 "conftest.l"
| ECHO;
| 	YY_BREAK
| #line 792 "lex.yy.c"
| 			case YY_STATE_EOF(INITIAL):
| 				yyterminate();
| 
| 	case YY_END_OF_BUFFER:
| 		{
| 		/* Amount of text matched not including the EOB char. */
| 		int yy_amount_of_matched_text = (int) (yy_cp - (yytext_ptr)) - 1;
| 
| 		/* Undo the effects of YY_DO_BEFORE_ACTION. */
| 		*yy_cp = (yy_hold_char);
| 		YY_RESTORE_YY_MORE_OFFSET
| 
| 		if ( YY_CURRENT_BUFFER_LVALUE->yy_buffer_status == YY_BUFFER_NEW )
| 			{
| 			/* We're scanning a new file or input source.  It's
| 			 * possible that this happened because the user
| 			 * just pointed yyin at a new source and called
| 			 * yylex().  If so, then we have to assure
| 			 * consistency between YY_CURRENT_BUFFER and our
| 			 * globals.  Here is the right place to do so, because
| 			 * this is the first action (other than possibly a
| 			 * back-up) that will match for the new input source.
| 			 */
| 			(yy_n_chars) = YY_CURRENT_BUFFER_LVALUE->yy_n_chars;
| 			YY_CURRENT_BUFFER_LVALUE->yy_input_file = yyin;
| 			YY_CURRENT_BUFFER_LVALUE->yy_buffer_status = YY_BUFFER_NORMAL;
| 			}
| 
| 		/* Note that here we test for yy_c_buf_p "<=" to the position
| 		 * of the first EOB in the buffer, since yy_c_buf_p will
| 		 * already have been incremented past the NUL character
| 		 * (since all states make transitions on EOB to the
| 		 * end-of-buffer state).  Contrast this with the test
| 		 * in input().
| 		 */
| 		if ( (yy_c_buf_p) <= &YY_CURRENT_BUFFER_LVALUE->yy_ch_buf[(yy_n_chars)] )
| 			{ /* This was really a NUL. */
| 			yy_state_type yy_next_state;
| 
| 			(yy_c_buf_p) = (yytext_ptr) + yy_amount_of_matched_text;
| 
| 			yy_current_state = yy_get_previous_state(  );
| 
| 			/* Okay, we're now positioned to make the NUL
| 			 * transition.  We couldn't have
| 			 * yy_get_previous_state() go ahead and do it
| 			 * for us because it doesn't know how to deal
| 			 * with the possibility of jamming (and we don't
| 			 * want to build jamming into it because then it
| 			 * will run more slowly).
| 			 */
| 
| 			yy_next_state = yy_try_NUL_trans( yy_current_state );
| 
| 			yy_bp = (yytext_ptr) + YY_MORE_ADJ;
| 
| 			if ( yy_next_state )
| 				{
| 				/* Consume the NUL. */
| 				yy_cp = ++(yy_c_buf_p);
| 				yy_current_state = yy_next_state;
| 				goto yy_match;
| 				}
| 
| 			else
| 				{
| 				yy_cp = (yy_c_buf_p);
| 				goto yy_find_action;
| 				}
| 			}
| 
| 		else switch ( yy_get_next_buffer(  ) )
| 			{
| 			case EOB_ACT_END_OF_FILE:
| 				{
| 				(yy_did_buffer_switch_on_eof) = 0;
| 
| 				if ( yywrap( ) )
| 					{
| 					/* Note: because we've taken care in
| 					 * yy_get_next_buffer() to have set up
| 					 * yytext, we can now set up
| 					 * yy_c_buf_p so that if some total
| 					 * hoser (like flex itself) wants to
| 					 * call the scanner after we return the
| 					 * YY_NULL, it'll still work - another
| 					 * YY_NULL will get returned.
| 					 */
| 					(yy_c_buf_p) = (yytext_ptr) + YY_MORE_ADJ;
| 
| 					yy_act = YY_STATE_EOF(YY_START);
| 					goto do_action;
| 					}
| 
| 				else
| 					{
| 					if ( ! (yy_did_buffer_switch_on_eof) )
| 						YY_NEW_FILE;
| 					}
| 				break;
| 				}
| 
| 			case EOB_ACT_CONTINUE_SCAN:
| 				(yy_c_buf_p) =
| 					(yytext_ptr) + yy_amount_of_matched_text;
| 
| 				yy_current_state = yy_get_previous_state(  );
| 
| 				yy_cp = (yy_c_buf_p);
| 				yy_bp = (yytext_ptr) + YY_MORE_ADJ;
| 				goto yy_match;
| 
| 			case EOB_ACT_LAST_MATCH:
| 				(yy_c_buf_p) =
| 				&YY_CURRENT_BUFFER_LVALUE->yy_ch_buf[(yy_n_chars)];
| 
| 				yy_current_state = yy_get_previous_state(  );
| 
| 				yy_cp = (yy_c_buf_p);
| 				yy_bp = (yytext_ptr) + YY_MORE_ADJ;
| 				goto yy_find_action;
| 			}
| 		break;
| 		}
| 
| 	default:
| 		YY_FATAL_ERROR(
| 			"fatal flex scanner internal error--no action found" );
| 	} /* end of action switch */
| 		} /* end of scanning one token */
| } /* end of yylex */
| 
| /* yy_get_next_buffer - try to read in a new buffer
|  *
|  * Returns a code representing an action:
|  *	EOB_ACT_LAST_MATCH -
|  *	EOB_ACT_CONTINUE_SCAN - continue scanning from current position
|  *	EOB_ACT_END_OF_FILE - end of file
|  */
| static int yy_get_next_buffer (void)
| {
|     	register char *dest = YY_CURRENT_BUFFER_LVALUE->yy_ch_buf;
| 	register char *source = (yytext_ptr);
| 	register int number_to_move, i;
| 	int ret_val;
| 
| 	if ( (yy_c_buf_p) > &YY_CURRENT_BUFFER_LVALUE->yy_ch_buf[(yy_n_chars) + 1] )
| 		YY_FATAL_ERROR(
| 		"fatal flex scanner internal error--end of buffer missed" );
| 
| 	if ( YY_CURRENT_BUFFER_LVALUE->yy_fill_buffer == 0 )
| 		{ /* Don't try to fill the buffer, so this is an EOF. */
| 		if ( (yy_c_buf_p) - (yytext_ptr) - YY_MORE_ADJ == 1 )
| 			{
| 			/* We matched a single character, the EOB, so
| 			 * treat this as a final EOF.
| 			 */
| 			return EOB_ACT_END_OF_FILE;
| 			}
| 
| 		else
| 			{
| 			/* We matched some text prior to the EOB, first
| 			 * process it.
| 			 */
| 			return EOB_ACT_LAST_MATCH;
| 			}
| 		}
| 
| 	/* Try to read more data. */
| 
| 	/* First move last chars to start of buffer. */
| 	number_to_move = (int) ((yy_c_buf_p) - (yytext_ptr)) - 1;
| 
| 	for ( i = 0; i < number_to_move; ++i )
| 		*(dest++) = *(source++);
| 
| 	if ( YY_CURRENT_BUFFER_LVALUE->yy_buffer_status == YY_BUFFER_EOF_PENDING )
| 		/* don't do the read, it's not guaranteed to return an EOF,
| 		 * just force an EOF
| 		 */
| 		YY_CURRENT_BUFFER_LVALUE->yy_n_chars = (yy_n_chars) = 0;
| 
| 	else
| 		{
| 			yy_size_t num_to_read =
| 			YY_CURRENT_BUFFER_LVALUE->yy_buf_size - number_to_move - 1;
| 
| 		while ( num_to_read <= 0 )
| 			{ /* Not enough room in the buffer - grow it. */
| 
| 			YY_FATAL_ERROR(
| "input buffer overflow, can't enlarge buffer because scanner uses REJECT" );
| 
| 			}
| 
| 		if ( num_to_read > YY_READ_BUF_SIZE )
| 			num_to_read = YY_READ_BUF_SIZE;
| 
| 		/* Read in more data. */
| 		YY_INPUT( (&YY_CURRENT_BUFFER_LVALUE->yy_ch_buf[number_to_move]),
| 			(yy_n_chars), num_to_read );
| 
| 		YY_CURRENT_BUFFER_LVALUE->yy_n_chars = (yy_n_chars);
| 		}
| 
| 	if ( (yy_n_chars) == 0 )
| 		{
| 		if ( number_to_move == YY_MORE_ADJ )
| 			{
| 			ret_val = EOB_ACT_END_OF_FILE;
| 			yyrestart(yyin  );
| 			}
| 
| 		else
| 			{
| 			ret_val = EOB_ACT_LAST_MATCH;
| 			YY_CURRENT_BUFFER_LVALUE->yy_buffer_status =
| 				YY_BUFFER_EOF_PENDING;
| 			}
| 		}
| 
| 	else
| 		ret_val = EOB_ACT_CONTINUE_SCAN;
| 
| 	if ((yy_size_t) ((yy_n_chars) + number_to_move) > YY_CURRENT_BUFFER_LVALUE->yy_buf_size) {
| 		/* Extend the array by 50%, plus the number we really need. */
| 		yy_size_t new_size = (yy_n_chars) + number_to_move + ((yy_n_chars) >> 1);
| 		YY_CURRENT_BUFFER_LVALUE->yy_ch_buf = (char *) yyrealloc((void *) YY_CURRENT_BUFFER_LVALUE->yy_ch_buf,new_size  );
| 		if ( ! YY_CURRENT_BUFFER_LVALUE->yy_ch_buf )
| 			YY_FATAL_ERROR( "out of dynamic memory in yy_get_next_buffer()" );
| 	}
| 
| 	(yy_n_chars) += number_to_move;
| 	YY_CURRENT_BUFFER_LVALUE->yy_ch_buf[(yy_n_chars)] = YY_END_OF_BUFFER_CHAR;
| 	YY_CURRENT_BUFFER_LVALUE->yy_ch_buf[(yy_n_chars) + 1] = YY_END_OF_BUFFER_CHAR;
| 
| 	(yytext_ptr) = &YY_CURRENT_BUFFER_LVALUE->yy_ch_buf[0];
| 
| 	return ret_val;
| }
| 
| /* yy_get_previous_state - get the state just before the EOB char was reached */
| 
|     static yy_state_type yy_get_previous_state (void)
| {
| 	register yy_state_type yy_current_state;
| 	register char *yy_cp;
|     
| 	yy_current_state = (yy_start);
| 
| 	(yy_state_ptr) = (yy_state_buf);
| 	*(yy_state_ptr)++ = yy_current_state;
| 
| 	for ( yy_cp = (yytext_ptr) + YY_MORE_ADJ; yy_cp < (yy_c_buf_p); ++yy_cp )
| 		{
| 		register YY_CHAR yy_c = (*yy_cp ? yy_ec[YY_SC_TO_UI(*yy_cp)] : 1);
| 		while ( yy_chk[yy_base[yy_current_state] + yy_c] != yy_current_state )
| 			{
| 			yy_current_state = (int) yy_def[yy_current_state];
| 			if ( yy_current_state >= 13 )
| 				yy_c = yy_meta[(unsigned int) yy_c];
| 			}
| 		yy_current_state = yy_nxt[yy_base[yy_current_state] + (unsigned int) yy_c];
| 		*(yy_state_ptr)++ = yy_current_state;
| 		}
| 
| 	return yy_current_state;
| }
| 
| /* yy_try_NUL_trans - try to make a transition on the NUL character
|  *
|  * synopsis
|  *	next_state = yy_try_NUL_trans( current_state );
|  */
|     static yy_state_type yy_try_NUL_trans  (yy_state_type yy_current_state )
| {
| 	register int yy_is_jam;
|     
| 	register YY_CHAR yy_c = 1;
| 	while ( yy_chk[yy_base[yy_current_state] + yy_c] != yy_current_state )
| 		{
| 		yy_current_state = (int) yy_def[yy_current_state];
| 		if ( yy_current_state >= 13 )
| 			yy_c = yy_meta[(unsigned int) yy_c];
| 		}
| 	yy_current_state = yy_nxt[yy_base[yy_current_state] + (unsigned int) yy_c];
| 	yy_is_jam = (yy_current_state == 12);
| 	if ( ! yy_is_jam )
| 		*(yy_state_ptr)++ = yy_current_state;
| 
| 		return yy_is_jam ? 0 : yy_current_state;
| }
| 
|     static void yyunput (int c, register char * yy_bp )
| {
| 	register char *yy_cp;
|     
|     yy_cp = (yy_c_buf_p);
| 
| 	/* undo effects of setting up yytext */
| 	*yy_cp = (yy_hold_char);
| 
| 	if ( yy_cp < YY_CURRENT_BUFFER_LVALUE->yy_ch_buf + 2 )
| 		{ /* need to shift things up to make room */
| 		/* +2 for EOB chars. */
| 		register yy_size_t number_to_move = (yy_n_chars) + 2;
| 		register char *dest = &YY_CURRENT_BUFFER_LVALUE->yy_ch_buf[
| 					YY_CURRENT_BUFFER_LVALUE->yy_buf_size + 2];
| 		register char *source =
| 				&YY_CURRENT_BUFFER_LVALUE->yy_ch_buf[number_to_move];
| 
| 		while ( source > YY_CURRENT_BUFFER_LVALUE->yy_ch_buf )
| 			*--dest = *--source;
| 
| 		yy_cp += (int) (dest - source);
| 		yy_bp += (int) (dest - source);
| 		YY_CURRENT_BUFFER_LVALUE->yy_n_chars =
| 			(yy_n_chars) = YY_CURRENT_BUFFER_LVALUE->yy_buf_size;
| 
| 		if ( yy_cp < YY_CURRENT_BUFFER_LVALUE->yy_ch_buf + 2 )
| 			YY_FATAL_ERROR( "flex scanner push-back overflow" );
| 		}
| 
| 	*--yy_cp = (char) c;
| 
| 	(yytext_ptr) = yy_bp;
| 	(yy_hold_char) = *yy_cp;
| 	(yy_c_buf_p) = yy_cp;
| }
| 
| #ifndef YY_NO_INPUT
| #ifdef __cplusplus
|     static int yyinput (void)
| #else
|     static int input  (void)
| #endif
| 
| {
| 	int c;
|     
| 	*(yy_c_buf_p) = (yy_hold_char);
| 
| 	if ( *(yy_c_buf_p) == YY_END_OF_BUFFER_CHAR )
| 		{
| 		/* yy_c_buf_p now points to the character we want to return.
| 		 * If this occurs *before* the EOB characters, then it's a
| 		 * valid NUL; if not, then we've hit the end of the buffer.
| 		 */
| 		if ( (yy_c_buf_p) < &YY_CURRENT_BUFFER_LVALUE->yy_ch_buf[(yy_n_chars)] )
| 			/* This was really a NUL. */
| 			*(yy_c_buf_p) = '\0';
| 
| 		else
| 			{ /* need more input */
| 			yy_size_t offset = (yy_c_buf_p) - (yytext_ptr);
| 			++(yy_c_buf_p);
| 
| 			switch ( yy_get_next_buffer(  ) )
| 				{
| 				case EOB_ACT_LAST_MATCH:
| 					/* This happens because yy_g_n_b()
| 					 * sees that we've accumulated a
| 					 * token and flags that we need to
| 					 * try matching the token before
| 					 * proceeding.  But for input(),
| 					 * there's no matching to consider.
| 					 * So convert the EOB_ACT_LAST_MATCH
| 					 * to EOB_ACT_END_OF_FILE.
| 					 */
| 
| 					/* Reset buffer status. */
| 					yyrestart(yyin );
| 
| 					/*FALLTHROUGH*/
| 
| 				case EOB_ACT_END_OF_FILE:
| 					{
| 					if ( yywrap( ) )
| 						return EOF;
| 
| 					if ( ! (yy_did_buffer_switch_on_eof) )
| 						YY_NEW_FILE;
| #ifdef __cplusplus
| 					return yyinput();
| #else
| 					return input();
| #endif
| 					}
| 
| 				case EOB_ACT_CONTINUE_SCAN:
| 					(yy_c_buf_p) = (yytext_ptr) + offset;
| 					break;
| 				}
| 			}
| 		}
| 
| 	c = *(unsigned char *) (yy_c_buf_p);	/* cast for 8-bit char's */
| 	*(yy_c_buf_p) = '\0';	/* preserve yytext */
| 	(yy_hold_char) = *++(yy_c_buf_p);
| 
| 	return c;
| }
| #endif	/* ifndef YY_NO_INPUT */
| 
| /** Immediately switch to a different input stream.
|  * @param input_file A readable stream.
|  * 
|  * @note This function does not reset the start condition to @c INITIAL .
|  */
|     void yyrestart  (FILE * input_file )
| {
|     
| 	if ( ! YY_CURRENT_BUFFER ){
|         yyensure_buffer_stack ();
| 		YY_CURRENT_BUFFER_LVALUE =
|             yy_create_buffer(yyin,YY_BUF_SIZE );
| 	}
| 
| 	yy_init_buffer(YY_CURRENT_BUFFER,input_file );
| 	yy_load_buffer_state( );
| }
| 
| /** Switch to a different input buffer.
|  * @param new_buffer The new input buffer.
|  * 
|  */
|     void yy_switch_to_buffer  (YY_BUFFER_STATE  new_buffer )
| {
|     
| 	/* TODO. We should be able to replace this entire function body
| 	 * with
| 	 *		yypop_buffer_state();
| 	 *		yypush_buffer_state(new_buffer);
|      */
| 	yyensure_buffer_stack ();
| 	if ( YY_CURRENT_BUFFER == new_buffer )
| 		return;
| 
| 	if ( YY_CURRENT_BUFFER )
| 		{
| 		/* Flush out information for old buffer. */
| 		*(yy_c_buf_p) = (yy_hold_char);
| 		YY_CURRENT_BUFFER_LVALUE->yy_buf_pos = (yy_c_buf_p);
| 		YY_CURRENT_BUFFER_LVALUE->yy_n_chars = (yy_n_chars);
| 		}
| 
| 	YY_CURRENT_BUFFER_LVALUE = new_buffer;
| 	yy_load_buffer_state( );
| 
| 	/* We don't actually know whether we did this switch during
| 	 * EOF (yywrap()) processing, but the only time this flag
| 	 * is looked at is after yywrap() is called, so it's safe
| 	 * to go ahead and always set it.
| 	 */
| 	(yy_did_buffer_switch_on_eof) = 1;
| }
| 
| static void yy_load_buffer_state  (void)
| {
|     	(yy_n_chars) = YY_CURRENT_BUFFER_LVALUE->yy_n_chars;
| 	(yytext_ptr) = (yy_c_buf_p) = YY_CURRENT_BUFFER_LVALUE->yy_buf_pos;
| 	yyin = YY_CURRENT_BUFFER_LVALUE->yy_input_file;
| 	(yy_hold_char) = *(yy_c_buf_p);
| }
| 
| /** Allocate and initialize an input buffer state.
|  * @param file A readable stream.
|  * @param size The character buffer size in bytes. When in doubt, use @c YY_BUF_SIZE.
|  * 
|  * @return the allocated buffer state.
|  */
|     YY_BUFFER_STATE yy_create_buffer  (FILE * file, int  size )
| {
| 	YY_BUFFER_STATE b;
|     
| 	b = (YY_BUFFER_STATE) yyalloc(sizeof( struct yy_buffer_state )  );
| 	if ( ! b )
| 		YY_FATAL_ERROR( "out of dynamic memory in yy_create_buffer()" );
| 
| 	b->yy_buf_size = size;
| 
| 	/* yy_ch_buf has to be 2 characters longer than the size given because
| 	 * we need to put in 2 end-of-buffer characters.
| 	 */
| 	b->yy_ch_buf = (char *) yyalloc(b->yy_buf_size + 2  );
| 	if ( ! b->yy_ch_buf )
| 		YY_FATAL_ERROR( "out of dynamic memory in yy_create_buffer()" );
| 
| 	b->yy_is_our_buffer = 1;
| 
| 	yy_init_buffer(b,file );
| 
| 	return b;
| }
| 
| /** Destroy the buffer.
|  * @param b a buffer created with yy_create_buffer()
|  * 
|  */
|     void yy_delete_buffer (YY_BUFFER_STATE  b )
| {
|     
| 	if ( ! b )
| 		return;
| 
| 	if ( b == YY_CURRENT_BUFFER ) /* Not sure if we should pop here. */
| 		YY_CURRENT_BUFFER_LVALUE = (YY_BUFFER_STATE) 0;
| 
| 	if ( b->yy_is_our_buffer )
| 		yyfree((void *) b->yy_ch_buf  );
| 
| 	yyfree((void *) b  );
| }
| 
| /* Initializes or reinitializes a buffer.
|  * This function is sometimes called more than once on the same buffer,
|  * such as during a yyrestart() or at EOF.
|  */
|     static void yy_init_buffer  (YY_BUFFER_STATE  b, FILE * file )
| 
| {
| 	int oerrno = errno;
|     
| 	yy_flush_buffer(b );
| 
| 	b->yy_input_file = file;
| 	b->yy_fill_buffer = 1;
| 
|     /* If b is the current buffer, then yy_init_buffer was _probably_
|      * called from yyrestart() or through yy_get_next_buffer.
|      * In that case, we don't want to reset the lineno or column.
|      */
|     if (b != YY_CURRENT_BUFFER){
|         b->yy_bs_lineno = 1;
|         b->yy_bs_column = 0;
|     }
| 
|         b->yy_is_interactive = file ? (isatty( fileno(file) ) > 0) : 0;
|     
| 	errno = oerrno;
| }
| 
| /** Discard all buffered characters. On the next scan, YY_INPUT will be called.
|  * @param b the buffer state to be flushed, usually @c YY_CURRENT_BUFFER.
|  * 
|  */
|     void yy_flush_buffer (YY_BUFFER_STATE  b )
| {
|     	if ( ! b )
| 		return;
| 
| 	b->yy_n_chars = 0;
| 
| 	/* We always need two end-of-buffer characters.  The first causes
| 	 * a transition to the end-of-buffer state.  The second causes
| 	 * a jam in that state.
| 	 */
| 	b->yy_ch_buf[0] = YY_END_OF_BUFFER_CHAR;
| 	b->yy_ch_buf[1] = YY_END_OF_BUFFER_CHAR;
| 
| 	b->yy_buf_pos = &b->yy_ch_buf[0];
| 
| 	b->yy_at_bol = 1;
| 	b->yy_buffer_status = YY_BUFFER_NEW;
| 
| 	if ( b == YY_CURRENT_BUFFER )
| 		yy_load_buffer_state( );
| }
| 
| /** Pushes the new state onto the stack. The new state becomes
|  *  the current state. This function will allocate the stack
|  *  if necessary.
|  *  @param new_buffer The new state.
|  *  
|  */
| void yypush_buffer_state (YY_BUFFER_STATE new_buffer )
| {
|     	if (new_buffer == NULL)
| 		return;
| 
| 	yyensure_buffer_stack();
| 
| 	/* This block is copied from yy_switch_to_buffer. */
| 	if ( YY_CURRENT_BUFFER )
| 		{
| 		/* Flush out information for old buffer. */
| 		*(yy_c_buf_p) = (yy_hold_char);
| 		YY_CURRENT_BUFFER_LVALUE->yy_buf_pos = (yy_c_buf_p);
| 		YY_CURRENT_BUFFER_LVALUE->yy_n_chars = (yy_n_chars);
| 		}
| 
| 	/* Only push if top exists. Otherwise, replace top. */
| 	if (YY_CURRENT_BUFFER)
| 		(yy_buffer_stack_top)++;
| 	YY_CURRENT_BUFFER_LVALUE = new_buffer;
| 
| 	/* copied from yy_switch_to_buffer. */
| 	yy_load_buffer_state( );
| 	(yy_did_buffer_switch_on_eof) = 1;
| }
| 
| /** Removes and deletes the top of the stack, if present.
|  *  The next element becomes the new top.
|  *  
|  */
| void yypop_buffer_state (void)
| {
|     	if (!YY_CURRENT_BUFFER)
| 		return;
| 
| 	yy_delete_buffer(YY_CURRENT_BUFFER );
| 	YY_CURRENT_BUFFER_LVALUE = NULL;
| 	if ((yy_buffer_stack_top) > 0)
| 		--(yy_buffer_stack_top);
| 
| 	if (YY_CURRENT_BUFFER) {
| 		yy_load_buffer_state( );
| 		(yy_did_buffer_switch_on_eof) = 1;
| 	}
| }
| 
| /* Allocates the stack if it does not exist.
|  *  Guarantees space for at least one push.
|  */
| static void yyensure_buffer_stack (void)
| {
| 	yy_size_t num_to_alloc;
|     
| 	if (!(yy_buffer_stack)) {
| 
| 		/* First allocation is just for 2 elements, since we don't know if this
| 		 * scanner will even need a stack. We use 2 instead of 1 to avoid an
| 		 * immediate realloc on the next call.
|          */
| 		num_to_alloc = 1;
| 		(yy_buffer_stack) = (struct yy_buffer_state**)yyalloc
| 								(num_to_alloc * sizeof(struct yy_buffer_state*)
| 								);
| 		if ( ! (yy_buffer_stack) )
| 			YY_FATAL_ERROR( "out of dynamic memory in yyensure_buffer_stack()" );
| 								  
| 		memset((yy_buffer_stack), 0, num_to_alloc * sizeof(struct yy_buffer_state*));
| 				
| 		(yy_buffer_stack_max) = num_to_alloc;
| 		(yy_buffer_stack_top) = 0;
| 		return;
| 	}
| 
| 	if ((yy_buffer_stack_top) >= ((yy_buffer_stack_max)) - 1){
| 
| 		/* Increase the buffer to prepare for a possible push. */
| 		int grow_size = 8 /* arbitrary grow size */;
| 
| 		num_to_alloc = (yy_buffer_stack_max) + grow_size;
| 		(yy_buffer_stack) = (struct yy_buffer_state**)yyrealloc
| 								((yy_buffer_stack),
| 								num_to_alloc * sizeof(struct yy_buffer_state*)
| 								);
| 		if ( ! (yy_buffer_stack) )
| 			YY_FATAL_ERROR( "out of dynamic memory in yyensure_buffer_stack()" );
| 
| 		/* zero only the new slots.*/
| 		memset((yy_buffer_stack) + (yy_buffer_stack_max), 0, grow_size * sizeof(struct yy_buffer_state*));
| 		(yy_buffer_stack_max) = num_to_alloc;
| 	}
| }
| 
| /** Setup the input buffer state to scan directly from a user-specified character buffer.
|  * @param base the character buffer
|  * @param size the size in bytes of the character buffer
|  * 
|  * @return the newly allocated buffer state object. 
|  */
| YY_BUFFER_STATE yy_scan_buffer  (char * base, yy_size_t  size )
| {
| 	YY_BUFFER_STATE b;
|     
| 	if ( size < 2 ||
| 	     base[size-2] != YY_END_OF_BUFFER_CHAR ||
| 	     base[size-1] != YY_END_OF_BUFFER_CHAR )
| 		/* They forgot to leave room for the EOB's. */
| 		return 0;
| 
| 	b = (YY_BUFFER_STATE) yyalloc(sizeof( struct yy_buffer_state )  );
| 	if ( ! b )
| 		YY_FATAL_ERROR( "out of dynamic memory in yy_scan_buffer()" );
| 
| 	b->yy_buf_size = size - 2;	/* "- 2" to take care of EOB's */
| 	b->yy_buf_pos = b->yy_ch_buf = base;
| 	b->yy_is_our_buffer = 0;
| 	b->yy_input_file = 0;
| 	b->yy_n_chars = b->yy_buf_size;
| 	b->yy_is_interactive = 0;
| 	b->yy_at_bol = 1;
| 	b->yy_fill_buffer = 0;
| 	b->yy_buffer_status = YY_BUFFER_NEW;
| 
| 	yy_switch_to_buffer(b  );
| 
| 	return b;
| }
| 
| /** Setup the input buffer state to scan a string. The next call to yylex() will
|  * scan from a @e copy of @a str.
|  * @param yystr a NUL-terminated string to scan
|  * 
|  * @return the newly allocated buffer state object.
|  * @note If you want to scan bytes that may contain NUL values, then use
|  *       yy_scan_bytes() instead.
|  */
| YY_BUFFER_STATE yy_scan_string (yyconst char * yystr )
| {
|     
| 	return yy_scan_bytes(yystr,strlen(yystr) );
| }
| 
| /** Setup the input buffer state to scan the given bytes. The next call to yylex() will
|  * scan from a @e copy of @a bytes.
|  * @param yybytes the byte buffer to scan
|  * @param _yybytes_len the number of bytes in the buffer pointed to by @a bytes.
|  * 
|  * @return the newly allocated buffer state object.
|  */
| YY_BUFFER_STATE yy_scan_bytes  (yyconst char * yybytes, yy_size_t  _yybytes_len )
| {
| 	YY_BUFFER_STATE b;
| 	char *buf;
| 	yy_size_t n;
| 	int i;
|     
| 	/* Get memory for full buffer, including space for trailing EOB's. */
| 	n = _yybytes_len + 2;
| 	buf = (char *) yyalloc(n  );
| 	if ( ! buf )
| 		YY_FATAL_ERROR( "out of dynamic memory in yy_scan_bytes()" );
| 
| 	for ( i = 0; i < _yybytes_len; ++i )
| 		buf[i] = yybytes[i];
| 
| 	buf[_yybytes_len] = buf[_yybytes_len+1] = YY_END_OF_BUFFER_CHAR;
| 
| 	b = yy_scan_buffer(buf,n );
| 	if ( ! b )
| 		YY_FATAL_ERROR( "bad buffer in yy_scan_bytes()" );
| 
| 	/* It's okay to grow etc. this buffer, and we should throw it
| 	 * away when we're done.
| 	 */
| 	b->yy_is_our_buffer = 1;
| 
| 	return b;
| }
| 
| #ifndef YY_EXIT_FAILURE
| #define YY_EXIT_FAILURE 2
| #endif
| 
| static void yy_fatal_error (yyconst char* msg )
| {
|     	(void) fprintf( stderr, "%s\n", msg );
| 	exit( YY_EXIT_FAILURE );
| }
| 
| /* Redefine yyless() so it works in section 3 code. */
| 
| #undef yyless
| #define yyless(n) \
| 	do \
| 		{ \
| 		/* Undo effects of setting up yytext. */ \
|         int yyless_macro_arg = (n); \
|         YY_LESS_LINENO(yyless_macro_arg);\
| 		yytext[yyleng] = (yy_hold_char); \
| 		(yy_c_buf_p) = yytext + yyless_macro_arg; \
| 		(yy_hold_char) = *(yy_c_buf_p); \
| 		*(yy_c_buf_p) = '\0'; \
| 		yyleng = yyless_macro_arg; \
| 		} \
| 	while ( 0 )
| 
| /* Accessor  methods (get/set functions) to struct members. */
| 
| /** Get the current line number.
|  * 
|  */
| int yyget_lineno  (void)
| {
|         
|     return yylineno;
| }
| 
| /** Get the input stream.
|  * 
|  */
| FILE *yyget_in  (void)
| {
|         return yyin;
| }
| 
| /** Get the output stream.
|  * 
|  */
| FILE *yyget_out  (void)
| {
|         return yyout;
| }
| 
| /** Get the length of the current token.
|  * 
|  */
| yy_size_t yyget_leng  (void)
| {
|         return yyleng;
| }
| 
| /** Get the current token.
|  * 
|  */
| 
| char *yyget_text  (void)
| {
|         return yytext;
| }
| 
| /** Set the current line number.
|  * @param line_number
|  * 
|  */
| void yyset_lineno (int  line_number )
| {
|     
|     yylineno = line_number;
| }
| 
| /** Set the input stream. This does not discard the current
|  * input buffer.
|  * @param in_str A readable stream.
|  * 
|  * @see yy_switch_to_buffer
|  */
| void yyset_in (FILE *  in_str )
| {
|         yyin = in_str ;
| }
| 
| void yyset_out (FILE *  out_str )
| {
|         yyout = out_str ;
| }
| 
| int yyget_debug  (void)
| {
|         return yy_flex_debug;
| }
| 
| void yyset_debug (int  bdebug )
| {
|         yy_flex_debug = bdebug ;
| }
| 
| static int yy_init_globals (void)
| {
|         /* Initialization is the same as for the non-reentrant scanner.
|      * This function is called from yylex_destroy(), so don't allocate here.
|      */
| 
|     (yy_buffer_stack) = 0;
|     (yy_buffer_stack_top) = 0;
|     (yy_buffer_stack_max) = 0;
|     (yy_c_buf_p) = (char *) 0;
|     (yy_init) = 0;
|     (yy_start) = 0;
| 
|     (yy_state_buf) = 0;
|     (yy_state_ptr) = 0;
|     (yy_full_match) = 0;
|     (yy_lp) = 0;
| 
| /* Defined in main.c */
| #ifdef YY_STDINIT
|     yyin = stdin;
|     yyout = stdout;
| #else
|     yyin = (FILE *) 0;
|     yyout = (FILE *) 0;
| #endif
| 
|     /* For future reference: Set errno on error, since we are called by
|      * yylex_init()
|      */
|     return 0;
| }
| 
| /* yylex_destroy is for both reentrant and non-reentrant scanners. */
| int yylex_destroy  (void)
| {
|     
|     /* Pop the buffer stack, destroying each element. */
| 	while(YY_CURRENT_BUFFER){
| 		yy_delete_buffer(YY_CURRENT_BUFFER  );
| 		YY_CURRENT_BUFFER_LVALUE = NULL;
| 		yypop_buffer_state();
| 	}
| 
| 	/* Destroy the stack itself. */
| 	yyfree((yy_buffer_stack) );
| 	(yy_buffer_stack) = NULL;
| 
|     yyfree ( (yy_state_buf) );
|     (yy_state_buf)  = NULL;
| 
|     /* Reset the globals. This is important in a non-reentrant scanner so the next time
|      * yylex() is called, initialization will occur. */
|     yy_init_globals( );
| 
|     return 0;
| }
| 
| /*
|  * Internal utility routines.
|  */
| 
| #ifndef yytext_ptr
| static void yy_flex_strncpy (char* s1, yyconst char * s2, int n )
| {
| 	register int i;
| 	for ( i = 0; i < n; ++i )
| 		s1[i] = s2[i];
| }
| #endif
| 
| #ifdef YY_NEED_STRLEN
| static int yy_flex_strlen (yyconst char * s )
| {
| 	register int n;
| 	for ( n = 0; s[n]; ++n )
| 		;
| 
| 	return n;
| }
| #endif
| 
| void *yyalloc (yy_size_t  size )
| {
| 	return (void *) malloc( size );
| }
| 
| void *yyrealloc  (void * ptr, yy_size_t  size )
| {
| 	/* The cast to (char *) in the following accommodates both
| 	 * implementations that use char* generic pointers, and those
| 	 * that use void* generic pointers.  It works with the latter
| 	 * because both ANSI C and C++ allow castless assignment from
| 	 * any pointer type to void*, and deal with argument conversions
| 	 * as though doing an assignment.
| 	 */
| 	return (void *) realloc( (char *) ptr, size );
| }
| 
| void yyfree (void * ptr )
| {
| 	free( (char *) ptr );	/* see yyrealloc() for (char *) cast */
| }
| 
| #define YYTABLES_NAME "yytables"
| 
| #line 10 "conftest.l"
| 
| 
| #ifdef YYTEXT_POINTER
| extern char *yytext;
| #endif
| int
| main (void)
| {
|   return ! yylex () + ! yywrap ();
| }
configure:4022: /usr/bin/clang -o conftest -pipe -Os -arch x86_64 -I/opt/local/include -L/opt/local/lib -Wl,-headerpad_max_install_names -arch x86_64 conftest.c -lfl  >&5
configure:4022: $? = 0
configure:4032: result: -lfl
configure:4038: checking whether yytext is a pointer
configure:4055: /usr/bin/clang -o conftest -pipe -Os -arch x86_64 -I/opt/local/include -L/opt/local/lib -Wl,-headerpad_max_install_names -arch x86_64 conftest.c -lfl  >&5
configure:4055: $? = 0
configure:4063: result: yes
configure:4179: checking for Fortran compiler version
configure:4188: /opt/local/bin/gfortran-mp-4.8 --version >&5
GNU Fortran (MacPorts gcc48 4.8.3_4) 4.8.3
Copyright (C) 2013 Free Software Foundation, Inc.

GNU Fortran comes with NO WARRANTY, to the extent permitted by law.
You may redistribute copies of GNU Fortran
under the terms of the GNU General Public License.
For more information about these matters, see the file named COPYING

configure:4199: $? = 0
configure:4188: /opt/local/bin/gfortran-mp-4.8 -v >&5
Using built-in specs.
COLLECT_GCC=/opt/local/bin/gfortran-mp-4.8
COLLECT_LTO_WRAPPER=/opt/local/libexec/gcc/x86_64-apple-darwin13/4.8.3/lto-wrapper
Target: x86_64-apple-darwin13
Configured with: /opt/local/var/macports/build/_opt_local_var_macports_sources_rsync.macports.org_release_tarballs_ports_lang_gcc48/gcc48/work/gcc-4.8.3/configure --prefix=/opt/local --build=x86_64-apple-darwin13 --enable-languages=c,c++,objc,obj-c++,lto,fortran,java --libdir=/opt/local/lib/gcc48 --includedir=/opt/local/include/gcc48 --infodir=/opt/local/share/info --mandir=/opt/local/share/man --datarootdir=/opt/local/share/gcc-4.8 --with-local-prefix=/opt/local --with-system-zlib --disable-nls --program-suffix=-mp-4.8 --with-gxx-include-dir=/opt/local/include/gcc48/c++/ --with-gmp=/opt/local --with-mpfr=/opt/local --with-mpc=/opt/local --with-isl=/opt/local --disable-isl-version-check --with-cloog=/opt/local --disable-cloog-version-check --enable-stage1-checking --disable-multilib --enable-lto --enable-libstdcxx-time --with-as=/opt/local/bin/as --with-ld=/opt/local/bin/ld --with-ar=/opt/local/bin/ar --with-bugurl=https://trac.macports.org/newticket --with-pkgversion='MacPorts gcc48 4.8.3_4'
Thread model: posix
gcc version 4.8.3 (MacPorts gcc48 4.8.3_4) 
configure:4199: $? = 0
configure:4188: /opt/local/bin/gfortran-mp-4.8 -V >&5
gfortran-mp-4.8: error: unrecognized command line option '-V'
gfortran-mp-4.8: fatal error: no input files
compilation terminated.
configure:4199: $? = 1
configure:4188: /opt/local/bin/gfortran-mp-4.8 -qversion >&5
gfortran-mp-4.8: error: unrecognized command line option '-qversion'
gfortran-mp-4.8: fatal error: no input files
compilation terminated.
configure:4199: $? = 1
configure:4208: checking whether we are using the GNU Fortran compiler
configure:4221: /opt/local/bin/gfortran-mp-4.8 -c -pipe -Os -m64  conftest.F >&5
configure:4221: $? = 0
configure:4230: result: yes
configure:4236: checking whether /opt/local/bin/gfortran-mp-4.8 accepts -g
configure:4247: /opt/local/bin/gfortran-mp-4.8 -c -g  conftest.f >&5
configure:4247: $? = 0
configure:4255: result: yes
configure:4287: checking if -Werror works
configure:4300: /usr/bin/clang -o conftest -pipe -Os -arch x86_64 -Werror -I/opt/local/include -L/opt/local/lib -Wl,-headerpad_max_install_names -arch x86_64 conftest.c  >&5
configure:4300: $? = 0
configure:4301: result: ok
configure:4356: /usr/bin/clang -o conftest  -fno-tree-ch -Werror -I/opt/local/include -L/opt/local/lib -Wl,-headerpad_max_install_names -arch x86_64 conftest.c  >&5
clang: error: unknown argument: '-fno-tree-ch'
configure:4356: $? = 1
configure: failed program was:
| /* confdefs.h */
| #define PACKAGE_NAME "OpenModelica"
| #define PACKAGE_TARNAME "openmodelica"
| #define PACKAGE_VERSION "dev"
| #define PACKAGE_STRING "OpenModelica dev"
| #define PACKAGE_BUGREPORT "https://trac.openmodelica.org/OpenModelica"
| #define PACKAGE_URL "https://openmodelica.org"
| #define YYTEXT_POINTER 1
| /* end confdefs.h.  */
| 
| int
| main ()
| {
| return 0;
|   ;
|   return 0;
| }
configure:4356: /usr/bin/clang -o conftest  -fno-tree-vrp -Werror -I/opt/local/include -L/opt/local/lib -Wl,-headerpad_max_install_names -arch x86_64 conftest.c  >&5
clang: error: unknown argument: '-fno-tree-vrp'
configure:4356: $? = 1
configure: failed program was:
| /* confdefs.h */
| #define PACKAGE_NAME "OpenModelica"
| #define PACKAGE_TARNAME "openmodelica"
| #define PACKAGE_VERSION "dev"
| #define PACKAGE_STRING "OpenModelica dev"
| #define PACKAGE_BUGREPORT "https://trac.openmodelica.org/OpenModelica"
| #define PACKAGE_URL "https://openmodelica.org"
| #define YYTEXT_POINTER 1
| /* end confdefs.h.  */
| 
| int
| main ()
| {
| return 0;
|   ;
|   return 0;
| }
configure:4356: /usr/bin/clang -o conftest  -fno-tree-pre -Werror -I/opt/local/include -L/opt/local/lib -Wl,-headerpad_max_install_names -arch x86_64 conftest.c  >&5
clang: error: unknown argument: '-fno-tree-pre'
configure:4356: $? = 1
configure: failed program was:
| /* confdefs.h */
| #define PACKAGE_NAME "OpenModelica"
| #define PACKAGE_TARNAME "openmodelica"
| #define PACKAGE_VERSION "dev"
| #define PACKAGE_STRING "OpenModelica dev"
| #define PACKAGE_BUGREPORT "https://trac.openmodelica.org/OpenModelica"
| #define PACKAGE_URL "https://openmodelica.org"
| #define YYTEXT_POINTER 1
| /* end confdefs.h.  */
| 
| int
| main ()
| {
| return 0;
|   ;
|   return 0;
| }
configure:4378: /usr/bin/clang -o conftest  -fno-stack-protector -Werror -I/opt/local/include -L/opt/local/lib -Wl,-headerpad_max_install_names -arch x86_64 conftest.c  >&5
configure:4378: $? = 0
configure:4400: /usr/bin/clang -o conftest  -Wno-parentheses-equality -Werror -I/opt/local/include -L/opt/local/lib -Wl,-headerpad_max_install_names -arch x86_64 conftest.c  >&5
configure:4400: $? = 0
configure:4400: /usr/bin/clang -o conftest  -Wno-unused-variable -Werror -I/opt/local/include -L/opt/local/lib -Wl,-headerpad_max_install_names -arch x86_64 conftest.c  >&5
configure:4400: $? = 0
configure:4467: /usr/bin/clang++ -o conftest -pipe -Os -arch x86_64 -stdlib=libc++ -I/opt/local/include -L/opt/local/lib -Wl,-headerpad_max_install_names -arch x86_64 conftest.cpp  >&5
configure:4467: $? = 0
configure:4527: checking for omc
configure:4531: result: building it through bootstrapping (you might end up unable to recompile omc if you modify source code)
configure:4609: checking for grep that handles long lines and -e
configure:4667: result: /opt/local/bin/grep
configure:4672: checking for egrep
configure:4734: result: /opt/local/bin/grep -E
configure:4739: checking for ANSI C header files
configure:4759: /usr/bin/clang -c -pipe -Os -arch x86_64 -fno-stack-protector -I/opt/local/include conftest.c >&5
configure:4759: $? = 0
configure:4832: /usr/bin/clang -o conftest -pipe -Os -arch x86_64 -fno-stack-protector -I/opt/local/include -L/opt/local/lib -Wl,-headerpad_max_install_names -arch x86_64 conftest.c  >&5
configure:4832: $? = 0
configure:4832: ./conftest
configure:4832: $? = 0
configure:4843: result: yes
configure:4857: checking for sys/types.h
configure:4857: /usr/bin/clang -c -pipe -Os -arch x86_64 -fno-stack-protector -I/opt/local/include conftest.c >&5
configure:4857: $? = 0
configure:4857: result: yes
configure:4857: checking for sys/stat.h
configure:4857: /usr/bin/clang -c -pipe -Os -arch x86_64 -fno-stack-protector -I/opt/local/include conftest.c >&5
configure:4857: $? = 0
configure:4857: result: yes
configure:4857: checking for stdlib.h
configure:4857: /usr/bin/clang -c -pipe -Os -arch x86_64 -fno-stack-protector -I/opt/local/include conftest.c >&5
configure:4857: $? = 0
configure:4857: result: yes
configure:4857: checking for string.h
configure:4857: /usr/bin/clang -c -pipe -Os -arch x86_64 -fno-stack-protector -I/opt/local/include conftest.c >&5
configure:4857: $? = 0
configure:4857: result: yes
configure:4857: checking for memory.h
configure:4857: /usr/bin/clang -c -pipe -Os -arch x86_64 -fno-stack-protector -I/opt/local/include conftest.c >&5
configure:4857: $? = 0
configure:4857: result: yes
configure:4857: checking for strings.h
configure:4857: /usr/bin/clang -c -pipe -Os -arch x86_64 -fno-stack-protector -I/opt/local/include conftest.c >&5
configure:4857: $? = 0
configure:4857: result: yes
configure:4857: checking for inttypes.h
configure:4857: /usr/bin/clang -c -pipe -Os -arch x86_64 -fno-stack-protector -I/opt/local/include conftest.c >&5
configure:4857: $? = 0
configure:4857: result: yes
configure:4857: checking for stdint.h
configure:4857: /usr/bin/clang -c -pipe -Os -arch x86_64 -fno-stack-protector -I/opt/local/include conftest.c >&5
configure:4857: $? = 0
configure:4857: result: yes
configure:4857: checking for unistd.h
configure:4857: /usr/bin/clang -c -pipe -Os -arch x86_64 -fno-stack-protector -I/opt/local/include conftest.c >&5
configure:4857: $? = 0
configure:4857: result: yes
configure:4871: checking sys/time.h usability
configure:4871: /usr/bin/clang -c -pipe -Os -arch x86_64 -fno-stack-protector -I/opt/local/include conftest.c >&5
configure:4871: $? = 0
configure:4871: result: yes
configure:4871: checking sys/time.h presence
configure:4871: /usr/bin/clang -E -I/opt/local/include conftest.c
configure:4871: $? = 0
configure:4871: result: yes
configure:4871: checking for sys/time.h
configure:4871: result: yes
configure:4889: checking for antlr.Tool support
configure:4897: result: yes
configure:4904: checking if the user wants to compile OMShell-terminal
configure:4916: result: yes
configure:4918: checking readline/readline.h usability
configure:4918: /usr/bin/clang -c -pipe -Os -arch x86_64 -fno-stack-protector -I/opt/local/include conftest.c >&5
configure:4918: $? = 0
configure:4918: result: yes
configure:4918: checking readline/readline.h presence
configure:4918: /usr/bin/clang -E -I/opt/local/include conftest.c
configure:4918: $? = 0
configure:4918: result: yes
configure:4918: checking for readline/readline.h
configure:4918: result: yes
configure:4926: checking readline/history.h usability
configure:4926: /usr/bin/clang -c -pipe -Os -arch x86_64 -fno-stack-protector -I/opt/local/include conftest.c >&5
configure:4926: $? = 0
configure:4926: result: yes
configure:4926: checking readline/history.h presence
configure:4926: /usr/bin/clang -E -I/opt/local/include conftest.c
configure:4926: $? = 0
configure:4926: result: yes
configure:4926: checking for readline/history.h
configure:4926: result: yes
configure:4946: checking for library containing readline
configure:4977: /usr/bin/clang -o conftest -pipe -Os -arch x86_64 -fno-stack-protector -I/opt/local/include -L/opt/local/lib -Wl,-headerpad_max_install_names -arch x86_64 conftest.c  >&5
Undefined symbols for architecture x86_64:
  "_readline", referenced from:
      _main in conftest-e64138.o
ld: symbol(s) not found for architecture x86_64
clang: error: linker command failed with exit code 1 (use -v to see invocation)
configure:4977: $? = 1
configure: failed program was:
| /* confdefs.h */
| #define PACKAGE_NAME "OpenModelica"
| #define PACKAGE_TARNAME "openmodelica"
| #define PACKAGE_VERSION "dev"
| #define PACKAGE_STRING "OpenModelica dev"
| #define PACKAGE_BUGREPORT "https://trac.openmodelica.org/OpenModelica"
| #define PACKAGE_URL "https://openmodelica.org"
| #define YYTEXT_POINTER 1
| #define STDC_HEADERS 1
| #define HAVE_SYS_TYPES_H 1
| #define HAVE_SYS_STAT_H 1
| #define HAVE_STDLIB_H 1
| #define HAVE_STRING_H 1
| #define HAVE_MEMORY_H 1
| #define HAVE_STRINGS_H 1
| #define HAVE_INTTYPES_H 1
| #define HAVE_STDINT_H 1
| #define HAVE_UNISTD_H 1
| #define HAVE_SYS_TIME_H 1
| /* end confdefs.h.  */
| 
| /* Override any GCC internal prototype to avoid an error.
|    Use char because int might match the return type of a GCC
|    builtin and then its argument prototype would still apply.  */
| #ifdef __cplusplus
| extern "C"
| #endif
| char readline ();
| int
| main ()
| {
| return readline ();
|   ;
|   return 0;
| }
configure:4977: /usr/bin/clang -o conftest -pipe -Os -arch x86_64 -fno-stack-protector -I/opt/local/include -L/opt/local/lib -Wl,-headerpad_max_install_names -arch x86_64 conftest.c -lreadline   >&5
configure:4977: $? = 0
configure:4994: result: -lreadline
configure:5048: checking expat.h usability
configure:5048: /usr/bin/clang -c -pipe -Os -arch x86_64 -fno-stack-protector -I/opt/local/include conftest.c >&5
configure:5048: $? = 0
configure:5048: result: yes
configure:5048: checking expat.h presence
configure:5048: /usr/bin/clang -E -I/opt/local/include conftest.c
configure:5048: $? = 0
configure:5048: result: yes
configure:5048: checking for expat.h
configure:5048: result: yes
configure:5057: checking for an ANSI C-conforming const
configure:5123: /usr/bin/clang -c -pipe -Os -arch x86_64 -fno-stack-protector -I/opt/local/include conftest.c >&5
configure:5123: $? = 0
configure:5130: result: yes
configure:5138: checking for size_t
configure:5138: /usr/bin/clang -c -pipe -Os -arch x86_64 -fno-stack-protector -I/opt/local/include conftest.c >&5
configure:5138: $? = 0
configure:5138: /usr/bin/clang -c -pipe -Os -arch x86_64 -fno-stack-protector -I/opt/local/include conftest.c >&5
conftest.c:57:21: error: expected expression
if (sizeof ((size_t)))
                    ^
1 error generated.
configure:5138: $? = 1
configure: failed program was:
| /* confdefs.h */
| #define PACKAGE_NAME "OpenModelica"
| #define PACKAGE_TARNAME "openmodelica"
| #define PACKAGE_VERSION "dev"
| #define PACKAGE_STRING "OpenModelica dev"
| #define PACKAGE_BUGREPORT "https://trac.openmodelica.org/OpenModelica"
| #define PACKAGE_URL "https://openmodelica.org"
| #define YYTEXT_POINTER 1
| #define STDC_HEADERS 1
| #define HAVE_SYS_TYPES_H 1
| #define HAVE_SYS_STAT_H 1
| #define HAVE_STDLIB_H 1
| #define HAVE_STRING_H 1
| #define HAVE_MEMORY_H 1
| #define HAVE_STRINGS_H 1
| #define HAVE_INTTYPES_H 1
| #define HAVE_STDINT_H 1
| #define HAVE_UNISTD_H 1
| #define HAVE_SYS_TIME_H 1
| /* end confdefs.h.  */
| #include <stdio.h>
| #ifdef HAVE_SYS_TYPES_H
| # include <sys/types.h>
| #endif
| #ifdef HAVE_SYS_STAT_H
| # include <sys/stat.h>
| #endif
| #ifdef STDC_HEADERS
| # include <stdlib.h>
| # include <stddef.h>
| #else
| # ifdef HAVE_STDLIB_H
| #  include <stdlib.h>
| # endif
| #endif
| #ifdef HAVE_STRING_H
| # if !defined STDC_HEADERS && defined HAVE_MEMORY_H
| #  include <memory.h>
| # endif
| # include <string.h>
| #endif
| #ifdef HAVE_STRINGS_H
| # include <strings.h>
| #endif
| #ifdef HAVE_INTTYPES_H
| # include <inttypes.h>
| #endif
| #ifdef HAVE_STDINT_H
| # include <stdint.h>
| #endif
| #ifdef HAVE_UNISTD_H
| # include <unistd.h>
| #endif
| int
| main ()
| {
| if (sizeof ((size_t)))
| 	    return 0;
|   ;
|   return 0;
| }
configure:5138: result: yes
configure:5152: checking for vprintf
configure:5152: /usr/bin/clang -o conftest -pipe -Os -arch x86_64 -fno-stack-protector -I/opt/local/include -L/opt/local/lib -Wl,-headerpad_max_install_names -arch x86_64 conftest.c  >&5
conftest.c:44:6: warning: incompatible redeclaration of library function 'vprintf' [-Wincompatible-library-redeclaration]
char vprintf ();
     ^
conftest.c:44:6: note: 'vprintf' is a builtin with type 'int (const char *, __va_list_tag *)'
1 warning generated.
configure:5152: $? = 0
configure:5152: result: yes
configure:5158: checking for _doprnt
configure:5158: /usr/bin/clang -o conftest -pipe -Os -arch x86_64 -fno-stack-protector -I/opt/local/include -L/opt/local/lib -Wl,-headerpad_max_install_names -arch x86_64 conftest.c  >&5
Undefined symbols for architecture x86_64:
  "__doprnt", referenced from:
      _main in conftest-2c60be.o
ld: symbol(s) not found for architecture x86_64
clang: error: linker command failed with exit code 1 (use -v to see invocation)
configure:5158: $? = 1
configure: failed program was:
| /* confdefs.h */
| #define PACKAGE_NAME "OpenModelica"
| #define PACKAGE_TARNAME "openmodelica"
| #define PACKAGE_VERSION "dev"
| #define PACKAGE_STRING "OpenModelica dev"
| #define PACKAGE_BUGREPORT "https://trac.openmodelica.org/OpenModelica"
| #define PACKAGE_URL "https://openmodelica.org"
| #define YYTEXT_POINTER 1
| #define STDC_HEADERS 1
| #define HAVE_SYS_TYPES_H 1
| #define HAVE_SYS_STAT_H 1
| #define HAVE_STDLIB_H 1
| #define HAVE_STRING_H 1
| #define HAVE_MEMORY_H 1
| #define HAVE_STRINGS_H 1
| #define HAVE_INTTYPES_H 1
| #define HAVE_STDINT_H 1
| #define HAVE_UNISTD_H 1
| #define HAVE_SYS_TIME_H 1
| #define HAVE_VPRINTF 1
| /* end confdefs.h.  */
| /* Define _doprnt to an innocuous variant, in case <limits.h> declares _doprnt.
|    For example, HP-UX 11i <limits.h> declares gettimeofday.  */
| #define _doprnt innocuous__doprnt
| 
| /* System header to define __stub macros and hopefully few prototypes,
|     which can conflict with char _doprnt (); below.
|     Prefer <limits.h> to <assert.h> if __STDC__ is defined, since
|     <limits.h> exists even on freestanding compilers.  */
| 
| #ifdef __STDC__
| # include <limits.h>
| #else
| # include <assert.h>
| #endif
| 
| #undef _doprnt
| 
| /* Override any GCC internal prototype to avoid an error.
|    Use char because int might match the return type of a GCC
|    builtin and then its argument prototype would still apply.  */
| #ifdef __cplusplus
| extern "C"
| #endif
| char _doprnt ();
| /* The GNU C library defines this for functions which it implements
|     to always fail with ENOSYS.  Some functions are actually named
|     something starting with __ and the normal name is an alias.  */
| #if defined __stub__doprnt || defined __stub____doprnt
| choke me
| #endif
| 
| int
| main ()
| {
| return _doprnt ();
|   ;
|   return 0;
| }
configure:5158: result: no
configure:5172: checking for getcwd
configure:5172: /usr/bin/clang -o conftest -pipe -Os -arch x86_64 -fno-stack-protector -I/opt/local/include -L/opt/local/lib -Wl,-headerpad_max_install_names -arch x86_64 conftest.c  >&5
configure:5172: $? = 0
configure:5172: result: yes
configure:5172: checking for select
configure:5172: /usr/bin/clang -o conftest -pipe -Os -arch x86_64 -fno-stack-protector -I/opt/local/include -L/opt/local/lib -Wl,-headerpad_max_install_names -arch x86_64 conftest.c  >&5
configure:5172: $? = 0
configure:5172: result: yes
configure:5172: checking for strdup
configure:5172: /usr/bin/clang -o conftest -pipe -Os -arch x86_64 -fno-stack-protector -I/opt/local/include -L/opt/local/lib -Wl,-headerpad_max_install_names -arch x86_64 conftest.c  >&5
conftest.c:47:6: warning: incompatible redeclaration of library function 'strdup' [-Wincompatible-library-redeclaration]
char strdup ();
     ^
conftest.c:47:6: note: 'strdup' is a builtin with type 'char *(const char *)'
1 warning generated.
configure:5172: $? = 0
configure:5172: result: yes
configure:5172: checking for strerror
configure:5172: /usr/bin/clang -o conftest -pipe -Os -arch x86_64 -fno-stack-protector -I/opt/local/include -L/opt/local/lib -Wl,-headerpad_max_install_names -arch x86_64 conftest.c  >&5
conftest.c:48:6: warning: incompatible redeclaration of library function 'strerror' [-Wincompatible-library-redeclaration]
char strerror ();
     ^
conftest.c:48:6: note: 'strerror' is a builtin with type 'char *(int)'
1 warning generated.
configure:5172: $? = 0
configure:5172: result: yes
configure:5183: checking for scandir
configure:5211: /usr/bin/clang -o conftest -pipe -Os -arch x86_64 -fno-stack-protector -I/opt/local/include -L/opt/local/lib -Wl,-headerpad_max_install_names -arch x86_64 conftest.c  >&5
conftest.c:33:57: error: function definition is not allowed here
int file_select_directories(const struct dirent *entry) {
                                                        ^
conftest.c:37:12: error: function definition is not allowed here
int main() {
           ^
2 errors generated.
configure:5211: $? = 1
configure: failed program was:
| /* confdefs.h */
| #define PACKAGE_NAME "OpenModelica"
| #define PACKAGE_TARNAME "openmodelica"
| #define PACKAGE_VERSION "dev"
| #define PACKAGE_STRING "OpenModelica dev"
| #define PACKAGE_BUGREPORT "https://trac.openmodelica.org/OpenModelica"
| #define PACKAGE_URL "https://openmodelica.org"
| #define YYTEXT_POINTER 1
| #define STDC_HEADERS 1
| #define HAVE_SYS_TYPES_H 1
| #define HAVE_SYS_STAT_H 1
| #define HAVE_STDLIB_H 1
| #define HAVE_STRING_H 1
| #define HAVE_MEMORY_H 1
| #define HAVE_STRINGS_H 1
| #define HAVE_INTTYPES_H 1
| #define HAVE_STDINT_H 1
| #define HAVE_UNISTD_H 1
| #define HAVE_SYS_TIME_H 1
| #define HAVE_VPRINTF 1
| #define HAVE_GETCWD 1
| #define HAVE_SELECT 1
| #define HAVE_STRDUP 1
| #define HAVE_STRERROR 1
| /* end confdefs.h.  */
| 
| #include <dirent.h>
| 
| int
| main ()
| {
| 
| int file_select_directories(const struct dirent *entry) {
|  return 0;
| }
| 
| int main() {
| char dir[]=".";
| int count;
| struct dirent **files;
| scandir(dir, &files, file_select_directories, 0);
| return 0;
| }
| 
|   ;
|   return 0;
| }
configure:5216: result: no
configure:5222: checking for OpenMP
configure:5260: /usr/bin/clang -o conftest  -fopenmp -I/opt/local/include -L/opt/local/lib -Wl,-headerpad_max_install_names -arch x86_64 conftest.c  >&5
conftest.c:28:4: error: "Not an OpenMP compiler"
  #error "Not an OpenMP compiler"
   ^
conftest.c:30:10: fatal error: 'omp.h' file not found
#include <omp.h>
         ^
2 errors generated.
configure:5260: $? = 1
configure: failed program was:
| /* confdefs.h */
| #define PACKAGE_NAME "OpenModelica"
| #define PACKAGE_TARNAME "openmodelica"
| #define PACKAGE_VERSION "dev"
| #define PACKAGE_STRING "OpenModelica dev"
| #define PACKAGE_BUGREPORT "https://trac.openmodelica.org/OpenModelica"
| #define PACKAGE_URL "https://openmodelica.org"
| #define YYTEXT_POINTER 1
| #define STDC_HEADERS 1
| #define HAVE_SYS_TYPES_H 1
| #define HAVE_SYS_STAT_H 1
| #define HAVE_STDLIB_H 1
| #define HAVE_STRING_H 1
| #define HAVE_MEMORY_H 1
| #define HAVE_STRINGS_H 1
| #define HAVE_INTTYPES_H 1
| #define HAVE_STDINT_H 1
| #define HAVE_UNISTD_H 1
| #define HAVE_SYS_TIME_H 1
| #define HAVE_VPRINTF 1
| #define HAVE_GETCWD 1
| #define HAVE_SELECT 1
| #define HAVE_STRDUP 1
| #define HAVE_STRERROR 1
| /* end confdefs.h.  */
| 
| #if !defined(_OPENMP)
|   #error "Not an OpenMP compiler"
| #endif
| #include <omp.h>
| #include <stdio.h>
| 
| int
| main ()
| {
| int main() {
|   int i;
| #pragma omp parallel for private(i) schedule(dynamic)
|   for (i=0; i<16; i++)
|     printf("Thread %d\n", i);
|   return 0;
| }
| 
|   ;
|   return 0;
| }
configure:5267: result: no
configure:5291: checking runtime compiler
configure:5306: /usr/bin/clang -o conftest  -Werror -I/opt/local/include -L/opt/local/lib -Wl,-headerpad_max_install_names -arch x86_64 conftest.c  >&5
configure:5306: $? = 0
configure:5307: result: /usr/bin/clang ok
configure:5315: checking runtime compiler CFLAGS
configure:5331: /usr/bin/clang -o conftest  -O0 -Werror -I/opt/local/include -L/opt/local/lib -Wl,-headerpad_max_install_names -arch x86_64 conftest.c  >&5
conftest.c:30:12: error: function definition is not allowed here
int main() {return 0;}
           ^
1 error generated.
configure:5331: $? = 1
configure: failed program was:
| /* confdefs.h */
| #define PACKAGE_NAME "OpenModelica"
| #define PACKAGE_TARNAME "openmodelica"
| #define PACKAGE_VERSION "dev"
| #define PACKAGE_STRING "OpenModelica dev"
| #define PACKAGE_BUGREPORT "https://trac.openmodelica.org/OpenModelica"
| #define PACKAGE_URL "https://openmodelica.org"
| #define YYTEXT_POINTER 1
| #define STDC_HEADERS 1
| #define HAVE_SYS_TYPES_H 1
| #define HAVE_SYS_STAT_H 1
| #define HAVE_STDLIB_H 1
| #define HAVE_STRING_H 1
| #define HAVE_MEMORY_H 1
| #define HAVE_STRINGS_H 1
| #define HAVE_INTTYPES_H 1
| #define HAVE_STDINT_H 1
| #define HAVE_UNISTD_H 1
| #define HAVE_SYS_TIME_H 1
| #define HAVE_VPRINTF 1
| #define HAVE_GETCWD 1
| #define HAVE_SELECT 1
| #define HAVE_STRDUP 1
| #define HAVE_STRERROR 1
| /* end confdefs.h.  */
| 
| int
| main ()
| {
| int main() {return 0;}
|   ;
|   return 0;
| }
configure:5331: /usr/bin/clang -o conftest  -falign-functions -Werror -I/opt/local/include -L/opt/local/lib -Wl,-headerpad_max_install_names -arch x86_64 conftest.c  >&5
conftest.c:30:12: error: function definition is not allowed here
int main() {return 0;}
           ^
1 error generated.
configure:5331: $? = 1
configure: failed program was:
| /* confdefs.h */
| #define PACKAGE_NAME "OpenModelica"
| #define PACKAGE_TARNAME "openmodelica"
| #define PACKAGE_VERSION "dev"
| #define PACKAGE_STRING "OpenModelica dev"
| #define PACKAGE_BUGREPORT "https://trac.openmodelica.org/OpenModelica"
| #define PACKAGE_URL "https://openmodelica.org"
| #define YYTEXT_POINTER 1
| #define STDC_HEADERS 1
| #define HAVE_SYS_TYPES_H 1
| #define HAVE_SYS_STAT_H 1
| #define HAVE_STDLIB_H 1
| #define HAVE_STRING_H 1
| #define HAVE_MEMORY_H 1
| #define HAVE_STRINGS_H 1
| #define HAVE_INTTYPES_H 1
| #define HAVE_STDINT_H 1
| #define HAVE_UNISTD_H 1
| #define HAVE_SYS_TIME_H 1
| #define HAVE_VPRINTF 1
| #define HAVE_GETCWD 1
| #define HAVE_SELECT 1
| #define HAVE_STRDUP 1
| #define HAVE_STRERROR 1
| /* end confdefs.h.  */
| 
| int
| main ()
| {
| int main() {return 0;}
|   ;
|   return 0;
| }
configure:5331: /usr/bin/clang -o conftest  -march=native -Werror -I/opt/local/include -L/opt/local/lib -Wl,-headerpad_max_install_names -arch x86_64 conftest.c  >&5
conftest.c:30:12: error: function definition is not allowed here
int main() {return 0;}
           ^
1 error generated.
configure:5331: $? = 1
configure: failed program was:
| /* confdefs.h */
| #define PACKAGE_NAME "OpenModelica"
| #define PACKAGE_TARNAME "openmodelica"
| #define PACKAGE_VERSION "dev"
| #define PACKAGE_STRING "OpenModelica dev"
| #define PACKAGE_BUGREPORT "https://trac.openmodelica.org/OpenModelica"
| #define PACKAGE_URL "https://openmodelica.org"
| #define YYTEXT_POINTER 1
| #define STDC_HEADERS 1
| #define HAVE_SYS_TYPES_H 1
| #define HAVE_SYS_STAT_H 1
| #define HAVE_STDLIB_H 1
| #define HAVE_STRING_H 1
| #define HAVE_MEMORY_H 1
| #define HAVE_STRINGS_H 1
| #define HAVE_INTTYPES_H 1
| #define HAVE_STDINT_H 1
| #define HAVE_UNISTD_H 1
| #define HAVE_SYS_TIME_H 1
| #define HAVE_VPRINTF 1
| #define HAVE_GETCWD 1
| #define HAVE_SELECT 1
| #define HAVE_STRDUP 1
| #define HAVE_STRERROR 1
| /* end confdefs.h.  */
| 
| int
| main ()
| {
| int main() {return 0;}
|   ;
|   return 0;
| }
configure:5331: /usr/bin/clang -o conftest  -mfpmath=sse -Werror -I/opt/local/include -L/opt/local/lib -Wl,-headerpad_max_install_names -arch x86_64 conftest.c  >&5
conftest.c:30:12: error: function definition is not allowed here
int main() {return 0;}
           ^
1 error generated.
configure:5331: $? = 1
configure: failed program was:
| /* confdefs.h */
| #define PACKAGE_NAME "OpenModelica"
| #define PACKAGE_TARNAME "openmodelica"
| #define PACKAGE_VERSION "dev"
| #define PACKAGE_STRING "OpenModelica dev"
| #define PACKAGE_BUGREPORT "https://trac.openmodelica.org/OpenModelica"
| #define PACKAGE_URL "https://openmodelica.org"
| #define YYTEXT_POINTER 1
| #define STDC_HEADERS 1
| #define HAVE_SYS_TYPES_H 1
| #define HAVE_SYS_STAT_H 1
| #define HAVE_STDLIB_H 1
| #define HAVE_STRING_H 1
| #define HAVE_MEMORY_H 1
| #define HAVE_STRINGS_H 1
| #define HAVE_INTTYPES_H 1
| #define HAVE_STDINT_H 1
| #define HAVE_UNISTD_H 1
| #define HAVE_SYS_TIME_H 1
| #define HAVE_VPRINTF 1
| #define HAVE_GETCWD 1
| #define HAVE_SELECT 1
| #define HAVE_STRDUP 1
| #define HAVE_STRERROR 1
| /* end confdefs.h.  */
| 
| int
| main ()
| {
| int main() {return 0;}
|   ;
|   return 0;
| }
configure:5360: result: 
configure:5377: checking for library containing dlopen
configure:5408: /usr/bin/clang -o conftest -pipe -Os -arch x86_64 -fno-stack-protector -I/opt/local/include -L/opt/local/lib -Wl,-headerpad_max_install_names -arch x86_64 conftest.c  >&5
configure:5408: $? = 0
configure:5425: result: none required
configure:5438: checking for library containing dlopen
configure:5486: result: none required
configure:5495: checking for library containing sqrt
configure:5526: /usr/bin/clang -o conftest -pipe -Os -arch x86_64 -fno-stack-protector -I/opt/local/include -L/opt/local/lib -Wl,-headerpad_max_install_names -arch x86_64 conftest.c  >&5
conftest.c:33:6: warning: incompatible redeclaration of library function 'sqrt' [-Wincompatible-library-redeclaration]
char sqrt ();
     ^
conftest.c:33:6: note: 'sqrt' is a builtin with type 'double (double)'
1 warning generated.
configure:5526: $? = 0
configure:5543: result: none required
configure:5551: checking for library containing colamd
configure:5582: /usr/bin/clang -o conftest -pipe -Os -arch x86_64 -fno-stack-protector -I/opt/local/include -L/opt/local/lib -Wl,-headerpad_max_install_names -arch x86_64 conftest.c  >&5
Undefined symbols for architecture x86_64:
  "_colamd", referenced from:
      _main in conftest-1cdea6.o
ld: symbol(s) not found for architecture x86_64
clang: error: linker command failed with exit code 1 (use -v to see invocation)
configure:5582: $? = 1
configure: failed program was:
| /* confdefs.h */
| #define PACKAGE_NAME "OpenModelica"
| #define PACKAGE_TARNAME "openmodelica"
| #define PACKAGE_VERSION "dev"
| #define PACKAGE_STRING "OpenModelica dev"
| #define PACKAGE_BUGREPORT "https://trac.openmodelica.org/OpenModelica"
| #define PACKAGE_URL "https://openmodelica.org"
| #define YYTEXT_POINTER 1
| #define STDC_HEADERS 1
| #define HAVE_SYS_TYPES_H 1
| #define HAVE_SYS_STAT_H 1
| #define HAVE_STDLIB_H 1
| #define HAVE_STRING_H 1
| #define HAVE_MEMORY_H 1
| #define HAVE_STRINGS_H 1
| #define HAVE_INTTYPES_H 1
| #define HAVE_STDINT_H 1
| #define HAVE_UNISTD_H 1
| #define HAVE_SYS_TIME_H 1
| #define HAVE_VPRINTF 1
| #define HAVE_GETCWD 1
| #define HAVE_SELECT 1
| #define HAVE_STRDUP 1
| #define HAVE_STRERROR 1
| /* end confdefs.h.  */
| 
| /* Override any GCC internal prototype to avoid an error.
|    Use char because int might match the return type of a GCC
|    builtin and then its argument prototype would still apply.  */
| #ifdef __cplusplus
| extern "C"
| #endif
| char colamd ();
| int
| main ()
| {
| return colamd ();
|   ;
|   return 0;
| }
configure:5582: /usr/bin/clang -o conftest -pipe -Os -arch x86_64 -fno-stack-protector -I/opt/local/include -L/opt/local/lib -Wl,-headerpad_max_install_names -arch x86_64 conftest.c -lcolamd   >&5
configure:5582: $? = 0
configure:5599: result: -lcolamd
configure:5607: checking for library containing make_lp
configure:5638: /usr/bin/clang -o conftest -pipe -Os -arch x86_64 -fno-stack-protector -I/opt/local/include -L/opt/local/lib -Wl,-headerpad_max_install_names -arch x86_64 conftest.c -lcolamd  >&5
Undefined symbols for architecture x86_64:
  "_make_lp", referenced from:
      _main in conftest-d8f8d3.o
ld: symbol(s) not found for architecture x86_64
clang: error: linker command failed with exit code 1 (use -v to see invocation)
configure:5638: $? = 1
configure: failed program was:
| /* confdefs.h */
| #define PACKAGE_NAME "OpenModelica"
| #define PACKAGE_TARNAME "openmodelica"
| #define PACKAGE_VERSION "dev"
| #define PACKAGE_STRING "OpenModelica dev"
| #define PACKAGE_BUGREPORT "https://trac.openmodelica.org/OpenModelica"
| #define PACKAGE_URL "https://openmodelica.org"
| #define YYTEXT_POINTER 1
| #define STDC_HEADERS 1
| #define HAVE_SYS_TYPES_H 1
| #define HAVE_SYS_STAT_H 1
| #define HAVE_STDLIB_H 1
| #define HAVE_STRING_H 1
| #define HAVE_MEMORY_H 1
| #define HAVE_STRINGS_H 1
| #define HAVE_INTTYPES_H 1
| #define HAVE_STDINT_H 1
| #define HAVE_UNISTD_H 1
| #define HAVE_SYS_TIME_H 1
| #define HAVE_VPRINTF 1
| #define HAVE_GETCWD 1
| #define HAVE_SELECT 1
| #define HAVE_STRDUP 1
| #define HAVE_STRERROR 1
| /* end confdefs.h.  */
| 
| /* Override any GCC internal prototype to avoid an error.
|    Use char because int might match the return type of a GCC
|    builtin and then its argument prototype would still apply.  */
| #ifdef __cplusplus
| extern "C"
| #endif
| char make_lp ();
| int
| main ()
| {
| return make_lp ();
|   ;
|   return 0;
| }
configure:5638: /usr/bin/clang -o conftest -pipe -Os -arch x86_64 -fno-stack-protector -I/opt/local/include -L/opt/local/lib -Wl,-headerpad_max_install_names -arch x86_64 conftest.c -llpsolve55_pic  -lcolamd  >&5
ld: library not found for -llpsolve55_pic
clang: error: linker command failed with exit code 1 (use -v to see invocation)
configure:5638: $? = 1
configure: failed program was:
| /* confdefs.h */
| #define PACKAGE_NAME "OpenModelica"
| #define PACKAGE_TARNAME "openmodelica"
| #define PACKAGE_VERSION "dev"
| #define PACKAGE_STRING "OpenModelica dev"
| #define PACKAGE_BUGREPORT "https://trac.openmodelica.org/OpenModelica"
| #define PACKAGE_URL "https://openmodelica.org"
| #define YYTEXT_POINTER 1
| #define STDC_HEADERS 1
| #define HAVE_SYS_TYPES_H 1
| #define HAVE_SYS_STAT_H 1
| #define HAVE_STDLIB_H 1
| #define HAVE_STRING_H 1
| #define HAVE_MEMORY_H 1
| #define HAVE_STRINGS_H 1
| #define HAVE_INTTYPES_H 1
| #define HAVE_STDINT_H 1
| #define HAVE_UNISTD_H 1
| #define HAVE_SYS_TIME_H 1
| #define HAVE_VPRINTF 1
| #define HAVE_GETCWD 1
| #define HAVE_SELECT 1
| #define HAVE_STRDUP 1
| #define HAVE_STRERROR 1
| /* end confdefs.h.  */
| 
| /* Override any GCC internal prototype to avoid an error.
|    Use char because int might match the return type of a GCC
|    builtin and then its argument prototype would still apply.  */
| #ifdef __cplusplus
| extern "C"
| #endif
| char make_lp ();
| int
| main ()
| {
| return make_lp ();
|   ;
|   return 0;
| }
configure:5638: /usr/bin/clang -o conftest -pipe -Os -arch x86_64 -fno-stack-protector -I/opt/local/include -L/opt/local/lib -Wl,-headerpad_max_install_names -arch x86_64 conftest.c -llpsolve55  -lcolamd  >&5
configure:5638: $? = 0
configure:5655: result: -llpsolve55
configure:5818: checking lp_lib.h usability
configure:5818: /usr/bin/clang -c -pipe -Os -arch x86_64 -fno-stack-protector -I/opt/local/include conftest.c >&5
conftest.c:59:10: fatal error: 'lp_lib.h' file not found
#include <lp_lib.h>
         ^
1 error generated.
configure:5818: $? = 1
configure: failed program was:
| /* confdefs.h */
| #define PACKAGE_NAME "OpenModelica"
| #define PACKAGE_TARNAME "openmodelica"
| #define PACKAGE_VERSION "dev"
| #define PACKAGE_STRING "OpenModelica dev"
| #define PACKAGE_BUGREPORT "https://trac.openmodelica.org/OpenModelica"
| #define PACKAGE_URL "https://openmodelica.org"
| #define YYTEXT_POINTER 1
| #define STDC_HEADERS 1
| #define HAVE_SYS_TYPES_H 1
| #define HAVE_SYS_STAT_H 1
| #define HAVE_STDLIB_H 1
| #define HAVE_STRING_H 1
| #define HAVE_MEMORY_H 1
| #define HAVE_STRINGS_H 1
| #define HAVE_INTTYPES_H 1
| #define HAVE_STDINT_H 1
| #define HAVE_UNISTD_H 1
| #define HAVE_SYS_TIME_H 1
| #define HAVE_VPRINTF 1
| #define HAVE_GETCWD 1
| #define HAVE_SELECT 1
| #define HAVE_STRDUP 1
| #define HAVE_STRERROR 1
| /* end confdefs.h.  */
| #include <stdio.h>
| #ifdef HAVE_SYS_TYPES_H
| # include <sys/types.h>
| #endif
| #ifdef HAVE_SYS_STAT_H
| # include <sys/stat.h>
| #endif
| #ifdef STDC_HEADERS
| # include <stdlib.h>
| # include <stddef.h>
| #else
| # ifdef HAVE_STDLIB_H
| #  include <stdlib.h>
| # endif
| #endif
| #ifdef HAVE_STRING_H
| # if !defined STDC_HEADERS && defined HAVE_MEMORY_H
| #  include <memory.h>
| # endif
| # include <string.h>
| #endif
| #ifdef HAVE_STRINGS_H
| # include <strings.h>
| #endif
| #ifdef HAVE_INTTYPES_H
| # include <inttypes.h>
| #endif
| #ifdef HAVE_STDINT_H
| # include <stdint.h>
| #endif
| #ifdef HAVE_UNISTD_H
| # include <unistd.h>
| #endif
| #include <lp_lib.h>
configure:5818: result: no
configure:5818: checking lp_lib.h presence
configure:5818: /usr/bin/clang -E -I/opt/local/include conftest.c
conftest.c:26:10: fatal error: 'lp_lib.h' file not found
#include <lp_lib.h>
         ^
1 error generated.
configure:5818: $? = 1
configure: failed program was:
| /* confdefs.h */
| #define PACKAGE_NAME "OpenModelica"
| #define PACKAGE_TARNAME "openmodelica"
| #define PACKAGE_VERSION "dev"
| #define PACKAGE_STRING "OpenModelica dev"
| #define PACKAGE_BUGREPORT "https://trac.openmodelica.org/OpenModelica"
| #define PACKAGE_URL "https://openmodelica.org"
| #define YYTEXT_POINTER 1
| #define STDC_HEADERS 1
| #define HAVE_SYS_TYPES_H 1
| #define HAVE_SYS_STAT_H 1
| #define HAVE_STDLIB_H 1
| #define HAVE_STRING_H 1
| #define HAVE_MEMORY_H 1
| #define HAVE_STRINGS_H 1
| #define HAVE_INTTYPES_H 1
| #define HAVE_STDINT_H 1
| #define HAVE_UNISTD_H 1
| #define HAVE_SYS_TIME_H 1
| #define HAVE_VPRINTF 1
| #define HAVE_GETCWD 1
| #define HAVE_SELECT 1
| #define HAVE_STRDUP 1
| #define HAVE_STRERROR 1
| /* end confdefs.h.  */
| #include <lp_lib.h>
configure:5818: result: no
configure:5818: checking for lp_lib.h
configure:5818: result: no
configure:5823: checking lpsolve/lp_lib.h usability
configure:5823: /usr/bin/clang -c -pipe -Os -arch x86_64 -fno-stack-protector -I/opt/local/include conftest.c >&5
configure:5823: $? = 0
configure:5823: result: yes
configure:5823: checking lpsolve/lp_lib.h presence
configure:5823: /usr/bin/clang -E -I/opt/local/include conftest.c
configure:5823: $? = 0
configure:5823: result: yes
configure:5823: checking for lpsolve/lp_lib.h
configure:5823: result: yes
configure:5838: checking for socket
configure:5838: /usr/bin/clang -o conftest -pipe -Os -arch x86_64 -fno-stack-protector -I/opt/local/include -L/opt/local/lib -Wl,-headerpad_max_install_names -arch x86_64 conftest.c  >&5
configure:5838: $? = 0
configure:5838: result: yes
configure:5891: checking for gethostbyname
configure:5891: /usr/bin/clang -o conftest -pipe -Os -arch x86_64 -fno-stack-protector -I/opt/local/include -L/opt/local/lib -Wl,-headerpad_max_install_names -arch x86_64 conftest.c  >&5
configure:5891: $? = 0
configure:5891: result: yes
configure:6026: checking LAPACK/BLAS flags
configure:6060: /usr/bin/clang -o conftest -pipe -Os -arch x86_64 -fno-stack-protector -I/opt/local/include -L/opt/local/lib -Wl,-headerpad_max_install_names -arch x86_64 conftest.c -llapack -lblas >&5
Undefined symbols for architecture x86_64:
  "_ATL_dger", referenced from:
      _ATL_dgetf2 in liblapack.a(ATL_dgetf2.o)
  "_ATL_xerbla", referenced from:
      _atl_f77wrap_dgesv_ in liblapack.a(ATL_f77wrap_dgesv.o)
ld: symbol(s) not found for architecture x86_64
clang: error: linker command failed with exit code 1 (use -v to see invocation)
configure:6060: $? = 1
configure: failed program was:
| /* confdefs.h */
| #define PACKAGE_NAME "OpenModelica"
| #define PACKAGE_TARNAME "openmodelica"
| #define PACKAGE_VERSION "dev"
| #define PACKAGE_STRING "OpenModelica dev"
| #define PACKAGE_BUGREPORT "https://trac.openmodelica.org/OpenModelica"
| #define PACKAGE_URL "https://openmodelica.org"
| #define YYTEXT_POINTER 1
| #define STDC_HEADERS 1
| #define HAVE_SYS_TYPES_H 1
| #define HAVE_SYS_STAT_H 1
| #define HAVE_STDLIB_H 1
| #define HAVE_STRING_H 1
| #define HAVE_MEMORY_H 1
| #define HAVE_STRINGS_H 1
| #define HAVE_INTTYPES_H 1
| #define HAVE_STDINT_H 1
| #define HAVE_UNISTD_H 1
| #define HAVE_SYS_TIME_H 1
| #define HAVE_VPRINTF 1
| #define HAVE_GETCWD 1
| #define HAVE_SELECT 1
| #define HAVE_STRDUP 1
| #define HAVE_STRERROR 1
| /* end confdefs.h.  */
| 
| /* Override any GCC internal prototype to avoid an error.
|    Use char because int might match the return type of a GCC
|    builtin and then its argument prototype would still apply.  */
| #ifdef __cplusplus
| extern "C"
| #endif
| char dgesv_ ();
| int
| main ()
| {
| return dgesv_ ();
|   ;
|   return 0;
| }
configure:6063: error: dgesv (LAPACK) linking failed using -llapack -lblas

## ---------------- ##
## Cache variables. ##
## ---------------- ##

ac_cv_build=x86_64-apple-darwin13.4.0
ac_cv_c_compiler_gnu=yes
ac_cv_c_const=yes
ac_cv_cxx_compiler_gnu=yes
ac_cv_env_CCC_set=
ac_cv_env_CCC_value=
ac_cv_env_CC_set=set
ac_cv_env_CC_value=/usr/bin/clang
ac_cv_env_CFLAGS_set=set
ac_cv_env_CFLAGS_value='-pipe -Os -arch x86_64'
ac_cv_env_CPPFLAGS_set=set
ac_cv_env_CPPFLAGS_value=-I/opt/local/include
ac_cv_env_CPP_set=
ac_cv_env_CPP_value=
ac_cv_env_CXXFLAGS_set=set
ac_cv_env_CXXFLAGS_value='-pipe -Os -arch x86_64 -stdlib=libc++'
ac_cv_env_CXX_set=set
ac_cv_env_CXX_value=/usr/bin/clang++
ac_cv_env_FCFLAGS_set=set
ac_cv_env_FCFLAGS_value='-pipe -Os -m64'
ac_cv_env_FC_set=set
ac_cv_env_FC_value=/opt/local/bin/gfortran-mp-4.8
ac_cv_env_LDFLAGS_set=set
ac_cv_env_LDFLAGS_value='-L/opt/local/lib -Wl,-headerpad_max_install_names -arch x86_64'
ac_cv_env_LIBS_set=
ac_cv_env_LIBS_value=
ac_cv_env_OMPCC_set=
ac_cv_env_OMPCC_value=
ac_cv_env_RUNTIMECC_set=
ac_cv_env_RUNTIMECC_value=
ac_cv_env_RUNTIMECFLAGS_set=
ac_cv_env_RUNTIMECFLAGS_value=
ac_cv_env_build_alias_set=
ac_cv_env_build_alias_value=
ac_cv_env_host_alias_set=
ac_cv_env_host_alias_value=
ac_cv_env_target_alias_set=
ac_cv_env_target_alias_value=
ac_cv_fc_compiler_gnu=yes
ac_cv_func__doprnt=no
ac_cv_func_getcwd=yes
ac_cv_func_gethostbyname=yes
ac_cv_func_select=yes
ac_cv_func_socket=yes
ac_cv_func_strdup=yes
ac_cv_func_strerror=yes
ac_cv_func_vprintf=yes
ac_cv_header_expat_h=yes
ac_cv_header_inttypes_h=yes
ac_cv_header_lp_lib_h=no
ac_cv_header_lpsolve_lp_lib_h=yes
ac_cv_header_memory_h=yes
ac_cv_header_readline_history_h=yes
ac_cv_header_readline_readline_h=yes
ac_cv_header_stdc=yes
ac_cv_header_stdint_h=yes
ac_cv_header_stdlib_h=yes
ac_cv_header_string_h=yes
ac_cv_header_strings_h=yes
ac_cv_header_sys_stat_h=yes
ac_cv_header_sys_time_h=yes
ac_cv_header_sys_types_h=yes
ac_cv_header_unistd_h=yes
ac_cv_host=x86_64-apple-darwin13.4.0
ac_cv_lib_lex=-lfl
ac_cv_objext=o
ac_cv_path_EGREP='/opt/local/bin/grep -E'
ac_cv_path_GREP=/opt/local/bin/grep
ac_cv_prog_CPP='/usr/bin/clang -E'
ac_cv_prog_LEX=flex
ac_cv_prog_ac_ct_CC=/usr/bin/clang
ac_cv_prog_cc_c89=
ac_cv_prog_cc_g=yes
ac_cv_prog_cxx_g=yes
ac_cv_prog_fc_g=yes
ac_cv_prog_lex_root=lex.yy
ac_cv_prog_lex_yytext_pointer=yes
ac_cv_prog_make_make_set=yes
ac_cv_search_colamd=-lcolamd
ac_cv_search_dlopen='none required'
ac_cv_search_make_lp=-llpsolve55
ac_cv_search_readline=-lreadline
ac_cv_search_sqrt='none required'
ac_cv_target=x86_64-apple-darwin13.4.0
ac_cv_type_size_t=yes

## ----------------- ##
## Output variables. ##
## ----------------- ##

APP=''
AR='ar'
AR_SH=''
BOOTSTRAP_STATIC=''
CC='/usr/bin/clang'
CFLAGS='-pipe -Os -arch x86_64 -fno-stack-protector'
CMINPACKLIB_SHARED=''
CONFIG_WITH_OPENMP='0'
CORBACFLAGS=''
CORBALIBS=''
CORBA_QMAKE_INCLUDES=''
CPP='/usr/bin/clang -E'
CPPFLAGS='-I/opt/local/include'
CPPFLAGS_F2C=''
CXX='/usr/bin/clang++'
CXXFLAGS='-pipe -Os -arch x86_64 -stdlib=libc++ -stdlib=libstdc++'
DEFS=''
ECHO_C='\c'
ECHO_N=''
ECHO_T=''
EGREP='/opt/local/bin/grep -E'
EXE=''
EXEEXT=''
EXTRA_CFLAGS_GENERATED_CODE=' -Wno-parentheses-equality -Wno-unused-variable'
FC='/opt/local/bin/gfortran-mp-4.8'
FCFLAGS='-pipe -Os -m64'
FMILIB_SHARED=''
FPMATHFORTRAN=''
GENERATED_AUTOCONF_FILES=''
GREP='/opt/local/bin/grep'
IDLCMD=''
IDLPATH=''
IDLPYTHONCMD=''
IPOPT_CFLAGS=''
IPOPT_LDFLAGS=''
LAPACK_TARGET=''
LDFLAGS='-L/opt/local/lib -Wl,-headerpad_max_install_names -arch x86_64'
LDFLAGS_SOCKET=''
LD_LAPACK='-llapack -lblas'
LEX='flex'
LEXLIB='-lfl'
LEX_OUTPUT_ROOT='lex.yy'
LIBCMINPACKLIB=''
LIBDL=''
LIBF2C='libf2c/libf2c.a'
LIBFMILIB=''
LIBFMIRUNTIME=''
LIBGC=''
LIBLPSOLVE55='-llpsolve55 -lcolamd '
LIBNSL=''
LIBOBJS=''
LIBREADLINE='-lreadline '
LIBRUNTIME=''
LIBS='-llapack -lblas'
LIBSIMULATION=''
LIBSOCKET=''
LINK=''
LIS_LDFLAGS=''
LPSOLVEINC='lpsolve/lp_lib.h'
LRELEASE=''
LTLIBOBJS=''
MAKE='make'
METISHOME=''
MODELICA3D=''
MODELICA_SPEC_PLATFORM=''
MSL_EXTRA_ARGS=''
OBJEXT='o'
OMC='/opt/local/var/macports/build/_opt_local_var_macports_sources_build.openmodelica.org_macports_lang_openmodelica-devel/openmodelica-devel/work/openmodelica_23769/build/bin/omc'
OMCTARGET=''
OMC_LIBS=''
OMNOTEBOOK=''
OMOPTIM_CC=''
OMOPTIM_CXX=''
OMPCC='/usr/bin/clang'
OMSHELL_TERMINAL='mosh'
OPENBLAS_EXTRA_ARGS=''
OPENCL=''
OPENMODELICA_SPEC_PLATFORM=''
OS_TARGET=''
PACKAGE_BUGREPORT='https://trac.openmodelica.org/OpenModelica'
PACKAGE_NAME='OpenModelica'
PACKAGE_STRING='OpenModelica dev'
PACKAGE_TARNAME='openmodelica'
PACKAGE_URL='https://openmodelica.org'
PACKAGE_VERSION='dev'
PATH_SEPARATOR=':'
PATOHHOME=''
PYTHON_INTERFACE=''
QMAKE=''
QT_USE_CORBA=''
RPATH=''
RPATH_QMAKE=''
RT_LDFLAGS=''
RT_LDFLAGS_GENERATED_CODE=''
RT_LDFLAGS_GENERATED_CODE_SIM=''
RT_LDFLAGS_SIM=''
RUNTIMECC='/usr/bin/clang'
RUNTIMECFLAGS=''
SET_MAKE=''
SHELL='/bin/sh'
SHREXT=''
SOURCE_REVISION=''
SUNDIALS_LDFLAGS=''
UMFPACK_TARGET=''
USE_CORBA=''
USE_GRAPH=''
USE_METIS=''
USE_PATOH=''
WITH_HWLOC=''
WITH_IPOPT=''
WITH_SUNDIALS=''
ac_ct_CC='/usr/bin/clang'
ac_ct_CXX=''
ac_ct_FC=''
antlrinc=''
antlrlib=''
bindir='${exec_prefix}/bin'
build='x86_64-apple-darwin13.4.0'
build_alias=''
build_cpu='x86_64'
build_os='darwin13.4.0'
build_vendor='apple'
datadir='${datarootdir}'
datarootdir='${prefix}/share'
date=''
docdir='${datarootdir}/doc/${PACKAGE_TARNAME}'
dvidir='${docdir}'
exec_prefix='NONE'
host='x86_64-apple-darwin13.4.0'
host_alias=''
host_cpu='x86_64'
host_os='darwin13.4.0'
host_vendor='apple'
htmldir='${docdir}'
includedir='${prefix}/include'
infodir='${datarootdir}/info'
libdir='${exec_prefix}/lib'
libexecdir='${exec_prefix}/libexec'
localedir='${datarootdir}/locale'
localstatedir='${prefix}/var'
mandir='${datarootdir}/man'
oldincludedir='/usr/include'
omc_antlr_jar='build/share/omc/java/antlr-3.1.3.jar'
pdfdir='${docdir}'
prefix='/opt/local'
program_transform_name='s,x,x,'
psdir='${docdir}'
sbindir='${exec_prefix}/sbin'
sharedstatedir='${prefix}/com'
sysconfdir='${prefix}/etc'
target='x86_64-apple-darwin13.4.0'
target_alias=''
target_cpu='x86_64'
target_os='darwin13.4.0'
target_vendor='apple'
with_paradiseo='no'
with_paradiseo_include=''
with_paradiseo_lib=''
with_qwt=''
with_qwt_suffix=''

## ----------- ##
## confdefs.h. ##
## ----------- ##

/* confdefs.h */
#define PACKAGE_NAME "OpenModelica"
#define PACKAGE_TARNAME "openmodelica"
#define PACKAGE_VERSION "dev"
#define PACKAGE_STRING "OpenModelica dev"
#define PACKAGE_BUGREPORT "https://trac.openmodelica.org/OpenModelica"
#define PACKAGE_URL "https://openmodelica.org"
#define YYTEXT_POINTER 1
#define STDC_HEADERS 1
#define HAVE_SYS_TYPES_H 1
#define HAVE_SYS_STAT_H 1
#define HAVE_STDLIB_H 1
#define HAVE_STRING_H 1
#define HAVE_MEMORY_H 1
#define HAVE_STRINGS_H 1
#define HAVE_INTTYPES_H 1
#define HAVE_STDINT_H 1
#define HAVE_UNISTD_H 1
#define HAVE_SYS_TIME_H 1
#define HAVE_VPRINTF 1
#define HAVE_GETCWD 1
#define HAVE_SELECT 1
#define HAVE_STRDUP 1
#define HAVE_STRERROR 1

configure: exit 1
