version:1
:debug:main epoch: in tree: 0 installed: 0
:debug:main gtime 1.7_1 exists in the ports tree
:debug:main gtime 1.7_1  is the latest installed
:debug:main gtime 1.7_1  is active
:debug:main Merging existing variants '' into variants
:debug:main new fully merged portvariants: 
:debug:main Changing to port directory: /opt/local/var/macports/sources/rsync.macports.org/release/tarballs/ports/sysutils/gtime
:debug:main OS darwin/15.4.0 (Mac OS X 10.11) arch i386
:debug:main adding the default universal variant
:debug:main Reading variant descriptions from /opt/local/var/macports/sources/rsync.macports.org/release/tarballs/ports/_resources/port1.0/variant_descriptions.conf
:debug:main Running callback portconfigure::add_automatic_compiler_dependencies
:debug:main Finished running callback portconfigure::add_automatic_compiler_dependencies
:debug:main Running callback portbuild::add_automatic_buildsystem_dependencies
:debug:main Finished running callback portbuild::add_automatic_buildsystem_dependencies
:debug:main No need to upgrade! gtime 1.7_1 >= gtime 1.7_1
:debug:main epoch: in tree: 0 installed: 0
:debug:main gsed 4.2.2_0 exists in the ports tree
:debug:main gsed 4.2.2_0  is the latest installed
:debug:main gsed 4.2.2_0  is active
:debug:main Merging existing variants '' into variants
:debug:main new fully merged portvariants: 
:debug:main Changing to port directory: /opt/local/var/macports/sources/rsync.macports.org/release/tarballs/ports/textproc/gsed
:debug:main OS darwin/15.4.0 (Mac OS X 10.11) arch i386
:debug:main adding the default universal variant
:debug:main Reading variant descriptions from /opt/local/var/macports/sources/rsync.macports.org/release/tarballs/ports/_resources/port1.0/variant_descriptions.conf
:debug:main Running callback portconfigure::add_automatic_compiler_dependencies
:debug:main Finished running callback portconfigure::add_automatic_compiler_dependencies
:debug:main Running callback portbuild::add_automatic_buildsystem_dependencies
:debug:main Finished running callback portbuild::add_automatic_buildsystem_dependencies
:debug:main No need to upgrade! gsed 4.2.2_0 >= gsed 4.2.2_0
:debug:main epoch: in tree: 2 installed: 2
:debug:main gettext 0.19.7_0 exists in the ports tree
:debug:main gettext 0.19.7_0 +universal is the latest installed
:debug:main gettext 0.19.7_0 +universal is active
:debug:main Merging existing variants '+universal' into variants
:debug:main new fully merged portvariants: universal +
:debug:main Changing to port directory: /opt/local/var/macports/sources/rsync.macports.org/release/tarballs/ports/devel/gettext
:debug:main OS darwin/15.4.0 (Mac OS X 10.11) arch i386
:debug:main Sourcing PortGroup compiler_blacklist_versions 1.0 from /opt/local/var/macports/sources/rsync.macports.org/release/tarballs/ports/_resources/port1.0/group/compiler_blacklist_versions-1.0.tcl
:debug:main Reading variant descriptions from /opt/local/var/macports/sources/rsync.macports.org/release/tarballs/ports/_resources/port1.0/variant_descriptions.conf
:debug:main Sourcing PortGroup muniversal 1.0 from /opt/local/var/macports/sources/rsync.macports.org/release/tarballs/ports/_resources/port1.0/group/muniversal-1.0.tcl
:debug:main compiler clang 703.0.29 not blacklisted because it doesn't match {clang < 211.10.1}
:debug:main universal variant already exists, so not adding the default one
:debug:main Executing variant universal provides universal
:debug:main Running callback portconfigure::add_automatic_compiler_dependencies
:debug:main Finished running callback portconfigure::add_automatic_compiler_dependencies
:debug:main Running callback portbuild::add_automatic_buildsystem_dependencies
:debug:main Finished running callback portbuild::add_automatic_buildsystem_dependencies
:debug:main No need to upgrade! gettext 0.19.7_0 >= gettext 0.19.7_0
:debug:main epoch: in tree: 0 installed: 0
:debug:main expat 2.1.0_0 exists in the ports tree
:debug:main expat 2.1.0_0 +universal is the latest installed
:debug:main expat 2.1.0_0 +universal is active
:debug:main Merging existing variants '+universal' into variants
:debug:main new fully merged portvariants: universal +
:debug:main Changing to port directory: /opt/local/var/macports/sources/rsync.macports.org/release/tarballs/ports/textproc/expat
:debug:main OS darwin/15.4.0 (Mac OS X 10.11) arch i386
:debug:main adding the default universal variant
:debug:main Reading variant descriptions from /opt/local/var/macports/sources/rsync.macports.org/release/tarballs/ports/_resources/port1.0/variant_descriptions.conf
:debug:main Executing variant universal provides universal
:debug:main Running callback portconfigure::add_automatic_compiler_dependencies
:debug:main Finished running callback portconfigure::add_automatic_compiler_dependencies
:debug:main Running callback portbuild::add_automatic_buildsystem_dependencies
:debug:main Finished running callback portbuild::add_automatic_buildsystem_dependencies
:debug:main No need to upgrade! expat 2.1.0_0 >= expat 2.1.0_0
:debug:main epoch: in tree: 0 installed: 0
:debug:main libiconv 1.14_0 exists in the ports tree
:debug:main libiconv 1.14_0 +universal is the latest installed
:debug:main libiconv 1.14_0 +universal is active
:debug:main Merging existing variants '+universal' into variants
:debug:main new fully merged portvariants: universal +
:debug:main Changing to port directory: /opt/local/var/macports/sources/rsync.macports.org/release/tarballs/ports/textproc/libiconv
:debug:main OS darwin/15.4.0 (Mac OS X 10.11) arch i386
:debug:main Reading variant descriptions from /opt/local/var/macports/sources/rsync.macports.org/release/tarballs/ports/_resources/port1.0/variant_descriptions.conf
:debug:main Sourcing PortGroup muniversal 1.0 from /opt/local/var/macports/sources/rsync.macports.org/release/tarballs/ports/_resources/port1.0/group/muniversal-1.0.tcl
:debug:main universal variant already exists, so not adding the default one
:debug:main Executing variant universal provides universal
:debug:main Running callback portconfigure::add_automatic_compiler_dependencies
:debug:main Finished running callback portconfigure::add_automatic_compiler_dependencies
:debug:main Running callback portbuild::add_automatic_buildsystem_dependencies
:debug:main Finished running callback portbuild::add_automatic_buildsystem_dependencies
:debug:main No need to upgrade! libiconv 1.14_0 >= libiconv 1.14_0
:debug:main epoch: in tree: 0 installed: 0
:debug:main ncurses 6.0_0 exists in the ports tree
:debug:main ncurses 6.0_0 +universal is the latest installed
:debug:main ncurses 6.0_0 +universal is active
:debug:main Merging existing variants '+universal' into variants
:debug:main new fully merged portvariants: universal +
:debug:main Changing to port directory: /opt/local/var/macports/sources/rsync.macports.org/release/tarballs/ports/devel/ncurses
:debug:main OS darwin/15.4.0 (Mac OS X 10.11) arch i386
:debug:main adding the default universal variant
:debug:main Reading variant descriptions from /opt/local/var/macports/sources/rsync.macports.org/release/tarballs/ports/_resources/port1.0/variant_descriptions.conf
:debug:main Executing variant universal provides universal
:debug:main Running callback portconfigure::add_automatic_compiler_dependencies
:debug:main Finished running callback portconfigure::add_automatic_compiler_dependencies
:debug:main Running callback portbuild::add_automatic_buildsystem_dependencies
:debug:main Finished running callback portbuild::add_automatic_buildsystem_dependencies
:debug:main No need to upgrade! ncurses 6.0_0 >= ncurses 6.0_0
:debug:main epoch: in tree: 0 installed: 0
:debug:main cmake 3.5.2_0 exists in the ports tree
:debug:main cmake 3.5.2_0  is the latest installed
:debug:main cmake 3.5.2_0  is active
:debug:main Merging existing variants '' into variants
:debug:main new fully merged portvariants: 
:debug:main Changing to port directory: /opt/local/var/macports/sources/rsync.macports.org/release/tarballs/ports/devel/cmake
:debug:main OS darwin/15.4.0 (Mac OS X 10.11) arch i386
:debug:main Reading variant descriptions from /opt/local/var/macports/sources/rsync.macports.org/release/tarballs/ports/_resources/port1.0/variant_descriptions.conf
:debug:main Sourcing PortGroup muniversal 1.0 from /opt/local/var/macports/sources/rsync.macports.org/release/tarballs/ports/_resources/port1.0/group/muniversal-1.0.tcl
:debug:main universal variant already exists, so not adding the default one
:debug:main Running callback portconfigure::add_automatic_compiler_dependencies
:debug:main Finished running callback portconfigure::add_automatic_compiler_dependencies
:debug:main Running callback portbuild::add_automatic_buildsystem_dependencies
:debug:main Finished running callback portbuild::add_automatic_buildsystem_dependencies
:debug:main No need to upgrade! cmake 3.5.2_0 >= cmake 3.5.2_0
:debug:main epoch: in tree: 0 installed: 0
:debug:main curl 7.48.0_0 exists in the ports tree
:debug:main curl 7.48.0_0 +ssl is the latest installed
:debug:main curl 7.48.0_0 +ssl is active
:debug:main Merging existing variants '+ssl' into variants
:debug:main new fully merged portvariants: ssl +
:debug:main Changing to port directory: /opt/local/var/macports/sources/rsync.macports.org/release/tarballs/ports/net/curl
:debug:main OS darwin/15.4.0 (Mac OS X 10.11) arch i386
:debug:main Reading variant descriptions from /opt/local/var/macports/sources/rsync.macports.org/release/tarballs/ports/_resources/port1.0/variant_descriptions.conf
:debug:main Sourcing PortGroup muniversal 1.0 from /opt/local/var/macports/sources/rsync.macports.org/release/tarballs/ports/_resources/port1.0/group/muniversal-1.0.tcl
:debug:main universal variant already exists, so not adding the default one
:debug:main Executing variant ssl provides ssl
:debug:main Running callback portconfigure::add_automatic_compiler_dependencies
:debug:main Finished running callback portconfigure::add_automatic_compiler_dependencies
:debug:main Running callback portbuild::add_automatic_buildsystem_dependencies
:debug:main Finished running callback portbuild::add_automatic_buildsystem_dependencies
:debug:main No need to upgrade! curl 7.48.0_0 >= curl 7.48.0_0
:debug:main epoch: in tree: 0 installed: 0
:debug:main zlib 1.2.8_0 exists in the ports tree
:debug:main zlib 1.2.8_0 +universal is the latest installed
:debug:main zlib 1.2.8_0 +universal is active
:debug:main Merging existing variants '+universal' into variants
:debug:main new fully merged portvariants: universal +
:debug:main Changing to port directory: /opt/local/var/macports/sources/rsync.macports.org/release/tarballs/ports/archivers/zlib
:debug:main OS darwin/15.4.0 (Mac OS X 10.11) arch i386
:debug:main Sourcing PortGroup xcodeversion 1.0 from /opt/local/var/macports/sources/rsync.macports.org/release/tarballs/ports/_resources/port1.0/group/xcodeversion-1.0.tcl
:debug:main adding the default universal variant
:debug:main Reading variant descriptions from /opt/local/var/macports/sources/rsync.macports.org/release/tarballs/ports/_resources/port1.0/variant_descriptions.conf
:debug:main Executing variant universal provides universal
:debug:main Running callback portconfigure::add_automatic_compiler_dependencies
:debug:main Finished running callback portconfigure::add_automatic_compiler_dependencies
:debug:main Running callback portbuild::add_automatic_buildsystem_dependencies
:debug:main Finished running callback portbuild::add_automatic_buildsystem_dependencies
:debug:main No need to upgrade! zlib 1.2.8_0 >= zlib 1.2.8_0
:debug:main epoch: in tree: 1 installed: 1
:debug:main openssl 1.0.2g_0 exists in the ports tree
:debug:main openssl 1.0.2g_0 +universal is the latest installed
:debug:main openssl 1.0.2g_0 +universal is active
:debug:main Merging existing variants '+universal' into variants
:debug:main new fully merged portvariants: universal +
:debug:main Changing to port directory: /opt/local/var/macports/sources/rsync.macports.org/release/tarballs/ports/devel/openssl
:debug:main OS darwin/15.4.0 (Mac OS X 10.11) arch i386
:debug:main Reading variant descriptions from /opt/local/var/macports/sources/rsync.macports.org/release/tarballs/ports/_resources/port1.0/variant_descriptions.conf
:debug:main Sourcing PortGroup muniversal 1.0 from /opt/local/var/macports/sources/rsync.macports.org/release/tarballs/ports/_resources/port1.0/group/muniversal-1.0.tcl
:debug:main universal variant already exists, so not adding the default one
:debug:main Executing variant universal provides universal
:debug:main Running callback portconfigure::add_automatic_compiler_dependencies
:debug:main Finished running callback portconfigure::add_automatic_compiler_dependencies
:debug:main Running callback portbuild::add_automatic_buildsystem_dependencies
:debug:main Finished running callback portbuild::add_automatic_buildsystem_dependencies
:debug:main No need to upgrade! openssl 1.0.2g_0 >= openssl 1.0.2g_0
:debug:main epoch: in tree: 0 installed: 0
:debug:main curl-ca-bundle 7.48.0_0 exists in the ports tree
:debug:main curl-ca-bundle 7.48.0_0  is the latest installed
:debug:main curl-ca-bundle 7.48.0_0  is active
:debug:main Merging existing variants '' into variants
:debug:main new fully merged portvariants: 
:debug:main Changing to port directory: /opt/local/var/macports/sources/rsync.macports.org/release/tarballs/ports/net/curl
:debug:main OS darwin/15.4.0 (Mac OS X 10.11) arch i386
:debug:main universal_variant is false, so not adding the default universal variant
:debug:main Running callback portconfigure::add_automatic_compiler_dependencies
:debug:main Finished running callback portconfigure::add_automatic_compiler_dependencies
:debug:main Running callback portbuild::add_automatic_buildsystem_dependencies
:debug:main Finished running callback portbuild::add_automatic_buildsystem_dependencies
:debug:main No need to upgrade! curl-ca-bundle 7.48.0_0 >= curl-ca-bundle 7.48.0_0
:debug:main epoch: in tree: 0 installed: 0
:debug:main bzip2 1.0.6_0 exists in the ports tree
:debug:main bzip2 1.0.6_0 +universal is the latest installed
:debug:main bzip2 1.0.6_0 +universal is active
:debug:main Merging existing variants '+universal' into variants
:debug:main new fully merged portvariants: universal +
:debug:main Changing to port directory: /opt/local/var/macports/sources/rsync.macports.org/release/tarballs/ports/archivers/bzip2
:debug:main OS darwin/15.4.0 (Mac OS X 10.11) arch i386
:debug:main Reading variant descriptions from /opt/local/var/macports/sources/rsync.macports.org/release/tarballs/ports/_resources/port1.0/variant_descriptions.conf
:debug:main universal variant already exists, so not adding the default one
:debug:main Executing variant universal provides universal
:debug:main Running callback portconfigure::add_automatic_compiler_dependencies
:debug:main Finished running callback portconfigure::add_automatic_compiler_dependencies
:debug:main Running callback portbuild::add_automatic_buildsystem_dependencies
:debug:main Finished running callback portbuild::add_automatic_buildsystem_dependencies
:debug:main No need to upgrade! bzip2 1.0.6_0 >= bzip2 1.0.6_0
:debug:main epoch: in tree: 0 installed: 0
:debug:main libarchive 3.1.2_2 exists in the ports tree
:debug:main libarchive 3.1.2_2  is the latest installed
:debug:main libarchive 3.1.2_2  is active
:debug:main Merging existing variants '' into variants
:debug:main new fully merged portvariants: 
:debug:main Changing to port directory: /opt/local/var/macports/sources/rsync.macports.org/release/tarballs/ports/archivers/libarchive
:debug:main OS darwin/15.4.0 (Mac OS X 10.11) arch i386
:debug:main adding the default universal variant
:debug:main Reading variant descriptions from /opt/local/var/macports/sources/rsync.macports.org/release/tarballs/ports/_resources/port1.0/variant_descriptions.conf
:debug:main Running callback portconfigure::add_automatic_compiler_dependencies
:debug:main Finished running callback portconfigure::add_automatic_compiler_dependencies
:debug:main Running callback portbuild::add_automatic_buildsystem_dependencies
:debug:main Finished running callback portbuild::add_automatic_buildsystem_dependencies
:debug:main No need to upgrade! libarchive 3.1.2_2 >= libarchive 3.1.2_2
:debug:main epoch: in tree: 0 installed: 0
:debug:main libxml2 2.9.2_2 exists in the ports tree
:debug:main libxml2 2.9.2_2  is the latest installed
:debug:main libxml2 2.9.2_2  is active
:debug:main Merging existing variants '' into variants
:debug:main new fully merged portvariants: 
:debug:main Changing to port directory: /opt/local/var/macports/sources/rsync.macports.org/release/tarballs/ports/textproc/libxml2
:debug:main OS darwin/15.4.0 (Mac OS X 10.11) arch i386
:debug:main adding the default universal variant
:debug:main Reading variant descriptions from /opt/local/var/macports/sources/rsync.macports.org/release/tarballs/ports/_resources/port1.0/variant_descriptions.conf
:debug:main Running callback portconfigure::add_automatic_compiler_dependencies
:debug:main Finished running callback portconfigure::add_automatic_compiler_dependencies
:debug:main Running callback portbuild::add_automatic_buildsystem_dependencies
:debug:main Finished running callback portbuild::add_automatic_buildsystem_dependencies
:debug:main No need to upgrade! libxml2 2.9.2_2 >= libxml2 2.9.2_2
:debug:main epoch: in tree: 0 installed: 0
:debug:main xz 5.2.2_0 exists in the ports tree
:debug:main xz 5.2.2_0 +universal is the latest installed
:debug:main xz 5.2.2_0 +universal is active
:debug:main Merging existing variants '+universal' into variants
:debug:main new fully merged portvariants: universal +
:debug:main Changing to port directory: /opt/local/var/macports/sources/rsync.macports.org/release/tarballs/ports/archivers/xz
:debug:main OS darwin/15.4.0 (Mac OS X 10.11) arch i386
:debug:main adding the default universal variant
:debug:main Reading variant descriptions from /opt/local/var/macports/sources/rsync.macports.org/release/tarballs/ports/_resources/port1.0/variant_descriptions.conf
:debug:main Executing variant universal provides universal
:debug:main Running callback portconfigure::add_automatic_compiler_dependencies
:debug:main Finished running callback portconfigure::add_automatic_compiler_dependencies
:debug:main Running callback portbuild::add_automatic_buildsystem_dependencies
:debug:main Finished running callback portbuild::add_automatic_buildsystem_dependencies
:debug:main No need to upgrade! xz 5.2.2_0 >= xz 5.2.2_0
:debug:main epoch: in tree: 0 installed: 0
:debug:main lzo2 2.09_0 exists in the ports tree
:debug:main lzo2 2.09_0  is the latest installed
:debug:main lzo2 2.09_0  is active
:debug:main Merging existing variants '' into variants
:debug:main new fully merged portvariants: 
:debug:main Changing to port directory: /opt/local/var/macports/sources/rsync.macports.org/release/tarballs/ports/archivers/lzo2
:debug:main OS darwin/15.4.0 (Mac OS X 10.11) arch i386
:debug:main Reading variant descriptions from /opt/local/var/macports/sources/rsync.macports.org/release/tarballs/ports/_resources/port1.0/variant_descriptions.conf
:debug:main Sourcing PortGroup muniversal 1.0 from /opt/local/var/macports/sources/rsync.macports.org/release/tarballs/ports/_resources/port1.0/group/muniversal-1.0.tcl
:debug:main universal variant already exists, so not adding the default one
:debug:main Running callback portconfigure::add_automatic_compiler_dependencies
:debug:main Finished running callback portconfigure::add_automatic_compiler_dependencies
:debug:main Running callback portbuild::add_automatic_buildsystem_dependencies
:debug:main Finished running callback portbuild::add_automatic_buildsystem_dependencies
:debug:main No need to upgrade! lzo2 2.09_0 >= lzo2 2.09_0
:debug:main epoch: in tree: 0 installed: 0
:debug:main libtool 2.4.6_2 exists in the ports tree
:debug:main libtool 2.4.6_2 +universal is the latest installed
:debug:main libtool 2.4.6_2 +universal is active
:debug:main Merging existing variants '+universal' into variants
:debug:main new fully merged portvariants: universal +
:debug:main Changing to port directory: /opt/local/var/macports/sources/rsync.macports.org/release/tarballs/ports/devel/libtool
:debug:main OS darwin/15.4.0 (Mac OS X 10.11) arch i386
:debug:main adding the default universal variant
:debug:main Reading variant descriptions from /opt/local/var/macports/sources/rsync.macports.org/release/tarballs/ports/_resources/port1.0/variant_descriptions.conf
:debug:main Executing variant universal provides universal
:debug:main Running callback portconfigure::add_automatic_compiler_dependencies
:debug:main Finished running callback portconfigure::add_automatic_compiler_dependencies
:debug:main Running callback portbuild::add_automatic_buildsystem_dependencies
:debug:main Finished running callback portbuild::add_automatic_buildsystem_dependencies
:debug:main No need to upgrade! libtool 2.4.6_2 >= libtool 2.4.6_2
:debug:main epoch: in tree: 0 installed: 0
:debug:main automake 1.15_1 exists in the ports tree
:debug:main automake 1.15_1  is the latest installed
:debug:main automake 1.15_1  is active
:debug:main Merging existing variants '' into variants
:debug:main new fully merged portvariants: 
:debug:main Changing to port directory: /opt/local/var/macports/sources/rsync.macports.org/release/tarballs/ports/devel/automake
:debug:main OS darwin/15.4.0 (Mac OS X 10.11) arch i386
:debug:main only one arch supported, so not adding the default universal variant
:debug:main Running callback portconfigure::add_automatic_compiler_dependencies
:debug:main Finished running callback portconfigure::add_automatic_compiler_dependencies
:debug:main Running callback portbuild::add_automatic_buildsystem_dependencies
:debug:main Finished running callback portbuild::add_automatic_buildsystem_dependencies
:debug:main No need to upgrade! automake 1.15_1 >= automake 1.15_1
:debug:main epoch: in tree: 0 installed: 0
:debug:main pkgconfig 0.29.1_0 exists in the ports tree
:debug:main pkgconfig 0.29.1_0 +universal is the latest installed
:debug:main pkgconfig 0.29.1_0 +universal is active
:debug:main Merging existing variants '+universal' into variants
:debug:main new fully merged portvariants: universal +
:debug:main Changing to port directory: /opt/local/var/macports/sources/rsync.macports.org/release/tarballs/ports/devel/pkgconfig
:debug:main OS darwin/15.4.0 (Mac OS X 10.11) arch i386
:debug:main adding the default universal variant
:debug:main Reading variant descriptions from /opt/local/var/macports/sources/rsync.macports.org/release/tarballs/ports/_resources/port1.0/variant_descriptions.conf
:debug:main Executing variant universal provides universal
:debug:main Running callback portconfigure::add_automatic_compiler_dependencies
:debug:main Finished running callback portconfigure::add_automatic_compiler_dependencies
:debug:main Running callback portbuild::add_automatic_buildsystem_dependencies
:debug:main Finished running callback portbuild::add_automatic_buildsystem_dependencies
:debug:main No need to upgrade! pkgconfig 0.29.1_0 >= pkgconfig 0.29.1_0
:debug:main epoch: in tree: 1 installed: 1
:debug:main autoconf 2.69_5 exists in the ports tree
:debug:main autoconf 2.69_5  is the latest installed
:debug:main autoconf 2.69_5  is active
:debug:main Merging existing variants '' into variants
:debug:main new fully merged portvariants: 
:debug:main Changing to port directory: /opt/local/var/macports/sources/rsync.macports.org/release/tarballs/ports/devel/autoconf
:debug:main OS darwin/15.4.0 (Mac OS X 10.11) arch i386
:debug:main only one arch supported, so not adding the default universal variant
:debug:main Running callback portconfigure::add_automatic_compiler_dependencies
:debug:main Finished running callback portconfigure::add_automatic_compiler_dependencies
:debug:main Running callback portbuild::add_automatic_buildsystem_dependencies
:debug:main Finished running callback portbuild::add_automatic_buildsystem_dependencies
:debug:main No need to upgrade! autoconf 2.69_5 >= autoconf 2.69_5
:debug:main epoch: in tree: 2 installed: 2
:debug:main gcc5 5.3.0_1 exists in the ports tree
:debug:main gcc5 5.3.0_1  is the latest installed
:debug:main gcc5 5.3.0_1  is active
:debug:main Merging existing variants '' into variants
:debug:main new fully merged portvariants: 
:debug:main Changing to port directory: /opt/local/var/macports/sources/rsync.macports.org/release/tarballs/ports/lang/gcc5
:debug:main OS darwin/15.4.0 (Mac OS X 10.11) arch i386
:debug:main Sourcing PortGroup select 1.0 from /opt/local/var/macports/sources/rsync.macports.org/release/tarballs/ports/_resources/port1.0/group/select-1.0.tcl
:debug:main Sourcing PortGroup compiler_blacklist_versions 1.0 from /opt/local/var/macports/sources/rsync.macports.org/release/tarballs/ports/_resources/port1.0/group/compiler_blacklist_versions-1.0.tcl
:debug:main compiler llvm-gcc-4.2 blacklisted because it's not installed or it doesn't work
:debug:main compiler clang 703.0.29 not blacklisted because it doesn't match {clang < 300}
:debug:main Reading variant descriptions from /opt/local/var/macports/sources/rsync.macports.org/release/tarballs/ports/_resources/port1.0/variant_descriptions.conf
:debug:main universal variant already exists, so not adding the default one
:debug:main Running callback portconfigure::add_automatic_compiler_dependencies
:debug:main Finished running callback portconfigure::add_automatic_compiler_dependencies
:debug:main Running callback portbuild::add_automatic_buildsystem_dependencies
:debug:main Finished running callback portbuild::add_automatic_buildsystem_dependencies
:debug:main No need to upgrade! gcc5 5.3.0_1 >= gcc5 5.3.0_1
:debug:main epoch: in tree: 0 installed: 0
:debug:main cctools 877.5_2 exists in the ports tree
:debug:main cctools 877.5_2 +llvm33 is the latest installed
:debug:main cctools 877.5_2 +llvm33 is active
:debug:main Merging existing variants '+llvm33' into variants
:debug:main new fully merged portvariants: llvm33 +
:debug:main Changing to port directory: /opt/local/var/macports/sources/rsync.macports.org/release/tarballs/ports/devel/cctools
:debug:main OS darwin/15.4.0 (Mac OS X 10.11) arch i386
:debug:main Reading variant descriptions from /opt/local/var/macports/sources/rsync.macports.org/release/tarballs/ports/_resources/port1.0/variant_descriptions.conf
:debug:main universal variant already exists, so not adding the default one
:debug:main Executing variant llvm33 provides llvm33
:debug:main Running callback portconfigure::add_automatic_compiler_dependencies
:debug:main Finished running callback portconfigure::add_automatic_compiler_dependencies
:debug:main Running callback portbuild::add_automatic_buildsystem_dependencies
:debug:main Finished running callback portbuild::add_automatic_buildsystem_dependencies
:debug:main No need to upgrade! cctools 877.5_2 >= cctools 877.5_2
:debug:main epoch: in tree: 1 installed: 1
:debug:main llvm-3.3 3.3_8 exists in the ports tree
:debug:main llvm-3.3 3.3_8  is the latest installed
:debug:main llvm-3.3 3.3_8  is active
:debug:main Merging existing variants '' into variants
:debug:main new fully merged portvariants: 
:debug:main Changing to port directory: /opt/local/var/macports/sources/rsync.macports.org/release/tarballs/ports/lang/llvm-3.3
:debug:main OS darwin/15.4.0 (Mac OS X 10.11) arch i386
:debug:main Sourcing PortGroup select 1.0 from /opt/local/var/macports/sources/rsync.macports.org/release/tarballs/ports/_resources/port1.0/group/select-1.0.tcl
:debug:main Reading variant descriptions from /opt/local/var/macports/sources/rsync.macports.org/release/tarballs/ports/_resources/port1.0/variant_descriptions.conf
:debug:main universal variant already exists, so not adding the default one
:debug:main Running callback portconfigure::add_automatic_compiler_dependencies
:debug:main Finished running callback portconfigure::add_automatic_compiler_dependencies
:debug:main Running callback portbuild::add_automatic_buildsystem_dependencies
:debug:main Finished running callback portbuild::add_automatic_buildsystem_dependencies
:debug:main No need to upgrade! llvm-3.3 3.3_8 >= llvm-3.3 3.3_8
:debug:main epoch: in tree: 0 installed: 0
:debug:main libffi 3.2.1_0 exists in the ports tree
:debug:main libffi 3.2.1_0  is the latest installed
:debug:main libffi 3.2.1_0  is active
:debug:main Merging existing variants '' into variants
:debug:main new fully merged portvariants: 
:debug:main Changing to port directory: /opt/local/var/macports/sources/rsync.macports.org/release/tarballs/ports/devel/libffi
:debug:main OS darwin/15.4.0 (Mac OS X 10.11) arch i386
:debug:main Reading variant descriptions from /opt/local/var/macports/sources/rsync.macports.org/release/tarballs/ports/_resources/port1.0/variant_descriptions.conf
:debug:main Sourcing PortGroup muniversal 1.0 from /opt/local/var/macports/sources/rsync.macports.org/release/tarballs/ports/_resources/port1.0/group/muniversal-1.0.tcl
:debug:main universal variant already exists, so not adding the default one
:debug:main Running callback portconfigure::add_automatic_compiler_dependencies
:debug:main Finished running callback portconfigure::add_automatic_compiler_dependencies
:debug:main Running callback portbuild::add_automatic_buildsystem_dependencies
:debug:main Finished running callback portbuild::add_automatic_buildsystem_dependencies
:debug:main No need to upgrade! libffi 3.2.1_0 >= libffi 3.2.1_0
:debug:main epoch: in tree: 0 installed: 0
:debug:main perl5 5.22.1_1 exists in the ports tree
:debug:main perl5 5.22.1_1 +perl5_22 is the latest installed
:debug:main perl5 5.22.1_1 +perl5_22 is active
:debug:main Merging existing variants '+perl5_22' into variants
:debug:main new fully merged portvariants: perl5_22 +
:debug:main Changing to port directory: /opt/local/var/macports/sources/rsync.macports.org/release/tarballs/ports/lang/perl5
:debug:main OS darwin/15.4.0 (Mac OS X 10.11) arch i386
:debug:main Re-registering default for configure.universal_args
:debug:main Sourcing PortGroup perl5 1.0 from /opt/local/var/macports/sources/rsync.macports.org/release/tarballs/ports/_resources/port1.0/group/perl5-1.0.tcl
:debug:main universal_variant is false, so not adding the default universal variant
:debug:main Executing variant perl5_22 provides perl5_22
:debug:main Running callback portconfigure::add_automatic_compiler_dependencies
:debug:main Finished running callback portconfigure::add_automatic_compiler_dependencies
:debug:main Running callback portbuild::add_automatic_buildsystem_dependencies
:debug:main Finished running callback portbuild::add_automatic_buildsystem_dependencies
:debug:main No need to upgrade! perl5 5.22.1_1 >= perl5 5.22.1_1
:debug:main epoch: in tree: 0 installed: 0
:debug:main perl5.22 5.22.1_1 exists in the ports tree
:debug:main perl5.22 5.22.1_1 +universal is the latest installed
:debug:main perl5.22 5.22.1_1 +universal is active
:debug:main Merging existing variants '+universal' into variants
:debug:main new fully merged portvariants: universal +
:debug:main Changing to port directory: /opt/local/var/macports/sources/rsync.macports.org/release/tarballs/ports/lang/perl5
:debug:main OS darwin/15.4.0 (Mac OS X 10.11) arch i386
:debug:main Re-registering default for configure.universal_args
:debug:main Sourcing PortGroup perl5 1.0 from /opt/local/var/macports/sources/rsync.macports.org/release/tarballs/ports/_resources/port1.0/group/perl5-1.0.tcl
:debug:main adding the default universal variant
:debug:main Reading variant descriptions from /opt/local/var/macports/sources/rsync.macports.org/release/tarballs/ports/_resources/port1.0/variant_descriptions.conf
:debug:main Executing variant universal provides universal
:debug:main Running callback portconfigure::add_automatic_compiler_dependencies
:debug:main Finished running callback portconfigure::add_automatic_compiler_dependencies
:debug:main Running callback portbuild::add_automatic_buildsystem_dependencies
:debug:main Finished running callback portbuild::add_automatic_buildsystem_dependencies
:debug:main No need to upgrade! perl5.22 5.22.1_1 >= perl5.22 5.22.1_1
:debug:main epoch: in tree: 0 installed: 0
:debug:main gdbm 1.11_1 exists in the ports tree
:debug:main gdbm 1.11_1 +universal is the latest installed
:debug:main gdbm 1.11_1 +universal is active
:debug:main Merging existing variants '+universal' into variants
:debug:main new fully merged portvariants: universal +
:debug:main Changing to port directory: /opt/local/var/macports/sources/rsync.macports.org/release/tarballs/ports/databases/gdbm
:debug:main OS darwin/15.4.0 (Mac OS X 10.11) arch i386
:debug:main adding the default universal variant
:debug:main Reading variant descriptions from /opt/local/var/macports/sources/rsync.macports.org/release/tarballs/ports/_resources/port1.0/variant_descriptions.conf
:debug:main Executing variant universal provides universal
:debug:main Running callback portconfigure::add_automatic_compiler_dependencies
:debug:main Finished running callback portconfigure::add_automatic_compiler_dependencies
:debug:main Running callback portbuild::add_automatic_buildsystem_dependencies
:debug:main Finished running callback portbuild::add_automatic_buildsystem_dependencies
:debug:main No need to upgrade! gdbm 1.11_1 >= gdbm 1.11_1
:debug:main epoch: in tree: 0 installed: 0
:debug:main llvm_select 1.0_0 exists in the ports tree
:debug:main llvm_select 1.0_0  is the latest installed
:debug:main llvm_select 1.0_0  is active
:debug:main Merging existing variants '' into variants
:debug:main new fully merged portvariants: 
:debug:main Changing to port directory: /opt/local/var/macports/sources/rsync.macports.org/release/tarballs/ports/sysutils/llvm_select
:debug:main OS darwin/15.4.0 (Mac OS X 10.11) arch i386
:debug:main Sourcing PortGroup select 1.0 from /opt/local/var/macports/sources/rsync.macports.org/release/tarballs/ports/_resources/port1.0/group/select-1.0.tcl
:debug:main universal_variant is false, so not adding the default universal variant
:debug:main Running callback portconfigure::add_automatic_compiler_dependencies
:debug:main Finished running callback portconfigure::add_automatic_compiler_dependencies
:debug:main Running callback portbuild::add_automatic_buildsystem_dependencies
:debug:main Finished running callback portbuild::add_automatic_buildsystem_dependencies
:debug:main No need to upgrade! llvm_select 1.0_0 >= llvm_select 1.0_0
:debug:main epoch: in tree: 0 installed: 0
:debug:main gmp 6.1.0_1 exists in the ports tree
:debug:main gmp 6.1.0_1  is the latest installed
:debug:main gmp 6.1.0_1  is active
:debug:main Merging existing variants '' into variants
:debug:main new fully merged portvariants: 
:debug:main Changing to port directory: /opt/local/var/macports/sources/rsync.macports.org/release/tarballs/ports/devel/gmp
:debug:main OS darwin/15.4.0 (Mac OS X 10.11) arch i386
:debug:main Reading variant descriptions from /opt/local/var/macports/sources/rsync.macports.org/release/tarballs/ports/_resources/port1.0/variant_descriptions.conf
:debug:main Sourcing PortGroup muniversal 1.0 from /opt/local/var/macports/sources/rsync.macports.org/release/tarballs/ports/_resources/port1.0/group/muniversal-1.0.tcl
:debug:main universal variant already exists, so not adding the default one
:debug:main Running callback portconfigure::add_automatic_compiler_dependencies
:debug:main Finished running callback portconfigure::add_automatic_compiler_dependencies
:debug:main Running callback portbuild::add_automatic_buildsystem_dependencies
:debug:main Finished running callback portbuild::add_automatic_buildsystem_dependencies
:debug:main No need to upgrade! gmp 6.1.0_1 >= gmp 6.1.0_1
:debug:main epoch: in tree: 2 installed: 2
:debug:main isl 0.14.1_0 exists in the ports tree
:debug:main isl 0.14.1_0  is the latest installed
:debug:main isl 0.14.1_0  is active
:debug:main Merging existing variants '' into variants
:debug:main new fully merged portvariants: 
:debug:main Changing to port directory: /opt/local/var/macports/sources/rsync.macports.org/release/tarballs/ports/devel/isl
:debug:main OS darwin/15.4.0 (Mac OS X 10.11) arch i386
:debug:main Reading variant descriptions from /opt/local/var/macports/sources/rsync.macports.org/release/tarballs/ports/_resources/port1.0/variant_descriptions.conf
:debug:main Sourcing PortGroup muniversal 1.0 from /opt/local/var/macports/sources/rsync.macports.org/release/tarballs/ports/_resources/port1.0/group/muniversal-1.0.tcl
:debug:main universal variant already exists, so not adding the default one
:debug:main Running callback portconfigure::add_automatic_compiler_dependencies
:debug:main Finished running callback portconfigure::add_automatic_compiler_dependencies
:debug:main Running callback portbuild::add_automatic_buildsystem_dependencies
:debug:main Finished running callback portbuild::add_automatic_buildsystem_dependencies
:debug:main No need to upgrade! isl 0.14.1_0 >= isl 0.14.1_0
:debug:main epoch: in tree: 2 installed: 2
:debug:main ld64 2_0 exists in the ports tree
:debug:main ld64 2_0  is the latest installed
:debug:main ld64 2_0  is active
:debug:main Merging existing variants '' into variants
:debug:main new fully merged portvariants: 
:debug:main Changing to port directory: /opt/local/var/macports/sources/rsync.macports.org/release/tarballs/ports/devel/ld64
:debug:main OS darwin/15.4.0 (Mac OS X 10.11) arch i386
:debug:main Sourcing PortGroup compiler_blacklist_versions 1.0 from /opt/local/var/macports/sources/rsync.macports.org/release/tarballs/ports/_resources/port1.0/group/compiler_blacklist_versions-1.0.tcl
:debug:main Reading variant descriptions from /opt/local/var/macports/sources/rsync.macports.org/release/tarballs/ports/_resources/port1.0/variant_descriptions.conf
:debug:main universal variant already exists, so not adding the default one
:debug:main Running callback portconfigure::add_automatic_compiler_dependencies
:debug:main Finished running callback portconfigure::add_automatic_compiler_dependencies
:debug:main Running callback portbuild::add_automatic_buildsystem_dependencies
:debug:main Finished running callback portbuild::add_automatic_buildsystem_dependencies
:debug:main No need to upgrade! ld64 2_0 >= ld64 2_0
:debug:main epoch: in tree: 2 installed: 2
:debug:main ld64-latest 253.3_2 exists in the ports tree
:debug:main ld64-latest 253.3_2 +llvm33 is the latest installed
:debug:main ld64-latest 253.3_2 +llvm33 is active
:debug:main Merging existing variants '+llvm33' into variants
:debug:main new fully merged portvariants: llvm33 +
:debug:main Changing to port directory: /opt/local/var/macports/sources/rsync.macports.org/release/tarballs/ports/devel/ld64
:debug:main OS darwin/15.4.0 (Mac OS X 10.11) arch i386
:debug:main Sourcing PortGroup compiler_blacklist_versions 1.0 from /opt/local/var/macports/sources/rsync.macports.org/release/tarballs/ports/_resources/port1.0/group/compiler_blacklist_versions-1.0.tcl
:debug:main compiler clang 703.0.29 not blacklisted because it doesn't match {clang < 300}
:debug:main Reading variant descriptions from /opt/local/var/macports/sources/rsync.macports.org/release/tarballs/ports/_resources/port1.0/variant_descriptions.conf
:debug:main universal variant already exists, so not adding the default one
:debug:main Executing variant llvm33 provides llvm33
:debug:main Running callback portconfigure::add_automatic_compiler_dependencies
:debug:main Finished running callback portconfigure::add_automatic_compiler_dependencies
:debug:main Running callback portbuild::add_automatic_buildsystem_dependencies
:debug:main Finished running callback portbuild::add_automatic_buildsystem_dependencies
:debug:main No need to upgrade! ld64-latest 253.3_2 >= ld64-latest 253.3_2
:debug:main epoch: in tree: 1 installed: 1
:debug:main libcxx 3.7.1_0 exists in the ports tree
:debug:main libcxx 3.7.1_0  is the latest installed
:debug:main libcxx 3.7.1_0  is active
:debug:main Merging existing variants '' into variants
:debug:main new fully merged portvariants: 
:debug:main Changing to port directory: /opt/local/var/macports/sources/rsync.macports.org/release/tarballs/ports/lang/libcxx
:debug:main OS darwin/15.4.0 (Mac OS X 10.11) arch i386
:debug:main Sourcing PortGroup compiler_blacklist_versions 1.0 from /opt/local/var/macports/sources/rsync.macports.org/release/tarballs/ports/_resources/port1.0/group/compiler_blacklist_versions-1.0.tcl
:debug:main Reading variant descriptions from /opt/local/var/macports/sources/rsync.macports.org/release/tarballs/ports/_resources/port1.0/variant_descriptions.conf
:debug:main universal variant already exists, so not adding the default one
:debug:main Running callback portconfigure::add_automatic_compiler_dependencies
:debug:main Finished running callback portconfigure::add_automatic_compiler_dependencies
:debug:main Running callback portbuild::add_automatic_buildsystem_dependencies
:debug:main Finished running callback portbuild::add_automatic_buildsystem_dependencies
:debug:main No need to upgrade! libcxx 3.7.1_0 >= libcxx 3.7.1_0
:debug:main epoch: in tree: 2 installed: 2
:debug:main libgcc 5.3.0_1 exists in the ports tree
:debug:main libgcc 5.3.0_1  is the latest installed
:debug:main libgcc 5.3.0_1  is active
:debug:main Merging existing variants '' into variants
:debug:main new fully merged portvariants: 
:debug:main Changing to port directory: /opt/local/var/macports/sources/rsync.macports.org/release/tarballs/ports/lang/gcc5
:debug:main OS darwin/15.4.0 (Mac OS X 10.11) arch i386
:debug:main Sourcing PortGroup select 1.0 from /opt/local/var/macports/sources/rsync.macports.org/release/tarballs/ports/_resources/port1.0/group/select-1.0.tcl
:debug:main Sourcing PortGroup compiler_blacklist_versions 1.0 from /opt/local/var/macports/sources/rsync.macports.org/release/tarballs/ports/_resources/port1.0/group/compiler_blacklist_versions-1.0.tcl
:debug:main compiler llvm-gcc-4.2 blacklisted because it's not installed or it doesn't work
:debug:main compiler clang 703.0.29 not blacklisted because it doesn't match {clang < 300}
:debug:main Reading variant descriptions from /opt/local/var/macports/sources/rsync.macports.org/release/tarballs/ports/_resources/port1.0/variant_descriptions.conf
:debug:main universal variant already exists, so not adding the default one
:debug:main Running callback portconfigure::add_automatic_compiler_dependencies
:debug:main Finished running callback portconfigure::add_automatic_compiler_dependencies
:debug:main Running callback portbuild::add_automatic_buildsystem_dependencies
:debug:main Finished running callback portbuild::add_automatic_buildsystem_dependencies
:debug:main No need to upgrade! libgcc 5.3.0_1 >= libgcc 5.3.0_1
:debug:main epoch: in tree: 0 installed: 0
:debug:main libmpc 1.0.3_0 exists in the ports tree
:debug:main libmpc 1.0.3_0  is the latest installed
:debug:main libmpc 1.0.3_0  is active
:debug:main Merging existing variants '' into variants
:debug:main new fully merged portvariants: 
:debug:main Changing to port directory: /opt/local/var/macports/sources/rsync.macports.org/release/tarballs/ports/devel/libmpc
:debug:main OS darwin/15.4.0 (Mac OS X 10.11) arch i386
:debug:main adding the default universal variant
:debug:main Reading variant descriptions from /opt/local/var/macports/sources/rsync.macports.org/release/tarballs/ports/_resources/port1.0/variant_descriptions.conf
:debug:main Running callback portconfigure::add_automatic_compiler_dependencies
:debug:main Finished running callback portconfigure::add_automatic_compiler_dependencies
:debug:main Running callback portbuild::add_automatic_buildsystem_dependencies
:debug:main Finished running callback portbuild::add_automatic_buildsystem_dependencies
:debug:main No need to upgrade! libmpc 1.0.3_0 >= libmpc 1.0.3_0
:debug:main epoch: in tree: 0 installed: 0
:debug:main mpfr 3.1.3_0 exists in the ports tree
:debug:main mpfr 3.1.3_0  is the latest installed
:debug:main mpfr 3.1.3_0  is active
:debug:main Merging existing variants '' into variants
:debug:main new fully merged portvariants: 
:debug:main Changing to port directory: /opt/local/var/macports/sources/rsync.macports.org/release/tarballs/ports/devel/mpfr
:debug:main OS darwin/15.4.0 (Mac OS X 10.11) arch i386
:debug:main Reading variant descriptions from /opt/local/var/macports/sources/rsync.macports.org/release/tarballs/ports/_resources/port1.0/variant_descriptions.conf
:debug:main Sourcing PortGroup muniversal 1.0 from /opt/local/var/macports/sources/rsync.macports.org/release/tarballs/ports/_resources/port1.0/group/muniversal-1.0.tcl
:debug:main Sourcing PortGroup compiler_blacklist_versions 1.0 from /opt/local/var/macports/sources/rsync.macports.org/release/tarballs/ports/_resources/port1.0/group/compiler_blacklist_versions-1.0.tcl
:debug:main compiler clang 703.0.29 not blacklisted because it doesn't match {clang == 211.10.1}
:debug:main universal variant already exists, so not adding the default one
:debug:main Running callback portconfigure::add_automatic_compiler_dependencies
:debug:main Finished running callback portconfigure::add_automatic_compiler_dependencies
:debug:main Running callback portbuild::add_automatic_buildsystem_dependencies
:debug:main Finished running callback portbuild::add_automatic_buildsystem_dependencies
:debug:main No need to upgrade! mpfr 3.1.3_0 >= mpfr 3.1.3_0
:debug:main epoch: in tree: 0 installed: 0
:debug:main gcc_select 0.1_8 exists in the ports tree
:debug:main gcc_select 0.1_8  is the latest installed
:debug:main gcc_select 0.1_8  is active
:debug:main Merging existing variants '' into variants
:debug:main new fully merged portvariants: 
:debug:main Changing to port directory: /opt/local/var/macports/sources/rsync.macports.org/release/tarballs/ports/sysutils/gcc_select
:debug:main OS darwin/15.4.0 (Mac OS X 10.11) arch i386
:debug:main Sourcing PortGroup select 1.0 from /opt/local/var/macports/sources/rsync.macports.org/release/tarballs/ports/_resources/port1.0/group/select-1.0.tcl
:debug:main universal_variant is false, so not adding the default universal variant
:debug:main Running callback portconfigure::add_automatic_compiler_dependencies
:debug:main Finished running callback portconfigure::add_automatic_compiler_dependencies
:debug:main Running callback portbuild::add_automatic_buildsystem_dependencies
:debug:main Finished running callback portbuild::add_automatic_buildsystem_dependencies
:debug:main No need to upgrade! gcc_select 0.1_8 >= gcc_select 0.1_8
:debug:main epoch: in tree: 0 installed: 0
:debug:main lp_solve 5.5.2.0_0 exists in the ports tree
:debug:main lp_solve 5.5.2.0_0  is the latest installed
:debug:main lp_solve 5.5.2.0_0  is active
:debug:main Merging existing variants '' into variants
:debug:main new fully merged portvariants: 
:debug:main Changing to port directory: /opt/local/var/macports/sources/rsync.macports.org/release/tarballs/ports/math/lp_solve
:debug:main OS darwin/15.4.0 (Mac OS X 10.11) arch i386
:debug:main Reading variant descriptions from /opt/local/var/macports/sources/rsync.macports.org/release/tarballs/ports/_resources/port1.0/variant_descriptions.conf
:debug:main Sourcing PortGroup muniversal 1.0 from /opt/local/var/macports/sources/rsync.macports.org/release/tarballs/ports/_resources/port1.0/group/muniversal-1.0.tcl
:debug:main universal variant already exists, so not adding the default one
:debug:main Running callback portconfigure::add_automatic_compiler_dependencies
:debug:main Finished running callback portconfigure::add_automatic_compiler_dependencies
:debug:main Running callback portbuild::add_automatic_buildsystem_dependencies
:debug:main Finished running callback portbuild::add_automatic_buildsystem_dependencies
:debug:main No need to upgrade! lp_solve 5.5.2.0_0 >= lp_solve 5.5.2.0_0
:debug:main epoch: in tree: 0 installed: 0
:debug:main omniORB 4.2.0_1 exists in the ports tree
:debug:main omniORB 4.2.0_1  is the latest installed
:debug:main omniORB 4.2.0_1  is active
:debug:main Merging existing variants '' into variants
:debug:main new fully merged portvariants: 
:debug:main Changing to port directory: /opt/local/var/macports/sources/rsync.macports.org/release/tarballs/ports/devel/omniORB
:debug:main OS darwin/15.4.0 (Mac OS X 10.11) arch i386
:debug:main Sourcing PortGroup conflicts_build 1.0 from /opt/local/var/macports/sources/rsync.macports.org/release/tarballs/ports/_resources/port1.0/group/conflicts_build-1.0.tcl
:debug:main universal_variant is false, so not adding the default universal variant
:debug:main Running callback portconfigure::add_automatic_compiler_dependencies
:debug:main Finished running callback portconfigure::add_automatic_compiler_dependencies
:debug:main Running callback portbuild::add_automatic_buildsystem_dependencies
:debug:main Finished running callback portbuild::add_automatic_buildsystem_dependencies
:debug:main No need to upgrade! omniORB 4.2.0_1 >= omniORB 4.2.0_1
:debug:main epoch: in tree: 2 installed: 2
:debug:main python27 2.7.11_2 exists in the ports tree
:debug:main python27 2.7.11_2 +universal is the latest installed
:debug:main python27 2.7.11_2 +universal is active
:debug:main Merging existing variants '+universal' into variants
:debug:main new fully merged portvariants: universal +
:debug:main Changing to port directory: /opt/local/var/macports/sources/rsync.macports.org/release/tarballs/ports/lang/python27
:debug:main OS darwin/15.4.0 (Mac OS X 10.11) arch i386
:debug:main Sourcing PortGroup select 1.0 from /opt/local/var/macports/sources/rsync.macports.org/release/tarballs/ports/_resources/port1.0/group/select-1.0.tcl
:debug:main Reading variant descriptions from /opt/local/var/macports/sources/rsync.macports.org/release/tarballs/ports/_resources/port1.0/variant_descriptions.conf
:debug:main universal variant already exists, so not adding the default one
:debug:main Executing variant universal provides universal
:debug:main Running callback portconfigure::add_automatic_compiler_dependencies
:debug:main Finished running callback portconfigure::add_automatic_compiler_dependencies
:debug:main Running callback portbuild::add_automatic_buildsystem_dependencies
:debug:main Finished running callback portbuild::add_automatic_buildsystem_dependencies
:debug:main No need to upgrade! python27 2.7.11_2 >= python27 2.7.11_2
:debug:main epoch: in tree: 0 installed: 0
:debug:main sqlite3 3.12.2_0 exists in the ports tree
:debug:main sqlite3 3.12.2_0 +universal is the latest installed
:debug:main sqlite3 3.12.2_0 +universal is active
:debug:main Merging existing variants '+universal' into variants
:debug:main new fully merged portvariants: universal +
:debug:main Changing to port directory: /opt/local/var/macports/sources/rsync.macports.org/release/tarballs/ports/databases/sqlite3
:debug:main OS darwin/15.4.0 (Mac OS X 10.11) arch i386
:debug:main adding the default universal variant
:debug:main Reading variant descriptions from /opt/local/var/macports/sources/rsync.macports.org/release/tarballs/ports/_resources/port1.0/variant_descriptions.conf
:debug:main Executing variant universal provides universal
:debug:main Running callback portconfigure::add_automatic_compiler_dependencies
:debug:main Finished running callback portconfigure::add_automatic_compiler_dependencies
:debug:main Running callback portbuild::add_automatic_buildsystem_dependencies
:debug:main Finished running callback portbuild::add_automatic_buildsystem_dependencies
:debug:main No need to upgrade! sqlite3 3.12.2_0 >= sqlite3 3.12.2_0
:debug:main epoch: in tree: 20090923 installed: 20090923
:debug:main libedit 20150325-3.1_0 exists in the ports tree
:debug:main libedit 20150325-3.1_0 +universal is the latest installed
:debug:main libedit 20150325-3.1_0 +universal is active
:debug:main Merging existing variants '+universal' into variants
:debug:main new fully merged portvariants: universal +
:debug:main Changing to port directory: /opt/local/var/macports/sources/rsync.macports.org/release/tarballs/ports/devel/libedit
:debug:main OS darwin/15.4.0 (Mac OS X 10.11) arch i386
:debug:main Reading variant descriptions from /opt/local/var/macports/sources/rsync.macports.org/release/tarballs/ports/_resources/port1.0/variant_descriptions.conf
:debug:main Sourcing PortGroup muniversal 1.0 from /opt/local/var/macports/sources/rsync.macports.org/release/tarballs/ports/_resources/port1.0/group/muniversal-1.0.tcl
:debug:main universal variant already exists, so not adding the default one
:debug:main Executing variant universal provides universal
:debug:main Running callback portconfigure::add_automatic_compiler_dependencies
:debug:main Finished running callback portconfigure::add_automatic_compiler_dependencies
:debug:main Running callback portbuild::add_automatic_buildsystem_dependencies
:debug:main Finished running callback portbuild::add_automatic_buildsystem_dependencies
:debug:main No need to upgrade! libedit 20150325-3.1_0 >= libedit 20150325-3.1_0
:debug:main epoch: in tree: 0 installed: 0
:debug:main db48 4.8.30_4 exists in the ports tree
:debug:main db48 4.8.30_4 +universal is the latest installed
:debug:main db48 4.8.30_4 +universal is active
:debug:main Merging existing variants '+universal' into variants
:debug:main new fully merged portvariants: universal +
:debug:main Changing to port directory: /opt/local/var/macports/sources/rsync.macports.org/release/tarballs/ports/databases/db48
:debug:main OS darwin/15.4.0 (Mac OS X 10.11) arch i386
:debug:main Reading variant descriptions from /opt/local/var/macports/sources/rsync.macports.org/release/tarballs/ports/_resources/port1.0/variant_descriptions.conf
:debug:main Sourcing PortGroup muniversal 1.0 from /opt/local/var/macports/sources/rsync.macports.org/release/tarballs/ports/_resources/port1.0/group/muniversal-1.0.tcl
:debug:main universal variant already exists, so not adding the default one
:debug:main Executing variant universal provides universal
:debug:main Running callback portconfigure::add_automatic_compiler_dependencies
:debug:main Finished running callback portconfigure::add_automatic_compiler_dependencies
:debug:main Running callback portbuild::add_automatic_buildsystem_dependencies
:debug:main Finished running callback portbuild::add_automatic_buildsystem_dependencies
:debug:main No need to upgrade! db48 4.8.30_4 >= db48 4.8.30_4
:debug:main epoch: in tree: 0 installed: 0
:debug:main readline 6.3.003_1 exists in the ports tree
:debug:main readline 6.3.003_1 +universal is the latest installed
:debug:main readline 6.3.003_1 +universal is active
:debug:main Merging existing variants '+universal' into variants
:debug:main new fully merged portvariants: universal +
:debug:main Changing to port directory: /opt/local/var/macports/sources/rsync.macports.org/release/tarballs/ports/devel/readline
:debug:main OS darwin/15.4.0 (Mac OS X 10.11) arch i386
:debug:main Reading variant descriptions from /opt/local/var/macports/sources/rsync.macports.org/release/tarballs/ports/_resources/port1.0/variant_descriptions.conf
:debug:main Sourcing PortGroup muniversal 1.0 from /opt/local/var/macports/sources/rsync.macports.org/release/tarballs/ports/_resources/port1.0/group/muniversal-1.0.tcl
:debug:main universal variant already exists, so not adding the default one
:debug:main Executing variant universal provides universal
:debug:main Running callback portconfigure::add_automatic_compiler_dependencies
:debug:main Finished running callback portconfigure::add_automatic_compiler_dependencies
:debug:main Running callback portbuild::add_automatic_buildsystem_dependencies
:debug:main Finished running callback portbuild::add_automatic_buildsystem_dependencies
:debug:main No need to upgrade! readline 6.3.003_1 >= readline 6.3.003_1
:debug:main epoch: in tree: 0 installed: 0
:debug:main python_select 0.3_6 exists in the ports tree
:debug:main python_select 0.3_6  is the latest installed
:debug:main python_select 0.3_6  is active
:debug:main Merging existing variants '' into variants
:debug:main new fully merged portvariants: 
:debug:main Changing to port directory: /opt/local/var/macports/sources/rsync.macports.org/release/tarballs/ports/sysutils/python_select
:debug:main OS darwin/15.4.0 (Mac OS X 10.11) arch i386
:debug:main Sourcing PortGroup select 1.0 from /opt/local/var/macports/sources/rsync.macports.org/release/tarballs/ports/_resources/port1.0/group/select-1.0.tcl
:debug:main universal_variant is false, so not adding the default universal variant
:debug:main Running callback portconfigure::add_automatic_compiler_dependencies
:debug:main Finished running callback portconfigure::add_automatic_compiler_dependencies
:debug:main Running callback portbuild::add_automatic_buildsystem_dependencies
:debug:main Finished running callback portbuild::add_automatic_buildsystem_dependencies
:debug:main No need to upgrade! python_select 0.3_6 >= python_select 0.3_6
:debug:main epoch: in tree: 0 installed: 0
:debug:main python2_select 0.0_1 exists in the ports tree
:debug:main python2_select 0.0_1  is the latest installed
:debug:main python2_select 0.0_1  is active
:debug:main Merging existing variants '' into variants
:debug:main new fully merged portvariants: 
:debug:main Changing to port directory: /opt/local/var/macports/sources/rsync.macports.org/release/tarballs/ports/sysutils/python2_select
:debug:main OS darwin/15.4.0 (Mac OS X 10.11) arch i386
:debug:main Sourcing PortGroup select 1.0 from /opt/local/var/macports/sources/rsync.macports.org/release/tarballs/ports/_resources/port1.0/group/select-1.0.tcl
:debug:main universal_variant is false, so not adding the default universal variant
:debug:main Running callback portconfigure::add_automatic_compiler_dependencies
:debug:main Finished running callback portconfigure::add_automatic_compiler_dependencies
:debug:main Running callback portbuild::add_automatic_buildsystem_dependencies
:debug:main Finished running callback portbuild::add_automatic_buildsystem_dependencies
:debug:main No need to upgrade! python2_select 0.0_1 >= python2_select 0.0_1
:debug:main epoch: in tree: 0 installed: 0
:debug:main qjson 0.8.1_1 exists in the ports tree
:debug:main qjson 0.8.1_1  is the latest installed
:debug:main qjson 0.8.1_1  is active
:debug:main Merging existing variants '' into variants
:debug:main new fully merged portvariants: 
:debug:main Changing to port directory: /opt/local/var/macports/sources/rsync.macports.org/release/tarballs/ports/devel/qjson
:debug:main OS darwin/15.4.0 (Mac OS X 10.11) arch i386
:debug:main Re-registering default for configure.dir
:debug:main Re-registering default for build.dir
:debug:main Sourcing PortGroup cmake 1.0 from /opt/local/var/macports/sources/rsync.macports.org/release/tarballs/ports/_resources/port1.0/group/cmake-1.0.tcl
:debug:main Sourcing PortGroup qt4 1.0 from /opt/local/var/macports/sources/rsync.macports.org/release/tarballs/ports/_resources/port1.0/group/qt4-1.0.tcl
:debug:main Sourcing PortGroup kde4 1.1 from /opt/local/var/macports/sources/rsync.macports.org/release/tarballs/ports/_resources/port1.0/group/kde4-1.1.tcl
:debug:main adding the default universal variant
:debug:main Reading variant descriptions from /opt/local/var/macports/sources/rsync.macports.org/release/tarballs/ports/_resources/port1.0/variant_descriptions.conf
:debug:main Running callback portconfigure::add_automatic_compiler_dependencies
:debug:main Finished running callback portconfigure::add_automatic_compiler_dependencies
:debug:main Running callback portbuild::add_automatic_buildsystem_dependencies
:debug:main Finished running callback portbuild::add_automatic_buildsystem_dependencies
:debug:main No need to upgrade! qjson 0.8.1_1 >= qjson 0.8.1_1
:debug:main epoch: in tree: 0 installed: 0
:debug:main qt4-mac 4.8.7_4 exists in the ports tree
:debug:main qt4-mac 4.8.7_4  is the latest installed
:debug:main qt4-mac 4.8.7_4  is active
:debug:main Merging existing variants '' into variants
:debug:main new fully merged portvariants: 
:debug:main Changing to port directory: /opt/local/var/macports/sources/rsync.macports.org/release/tarballs/ports/aqua/qt4-mac
:debug:main OS darwin/15.4.0 (Mac OS X 10.11) arch i386
:debug:main Sourcing PortGroup qt4 1.0 from /opt/local/var/macports/sources/rsync.macports.org/release/tarballs/ports/_resources/port1.0/group/qt4-1.0.tcl
:debug:main Sourcing PortGroup xcodeversion 1.0 from /opt/local/var/macports/sources/rsync.macports.org/release/tarballs/ports/_resources/port1.0/group/xcodeversion-1.0.tcl
:debug:main Sourcing PortGroup compiler_blacklist_versions 1.0 from /opt/local/var/macports/sources/rsync.macports.org/release/tarballs/ports/_resources/port1.0/group/compiler_blacklist_versions-1.0.tcl
:debug:main compiler clang 703.0.29 not blacklisted because it doesn't match { clang <= 318.0.61 }
:debug:main adding the default universal variant
:debug:main Reading variant descriptions from /opt/local/var/macports/sources/rsync.macports.org/release/tarballs/ports/_resources/port1.0/variant_descriptions.conf
:debug:main Running callback portconfigure::add_automatic_compiler_dependencies
:debug:main Finished running callback portconfigure::add_automatic_compiler_dependencies
:debug:main Running callback portbuild::add_automatic_buildsystem_dependencies
:debug:main Finished running callback portbuild::add_automatic_buildsystem_dependencies
:debug:main No need to upgrade! qt4-mac 4.8.7_4 >= qt4-mac 4.8.7_4
:debug:main epoch: in tree: 0 installed: 0
:debug:main dbus 1.10.8_0 exists in the ports tree
:debug:main dbus 1.10.8_0  is the latest installed
:debug:main dbus 1.10.8_0  is active
:debug:main Merging existing variants '' into variants
:debug:main new fully merged portvariants: 
:debug:main Changing to port directory: /opt/local/var/macports/sources/rsync.macports.org/release/tarballs/ports/devel/dbus
:debug:main OS darwin/15.4.0 (Mac OS X 10.11) arch i386
:debug:main Reading variant descriptions from /opt/local/var/macports/sources/rsync.macports.org/release/tarballs/ports/_resources/port1.0/variant_descriptions.conf
:debug:main Sourcing PortGroup muniversal 1.0 from /opt/local/var/macports/sources/rsync.macports.org/release/tarballs/ports/_resources/port1.0/group/muniversal-1.0.tcl
:debug:main universal variant already exists, so not adding the default one
:debug:main Running callback portconfigure::add_automatic_compiler_dependencies
:debug:main Finished running callback portconfigure::add_automatic_compiler_dependencies
:debug:main Running callback portbuild::add_automatic_buildsystem_dependencies
:debug:main Finished running callback portbuild::add_automatic_buildsystem_dependencies
:debug:main No need to upgrade! dbus 1.10.8_0 >= dbus 1.10.8_0
:debug:main epoch: in tree: 0 installed: 0
:debug:main tiff 4.0.6_1 exists in the ports tree
:debug:main tiff 4.0.6_1 +universal is the latest installed
:debug:main tiff 4.0.6_1 +universal is active
:debug:main Merging existing variants '+universal' into variants
:debug:main new fully merged portvariants: universal +
:debug:main Changing to port directory: /opt/local/var/macports/sources/rsync.macports.org/release/tarballs/ports/graphics/tiff
:debug:main OS darwin/15.4.0 (Mac OS X 10.11) arch i386
:debug:main Sourcing PortGroup xcodeversion 1.0 from /opt/local/var/macports/sources/rsync.macports.org/release/tarballs/ports/_resources/port1.0/group/xcodeversion-1.0.tcl
:debug:main Reading variant descriptions from /opt/local/var/macports/sources/rsync.macports.org/release/tarballs/ports/_resources/port1.0/variant_descriptions.conf
:debug:main Sourcing PortGroup muniversal 1.0 from /opt/local/var/macports/sources/rsync.macports.org/release/tarballs/ports/_resources/port1.0/group/muniversal-1.0.tcl
:debug:main universal variant already exists, so not adding the default one
:debug:main Executing variant universal provides universal
:debug:main Running callback portconfigure::add_automatic_compiler_dependencies
:debug:main Finished running callback portconfigure::add_automatic_compiler_dependencies
:debug:main Running callback portbuild::add_automatic_buildsystem_dependencies
:debug:main Finished running callback portbuild::add_automatic_buildsystem_dependencies
:debug:main No need to upgrade! tiff 4.0.6_1 >= tiff 4.0.6_1
:debug:main epoch: in tree: 0 installed: 0
:debug:main jpeg 9a_1 exists in the ports tree
:debug:main jpeg 9a_1 +universal is the latest installed
:debug:main jpeg 9a_1 +universal is active
:debug:main Merging existing variants '+universal' into variants
:debug:main new fully merged portvariants: universal +
:debug:main Changing to port directory: /opt/local/var/macports/sources/rsync.macports.org/release/tarballs/ports/graphics/jpeg
:debug:main OS darwin/15.4.0 (Mac OS X 10.11) arch i386
:debug:main adding the default universal variant
:debug:main Reading variant descriptions from /opt/local/var/macports/sources/rsync.macports.org/release/tarballs/ports/_resources/port1.0/variant_descriptions.conf
:debug:main Executing variant universal provides universal
:debug:main Running callback portconfigure::add_automatic_compiler_dependencies
:debug:main Finished running callback portconfigure::add_automatic_compiler_dependencies
:debug:main Running callback portbuild::add_automatic_buildsystem_dependencies
:debug:main Finished running callback portbuild::add_automatic_buildsystem_dependencies
:debug:main No need to upgrade! jpeg 9a_1 >= jpeg 9a_1
:debug:main epoch: in tree: 0 installed: 0
:debug:main libpng 1.6.21_0 exists in the ports tree
:debug:main libpng 1.6.21_0 +universal is the latest installed
:debug:main libpng 1.6.21_0 +universal is active
:debug:main Merging existing variants '+universal' into variants
:debug:main new fully merged portvariants: universal +
:debug:main Changing to port directory: /opt/local/var/macports/sources/rsync.macports.org/release/tarballs/ports/graphics/libpng
:debug:main OS darwin/15.4.0 (Mac OS X 10.11) arch i386
:debug:main adding the default universal variant
:debug:main Reading variant descriptions from /opt/local/var/macports/sources/rsync.macports.org/release/tarballs/ports/_resources/port1.0/variant_descriptions.conf
:debug:main Executing variant universal provides universal
:debug:main Running callback portconfigure::add_automatic_compiler_dependencies
:debug:main Finished running callback portconfigure::add_automatic_compiler_dependencies
:debug:main Running callback portbuild::add_automatic_buildsystem_dependencies
:debug:main Finished running callback portbuild::add_automatic_buildsystem_dependencies
:debug:main No need to upgrade! libpng 1.6.21_0 >= libpng 1.6.21_0
:debug:main epoch: in tree: 0 installed: 0
:debug:main libmng 2.0.3_0 exists in the ports tree
:debug:main libmng 2.0.3_0  is the latest installed
:debug:main libmng 2.0.3_0  is active
:debug:main Merging existing variants '' into variants
:debug:main new fully merged portvariants: 
:debug:main Changing to port directory: /opt/local/var/macports/sources/rsync.macports.org/release/tarballs/ports/graphics/libmng
:debug:main OS darwin/15.4.0 (Mac OS X 10.11) arch i386
:debug:main adding the default universal variant
:debug:main Reading variant descriptions from /opt/local/var/macports/sources/rsync.macports.org/release/tarballs/ports/_resources/port1.0/variant_descriptions.conf
:debug:main Running callback portconfigure::add_automatic_compiler_dependencies
:debug:main Finished running callback portconfigure::add_automatic_compiler_dependencies
:debug:main Running callback portbuild::add_automatic_buildsystem_dependencies
:debug:main Finished running callback portbuild::add_automatic_buildsystem_dependencies
:debug:main No need to upgrade! libmng 2.0.3_0 >= libmng 2.0.3_0
:debug:main epoch: in tree: 0 installed: 0
:debug:main lcms2 2.7_0 exists in the ports tree
:debug:main lcms2 2.7_0  is the latest installed
:debug:main lcms2 2.7_0  is active
:debug:main Merging existing variants '' into variants
:debug:main new fully merged portvariants: 
:debug:main Changing to port directory: /opt/local/var/macports/sources/rsync.macports.org/release/tarballs/ports/graphics/lcms2
:debug:main OS darwin/15.4.0 (Mac OS X 10.11) arch i386
:debug:main Reading variant descriptions from /opt/local/var/macports/sources/rsync.macports.org/release/tarballs/ports/_resources/port1.0/variant_descriptions.conf
:debug:main Sourcing PortGroup muniversal 1.0 from /opt/local/var/macports/sources/rsync.macports.org/release/tarballs/ports/_resources/port1.0/group/muniversal-1.0.tcl
:debug:main universal variant already exists, so not adding the default one
:debug:main Running callback portconfigure::add_automatic_compiler_dependencies
:debug:main Finished running callback portconfigure::add_automatic_compiler_dependencies
:debug:main Running callback portbuild::add_automatic_buildsystem_dependencies
:debug:main Finished running callback portbuild::add_automatic_buildsystem_dependencies
:debug:main No need to upgrade! lcms2 2.7_0 >= lcms2 2.7_0
:debug:main epoch: in tree: 0 installed: 0
:debug:main phonon 4.8.3_2 exists in the ports tree
:debug:main phonon 4.8.3_2  is the latest installed
:debug:main phonon 4.8.3_2  is active
:debug:main Merging existing variants '' into variants
:debug:main new fully merged portvariants: 
:debug:main Changing to port directory: /opt/local/var/macports/sources/rsync.macports.org/release/tarballs/ports/audio/phonon
:debug:main OS darwin/15.4.0 (Mac OS X 10.11) arch i386
:debug:main Sourcing PortGroup qt4 1.0 from /opt/local/var/macports/sources/rsync.macports.org/release/tarballs/ports/_resources/port1.0/group/qt4-1.0.tcl
:debug:main Re-registering default for configure.dir
:debug:main Re-registering default for build.dir
:debug:main Sourcing PortGroup cmake 1.0 from /opt/local/var/macports/sources/rsync.macports.org/release/tarballs/ports/_resources/port1.0/group/cmake-1.0.tcl
:debug:main adding the default universal variant
:debug:main Reading variant descriptions from /opt/local/var/macports/sources/rsync.macports.org/release/tarballs/ports/_resources/port1.0/variant_descriptions.conf
:debug:main Running callback portconfigure::add_automatic_compiler_dependencies
:debug:main Finished running callback portconfigure::add_automatic_compiler_dependencies
:debug:main Running callback portbuild::add_automatic_buildsystem_dependencies
:debug:main Finished running callback portbuild::add_automatic_buildsystem_dependencies
:debug:main No need to upgrade! phonon 4.8.3_2 >= phonon 4.8.3_2
:debug:main epoch: in tree: 0 installed: 0
:debug:main sundials 2.5.0_1 exists in the ports tree
:debug:main sundials 2.5.0_1 +mpich is the latest installed
:debug:main sundials 2.5.0_1 +mpich is active
:debug:main Merging existing variants '+mpich' into variants
:debug:main new fully merged portvariants: mpich +
:debug:main Changing to port directory: /opt/local/var/macports/sources/rsync.macports.org/release/tarballs/ports/math/sundials
:debug:main OS darwin/15.4.0 (Mac OS X 10.11) arch i386
:debug:main Sourcing PortGroup active_variants 1.1 from /opt/local/var/macports/sources/rsync.macports.org/release/tarballs/ports/_resources/port1.0/group/active_variants-1.1.tcl
:debug:main Sourcing PortGroup compilers 1.0 from /opt/local/var/macports/sources/rsync.macports.org/release/tarballs/ports/_resources/port1.0/group/compilers-1.0.tcl
:debug:main Sourcing PortGroup mpi 1.0 from /opt/local/var/macports/sources/rsync.macports.org/release/tarballs/ports/_resources/port1.0/group/mpi-1.0.tcl
:debug:main adding the default universal variant
:debug:main Reading variant descriptions from /opt/local/var/macports/sources/rsync.macports.org/release/tarballs/ports/_resources/port1.0/variant_descriptions.conf
:debug:main Executing variant mpich provides mpich
:debug:main Running callback portconfigure::add_automatic_compiler_dependencies
:debug:main Finished running callback portconfigure::add_automatic_compiler_dependencies
:debug:main Running callback portbuild::add_automatic_buildsystem_dependencies
:debug:main Finished running callback portbuild::add_automatic_buildsystem_dependencies
:debug:main No need to upgrade! sundials 2.5.0_1 >= sundials 2.5.0_1
:debug:main epoch: in tree: 0 installed: 0
:debug:main mpich-default 3.2_0 exists in the ports tree
:debug:main mpich-default 3.2_0 +gcc49 is the latest installed
:debug:main mpich-default 3.2_0 +gcc49 is active
:debug:main Merging existing variants '+gcc49' into variants
:debug:main new fully merged portvariants: gcc49 +
:debug:main Changing to port directory: /opt/local/var/macports/sources/rsync.macports.org/release/tarballs/ports/science/mpich
:debug:main OS darwin/15.4.0 (Mac OS X 10.11) arch i386
:debug:main Sourcing PortGroup compiler_blacklist_versions 1.0 from /opt/local/var/macports/sources/rsync.macports.org/release/tarballs/ports/_resources/port1.0/group/compiler_blacklist_versions-1.0.tcl
:debug:main Sourcing PortGroup select 1.0 from /opt/local/var/macports/sources/rsync.macports.org/release/tarballs/ports/_resources/port1.0/group/select-1.0.tcl
:debug:main Sourcing PortGroup active_variants 1.1 from /opt/local/var/macports/sources/rsync.macports.org/release/tarballs/ports/_resources/port1.0/group/active_variants-1.1.tcl
:debug:main Sourcing PortGroup compilers 1.0 from /opt/local/var/macports/sources/rsync.macports.org/release/tarballs/ports/_resources/port1.0/group/compilers-1.0.tcl
:debug:main compiler clang 703.0.29 not blacklisted because it doesn't match {clang >= 421.11.66 < 425.0.24}
:debug:main universal_variant is false, so not adding the default universal variant
:debug:main Executing variant gcc49 provides gcc49
:debug:main Running callback portconfigure::add_automatic_compiler_dependencies
:debug:main Finished running callback portconfigure::add_automatic_compiler_dependencies
:debug:main Running callback portbuild::add_automatic_buildsystem_dependencies
:debug:main Finished running callback portbuild::add_automatic_buildsystem_dependencies
:debug:main No need to upgrade! mpich-default 3.2_0 >= mpich-default 3.2_0
:debug:main epoch: in tree: 2 installed: 2
:debug:main gcc49 4.9.3_0 exists in the ports tree
:debug:main gcc49 4.9.3_0  is the latest installed
:debug:main gcc49 4.9.3_0  is active
:debug:main Merging existing variants '' into variants
:debug:main new fully merged portvariants: 
:debug:main Changing to port directory: /opt/local/var/macports/sources/rsync.macports.org/release/tarballs/ports/lang/gcc49
:debug:main OS darwin/15.4.0 (Mac OS X 10.11) arch i386
:debug:main Sourcing PortGroup select 1.0 from /opt/local/var/macports/sources/rsync.macports.org/release/tarballs/ports/_resources/port1.0/group/select-1.0.tcl
:debug:main Sourcing PortGroup compiler_blacklist_versions 1.0 from /opt/local/var/macports/sources/rsync.macports.org/release/tarballs/ports/_resources/port1.0/group/compiler_blacklist_versions-1.0.tcl
:debug:main compiler llvm-gcc-4.2 blacklisted because it's not installed or it doesn't work
:debug:main Reading variant descriptions from /opt/local/var/macports/sources/rsync.macports.org/release/tarballs/ports/_resources/port1.0/variant_descriptions.conf
:debug:main universal variant already exists, so not adding the default one
:debug:main Running callback portconfigure::add_automatic_compiler_dependencies
:debug:main Finished running callback portconfigure::add_automatic_compiler_dependencies
:debug:main Running callback portbuild::add_automatic_buildsystem_dependencies
:debug:main Finished running callback portbuild::add_automatic_buildsystem_dependencies
:debug:main No need to upgrade! gcc49 4.9.3_0 >= gcc49 4.9.3_0
:debug:main epoch: in tree: 1 installed: 1
:debug:main cloog 0.18.3_0 exists in the ports tree
:debug:main cloog 0.18.3_0  is the latest installed
:debug:main cloog 0.18.3_0  is active
:debug:main Merging existing variants '' into variants
:debug:main new fully merged portvariants: 
:debug:main Changing to port directory: /opt/local/var/macports/sources/rsync.macports.org/release/tarballs/ports/devel/cloog
:debug:main OS darwin/15.4.0 (Mac OS X 10.11) arch i386
:debug:main Reading variant descriptions from /opt/local/var/macports/sources/rsync.macports.org/release/tarballs/ports/_resources/port1.0/variant_descriptions.conf
:debug:main Sourcing PortGroup muniversal 1.0 from /opt/local/var/macports/sources/rsync.macports.org/release/tarballs/ports/_resources/port1.0/group/muniversal-1.0.tcl
:debug:main universal variant already exists, so not adding the default one
:debug:main Running callback portconfigure::add_automatic_compiler_dependencies
:debug:main Finished running callback portconfigure::add_automatic_compiler_dependencies
:debug:main Running callback portbuild::add_automatic_buildsystem_dependencies
:debug:main Finished running callback portbuild::add_automatic_buildsystem_dependencies
:debug:main No need to upgrade! cloog 0.18.3_0 >= cloog 0.18.3_0
:debug:main epoch: in tree: 0 installed: 0
:debug:main mpi_select 0.0_3 exists in the ports tree
:debug:main mpi_select 0.0_3  is the latest installed
:debug:main mpi_select 0.0_3  is active
:debug:main Merging existing variants '' into variants
:debug:main new fully merged portvariants: 
:debug:main Changing to port directory: /opt/local/var/macports/sources/rsync.macports.org/release/tarballs/ports/sysutils/mpi_select
:debug:main OS darwin/15.4.0 (Mac OS X 10.11) arch i386
:debug:main Sourcing PortGroup select 1.0 from /opt/local/var/macports/sources/rsync.macports.org/release/tarballs/ports/_resources/port1.0/group/select-1.0.tcl
:debug:main universal_variant is false, so not adding the default universal variant
:debug:main Running callback portconfigure::add_automatic_compiler_dependencies
:debug:main Finished running callback portconfigure::add_automatic_compiler_dependencies
:debug:main Running callback portbuild::add_automatic_buildsystem_dependencies
:debug:main Finished running callback portbuild::add_automatic_buildsystem_dependencies
:debug:main No need to upgrade! mpi_select 0.0_3 >= mpi_select 0.0_3
:debug:main epoch: in tree: 0 installed: 0
:debug:main mpi-doc 3.2_0 exists in the ports tree
:debug:main mpi-doc 3.2_0  is the latest installed
:debug:main mpi-doc 3.2_0  is active
:debug:main Merging existing variants '' into variants
:debug:main new fully merged portvariants: 
:debug:main Changing to port directory: /opt/local/var/macports/sources/rsync.macports.org/release/tarballs/ports/science/mpi-doc
:debug:main OS darwin/15.4.0 (Mac OS X 10.11) arch i386
:debug:main universal_variant is false, so not adding the default universal variant
:debug:main Running callback portconfigure::add_automatic_compiler_dependencies
:debug:main Finished running callback portconfigure::add_automatic_compiler_dependencies
:debug:main Running callback portbuild::add_automatic_buildsystem_dependencies
:debug:main Finished running callback portbuild::add_automatic_buildsystem_dependencies
:debug:main No need to upgrade! mpi-doc 3.2_0 >= mpi-doc 3.2_0
:debug:main epoch: in tree: 0 installed: 0
:debug:main qwt52 5.2.3_1 exists in the ports tree
:debug:main qwt52 5.2.3_1 +qt4 is the latest installed
:debug:main qwt52 5.2.3_1 +qt4 is active
:debug:main Merging existing variants '+qt4' into variants
:debug:main new fully merged portvariants: qt4 +
:debug:main Changing to port directory: /opt/local/var/macports/sources/rsync.macports.org/release/tarballs/ports/graphics/qwt
:debug:main OS darwin/15.4.0 (Mac OS X 10.11) arch i386
:debug:main Sourcing PortGroup qt4 1.0 from /opt/local/var/macports/sources/rsync.macports.org/release/tarballs/ports/_resources/port1.0/group/qt4-1.0.tcl
:debug:main adding the default universal variant
:debug:main Reading variant descriptions from /opt/local/var/macports/sources/rsync.macports.org/release/tarballs/ports/_resources/port1.0/variant_descriptions.conf
:debug:main Executing variant qt4 provides qt4
:debug:main Running callback portconfigure::add_automatic_compiler_dependencies
:debug:main Finished running callback portconfigure::add_automatic_compiler_dependencies
:debug:main Running callback portbuild::add_automatic_buildsystem_dependencies
:debug:main Finished running callback portbuild::add_automatic_buildsystem_dependencies
:debug:main No need to upgrade! qwt52 5.2.3_1 >= qwt52 5.2.3_1
:debug:main epoch: in tree: 0 installed: 0
:debug:main omlib-modelica-3.2.1 3.2.1-20160405-075407~git~maint-3.2.1-om1_0 exists in the ports tree
:debug:main omlib-modelica-3.2.1 3.2.1-20160405-075407~git~maint-3.2.1-om1_0  is the latest installed
:debug:main omlib-modelica-3.2.1 3.2.1-20160405-075407~git~maint-3.2.1-om1_0  is active
:debug:main Merging existing variants '' into variants
:debug:main new fully merged portvariants: 
:debug:main Changing to port directory: /opt/local/var/macports/sources/build.openmodelica.org/macports/lang/omlib-modelica-3.2.1
:debug:main OS darwin/15.4.0 (Mac OS X 10.11) arch i386
:debug:main universal_variant is false, so not adding the default universal variant
:debug:main Running callback portconfigure::add_automatic_compiler_dependencies
:debug:main Finished running callback portconfigure::add_automatic_compiler_dependencies
:debug:main Running callback portbuild::add_automatic_buildsystem_dependencies
:debug:main Finished running callback portbuild::add_automatic_buildsystem_dependencies
:debug:main No need to upgrade! omlib-modelica-3.2.1 3.2.1-20160405-075407~git~maint-3.2.1-om1_0 >= omlib-modelica-3.2.1 3.2.1-20160405-075407~git~maint-3.2.1-om1_0
:msg:main --->  Computing dependencies for openmodelica:info:main .:debug:main openmodelica has no conflicts
:debug:main Searching for dependency: gtime
:debug:main Found Dependency: receipt exists for gtime
:debug:main Searching for dependency: gsed
:debug:main Found Dependency: receipt exists for gsed
:debug:main Searching for dependency: cmake
:debug:main Found Dependency: receipt exists for cmake
:debug:main Searching for dependency: libtool
:debug:main Found Dependency: receipt exists for libtool
:debug:main Searching for dependency: automake
:debug:main Found Dependency: receipt exists for automake
:debug:main Searching for dependency: pkgconfig
:debug:main Found Dependency: receipt exists for pkgconfig
:debug:main Searching for dependency: autoconf
:debug:main Found Dependency: receipt exists for autoconf
:debug:main Searching for dependency: gcc5
:debug:main Found Dependency: receipt exists for gcc5
:debug:main Searching for dependency: lp_solve
:debug:main Found Dependency: receipt exists for lp_solve
:debug:main Searching for dependency: gettext
:debug:main Found Dependency: receipt exists for gettext
:debug:main Searching for dependency: omniorb
:debug:main Found Dependency: receipt exists for omniorb
:debug:main Searching for dependency: readline
:debug:main Found Dependency: receipt exists for readline
:debug:main Searching for dependency: qjson
:debug:main Found Dependency: receipt exists for qjson
:debug:main Searching for dependency: libgcc
:debug:main Found Dependency: receipt exists for libgcc
:debug:main Searching for dependency: sundials
:debug:main Found Dependency: receipt exists for sundials
:debug:main Searching for dependency: qt4-mac
:debug:main Found Dependency: receipt exists for qt4-mac
:debug:main Searching for dependency: qwt52
:debug:main Found Dependency: receipt exists for qwt52
:debug:main Searching for dependency: omlib-modelica-3.2.1
:debug:main Found Dependency: receipt exists for omlib-modelica-3.2.1
:msg:main 
:debug:main Executing org.macports.main (openmodelica)
:debug:main changing euid/egid - current euid: 0 - current egid: 0
:debug:main egid changed to: 501
:debug:main euid changed to: 503
:debug:main Skipping completed org.macports.archivefetch (openmodelica)
:debug:main Privilege de-escalation not attempted as not running as root.
:debug:main Skipping completed org.macports.fetch (openmodelica)
:debug:main Privilege de-escalation not attempted as not running as root.
:debug:main Skipping completed org.macports.checksum (openmodelica)
:debug:main Privilege de-escalation not attempted as not running as root.
:debug:main Skipping completed org.macports.extract (openmodelica)
:debug:main Privilege de-escalation not attempted as not running as root.
:debug:main Skipping completed org.macports.patch (openmodelica)
:debug:main Privilege de-escalation not attempted as not running as root.
:debug:main Skipping completed org.macports.configure (openmodelica)
:debug:main Privilege de-escalation not attempted as not running as root.
:debug:build build phase started at Sat Apr 30 11:36:40 CEST 2016
:notice:build --->  Building openmodelica
:debug:build Executing org.macports.build (openmodelica)
:debug:build Environment: 
CC_PRINT_OPTIONS='YES'
CC_PRINT_OPTIONS_FILE='/opt/local/var/macports/build/_opt_local_var_macports_sources_build.openmodelica.org_macports_lang_openmodelica/openmodelica/work/.CC_PRINT_OPTIONS'
CPATH='/opt/local/include'
LIBRARY_PATH='/opt/local/lib'
MACOSX_DEPLOYMENT_TARGET='10.11'
MOC='/opt/local/libexec/qt4/bin/moc'
PATH='/opt/local/libexec/qt4/bin:/opt/local/bin:/opt/local/sbin:/bin:/sbin:/usr/bin:/usr/sbin'
QMAKE='/opt/local/libexec/qt4/bin/qmake'
QMAKESPEC='macx-g++'
QTDIR='/opt/local/libexec/qt4'
:debug:build Assembled command: 'cd "/opt/local/var/macports/build/_opt_local_var_macports_sources_build.openmodelica.org_macports_lang_openmodelica/openmodelica/work/openmodelica_1.9.6" && /usr/bin/make -j4 -w'
:debug:build Executing command line:  cd "/opt/local/var/macports/build/_opt_local_var_macports_sources_build.openmodelica.org_macports_lang_openmodelica/openmodelica/work/openmodelica_1.9.6" && /usr/bin/make -j4 -w 
:info:build make: Entering directory `/opt/local/var/macports/build/_opt_local_var_macports_sources_build.openmodelica.org_macports_lang_openmodelica/openmodelica/work/openmodelica_1.9.6'
:info:build /Applications/Xcode.app/Contents/Developer/usr/bin/make -C OMCompiler 
:info:build make[1]: Entering directory `/opt/local/var/macports/build/_opt_local_var_macports_sources_build.openmodelica.org_macports_lang_openmodelica/openmodelica/work/openmodelica_1.9.6/OMCompiler'
:info:build Making build directories under /opt/local/var/macports/build/_opt_local_var_macports_sources_build.openmodelica.org_macports_lang_openmodelica/openmodelica/work/openmodelica_1.9.6/build
:info:build /Applications/Xcode.app/Contents/Developer/usr/bin/make bootstrap-dependencies interactive sim-dependencies
:info:build make[2]: Entering directory `/opt/local/var/macports/build/_opt_local_var_macports_sources_build.openmodelica.org_macports_lang_openmodelica/openmodelica/work/openmodelica_1.9.6/OMCompiler'
:info:build test -d 3rdParty/FMIL
:info:build Making build directories under /opt/local/var/macports/build/_opt_local_var_macports_sources_build.openmodelica.org_macports_lang_openmodelica/openmodelica/work/openmodelica_1.9.6/build
:info:build mkdir -p 3rdParty/FMIL/build
:info:build # Configure and build lis
:info:build test -d 3rdParty/Cdaskr/solver
:info:build (cd 3rdParty/FMIL/build && test -f Makefile || CC="/usr/bin/clang" CXX="/usr/bin/clang++" CFLAGS="-pipe -Os -arch x86_64 -fno-stack-protector" CPPFLAGS="-I/opt/local/include" CC="/usr/bin/clang" CXX="/usr/bin/clang++" CFLAGS="-pipe -Os -arch x86_64 -fno-stack-protector" CPPFLAGS="-I/opt/local/include" LDFLAGS="-Wl,-undefined -Wl,dynamic_lookup" cmake  -D CMAKE_AR:String="ar" -D FMILIB_BUILD_SHARED_LIB:Bool=ON -D FMILIB_BUILD_TESTS:Bool=OFF -D FMILIB_GENERATE_DOXYGEN_DOC:Bool=OFF -DCMAKE_COLOR_MAKEFILE:Bool=OFF -DFMILIB_INSTALL_PREFIX:String=../install .. -G "Unix Makefiles")
:info:build if ! test -f 3rdParty/lis-1.4.12/Makefile; then cd 3rdParty/lis-1.4.12 && autoconf && ./configure "--host=x86_64-apple-darwin15.4.0" --enable-shared --disable-static MPICC="false" CC="/usr/bin/clang" CXX="/usr/bin/clang++" CFLAGS="-pipe -Os -arch x86_64 -fno-stack-protector" CPPFLAGS="-I/opt/local/include" LDFLAGS="-L/opt/local/lib -Wl,-headerpad_max_install_names -arch x86_64 -Wl,-install_name,@rpath/liblis.dylib" && /Applications/Xcode.app/Contents/Developer/usr/bin/make clean; fi
:info:build (cd 3rdParty/Cdaskr/solver && make -f Makefile CC="/usr/bin/clang" CFLAGS="-pipe -Os -arch x86_64 -fno-stack-protector")
:info:build test -d 3rdParty/CMinpack
:info:build test -f 3rdParty/FMIL/build/libfmilib_shared.dylib || CC="/usr/bin/clang" CXX="/usr/bin/clang++" CFLAGS="-pipe -Os -arch x86_64 -fno-stack-protector" CPPFLAGS="-I/opt/local/include" /Applications/Xcode.app/Contents/Developer/usr/bin/make -C 3rdParty/FMIL/build
:info:build make[3]: Entering directory `/opt/local/var/macports/build/_opt_local_var_macports_sources_build.openmodelica.org_macports_lang_openmodelica/openmodelica/work/openmodelica_1.9.6/OMCompiler/3rdParty/Cdaskr/solver'
:info:build make[3]: Nothing to be done for `all'.
:info:build make[3]: Leaving directory `/opt/local/var/macports/build/_opt_local_var_macports_sources_build.openmodelica.org_macports_lang_openmodelica/openmodelica/work/openmodelica_1.9.6/OMCompiler/3rdParty/Cdaskr/solver'
:info:build mkdir -p 3rdParty/CMinpack/build
:info:build test -d 3rdParty/FMIL/install || /Applications/Xcode.app/Contents/Developer/usr/bin/make -C 3rdParty/FMIL/build install
:info:build /Applications/Xcode.app/Contents/Developer/usr/bin/make -C Compiler/Translation OMBUILDDIR=/opt/local/var/macports/build/_opt_local_var_macports_sources_build.openmodelica.org_macports_lang_openmodelica/openmodelica/work/openmodelica_1.9.6/build release
:info:build (cd 3rdParty/CMinpack/build && test -f Makefile || CC="/usr/bin/clang" CXX="/usr/bin/clang++" CFLAGS="-pipe -Os -arch x86_64 -fno-stack-protector" CPPFLAGS="-I/opt/local/include" CC="/usr/bin/clang" CXX="/usr/bin/clang++" CFLAGS="-pipe -Os -arch x86_64 -fno-stack-protector" CPPFLAGS="-I/opt/local/include" LDFLAGS="-Wl,-undefined -Wl,dynamic_lookup" cmake  -DCMAKE_VERBOSE_MAKEFILE:Bool=ON -D CMAKE_AR:String="ar" -DCMAKE_COLOR_MAKEFILE:Bool=OFF -DBUILD_SHARED_LIBS:Bool=ON -DCMAKE_INSTALL_PREFIX:String=../install -DCMINPACK_LIB_INSTALL_DIR:String=../install .. -G "Unix Makefiles")
:info:build make[3]: Entering directory `/opt/local/var/macports/build/_opt_local_var_macports_sources_build.openmodelica.org_macports_lang_openmodelica/openmodelica/work/openmodelica_1.9.6/OMCompiler/Compiler/Translation'
:info:build for locale in de sv es; do mkdir -p /opt/local/var/macports/build/_opt_local_var_macports_sources_build.openmodelica.org_macports_lang_openmodelica/openmodelica/work/openmodelica_1.9.6/build/share/locale//$locale/LC_MESSAGES && msgfmt -o/opt/local/var/macports/build/_opt_local_var_macports_sources_build.openmodelica.org_macports_lang_openmodelica/openmodelica/work/openmodelica_1.9.6/build/share/locale//$locale/LC_MESSAGES/openmodelica.mo $locale.po; done
:info:build test "(" ! `uname` = Darwin ")" -o "(" ! -f 3rdParty/FMIL/build/libfmilib_shared.dylib ")" || install_name_tool -id @rpath/libfmilib_shared.dylib 3rdParty/FMIL/build/libfmilib_shared.dylib
:info:build test -f 3rdParty/CMinpack/build/libcminpack.dylib || /Applications/Xcode.app/Contents/Developer/usr/bin/make -C 3rdParty/CMinpack/build
:info:build test ! `uname` = Darwin || install_name_tool -id @rpath/libcminpack.dylib 3rdParty/CMinpack/build/libcminpack.dylib
:info:build /Applications/Xcode.app/Contents/Developer/usr/bin/make -C 3rdParty/Ipopt
:info:build # copy dll/so to lib/x86_64-darwin15.4.0/omc/ folders
:info:build cp -pPR 3rdParty/FMIL/build/libfmilib_shared.dylib /opt/local/var/macports/build/_opt_local_var_macports_sources_build.openmodelica.org_macports_lang_openmodelica/openmodelica/work/openmodelica_1.9.6/build/lib/x86_64-darwin15.4.0/omc
:info:build make[3]: Entering directory `/opt/local/var/macports/build/_opt_local_var_macports_sources_build.openmodelica.org_macports_lang_openmodelica/openmodelica/work/openmodelica_1.9.6/OMCompiler/3rdParty/Ipopt'
:info:build (rm -f /opt/local/var/macports/build/_opt_local_var_macports_sources_build.openmodelica.org_macports_lang_openmodelica/openmodelica/work/openmodelica_1.9.6/build/lib/x86_64-darwin15.4.0/omc/libcminpack.dylib*)
:info:build test ! -f /opt/local/var/macports/build/_opt_local_var_macports_sources_build.openmodelica.org_macports_lang_openmodelica/openmodelica/work/openmodelica_1.9.6/build/lib/x86_64-darwin15.4.0/omc/libfmilib_shared.dylib || ln -sf libfmilib_shared.dylib /opt/local/var/macports/build/_opt_local_var_macports_sources_build.openmodelica.org_macports_lang_openmodelica/openmodelica/work/openmodelica_1.9.6/build/lib/x86_64-darwin15.4.0/omc/libfmilib.dylib
:info:build (cp -af 3rdParty/CMinpack/build/libcminpack.dylib* /opt/local/var/macports/build/_opt_local_var_macports_sources_build.openmodelica.org_macports_lang_openmodelica/openmodelica/work/openmodelica_1.9.6/build/lib/x86_64-darwin15.4.0/omc)
:info:build Making all in ThirdParty/Mumps
:info:build #TODO: Only copy required headers, add them in omc/fmi subfolder, and do not copy c/txt-files
:info:build #cp -rp 3rdParty/FMIL/install/include/* /opt/local/var/macports/build/_opt_local_var_macports_sources_build.openmodelica.org_macports_lang_openmodelica/openmodelica/work/openmodelica_1.9.6/build/include/omc
:info:build # Darwin has to be special always
:info:build make[4]: Entering directory `/opt/local/var/macports/build/_opt_local_var_macports_sources_build.openmodelica.org_macports_lang_openmodelica/openmodelica/work/openmodelica_1.9.6/OMCompiler/3rdParty/Ipopt/ThirdParty/Mumps'
:info:build /bin/sh ./../../libtool --tag=F77 --mode=compile /opt/local/bin/gfortran-mp-5  -I. -I`echo .`  -I`echo ./MUMPS/src` -I`echo ./MUMPS/libseq` -I`echo ./MUMPS/include`   -O3 -pipe    -c -o tools_common_mod.lo `test -f 'MUMPS/src/tools_common_mod.F' || echo './'`MUMPS/src/tools_common_mod.F
:info:build /Applications/Xcode.app/Contents/Developer/usr/bin/make -C SimulationRuntime/ParModelica/explicit/openclrt -f Makefile OMBUILDDIR=/opt/local/var/macports/build/_opt_local_var_macports_sources_build.openmodelica.org_macports_lang_openmodelica/openmodelica/work/openmodelica_1.9.6/build
:info:build (test ! `uname` = Darwin || cp -af 3rdParty/CMinpack/build/lib*.dylib /opt/local/var/macports/build/_opt_local_var_macports_sources_build.openmodelica.org_macports_lang_openmodelica/openmodelica/work/openmodelica_1.9.6/build/lib/x86_64-darwin15.4.0/omc)
:info:build make[3]: Entering directory `/opt/local/var/macports/build/_opt_local_var_macports_sources_build.openmodelica.org_macports_lang_openmodelica/openmodelica/work/openmodelica_1.9.6/OMCompiler/SimulationRuntime/ParModelica/explicit/openclrt'
:info:build mkdir -p /opt/local/var/macports/build/_opt_local_var_macports_sources_build.openmodelica.org_macports_lang_openmodelica/openmodelica/work/openmodelica_1.9.6/build/include/omc/c//ParModelica/explicit/openclrt/
:info:build cp -rp omc_ocl_interface.h /opt/local/var/macports/build/_opt_local_var_macports_sources_build.openmodelica.org_macports_lang_openmodelica/openmodelica/work/openmodelica_1.9.6/build/include/omc/c//ParModelica/explicit/openclrt/
:info:build cp -rp omc_ocl_common_header.h /opt/local/var/macports/build/_opt_local_var_macports_sources_build.openmodelica.org_macports_lang_openmodelica/openmodelica/work/openmodelica_1.9.6/build/include/omc/c//ParModelica/explicit/openclrt/
:info:build /bin/sh ./../../libtool --tag=F77 --mode=compile /opt/local/bin/gfortran-mp-5  -I. -I`echo .`  -I`echo ./MUMPS/src` -I`echo ./MUMPS/libseq` -I`echo ./MUMPS/include`   -O3 -pipe    -c -o dmumps_comm_buffer.lo `test -f 'MUMPS/src/dmumps_comm_buffer.F' || echo './'`MUMPS/src/dmumps_comm_buffer.F
:info:build cp -rp omc_ocl_memory_ops.h /opt/local/var/macports/build/_opt_local_var_macports_sources_build.openmodelica.org_macports_lang_openmodelica/openmodelica/work/openmodelica_1.9.6/build/include/omc/c//ParModelica/explicit/openclrt/
:info:build cp -rp libParModelicaExpl.a /opt/local/var/macports/build/_opt_local_var_macports_sources_build.openmodelica.org_macports_lang_openmodelica/openmodelica/work/openmodelica_1.9.6/build/lib/x86_64-darwin15.4.0/omc
:info:build cp -rp ParModelicaBuiltin.mo /opt/local/var/macports/build/_opt_local_var_macports_sources_build.openmodelica.org_macports_lang_openmodelica/openmodelica/work/openmodelica_1.9.6/build/lib/omc
:info:build make[3]: Leaving directory `/opt/local/var/macports/build/_opt_local_var_macports_sources_build.openmodelica.org_macports_lang_openmodelica/openmodelica/work/openmodelica_1.9.6/OMCompiler/Compiler/Translation'
:info:build (cp -p Examples/*.* /opt/local/var/macports/build/_opt_local_var_macports_sources_build.openmodelica.org_macports_lang_openmodelica/openmodelica/work/openmodelica_1.9.6/build/share/doc/omc/testmodels/)
:info:build cp -rp OCLRuntimeUtil.cl /opt/local/var/macports/build/_opt_local_var_macports_sources_build.openmodelica.org_macports_lang_openmodelica/openmodelica/work/openmodelica_1.9.6/build/include/omc/c//ParModelica/explicit/openclrt/
:info:build make[3]: Leaving directory `/opt/local/var/macports/build/_opt_local_var_macports_sources_build.openmodelica.org_macports_lang_openmodelica/openmodelica/work/openmodelica_1.9.6/OMCompiler/SimulationRuntime/ParModelica/explicit/openclrt'
:info:build /bin/sh ./../../libtool --tag=F77 --mode=compile /opt/local/bin/gfortran-mp-5  -I. -I`echo .`  -I`echo ./MUMPS/src` -I`echo ./MUMPS/libseq` -I`echo ./MUMPS/include`   -O3 -pipe    -c -o dmumps_struc_def.lo `test -f 'MUMPS/src/dmumps_struc_def.F' || echo './'`MUMPS/src/dmumps_struc_def.F
:info:build rm -f /opt/local/var/macports/build/_opt_local_var_macports_sources_build.openmodelica.org_macports_lang_openmodelica/openmodelica/work/openmodelica_1.9.6/build/share/doc/omc/testmodels/CMake*.txt
:info:build (cd 3rdParty/metis-5.1.0 && CC="/usr/bin/clang" CXX="/usr/bin/clang++" CFLAGS="-pipe -Os -arch x86_64 -fno-stack-protector" CPPFLAGS="-I/opt/local/include" LDFLAGS="-Wl,-undefined -Wl,dynamic_lookup" cmake  -DCMAKE_VERBOSE_MAKEFILE:Bool=ON -G "Unix Makefiles" && CC="/usr/bin/clang" CFLAGS="-pipe -Os -arch x86_64 -fno-stack-protector" make)
:info:build -- The C compiler identification is AppleClang 7.3.0.7030029
:info:build mkdir .libs
:info:build  /opt/local/bin/gfortran-mp-5 -I. -I. -I./MUMPS/src -I./MUMPS/libseq -I./MUMPS/include -O3 -pipe -c MUMPS/src/tools_common_mod.F  -fno-common -o .libs/tools_common_mod.o
:info:build  /opt/local/bin/gfortran-mp-5 -I. -I. -I./MUMPS/src -I./MUMPS/libseq -I./MUMPS/include -O3 -pipe -c MUMPS/src/dmumps_comm_buffer.F  -fno-common -o .libs/dmumps_comm_buffer.o
:info:build /bin/sh ./../../libtool --tag=F77 --mode=compile /opt/local/bin/gfortran-mp-5  -I. -I`echo .`  -I`echo ./MUMPS/src` -I`echo ./MUMPS/libseq` -I`echo ./MUMPS/include`   -O3 -pipe    -c -o mumps_ooc_common.lo `test -f 'MUMPS/src/mumps_ooc_common.F' || echo './'`MUMPS/src/mumps_ooc_common.F
:info:build  /opt/local/bin/gfortran-mp-5 -I. -I. -I./MUMPS/src -I./MUMPS/libseq -I./MUMPS/include -O3 -pipe -c MUMPS/src/dmumps_struc_def.F  -fno-common -o .libs/dmumps_struc_def.o
:info:build -- The CXX compiler identification is AppleClang 7.3.0.7030029
:info:build /bin/sh ./../../libtool --tag=F77 --mode=compile /opt/local/bin/gfortran-mp-5  -I. -I`echo .`  -I`echo ./MUMPS/src` -I`echo ./MUMPS/libseq` -I`echo ./MUMPS/include`   -O3 -pipe    -c -o mumps_static_mapping.lo `test -f 'MUMPS/src/mumps_static_mapping.F' || echo './'`MUMPS/src/mumps_static_mapping.F
:info:build -- Check for working C compiler: /Applications/Xcode.app/Contents/Developer/Toolchains/XcodeDefault.xctoolchain/usr/bin/clang
:info:build -- Check for working C compiler: /Applications/Xcode.app/Contents/Developer/Toolchains/XcodeDefault.xctoolchain/usr/bin/clang -- works
:info:build -- Detecting C compiler ABI info
:info:build  /opt/local/bin/gfortran-mp-5 -I. -I. -I./MUMPS/src -I./MUMPS/libseq -I./MUMPS/include -O3 -pipe -c MUMPS/src/mumps_ooc_common.F  -fno-common -o .libs/mumps_ooc_common.o
:info:build  /opt/local/bin/gfortran-mp-5 -I. -I. -I./MUMPS/src -I./MUMPS/libseq -I./MUMPS/include -O3 -pipe -c MUMPS/src/mumps_static_mapping.F  -fno-common -o .libs/mumps_static_mapping.o
:info:build -- Detecting C compiler ABI info - done
:info:build /bin/sh ./../../libtool --tag=F77 --mode=compile /opt/local/bin/gfortran-mp-5  -I. -I`echo .`  -I`echo ./MUMPS/src` -I`echo ./MUMPS/libseq` -I`echo ./MUMPS/include`   -O3 -pipe    -c -o mumps_sol_es.lo `test -f 'MUMPS/src/mumps_sol_es.F' || echo './'`MUMPS/src/mumps_sol_es.F
:info:build -- Detecting C compile features
:info:build  /opt/local/bin/gfortran-mp-5 -I. -I. -I./MUMPS/src -I./MUMPS/libseq -I./MUMPS/include -O3 -pipe -c MUMPS/src/mumps_sol_es.F  -fno-common -o .libs/mumps_sol_es.o
:info:build -- Detecting C compile features - done
:info:build -- Check for working CXX compiler: /Applications/Xcode.app/Contents/Developer/Toolchains/XcodeDefault.xctoolchain/usr/bin/clang++
:info:build /bin/sh ./../../libtool --tag=F77 --mode=compile /opt/local/bin/gfortran-mp-5  -I. -I`echo .`  -I`echo ./MUMPS/src` -I`echo ./MUMPS/libseq` -I`echo ./MUMPS/include`   -O3 -pipe    -c -o dmumps_part7.lo `test -f 'MUMPS/src/dmumps_part7.F' || echo './'`MUMPS/src/dmumps_part7.F
:info:build -- Check for working CXX compiler: /Applications/Xcode.app/Contents/Developer/Toolchains/XcodeDefault.xctoolchain/usr/bin/clang++ -- works
:info:build -- Detecting CXX compiler ABI info
:info:build -- Detecting CXX compiler ABI info - done
:info:build -- Detecting CXX compile features
:info:build  /opt/local/bin/gfortran-mp-5 -I. -I. -I./MUMPS/src -I./MUMPS/libseq -I./MUMPS/include -O3 -pipe -c MUMPS/src/dmumps_part7.F  -fno-common -o .libs/dmumps_part7.o
:info:build -- Detecting CXX compile features - done
:info:build -- checking for thread-local storage - found
:info:build -- Configuring done
:info:build -- Generating done
:info:build -- Build files have been written to: /opt/local/var/macports/build/_opt_local_var_macports_sources_build.openmodelica.org_macports_lang_openmodelica/openmodelica/work/openmodelica_1.9.6/OMCompiler/3rdParty/metis-5.1.0
:info:build make[3]: Entering directory `/opt/local/var/macports/build/_opt_local_var_macports_sources_build.openmodelica.org_macports_lang_openmodelica/openmodelica/work/openmodelica_1.9.6/OMCompiler/3rdParty/metis-5.1.0'
:info:build /opt/local/bin/cmake -H/opt/local/var/macports/build/_opt_local_var_macports_sources_build.openmodelica.org_macports_lang_openmodelica/openmodelica/work/openmodelica_1.9.6/OMCompiler/3rdParty/metis-5.1.0 -B/opt/local/var/macports/build/_opt_local_var_macports_sources_build.openmodelica.org_macports_lang_openmodelica/openmodelica/work/openmodelica_1.9.6/OMCompiler/3rdParty/metis-5.1.0 --check-build-system CMakeFiles/Makefile.cmake 0
:info:build /opt/local/bin/cmake -E cmake_progress_start /opt/local/var/macports/build/_opt_local_var_macports_sources_build.openmodelica.org_macports_lang_openmodelica/openmodelica/work/openmodelica_1.9.6/OMCompiler/3rdParty/metis-5.1.0/CMakeFiles /opt/local/var/macports/build/_opt_local_var_macports_sources_build.openmodelica.org_macports_lang_openmodelica/openmodelica/work/openmodelica_1.9.6/OMCompiler/3rdParty/metis-5.1.0/CMakeFiles/progress.marks
:info:build /bin/sh ./../../libtool --tag=F77 --mode=compile /opt/local/bin/gfortran-mp-5  -I. -I`echo .`  -I`echo ./MUMPS/src` -I`echo ./MUMPS/libseq` -I`echo ./MUMPS/include`   -O3 -pipe    -c -o mumps_part9.lo `test -f 'MUMPS/src/mumps_part9.F' || echo './'`MUMPS/src/mumps_part9.F
:info:build /Applications/Xcode.app/Contents/Developer/usr/bin/make -f CMakeFiles/Makefile2 all
:info:build make[4]: Entering directory `/opt/local/var/macports/build/_opt_local_var_macports_sources_build.openmodelica.org_macports_lang_openmodelica/openmodelica/work/openmodelica_1.9.6/OMCompiler/3rdParty/metis-5.1.0'
:info:build /Applications/Xcode.app/Contents/Developer/usr/bin/make -f libmetis/CMakeFiles/metis.dir/build.make libmetis/CMakeFiles/metis.dir/depend
:info:build make[5]: Entering directory `/opt/local/var/macports/build/_opt_local_var_macports_sources_build.openmodelica.org_macports_lang_openmodelica/openmodelica/work/openmodelica_1.9.6/OMCompiler/3rdParty/metis-5.1.0'
:info:build cd /opt/local/var/macports/build/_opt_local_var_macports_sources_build.openmodelica.org_macports_lang_openmodelica/openmodelica/work/openmodelica_1.9.6/OMCompiler/3rdParty/metis-5.1.0 && /opt/local/bin/cmake -E cmake_depends "Unix Makefiles" /opt/local/var/macports/build/_opt_local_var_macports_sources_build.openmodelica.org_macports_lang_openmodelica/openmodelica/work/openmodelica_1.9.6/OMCompiler/3rdParty/metis-5.1.0 /opt/local/var/macports/build/_opt_local_var_macports_sources_build.openmodelica.org_macports_lang_openmodelica/openmodelica/work/openmodelica_1.9.6/OMCompiler/3rdParty/metis-5.1.0/libmetis /opt/local/var/macports/build/_opt_local_var_macports_sources_build.openmodelica.org_macports_lang_openmodelica/openmodelica/work/openmodelica_1.9.6/OMCompiler/3rdParty/metis-5.1.0 /opt/local/var/macports/build/_opt_local_var_macports_sources_build.openmodelica.org_macports_lang_openmodelica/openmodelica/work/openmodelica_1.9.6/OMCompiler/3rdParty/metis-5.1.0/libmetis /opt/local/var/macports/build/_opt_local_var_macports_sources_build.openmodelica.org_macports_lang_openmodelica/openmodelica/work/openmodelica_1.9.6/OMCompiler/3rdParty/metis-5.1.0/libmetis/CMakeFiles/metis.dir/DependInfo.cmake --color=
:info:build make[5]: Leaving directory `/opt/local/var/macports/build/_opt_local_var_macports_sources_build.openmodelica.org_macports_lang_openmodelica/openmodelica/work/openmodelica_1.9.6/OMCompiler/3rdParty/metis-5.1.0'
:info:build /Applications/Xcode.app/Contents/Developer/usr/bin/make -f libmetis/CMakeFiles/metis.dir/build.make libmetis/CMakeFiles/metis.dir/build
:info:build make[5]: Entering directory `/opt/local/var/macports/build/_opt_local_var_macports_sources_build.openmodelica.org_macports_lang_openmodelica/openmodelica/work/openmodelica_1.9.6/OMCompiler/3rdParty/metis-5.1.0'
:info:build make[5]: Nothing to be done for `libmetis/CMakeFiles/metis.dir/build'.
:info:build make[5]: Leaving directory `/opt/local/var/macports/build/_opt_local_var_macports_sources_build.openmodelica.org_macports_lang_openmodelica/openmodelica/work/openmodelica_1.9.6/OMCompiler/3rdParty/metis-5.1.0'
:info:build [ 70%] Built target metis
:info:build /Applications/Xcode.app/Contents/Developer/usr/bin/make -f programs/CMakeFiles/gpmetis.dir/build.make programs/CMakeFiles/gpmetis.dir/depend
:info:build make[5]: Entering directory `/opt/local/var/macports/build/_opt_local_var_macports_sources_build.openmodelica.org_macports_lang_openmodelica/openmodelica/work/openmodelica_1.9.6/OMCompiler/3rdParty/metis-5.1.0'
:info:build cd /opt/local/var/macports/build/_opt_local_var_macports_sources_build.openmodelica.org_macports_lang_openmodelica/openmodelica/work/openmodelica_1.9.6/OMCompiler/3rdParty/metis-5.1.0 && /opt/local/bin/cmake -E cmake_depends "Unix Makefiles" /opt/local/var/macports/build/_opt_local_var_macports_sources_build.openmodelica.org_macports_lang_openmodelica/openmodelica/work/openmodelica_1.9.6/OMCompiler/3rdParty/metis-5.1.0 /opt/local/var/macports/build/_opt_local_var_macports_sources_build.openmodelica.org_macports_lang_openmodelica/openmodelica/work/openmodelica_1.9.6/OMCompiler/3rdParty/metis-5.1.0/programs /opt/local/var/macports/build/_opt_local_var_macports_sources_build.openmodelica.org_macports_lang_openmodelica/openmodelica/work/openmodelica_1.9.6/OMCompiler/3rdParty/metis-5.1.0 /opt/local/var/macports/build/_opt_local_var_macports_sources_build.openmodelica.org_macports_lang_openmodelica/openmodelica/work/openmodelica_1.9.6/OMCompiler/3rdParty/metis-5.1.0/programs /opt/local/var/macports/build/_opt_local_var_macports_sources_build.openmodelica.org_macports_lang_openmodelica/openmodelica/work/openmodelica_1.9.6/OMCompiler/3rdParty/metis-5.1.0/programs/CMakeFiles/gpmetis.dir/DependInfo.cmake --color=
:info:build make[5]: Leaving directory `/opt/local/var/macports/build/_opt_local_var_macports_sources_build.openmodelica.org_macports_lang_openmodelica/openmodelica/work/openmodelica_1.9.6/OMCompiler/3rdParty/metis-5.1.0'
:info:build /Applications/Xcode.app/Contents/Developer/usr/bin/make -f programs/CMakeFiles/gpmetis.dir/build.make programs/CMakeFiles/gpmetis.dir/build
:info:build make[5]: Entering directory `/opt/local/var/macports/build/_opt_local_var_macports_sources_build.openmodelica.org_macports_lang_openmodelica/openmodelica/work/openmodelica_1.9.6/OMCompiler/3rdParty/metis-5.1.0'
:info:build [ 71%] Linking C executable gpmetis
:info:build cd /opt/local/var/macports/build/_opt_local_var_macports_sources_build.openmodelica.org_macports_lang_openmodelica/openmodelica/work/openmodelica_1.9.6/OMCompiler/3rdParty/metis-5.1.0/programs && /opt/local/bin/cmake -E cmake_link_script CMakeFiles/gpmetis.dir/link.txt --verbose=1
:info:build /Applications/Xcode.app/Contents/Developer/Toolchains/XcodeDefault.xctoolchain/usr/bin/clang  -pipe -Os -arch x86_64 -fno-stack-protector  -DLINUX -D_FILE_OFFSET_BITS=64 -DNDEBUG -DNDEBUG2 -DHAVE_EXECINFO_H -DHAVE_GETLINE -O3 -isysroot /Applications/Xcode.app/Contents/Developer/Platforms/MacOSX.platform/Developer/SDKs/MacOSX10.11.sdk -mmacosx-version-min=10.11 -Wl,-search_paths_first -Wl,-headerpad_max_install_names  -Wl,-undefined -Wl,dynamic_lookup CMakeFiles/gpmetis.dir/gpmetis.c.o CMakeFiles/gpmetis.dir/cmdline_gpmetis.c.o CMakeFiles/gpmetis.dir/io.c.o CMakeFiles/gpmetis.dir/stat.c.o  -o gpmetis  -L/home/karypis/local/lib  ../libmetis/libmetis.a -lm -Wl,-rpath,/home/karypis/local/lib 
:info:build if /bin/sh ./../../libtool --tag=CC --mode=compile /usr/bin/clang  -I. -I`echo .`  -I`echo ./MUMPS/src` -I`echo ./MUMPS/libseq` -I`echo ./MUMPS/include`   -pipe -Os -arch x86_64 -fno-stack-protector   -DMUMPS_BUILD -DAdd_ -DWITHOUT_PTHREAD=1 -DALLOW_NON_INIT -DMUMPS_ARITH=MUMPS_ARITH_d -MT mumps_c.lo -MD -MP -MF ".deps/mumps_c.Tpo" -c -o mumps_c.lo `test -f 'MUMPS/src/mumps_c.c' || echo './'`MUMPS/src/mumps_c.c; \
:info:build 	then mv -f ".deps/mumps_c.Tpo" ".deps/mumps_c.Plo"; else rm -f ".deps/mumps_c.Tpo"; exit 1; fi
:info:build ld: warning: directory not found for option '-L/home/karypis/local/lib'
:info:build ld: in ../libmetis/libmetis.a(error.c.o), section __DATA/__thread_bss extends beyond end of file, for architecture x86_64
:info:build clang: error: linker command failed with exit code 1 (use -v to see invocation)
:info:build make[5]: *** [programs/gpmetis] Error 1
:info:build make[5]: Leaving directory `/opt/local/var/macports/build/_opt_local_var_macports_sources_build.openmodelica.org_macports_lang_openmodelica/openmodelica/work/openmodelica_1.9.6/OMCompiler/3rdParty/metis-5.1.0'
:info:build make[4]: *** [programs/CMakeFiles/gpmetis.dir/all] Error 2
:info:build make[4]: Leaving directory `/opt/local/var/macports/build/_opt_local_var_macports_sources_build.openmodelica.org_macports_lang_openmodelica/openmodelica/work/openmodelica_1.9.6/OMCompiler/3rdParty/metis-5.1.0'
:info:build make[3]: *** [all] Error 2
:info:build make[3]: Leaving directory `/opt/local/var/macports/build/_opt_local_var_macports_sources_build.openmodelica.org_macports_lang_openmodelica/openmodelica/work/openmodelica_1.9.6/OMCompiler/3rdParty/metis-5.1.0'
:info:build make[2]: *** [metis] Error 2
:info:build make[2]: *** Waiting for unfinished jobs....
:info:build if /bin/sh ./../../libtool --tag=CC --mode=compile /usr/bin/clang  -I. -I`echo .`  -I`echo ./MUMPS/src` -I`echo ./MUMPS/libseq` -I`echo ./MUMPS/include`   -pipe -Os -arch x86_64 -fno-stack-protector   -DMUMPS_BUILD -DAdd_ -DWITHOUT_PTHREAD=1 -DALLOW_NON_INIT -DMUMPS_ARITH=MUMPS_ARITH_d -MT mumps_common.lo -MD -MP -MF ".deps/mumps_common.Tpo" -c -o mumps_common.lo `test -f 'MUMPS/src/mumps_common.c' || echo './'`MUMPS/src/mumps_common.c; \
:info:build 	then mv -f ".deps/mumps_common.Tpo" ".deps/mumps_common.Plo"; else rm -f ".deps/mumps_common.Tpo"; exit 1; fi
:info:build  /opt/local/bin/gfortran-mp-5 -I. -I. -I./MUMPS/src -I./MUMPS/libseq -I./MUMPS/include -O3 -pipe -c MUMPS/src/mumps_part9.F  -fno-common -o .libs/mumps_part9.o
:info:build  /usr/bin/clang -I. -I. -I./MUMPS/src -I./MUMPS/libseq -I./MUMPS/include -pipe -Os -arch x86_64 -fno-stack-protector -DMUMPS_BUILD -DAdd_ -DWITHOUT_PTHREAD=1 -DALLOW_NON_INIT -DMUMPS_ARITH=MUMPS_ARITH_d -MT mumps_c.lo -MD -MP -MF .deps/mumps_c.Tpo -c MUMPS/src/mumps_c.c  -fno-common -DPIC -o .libs/mumps_c.o
:info:build  /usr/bin/clang -I. -I. -I./MUMPS/src -I./MUMPS/libseq -I./MUMPS/include -pipe -Os -arch x86_64 -fno-stack-protector -DMUMPS_BUILD -DAdd_ -DWITHOUT_PTHREAD=1 -DALLOW_NON_INIT -DMUMPS_ARITH=MUMPS_ARITH_d -MT mumps_common.lo -MD -MP -MF .deps/mumps_common.Tpo -c MUMPS/src/mumps_common.c  -fno-common -DPIC -o .libs/mumps_common.o
:info:build if /bin/sh ./../../libtool --tag=CC --mode=compile /usr/bin/clang  -I. -I`echo .`  -I`echo ./MUMPS/src` -I`echo ./MUMPS/libseq` -I`echo ./MUMPS/include`   -pipe -Os -arch x86_64 -fno-stack-protector   -DMUMPS_BUILD -DAdd_ -DWITHOUT_PTHREAD=1 -DALLOW_NON_INIT -DMUMPS_ARITH=MUMPS_ARITH_d -MT mumps_orderings.lo -MD -MP -MF ".deps/mumps_orderings.Tpo" -c -o mumps_orderings.lo `test -f 'MUMPS/src/mumps_orderings.c' || echo './'`MUMPS/src/mumps_orderings.c; \
:info:build 	then mv -f ".deps/mumps_orderings.Tpo" ".deps/mumps_orderings.Plo"; else rm -f ".deps/mumps_orderings.Tpo"; exit 1; fi
:info:build if /bin/sh ./../../libtool --tag=CC --mode=compile /usr/bin/clang  -I. -I`echo .`  -I`echo ./MUMPS/src` -I`echo ./MUMPS/libseq` -I`echo ./MUMPS/include`   -pipe -Os -arch x86_64 -fno-stack-protector   -DMUMPS_BUILD -DAdd_ -DWITHOUT_PTHREAD=1 -DALLOW_NON_INIT -DMUMPS_ARITH=MUMPS_ARITH_d -MT mumps_io.lo -MD -MP -MF ".deps/mumps_io.Tpo" -c -o mumps_io.lo `test -f 'MUMPS/src/mumps_io.c' || echo './'`MUMPS/src/mumps_io.c; \
:info:build 	then mv -f ".deps/mumps_io.Tpo" ".deps/mumps_io.Plo"; else rm -f ".deps/mumps_io.Tpo"; exit 1; fi
:info:build  /usr/bin/clang -I. -I. -I./MUMPS/src -I./MUMPS/libseq -I./MUMPS/include -pipe -Os -arch x86_64 -fno-stack-protector -DMUMPS_BUILD -DAdd_ -DWITHOUT_PTHREAD=1 -DALLOW_NON_INIT -DMUMPS_ARITH=MUMPS_ARITH_d -MT mumps_orderings.lo -MD -MP -MF .deps/mumps_orderings.Tpo -c MUMPS/src/mumps_orderings.c  -fno-common -DPIC -o .libs/mumps_orderings.o
:info:build  /usr/bin/clang -I. -I. -I./MUMPS/src -I./MUMPS/libseq -I./MUMPS/include -pipe -Os -arch x86_64 -fno-stack-protector -DMUMPS_BUILD -DAdd_ -DWITHOUT_PTHREAD=1 -DALLOW_NON_INIT -DMUMPS_ARITH=MUMPS_ARITH_d -MT mumps_io.lo -MD -MP -MF .deps/mumps_io.Tpo -c MUMPS/src/mumps_io.c  -fno-common -DPIC -o .libs/mumps_io.o
:info:build if /bin/sh ./../../libtool --tag=CC --mode=compile /usr/bin/clang  -I. -I`echo .`  -I`echo ./MUMPS/src` -I`echo ./MUMPS/libseq` -I`echo ./MUMPS/include`   -pipe -Os -arch x86_64 -fno-stack-protector   -DMUMPS_BUILD -DAdd_ -DWITHOUT_PTHREAD=1 -DALLOW_NON_INIT -DMUMPS_ARITH=MUMPS_ARITH_d -MT mumps_io_basic.lo -MD -MP -MF ".deps/mumps_io_basic.Tpo" -c -o mumps_io_basic.lo `test -f 'MUMPS/src/mumps_io_basic.c' || echo './'`MUMPS/src/mumps_io_basic.c; \
:info:build 	then mv -f ".deps/mumps_io_basic.Tpo" ".deps/mumps_io_basic.Plo"; else rm -f ".deps/mumps_io_basic.Tpo"; exit 1; fi
:info:build if /bin/sh ./../../libtool --tag=CC --mode=compile /usr/bin/clang  -I. -I`echo .`  -I`echo ./MUMPS/src` -I`echo ./MUMPS/libseq` -I`echo ./MUMPS/include`   -pipe -Os -arch x86_64 -fno-stack-protector   -DMUMPS_BUILD -DAdd_ -DWITHOUT_PTHREAD=1 -DALLOW_NON_INIT -DMUMPS_ARITH=MUMPS_ARITH_d -MT mumps_io_thread.lo -MD -MP -MF ".deps/mumps_io_thread.Tpo" -c -o mumps_io_thread.lo `test -f 'MUMPS/src/mumps_io_thread.c' || echo './'`MUMPS/src/mumps_io_thread.c; \
:info:build 	then mv -f ".deps/mumps_io_thread.Tpo" ".deps/mumps_io_thread.Plo"; else rm -f ".deps/mumps_io_thread.Tpo"; exit 1; fi
:info:build  /usr/bin/clang -I. -I. -I./MUMPS/src -I./MUMPS/libseq -I./MUMPS/include -pipe -Os -arch x86_64 -fno-stack-protector -DMUMPS_BUILD -DAdd_ -DWITHOUT_PTHREAD=1 -DALLOW_NON_INIT -DMUMPS_ARITH=MUMPS_ARITH_d -MT mumps_io_basic.lo -MD -MP -MF .deps/mumps_io_basic.Tpo -c MUMPS/src/mumps_io_basic.c  -fno-common -DPIC -o .libs/mumps_io_basic.o
:info:build  /usr/bin/clang -I. -I. -I./MUMPS/src -I./MUMPS/libseq -I./MUMPS/include -pipe -Os -arch x86_64 -fno-stack-protector -DMUMPS_BUILD -DAdd_ -DWITHOUT_PTHREAD=1 -DALLOW_NON_INIT -DMUMPS_ARITH=MUMPS_ARITH_d -MT mumps_io_thread.lo -MD -MP -MF .deps/mumps_io_thread.Tpo -c MUMPS/src/mumps_io_thread.c  -fno-common -DPIC -o .libs/mumps_io_thread.o
:info:build if /bin/sh ./../../libtool --tag=CC --mode=compile /usr/bin/clang  -I. -I`echo .`  -I`echo ./MUMPS/src` -I`echo ./MUMPS/libseq` -I`echo ./MUMPS/include`   -pipe -Os -arch x86_64 -fno-stack-protector   -DMUMPS_BUILD -DAdd_ -DWITHOUT_PTHREAD=1 -DALLOW_NON_INIT -DMUMPS_ARITH=MUMPS_ARITH_d -MT mumps_io_err.lo -MD -MP -MF ".deps/mumps_io_err.Tpo" -c -o mumps_io_err.lo `test -f 'MUMPS/src/mumps_io_err.c' || echo './'`MUMPS/src/mumps_io_err.c; \
:info:build 	then mv -f ".deps/mumps_io_err.Tpo" ".deps/mumps_io_err.Plo"; else rm -f ".deps/mumps_io_err.Tpo"; exit 1; fi
:info:build if /bin/sh ./../../libtool --tag=CC --mode=compile /usr/bin/clang  -I. -I`echo .`  -I`echo ./MUMPS/src` -I`echo ./MUMPS/libseq` -I`echo ./MUMPS/include`   -pipe -Os -arch x86_64 -fno-stack-protector   -DMUMPS_BUILD -DAdd_ -DWITHOUT_PTHREAD=1 -DALLOW_NON_INIT -DMUMPS_ARITH=MUMPS_ARITH_d -MT mumps_size.lo -MD -MP -MF ".deps/mumps_size.Tpo" -c -o mumps_size.lo `test -f 'MUMPS/src/mumps_size.c' || echo './'`MUMPS/src/mumps_size.c; \
:info:build 	then mv -f ".deps/mumps_size.Tpo" ".deps/mumps_size.Plo"; else rm -f ".deps/mumps_size.Tpo"; exit 1; fi
:info:build  /usr/bin/clang -I. -I. -I./MUMPS/src -I./MUMPS/libseq -I./MUMPS/include -pipe -Os -arch x86_64 -fno-stack-protector -DMUMPS_BUILD -DAdd_ -DWITHOUT_PTHREAD=1 -DALLOW_NON_INIT -DMUMPS_ARITH=MUMPS_ARITH_d -MT mumps_size.lo -MD -MP -MF .deps/mumps_size.Tpo -c MUMPS/src/mumps_size.c  -fno-common -DPIC -o .libs/mumps_size.o
:info:build  /usr/bin/clang -I. -I. -I./MUMPS/src -I./MUMPS/libseq -I./MUMPS/include -pipe -Os -arch x86_64 -fno-stack-protector -DMUMPS_BUILD -DAdd_ -DWITHOUT_PTHREAD=1 -DALLOW_NON_INIT -DMUMPS_ARITH=MUMPS_ARITH_d -MT mumps_io_err.lo -MD -MP -MF .deps/mumps_io_err.Tpo -c MUMPS/src/mumps_io_err.c  -fno-common -DPIC -o .libs/mumps_io_err.o
:info:build /bin/sh ./../../libtool --tag=F77 --mode=compile /opt/local/bin/gfortran-mp-5  -O3 -pipe    -c -o mpi.lo `test -f 'MUMPS/libseq/mpi.f' || echo './'`MUMPS/libseq/mpi.f
:info:build if /bin/sh ./../../libtool --tag=CC --mode=compile /usr/bin/clang  -I. -I`echo .`  -I`echo ./MUMPS/src` -I`echo ./MUMPS/libseq` -I`echo ./MUMPS/include`   -pipe -Os -arch x86_64 -fno-stack-protector   -DMUMPS_BUILD -DAdd_ -DWITHOUT_PTHREAD=1 -DALLOW_NON_INIT -DMUMPS_ARITH=MUMPS_ARITH_d -MT mpic.lo -MD -MP -MF ".deps/mpic.Tpo" -c -o mpic.lo `test -f 'MUMPS/libseq/mpic.c' || echo './'`MUMPS/libseq/mpic.c; \
:info:build 	then mv -f ".deps/mpic.Tpo" ".deps/mpic.Plo"; else rm -f ".deps/mpic.Tpo"; exit 1; fi
:info:build  /opt/local/bin/gfortran-mp-5 -O3 -pipe -c MUMPS/libseq/mpi.f  -fno-common -o .libs/mpi.o
:info:build MUMPS/libseq/mpi.f:601:33:
:info:build 
:info:build          CALL MUMPS_COPY_LOGICAL( SENDBUF, RECVBUF, COUNT )
:info:build                                  1
:info:build Warning: Type mismatch in argument 's' at (1); passed INTEGER(4) to LOGICAL(4)
:info:build MUMPS/libseq/mpi.f:603:30:
:info:build 
:info:build          CALL MUMPS_COPY_REAL( SENDBUF, RECVBUF, COUNT )
:info:build                               1
:info:build Warning: Type mismatch in argument 's' at (1); passed INTEGER(4) to REAL(4)
:info:build MUMPS/libseq/mpi.f:606:42:
:info:build 
:info:build          CALL MUMPS_COPY_DOUBLE_PRECISION( SENDBUF, RECVBUF, COUNT )
:info:build                                           1
:info:build Warning: Type mismatch in argument 's' at (1); passed INTEGER(4) to REAL(8)
:info:build MUMPS/libseq/mpi.f:608:33:
:info:build 
:info:build          CALL MUMPS_COPY_COMPLEX( SENDBUF, RECVBUF, COUNT )
:info:build                                  1
:info:build Warning: Type mismatch in argument 's' at (1); passed INTEGER(4) to COMPLEX(4)
:info:build MUMPS/libseq/mpi.f:610:40:
:info:build 
:info:build          CALL MUMPS_COPY_DOUBLE_COMPLEX( SENDBUF, RECVBUF, COUNT )
:info:build                                         1
:info:build Warning: Type mismatch in argument 's' at (1); passed INTEGER(4) to COMPLEX(8)
:info:build MUMPS/libseq/mpi.f:612:43:
:info:build 
:info:build          CALL MUMPS_COPY_2DOUBLE_PRECISION( SENDBUF, RECVBUF, COUNT )
:info:build                                            1
:info:build Warning: Type mismatch in argument 's' at (1); passed INTEGER(4) to REAL(8)
:info:build  /usr/bin/clang -I. -I. -I./MUMPS/src -I./MUMPS/libseq -I./MUMPS/include -pipe -Os -arch x86_64 -fno-stack-protector -DMUMPS_BUILD -DAdd_ -DWITHOUT_PTHREAD=1 -DALLOW_NON_INIT -DMUMPS_ARITH=MUMPS_ARITH_d -MT mpic.lo -MD -MP -MF .deps/mpic.Tpo -c MUMPS/libseq/mpic.c  -fno-common -DPIC -o .libs/mpic.o
:info:build if /bin/sh ./../../libtool --tag=CC --mode=compile /usr/bin/clang  -I. -I`echo .`  -I`echo ./MUMPS/src` -I`echo ./MUMPS/libseq` -I`echo ./MUMPS/include`   -pipe -Os -arch x86_64 -fno-stack-protector   -DMUMPS_BUILD -DAdd_ -DWITHOUT_PTHREAD=1 -DALLOW_NON_INIT -DMUMPS_ARITH=MUMPS_ARITH_d -MT elapse.lo -MD -MP -MF ".deps/elapse.Tpo" -c -o elapse.lo `test -f 'MUMPS/libseq/elapse.c' || echo './'`MUMPS/libseq/elapse.c; \
:info:build 	then mv -f ".deps/elapse.Tpo" ".deps/elapse.Plo"; else rm -f ".deps/elapse.Tpo"; exit 1; fi
:info:build  /usr/bin/clang -I. -I. -I./MUMPS/src -I./MUMPS/libseq -I./MUMPS/include -pipe -Os -arch x86_64 -fno-stack-protector -DMUMPS_BUILD -DAdd_ -DWITHOUT_PTHREAD=1 -DALLOW_NON_INIT -DMUMPS_ARITH=MUMPS_ARITH_d -MT elapse.lo -MD -MP -MF .deps/elapse.Tpo -c MUMPS/libseq/elapse.c  -fno-common -DPIC -o .libs/elapse.o
:info:build /bin/sh ./../../libtool --tag=F77 --mode=compile /opt/local/bin/gfortran-mp-5  -I. -I`echo .`  -I`echo ./MUMPS/src` -I`echo ./MUMPS/libseq` -I`echo ./MUMPS/include`   -O3 -pipe    -c -o dmumps_ooc_buffer.lo `test -f 'MUMPS/src/dmumps_ooc_buffer.F' || echo './'`MUMPS/src/dmumps_ooc_buffer.F
:info:build /bin/sh ./../../libtool --tag=F77 --mode=compile /opt/local/bin/gfortran-mp-5  -I. -I`echo .`  -I`echo ./MUMPS/src` -I`echo ./MUMPS/libseq` -I`echo ./MUMPS/include`   -O3 -pipe    -c -o dmumps_load.lo `test -f 'MUMPS/src/dmumps_load.F' || echo './'`MUMPS/src/dmumps_load.F
:info:build  /opt/local/bin/gfortran-mp-5 -I. -I. -I./MUMPS/src -I./MUMPS/libseq -I./MUMPS/include -O3 -pipe -c MUMPS/src/dmumps_ooc_buffer.F  -fno-common -o .libs/dmumps_ooc_buffer.o
:info:build  /opt/local/bin/gfortran-mp-5 -I. -I. -I./MUMPS/src -I./MUMPS/libseq -I./MUMPS/include -O3 -pipe -c MUMPS/src/dmumps_load.F  -fno-common -o .libs/dmumps_load.o
:info:build /bin/sh ./../../libtool --tag=F77 --mode=compile /opt/local/bin/gfortran-mp-5  -I. -I`echo .`  -I`echo ./MUMPS/src` -I`echo ./MUMPS/libseq` -I`echo ./MUMPS/include`   -O3 -pipe    -c -o dmumps_ooc.lo `test -f 'MUMPS/src/dmumps_ooc.F' || echo './'`MUMPS/src/dmumps_ooc.F
:info:build  /opt/local/bin/gfortran-mp-5 -I. -I. -I./MUMPS/src -I./MUMPS/libseq -I./MUMPS/include -O3 -pipe -c MUMPS/src/dmumps_ooc.F  -fno-common -o .libs/dmumps_ooc.o
:info:build /bin/sh ./../../libtool --tag=F77 --mode=compile /opt/local/bin/gfortran-mp-5  -I. -I`echo .`  -I`echo ./MUMPS/src` -I`echo ./MUMPS/libseq` -I`echo ./MUMPS/include`   -O3 -pipe    -c -o dmumps_part8.lo `test -f 'MUMPS/src/dmumps_part8.F' || echo './'`MUMPS/src/dmumps_part8.F
:info:build  /opt/local/bin/gfortran-mp-5 -I. -I. -I./MUMPS/src -I./MUMPS/libseq -I./MUMPS/include -O3 -pipe -c MUMPS/src/dmumps_part8.F  -fno-common -o .libs/dmumps_part8.o
:info:build MUMPS/src/dmumps_part8.F:545:36:
:info:build 
:info:build              CALL DMUMPS_535( MTYPE, id%ISOL_loc(1),
:info:build                                     1
:info:build Warning: Element of assumed-shaped or pointer array passed to array dummy argument 'isol_loc' at (1)
:info:build MUMPS/src/dmumps_part8.F:1224:36:
:info:build 
:info:build              CALL DMUMPS_535( MTYPE, id%ISOL_loc(1),
:info:build                                     1
:info:build Warning: Element of assumed-shaped or pointer array passed to array dummy argument 'isol_loc' at (1)
:info:build MUMPS/src/dmumps_part8.F:1756:32:
:info:build 
:info:build       &           id%MYID_NODES, id%PTLUST_S(1),
:info:build                                 1
:info:build Warning: Element of assumed-shaped or pointer array passed to array dummy argument 'ptrist' at (1)
:info:build MUMPS/src/dmumps_part8.F:1764:32:
:info:build 
:info:build       &           id%MYID_NODES, id%PTLUST_S(1),
:info:build                                 1
:info:build Warning: Element of assumed-shaped or pointer array passed to array dummy argument 'ptrist' at (1)
:info:build MUMPS/src/dmumps_part8.F:1796:23:
:info:build 
:info:build       &          MTYPE, RHS_MUMPS(IBEG), LD_RHS, NBRHS_EFF,
:info:build                        1
:info:build Warning: Element of assumed-shaped or pointer array passed to array dummy argument 'rhs' at (1)
:info:build MUMPS/src/dmumps_part8.F:1805:23:
:info:build 
:info:build       &          MTYPE, RHS_MUMPS(IBEG), LD_RHS, NBRHS_EFF,
:info:build                        1
:info:build Warning: Element of assumed-shaped or pointer array passed to array dummy argument 'rhs' at (1)
:info:build MUMPS/src/dmumps_part8.F:3753:13:
:info:build 
:info:build       &       root%IPIV(1), root%LPIV, MASTER_ROOT, MYID_NODES,
:info:build              1
:info:build Warning: Element of assumed-shaped or pointer array passed to array dummy argument 'ipiv' at (1)
:info:build MUMPS/src/dmumps_part8.F:2101:39:
:info:build 
:info:build          CALL DMUMPS_245(id%root, id%N, id%S(1), LA_PASSED,
:info:build                                        1
:info:build Warning: Element of assumed-shaped or pointer array passed to array dummy argument 'a' at (1)
:info:build MUMPS/src/dmumps_part8.F:2141:42:
:info:build 
:info:build             CALL DMUMPS_245(id%root, id%N, id%S(1), LA_PASSED,
:info:build                                           1
:info:build Warning: Element of assumed-shaped or pointer array passed to array dummy argument 'a' at (1)
:info:build MUMPS/src/dmumps_part8.F:2253:23:
:info:build 
:info:build       &          MTYPE, RHS_MUMPS(IBEG), LD_RHS, NBRHS_EFF,
:info:build                        1
:info:build Warning: Element of assumed-shaped or pointer array passed to array dummy argument 'rhs' at (1)
:info:build MUMPS/src/dmumps_part8.F:2264:16:
:info:build 
:info:build       &          RHS_MUMPS(IBEG), LD_RHS, NBRHS_EFF,
:info:build                 1
:info:build Warning: Element of assumed-shaped or pointer array passed to array dummy argument 'rhs' at (1)
:info:build MUMPS/src/dmumps_part8.F:2277:23:
:info:build 
:info:build       &          MTYPE, RHS_MUMPS(IBEG), LD_RHS, NBRHS_EFF,
:info:build                        1
:info:build Warning: Element of assumed-shaped or pointer array passed to array dummy argument 'rhs' at (1)
:info:build MUMPS/src/dmumps_part8.F:2287:16:
:info:build 
:info:build       &          RHS_MUMPS(IBEG), LD_RHS, NBRHS_EFF,
:info:build                 1
:info:build Warning: Element of assumed-shaped or pointer array passed to array dummy argument 'rhs' at (1)
:info:build MUMPS/src/dmumps_part8.F:2344:23:
:info:build 
:info:build       &          MTYPE, RHS_MUMPS(IBEG), LD_RHS, NBRHS_EFF,
:info:build                        1
:info:build Warning: Element of assumed-shaped or pointer array passed to array dummy argument 'rhs' at (1)
:info:build MUMPS/src/dmumps_part8.F:2707:49:
:info:build 
:info:build       &          JDUMMY, id%KEEP(1), id%KEEP8(1), id%PROCNODE_STEPS(1),
:info:build                                                  1
:info:build Warning: Element of assumed-shaped or pointer array passed to array dummy argument 'procnode_steps' at (1)
:info:build MUMPS/src/dmumps_part8.F:2715:16:
:info:build 
:info:build       &          id%PTLUST_S(1), id%KEEP(1), id%KEEP8(1),
:info:build                 1
:info:build Warning: Element of assumed-shaped or pointer array passed to array dummy argument 'ptrist' at (1)
:info:build MUMPS/src/dmumps_part8.F:2726:42:
:info:build 
:info:build            CALL DMUMPS_245( id%root, id%N, id%S(1), LA_PASSED,
:info:build                                           1
:info:build Warning: Element of assumed-shaped or pointer array passed to array dummy argument 'a' at (1)
:info:build MUMPS/src/dmumps_part8.F:2772:48:
:info:build 
:info:build       &          JDUMMY, id%KEEP(1),id%KEEP8(1), id%PROCNODE_STEPS(1),
:info:build                                                 1
:info:build Warning: Element of assumed-shaped or pointer array passed to array dummy argument 'procnode_steps' at (1)
:info:build MUMPS/src/dmumps_part8.F:2782:16:
:info:build 
:info:build       &          id%PTLUST_S(1), id%KEEP(1),id%KEEP8(1),
:info:build                 1
:info:build Warning: Element of assumed-shaped or pointer array passed to array dummy argument 'ptrist' at (1)
:info:build /bin/sh ./../../libtool --tag=F77 --mode=compile /opt/local/bin/gfortran-mp-5  -I. -I`echo .`  -I`echo ./MUMPS/src` -I`echo ./MUMPS/libseq` -I`echo ./MUMPS/include`   -O3 -pipe    -c -o dmumps_part2.lo `test -f 'MUMPS/src/dmumps_part2.F' || echo './'`MUMPS/src/dmumps_part2.F
:info:build /bin/sh ./../../libtool --tag=F77 --mode=compile /opt/local/bin/gfortran-mp-5  -I. -I`echo .`  -I`echo ./MUMPS/src` -I`echo ./MUMPS/libseq` -I`echo ./MUMPS/include`   -O3 -pipe    -c -o dmumps_part3.lo `test -f 'MUMPS/src/dmumps_part3.F' || echo './'`MUMPS/src/dmumps_part3.F
:info:build  /opt/local/bin/gfortran-mp-5 -I. -I. -I./MUMPS/src -I./MUMPS/libseq -I./MUMPS/include -O3 -pipe -c MUMPS/src/dmumps_part2.F  -fno-common -o .libs/dmumps_part2.o
:info:build  /opt/local/bin/gfortran-mp-5 -I. -I. -I./MUMPS/src -I./MUMPS/libseq -I./MUMPS/include -O3 -pipe -c MUMPS/src/dmumps_part3.F  -fno-common -o .libs/dmumps_part3.o
:info:build MUMPS/src/dmumps_part2.F:4416:31:
:info:build 
:info:build           CALL DMUMPS_557(id%N, IPE(1), NV(1), IPS(1), NE(1),
:info:build                                1
:info:build Warning: Element of assumed-shaped or pointer array passed to array dummy argument 'ipe' at (1)
:info:build MUMPS/src/dmumps_part2.F:4426:25:
:info:build 
:info:build           CALL DMUMPS_201(NE(1), ND(1), id%INFOG(6), id%INFOG(5),
:info:build                          1
:info:build Warning: Element of assumed-shaped or pointer array passed to array dummy argument 'ne' at (1)
:info:build MUMPS/src/dmumps_part2.F:4463:36:
:info:build 
:info:build                 CALL DMUMPS_97(id%N, FRERE(1), FILS(1),
:info:build                                     1
:info:build Warning: Element of assumed-shaped or pointer array passed to array dummy argument 'frere' at (1)
:info:build MUMPS/src/dmumps_part2.F:4475:33:
:info:build 
:info:build              CALL DMUMPS_97(id%N, FRERE(1), FILS(1), NFSIZ(1),
:info:build                                  1
:info:build Warning: Element of assumed-shaped or pointer array passed to array dummy argument 'frere' at (1)
:info:build MUMPS/src/dmumps_part2.F:2851:19:
:info:build 
:info:build       &        PERM,FLAG(1))
:info:build                    1
:info:build Warning: Element of assumed-shaped or pointer array passed to array dummy argument 'posi' at (1)
:info:build MUMPS/src/dmumps_part2.F:2854:19:
:info:build 
:info:build       &        PERM,FLAG(1))
:info:build                    1
:info:build Warning: Element of assumed-shaped or pointer array passed to array dummy argument 'posi' at (1)
:info:build MUMPS/src/dmumps_part3.F:6046:21:
:info:build 
:info:build       &               id%ELTVAR( IELTPTR ), id%A_ELT( RELTPTR ),
:info:build                      1
:info:build Warning: Element of assumed-shaped or pointer array passed to array dummy argument 'eltvar' at (1)
:info:build MUMPS/src/dmumps_part3.F:6064:17:
:info:build 
:info:build       &           id%ELTVAR(IELTPTR),
:info:build                  1
:info:build Warning: Element of assumed-shaped or pointer array passed to array dummy argument 'elnodes' at (1)
:info:build MUMPS/src/dmumps_part3.F:6072:17:
:info:build 
:info:build       &           id%ELTVAR(IELTPTR),
:info:build                  1
:info:build Warning: Element of assumed-shaped or pointer array passed to array dummy argument 'elnodes' at (1)
:info:build MUMPS/src/dmumps_part3.F:6104:17:
:info:build 
:info:build       &           id%ELTVAR(IELTPTR),
:info:build                  1
:info:build Warning: Element of assumed-shaped or pointer array passed to array dummy argument 'elnodes' at (1)
:info:build /bin/sh ./../../libtool --tag=F77 --mode=compile /opt/local/bin/gfortran-mp-5  -I. -I`echo .`  -I`echo ./MUMPS/src` -I`echo ./MUMPS/libseq` -I`echo ./MUMPS/include`   -O3 -pipe    -c -o dmumps_part4.lo `test -f 'MUMPS/src/dmumps_part4.F' || echo './'`MUMPS/src/dmumps_part4.F
:info:build  /opt/local/bin/gfortran-mp-5 -I. -I. -I./MUMPS/src -I./MUMPS/libseq -I./MUMPS/include -O3 -pipe -c MUMPS/src/dmumps_part4.F  -fno-common -o .libs/dmumps_part4.o
:info:build /bin/sh ./../../libtool --tag=F77 --mode=compile /opt/local/bin/gfortran-mp-5  -I. -I`echo .`  -I`echo ./MUMPS/src` -I`echo ./MUMPS/libseq` -I`echo ./MUMPS/include`   -O3 -pipe    -c -o dmumps_part6.lo `test -f 'MUMPS/src/dmumps_part6.F' || echo './'`MUMPS/src/dmumps_part6.F
:info:build  /opt/local/bin/gfortran-mp-5 -I. -I. -I./MUMPS/src -I./MUMPS/libseq -I./MUMPS/include -O3 -pipe -c MUMPS/src/dmumps_part6.F  -fno-common -o .libs/dmumps_part6.o
:info:build MUMPS/src/dmumps_part6.F:3575:14:
:info:build 
:info:build       &        root%SCHUR_POINTER(1),
:info:build               1
:info:build Warning: Element of assumed-shaped or pointer array passed to array dummy argument 'val_root' at (1)
:info:build MUMPS/src/dmumps_part6.F:3615:14:
:info:build 
:info:build       &        root%RG2L_ROW(1), root%RG2L_COL(1), INVERT,
:info:build               1
:info:build Warning: Element of assumed-shaped or pointer array passed to array dummy argument 'rg2l_row' at (1)
:info:build /bin/sh ./../../libtool --tag=F77 --mode=compile /opt/local/bin/gfortran-mp-5  -I. -I`echo .`  -I`echo ./MUMPS/src` -I`echo ./MUMPS/libseq` -I`echo ./MUMPS/include`   -O3 -pipe    -c -o dmumps_part1.lo `test -f 'MUMPS/src/dmumps_part1.F' || echo './'`MUMPS/src/dmumps_part1.F
:info:build /bin/sh ./../../libtool --tag=F77 --mode=compile /opt/local/bin/gfortran-mp-5  -I. -I`echo .`  -I`echo ./MUMPS/src` -I`echo ./MUMPS/libseq` -I`echo ./MUMPS/include`   -O3 -pipe    -c -o dmumps_part5.lo `test -f 'MUMPS/src/dmumps_part5.F' || echo './'`MUMPS/src/dmumps_part5.F
:info:build  /opt/local/bin/gfortran-mp-5 -I. -I. -I./MUMPS/src -I./MUMPS/libseq -I./MUMPS/include -O3 -pipe -c MUMPS/src/dmumps_part1.F  -fno-common -o .libs/dmumps_part1.o
:info:build  /opt/local/bin/gfortran-mp-5 -I. -I. -I./MUMPS/src -I./MUMPS/libseq -I./MUMPS/include -O3 -pipe -c MUMPS/src/dmumps_part5.F  -fno-common -o .libs/dmumps_part5.o
:info:build MUMPS/src/dmumps_part5.F:432:44:
:info:build 
:info:build                 CALL DMUMPS_564(id%KEEP(38), id%PROCNODE(1),
:info:build                                             1
:info:build Warning: Element of assumed-shaped or pointer array passed to array dummy argument 'procnode' at (1)
:info:build MUMPS/src/dmumps_part5.F:439:44:
:info:build 
:info:build              CALL DMUMPS_537(id%N,id%NSLAVES,ICNTL(1),
:info:build                                             1
:info:build Warning: Element of assumed-shaped or pointer array passed to array dummy argument 'icntl' at (1)
:info:build MUMPS/src/dmumps_part5.F:1311:14:
:info:build 
:info:build       &        id%CANDIDATES(1,1), id%I_AM_CAND(1) )
:info:build               1
:info:build Warning: Element of assumed-shaped or pointer array passed to array dummy argument 'candidates' at (1)
:info:build MUMPS/src/dmumps_part5.F:1668:20:
:info:build 
:info:build       &        id%N, id%MAPPING(1),
:info:build                     1
:info:build Warning: Element of assumed-shaped or pointer array passed to array dummy argument 'mapping' at (1)
:info:build MUMPS/src/dmumps_part5.F:5128:8:
:info:build 
:info:build       &  id%DBLARR(1), KEEP(13), id%INTARR(1),
:info:build         1
:info:build Warning: Element of assumed-shaped or pointer array passed to array dummy argument 'dblarr' at (1)
:info:build /bin/sh ./../../libtool --tag=F77 --mode=link /opt/local/bin/gfortran-mp-5  -O3 -pipe     -L/opt/local/var/macports/build/_opt_local_var_macports_sources_build.openmodelica.org_macports_lang_openmodelica/openmodelica/work/openmodelica_1.9.6/build/lib/x86_64-darwin15.4.0/omc -L/opt/local/lib -Wl,-headerpad_max_install_names -arch x86_64 -o libcoinmumps.la -rpath /opt/local/var/macports/build/_opt_local_var_macports_sources_build.openmodelica.org_macports_lang_openmodelica/openmodelica/work/openmodelica_1.9.6/OMCompiler/3rdParty/Ipopt/lib -no-undefined -version-info 6:2:5 tools_common_mod.lo dmumps_comm_buffer.lo dmumps_struc_def.lo mumps_ooc_common.lo mumps_static_mapping.lo dmumps_ooc_buffer.lo dmumps_load.lo dmumps_ooc.lo dmumps_part1.lo dmumps_part2.lo dmumps_part3.lo dmumps_part4.lo dmumps_part5.lo dmumps_part6.lo dmumps_part7.lo dmumps_part8.lo mumps_part9.lo mumps_sol_es.lo mumps_c.lo mumps_common.lo mumps_orderings.lo mumps_io.lo mumps_io_basic.lo mumps_io_thread.lo mumps_io_err.lo mumps_size.lo mpi.lo mpic.lo elapse.lo -llapack -lblas  -llapack -lblas  -L/opt/local/var/macports/build/_opt_local_var_macports_sources_build.openmodelica.org_macports_lang_openmodelica/openmodelica/work/openmodelica_1.9.6/build/lib/x86_64-darwin15.4.0/omc -L/opt/local/lib -L/opt/local/lib/gcc5/gcc/x86_64-apple-darwin15/5.3.0 -L/opt/local/lib/gcc5/gcc/x86_64-apple-darwin15/5.3.0/../../.. -lgfortran -lSystem -lquadmath -lm 
:info:build /opt/local/bin/gfortran-mp-5 -dynamiclib -single_module  -o .libs/libcoinmumps.1.5.2.dylib  .libs/tools_common_mod.o .libs/dmumps_comm_buffer.o .libs/dmumps_struc_def.o .libs/mumps_ooc_common.o .libs/mumps_static_mapping.o .libs/dmumps_ooc_buffer.o .libs/dmumps_load.o .libs/dmumps_ooc.o .libs/dmumps_part1.o .libs/dmumps_part2.o .libs/dmumps_part3.o .libs/dmumps_part4.o .libs/dmumps_part5.o .libs/dmumps_part6.o .libs/dmumps_part7.o .libs/dmumps_part8.o .libs/mumps_part9.o .libs/mumps_sol_es.o .libs/mumps_c.o .libs/mumps_common.o .libs/mumps_orderings.o .libs/mumps_io.o .libs/mumps_io_basic.o .libs/mumps_io_thread.o .libs/mumps_io_err.o .libs/mumps_size.o .libs/mpi.o .libs/mpic.o .libs/elapse.o  -L/opt/local/var/macports/build/_opt_local_var_macports_sources_build.openmodelica.org_macports_lang_openmodelica/openmodelica/work/openmodelica_1.9.6/build/lib/x86_64-darwin15.4.0/omc -L/opt/local/lib -llapack -lblas -L/opt/local/lib/gcc5/gcc/x86_64-apple-darwin15/5.3.0 -L/opt/local/lib/gcc5/gcc/x86_64-apple-darwin15/5.3.0/../../.. -lgfortran -lSystem -lquadmath -lm  -Wl,-headerpad_max_install_names -arch x86_64 -install_name  /opt/local/var/macports/build/_opt_local_var_macports_sources_build.openmodelica.org_macports_lang_openmodelica/openmodelica/work/openmodelica_1.9.6/OMCompiler/3rdParty/Ipopt/lib/libcoinmumps.1.dylib -compatibility_version 7 -current_version 7.2
:info:build (cd .libs && rm -f libcoinmumps.1.dylib && ln -s libcoinmumps.1.5.2.dylib libcoinmumps.1.dylib)
:info:build (cd .libs && rm -f libcoinmumps.dylib && ln -s libcoinmumps.1.5.2.dylib libcoinmumps.dylib)
:info:build creating libcoinmumps.la
:info:build (cd .libs && rm -f libcoinmumps.la && ln -s ../libcoinmumps.la libcoinmumps.la)
:info:build make[4]: Leaving directory `/opt/local/var/macports/build/_opt_local_var_macports_sources_build.openmodelica.org_macports_lang_openmodelica/openmodelica/work/openmodelica_1.9.6/OMCompiler/3rdParty/Ipopt/ThirdParty/Mumps'
:info:build Making all in Ipopt
:info:build make[4]: Entering directory `/opt/local/var/macports/build/_opt_local_var_macports_sources_build.openmodelica.org_macports_lang_openmodelica/openmodelica/work/openmodelica_1.9.6/OMCompiler/3rdParty/Ipopt/Ipopt'
:info:build Making all in src/Common
:info:build make[5]: Entering directory `/opt/local/var/macports/build/_opt_local_var_macports_sources_build.openmodelica.org_macports_lang_openmodelica/openmodelica/work/openmodelica_1.9.6/OMCompiler/3rdParty/Ipopt/Ipopt/src/Common'
:info:build /Applications/Xcode.app/Contents/Developer/usr/bin/make  all-am
:info:build make[6]: Entering directory `/opt/local/var/macports/build/_opt_local_var_macports_sources_build.openmodelica.org_macports_lang_openmodelica/openmodelica/work/openmodelica_1.9.6/OMCompiler/3rdParty/Ipopt/Ipopt/src/Common'
:info:build if /bin/sh ../../../libtool --tag=CXX --mode=compile /usr/bin/clang++ -stdlib=libstdc++ -DHAVE_CONFIG_H -I. -I`echo .`     -pipe -Os -arch x86_64 -stdlib=libc++ -stdlib=libstdc++ -std=c++11   -DIPOPT_BUILD -MT IpDebug.lo -MD -MP -MF ".deps/IpDebug.Tpo" -c -o IpDebug.lo IpDebug.cpp; \
:info:build 	then mv -f ".deps/IpDebug.Tpo" ".deps/IpDebug.Plo"; else rm -f ".deps/IpDebug.Tpo"; exit 1; fi
:info:build if /bin/sh ../../../libtool --tag=CXX --mode=compile /usr/bin/clang++ -stdlib=libstdc++ -DHAVE_CONFIG_H -I. -I`echo .`     -pipe -Os -arch x86_64 -stdlib=libc++ -stdlib=libstdc++ -std=c++11   -DIPOPT_BUILD -MT IpJournalist.lo -MD -MP -MF ".deps/IpJournalist.Tpo" -c -o IpJournalist.lo IpJournalist.cpp; \
:info:build 	then mv -f ".deps/IpJournalist.Tpo" ".deps/IpJournalist.Plo"; else rm -f ".deps/IpJournalist.Tpo"; exit 1; fi
:info:build if /bin/sh ../../../libtool --tag=CXX --mode=compile /usr/bin/clang++ -stdlib=libstdc++ -DHAVE_CONFIG_H -I. -I`echo .`     -pipe -Os -arch x86_64 -stdlib=libc++ -stdlib=libstdc++ -std=c++11   -DIPOPT_BUILD -MT IpObserver.lo -MD -MP -MF ".deps/IpObserver.Tpo" -c -o IpObserver.lo IpObserver.cpp; \
:info:build 	then mv -f ".deps/IpObserver.Tpo" ".deps/IpObserver.Plo"; else rm -f ".deps/IpObserver.Tpo"; exit 1; fi
:info:build if /bin/sh ../../../libtool --tag=CXX --mode=compile /usr/bin/clang++ -stdlib=libstdc++ -DHAVE_CONFIG_H -I. -I`echo .`     -pipe -Os -arch x86_64 -stdlib=libc++ -stdlib=libstdc++ -std=c++11   -DIPOPT_BUILD -MT IpOptionsList.lo -MD -MP -MF ".deps/IpOptionsList.Tpo" -c -o IpOptionsList.lo IpOptionsList.cpp; \
:info:build 	then mv -f ".deps/IpOptionsList.Tpo" ".deps/IpOptionsList.Plo"; else rm -f ".deps/IpOptionsList.Tpo"; exit 1; fi
:info:build mkdir .libs
:info:build mkdir .libs
:info:build mkdir: .libs: File exists
:info:build  /usr/bin/clang++ -stdlib=libstdc++ -DHAVE_CONFIG_H -I. -I. -pipe -Os -arch x86_64 -stdlib=libc++ -stdlib=libstdc++ -std=c++11 -DIPOPT_BUILD -MT IpDebug.lo -MD -MP -MF .deps/IpDebug.Tpo -c IpDebug.cpp  -fno-common -DPIC -o .libs/IpDebug.o
:info:build  /usr/bin/clang++ -stdlib=libstdc++ -DHAVE_CONFIG_H -I. -I. -pipe -Os -arch x86_64 -stdlib=libc++ -stdlib=libstdc++ -std=c++11 -DIPOPT_BUILD -MT IpJournalist.lo -MD -MP -MF .deps/IpJournalist.Tpo -c IpJournalist.cpp  -fno-common -DPIC -o .libs/IpJournalist.o
:info:build  /usr/bin/clang++ -stdlib=libstdc++ -DHAVE_CONFIG_H -I. -I. -pipe -Os -arch x86_64 -stdlib=libc++ -stdlib=libstdc++ -std=c++11 -DIPOPT_BUILD -MT IpOptionsList.lo -MD -MP -MF .deps/IpOptionsList.Tpo -c IpOptionsList.cpp  -fno-common -DPIC -o .libs/IpOptionsList.o
:info:build  /usr/bin/clang++ -stdlib=libstdc++ -DHAVE_CONFIG_H -I. -I. -pipe -Os -arch x86_64 -stdlib=libc++ -stdlib=libstdc++ -std=c++11 -DIPOPT_BUILD -MT IpObserver.lo -MD -MP -MF .deps/IpObserver.Tpo -c IpObserver.cpp  -fno-common -DPIC -o .libs/IpObserver.o
:info:build if /bin/sh ../../../libtool --tag=CXX --mode=compile /usr/bin/clang++ -stdlib=libstdc++ -DHAVE_CONFIG_H -I. -I`echo .`     -pipe -Os -arch x86_64 -stdlib=libc++ -stdlib=libstdc++ -std=c++11   -DIPOPT_BUILD -MT IpRegOptions.lo -MD -MP -MF ".deps/IpRegOptions.Tpo" -c -o IpRegOptions.lo IpRegOptions.cpp; \
:info:build 	then mv -f ".deps/IpRegOptions.Tpo" ".deps/IpRegOptions.Plo"; else rm -f ".deps/IpRegOptions.Tpo"; exit 1; fi
:info:build if /bin/sh ../../../libtool --tag=CXX --mode=compile /usr/bin/clang++ -stdlib=libstdc++ -DHAVE_CONFIG_H -I. -I`echo .`     -pipe -Os -arch x86_64 -stdlib=libc++ -stdlib=libstdc++ -std=c++11   -DIPOPT_BUILD -MT IpTaggedObject.lo -MD -MP -MF ".deps/IpTaggedObject.Tpo" -c -o IpTaggedObject.lo IpTaggedObject.cpp; \
:info:build 	then mv -f ".deps/IpTaggedObject.Tpo" ".deps/IpTaggedObject.Plo"; else rm -f ".deps/IpTaggedObject.Tpo"; exit 1; fi
:info:build  /usr/bin/clang++ -stdlib=libstdc++ -DHAVE_CONFIG_H -I. -I. -pipe -Os -arch x86_64 -stdlib=libc++ -stdlib=libstdc++ -std=c++11 -DIPOPT_BUILD -MT IpRegOptions.lo -MD -MP -MF .deps/IpRegOptions.Tpo -c IpRegOptions.cpp  -fno-common -DPIC -o .libs/IpRegOptions.o
:info:build  /usr/bin/clang++ -stdlib=libstdc++ -DHAVE_CONFIG_H -I. -I. -pipe -Os -arch x86_64 -stdlib=libc++ -stdlib=libstdc++ -std=c++11 -DIPOPT_BUILD -MT IpTaggedObject.lo -MD -MP -MF .deps/IpTaggedObject.Tpo -c IpTaggedObject.cpp  -fno-common -DPIC -o .libs/IpTaggedObject.o
:info:build if /bin/sh ../../../libtool --tag=CXX --mode=compile /usr/bin/clang++ -stdlib=libstdc++ -DHAVE_CONFIG_H -I. -I`echo .`     -pipe -Os -arch x86_64 -stdlib=libc++ -stdlib=libstdc++ -std=c++11   -DIPOPT_BUILD -MT IpUtils.lo -MD -MP -MF ".deps/IpUtils.Tpo" -c -o IpUtils.lo IpUtils.cpp; \
:info:build 	then mv -f ".deps/IpUtils.Tpo" ".deps/IpUtils.Plo"; else rm -f ".deps/IpUtils.Tpo"; exit 1; fi
:info:build  /usr/bin/clang++ -stdlib=libstdc++ -DHAVE_CONFIG_H -I. -I. -pipe -Os -arch x86_64 -stdlib=libc++ -stdlib=libstdc++ -std=c++11 -DIPOPT_BUILD -MT IpUtils.lo -MD -MP -MF .deps/IpUtils.Tpo -c IpUtils.cpp  -fno-common -DPIC -o .libs/IpUtils.o
:info:build IpUtils.cpp:159:18: warning: 'finite' is deprecated: first deprecated in OS X 10.9 [-Wdeprecated-declarations]
:info:build     return (bool)COIN_C_FINITE(val);
:info:build                  ^
:info:build ./config.h:8:23: note: expanded from macro 'COIN_C_FINITE'
:info:build #define COIN_C_FINITE finite
:info:build                       ^
:info:build /usr/include/math.h:757:12: note: 'finite' has been explicitly marked deprecated here
:info:build extern int finite(double) __OSX_AVAILABLE_BUT_DEPRECATED(__MAC_10_0, __MAC_10_9, __IPHONE_NA, __IPHONE_NA);
:info:build            ^
:info:build 1 warning generated.
:info:build /bin/sh ../../../libtool --tag=CXX --mode=link /usr/bin/clang++ -stdlib=libstdc++  -pipe -Os -arch x86_64 -stdlib=libc++ -stdlib=libstdc++ -std=c++11   -DIPOPT_BUILD  -L/opt/local/var/macports/build/_opt_local_var_macports_sources_build.openmodelica.org_macports_lang_openmodelica/openmodelica/work/openmodelica_1.9.6/build/lib/x86_64-darwin15.4.0/omc -L/opt/local/lib -Wl,-headerpad_max_install_names -arch x86_64 -o libcommon.la  -no-undefined IpDebug.lo IpJournalist.lo IpObserver.lo IpOptionsList.lo IpRegOptions.lo IpTaggedObject.lo IpUtils.lo  
:info:build ar cru .libs/libcommon.a .libs/IpDebug.o .libs/IpJournalist.o .libs/IpObserver.o .libs/IpOptionsList.o .libs/IpRegOptions.o .libs/IpTaggedObject.o .libs/IpUtils.o
:info:build /opt/local/bin/ranlib: file: .libs/libcommon.a(IpDebug.o) has no symbols
:info:build /opt/local/bin/ranlib: file: .libs/libcommon.a(IpObserver.o) has no symbols
:info:build ranlib .libs/libcommon.a
:info:build ranlib: file: .libs/libcommon.a(IpDebug.o) has no symbols
:info:build ranlib: file: .libs/libcommon.a(IpObserver.o) has no symbols
:info:build creating libcommon.la
:info:build (cd .libs && rm -f libcommon.la && ln -s ../libcommon.la libcommon.la)
:info:build make[6]: Leaving directory `/opt/local/var/macports/build/_opt_local_var_macports_sources_build.openmodelica.org_macports_lang_openmodelica/openmodelica/work/openmodelica_1.9.6/OMCompiler/3rdParty/Ipopt/Ipopt/src/Common'
:info:build make[5]: Leaving directory `/opt/local/var/macports/build/_opt_local_var_macports_sources_build.openmodelica.org_macports_lang_openmodelica/openmodelica/work/openmodelica_1.9.6/OMCompiler/3rdParty/Ipopt/Ipopt/src/Common'
:info:build Making all in src/LinAlg
:info:build make[5]: Entering directory `/opt/local/var/macports/build/_opt_local_var_macports_sources_build.openmodelica.org_macports_lang_openmodelica/openmodelica/work/openmodelica_1.9.6/OMCompiler/3rdParty/Ipopt/Ipopt/src/LinAlg'
:info:build Making all in TMatrices
:info:build make[6]: Entering directory `/opt/local/var/macports/build/_opt_local_var_macports_sources_build.openmodelica.org_macports_lang_openmodelica/openmodelica/work/openmodelica_1.9.6/OMCompiler/3rdParty/Ipopt/Ipopt/src/LinAlg/TMatrices'
:info:build if /bin/sh ../../../../libtool --tag=CXX --mode=compile /usr/bin/clang++ -stdlib=libstdc++ -DHAVE_CONFIG_H -I. -I`echo .` -I../../../src/Common  -I`echo ./../../Common` -I`echo ./..`   -pipe -Os -arch x86_64 -stdlib=libc++ -stdlib=libstdc++ -std=c++11   -DIPOPT_BUILD -MT IpGenTMatrix.lo -MD -MP -MF ".deps/IpGenTMatrix.Tpo" -c -o IpGenTMatrix.lo IpGenTMatrix.cpp; \
:info:build 	then mv -f ".deps/IpGenTMatrix.Tpo" ".deps/IpGenTMatrix.Plo"; else rm -f ".deps/IpGenTMatrix.Tpo"; exit 1; fi
:info:build if /bin/sh ../../../../libtool --tag=CXX --mode=compile /usr/bin/clang++ -stdlib=libstdc++ -DHAVE_CONFIG_H -I. -I`echo .` -I../../../src/Common  -I`echo ./../../Common` -I`echo ./..`   -pipe -Os -arch x86_64 -stdlib=libc++ -stdlib=libstdc++ -std=c++11   -DIPOPT_BUILD -MT IpSymTMatrix.lo -MD -MP -MF ".deps/IpSymTMatrix.Tpo" -c -o IpSymTMatrix.lo IpSymTMatrix.cpp; \
:info:build 	then mv -f ".deps/IpSymTMatrix.Tpo" ".deps/IpSymTMatrix.Plo"; else rm -f ".deps/IpSymTMatrix.Tpo"; exit 1; fi
:info:build if /bin/sh ../../../../libtool --tag=CXX --mode=compile /usr/bin/clang++ -stdlib=libstdc++ -DHAVE_CONFIG_H -I. -I`echo .` -I../../../src/Common  -I`echo ./../../Common` -I`echo ./..`   -pipe -Os -arch x86_64 -stdlib=libc++ -stdlib=libstdc++ -std=c++11   -DIPOPT_BUILD -MT IpTripletHelper.lo -MD -MP -MF ".deps/IpTripletHelper.Tpo" -c -o IpTripletHelper.lo IpTripletHelper.cpp; \
:info:build 	then mv -f ".deps/IpTripletHelper.Tpo" ".deps/IpTripletHelper.Plo"; else rm -f ".deps/IpTripletHelper.Tpo"; exit 1; fi
:info:build mkdir .libs
:info:build  /usr/bin/clang++ -stdlib=libstdc++ -DHAVE_CONFIG_H -I. -I. -I../../../src/Common -I./../../Common -I./.. -pipe -Os -arch x86_64 -stdlib=libc++ -stdlib=libstdc++ -std=c++11 -DIPOPT_BUILD -MT IpGenTMatrix.lo -MD -MP -MF .deps/IpGenTMatrix.Tpo -c IpGenTMatrix.cpp  -fno-common -DPIC -o .libs/IpGenTMatrix.o
:info:build  /usr/bin/clang++ -stdlib=libstdc++ -DHAVE_CONFIG_H -I. -I. -I../../../src/Common -I./../../Common -I./.. -pipe -Os -arch x86_64 -stdlib=libc++ -stdlib=libstdc++ -std=c++11 -DIPOPT_BUILD -MT IpTripletHelper.lo -MD -MP -MF .deps/IpTripletHelper.Tpo -c IpTripletHelper.cpp  -fno-common -DPIC -o .libs/IpTripletHelper.o
:info:build  /usr/bin/clang++ -stdlib=libstdc++ -DHAVE_CONFIG_H -I. -I. -I../../../src/Common -I./../../Common -I./.. -pipe -Os -arch x86_64 -stdlib=libc++ -stdlib=libstdc++ -std=c++11 -DIPOPT_BUILD -MT IpSymTMatrix.lo -MD -MP -MF .deps/IpSymTMatrix.Tpo -c IpSymTMatrix.cpp  -fno-common -DPIC -o .libs/IpSymTMatrix.o
:info:build /bin/sh ../../../../libtool --tag=CXX --mode=link /usr/bin/clang++ -stdlib=libstdc++  -pipe -Os -arch x86_64 -stdlib=libc++ -stdlib=libstdc++ -std=c++11   -DIPOPT_BUILD  -L/opt/local/var/macports/build/_opt_local_var_macports_sources_build.openmodelica.org_macports_lang_openmodelica/openmodelica/work/openmodelica_1.9.6/build/lib/x86_64-darwin15.4.0/omc -L/opt/local/lib -Wl,-headerpad_max_install_names -arch x86_64 -o libtmatrices.la  -no-undefined IpGenTMatrix.lo IpSymTMatrix.lo IpTripletHelper.lo  
:info:build ar cru .libs/libtmatrices.a .libs/IpGenTMatrix.o .libs/IpSymTMatrix.o .libs/IpTripletHelper.o
:info:build ranlib .libs/libtmatrices.a
:info:build creating libtmatrices.la
:info:build (cd .libs && rm -f libtmatrices.la && ln -s ../libtmatrices.la libtmatrices.la)
:info:build make[6]: Leaving directory `/opt/local/var/macports/build/_opt_local_var_macports_sources_build.openmodelica.org_macports_lang_openmodelica/openmodelica/work/openmodelica_1.9.6/OMCompiler/3rdParty/Ipopt/Ipopt/src/LinAlg/TMatrices'
:info:build make[6]: Entering directory `/opt/local/var/macports/build/_opt_local_var_macports_sources_build.openmodelica.org_macports_lang_openmodelica/openmodelica/work/openmodelica_1.9.6/OMCompiler/3rdParty/Ipopt/Ipopt/src/LinAlg'
:info:build if /bin/sh ../../../libtool --tag=CXX --mode=compile /usr/bin/clang++ -stdlib=libstdc++ -DHAVE_CONFIG_H -I. -I`echo .` -I../../src/Common  -I`echo ./../Common`   -pipe -Os -arch x86_64 -stdlib=libc++ -stdlib=libstdc++ -std=c++11   -DIPOPT_BUILD -MT IpBlas.lo -MD -MP -MF ".deps/IpBlas.Tpo" -c -o IpBlas.lo IpBlas.cpp; \
:info:build 	then mv -f ".deps/IpBlas.Tpo" ".deps/IpBlas.Plo"; else rm -f ".deps/IpBlas.Tpo"; exit 1; fi
:info:build if /bin/sh ../../../libtool --tag=CXX --mode=compile /usr/bin/clang++ -stdlib=libstdc++ -DHAVE_CONFIG_H -I. -I`echo .` -I../../src/Common  -I`echo ./../Common`   -pipe -Os -arch x86_64 -stdlib=libc++ -stdlib=libstdc++ -std=c++11   -DIPOPT_BUILD -MT IpCompoundMatrix.lo -MD -MP -MF ".deps/IpCompoundMatrix.Tpo" -c -o IpCompoundMatrix.lo IpCompoundMatrix.cpp; \
:info:build 	then mv -f ".deps/IpCompoundMatrix.Tpo" ".deps/IpCompoundMatrix.Plo"; else rm -f ".deps/IpCompoundMatrix.Tpo"; exit 1; fi
:info:build if /bin/sh ../../../libtool --tag=CXX --mode=compile /usr/bin/clang++ -stdlib=libstdc++ -DHAVE_CONFIG_H -I. -I`echo .` -I../../src/Common  -I`echo ./../Common`   -pipe -Os -arch x86_64 -stdlib=libc++ -stdlib=libstdc++ -std=c++11   -DIPOPT_BUILD -MT IpCompoundSymMatrix.lo -MD -MP -MF ".deps/IpCompoundSymMatrix.Tpo" -c -o IpCompoundSymMatrix.lo IpCompoundSymMatrix.cpp; \
:info:build 	then mv -f ".deps/IpCompoundSymMatrix.Tpo" ".deps/IpCompoundSymMatrix.Plo"; else rm -f ".deps/IpCompoundSymMatrix.Tpo"; exit 1; fi
:info:build if /bin/sh ../../../libtool --tag=CXX --mode=compile /usr/bin/clang++ -stdlib=libstdc++ -DHAVE_CONFIG_H -I. -I`echo .` -I../../src/Common  -I`echo ./../Common`   -pipe -Os -arch x86_64 -stdlib=libc++ -stdlib=libstdc++ -std=c++11   -DIPOPT_BUILD -MT IpCompoundVector.lo -MD -MP -MF ".deps/IpCompoundVector.Tpo" -c -o IpCompoundVector.lo IpCompoundVector.cpp; \
:info:build 	then mv -f ".deps/IpCompoundVector.Tpo" ".deps/IpCompoundVector.Plo"; else rm -f ".deps/IpCompoundVector.Tpo"; exit 1; fi
:info:build mkdir .libs
:info:build mkdir .libs
:info:build mkdir: .libs: File exists
:info:build  /usr/bin/clang++ -stdlib=libstdc++ -DHAVE_CONFIG_H -I. -I. -I../../src/Common -I./../Common -pipe -Os -arch x86_64 -stdlib=libc++ -stdlib=libstdc++ -std=c++11 -DIPOPT_BUILD -MT IpCompoundMatrix.lo -MD -MP -MF .deps/IpCompoundMatrix.Tpo -c IpCompoundMatrix.cpp  -fno-common -DPIC -o .libs/IpCompoundMatrix.o
:info:build  /usr/bin/clang++ -stdlib=libstdc++ -DHAVE_CONFIG_H -I. -I. -I../../src/Common -I./../Common -pipe -Os -arch x86_64 -stdlib=libc++ -stdlib=libstdc++ -std=c++11 -DIPOPT_BUILD -MT IpBlas.lo -MD -MP -MF .deps/IpBlas.Tpo -c IpBlas.cpp  -fno-common -DPIC -o .libs/IpBlas.o
:info:build  /usr/bin/clang++ -stdlib=libstdc++ -DHAVE_CONFIG_H -I. -I. -I../../src/Common -I./../Common -pipe -Os -arch x86_64 -stdlib=libc++ -stdlib=libstdc++ -std=c++11 -DIPOPT_BUILD -MT IpCompoundSymMatrix.lo -MD -MP -MF .deps/IpCompoundSymMatrix.Tpo -c IpCompoundSymMatrix.cpp  -fno-common -DPIC -o .libs/IpCompoundSymMatrix.o
:info:build  /usr/bin/clang++ -stdlib=libstdc++ -DHAVE_CONFIG_H -I. -I. -I../../src/Common -I./../Common -pipe -Os -arch x86_64 -stdlib=libc++ -stdlib=libstdc++ -std=c++11 -DIPOPT_BUILD -MT IpCompoundVector.lo -MD -MP -MF .deps/IpCompoundVector.Tpo -c IpCompoundVector.cpp  -fno-common -DPIC -o .libs/IpCompoundVector.o
:info:build if /bin/sh ../../../libtool --tag=CXX --mode=compile /usr/bin/clang++ -stdlib=libstdc++ -DHAVE_CONFIG_H -I. -I`echo .` -I../../src/Common  -I`echo ./../Common`   -pipe -Os -arch x86_64 -stdlib=libc++ -stdlib=libstdc++ -std=c++11   -DIPOPT_BUILD -MT IpDenseGenMatrix.lo -MD -MP -MF ".deps/IpDenseGenMatrix.Tpo" -c -o IpDenseGenMatrix.lo IpDenseGenMatrix.cpp; \
:info:build 	then mv -f ".deps/IpDenseGenMatrix.Tpo" ".deps/IpDenseGenMatrix.Plo"; else rm -f ".deps/IpDenseGenMatrix.Tpo"; exit 1; fi
:info:build  /usr/bin/clang++ -stdlib=libstdc++ -DHAVE_CONFIG_H -I. -I. -I../../src/Common -I./../Common -pipe -Os -arch x86_64 -stdlib=libc++ -stdlib=libstdc++ -std=c++11 -DIPOPT_BUILD -MT IpDenseGenMatrix.lo -MD -MP -MF .deps/IpDenseGenMatrix.Tpo -c IpDenseGenMatrix.cpp  -fno-common -DPIC -o .libs/IpDenseGenMatrix.o
:info:build if /bin/sh ../../../libtool --tag=CXX --mode=compile /usr/bin/clang++ -stdlib=libstdc++ -DHAVE_CONFIG_H -I. -I`echo .` -I../../src/Common  -I`echo ./../Common`   -pipe -Os -arch x86_64 -stdlib=libc++ -stdlib=libstdc++ -std=c++11   -DIPOPT_BUILD -MT IpDenseSymMatrix.lo -MD -MP -MF ".deps/IpDenseSymMatrix.Tpo" -c -o IpDenseSymMatrix.lo IpDenseSymMatrix.cpp; \
:info:build 	then mv -f ".deps/IpDenseSymMatrix.Tpo" ".deps/IpDenseSymMatrix.Plo"; else rm -f ".deps/IpDenseSymMatrix.Tpo"; exit 1; fi
:info:build if /bin/sh ../../../libtool --tag=CXX --mode=compile /usr/bin/clang++ -stdlib=libstdc++ -DHAVE_CONFIG_H -I. -I`echo .` -I../../src/Common  -I`echo ./../Common`   -pipe -Os -arch x86_64 -stdlib=libc++ -stdlib=libstdc++ -std=c++11   -DIPOPT_BUILD -MT IpDenseVector.lo -MD -MP -MF ".deps/IpDenseVector.Tpo" -c -o IpDenseVector.lo IpDenseVector.cpp; \
:info:build 	then mv -f ".deps/IpDenseVector.Tpo" ".deps/IpDenseVector.Plo"; else rm -f ".deps/IpDenseVector.Tpo"; exit 1; fi
:info:build if /bin/sh ../../../libtool --tag=CXX --mode=compile /usr/bin/clang++ -stdlib=libstdc++ -DHAVE_CONFIG_H -I. -I`echo .` -I../../src/Common  -I`echo ./../Common`   -pipe -Os -arch x86_64 -stdlib=libc++ -stdlib=libstdc++ -std=c++11   -DIPOPT_BUILD -MT IpDiagMatrix.lo -MD -MP -MF ".deps/IpDiagMatrix.Tpo" -c -o IpDiagMatrix.lo IpDiagMatrix.cpp; \
:info:build 	then mv -f ".deps/IpDiagMatrix.Tpo" ".deps/IpDiagMatrix.Plo"; else rm -f ".deps/IpDiagMatrix.Tpo"; exit 1; fi
:info:build  /usr/bin/clang++ -stdlib=libstdc++ -DHAVE_CONFIG_H -I. -I. -I../../src/Common -I./../Common -pipe -Os -arch x86_64 -stdlib=libc++ -stdlib=libstdc++ -std=c++11 -DIPOPT_BUILD -MT IpDenseSymMatrix.lo -MD -MP -MF .deps/IpDenseSymMatrix.Tpo -c IpDenseSymMatrix.cpp  -fno-common -DPIC -o .libs/IpDenseSymMatrix.o
:info:build  /usr/bin/clang++ -stdlib=libstdc++ -DHAVE_CONFIG_H -I. -I. -I../../src/Common -I./../Common -pipe -Os -arch x86_64 -stdlib=libc++ -stdlib=libstdc++ -std=c++11 -DIPOPT_BUILD -MT IpDenseVector.lo -MD -MP -MF .deps/IpDenseVector.Tpo -c IpDenseVector.cpp  -fno-common -DPIC -o .libs/IpDenseVector.o
:info:build if /bin/sh ../../../libtool --tag=CXX --mode=compile /usr/bin/clang++ -stdlib=libstdc++ -DHAVE_CONFIG_H -I. -I`echo .` -I../../src/Common  -I`echo ./../Common`   -pipe -Os -arch x86_64 -stdlib=libc++ -stdlib=libstdc++ -std=c++11   -DIPOPT_BUILD -MT IpExpandedMultiVectorMatrix.lo -MD -MP -MF ".deps/IpExpandedMultiVectorMatrix.Tpo" -c -o IpExpandedMultiVectorMatrix.lo IpExpandedMultiVectorMatrix.cpp; \
:info:build 	then mv -f ".deps/IpExpandedMultiVectorMatrix.Tpo" ".deps/IpExpandedMultiVectorMatrix.Plo"; else rm -f ".deps/IpExpandedMultiVectorMatrix.Tpo"; exit 1; fi
:info:build  /usr/bin/clang++ -stdlib=libstdc++ -DHAVE_CONFIG_H -I. -I. -I../../src/Common -I./../Common -pipe -Os -arch x86_64 -stdlib=libc++ -stdlib=libstdc++ -std=c++11 -DIPOPT_BUILD -MT IpDiagMatrix.lo -MD -MP -MF .deps/IpDiagMatrix.Tpo -c IpDiagMatrix.cpp  -fno-common -DPIC -o .libs/IpDiagMatrix.o
:info:build  /usr/bin/clang++ -stdlib=libstdc++ -DHAVE_CONFIG_H -I. -I. -I../../src/Common -I./../Common -pipe -Os -arch x86_64 -stdlib=libc++ -stdlib=libstdc++ -std=c++11 -DIPOPT_BUILD -MT IpExpandedMultiVectorMatrix.lo -MD -MP -MF .deps/IpExpandedMultiVectorMatrix.Tpo -c IpExpandedMultiVectorMatrix.cpp  -fno-common -DPIC -o .libs/IpExpandedMultiVectorMatrix.o
:info:build if /bin/sh ../../../libtool --tag=CXX --mode=compile /usr/bin/clang++ -stdlib=libstdc++ -DHAVE_CONFIG_H -I. -I`echo .` -I../../src/Common  -I`echo ./../Common`   -pipe -Os -arch x86_64 -stdlib=libc++ -stdlib=libstdc++ -std=c++11   -DIPOPT_BUILD -MT IpExpansionMatrix.lo -MD -MP -MF ".deps/IpExpansionMatrix.Tpo" -c -o IpExpansionMatrix.lo IpExpansionMatrix.cpp; \
:info:build 	then mv -f ".deps/IpExpansionMatrix.Tpo" ".deps/IpExpansionMatrix.Plo"; else rm -f ".deps/IpExpansionMatrix.Tpo"; exit 1; fi
:info:build  /usr/bin/clang++ -stdlib=libstdc++ -DHAVE_CONFIG_H -I. -I. -I../../src/Common -I./../Common -pipe -Os -arch x86_64 -stdlib=libc++ -stdlib=libstdc++ -std=c++11 -DIPOPT_BUILD -MT IpExpansionMatrix.lo -MD -MP -MF .deps/IpExpansionMatrix.Tpo -c IpExpansionMatrix.cpp  -fno-common -DPIC -o .libs/IpExpansionMatrix.o
:info:build if /bin/sh ../../../libtool --tag=CXX --mode=compile /usr/bin/clang++ -stdlib=libstdc++ -DHAVE_CONFIG_H -I. -I`echo .` -I../../src/Common  -I`echo ./../Common`   -pipe -Os -arch x86_64 -stdlib=libc++ -stdlib=libstdc++ -std=c++11   -DIPOPT_BUILD -MT IpIdentityMatrix.lo -MD -MP -MF ".deps/IpIdentityMatrix.Tpo" -c -o IpIdentityMatrix.lo IpIdentityMatrix.cpp; \
:info:build 	then mv -f ".deps/IpIdentityMatrix.Tpo" ".deps/IpIdentityMatrix.Plo"; else rm -f ".deps/IpIdentityMatrix.Tpo"; exit 1; fi
:info:build if /bin/sh ../../../libtool --tag=CXX --mode=compile /usr/bin/clang++ -stdlib=libstdc++ -DHAVE_CONFIG_H -I. -I`echo .` -I../../src/Common  -I`echo ./../Common`   -pipe -Os -arch x86_64 -stdlib=libc++ -stdlib=libstdc++ -std=c++11   -DIPOPT_BUILD -MT IpLapack.lo -MD -MP -MF ".deps/IpLapack.Tpo" -c -o IpLapack.lo IpLapack.cpp; \
:info:build 	then mv -f ".deps/IpLapack.Tpo" ".deps/IpLapack.Plo"; else rm -f ".deps/IpLapack.Tpo"; exit 1; fi
:info:build  /usr/bin/clang++ -stdlib=libstdc++ -DHAVE_CONFIG_H -I. -I. -I../../src/Common -I./../Common -pipe -Os -arch x86_64 -stdlib=libc++ -stdlib=libstdc++ -std=c++11 -DIPOPT_BUILD -MT IpIdentityMatrix.lo -MD -MP -MF .deps/IpIdentityMatrix.Tpo -c IpIdentityMatrix.cpp  -fno-common -DPIC -o .libs/IpIdentityMatrix.o
:info:build  /usr/bin/clang++ -stdlib=libstdc++ -DHAVE_CONFIG_H -I. -I. -I../../src/Common -I./../Common -pipe -Os -arch x86_64 -stdlib=libc++ -stdlib=libstdc++ -std=c++11 -DIPOPT_BUILD -MT IpLapack.lo -MD -MP -MF .deps/IpLapack.Tpo -c IpLapack.cpp  -fno-common -DPIC -o .libs/IpLapack.o
:info:build if /bin/sh ../../../libtool --tag=CXX --mode=compile /usr/bin/clang++ -stdlib=libstdc++ -DHAVE_CONFIG_H -I. -I`echo .` -I../../src/Common  -I`echo ./../Common`   -pipe -Os -arch x86_64 -stdlib=libc++ -stdlib=libstdc++ -std=c++11   -DIPOPT_BUILD -MT IpLowRankUpdateSymMatrix.lo -MD -MP -MF ".deps/IpLowRankUpdateSymMatrix.Tpo" -c -o IpLowRankUpdateSymMatrix.lo IpLowRankUpdateSymMatrix.cpp; \
:info:build 	then mv -f ".deps/IpLowRankUpdateSymMatrix.Tpo" ".deps/IpLowRankUpdateSymMatrix.Plo"; else rm -f ".deps/IpLowRankUpdateSymMatrix.Tpo"; exit 1; fi
:info:build if /bin/sh ../../../libtool --tag=CXX --mode=compile /usr/bin/clang++ -stdlib=libstdc++ -DHAVE_CONFIG_H -I. -I`echo .` -I../../src/Common  -I`echo ./../Common`   -pipe -Os -arch x86_64 -stdlib=libc++ -stdlib=libstdc++ -std=c++11   -DIPOPT_BUILD -MT IpMatrix.lo -MD -MP -MF ".deps/IpMatrix.Tpo" -c -o IpMatrix.lo IpMatrix.cpp; \
:info:build 	then mv -f ".deps/IpMatrix.Tpo" ".deps/IpMatrix.Plo"; else rm -f ".deps/IpMatrix.Tpo"; exit 1; fi
:info:build if /bin/sh ../../../libtool --tag=CXX --mode=compile /usr/bin/clang++ -stdlib=libstdc++ -DHAVE_CONFIG_H -I. -I`echo .` -I../../src/Common  -I`echo ./../Common`   -pipe -Os -arch x86_64 -stdlib=libc++ -stdlib=libstdc++ -std=c++11   -DIPOPT_BUILD -MT IpMultiVectorMatrix.lo -MD -MP -MF ".deps/IpMultiVectorMatrix.Tpo" -c -o IpMultiVectorMatrix.lo IpMultiVectorMatrix.cpp; \
:info:build 	then mv -f ".deps/IpMultiVectorMatrix.Tpo" ".deps/IpMultiVectorMatrix.Plo"; else rm -f ".deps/IpMultiVectorMatrix.Tpo"; exit 1; fi
:info:build if /bin/sh ../../../libtool --tag=CXX --mode=compile /usr/bin/clang++ -stdlib=libstdc++ -DHAVE_CONFIG_H -I. -I`echo .` -I../../src/Common  -I`echo ./../Common`   -pipe -Os -arch x86_64 -stdlib=libc++ -stdlib=libstdc++ -std=c++11   -DIPOPT_BUILD -MT IpScaledMatrix.lo -MD -MP -MF ".deps/IpScaledMatrix.Tpo" -c -o IpScaledMatrix.lo IpScaledMatrix.cpp; \
:info:build 	then mv -f ".deps/IpScaledMatrix.Tpo" ".deps/IpScaledMatrix.Plo"; else rm -f ".deps/IpScaledMatrix.Tpo"; exit 1; fi
:info:build  /usr/bin/clang++ -stdlib=libstdc++ -DHAVE_CONFIG_H -I. -I. -I../../src/Common -I./../Common -pipe -Os -arch x86_64 -stdlib=libc++ -stdlib=libstdc++ -std=c++11 -DIPOPT_BUILD -MT IpLowRankUpdateSymMatrix.lo -MD -MP -MF .deps/IpLowRankUpdateSymMatrix.Tpo -c IpLowRankUpdateSymMatrix.cpp  -fno-common -DPIC -o .libs/IpLowRankUpdateSymMatrix.o
:info:build  /usr/bin/clang++ -stdlib=libstdc++ -DHAVE_CONFIG_H -I. -I. -I../../src/Common -I./../Common -pipe -Os -arch x86_64 -stdlib=libc++ -stdlib=libstdc++ -std=c++11 -DIPOPT_BUILD -MT IpMatrix.lo -MD -MP -MF .deps/IpMatrix.Tpo -c IpMatrix.cpp  -fno-common -DPIC -o .libs/IpMatrix.o
:info:build  /usr/bin/clang++ -stdlib=libstdc++ -DHAVE_CONFIG_H -I. -I. -I../../src/Common -I./../Common -pipe -Os -arch x86_64 -stdlib=libc++ -stdlib=libstdc++ -std=c++11 -DIPOPT_BUILD -MT IpMultiVectorMatrix.lo -MD -MP -MF .deps/IpMultiVectorMatrix.Tpo -c IpMultiVectorMatrix.cpp  -fno-common -DPIC -o .libs/IpMultiVectorMatrix.o
:info:build  /usr/bin/clang++ -stdlib=libstdc++ -DHAVE_CONFIG_H -I. -I. -I../../src/Common -I./../Common -pipe -Os -arch x86_64 -stdlib=libc++ -stdlib=libstdc++ -std=c++11 -DIPOPT_BUILD -MT IpScaledMatrix.lo -MD -MP -MF .deps/IpScaledMatrix.Tpo -c IpScaledMatrix.cpp  -fno-common -DPIC -o .libs/IpScaledMatrix.o
:info:build if /bin/sh ../../../libtool --tag=CXX --mode=compile /usr/bin/clang++ -stdlib=libstdc++ -DHAVE_CONFIG_H -I. -I`echo .` -I../../src/Common  -I`echo ./../Common`   -pipe -Os -arch x86_64 -stdlib=libc++ -stdlib=libstdc++ -std=c++11   -DIPOPT_BUILD -MT IpSumMatrix.lo -MD -MP -MF ".deps/IpSumMatrix.Tpo" -c -o IpSumMatrix.lo IpSumMatrix.cpp; \
:info:build 	then mv -f ".deps/IpSumMatrix.Tpo" ".deps/IpSumMatrix.Plo"; else rm -f ".deps/IpSumMatrix.Tpo"; exit 1; fi
:info:build if /bin/sh ../../../libtool --tag=CXX --mode=compile /usr/bin/clang++ -stdlib=libstdc++ -DHAVE_CONFIG_H -I. -I`echo .` -I../../src/Common  -I`echo ./../Common`   -pipe -Os -arch x86_64 -stdlib=libc++ -stdlib=libstdc++ -std=c++11   -DIPOPT_BUILD -MT IpSumSymMatrix.lo -MD -MP -MF ".deps/IpSumSymMatrix.Tpo" -c -o IpSumSymMatrix.lo IpSumSymMatrix.cpp; \
:info:build 	then mv -f ".deps/IpSumSymMatrix.Tpo" ".deps/IpSumSymMatrix.Plo"; else rm -f ".deps/IpSumSymMatrix.Tpo"; exit 1; fi
:info:build if /bin/sh ../../../libtool --tag=CXX --mode=compile /usr/bin/clang++ -stdlib=libstdc++ -DHAVE_CONFIG_H -I. -I`echo .` -I../../src/Common  -I`echo ./../Common`   -pipe -Os -arch x86_64 -stdlib=libc++ -stdlib=libstdc++ -std=c++11   -DIPOPT_BUILD -MT IpSymScaledMatrix.lo -MD -MP -MF ".deps/IpSymScaledMatrix.Tpo" -c -o IpSymScaledMatrix.lo IpSymScaledMatrix.cpp; \
:info:build 	then mv -f ".deps/IpSymScaledMatrix.Tpo" ".deps/IpSymScaledMatrix.Plo"; else rm -f ".deps/IpSymScaledMatrix.Tpo"; exit 1; fi
:info:build  /usr/bin/clang++ -stdlib=libstdc++ -DHAVE_CONFIG_H -I. -I. -I../../src/Common -I./../Common -pipe -Os -arch x86_64 -stdlib=libc++ -stdlib=libstdc++ -std=c++11 -DIPOPT_BUILD -MT IpSumMatrix.lo -MD -MP -MF .deps/IpSumMatrix.Tpo -c IpSumMatrix.cpp  -fno-common -DPIC -o .libs/IpSumMatrix.o
:info:build  /usr/bin/clang++ -stdlib=libstdc++ -DHAVE_CONFIG_H -I. -I. -I../../src/Common -I./../Common -pipe -Os -arch x86_64 -stdlib=libc++ -stdlib=libstdc++ -std=c++11 -DIPOPT_BUILD -MT IpSumSymMatrix.lo -MD -MP -MF .deps/IpSumSymMatrix.Tpo -c IpSumSymMatrix.cpp  -fno-common -DPIC -o .libs/IpSumSymMatrix.o
:info:build  /usr/bin/clang++ -stdlib=libstdc++ -DHAVE_CONFIG_H -I. -I. -I../../src/Common -I./../Common -pipe -Os -arch x86_64 -stdlib=libc++ -stdlib=libstdc++ -std=c++11 -DIPOPT_BUILD -MT IpSymScaledMatrix.lo -MD -MP -MF .deps/IpSymScaledMatrix.Tpo -c IpSymScaledMatrix.cpp  -fno-common -DPIC -o .libs/IpSymScaledMatrix.o
:info:build if /bin/sh ../../../libtool --tag=CXX --mode=compile /usr/bin/clang++ -stdlib=libstdc++ -DHAVE_CONFIG_H -I. -I`echo .` -I../../src/Common  -I`echo ./../Common`   -pipe -Os -arch x86_64 -stdlib=libc++ -stdlib=libstdc++ -std=c++11   -DIPOPT_BUILD -MT IpTransposeMatrix.lo -MD -MP -MF ".deps/IpTransposeMatrix.Tpo" -c -o IpTransposeMatrix.lo IpTransposeMatrix.cpp; \
:info:build 	then mv -f ".deps/IpTransposeMatrix.Tpo" ".deps/IpTransposeMatrix.Plo"; else rm -f ".deps/IpTransposeMatrix.Tpo"; exit 1; fi
:info:build if /bin/sh ../../../libtool --tag=CXX --mode=compile /usr/bin/clang++ -stdlib=libstdc++ -DHAVE_CONFIG_H -I. -I`echo .` -I../../src/Common  -I`echo ./../Common`   -pipe -Os -arch x86_64 -stdlib=libc++ -stdlib=libstdc++ -std=c++11   -DIPOPT_BUILD -MT IpVector.lo -MD -MP -MF ".deps/IpVector.Tpo" -c -o IpVector.lo IpVector.cpp; \
:info:build 	then mv -f ".deps/IpVector.Tpo" ".deps/IpVector.Plo"; else rm -f ".deps/IpVector.Tpo"; exit 1; fi
:info:build if /bin/sh ../../../libtool --tag=CXX --mode=compile /usr/bin/clang++ -stdlib=libstdc++ -DHAVE_CONFIG_H -I. -I`echo .` -I../../src/Common  -I`echo ./../Common`   -pipe -Os -arch x86_64 -stdlib=libc++ -stdlib=libstdc++ -std=c++11   -DIPOPT_BUILD -MT IpZeroMatrix.lo -MD -MP -MF ".deps/IpZeroMatrix.Tpo" -c -o IpZeroMatrix.lo IpZeroMatrix.cpp; \
:info:build 	then mv -f ".deps/IpZeroMatrix.Tpo" ".deps/IpZeroMatrix.Plo"; else rm -f ".deps/IpZeroMatrix.Tpo"; exit 1; fi
:info:build if /bin/sh ../../../libtool --tag=CXX --mode=compile /usr/bin/clang++ -stdlib=libstdc++ -DHAVE_CONFIG_H -I. -I`echo .` -I../../src/Common  -I`echo ./../Common`   -pipe -Os -arch x86_64 -stdlib=libc++ -stdlib=libstdc++ -std=c++11   -DIPOPT_BUILD -MT IpZeroSymMatrix.lo -MD -MP -MF ".deps/IpZeroSymMatrix.Tpo" -c -o IpZeroSymMatrix.lo IpZeroSymMatrix.cpp; \
:info:build 	then mv -f ".deps/IpZeroSymMatrix.Tpo" ".deps/IpZeroSymMatrix.Plo"; else rm -f ".deps/IpZeroSymMatrix.Tpo"; exit 1; fi
:info:build  /usr/bin/clang++ -stdlib=libstdc++ -DHAVE_CONFIG_H -I. -I. -I../../src/Common -I./../Common -pipe -Os -arch x86_64 -stdlib=libc++ -stdlib=libstdc++ -std=c++11 -DIPOPT_BUILD -MT IpVector.lo -MD -MP -MF .deps/IpVector.Tpo -c IpVector.cpp  -fno-common -DPIC -o .libs/IpVector.o
:info:build  /usr/bin/clang++ -stdlib=libstdc++ -DHAVE_CONFIG_H -I. -I. -I../../src/Common -I./../Common -pipe -Os -arch x86_64 -stdlib=libc++ -stdlib=libstdc++ -std=c++11 -DIPOPT_BUILD -MT IpTransposeMatrix.lo -MD -MP -MF .deps/IpTransposeMatrix.Tpo -c IpTransposeMatrix.cpp  -fno-common -DPIC -o .libs/IpTransposeMatrix.o
:info:build  /usr/bin/clang++ -stdlib=libstdc++ -DHAVE_CONFIG_H -I. -I. -I../../src/Common -I./../Common -pipe -Os -arch x86_64 -stdlib=libc++ -stdlib=libstdc++ -std=c++11 -DIPOPT_BUILD -MT IpZeroMatrix.lo -MD -MP -MF .deps/IpZeroMatrix.Tpo -c IpZeroMatrix.cpp  -fno-common -DPIC -o .libs/IpZeroMatrix.o
:info:build  /usr/bin/clang++ -stdlib=libstdc++ -DHAVE_CONFIG_H -I. -I. -I../../src/Common -I./../Common -pipe -Os -arch x86_64 -stdlib=libc++ -stdlib=libstdc++ -std=c++11 -DIPOPT_BUILD -MT IpZeroSymMatrix.lo -MD -MP -MF .deps/IpZeroSymMatrix.Tpo -c IpZeroSymMatrix.cpp  -fno-common -DPIC -o .libs/IpZeroSymMatrix.o
:info:build /bin/sh ../../../libtool --tag=CXX --mode=link /usr/bin/clang++ -stdlib=libstdc++  -pipe -Os -arch x86_64 -stdlib=libc++ -stdlib=libstdc++ -std=c++11   -DIPOPT_BUILD  -L/opt/local/var/macports/build/_opt_local_var_macports_sources_build.openmodelica.org_macports_lang_openmodelica/openmodelica/work/openmodelica_1.9.6/build/lib/x86_64-darwin15.4.0/omc -L/opt/local/lib -Wl,-headerpad_max_install_names -arch x86_64 -o liblinalg.la  -no-undefined IpBlas.lo IpCompoundMatrix.lo IpCompoundSymMatrix.lo IpCompoundVector.lo IpDenseGenMatrix.lo IpDenseSymMatrix.lo IpDenseVector.lo IpDiagMatrix.lo IpExpandedMultiVectorMatrix.lo IpExpansionMatrix.lo IpIdentityMatrix.lo IpLapack.lo IpLowRankUpdateSymMatrix.lo IpMatrix.lo IpMultiVectorMatrix.lo IpScaledMatrix.lo IpSumMatrix.lo IpSumSymMatrix.lo IpSymScaledMatrix.lo IpTransposeMatrix.lo IpVector.lo IpZeroMatrix.lo IpZeroSymMatrix.lo  
:info:build ar cru .libs/liblinalg.a .libs/IpBlas.o .libs/IpCompoundMatrix.o .libs/IpCompoundSymMatrix.o .libs/IpCompoundVector.o .libs/IpDenseGenMatrix.o .libs/IpDenseSymMatrix.o .libs/IpDenseVector.o .libs/IpDiagMatrix.o .libs/IpExpandedMultiVectorMatrix.o .libs/IpExpansionMatrix.o .libs/IpIdentityMatrix.o .libs/IpLapack.o .libs/IpLowRankUpdateSymMatrix.o .libs/IpMatrix.o .libs/IpMultiVectorMatrix.o .libs/IpScaledMatrix.o .libs/IpSumMatrix.o .libs/IpSumSymMatrix.o .libs/IpSymScaledMatrix.o .libs/IpTransposeMatrix.o .libs/IpVector.o .libs/IpZeroMatrix.o .libs/IpZeroSymMatrix.o
:info:build ranlib .libs/liblinalg.a
:info:build creating liblinalg.la
:info:build (cd .libs && rm -f liblinalg.la && ln -s ../liblinalg.la liblinalg.la)
:info:build make[6]: Leaving directory `/opt/local/var/macports/build/_opt_local_var_macports_sources_build.openmodelica.org_macports_lang_openmodelica/openmodelica/work/openmodelica_1.9.6/OMCompiler/3rdParty/Ipopt/Ipopt/src/LinAlg'
:info:build make[5]: Leaving directory `/opt/local/var/macports/build/_opt_local_var_macports_sources_build.openmodelica.org_macports_lang_openmodelica/openmodelica/work/openmodelica_1.9.6/OMCompiler/3rdParty/Ipopt/Ipopt/src/LinAlg'
:info:build Making all in src/Algorithm
:info:build make[5]: Entering directory `/opt/local/var/macports/build/_opt_local_var_macports_sources_build.openmodelica.org_macports_lang_openmodelica/openmodelica/work/openmodelica_1.9.6/OMCompiler/3rdParty/Ipopt/Ipopt/src/Algorithm'
:info:build Making all in LinearSolvers
:info:build make[6]: Entering directory `/opt/local/var/macports/build/_opt_local_var_macports_sources_build.openmodelica.org_macports_lang_openmodelica/openmodelica/work/openmodelica_1.9.6/OMCompiler/3rdParty/Ipopt/Ipopt/src/Algorithm/LinearSolvers'
:info:build if /bin/sh ../../../../libtool --tag=CXX --mode=compile /usr/bin/clang++ -stdlib=libstdc++ -DHAVE_CONFIG_H -I. -I`echo .` -I../../../src/Common  -I`echo ./../../Common` -I`echo ./../../LinAlg` -I`echo ./../../LinAlg/TMatrices` -I`echo ./..` -I`echo ./../../Interfaces` -I`echo ./../../contrib/CGPenalty` -I/opt/local/var/macports/build/_opt_local_var_macports_sources_build.openmodelica.org_macports_lang_openmodelica/openmodelica/work/openmodelica_1.9.6/OMCompiler/3rdParty/Ipopt/ThirdParty/Mumps/MUMPS/libseq -I/opt/local/var/macports/build/_opt_local_var_macports_sources_build.openmodelica.org_macports_lang_openmodelica/openmodelica/work/openmodelica_1.9.6/OMCompiler/3rdParty/Ipopt/ThirdParty/Mumps/MUMPS/include     -pipe -Os -arch x86_64 -stdlib=libc++ -stdlib=libstdc++ -std=c++11   -DIPOPT_BUILD -MT IpLinearSolversRegOp.lo -MD -MP -MF ".deps/IpLinearSolversRegOp.Tpo" -c -o IpLinearSolversRegOp.lo IpLinearSolversRegOp.cpp; \
:info:build 	then mv -f ".deps/IpLinearSolversRegOp.Tpo" ".deps/IpLinearSolversRegOp.Plo"; else rm -f ".deps/IpLinearSolversRegOp.Tpo"; exit 1; fi
:info:build if /bin/sh ../../../../libtool --tag=CXX --mode=compile /usr/bin/clang++ -stdlib=libstdc++ -DHAVE_CONFIG_H -I. -I`echo .` -I../../../src/Common  -I`echo ./../../Common` -I`echo ./../../LinAlg` -I`echo ./../../LinAlg/TMatrices` -I`echo ./..` -I`echo ./../../Interfaces` -I`echo ./../../contrib/CGPenalty` -I/opt/local/var/macports/build/_opt_local_var_macports_sources_build.openmodelica.org_macports_lang_openmodelica/openmodelica/work/openmodelica_1.9.6/OMCompiler/3rdParty/Ipopt/ThirdParty/Mumps/MUMPS/libseq -I/opt/local/var/macports/build/_opt_local_var_macports_sources_build.openmodelica.org_macports_lang_openmodelica/openmodelica/work/openmodelica_1.9.6/OMCompiler/3rdParty/Ipopt/ThirdParty/Mumps/MUMPS/include     -pipe -Os -arch x86_64 -stdlib=libc++ -stdlib=libstdc++ -std=c++11   -DIPOPT_BUILD -MT IpSlackBasedTSymScalingMethod.lo -MD -MP -MF ".deps/IpSlackBasedTSymScalingMethod.Tpo" -c -o IpSlackBasedTSymScalingMethod.lo IpSlackBasedTSymScalingMethod.cpp; \
:info:build 	then mv -f ".deps/IpSlackBasedTSymScalingMethod.Tpo" ".deps/IpSlackBasedTSymScalingMethod.Plo"; else rm -f ".deps/IpSlackBasedTSymScalingMethod.Tpo"; exit 1; fi
:info:build if /bin/sh ../../../../libtool --tag=CXX --mode=compile /usr/bin/clang++ -stdlib=libstdc++ -DHAVE_CONFIG_H -I. -I`echo .` -I../../../src/Common  -I`echo ./../../Common` -I`echo ./../../LinAlg` -I`echo ./../../LinAlg/TMatrices` -I`echo ./..` -I`echo ./../../Interfaces` -I`echo ./../../contrib/CGPenalty` -I/opt/local/var/macports/build/_opt_local_var_macports_sources_build.openmodelica.org_macports_lang_openmodelica/openmodelica/work/openmodelica_1.9.6/OMCompiler/3rdParty/Ipopt/ThirdParty/Mumps/MUMPS/libseq -I/opt/local/var/macports/build/_opt_local_var_macports_sources_build.openmodelica.org_macports_lang_openmodelica/openmodelica/work/openmodelica_1.9.6/OMCompiler/3rdParty/Ipopt/ThirdParty/Mumps/MUMPS/include     -pipe -Os -arch x86_64 -stdlib=libc++ -stdlib=libstdc++ -std=c++11   -DIPOPT_BUILD -MT IpTripletToCSRConverter.lo -MD -MP -MF ".deps/IpTripletToCSRConverter.Tpo" -c -o IpTripletToCSRConverter.lo IpTripletToCSRConverter.cpp; \
:info:build 	then mv -f ".deps/IpTripletToCSRConverter.Tpo" ".deps/IpTripletToCSRConverter.Plo"; else rm -f ".deps/IpTripletToCSRConverter.Tpo"; exit 1; fi
:info:build if /bin/sh ../../../../libtool --tag=CXX --mode=compile /usr/bin/clang++ -stdlib=libstdc++ -DHAVE_CONFIG_H -I. -I`echo .` -I../../../src/Common  -I`echo ./../../Common` -I`echo ./../../LinAlg` -I`echo ./../../LinAlg/TMatrices` -I`echo ./..` -I`echo ./../../Interfaces` -I`echo ./../../contrib/CGPenalty` -I/opt/local/var/macports/build/_opt_local_var_macports_sources_build.openmodelica.org_macports_lang_openmodelica/openmodelica/work/openmodelica_1.9.6/OMCompiler/3rdParty/Ipopt/ThirdParty/Mumps/MUMPS/libseq -I/opt/local/var/macports/build/_opt_local_var_macports_sources_build.openmodelica.org_macports_lang_openmodelica/openmodelica/work/openmodelica_1.9.6/OMCompiler/3rdParty/Ipopt/ThirdParty/Mumps/MUMPS/include     -pipe -Os -arch x86_64 -stdlib=libc++ -stdlib=libstdc++ -std=c++11   -DIPOPT_BUILD -MT IpTSymDependencyDetector.lo -MD -MP -MF ".deps/IpTSymDependencyDetector.Tpo" -c -o IpTSymDependencyDetector.lo IpTSymDependencyDetector.cpp; \
:info:build 	then mv -f ".deps/IpTSymDependencyDetector.Tpo" ".deps/IpTSymDependencyDetector.Plo"; else rm -f ".deps/IpTSymDependencyDetector.Tpo"; exit 1; fi
:info:build mkdir .libs
:info:build  /usr/bin/clang++ -stdlib=libstdc++ -DHAVE_CONFIG_H -I. -I. -I../../../src/Common -I./../../Common -I./../../LinAlg -I./../../LinAlg/TMatrices -I./.. -I./../../Interfaces -I./../../contrib/CGPenalty -I/opt/local/var/macports/build/_opt_local_var_macports_sources_build.openmodelica.org_macports_lang_openmodelica/openmodelica/work/openmodelica_1.9.6/OMCompiler/3rdParty/Ipopt/ThirdParty/Mumps/MUMPS/libseq -I/opt/local/var/macports/build/_opt_local_var_macports_sources_build.openmodelica.org_macports_lang_openmodelica/openmodelica/work/openmodelica_1.9.6/OMCompiler/3rdParty/Ipopt/ThirdParty/Mumps/MUMPS/include -pipe -Os -arch x86_64 -stdlib=libc++ -stdlib=libstdc++ -std=c++11 -DIPOPT_BUILD -MT IpTripletToCSRConverter.lo -MD -MP -MF .deps/IpTripletToCSRConverter.Tpo -c IpTripletToCSRConverter.cpp  -fno-common -DPIC -o .libs/IpTripletToCSRConverter.o
:info:build  /usr/bin/clang++ -stdlib=libstdc++ -DHAVE_CONFIG_H -I. -I. -I../../../src/Common -I./../../Common -I./../../LinAlg -I./../../LinAlg/TMatrices -I./.. -I./../../Interfaces -I./../../contrib/CGPenalty -I/opt/local/var/macports/build/_opt_local_var_macports_sources_build.openmodelica.org_macports_lang_openmodelica/openmodelica/work/openmodelica_1.9.6/OMCompiler/3rdParty/Ipopt/ThirdParty/Mumps/MUMPS/libseq -I/opt/local/var/macports/build/_opt_local_var_macports_sources_build.openmodelica.org_macports_lang_openmodelica/openmodelica/work/openmodelica_1.9.6/OMCompiler/3rdParty/Ipopt/ThirdParty/Mumps/MUMPS/include -pipe -Os -arch x86_64 -stdlib=libc++ -stdlib=libstdc++ -std=c++11 -DIPOPT_BUILD -MT IpSlackBasedTSymScalingMethod.lo -MD -MP -MF .deps/IpSlackBasedTSymScalingMethod.Tpo -c IpSlackBasedTSymScalingMethod.cpp  -fno-common -DPIC -o .libs/IpSlackBasedTSymScalingMethod.o
:info:build  /usr/bin/clang++ -stdlib=libstdc++ -DHAVE_CONFIG_H -I. -I. -I../../../src/Common -I./../../Common -I./../../LinAlg -I./../../LinAlg/TMatrices -I./.. -I./../../Interfaces -I./../../contrib/CGPenalty -I/opt/local/var/macports/build/_opt_local_var_macports_sources_build.openmodelica.org_macports_lang_openmodelica/openmodelica/work/openmodelica_1.9.6/OMCompiler/3rdParty/Ipopt/ThirdParty/Mumps/MUMPS/libseq -I/opt/local/var/macports/build/_opt_local_var_macports_sources_build.openmodelica.org_macports_lang_openmodelica/openmodelica/work/openmodelica_1.9.6/OMCompiler/3rdParty/Ipopt/ThirdParty/Mumps/MUMPS/include -pipe -Os -arch x86_64 -stdlib=libc++ -stdlib=libstdc++ -std=c++11 -DIPOPT_BUILD -MT IpLinearSolversRegOp.lo -MD -MP -MF .deps/IpLinearSolversRegOp.Tpo -c IpLinearSolversRegOp.cpp  -fno-common -DPIC -o .libs/IpLinearSolversRegOp.o
:info:build  /usr/bin/clang++ -stdlib=libstdc++ -DHAVE_CONFIG_H -I. -I. -I../../../src/Common -I./../../Common -I./../../LinAlg -I./../../LinAlg/TMatrices -I./.. -I./../../Interfaces -I./../../contrib/CGPenalty -I/opt/local/var/macports/build/_opt_local_var_macports_sources_build.openmodelica.org_macports_lang_openmodelica/openmodelica/work/openmodelica_1.9.6/OMCompiler/3rdParty/Ipopt/ThirdParty/Mumps/MUMPS/libseq -I/opt/local/var/macports/build/_opt_local_var_macports_sources_build.openmodelica.org_macports_lang_openmodelica/openmodelica/work/openmodelica_1.9.6/OMCompiler/3rdParty/Ipopt/ThirdParty/Mumps/MUMPS/include -pipe -Os -arch x86_64 -stdlib=libc++ -stdlib=libstdc++ -std=c++11 -DIPOPT_BUILD -MT IpTSymDependencyDetector.lo -MD -MP -MF .deps/IpTSymDependencyDetector.Tpo -c IpTSymDependencyDetector.cpp  -fno-common -DPIC -o .libs/IpTSymDependencyDetector.o
:info:build if /bin/sh ../../../../libtool --tag=CXX --mode=compile /usr/bin/clang++ -stdlib=libstdc++ -DHAVE_CONFIG_H -I. -I`echo .` -I../../../src/Common  -I`echo ./../../Common` -I`echo ./../../LinAlg` -I`echo ./../../LinAlg/TMatrices` -I`echo ./..` -I`echo ./../../Interfaces` -I`echo ./../../contrib/CGPenalty` -I/opt/local/var/macports/build/_opt_local_var_macports_sources_build.openmodelica.org_macports_lang_openmodelica/openmodelica/work/openmodelica_1.9.6/OMCompiler/3rdParty/Ipopt/ThirdParty/Mumps/MUMPS/libseq -I/opt/local/var/macports/build/_opt_local_var_macports_sources_build.openmodelica.org_macports_lang_openmodelica/openmodelica/work/openmodelica_1.9.6/OMCompiler/3rdParty/Ipopt/ThirdParty/Mumps/MUMPS/include     -pipe -Os -arch x86_64 -stdlib=libc++ -stdlib=libstdc++ -std=c++11   -DIPOPT_BUILD -MT IpTSymLinearSolver.lo -MD -MP -MF ".deps/IpTSymLinearSolver.Tpo" -c -o IpTSymLinearSolver.lo IpTSymLinearSolver.cpp; \
:info:build 	then mv -f ".deps/IpTSymLinearSolver.Tpo" ".deps/IpTSymLinearSolver.Plo"; else rm -f ".deps/IpTSymLinearSolver.Tpo"; exit 1; fi
:info:build if /bin/sh ../../../../libtool --tag=CXX --mode=compile /usr/bin/clang++ -stdlib=libstdc++ -DHAVE_CONFIG_H -I. -I`echo .` -I../../../src/Common  -I`echo ./../../Common` -I`echo ./../../LinAlg` -I`echo ./../../LinAlg/TMatrices` -I`echo ./..` -I`echo ./../../Interfaces` -I`echo ./../../contrib/CGPenalty` -I/opt/local/var/macports/build/_opt_local_var_macports_sources_build.openmodelica.org_macports_lang_openmodelica/openmodelica/work/openmodelica_1.9.6/OMCompiler/3rdParty/Ipopt/ThirdParty/Mumps/MUMPS/libseq -I/opt/local/var/macports/build/_opt_local_var_macports_sources_build.openmodelica.org_macports_lang_openmodelica/openmodelica/work/openmodelica_1.9.6/OMCompiler/3rdParty/Ipopt/ThirdParty/Mumps/MUMPS/include     -pipe -Os -arch x86_64 -stdlib=libc++ -stdlib=libstdc++ -std=c++11   -DIPOPT_BUILD -MT IpMa27TSolverInterface.lo -MD -MP -MF ".deps/IpMa27TSolverInterface.Tpo" -c -o IpMa27TSolverInterface.lo IpMa27TSolverInterface.cpp; \
:info:build 	then mv -f ".deps/IpMa27TSolverInterface.Tpo" ".deps/IpMa27TSolverInterface.Plo"; else rm -f ".deps/IpMa27TSolverInterface.Tpo"; exit 1; fi
:info:build if /bin/sh ../../../../libtool --tag=CXX --mode=compile /usr/bin/clang++ -stdlib=libstdc++ -DHAVE_CONFIG_H -I. -I`echo .` -I../../../src/Common  -I`echo ./../../Common` -I`echo ./../../LinAlg` -I`echo ./../../LinAlg/TMatrices` -I`echo ./..` -I`echo ./../../Interfaces` -I`echo ./../../contrib/CGPenalty` -I/opt/local/var/macports/build/_opt_local_var_macports_sources_build.openmodelica.org_macports_lang_openmodelica/openmodelica/work/openmodelica_1.9.6/OMCompiler/3rdParty/Ipopt/ThirdParty/Mumps/MUMPS/libseq -I/opt/local/var/macports/build/_opt_local_var_macports_sources_build.openmodelica.org_macports_lang_openmodelica/openmodelica/work/openmodelica_1.9.6/OMCompiler/3rdParty/Ipopt/ThirdParty/Mumps/MUMPS/include     -pipe -Os -arch x86_64 -stdlib=libc++ -stdlib=libstdc++ -std=c++11   -DIPOPT_BUILD -MT IpMa57TSolverInterface.lo -MD -MP -MF ".deps/IpMa57TSolverInterface.Tpo" -c -o IpMa57TSolverInterface.lo IpMa57TSolverInterface.cpp; \
:info:build 	then mv -f ".deps/IpMa57TSolverInterface.Tpo" ".deps/IpMa57TSolverInterface.Plo"; else rm -f ".deps/IpMa57TSolverInterface.Tpo"; exit 1; fi
:info:build if /bin/sh ../../../../libtool --tag=CXX --mode=compile /usr/bin/clang++ -stdlib=libstdc++ -DHAVE_CONFIG_H -I. -I`echo .` -I../../../src/Common  -I`echo ./../../Common` -I`echo ./../../LinAlg` -I`echo ./../../LinAlg/TMatrices` -I`echo ./..` -I`echo ./../../Interfaces` -I`echo ./../../contrib/CGPenalty` -I/opt/local/var/macports/build/_opt_local_var_macports_sources_build.openmodelica.org_macports_lang_openmodelica/openmodelica/work/openmodelica_1.9.6/OMCompiler/3rdParty/Ipopt/ThirdParty/Mumps/MUMPS/libseq -I/opt/local/var/macports/build/_opt_local_var_macports_sources_build.openmodelica.org_macports_lang_openmodelica/openmodelica/work/openmodelica_1.9.6/OMCompiler/3rdParty/Ipopt/ThirdParty/Mumps/MUMPS/include     -pipe -Os -arch x86_64 -stdlib=libc++ -stdlib=libstdc++ -std=c++11   -DIPOPT_BUILD -MT IpMa86SolverInterface.lo -MD -MP -MF ".deps/IpMa86SolverInterface.Tpo" -c -o IpMa86SolverInterface.lo IpMa86SolverInterface.cpp; \
:info:build 	then mv -f ".deps/IpMa86SolverInterface.Tpo" ".deps/IpMa86SolverInterface.Plo"; else rm -f ".deps/IpMa86SolverInterface.Tpo"; exit 1; fi
:info:build  /usr/bin/clang++ -stdlib=libstdc++ -DHAVE_CONFIG_H -I. -I. -I../../../src/Common -I./../../Common -I./../../LinAlg -I./../../LinAlg/TMatrices -I./.. -I./../../Interfaces -I./../../contrib/CGPenalty -I/opt/local/var/macports/build/_opt_local_var_macports_sources_build.openmodelica.org_macports_lang_openmodelica/openmodelica/work/openmodelica_1.9.6/OMCompiler/3rdParty/Ipopt/ThirdParty/Mumps/MUMPS/libseq -I/opt/local/var/macports/build/_opt_local_var_macports_sources_build.openmodelica.org_macports_lang_openmodelica/openmodelica/work/openmodelica_1.9.6/OMCompiler/3rdParty/Ipopt/ThirdParty/Mumps/MUMPS/include -pipe -Os -arch x86_64 -stdlib=libc++ -stdlib=libstdc++ -std=c++11 -DIPOPT_BUILD -MT IpTSymLinearSolver.lo -MD -MP -MF .deps/IpTSymLinearSolver.Tpo -c IpTSymLinearSolver.cpp  -fno-common -DPIC -o .libs/IpTSymLinearSolver.o
:info:build  /usr/bin/clang++ -stdlib=libstdc++ -DHAVE_CONFIG_H -I. -I. -I../../../src/Common -I./../../Common -I./../../LinAlg -I./../../LinAlg/TMatrices -I./.. -I./../../Interfaces -I./../../contrib/CGPenalty -I/opt/local/var/macports/build/_opt_local_var_macports_sources_build.openmodelica.org_macports_lang_openmodelica/openmodelica/work/openmodelica_1.9.6/OMCompiler/3rdParty/Ipopt/ThirdParty/Mumps/MUMPS/libseq -I/opt/local/var/macports/build/_opt_local_var_macports_sources_build.openmodelica.org_macports_lang_openmodelica/openmodelica/work/openmodelica_1.9.6/OMCompiler/3rdParty/Ipopt/ThirdParty/Mumps/MUMPS/include -pipe -Os -arch x86_64 -stdlib=libc++ -stdlib=libstdc++ -std=c++11 -DIPOPT_BUILD -MT IpMa27TSolverInterface.lo -MD -MP -MF .deps/IpMa27TSolverInterface.Tpo -c IpMa27TSolverInterface.cpp  -fno-common -DPIC -o .libs/IpMa27TSolverInterface.o
:info:build  /usr/bin/clang++ -stdlib=libstdc++ -DHAVE_CONFIG_H -I. -I. -I../../../src/Common -I./../../Common -I./../../LinAlg -I./../../LinAlg/TMatrices -I./.. -I./../../Interfaces -I./../../contrib/CGPenalty -I/opt/local/var/macports/build/_opt_local_var_macports_sources_build.openmodelica.org_macports_lang_openmodelica/openmodelica/work/openmodelica_1.9.6/OMCompiler/3rdParty/Ipopt/ThirdParty/Mumps/MUMPS/libseq -I/opt/local/var/macports/build/_opt_local_var_macports_sources_build.openmodelica.org_macports_lang_openmodelica/openmodelica/work/openmodelica_1.9.6/OMCompiler/3rdParty/Ipopt/ThirdParty/Mumps/MUMPS/include -pipe -Os -arch x86_64 -stdlib=libc++ -stdlib=libstdc++ -std=c++11 -DIPOPT_BUILD -MT IpMa57TSolverInterface.lo -MD -MP -MF .deps/IpMa57TSolverInterface.Tpo -c IpMa57TSolverInterface.cpp  -fno-common -DPIC -o .libs/IpMa57TSolverInterface.o
:info:build  /usr/bin/clang++ -stdlib=libstdc++ -DHAVE_CONFIG_H -I. -I. -I../../../src/Common -I./../../Common -I./../../LinAlg -I./../../LinAlg/TMatrices -I./.. -I./../../Interfaces -I./../../contrib/CGPenalty -I/opt/local/var/macports/build/_opt_local_var_macports_sources_build.openmodelica.org_macports_lang_openmodelica/openmodelica/work/openmodelica_1.9.6/OMCompiler/3rdParty/Ipopt/ThirdParty/Mumps/MUMPS/libseq -I/opt/local/var/macports/build/_opt_local_var_macports_sources_build.openmodelica.org_macports_lang_openmodelica/openmodelica/work/openmodelica_1.9.6/OMCompiler/3rdParty/Ipopt/ThirdParty/Mumps/MUMPS/include -pipe -Os -arch x86_64 -stdlib=libc++ -stdlib=libstdc++ -std=c++11 -DIPOPT_BUILD -MT IpMa86SolverInterface.lo -MD -MP -MF .deps/IpMa86SolverInterface.Tpo -c IpMa86SolverInterface.cpp  -fno-common -DPIC -o .libs/IpMa86SolverInterface.o
:info:build if /bin/sh ../../../../libtool --tag=CXX --mode=compile /usr/bin/clang++ -stdlib=libstdc++ -DHAVE_CONFIG_H -I. -I`echo .` -I../../../src/Common  -I`echo ./../../Common` -I`echo ./../../LinAlg` -I`echo ./../../LinAlg/TMatrices` -I`echo ./..` -I`echo ./../../Interfaces` -I`echo ./../../contrib/CGPenalty` -I/opt/local/var/macports/build/_opt_local_var_macports_sources_build.openmodelica.org_macports_lang_openmodelica/openmodelica/work/openmodelica_1.9.6/OMCompiler/3rdParty/Ipopt/ThirdParty/Mumps/MUMPS/libseq -I/opt/local/var/macports/build/_opt_local_var_macports_sources_build.openmodelica.org_macports_lang_openmodelica/openmodelica/work/openmodelica_1.9.6/OMCompiler/3rdParty/Ipopt/ThirdParty/Mumps/MUMPS/include     -pipe -Os -arch x86_64 -stdlib=libc++ -stdlib=libstdc++ -std=c++11   -DIPOPT_BUILD -MT IpMa97SolverInterface.lo -MD -MP -MF ".deps/IpMa97SolverInterface.Tpo" -c -o IpMa97SolverInterface.lo IpMa97SolverInterface.cpp; \
:info:build 	then mv -f ".deps/IpMa97SolverInterface.Tpo" ".deps/IpMa97SolverInterface.Plo"; else rm -f ".deps/IpMa97SolverInterface.Tpo"; exit 1; fi
:info:build if /bin/sh ../../../../libtool --tag=CXX --mode=compile /usr/bin/clang++ -stdlib=libstdc++ -DHAVE_CONFIG_H -I. -I`echo .` -I../../../src/Common  -I`echo ./../../Common` -I`echo ./../../LinAlg` -I`echo ./../../LinAlg/TMatrices` -I`echo ./..` -I`echo ./../../Interfaces` -I`echo ./../../contrib/CGPenalty` -I/opt/local/var/macports/build/_opt_local_var_macports_sources_build.openmodelica.org_macports_lang_openmodelica/openmodelica/work/openmodelica_1.9.6/OMCompiler/3rdParty/Ipopt/ThirdParty/Mumps/MUMPS/libseq -I/opt/local/var/macports/build/_opt_local_var_macports_sources_build.openmodelica.org_macports_lang_openmodelica/openmodelica/work/openmodelica_1.9.6/OMCompiler/3rdParty/Ipopt/ThirdParty/Mumps/MUMPS/include     -pipe -Os -arch x86_64 -stdlib=libc++ -stdlib=libstdc++ -std=c++11   -DIPOPT_BUILD -MT IpMc19TSymScalingMethod.lo -MD -MP -MF ".deps/IpMc19TSymScalingMethod.Tpo" -c -o IpMc19TSymScalingMethod.lo IpMc19TSymScalingMethod.cpp; \
:info:build 	then mv -f ".deps/IpMc19TSymScalingMethod.Tpo" ".deps/IpMc19TSymScalingMethod.Plo"; else rm -f ".deps/IpMc19TSymScalingMethod.Tpo"; exit 1; fi
:info:build if /bin/sh ../../../../libtool --tag=CXX --mode=compile /usr/bin/clang++ -stdlib=libstdc++ -DHAVE_CONFIG_H -I. -I`echo .` -I../../../src/Common  -I`echo ./../../Common` -I`echo ./../../LinAlg` -I`echo ./../../LinAlg/TMatrices` -I`echo ./..` -I`echo ./../../Interfaces` -I`echo ./../../contrib/CGPenalty` -I/opt/local/var/macports/build/_opt_local_var_macports_sources_build.openmodelica.org_macports_lang_openmodelica/openmodelica/work/openmodelica_1.9.6/OMCompiler/3rdParty/Ipopt/ThirdParty/Mumps/MUMPS/libseq -I/opt/local/var/macports/build/_opt_local_var_macports_sources_build.openmodelica.org_macports_lang_openmodelica/openmodelica/work/openmodelica_1.9.6/OMCompiler/3rdParty/Ipopt/ThirdParty/Mumps/MUMPS/include     -pipe -Os -arch x86_64 -stdlib=libc++ -stdlib=libstdc++ -std=c++11   -DIPOPT_BUILD -MT IpMa28TDependencyDetector.lo -MD -MP -MF ".deps/IpMa28TDependencyDetector.Tpo" -c -o IpMa28TDependencyDetector.lo IpMa28TDependencyDetector.cpp; \
:info:build 	then mv -f ".deps/IpMa28TDependencyDetector.Tpo" ".deps/IpMa28TDependencyDetector.Plo"; else rm -f ".deps/IpMa28TDependencyDetector.Tpo"; exit 1; fi
:info:build if /bin/sh ../../../../libtool --tag=CXX --mode=compile /usr/bin/clang++ -stdlib=libstdc++ -DHAVE_CONFIG_H -I. -I`echo .` -I../../../src/Common  -I`echo ./../../Common` -I`echo ./../../LinAlg` -I`echo ./../../LinAlg/TMatrices` -I`echo ./..` -I`echo ./../../Interfaces` -I`echo ./../../contrib/CGPenalty` -I/opt/local/var/macports/build/_opt_local_var_macports_sources_build.openmodelica.org_macports_lang_openmodelica/openmodelica/work/openmodelica_1.9.6/OMCompiler/3rdParty/Ipopt/ThirdParty/Mumps/MUMPS/libseq -I/opt/local/var/macports/build/_opt_local_var_macports_sources_build.openmodelica.org_macports_lang_openmodelica/openmodelica/work/openmodelica_1.9.6/OMCompiler/3rdParty/Ipopt/ThirdParty/Mumps/MUMPS/include     -pipe -Os -arch x86_64 -stdlib=libc++ -stdlib=libstdc++ -std=c++11   -DIPOPT_BUILD -MT IpMa77SolverInterface.lo -MD -MP -MF ".deps/IpMa77SolverInterface.Tpo" -c -o IpMa77SolverInterface.lo IpMa77SolverInterface.cpp; \
:info:build 	then mv -f ".deps/IpMa77SolverInterface.Tpo" ".deps/IpMa77SolverInterface.Plo"; else rm -f ".deps/IpMa77SolverInterface.Tpo"; exit 1; fi
:info:build  /usr/bin/clang++ -stdlib=libstdc++ -DHAVE_CONFIG_H -I. -I. -I../../../src/Common -I./../../Common -I./../../LinAlg -I./../../LinAlg/TMatrices -I./.. -I./../../Interfaces -I./../../contrib/CGPenalty -I/opt/local/var/macports/build/_opt_local_var_macports_sources_build.openmodelica.org_macports_lang_openmodelica/openmodelica/work/openmodelica_1.9.6/OMCompiler/3rdParty/Ipopt/ThirdParty/Mumps/MUMPS/libseq -I/opt/local/var/macports/build/_opt_local_var_macports_sources_build.openmodelica.org_macports_lang_openmodelica/openmodelica/work/openmodelica_1.9.6/OMCompiler/3rdParty/Ipopt/ThirdParty/Mumps/MUMPS/include -pipe -Os -arch x86_64 -stdlib=libc++ -stdlib=libstdc++ -std=c++11 -DIPOPT_BUILD -MT IpMc19TSymScalingMethod.lo -MD -MP -MF .deps/IpMc19TSymScalingMethod.Tpo -c IpMc19TSymScalingMethod.cpp  -fno-common -DPIC -o .libs/IpMc19TSymScalingMethod.o
:info:build  /usr/bin/clang++ -stdlib=libstdc++ -DHAVE_CONFIG_H -I. -I. -I../../../src/Common -I./../../Common -I./../../LinAlg -I./../../LinAlg/TMatrices -I./.. -I./../../Interfaces -I./../../contrib/CGPenalty -I/opt/local/var/macports/build/_opt_local_var_macports_sources_build.openmodelica.org_macports_lang_openmodelica/openmodelica/work/openmodelica_1.9.6/OMCompiler/3rdParty/Ipopt/ThirdParty/Mumps/MUMPS/libseq -I/opt/local/var/macports/build/_opt_local_var_macports_sources_build.openmodelica.org_macports_lang_openmodelica/openmodelica/work/openmodelica_1.9.6/OMCompiler/3rdParty/Ipopt/ThirdParty/Mumps/MUMPS/include -pipe -Os -arch x86_64 -stdlib=libc++ -stdlib=libstdc++ -std=c++11 -DIPOPT_BUILD -MT IpMa97SolverInterface.lo -MD -MP -MF .deps/IpMa97SolverInterface.Tpo -c IpMa97SolverInterface.cpp  -fno-common -DPIC -o .libs/IpMa97SolverInterface.o
:info:build  /usr/bin/clang++ -stdlib=libstdc++ -DHAVE_CONFIG_H -I. -I. -I../../../src/Common -I./../../Common -I./../../LinAlg -I./../../LinAlg/TMatrices -I./.. -I./../../Interfaces -I./../../contrib/CGPenalty -I/opt/local/var/macports/build/_opt_local_var_macports_sources_build.openmodelica.org_macports_lang_openmodelica/openmodelica/work/openmodelica_1.9.6/OMCompiler/3rdParty/Ipopt/ThirdParty/Mumps/MUMPS/libseq -I/opt/local/var/macports/build/_opt_local_var_macports_sources_build.openmodelica.org_macports_lang_openmodelica/openmodelica/work/openmodelica_1.9.6/OMCompiler/3rdParty/Ipopt/ThirdParty/Mumps/MUMPS/include -pipe -Os -arch x86_64 -stdlib=libc++ -stdlib=libstdc++ -std=c++11 -DIPOPT_BUILD -MT IpMa77SolverInterface.lo -MD -MP -MF .deps/IpMa77SolverInterface.Tpo -c IpMa77SolverInterface.cpp  -fno-common -DPIC -o .libs/IpMa77SolverInterface.o
:info:build  /usr/bin/clang++ -stdlib=libstdc++ -DHAVE_CONFIG_H -I. -I. -I../../../src/Common -I./../../Common -I./../../LinAlg -I./../../LinAlg/TMatrices -I./.. -I./../../Interfaces -I./../../contrib/CGPenalty -I/opt/local/var/macports/build/_opt_local_var_macports_sources_build.openmodelica.org_macports_lang_openmodelica/openmodelica/work/openmodelica_1.9.6/OMCompiler/3rdParty/Ipopt/ThirdParty/Mumps/MUMPS/libseq -I/opt/local/var/macports/build/_opt_local_var_macports_sources_build.openmodelica.org_macports_lang_openmodelica/openmodelica/work/openmodelica_1.9.6/OMCompiler/3rdParty/Ipopt/ThirdParty/Mumps/MUMPS/include -pipe -Os -arch x86_64 -stdlib=libc++ -stdlib=libstdc++ -std=c++11 -DIPOPT_BUILD -MT IpMa28TDependencyDetector.lo -MD -MP -MF .deps/IpMa28TDependencyDetector.Tpo -c IpMa28TDependencyDetector.cpp  -fno-common -DPIC -o .libs/IpMa28TDependencyDetector.o
:info:build if /bin/sh ../../../../libtool --tag=CXX --mode=compile /usr/bin/clang++ -stdlib=libstdc++ -DHAVE_CONFIG_H -I. -I`echo .` -I../../../src/Common  -I`echo ./../../Common` -I`echo ./../../LinAlg` -I`echo ./../../LinAlg/TMatrices` -I`echo ./..` -I`echo ./../../Interfaces` -I`echo ./../../contrib/CGPenalty` -I/opt/local/var/macports/build/_opt_local_var_macports_sources_build.openmodelica.org_macports_lang_openmodelica/openmodelica/work/openmodelica_1.9.6/OMCompiler/3rdParty/Ipopt/ThirdParty/Mumps/MUMPS/libseq -I/opt/local/var/macports/build/_opt_local_var_macports_sources_build.openmodelica.org_macports_lang_openmodelica/openmodelica/work/openmodelica_1.9.6/OMCompiler/3rdParty/Ipopt/ThirdParty/Mumps/MUMPS/include     -pipe -Os -arch x86_64 -stdlib=libc++ -stdlib=libstdc++ -std=c++11   -DIPOPT_BUILD -MT IpPardisoSolverInterface.lo -MD -MP -MF ".deps/IpPardisoSolverInterface.Tpo" -c -o IpPardisoSolverInterface.lo IpPardisoSolverInterface.cpp; \
:info:build 	then mv -f ".deps/IpPardisoSolverInterface.Tpo" ".deps/IpPardisoSolverInterface.Plo"; else rm -f ".deps/IpPardisoSolverInterface.Tpo"; exit 1; fi
:info:build /bin/sh ../../../../libtool --tag=F77 --mode=compile /opt/local/bin/gfortran-mp-5 -DHAVE_CONFIG_H -I. -I`echo .` -I../../../src/Common  -I`echo ./../../Common` -I`echo ./../../LinAlg` -I`echo ./../../LinAlg/TMatrices` -I`echo ./..` -I`echo ./../../Interfaces` -I`echo ./../../contrib/CGPenalty` -I/opt/local/var/macports/build/_opt_local_var_macports_sources_build.openmodelica.org_macports_lang_openmodelica/openmodelica/work/openmodelica_1.9.6/OMCompiler/3rdParty/Ipopt/ThirdParty/Mumps/MUMPS/libseq -I/opt/local/var/macports/build/_opt_local_var_macports_sources_build.openmodelica.org_macports_lang_openmodelica/openmodelica/work/openmodelica_1.9.6/OMCompiler/3rdParty/Ipopt/ThirdParty/Mumps/MUMPS/include     -O3 -pipe   -c -o IpMa28Partition.lo IpMa28Partition.F
:info:build if /bin/sh ../../../../libtool --tag=CXX --mode=compile /usr/bin/clang++ -stdlib=libstdc++ -DHAVE_CONFIG_H -I. -I`echo .` -I../../../src/Common  -I`echo ./../../Common` -I`echo ./../../LinAlg` -I`echo ./../../LinAlg/TMatrices` -I`echo ./..` -I`echo ./../../Interfaces` -I`echo ./../../contrib/CGPenalty` -I/opt/local/var/macports/build/_opt_local_var_macports_sources_build.openmodelica.org_macports_lang_openmodelica/openmodelica/work/openmodelica_1.9.6/OMCompiler/3rdParty/Ipopt/ThirdParty/Mumps/MUMPS/libseq -I/opt/local/var/macports/build/_opt_local_var_macports_sources_build.openmodelica.org_macports_lang_openmodelica/openmodelica/work/openmodelica_1.9.6/OMCompiler/3rdParty/Ipopt/ThirdParty/Mumps/MUMPS/include     -pipe -Os -arch x86_64 -stdlib=libc++ -stdlib=libstdc++ -std=c++11   -DIPOPT_BUILD -MT IpMumpsSolverInterface.lo -MD -MP -MF ".deps/IpMumpsSolverInterface.Tpo" -c -o IpMumpsSolverInterface.lo IpMumpsSolverInterface.cpp; \
:info:build 	then mv -f ".deps/IpMumpsSolverInterface.Tpo" ".deps/IpMumpsSolverInterface.Plo"; else rm -f ".deps/IpMumpsSolverInterface.Tpo"; exit 1; fi
:info:build  /opt/local/bin/gfortran-mp-5 -DHAVE_CONFIG_H -I. -I. -I../../../src/Common -I./../../Common -I./../../LinAlg -I./../../LinAlg/TMatrices -I./.. -I./../../Interfaces -I./../../contrib/CGPenalty -I/opt/local/var/macports/build/_opt_local_var_macports_sources_build.openmodelica.org_macports_lang_openmodelica/openmodelica/work/openmodelica_1.9.6/OMCompiler/3rdParty/Ipopt/ThirdParty/Mumps/MUMPS/libseq -I/opt/local/var/macports/build/_opt_local_var_macports_sources_build.openmodelica.org_macports_lang_openmodelica/openmodelica/work/openmodelica_1.9.6/OMCompiler/3rdParty/Ipopt/ThirdParty/Mumps/MUMPS/include -O3 -pipe -c IpMa28Partition.F  -fno-common -o .libs/IpMa28Partition.o
:info:build  /usr/bin/clang++ -stdlib=libstdc++ -DHAVE_CONFIG_H -I. -I. -I../../../src/Common -I./../../Common -I./../../LinAlg -I./../../LinAlg/TMatrices -I./.. -I./../../Interfaces -I./../../contrib/CGPenalty -I/opt/local/var/macports/build/_opt_local_var_macports_sources_build.openmodelica.org_macports_lang_openmodelica/openmodelica/work/openmodelica_1.9.6/OMCompiler/3rdParty/Ipopt/ThirdParty/Mumps/MUMPS/libseq -I/opt/local/var/macports/build/_opt_local_var_macports_sources_build.openmodelica.org_macports_lang_openmodelica/openmodelica/work/openmodelica_1.9.6/OMCompiler/3rdParty/Ipopt/ThirdParty/Mumps/MUMPS/include -pipe -Os -arch x86_64 -stdlib=libc++ -stdlib=libstdc++ -std=c++11 -DIPOPT_BUILD -MT IpPardisoSolverInterface.lo -MD -MP -MF .deps/IpPardisoSolverInterface.Tpo -c IpPardisoSolverInterface.cpp  -fno-common -DPIC -o .libs/IpPardisoSolverInterface.o
:info:build  /usr/bin/clang++ -stdlib=libstdc++ -DHAVE_CONFIG_H -I. -I. -I../../../src/Common -I./../../Common -I./../../LinAlg -I./../../LinAlg/TMatrices -I./.. -I./../../Interfaces -I./../../contrib/CGPenalty -I/opt/local/var/macports/build/_opt_local_var_macports_sources_build.openmodelica.org_macports_lang_openmodelica/openmodelica/work/openmodelica_1.9.6/OMCompiler/3rdParty/Ipopt/ThirdParty/Mumps/MUMPS/libseq -I/opt/local/var/macports/build/_opt_local_var_macports_sources_build.openmodelica.org_macports_lang_openmodelica/openmodelica/work/openmodelica_1.9.6/OMCompiler/3rdParty/Ipopt/ThirdParty/Mumps/MUMPS/include -pipe -Os -arch x86_64 -stdlib=libc++ -stdlib=libstdc++ -std=c++11 -DIPOPT_BUILD -MT IpMumpsSolverInterface.lo -MD -MP -MF .deps/IpMumpsSolverInterface.Tpo -c IpMumpsSolverInterface.cpp  -fno-common -DPIC -o .libs/IpMumpsSolverInterface.o
:info:build /bin/sh ../../../../libtool --tag=CXX --mode=link /usr/bin/clang++ -stdlib=libstdc++  -pipe -Os -arch x86_64 -stdlib=libc++ -stdlib=libstdc++ -std=c++11   -DIPOPT_BUILD  -L/opt/local/var/macports/build/_opt_local_var_macports_sources_build.openmodelica.org_macports_lang_openmodelica/openmodelica/work/openmodelica_1.9.6/build/lib/x86_64-darwin15.4.0/omc -L/opt/local/lib -Wl,-headerpad_max_install_names -arch x86_64 -o liblinsolvers.la  -no-undefined IpLinearSolversRegOp.lo IpSlackBasedTSymScalingMethod.lo IpTripletToCSRConverter.lo IpTSymDependencyDetector.lo IpTSymLinearSolver.lo IpMa27TSolverInterface.lo IpMa57TSolverInterface.lo IpMa86SolverInterface.lo IpMa97SolverInterface.lo IpMc19TSymScalingMethod.lo IpMa28TDependencyDetector.lo IpMa77SolverInterface.lo IpPardisoSolverInterface.lo IpMa28Partition.lo    IpMumpsSolverInterface.lo  
:info:build ar cru .libs/liblinsolvers.a .libs/IpLinearSolversRegOp.o .libs/IpSlackBasedTSymScalingMethod.o .libs/IpTripletToCSRConverter.o .libs/IpTSymDependencyDetector.o .libs/IpTSymLinearSolver.o .libs/IpMa27TSolverInterface.o .libs/IpMa57TSolverInterface.o .libs/IpMa86SolverInterface.o .libs/IpMa97SolverInterface.o .libs/IpMc19TSymScalingMethod.o .libs/IpMa28TDependencyDetector.o .libs/IpMa77SolverInterface.o .libs/IpPardisoSolverInterface.o .libs/IpMa28Partition.o .libs/IpMumpsSolverInterface.o
:info:build ranlib .libs/liblinsolvers.a
:info:build creating liblinsolvers.la
:info:build (cd .libs && rm -f liblinsolvers.la && ln -s ../liblinsolvers.la liblinsolvers.la)
:info:build make[6]: Leaving directory `/opt/local/var/macports/build/_opt_local_var_macports_sources_build.openmodelica.org_macports_lang_openmodelica/openmodelica/work/openmodelica_1.9.6/OMCompiler/3rdParty/Ipopt/Ipopt/src/Algorithm/LinearSolvers'
:info:build Making all in Inexact
:info:build make[6]: Entering directory `/opt/local/var/macports/build/_opt_local_var_macports_sources_build.openmodelica.org_macports_lang_openmodelica/openmodelica/work/openmodelica_1.9.6/OMCompiler/3rdParty/Ipopt/Ipopt/src/Algorithm/Inexact'
:info:build make[6]: Nothing to be done for `all'.
:info:build make[6]: Leaving directory `/opt/local/var/macports/build/_opt_local_var_macports_sources_build.openmodelica.org_macports_lang_openmodelica/openmodelica/work/openmodelica_1.9.6/OMCompiler/3rdParty/Ipopt/Ipopt/src/Algorithm/Inexact'
:info:build make[6]: Entering directory `/opt/local/var/macports/build/_opt_local_var_macports_sources_build.openmodelica.org_macports_lang_openmodelica/openmodelica/work/openmodelica_1.9.6/OMCompiler/3rdParty/Ipopt/Ipopt/src/Algorithm'
:info:build if /bin/sh ../../../libtool --tag=CXX --mode=compile /usr/bin/clang++ -stdlib=libstdc++ -DHAVE_CONFIG_H -I. -I`echo .` -I../../src/Common  -I`echo ./../Common` -I`echo ./../LinAlg` -I`echo ./../LinAlg/TMatrices` -I`echo ./../Interfaces` -I`echo ./LinearSolvers` -I`echo ./../contrib/CGPenalty` -I`echo ./../contrib/LinearSolverLoader`    -pipe -Os -arch x86_64 -stdlib=libc++ -stdlib=libstdc++ -std=c++11   -DIPOPT_BUILD -MT IpAdaptiveMuUpdate.lo -MD -MP -MF ".deps/IpAdaptiveMuUpdate.Tpo" -c -o IpAdaptiveMuUpdate.lo IpAdaptiveMuUpdate.cpp; \
:info:build 	then mv -f ".deps/IpAdaptiveMuUpdate.Tpo" ".deps/IpAdaptiveMuUpdate.Plo"; else rm -f ".deps/IpAdaptiveMuUpdate.Tpo"; exit 1; fi
:info:build if /bin/sh ../../../libtool --tag=CXX --mode=compile /usr/bin/clang++ -stdlib=libstdc++ -DHAVE_CONFIG_H -I. -I`echo .` -I../../src/Common  -I`echo ./../Common` -I`echo ./../LinAlg` -I`echo ./../LinAlg/TMatrices` -I`echo ./../Interfaces` -I`echo ./LinearSolvers` -I`echo ./../contrib/CGPenalty` -I`echo ./../contrib/LinearSolverLoader`    -pipe -Os -arch x86_64 -stdlib=libc++ -stdlib=libstdc++ -std=c++11   -DIPOPT_BUILD -MT IpAlgBuilder.lo -MD -MP -MF ".deps/IpAlgBuilder.Tpo" -c -o IpAlgBuilder.lo IpAlgBuilder.cpp; \
:info:build 	then mv -f ".deps/IpAlgBuilder.Tpo" ".deps/IpAlgBuilder.Plo"; else rm -f ".deps/IpAlgBuilder.Tpo"; exit 1; fi
:info:build if /bin/sh ../../../libtool --tag=CXX --mode=compile /usr/bin/clang++ -stdlib=libstdc++ -DHAVE_CONFIG_H -I. -I`echo .` -I../../src/Common  -I`echo ./../Common` -I`echo ./../LinAlg` -I`echo ./../LinAlg/TMatrices` -I`echo ./../Interfaces` -I`echo ./LinearSolvers` -I`echo ./../contrib/CGPenalty` -I`echo ./../contrib/LinearSolverLoader`    -pipe -Os -arch x86_64 -stdlib=libc++ -stdlib=libstdc++ -std=c++11   -DIPOPT_BUILD -MT IpAlgorithmRegOp.lo -MD -MP -MF ".deps/IpAlgorithmRegOp.Tpo" -c -o IpAlgorithmRegOp.lo IpAlgorithmRegOp.cpp; \
:info:build 	then mv -f ".deps/IpAlgorithmRegOp.Tpo" ".deps/IpAlgorithmRegOp.Plo"; else rm -f ".deps/IpAlgorithmRegOp.Tpo"; exit 1; fi
:info:build if /bin/sh ../../../libtool --tag=CXX --mode=compile /usr/bin/clang++ -stdlib=libstdc++ -DHAVE_CONFIG_H -I. -I`echo .` -I../../src/Common  -I`echo ./../Common` -I`echo ./../LinAlg` -I`echo ./../LinAlg/TMatrices` -I`echo ./../Interfaces` -I`echo ./LinearSolvers` -I`echo ./../contrib/CGPenalty` -I`echo ./../contrib/LinearSolverLoader`    -pipe -Os -arch x86_64 -stdlib=libc++ -stdlib=libstdc++ -std=c++11   -DIPOPT_BUILD -MT IpAugRestoSystemSolver.lo -MD -MP -MF ".deps/IpAugRestoSystemSolver.Tpo" -c -o IpAugRestoSystemSolver.lo IpAugRestoSystemSolver.cpp; \
:info:build 	then mv -f ".deps/IpAugRestoSystemSolver.Tpo" ".deps/IpAugRestoSystemSolver.Plo"; else rm -f ".deps/IpAugRestoSystemSolver.Tpo"; exit 1; fi
:info:build mkdir .libs
:info:build  /usr/bin/clang++ -stdlib=libstdc++ -DHAVE_CONFIG_H -I. -I. -I../../src/Common -I./../Common -I./../LinAlg -I./../LinAlg/TMatrices -I./../Interfaces -I./LinearSolvers -I./../contrib/CGPenalty -I./../contrib/LinearSolverLoader -pipe -Os -arch x86_64 -stdlib=libc++ -stdlib=libstdc++ -std=c++11 -DIPOPT_BUILD -MT IpAdaptiveMuUpdate.lo -MD -MP -MF .deps/IpAdaptiveMuUpdate.Tpo -c IpAdaptiveMuUpdate.cpp  -fno-common -DPIC -o .libs/IpAdaptiveMuUpdate.o
:info:build  /usr/bin/clang++ -stdlib=libstdc++ -DHAVE_CONFIG_H -I. -I. -I../../src/Common -I./../Common -I./../LinAlg -I./../LinAlg/TMatrices -I./../Interfaces -I./LinearSolvers -I./../contrib/CGPenalty -I./../contrib/LinearSolverLoader -pipe -Os -arch x86_64 -stdlib=libc++ -stdlib=libstdc++ -std=c++11 -DIPOPT_BUILD -MT IpAlgorithmRegOp.lo -MD -MP -MF .deps/IpAlgorithmRegOp.Tpo -c IpAlgorithmRegOp.cpp  -fno-common -DPIC -o .libs/IpAlgorithmRegOp.o
:info:build  /usr/bin/clang++ -stdlib=libstdc++ -DHAVE_CONFIG_H -I. -I. -I../../src/Common -I./../Common -I./../LinAlg -I./../LinAlg/TMatrices -I./../Interfaces -I./LinearSolvers -I./../contrib/CGPenalty -I./../contrib/LinearSolverLoader -pipe -Os -arch x86_64 -stdlib=libc++ -stdlib=libstdc++ -std=c++11 -DIPOPT_BUILD -MT IpAlgBuilder.lo -MD -MP -MF .deps/IpAlgBuilder.Tpo -c IpAlgBuilder.cpp  -fno-common -DPIC -o .libs/IpAlgBuilder.o
:info:build  /usr/bin/clang++ -stdlib=libstdc++ -DHAVE_CONFIG_H -I. -I. -I../../src/Common -I./../Common -I./../LinAlg -I./../LinAlg/TMatrices -I./../Interfaces -I./LinearSolvers -I./../contrib/CGPenalty -I./../contrib/LinearSolverLoader -pipe -Os -arch x86_64 -stdlib=libc++ -stdlib=libstdc++ -std=c++11 -DIPOPT_BUILD -MT IpAugRestoSystemSolver.lo -MD -MP -MF .deps/IpAugRestoSystemSolver.Tpo -c IpAugRestoSystemSolver.cpp  -fno-common -DPIC -o .libs/IpAugRestoSystemSolver.o
:info:build if /bin/sh ../../../libtool --tag=CXX --mode=compile /usr/bin/clang++ -stdlib=libstdc++ -DHAVE_CONFIG_H -I. -I`echo .` -I../../src/Common  -I`echo ./../Common` -I`echo ./../LinAlg` -I`echo ./../LinAlg/TMatrices` -I`echo ./../Interfaces` -I`echo ./LinearSolvers` -I`echo ./../contrib/CGPenalty` -I`echo ./../contrib/LinearSolverLoader`    -pipe -Os -arch x86_64 -stdlib=libc++ -stdlib=libstdc++ -std=c++11   -DIPOPT_BUILD -MT IpBacktrackingLineSearch.lo -MD -MP -MF ".deps/IpBacktrackingLineSearch.Tpo" -c -o IpBacktrackingLineSearch.lo IpBacktrackingLineSearch.cpp; \
:info:build 	then mv -f ".deps/IpBacktrackingLineSearch.Tpo" ".deps/IpBacktrackingLineSearch.Plo"; else rm -f ".deps/IpBacktrackingLineSearch.Tpo"; exit 1; fi
:info:build if /bin/sh ../../../libtool --tag=CXX --mode=compile /usr/bin/clang++ -stdlib=libstdc++ -DHAVE_CONFIG_H -I. -I`echo .` -I../../src/Common  -I`echo ./../Common` -I`echo ./../LinAlg` -I`echo ./../LinAlg/TMatrices` -I`echo ./../Interfaces` -I`echo ./LinearSolvers` -I`echo ./../contrib/CGPenalty` -I`echo ./../contrib/LinearSolverLoader`    -pipe -Os -arch x86_64 -stdlib=libc++ -stdlib=libstdc++ -std=c++11   -DIPOPT_BUILD -MT IpDefaultIterateInitializer.lo -MD -MP -MF ".deps/IpDefaultIterateInitializer.Tpo" -c -o IpDefaultIterateInitializer.lo IpDefaultIterateInitializer.cpp; \
:info:build 	then mv -f ".deps/IpDefaultIterateInitializer.Tpo" ".deps/IpDefaultIterateInitializer.Plo"; else rm -f ".deps/IpDefaultIterateInitializer.Tpo"; exit 1; fi
:info:build  /usr/bin/clang++ -stdlib=libstdc++ -DHAVE_CONFIG_H -I. -I. -I../../src/Common -I./../Common -I./../LinAlg -I./../LinAlg/TMatrices -I./../Interfaces -I./LinearSolvers -I./../contrib/CGPenalty -I./../contrib/LinearSolverLoader -pipe -Os -arch x86_64 -stdlib=libc++ -stdlib=libstdc++ -std=c++11 -DIPOPT_BUILD -MT IpBacktrackingLineSearch.lo -MD -MP -MF .deps/IpBacktrackingLineSearch.Tpo -c IpBacktrackingLineSearch.cpp  -fno-common -DPIC -o .libs/IpBacktrackingLineSearch.o
:info:build  /usr/bin/clang++ -stdlib=libstdc++ -DHAVE_CONFIG_H -I. -I. -I../../src/Common -I./../Common -I./../LinAlg -I./../LinAlg/TMatrices -I./../Interfaces -I./LinearSolvers -I./../contrib/CGPenalty -I./../contrib/LinearSolverLoader -pipe -Os -arch x86_64 -stdlib=libc++ -stdlib=libstdc++ -std=c++11 -DIPOPT_BUILD -MT IpDefaultIterateInitializer.lo -MD -MP -MF .deps/IpDefaultIterateInitializer.Tpo -c IpDefaultIterateInitializer.cpp  -fno-common -DPIC -o .libs/IpDefaultIterateInitializer.o
:info:build if /bin/sh ../../../libtool --tag=CXX --mode=compile /usr/bin/clang++ -stdlib=libstdc++ -DHAVE_CONFIG_H -I. -I`echo .` -I../../src/Common  -I`echo ./../Common` -I`echo ./../LinAlg` -I`echo ./../LinAlg/TMatrices` -I`echo ./../Interfaces` -I`echo ./LinearSolvers` -I`echo ./../contrib/CGPenalty` -I`echo ./../contrib/LinearSolverLoader`    -pipe -Os -arch x86_64 -stdlib=libc++ -stdlib=libstdc++ -std=c++11   -DIPOPT_BUILD -MT IpEquilibrationScaling.lo -MD -MP -MF ".deps/IpEquilibrationScaling.Tpo" -c -o IpEquilibrationScaling.lo IpEquilibrationScaling.cpp; \
:info:build 	then mv -f ".deps/IpEquilibrationScaling.Tpo" ".deps/IpEquilibrationScaling.Plo"; else rm -f ".deps/IpEquilibrationScaling.Tpo"; exit 1; fi
:info:build if /bin/sh ../../../libtool --tag=CXX --mode=compile /usr/bin/clang++ -stdlib=libstdc++ -DHAVE_CONFIG_H -I. -I`echo .` -I../../src/Common  -I`echo ./../Common` -I`echo ./../LinAlg` -I`echo ./../LinAlg/TMatrices` -I`echo ./../Interfaces` -I`echo ./LinearSolvers` -I`echo ./../contrib/CGPenalty` -I`echo ./../contrib/LinearSolverLoader`    -pipe -Os -arch x86_64 -stdlib=libc++ -stdlib=libstdc++ -std=c++11   -DIPOPT_BUILD -MT IpExactHessianUpdater.lo -MD -MP -MF ".deps/IpExactHessianUpdater.Tpo" -c -o IpExactHessianUpdater.lo IpExactHessianUpdater.cpp; \
:info:build 	then mv -f ".deps/IpExactHessianUpdater.Tpo" ".deps/IpExactHessianUpdater.Plo"; else rm -f ".deps/IpExactHessianUpdater.Tpo"; exit 1; fi
:info:build  /usr/bin/clang++ -stdlib=libstdc++ -DHAVE_CONFIG_H -I. -I. -I../../src/Common -I./../Common -I./../LinAlg -I./../LinAlg/TMatrices -I./../Interfaces -I./LinearSolvers -I./../contrib/CGPenalty -I./../contrib/LinearSolverLoader -pipe -Os -arch x86_64 -stdlib=libc++ -stdlib=libstdc++ -std=c++11 -DIPOPT_BUILD -MT IpEquilibrationScaling.lo -MD -MP -MF .deps/IpEquilibrationScaling.Tpo -c IpEquilibrationScaling.cpp  -fno-common -DPIC -o .libs/IpEquilibrationScaling.o
:info:build  /usr/bin/clang++ -stdlib=libstdc++ -DHAVE_CONFIG_H -I. -I. -I../../src/Common -I./../Common -I./../LinAlg -I./../LinAlg/TMatrices -I./../Interfaces -I./LinearSolvers -I./../contrib/CGPenalty -I./../contrib/LinearSolverLoader -pipe -Os -arch x86_64 -stdlib=libc++ -stdlib=libstdc++ -std=c++11 -DIPOPT_BUILD -MT IpExactHessianUpdater.lo -MD -MP -MF .deps/IpExactHessianUpdater.Tpo -c IpExactHessianUpdater.cpp  -fno-common -DPIC -o .libs/IpExactHessianUpdater.o
:info:build if /bin/sh ../../../libtool --tag=CXX --mode=compile /usr/bin/clang++ -stdlib=libstdc++ -DHAVE_CONFIG_H -I. -I`echo .` -I../../src/Common  -I`echo ./../Common` -I`echo ./../LinAlg` -I`echo ./../LinAlg/TMatrices` -I`echo ./../Interfaces` -I`echo ./LinearSolvers` -I`echo ./../contrib/CGPenalty` -I`echo ./../contrib/LinearSolverLoader`    -pipe -Os -arch x86_64 -stdlib=libc++ -stdlib=libstdc++ -std=c++11   -DIPOPT_BUILD -MT IpFilter.lo -MD -MP -MF ".deps/IpFilter.Tpo" -c -o IpFilter.lo IpFilter.cpp; \
:info:build 	then mv -f ".deps/IpFilter.Tpo" ".deps/IpFilter.Plo"; else rm -f ".deps/IpFilter.Tpo"; exit 1; fi
:info:build if /bin/sh ../../../libtool --tag=CXX --mode=compile /usr/bin/clang++ -stdlib=libstdc++ -DHAVE_CONFIG_H -I. -I`echo .` -I../../src/Common  -I`echo ./../Common` -I`echo ./../LinAlg` -I`echo ./../LinAlg/TMatrices` -I`echo ./../Interfaces` -I`echo ./LinearSolvers` -I`echo ./../contrib/CGPenalty` -I`echo ./../contrib/LinearSolverLoader`    -pipe -Os -arch x86_64 -stdlib=libc++ -stdlib=libstdc++ -std=c++11   -DIPOPT_BUILD -MT IpFilterLSAcceptor.lo -MD -MP -MF ".deps/IpFilterLSAcceptor.Tpo" -c -o IpFilterLSAcceptor.lo IpFilterLSAcceptor.cpp; \
:info:build 	then mv -f ".deps/IpFilterLSAcceptor.Tpo" ".deps/IpFilterLSAcceptor.Plo"; else rm -f ".deps/IpFilterLSAcceptor.Tpo"; exit 1; fi
:info:build if /bin/sh ../../../libtool --tag=CXX --mode=compile /usr/bin/clang++ -stdlib=libstdc++ -DHAVE_CONFIG_H -I. -I`echo .` -I../../src/Common  -I`echo ./../Common` -I`echo ./../LinAlg` -I`echo ./../LinAlg/TMatrices` -I`echo ./../Interfaces` -I`echo ./LinearSolvers` -I`echo ./../contrib/CGPenalty` -I`echo ./../contrib/LinearSolverLoader`    -pipe -Os -arch x86_64 -stdlib=libc++ -stdlib=libstdc++ -std=c++11   -DIPOPT_BUILD -MT IpGenAugSystemSolver.lo -MD -MP -MF ".deps/IpGenAugSystemSolver.Tpo" -c -o IpGenAugSystemSolver.lo IpGenAugSystemSolver.cpp; \
:info:build 	then mv -f ".deps/IpGenAugSystemSolver.Tpo" ".deps/IpGenAugSystemSolver.Plo"; else rm -f ".deps/IpGenAugSystemSolver.Tpo"; exit 1; fi
:info:build if /bin/sh ../../../libtool --tag=CXX --mode=compile /usr/bin/clang++ -stdlib=libstdc++ -DHAVE_CONFIG_H -I. -I`echo .` -I../../src/Common  -I`echo ./../Common` -I`echo ./../LinAlg` -I`echo ./../LinAlg/TMatrices` -I`echo ./../Interfaces` -I`echo ./LinearSolvers` -I`echo ./../contrib/CGPenalty` -I`echo ./../contrib/LinearSolverLoader`    -pipe -Os -arch x86_64 -stdlib=libc++ -stdlib=libstdc++ -std=c++11   -DIPOPT_BUILD -MT IpGradientScaling.lo -MD -MP -MF ".deps/IpGradientScaling.Tpo" -c -o IpGradientScaling.lo IpGradientScaling.cpp; \
:info:build 	then mv -f ".deps/IpGradientScaling.Tpo" ".deps/IpGradientScaling.Plo"; else rm -f ".deps/IpGradientScaling.Tpo"; exit 1; fi
:info:build  /usr/bin/clang++ -stdlib=libstdc++ -DHAVE_CONFIG_H -I. -I. -I../../src/Common -I./../Common -I./../LinAlg -I./../LinAlg/TMatrices -I./../Interfaces -I./LinearSolvers -I./../contrib/CGPenalty -I./../contrib/LinearSolverLoader -pipe -Os -arch x86_64 -stdlib=libc++ -stdlib=libstdc++ -std=c++11 -DIPOPT_BUILD -MT IpFilter.lo -MD -MP -MF .deps/IpFilter.Tpo -c IpFilter.cpp  -fno-common -DPIC -o .libs/IpFilter.o
:info:build  /usr/bin/clang++ -stdlib=libstdc++ -DHAVE_CONFIG_H -I. -I. -I../../src/Common -I./../Common -I./../LinAlg -I./../LinAlg/TMatrices -I./../Interfaces -I./LinearSolvers -I./../contrib/CGPenalty -I./../contrib/LinearSolverLoader -pipe -Os -arch x86_64 -stdlib=libc++ -stdlib=libstdc++ -std=c++11 -DIPOPT_BUILD -MT IpFilterLSAcceptor.lo -MD -MP -MF .deps/IpFilterLSAcceptor.Tpo -c IpFilterLSAcceptor.cpp  -fno-common -DPIC -o .libs/IpFilterLSAcceptor.o
:info:build  /usr/bin/clang++ -stdlib=libstdc++ -DHAVE_CONFIG_H -I. -I. -I../../src/Common -I./../Common -I./../LinAlg -I./../LinAlg/TMatrices -I./../Interfaces -I./LinearSolvers -I./../contrib/CGPenalty -I./../contrib/LinearSolverLoader -pipe -Os -arch x86_64 -stdlib=libc++ -stdlib=libstdc++ -std=c++11 -DIPOPT_BUILD -MT IpGenAugSystemSolver.lo -MD -MP -MF .deps/IpGenAugSystemSolver.Tpo -c IpGenAugSystemSolver.cpp  -fno-common -DPIC -o .libs/IpGenAugSystemSolver.o
:info:build  /usr/bin/clang++ -stdlib=libstdc++ -DHAVE_CONFIG_H -I. -I. -I../../src/Common -I./../Common -I./../LinAlg -I./../LinAlg/TMatrices -I./../Interfaces -I./LinearSolvers -I./../contrib/CGPenalty -I./../contrib/LinearSolverLoader -pipe -Os -arch x86_64 -stdlib=libc++ -stdlib=libstdc++ -std=c++11 -DIPOPT_BUILD -MT IpGradientScaling.lo -MD -MP -MF .deps/IpGradientScaling.Tpo -c IpGradientScaling.cpp  -fno-common -DPIC -o .libs/IpGradientScaling.o
:info:build if /bin/sh ../../../libtool --tag=CXX --mode=compile /usr/bin/clang++ -stdlib=libstdc++ -DHAVE_CONFIG_H -I. -I`echo .` -I../../src/Common  -I`echo ./../Common` -I`echo ./../LinAlg` -I`echo ./../LinAlg/TMatrices` -I`echo ./../Interfaces` -I`echo ./LinearSolvers` -I`echo ./../contrib/CGPenalty` -I`echo ./../contrib/LinearSolverLoader`    -pipe -Os -arch x86_64 -stdlib=libc++ -stdlib=libstdc++ -std=c++11   -DIPOPT_BUILD -MT IpIpoptAlg.lo -MD -MP -MF ".deps/IpIpoptAlg.Tpo" -c -o IpIpoptAlg.lo IpIpoptAlg.cpp; \
:info:build 	then mv -f ".deps/IpIpoptAlg.Tpo" ".deps/IpIpoptAlg.Plo"; else rm -f ".deps/IpIpoptAlg.Tpo"; exit 1; fi
:info:build if /bin/sh ../../../libtool --tag=CXX --mode=compile /usr/bin/clang++ -stdlib=libstdc++ -DHAVE_CONFIG_H -I. -I`echo .` -I../../src/Common  -I`echo ./../Common` -I`echo ./../LinAlg` -I`echo ./../LinAlg/TMatrices` -I`echo ./../Interfaces` -I`echo ./LinearSolvers` -I`echo ./../contrib/CGPenalty` -I`echo ./../contrib/LinearSolverLoader`    -pipe -Os -arch x86_64 -stdlib=libc++ -stdlib=libstdc++ -std=c++11   -DIPOPT_BUILD -MT IpIpoptCalculatedQuantities.lo -MD -MP -MF ".deps/IpIpoptCalculatedQuantities.Tpo" -c -o IpIpoptCalculatedQuantities.lo IpIpoptCalculatedQuantities.cpp; \
:info:build 	then mv -f ".deps/IpIpoptCalculatedQuantities.Tpo" ".deps/IpIpoptCalculatedQuantities.Plo"; else rm -f ".deps/IpIpoptCalculatedQuantities.Tpo"; exit 1; fi
:info:build if /bin/sh ../../../libtool --tag=CXX --mode=compile /usr/bin/clang++ -stdlib=libstdc++ -DHAVE_CONFIG_H -I. -I`echo .` -I../../src/Common  -I`echo ./../Common` -I`echo ./../LinAlg` -I`echo ./../LinAlg/TMatrices` -I`echo ./../Interfaces` -I`echo ./LinearSolvers` -I`echo ./../contrib/CGPenalty` -I`echo ./../contrib/LinearSolverLoader`    -pipe -Os -arch x86_64 -stdlib=libc++ -stdlib=libstdc++ -std=c++11   -DIPOPT_BUILD -MT IpIpoptData.lo -MD -MP -MF ".deps/IpIpoptData.Tpo" -c -o IpIpoptData.lo IpIpoptData.cpp; \
:info:build 	then mv -f ".deps/IpIpoptData.Tpo" ".deps/IpIpoptData.Plo"; else rm -f ".deps/IpIpoptData.Tpo"; exit 1; fi
:info:build  /usr/bin/clang++ -stdlib=libstdc++ -DHAVE_CONFIG_H -I. -I. -I../../src/Common -I./../Common -I./../LinAlg -I./../LinAlg/TMatrices -I./../Interfaces -I./LinearSolvers -I./../contrib/CGPenalty -I./../contrib/LinearSolverLoader -pipe -Os -arch x86_64 -stdlib=libc++ -stdlib=libstdc++ -std=c++11 -DIPOPT_BUILD -MT IpIpoptAlg.lo -MD -MP -MF .deps/IpIpoptAlg.Tpo -c IpIpoptAlg.cpp  -fno-common -DPIC -o .libs/IpIpoptAlg.o
:info:build  /usr/bin/clang++ -stdlib=libstdc++ -DHAVE_CONFIG_H -I. -I. -I../../src/Common -I./../Common -I./../LinAlg -I./../LinAlg/TMatrices -I./../Interfaces -I./LinearSolvers -I./../contrib/CGPenalty -I./../contrib/LinearSolverLoader -pipe -Os -arch x86_64 -stdlib=libc++ -stdlib=libstdc++ -std=c++11 -DIPOPT_BUILD -MT IpIpoptCalculatedQuantities.lo -MD -MP -MF .deps/IpIpoptCalculatedQuantities.Tpo -c IpIpoptCalculatedQuantities.cpp  -fno-common -DPIC -o .libs/IpIpoptCalculatedQuantities.o
:info:build  /usr/bin/clang++ -stdlib=libstdc++ -DHAVE_CONFIG_H -I. -I. -I../../src/Common -I./../Common -I./../LinAlg -I./../LinAlg/TMatrices -I./../Interfaces -I./LinearSolvers -I./../contrib/CGPenalty -I./../contrib/LinearSolverLoader -pipe -Os -arch x86_64 -stdlib=libc++ -stdlib=libstdc++ -std=c++11 -DIPOPT_BUILD -MT IpIpoptData.lo -MD -MP -MF .deps/IpIpoptData.Tpo -c IpIpoptData.cpp  -fno-common -DPIC -o .libs/IpIpoptData.o
:info:build if /bin/sh ../../../libtool --tag=CXX --mode=compile /usr/bin/clang++ -stdlib=libstdc++ -DHAVE_CONFIG_H -I. -I`echo .` -I../../src/Common  -I`echo ./../Common` -I`echo ./../LinAlg` -I`echo ./../LinAlg/TMatrices` -I`echo ./../Interfaces` -I`echo ./LinearSolvers` -I`echo ./../contrib/CGPenalty` -I`echo ./../contrib/LinearSolverLoader`    -pipe -Os -arch x86_64 -stdlib=libc++ -stdlib=libstdc++ -std=c++11   -DIPOPT_BUILD -MT IpIteratesVector.lo -MD -MP -MF ".deps/IpIteratesVector.Tpo" -c -o IpIteratesVector.lo IpIteratesVector.cpp; \
:info:build 	then mv -f ".deps/IpIteratesVector.Tpo" ".deps/IpIteratesVector.Plo"; else rm -f ".deps/IpIteratesVector.Tpo"; exit 1; fi
:info:build if /bin/sh ../../../libtool --tag=CXX --mode=compile /usr/bin/clang++ -stdlib=libstdc++ -DHAVE_CONFIG_H -I. -I`echo .` -I../../src/Common  -I`echo ./../Common` -I`echo ./../LinAlg` -I`echo ./../LinAlg/TMatrices` -I`echo ./../Interfaces` -I`echo ./LinearSolvers` -I`echo ./../contrib/CGPenalty` -I`echo ./../contrib/LinearSolverLoader`    -pipe -Os -arch x86_64 -stdlib=libc++ -stdlib=libstdc++ -std=c++11   -DIPOPT_BUILD -MT IpLeastSquareMults.lo -MD -MP -MF ".deps/IpLeastSquareMults.Tpo" -c -o IpLeastSquareMults.lo IpLeastSquareMults.cpp; \
:info:build 	then mv -f ".deps/IpLeastSquareMults.Tpo" ".deps/IpLeastSquareMults.Plo"; else rm -f ".deps/IpLeastSquareMults.Tpo"; exit 1; fi
:info:build  /usr/bin/clang++ -stdlib=libstdc++ -DHAVE_CONFIG_H -I. -I. -I../../src/Common -I./../Common -I./../LinAlg -I./../LinAlg/TMatrices -I./../Interfaces -I./LinearSolvers -I./../contrib/CGPenalty -I./../contrib/LinearSolverLoader -pipe -Os -arch x86_64 -stdlib=libc++ -stdlib=libstdc++ -std=c++11 -DIPOPT_BUILD -MT IpIteratesVector.lo -MD -MP -MF .deps/IpIteratesVector.Tpo -c IpIteratesVector.cpp  -fno-common -DPIC -o .libs/IpIteratesVector.o
:info:build  /usr/bin/clang++ -stdlib=libstdc++ -DHAVE_CONFIG_H -I. -I. -I../../src/Common -I./../Common -I./../LinAlg -I./../LinAlg/TMatrices -I./../Interfaces -I./LinearSolvers -I./../contrib/CGPenalty -I./../contrib/LinearSolverLoader -pipe -Os -arch x86_64 -stdlib=libc++ -stdlib=libstdc++ -std=c++11 -DIPOPT_BUILD -MT IpLeastSquareMults.lo -MD -MP -MF .deps/IpLeastSquareMults.Tpo -c IpLeastSquareMults.cpp  -fno-common -DPIC -o .libs/IpLeastSquareMults.o
:info:build if /bin/sh ../../../libtool --tag=CXX --mode=compile /usr/bin/clang++ -stdlib=libstdc++ -DHAVE_CONFIG_H -I. -I`echo .` -I../../src/Common  -I`echo ./../Common` -I`echo ./../LinAlg` -I`echo ./../LinAlg/TMatrices` -I`echo ./../Interfaces` -I`echo ./LinearSolvers` -I`echo ./../contrib/CGPenalty` -I`echo ./../contrib/LinearSolverLoader`    -pipe -Os -arch x86_64 -stdlib=libc++ -stdlib=libstdc++ -std=c++11   -DIPOPT_BUILD -MT IpLimMemQuasiNewtonUpdater.lo -MD -MP -MF ".deps/IpLimMemQuasiNewtonUpdater.Tpo" -c -o IpLimMemQuasiNewtonUpdater.lo IpLimMemQuasiNewtonUpdater.cpp; \
:info:build 	then mv -f ".deps/IpLimMemQuasiNewtonUpdater.Tpo" ".deps/IpLimMemQuasiNewtonUpdater.Plo"; else rm -f ".deps/IpLimMemQuasiNewtonUpdater.Tpo"; exit 1; fi
:info:build if /bin/sh ../../../libtool --tag=CXX --mode=compile /usr/bin/clang++ -stdlib=libstdc++ -DHAVE_CONFIG_H -I. -I`echo .` -I../../src/Common  -I`echo ./../Common` -I`echo ./../LinAlg` -I`echo ./../LinAlg/TMatrices` -I`echo ./../Interfaces` -I`echo ./LinearSolvers` -I`echo ./../contrib/CGPenalty` -I`echo ./../contrib/LinearSolverLoader`    -pipe -Os -arch x86_64 -stdlib=libc++ -stdlib=libstdc++ -std=c++11   -DIPOPT_BUILD -MT IpLoqoMuOracle.lo -MD -MP -MF ".deps/IpLoqoMuOracle.Tpo" -c -o IpLoqoMuOracle.lo IpLoqoMuOracle.cpp; \
:info:build 	then mv -f ".deps/IpLoqoMuOracle.Tpo" ".deps/IpLoqoMuOracle.Plo"; else rm -f ".deps/IpLoqoMuOracle.Tpo"; exit 1; fi
:info:build  /usr/bin/clang++ -stdlib=libstdc++ -DHAVE_CONFIG_H -I. -I. -I../../src/Common -I./../Common -I./../LinAlg -I./../LinAlg/TMatrices -I./../Interfaces -I./LinearSolvers -I./../contrib/CGPenalty -I./../contrib/LinearSolverLoader -pipe -Os -arch x86_64 -stdlib=libc++ -stdlib=libstdc++ -std=c++11 -DIPOPT_BUILD -MT IpLimMemQuasiNewtonUpdater.lo -MD -MP -MF .deps/IpLimMemQuasiNewtonUpdater.Tpo -c IpLimMemQuasiNewtonUpdater.cpp  -fno-common -DPIC -o .libs/IpLimMemQuasiNewtonUpdater.o
:info:build  /usr/bin/clang++ -stdlib=libstdc++ -DHAVE_CONFIG_H -I. -I. -I../../src/Common -I./../Common -I./../LinAlg -I./../LinAlg/TMatrices -I./../Interfaces -I./LinearSolvers -I./../contrib/CGPenalty -I./../contrib/LinearSolverLoader -pipe -Os -arch x86_64 -stdlib=libc++ -stdlib=libstdc++ -std=c++11 -DIPOPT_BUILD -MT IpLoqoMuOracle.lo -MD -MP -MF .deps/IpLoqoMuOracle.Tpo -c IpLoqoMuOracle.cpp  -fno-common -DPIC -o .libs/IpLoqoMuOracle.o
:info:build if /bin/sh ../../../libtool --tag=CXX --mode=compile /usr/bin/clang++ -stdlib=libstdc++ -DHAVE_CONFIG_H -I. -I`echo .` -I../../src/Common  -I`echo ./../Common` -I`echo ./../LinAlg` -I`echo ./../LinAlg/TMatrices` -I`echo ./../Interfaces` -I`echo ./LinearSolvers` -I`echo ./../contrib/CGPenalty` -I`echo ./../contrib/LinearSolverLoader`    -pipe -Os -arch x86_64 -stdlib=libc++ -stdlib=libstdc++ -std=c++11   -DIPOPT_BUILD -MT IpLowRankAugSystemSolver.lo -MD -MP -MF ".deps/IpLowRankAugSystemSolver.Tpo" -c -o IpLowRankAugSystemSolver.lo IpLowRankAugSystemSolver.cpp; \
:info:build 	then mv -f ".deps/IpLowRankAugSystemSolver.Tpo" ".deps/IpLowRankAugSystemSolver.Plo"; else rm -f ".deps/IpLowRankAugSystemSolver.Tpo"; exit 1; fi
:info:build if /bin/sh ../../../libtool --tag=CXX --mode=compile /usr/bin/clang++ -stdlib=libstdc++ -DHAVE_CONFIG_H -I. -I`echo .` -I../../src/Common  -I`echo ./../Common` -I`echo ./../LinAlg` -I`echo ./../LinAlg/TMatrices` -I`echo ./../Interfaces` -I`echo ./LinearSolvers` -I`echo ./../contrib/CGPenalty` -I`echo ./../contrib/LinearSolverLoader`    -pipe -Os -arch x86_64 -stdlib=libc++ -stdlib=libstdc++ -std=c++11   -DIPOPT_BUILD -MT IpLowRankSSAugSystemSolver.lo -MD -MP -MF ".deps/IpLowRankSSAugSystemSolver.Tpo" -c -o IpLowRankSSAugSystemSolver.lo IpLowRankSSAugSystemSolver.cpp; \
:info:build 	then mv -f ".deps/IpLowRankSSAugSystemSolver.Tpo" ".deps/IpLowRankSSAugSystemSolver.Plo"; else rm -f ".deps/IpLowRankSSAugSystemSolver.Tpo"; exit 1; fi
:info:build  /usr/bin/clang++ -stdlib=libstdc++ -DHAVE_CONFIG_H -I. -I. -I../../src/Common -I./../Common -I./../LinAlg -I./../LinAlg/TMatrices -I./../Interfaces -I./LinearSolvers -I./../contrib/CGPenalty -I./../contrib/LinearSolverLoader -pipe -Os -arch x86_64 -stdlib=libc++ -stdlib=libstdc++ -std=c++11 -DIPOPT_BUILD -MT IpLowRankAugSystemSolver.lo -MD -MP -MF .deps/IpLowRankAugSystemSolver.Tpo -c IpLowRankAugSystemSolver.cpp  -fno-common -DPIC -o .libs/IpLowRankAugSystemSolver.o
:info:build  /usr/bin/clang++ -stdlib=libstdc++ -DHAVE_CONFIG_H -I. -I. -I../../src/Common -I./../Common -I./../LinAlg -I./../LinAlg/TMatrices -I./../Interfaces -I./LinearSolvers -I./../contrib/CGPenalty -I./../contrib/LinearSolverLoader -pipe -Os -arch x86_64 -stdlib=libc++ -stdlib=libstdc++ -std=c++11 -DIPOPT_BUILD -MT IpLowRankSSAugSystemSolver.lo -MD -MP -MF .deps/IpLowRankSSAugSystemSolver.Tpo -c IpLowRankSSAugSystemSolver.cpp  -fno-common -DPIC -o .libs/IpLowRankSSAugSystemSolver.o
:info:build if /bin/sh ../../../libtool --tag=CXX --mode=compile /usr/bin/clang++ -stdlib=libstdc++ -DHAVE_CONFIG_H -I. -I`echo .` -I../../src/Common  -I`echo ./../Common` -I`echo ./../LinAlg` -I`echo ./../LinAlg/TMatrices` -I`echo ./../Interfaces` -I`echo ./LinearSolvers` -I`echo ./../contrib/CGPenalty` -I`echo ./../contrib/LinearSolverLoader`    -pipe -Os -arch x86_64 -stdlib=libc++ -stdlib=libstdc++ -std=c++11   -DIPOPT_BUILD -MT IpMonotoneMuUpdate.lo -MD -MP -MF ".deps/IpMonotoneMuUpdate.Tpo" -c -o IpMonotoneMuUpdate.lo IpMonotoneMuUpdate.cpp; \
:info:build 	then mv -f ".deps/IpMonotoneMuUpdate.Tpo" ".deps/IpMonotoneMuUpdate.Plo"; else rm -f ".deps/IpMonotoneMuUpdate.Tpo"; exit 1; fi
:info:build if /bin/sh ../../../libtool --tag=CXX --mode=compile /usr/bin/clang++ -stdlib=libstdc++ -DHAVE_CONFIG_H -I. -I`echo .` -I../../src/Common  -I`echo ./../Common` -I`echo ./../LinAlg` -I`echo ./../LinAlg/TMatrices` -I`echo ./../Interfaces` -I`echo ./LinearSolvers` -I`echo ./../contrib/CGPenalty` -I`echo ./../contrib/LinearSolverLoader`    -pipe -Os -arch x86_64 -stdlib=libc++ -stdlib=libstdc++ -std=c++11   -DIPOPT_BUILD -MT IpNLPBoundsRemover.lo -MD -MP -MF ".deps/IpNLPBoundsRemover.Tpo" -c -o IpNLPBoundsRemover.lo IpNLPBoundsRemover.cpp; \
:info:build 	then mv -f ".deps/IpNLPBoundsRemover.Tpo" ".deps/IpNLPBoundsRemover.Plo"; else rm -f ".deps/IpNLPBoundsRemover.Tpo"; exit 1; fi
:info:build  /usr/bin/clang++ -stdlib=libstdc++ -DHAVE_CONFIG_H -I. -I. -I../../src/Common -I./../Common -I./../LinAlg -I./../LinAlg/TMatrices -I./../Interfaces -I./LinearSolvers -I./../contrib/CGPenalty -I./../contrib/LinearSolverLoader -pipe -Os -arch x86_64 -stdlib=libc++ -stdlib=libstdc++ -std=c++11 -DIPOPT_BUILD -MT IpMonotoneMuUpdate.lo -MD -MP -MF .deps/IpMonotoneMuUpdate.Tpo -c IpMonotoneMuUpdate.cpp  -fno-common -DPIC -o .libs/IpMonotoneMuUpdate.o
:info:build  /usr/bin/clang++ -stdlib=libstdc++ -DHAVE_CONFIG_H -I. -I. -I../../src/Common -I./../Common -I./../LinAlg -I./../LinAlg/TMatrices -I./../Interfaces -I./LinearSolvers -I./../contrib/CGPenalty -I./../contrib/LinearSolverLoader -pipe -Os -arch x86_64 -stdlib=libc++ -stdlib=libstdc++ -std=c++11 -DIPOPT_BUILD -MT IpNLPBoundsRemover.lo -MD -MP -MF .deps/IpNLPBoundsRemover.Tpo -c IpNLPBoundsRemover.cpp  -fno-common -DPIC -o .libs/IpNLPBoundsRemover.o
:info:build if /bin/sh ../../../libtool --tag=CXX --mode=compile /usr/bin/clang++ -stdlib=libstdc++ -DHAVE_CONFIG_H -I. -I`echo .` -I../../src/Common  -I`echo ./../Common` -I`echo ./../LinAlg` -I`echo ./../LinAlg/TMatrices` -I`echo ./../Interfaces` -I`echo ./LinearSolvers` -I`echo ./../contrib/CGPenalty` -I`echo ./../contrib/LinearSolverLoader`    -pipe -Os -arch x86_64 -stdlib=libc++ -stdlib=libstdc++ -std=c++11   -DIPOPT_BUILD -MT IpNLPScaling.lo -MD -MP -MF ".deps/IpNLPScaling.Tpo" -c -o IpNLPScaling.lo IpNLPScaling.cpp; \
:info:build 	then mv -f ".deps/IpNLPScaling.Tpo" ".deps/IpNLPScaling.Plo"; else rm -f ".deps/IpNLPScaling.Tpo"; exit 1; fi
:info:build if /bin/sh ../../../libtool --tag=CXX --mode=compile /usr/bin/clang++ -stdlib=libstdc++ -DHAVE_CONFIG_H -I. -I`echo .` -I../../src/Common  -I`echo ./../Common` -I`echo ./../LinAlg` -I`echo ./../LinAlg/TMatrices` -I`echo ./../Interfaces` -I`echo ./LinearSolvers` -I`echo ./../contrib/CGPenalty` -I`echo ./../contrib/LinearSolverLoader`    -pipe -Os -arch x86_64 -stdlib=libc++ -stdlib=libstdc++ -std=c++11   -DIPOPT_BUILD -MT IpOptErrorConvCheck.lo -MD -MP -MF ".deps/IpOptErrorConvCheck.Tpo" -c -o IpOptErrorConvCheck.lo IpOptErrorConvCheck.cpp; \
:info:build 	then mv -f ".deps/IpOptErrorConvCheck.Tpo" ".deps/IpOptErrorConvCheck.Plo"; else rm -f ".deps/IpOptErrorConvCheck.Tpo"; exit 1; fi
:info:build  /usr/bin/clang++ -stdlib=libstdc++ -DHAVE_CONFIG_H -I. -I. -I../../src/Common -I./../Common -I./../LinAlg -I./../LinAlg/TMatrices -I./../Interfaces -I./LinearSolvers -I./../contrib/CGPenalty -I./../contrib/LinearSolverLoader -pipe -Os -arch x86_64 -stdlib=libc++ -stdlib=libstdc++ -std=c++11 -DIPOPT_BUILD -MT IpNLPScaling.lo -MD -MP -MF .deps/IpNLPScaling.Tpo -c IpNLPScaling.cpp  -fno-common -DPIC -o .libs/IpNLPScaling.o
:info:build  /usr/bin/clang++ -stdlib=libstdc++ -DHAVE_CONFIG_H -I. -I. -I../../src/Common -I./../Common -I./../LinAlg -I./../LinAlg/TMatrices -I./../Interfaces -I./LinearSolvers -I./../contrib/CGPenalty -I./../contrib/LinearSolverLoader -pipe -Os -arch x86_64 -stdlib=libc++ -stdlib=libstdc++ -std=c++11 -DIPOPT_BUILD -MT IpOptErrorConvCheck.lo -MD -MP -MF .deps/IpOptErrorConvCheck.Tpo -c IpOptErrorConvCheck.cpp  -fno-common -DPIC -o .libs/IpOptErrorConvCheck.o
:info:build if /bin/sh ../../../libtool --tag=CXX --mode=compile /usr/bin/clang++ -stdlib=libstdc++ -DHAVE_CONFIG_H -I. -I`echo .` -I../../src/Common  -I`echo ./../Common` -I`echo ./../LinAlg` -I`echo ./../LinAlg/TMatrices` -I`echo ./../Interfaces` -I`echo ./LinearSolvers` -I`echo ./../contrib/CGPenalty` -I`echo ./../contrib/LinearSolverLoader`    -pipe -Os -arch x86_64 -stdlib=libc++ -stdlib=libstdc++ -std=c++11   -DIPOPT_BUILD -MT IpOrigIpoptNLP.lo -MD -MP -MF ".deps/IpOrigIpoptNLP.Tpo" -c -o IpOrigIpoptNLP.lo IpOrigIpoptNLP.cpp; \
:info:build 	then mv -f ".deps/IpOrigIpoptNLP.Tpo" ".deps/IpOrigIpoptNLP.Plo"; else rm -f ".deps/IpOrigIpoptNLP.Tpo"; exit 1; fi
:info:build if /bin/sh ../../../libtool --tag=CXX --mode=compile /usr/bin/clang++ -stdlib=libstdc++ -DHAVE_CONFIG_H -I. -I`echo .` -I../../src/Common  -I`echo ./../Common` -I`echo ./../LinAlg` -I`echo ./../LinAlg/TMatrices` -I`echo ./../Interfaces` -I`echo ./LinearSolvers` -I`echo ./../contrib/CGPenalty` -I`echo ./../contrib/LinearSolverLoader`    -pipe -Os -arch x86_64 -stdlib=libc++ -stdlib=libstdc++ -std=c++11   -DIPOPT_BUILD -MT IpOrigIterationOutput.lo -MD -MP -MF ".deps/IpOrigIterationOutput.Tpo" -c -o IpOrigIterationOutput.lo IpOrigIterationOutput.cpp; \
:info:build 	then mv -f ".deps/IpOrigIterationOutput.Tpo" ".deps/IpOrigIterationOutput.Plo"; else rm -f ".deps/IpOrigIterationOutput.Tpo"; exit 1; fi
:info:build  /usr/bin/clang++ -stdlib=libstdc++ -DHAVE_CONFIG_H -I. -I. -I../../src/Common -I./../Common -I./../LinAlg -I./../LinAlg/TMatrices -I./../Interfaces -I./LinearSolvers -I./../contrib/CGPenalty -I./../contrib/LinearSolverLoader -pipe -Os -arch x86_64 -stdlib=libc++ -stdlib=libstdc++ -std=c++11 -DIPOPT_BUILD -MT IpOrigIpoptNLP.lo -MD -MP -MF .deps/IpOrigIpoptNLP.Tpo -c IpOrigIpoptNLP.cpp  -fno-common -DPIC -o .libs/IpOrigIpoptNLP.o
:info:build if /bin/sh ../../../libtool --tag=CXX --mode=compile /usr/bin/clang++ -stdlib=libstdc++ -DHAVE_CONFIG_H -I. -I`echo .` -I../../src/Common  -I`echo ./../Common` -I`echo ./../LinAlg` -I`echo ./../LinAlg/TMatrices` -I`echo ./../Interfaces` -I`echo ./LinearSolvers` -I`echo ./../contrib/CGPenalty` -I`echo ./../contrib/LinearSolverLoader`    -pipe -Os -arch x86_64 -stdlib=libc++ -stdlib=libstdc++ -std=c++11   -DIPOPT_BUILD -MT IpPDFullSpaceSolver.lo -MD -MP -MF ".deps/IpPDFullSpaceSolver.Tpo" -c -o IpPDFullSpaceSolver.lo IpPDFullSpaceSolver.cpp; \
:info:build 	then mv -f ".deps/IpPDFullSpaceSolver.Tpo" ".deps/IpPDFullSpaceSolver.Plo"; else rm -f ".deps/IpPDFullSpaceSolver.Tpo"; exit 1; fi
:info:build  /usr/bin/clang++ -stdlib=libstdc++ -DHAVE_CONFIG_H -I. -I. -I../../src/Common -I./../Common -I./../LinAlg -I./../LinAlg/TMatrices -I./../Interfaces -I./LinearSolvers -I./../contrib/CGPenalty -I./../contrib/LinearSolverLoader -pipe -Os -arch x86_64 -stdlib=libc++ -stdlib=libstdc++ -std=c++11 -DIPOPT_BUILD -MT IpOrigIterationOutput.lo -MD -MP -MF .deps/IpOrigIterationOutput.Tpo -c IpOrigIterationOutput.cpp  -fno-common -DPIC -o .libs/IpOrigIterationOutput.o
:info:build if /bin/sh ../../../libtool --tag=CXX --mode=compile /usr/bin/clang++ -stdlib=libstdc++ -DHAVE_CONFIG_H -I. -I`echo .` -I../../src/Common  -I`echo ./../Common` -I`echo ./../LinAlg` -I`echo ./../LinAlg/TMatrices` -I`echo ./../Interfaces` -I`echo ./LinearSolvers` -I`echo ./../contrib/CGPenalty` -I`echo ./../contrib/LinearSolverLoader`    -pipe -Os -arch x86_64 -stdlib=libc++ -stdlib=libstdc++ -std=c++11   -DIPOPT_BUILD -MT IpPDPerturbationHandler.lo -MD -MP -MF ".deps/IpPDPerturbationHandler.Tpo" -c -o IpPDPerturbationHandler.lo IpPDPerturbationHandler.cpp; \
:info:build 	then mv -f ".deps/IpPDPerturbationHandler.Tpo" ".deps/IpPDPerturbationHandler.Plo"; else rm -f ".deps/IpPDPerturbationHandler.Tpo"; exit 1; fi
:info:build  /usr/bin/clang++ -stdlib=libstdc++ -DHAVE_CONFIG_H -I. -I. -I../../src/Common -I./../Common -I./../LinAlg -I./../LinAlg/TMatrices -I./../Interfaces -I./LinearSolvers -I./../contrib/CGPenalty -I./../contrib/LinearSolverLoader -pipe -Os -arch x86_64 -stdlib=libc++ -stdlib=libstdc++ -std=c++11 -DIPOPT_BUILD -MT IpPDFullSpaceSolver.lo -MD -MP -MF .deps/IpPDFullSpaceSolver.Tpo -c IpPDFullSpaceSolver.cpp  -fno-common -DPIC -o .libs/IpPDFullSpaceSolver.o
:info:build  /usr/bin/clang++ -stdlib=libstdc++ -DHAVE_CONFIG_H -I. -I. -I../../src/Common -I./../Common -I./../LinAlg -I./../LinAlg/TMatrices -I./../Interfaces -I./LinearSolvers -I./../contrib/CGPenalty -I./../contrib/LinearSolverLoader -pipe -Os -arch x86_64 -stdlib=libc++ -stdlib=libstdc++ -std=c++11 -DIPOPT_BUILD -MT IpPDPerturbationHandler.lo -MD -MP -MF .deps/IpPDPerturbationHandler.Tpo -c IpPDPerturbationHandler.cpp  -fno-common -DPIC -o .libs/IpPDPerturbationHandler.o
:info:build if /bin/sh ../../../libtool --tag=CXX --mode=compile /usr/bin/clang++ -stdlib=libstdc++ -DHAVE_CONFIG_H -I. -I`echo .` -I../../src/Common  -I`echo ./../Common` -I`echo ./../LinAlg` -I`echo ./../LinAlg/TMatrices` -I`echo ./../Interfaces` -I`echo ./LinearSolvers` -I`echo ./../contrib/CGPenalty` -I`echo ./../contrib/LinearSolverLoader`    -pipe -Os -arch x86_64 -stdlib=libc++ -stdlib=libstdc++ -std=c++11   -DIPOPT_BUILD -MT IpPDSearchDirCalc.lo -MD -MP -MF ".deps/IpPDSearchDirCalc.Tpo" -c -o IpPDSearchDirCalc.lo IpPDSearchDirCalc.cpp; \
:info:build 	then mv -f ".deps/IpPDSearchDirCalc.Tpo" ".deps/IpPDSearchDirCalc.Plo"; else rm -f ".deps/IpPDSearchDirCalc.Tpo"; exit 1; fi
:info:build if /bin/sh ../../../libtool --tag=CXX --mode=compile /usr/bin/clang++ -stdlib=libstdc++ -DHAVE_CONFIG_H -I. -I`echo .` -I../../src/Common  -I`echo ./../Common` -I`echo ./../LinAlg` -I`echo ./../LinAlg/TMatrices` -I`echo ./../Interfaces` -I`echo ./LinearSolvers` -I`echo ./../contrib/CGPenalty` -I`echo ./../contrib/LinearSolverLoader`    -pipe -Os -arch x86_64 -stdlib=libc++ -stdlib=libstdc++ -std=c++11   -DIPOPT_BUILD -MT IpPenaltyLSAcceptor.lo -MD -MP -MF ".deps/IpPenaltyLSAcceptor.Tpo" -c -o IpPenaltyLSAcceptor.lo IpPenaltyLSAcceptor.cpp; \
:info:build 	then mv -f ".deps/IpPenaltyLSAcceptor.Tpo" ".deps/IpPenaltyLSAcceptor.Plo"; else rm -f ".deps/IpPenaltyLSAcceptor.Tpo"; exit 1; fi
:info:build  /usr/bin/clang++ -stdlib=libstdc++ -DHAVE_CONFIG_H -I. -I. -I../../src/Common -I./../Common -I./../LinAlg -I./../LinAlg/TMatrices -I./../Interfaces -I./LinearSolvers -I./../contrib/CGPenalty -I./../contrib/LinearSolverLoader -pipe -Os -arch x86_64 -stdlib=libc++ -stdlib=libstdc++ -std=c++11 -DIPOPT_BUILD -MT IpPDSearchDirCalc.lo -MD -MP -MF .deps/IpPDSearchDirCalc.Tpo -c IpPDSearchDirCalc.cpp  -fno-common -DPIC -o .libs/IpPDSearchDirCalc.o
:info:build  /usr/bin/clang++ -stdlib=libstdc++ -DHAVE_CONFIG_H -I. -I. -I../../src/Common -I./../Common -I./../LinAlg -I./../LinAlg/TMatrices -I./../Interfaces -I./LinearSolvers -I./../contrib/CGPenalty -I./../contrib/LinearSolverLoader -pipe -Os -arch x86_64 -stdlib=libc++ -stdlib=libstdc++ -std=c++11 -DIPOPT_BUILD -MT IpPenaltyLSAcceptor.lo -MD -MP -MF .deps/IpPenaltyLSAcceptor.Tpo -c IpPenaltyLSAcceptor.cpp  -fno-common -DPIC -o .libs/IpPenaltyLSAcceptor.o
:info:build if /bin/sh ../../../libtool --tag=CXX --mode=compile /usr/bin/clang++ -stdlib=libstdc++ -DHAVE_CONFIG_H -I. -I`echo .` -I../../src/Common  -I`echo ./../Common` -I`echo ./../LinAlg` -I`echo ./../LinAlg/TMatrices` -I`echo ./../Interfaces` -I`echo ./LinearSolvers` -I`echo ./../contrib/CGPenalty` -I`echo ./../contrib/LinearSolverLoader`    -pipe -Os -arch x86_64 -stdlib=libc++ -stdlib=libstdc++ -std=c++11   -DIPOPT_BUILD -MT IpProbingMuOracle.lo -MD -MP -MF ".deps/IpProbingMuOracle.Tpo" -c -o IpProbingMuOracle.lo IpProbingMuOracle.cpp; \
:info:build 	then mv -f ".deps/IpProbingMuOracle.Tpo" ".deps/IpProbingMuOracle.Plo"; else rm -f ".deps/IpProbingMuOracle.Tpo"; exit 1; fi
:info:build if /bin/sh ../../../libtool --tag=CXX --mode=compile /usr/bin/clang++ -stdlib=libstdc++ -DHAVE_CONFIG_H -I. -I`echo .` -I../../src/Common  -I`echo ./../Common` -I`echo ./../LinAlg` -I`echo ./../LinAlg/TMatrices` -I`echo ./../Interfaces` -I`echo ./LinearSolvers` -I`echo ./../contrib/CGPenalty` -I`echo ./../contrib/LinearSolverLoader`    -pipe -Os -arch x86_64 -stdlib=libc++ -stdlib=libstdc++ -std=c++11   -DIPOPT_BUILD -MT IpQualityFunctionMuOracle.lo -MD -MP -MF ".deps/IpQualityFunctionMuOracle.Tpo" -c -o IpQualityFunctionMuOracle.lo IpQualityFunctionMuOracle.cpp; \
:info:build 	then mv -f ".deps/IpQualityFunctionMuOracle.Tpo" ".deps/IpQualityFunctionMuOracle.Plo"; else rm -f ".deps/IpQualityFunctionMuOracle.Tpo"; exit 1; fi
:info:build  /usr/bin/clang++ -stdlib=libstdc++ -DHAVE_CONFIG_H -I. -I. -I../../src/Common -I./../Common -I./../LinAlg -I./../LinAlg/TMatrices -I./../Interfaces -I./LinearSolvers -I./../contrib/CGPenalty -I./../contrib/LinearSolverLoader -pipe -Os -arch x86_64 -stdlib=libc++ -stdlib=libstdc++ -std=c++11 -DIPOPT_BUILD -MT IpProbingMuOracle.lo -MD -MP -MF .deps/IpProbingMuOracle.Tpo -c IpProbingMuOracle.cpp  -fno-common -DPIC -o .libs/IpProbingMuOracle.o
:info:build  /usr/bin/clang++ -stdlib=libstdc++ -DHAVE_CONFIG_H -I. -I. -I../../src/Common -I./../Common -I./../LinAlg -I./../LinAlg/TMatrices -I./../Interfaces -I./LinearSolvers -I./../contrib/CGPenalty -I./../contrib/LinearSolverLoader -pipe -Os -arch x86_64 -stdlib=libc++ -stdlib=libstdc++ -std=c++11 -DIPOPT_BUILD -MT IpQualityFunctionMuOracle.lo -MD -MP -MF .deps/IpQualityFunctionMuOracle.Tpo -c IpQualityFunctionMuOracle.cpp  -fno-common -DPIC -o .libs/IpQualityFunctionMuOracle.o
:info:build if /bin/sh ../../../libtool --tag=CXX --mode=compile /usr/bin/clang++ -stdlib=libstdc++ -DHAVE_CONFIG_H -I. -I`echo .` -I../../src/Common  -I`echo ./../Common` -I`echo ./../LinAlg` -I`echo ./../LinAlg/TMatrices` -I`echo ./../Interfaces` -I`echo ./LinearSolvers` -I`echo ./../contrib/CGPenalty` -I`echo ./../contrib/LinearSolverLoader`    -pipe -Os -arch x86_64 -stdlib=libc++ -stdlib=libstdc++ -std=c++11   -DIPOPT_BUILD -MT IpRestoConvCheck.lo -MD -MP -MF ".deps/IpRestoConvCheck.Tpo" -c -o IpRestoConvCheck.lo IpRestoConvCheck.cpp; \
:info:build 	then mv -f ".deps/IpRestoConvCheck.Tpo" ".deps/IpRestoConvCheck.Plo"; else rm -f ".deps/IpRestoConvCheck.Tpo"; exit 1; fi
:info:build if /bin/sh ../../../libtool --tag=CXX --mode=compile /usr/bin/clang++ -stdlib=libstdc++ -DHAVE_CONFIG_H -I. -I`echo .` -I../../src/Common  -I`echo ./../Common` -I`echo ./../LinAlg` -I`echo ./../LinAlg/TMatrices` -I`echo ./../Interfaces` -I`echo ./LinearSolvers` -I`echo ./../contrib/CGPenalty` -I`echo ./../contrib/LinearSolverLoader`    -pipe -Os -arch x86_64 -stdlib=libc++ -stdlib=libstdc++ -std=c++11   -DIPOPT_BUILD -MT IpRestoFilterConvCheck.lo -MD -MP -MF ".deps/IpRestoFilterConvCheck.Tpo" -c -o IpRestoFilterConvCheck.lo IpRestoFilterConvCheck.cpp; \
:info:build 	then mv -f ".deps/IpRestoFilterConvCheck.Tpo" ".deps/IpRestoFilterConvCheck.Plo"; else rm -f ".deps/IpRestoFilterConvCheck.Tpo"; exit 1; fi
:info:build  /usr/bin/clang++ -stdlib=libstdc++ -DHAVE_CONFIG_H -I. -I. -I../../src/Common -I./../Common -I./../LinAlg -I./../LinAlg/TMatrices -I./../Interfaces -I./LinearSolvers -I./../contrib/CGPenalty -I./../contrib/LinearSolverLoader -pipe -Os -arch x86_64 -stdlib=libc++ -stdlib=libstdc++ -std=c++11 -DIPOPT_BUILD -MT IpRestoConvCheck.lo -MD -MP -MF .deps/IpRestoConvCheck.Tpo -c IpRestoConvCheck.cpp  -fno-common -DPIC -o .libs/IpRestoConvCheck.o
:info:build  /usr/bin/clang++ -stdlib=libstdc++ -DHAVE_CONFIG_H -I. -I. -I../../src/Common -I./../Common -I./../LinAlg -I./../LinAlg/TMatrices -I./../Interfaces -I./LinearSolvers -I./../contrib/CGPenalty -I./../contrib/LinearSolverLoader -pipe -Os -arch x86_64 -stdlib=libc++ -stdlib=libstdc++ -std=c++11 -DIPOPT_BUILD -MT IpRestoFilterConvCheck.lo -MD -MP -MF .deps/IpRestoFilterConvCheck.Tpo -c IpRestoFilterConvCheck.cpp  -fno-common -DPIC -o .libs/IpRestoFilterConvCheck.o
:info:build if /bin/sh ../../../libtool --tag=CXX --mode=compile /usr/bin/clang++ -stdlib=libstdc++ -DHAVE_CONFIG_H -I. -I`echo .` -I../../src/Common  -I`echo ./../Common` -I`echo ./../LinAlg` -I`echo ./../LinAlg/TMatrices` -I`echo ./../Interfaces` -I`echo ./LinearSolvers` -I`echo ./../contrib/CGPenalty` -I`echo ./../contrib/LinearSolverLoader`    -pipe -Os -arch x86_64 -stdlib=libc++ -stdlib=libstdc++ -std=c++11   -DIPOPT_BUILD -MT IpRestoIpoptNLP.lo -MD -MP -MF ".deps/IpRestoIpoptNLP.Tpo" -c -o IpRestoIpoptNLP.lo IpRestoIpoptNLP.cpp; \
:info:build 	then mv -f ".deps/IpRestoIpoptNLP.Tpo" ".deps/IpRestoIpoptNLP.Plo"; else rm -f ".deps/IpRestoIpoptNLP.Tpo"; exit 1; fi
:info:build if /bin/sh ../../../libtool --tag=CXX --mode=compile /usr/bin/clang++ -stdlib=libstdc++ -DHAVE_CONFIG_H -I. -I`echo .` -I../../src/Common  -I`echo ./../Common` -I`echo ./../LinAlg` -I`echo ./../LinAlg/TMatrices` -I`echo ./../Interfaces` -I`echo ./LinearSolvers` -I`echo ./../contrib/CGPenalty` -I`echo ./../contrib/LinearSolverLoader`    -pipe -Os -arch x86_64 -stdlib=libc++ -stdlib=libstdc++ -std=c++11   -DIPOPT_BUILD -MT IpRestoIterateInitializer.lo -MD -MP -MF ".deps/IpRestoIterateInitializer.Tpo" -c -o IpRestoIterateInitializer.lo IpRestoIterateInitializer.cpp; \
:info:build 	then mv -f ".deps/IpRestoIterateInitializer.Tpo" ".deps/IpRestoIterateInitializer.Plo"; else rm -f ".deps/IpRestoIterateInitializer.Tpo"; exit 1; fi
:info:build if /bin/sh ../../../libtool --tag=CXX --mode=compile /usr/bin/clang++ -stdlib=libstdc++ -DHAVE_CONFIG_H -I. -I`echo .` -I../../src/Common  -I`echo ./../Common` -I`echo ./../LinAlg` -I`echo ./../LinAlg/TMatrices` -I`echo ./../Interfaces` -I`echo ./LinearSolvers` -I`echo ./../contrib/CGPenalty` -I`echo ./../contrib/LinearSolverLoader`    -pipe -Os -arch x86_64 -stdlib=libc++ -stdlib=libstdc++ -std=c++11   -DIPOPT_BUILD -MT IpRestoIterationOutput.lo -MD -MP -MF ".deps/IpRestoIterationOutput.Tpo" -c -o IpRestoIterationOutput.lo IpRestoIterationOutput.cpp; \
:info:build 	then mv -f ".deps/IpRestoIterationOutput.Tpo" ".deps/IpRestoIterationOutput.Plo"; else rm -f ".deps/IpRestoIterationOutput.Tpo"; exit 1; fi
:info:build  /usr/bin/clang++ -stdlib=libstdc++ -DHAVE_CONFIG_H -I. -I. -I../../src/Common -I./../Common -I./../LinAlg -I./../LinAlg/TMatrices -I./../Interfaces -I./LinearSolvers -I./../contrib/CGPenalty -I./../contrib/LinearSolverLoader -pipe -Os -arch x86_64 -stdlib=libc++ -stdlib=libstdc++ -std=c++11 -DIPOPT_BUILD -MT IpRestoIpoptNLP.lo -MD -MP -MF .deps/IpRestoIpoptNLP.Tpo -c IpRestoIpoptNLP.cpp  -fno-common -DPIC -o .libs/IpRestoIpoptNLP.o
:info:build  /usr/bin/clang++ -stdlib=libstdc++ -DHAVE_CONFIG_H -I. -I. -I../../src/Common -I./../Common -I./../LinAlg -I./../LinAlg/TMatrices -I./../Interfaces -I./LinearSolvers -I./../contrib/CGPenalty -I./../contrib/LinearSolverLoader -pipe -Os -arch x86_64 -stdlib=libc++ -stdlib=libstdc++ -std=c++11 -DIPOPT_BUILD -MT IpRestoIterateInitializer.lo -MD -MP -MF .deps/IpRestoIterateInitializer.Tpo -c IpRestoIterateInitializer.cpp  -fno-common -DPIC -o .libs/IpRestoIterateInitializer.o
:info:build  /usr/bin/clang++ -stdlib=libstdc++ -DHAVE_CONFIG_H -I. -I. -I../../src/Common -I./../Common -I./../LinAlg -I./../LinAlg/TMatrices -I./../Interfaces -I./LinearSolvers -I./../contrib/CGPenalty -I./../contrib/LinearSolverLoader -pipe -Os -arch x86_64 -stdlib=libc++ -stdlib=libstdc++ -std=c++11 -DIPOPT_BUILD -MT IpRestoIterationOutput.lo -MD -MP -MF .deps/IpRestoIterationOutput.Tpo -c IpRestoIterationOutput.cpp  -fno-common -DPIC -o .libs/IpRestoIterationOutput.o
:info:build if /bin/sh ../../../libtool --tag=CXX --mode=compile /usr/bin/clang++ -stdlib=libstdc++ -DHAVE_CONFIG_H -I. -I`echo .` -I../../src/Common  -I`echo ./../Common` -I`echo ./../LinAlg` -I`echo ./../LinAlg/TMatrices` -I`echo ./../Interfaces` -I`echo ./LinearSolvers` -I`echo ./../contrib/CGPenalty` -I`echo ./../contrib/LinearSolverLoader`    -pipe -Os -arch x86_64 -stdlib=libc++ -stdlib=libstdc++ -std=c++11   -DIPOPT_BUILD -MT IpRestoMinC_1Nrm.lo -MD -MP -MF ".deps/IpRestoMinC_1Nrm.Tpo" -c -o IpRestoMinC_1Nrm.lo IpRestoMinC_1Nrm.cpp; \
:info:build 	then mv -f ".deps/IpRestoMinC_1Nrm.Tpo" ".deps/IpRestoMinC_1Nrm.Plo"; else rm -f ".deps/IpRestoMinC_1Nrm.Tpo"; exit 1; fi
:info:build  /usr/bin/clang++ -stdlib=libstdc++ -DHAVE_CONFIG_H -I. -I. -I../../src/Common -I./../Common -I./../LinAlg -I./../LinAlg/TMatrices -I./../Interfaces -I./LinearSolvers -I./../contrib/CGPenalty -I./../contrib/LinearSolverLoader -pipe -Os -arch x86_64 -stdlib=libc++ -stdlib=libstdc++ -std=c++11 -DIPOPT_BUILD -MT IpRestoMinC_1Nrm.lo -MD -MP -MF .deps/IpRestoMinC_1Nrm.Tpo -c IpRestoMinC_1Nrm.cpp  -fno-common -DPIC -o .libs/IpRestoMinC_1Nrm.o
:info:build if /bin/sh ../../../libtool --tag=CXX --mode=compile /usr/bin/clang++ -stdlib=libstdc++ -DHAVE_CONFIG_H -I. -I`echo .` -I../../src/Common  -I`echo ./../Common` -I`echo ./../LinAlg` -I`echo ./../LinAlg/TMatrices` -I`echo ./../Interfaces` -I`echo ./LinearSolvers` -I`echo ./../contrib/CGPenalty` -I`echo ./../contrib/LinearSolverLoader`    -pipe -Os -arch x86_64 -stdlib=libc++ -stdlib=libstdc++ -std=c++11   -DIPOPT_BUILD -MT IpRestoPenaltyConvCheck.lo -MD -MP -MF ".deps/IpRestoPenaltyConvCheck.Tpo" -c -o IpRestoPenaltyConvCheck.lo IpRestoPenaltyConvCheck.cpp; \
:info:build 	then mv -f ".deps/IpRestoPenaltyConvCheck.Tpo" ".deps/IpRestoPenaltyConvCheck.Plo"; else rm -f ".deps/IpRestoPenaltyConvCheck.Tpo"; exit 1; fi
:info:build if /bin/sh ../../../libtool --tag=CXX --mode=compile /usr/bin/clang++ -stdlib=libstdc++ -DHAVE_CONFIG_H -I. -I`echo .` -I../../src/Common  -I`echo ./../Common` -I`echo ./../LinAlg` -I`echo ./../LinAlg/TMatrices` -I`echo ./../Interfaces` -I`echo ./LinearSolvers` -I`echo ./../contrib/CGPenalty` -I`echo ./../contrib/LinearSolverLoader`    -pipe -Os -arch x86_64 -stdlib=libc++ -stdlib=libstdc++ -std=c++11   -DIPOPT_BUILD -MT IpRestoRestoPhase.lo -MD -MP -MF ".deps/IpRestoRestoPhase.Tpo" -c -o IpRestoRestoPhase.lo IpRestoRestoPhase.cpp; \
:info:build 	then mv -f ".deps/IpRestoRestoPhase.Tpo" ".deps/IpRestoRestoPhase.Plo"; else rm -f ".deps/IpRestoRestoPhase.Tpo"; exit 1; fi
:info:build if /bin/sh ../../../libtool --tag=CXX --mode=compile /usr/bin/clang++ -stdlib=libstdc++ -DHAVE_CONFIG_H -I. -I`echo .` -I../../src/Common  -I`echo ./../Common` -I`echo ./../LinAlg` -I`echo ./../LinAlg/TMatrices` -I`echo ./../Interfaces` -I`echo ./LinearSolvers` -I`echo ./../contrib/CGPenalty` -I`echo ./../contrib/LinearSolverLoader`    -pipe -Os -arch x86_64 -stdlib=libc++ -stdlib=libstdc++ -std=c++11   -DIPOPT_BUILD -MT IpStdAugSystemSolver.lo -MD -MP -MF ".deps/IpStdAugSystemSolver.Tpo" -c -o IpStdAugSystemSolver.lo IpStdAugSystemSolver.cpp; \
:info:build 	then mv -f ".deps/IpStdAugSystemSolver.Tpo" ".deps/IpStdAugSystemSolver.Plo"; else rm -f ".deps/IpStdAugSystemSolver.Tpo"; exit 1; fi
:info:build  /usr/bin/clang++ -stdlib=libstdc++ -DHAVE_CONFIG_H -I. -I. -I../../src/Common -I./../Common -I./../LinAlg -I./../LinAlg/TMatrices -I./../Interfaces -I./LinearSolvers -I./../contrib/CGPenalty -I./../contrib/LinearSolverLoader -pipe -Os -arch x86_64 -stdlib=libc++ -stdlib=libstdc++ -std=c++11 -DIPOPT_BUILD -MT IpRestoPenaltyConvCheck.lo -MD -MP -MF .deps/IpRestoPenaltyConvCheck.Tpo -c IpRestoPenaltyConvCheck.cpp  -fno-common -DPIC -o .libs/IpRestoPenaltyConvCheck.o
:info:build  /usr/bin/clang++ -stdlib=libstdc++ -DHAVE_CONFIG_H -I. -I. -I../../src/Common -I./../Common -I./../LinAlg -I./../LinAlg/TMatrices -I./../Interfaces -I./LinearSolvers -I./../contrib/CGPenalty -I./../contrib/LinearSolverLoader -pipe -Os -arch x86_64 -stdlib=libc++ -stdlib=libstdc++ -std=c++11 -DIPOPT_BUILD -MT IpRestoRestoPhase.lo -MD -MP -MF .deps/IpRestoRestoPhase.Tpo -c IpRestoRestoPhase.cpp  -fno-common -DPIC -o .libs/IpRestoRestoPhase.o
:info:build if /bin/sh ../../../libtool --tag=CXX --mode=compile /usr/bin/clang++ -stdlib=libstdc++ -DHAVE_CONFIG_H -I. -I`echo .` -I../../src/Common  -I`echo ./../Common` -I`echo ./../LinAlg` -I`echo ./../LinAlg/TMatrices` -I`echo ./../Interfaces` -I`echo ./LinearSolvers` -I`echo ./../contrib/CGPenalty` -I`echo ./../contrib/LinearSolverLoader`    -pipe -Os -arch x86_64 -stdlib=libc++ -stdlib=libstdc++ -std=c++11   -DIPOPT_BUILD -MT IpTimingStatistics.lo -MD -MP -MF ".deps/IpTimingStatistics.Tpo" -c -o IpTimingStatistics.lo IpTimingStatistics.cpp; \
:info:build 	then mv -f ".deps/IpTimingStatistics.Tpo" ".deps/IpTimingStatistics.Plo"; else rm -f ".deps/IpTimingStatistics.Tpo"; exit 1; fi
:info:build  /usr/bin/clang++ -stdlib=libstdc++ -DHAVE_CONFIG_H -I. -I. -I../../src/Common -I./../Common -I./../LinAlg -I./../LinAlg/TMatrices -I./../Interfaces -I./LinearSolvers -I./../contrib/CGPenalty -I./../contrib/LinearSolverLoader -pipe -Os -arch x86_64 -stdlib=libc++ -stdlib=libstdc++ -std=c++11 -DIPOPT_BUILD -MT IpStdAugSystemSolver.lo -MD -MP -MF .deps/IpStdAugSystemSolver.Tpo -c IpStdAugSystemSolver.cpp  -fno-common -DPIC -o .libs/IpStdAugSystemSolver.o
:info:build if /bin/sh ../../../libtool --tag=CXX --mode=compile /usr/bin/clang++ -stdlib=libstdc++ -DHAVE_CONFIG_H -I. -I`echo .` -I../../src/Common  -I`echo ./../Common` -I`echo ./../LinAlg` -I`echo ./../LinAlg/TMatrices` -I`echo ./../Interfaces` -I`echo ./LinearSolvers` -I`echo ./../contrib/CGPenalty` -I`echo ./../contrib/LinearSolverLoader`    -pipe -Os -arch x86_64 -stdlib=libc++ -stdlib=libstdc++ -std=c++11   -DIPOPT_BUILD -MT IpUserScaling.lo -MD -MP -MF ".deps/IpUserScaling.Tpo" -c -o IpUserScaling.lo IpUserScaling.cpp; \
:info:build 	then mv -f ".deps/IpUserScaling.Tpo" ".deps/IpUserScaling.Plo"; else rm -f ".deps/IpUserScaling.Tpo"; exit 1; fi
:info:build  /usr/bin/clang++ -stdlib=libstdc++ -DHAVE_CONFIG_H -I. -I. -I../../src/Common -I./../Common -I./../LinAlg -I./../LinAlg/TMatrices -I./../Interfaces -I./LinearSolvers -I./../contrib/CGPenalty -I./../contrib/LinearSolverLoader -pipe -Os -arch x86_64 -stdlib=libc++ -stdlib=libstdc++ -std=c++11 -DIPOPT_BUILD -MT IpTimingStatistics.lo -MD -MP -MF .deps/IpTimingStatistics.Tpo -c IpTimingStatistics.cpp  -fno-common -DPIC -o .libs/IpTimingStatistics.o
:info:build if /bin/sh ../../../libtool --tag=CXX --mode=compile /usr/bin/clang++ -stdlib=libstdc++ -DHAVE_CONFIG_H -I. -I`echo .` -I../../src/Common  -I`echo ./../Common` -I`echo ./../LinAlg` -I`echo ./../LinAlg/TMatrices` -I`echo ./../Interfaces` -I`echo ./LinearSolvers` -I`echo ./../contrib/CGPenalty` -I`echo ./../contrib/LinearSolverLoader`    -pipe -Os -arch x86_64 -stdlib=libc++ -stdlib=libstdc++ -std=c++11   -DIPOPT_BUILD -MT IpWarmStartIterateInitializer.lo -MD -MP -MF ".deps/IpWarmStartIterateInitializer.Tpo" -c -o IpWarmStartIterateInitializer.lo IpWarmStartIterateInitializer.cpp; \
:info:build 	then mv -f ".deps/IpWarmStartIterateInitializer.Tpo" ".deps/IpWarmStartIterateInitializer.Plo"; else rm -f ".deps/IpWarmStartIterateInitializer.Tpo"; exit 1; fi
:info:build  /usr/bin/clang++ -stdlib=libstdc++ -DHAVE_CONFIG_H -I. -I. -I../../src/Common -I./../Common -I./../LinAlg -I./../LinAlg/TMatrices -I./../Interfaces -I./LinearSolvers -I./../contrib/CGPenalty -I./../contrib/LinearSolverLoader -pipe -Os -arch x86_64 -stdlib=libc++ -stdlib=libstdc++ -std=c++11 -DIPOPT_BUILD -MT IpUserScaling.lo -MD -MP -MF .deps/IpUserScaling.Tpo -c IpUserScaling.cpp  -fno-common -DPIC -o .libs/IpUserScaling.o
:info:build  /usr/bin/clang++ -stdlib=libstdc++ -DHAVE_CONFIG_H -I. -I. -I../../src/Common -I./../Common -I./../LinAlg -I./../LinAlg/TMatrices -I./../Interfaces -I./LinearSolvers -I./../contrib/CGPenalty -I./../contrib/LinearSolverLoader -pipe -Os -arch x86_64 -stdlib=libc++ -stdlib=libstdc++ -std=c++11 -DIPOPT_BUILD -MT IpWarmStartIterateInitializer.lo -MD -MP -MF .deps/IpWarmStartIterateInitializer.Tpo -c IpWarmStartIterateInitializer.cpp  -fno-common -DPIC -o .libs/IpWarmStartIterateInitializer.o
:info:build /bin/sh ../../../libtool --tag=CXX --mode=link /usr/bin/clang++ -stdlib=libstdc++  -pipe -Os -arch x86_64 -stdlib=libc++ -stdlib=libstdc++ -std=c++11   -DIPOPT_BUILD  -L/opt/local/var/macports/build/_opt_local_var_macports_sources_build.openmodelica.org_macports_lang_openmodelica/openmodelica/work/openmodelica_1.9.6/build/lib/x86_64-darwin15.4.0/omc -L/opt/local/lib -Wl,-headerpad_max_install_names -arch x86_64 -o libipoptalg.la  -no-undefined IpAdaptiveMuUpdate.lo IpAlgBuilder.lo IpAlgorithmRegOp.lo IpAugRestoSystemSolver.lo IpBacktrackingLineSearch.lo IpDefaultIterateInitializer.lo IpEquilibrationScaling.lo IpExactHessianUpdater.lo IpFilter.lo IpFilterLSAcceptor.lo IpGenAugSystemSolver.lo IpGradientScaling.lo IpIpoptAlg.lo IpIpoptCalculatedQuantities.lo IpIpoptData.lo IpIteratesVector.lo IpLeastSquareMults.lo IpLimMemQuasiNewtonUpdater.lo IpLoqoMuOracle.lo IpLowRankAugSystemSolver.lo IpLowRankSSAugSystemSolver.lo IpMonotoneMuUpdate.lo IpNLPBoundsRemover.lo IpNLPScaling.lo IpOptErrorConvCheck.lo IpOrigIpoptNLP.lo IpOrigIterationOutput.lo IpPDFullSpaceSolver.lo IpPDPerturbationHandler.lo IpPDSearchDirCalc.lo IpPenaltyLSAcceptor.lo IpProbingMuOracle.lo IpQualityFunctionMuOracle.lo IpRestoConvCheck.lo IpRestoFilterConvCheck.lo IpRestoIpoptNLP.lo IpRestoIterateInitializer.lo IpRestoIterationOutput.lo IpRestoMinC_1Nrm.lo IpRestoPenaltyConvCheck.lo IpRestoRestoPhase.lo IpStdAugSystemSolver.lo IpTimingStatistics.lo IpUserScaling.lo IpWarmStartIterateInitializer.lo  
:info:build ar cru .libs/libipoptalg.a .libs/IpAdaptiveMuUpdate.o .libs/IpAlgBuilder.o .libs/IpAlgorithmRegOp.o .libs/IpAugRestoSystemSolver.o .libs/IpBacktrackingLineSearch.o .libs/IpDefaultIterateInitializer.o .libs/IpEquilibrationScaling.o .libs/IpExactHessianUpdater.o .libs/IpFilter.o .libs/IpFilterLSAcceptor.o .libs/IpGenAugSystemSolver.o .libs/IpGradientScaling.o .libs/IpIpoptAlg.o .libs/IpIpoptCalculatedQuantities.o .libs/IpIpoptData.o .libs/IpIteratesVector.o .libs/IpLeastSquareMults.o .libs/IpLimMemQuasiNewtonUpdater.o .libs/IpLoqoMuOracle.o .libs/IpLowRankAugSystemSolver.o .libs/IpLowRankSSAugSystemSolver.o .libs/IpMonotoneMuUpdate.o .libs/IpNLPBoundsRemover.o .libs/IpNLPScaling.o .libs/IpOptErrorConvCheck.o .libs/IpOrigIpoptNLP.o .libs/IpOrigIterationOutput.o .libs/IpPDFullSpaceSolver.o .libs/IpPDPerturbationHandler.o .libs/IpPDSearchDirCalc.o .libs/IpPenaltyLSAcceptor.o .libs/IpProbingMuOracle.o .libs/IpQualityFunctionMuOracle.o .libs/IpRestoConvCheck.o .libs/IpRestoFilterConvCheck.o .libs/IpRestoIpoptNLP.o .libs/IpRestoIterateInitializer.o .libs/IpRestoIterationOutput.o .libs/IpRestoMinC_1Nrm.o .libs/IpRestoPenaltyConvCheck.o .libs/IpRestoRestoPhase.o .libs/IpStdAugSystemSolver.o .libs/IpTimingStatistics.o .libs/IpUserScaling.o .libs/IpWarmStartIterateInitializer.o
:info:build ranlib .libs/libipoptalg.a
:info:build creating libipoptalg.la
:info:build (cd .libs && rm -f libipoptalg.la && ln -s ../libipoptalg.la libipoptalg.la)
:info:build make[6]: Leaving directory `/opt/local/var/macports/build/_opt_local_var_macports_sources_build.openmodelica.org_macports_lang_openmodelica/openmodelica/work/openmodelica_1.9.6/OMCompiler/3rdParty/Ipopt/Ipopt/src/Algorithm'
:info:build make[5]: Leaving directory `/opt/local/var/macports/build/_opt_local_var_macports_sources_build.openmodelica.org_macports_lang_openmodelica/openmodelica/work/openmodelica_1.9.6/OMCompiler/3rdParty/Ipopt/Ipopt/src/Algorithm'
:info:build Making all in src/contrib/CGPenalty
:info:build make[5]: Entering directory `/opt/local/var/macports/build/_opt_local_var_macports_sources_build.openmodelica.org_macports_lang_openmodelica/openmodelica/work/openmodelica_1.9.6/OMCompiler/3rdParty/Ipopt/Ipopt/src/contrib/CGPenalty'
:info:build if /bin/sh ../../../../libtool --tag=CXX --mode=compile /usr/bin/clang++ -stdlib=libstdc++ -DHAVE_CONFIG_H -I. -I`echo .` -I../../../src/Common  -I`echo ./../../Common` -I`echo ./../../LinAlg` -I`echo ./../../LinAlg/TMatrices` -I`echo ./../../Interfaces` -I`echo ./../../Algorithm`   -pipe -Os -arch x86_64 -stdlib=libc++ -stdlib=libstdc++ -std=c++11   -DIPOPT_BUILD -MT IpCGPenaltyCq.lo -MD -MP -MF ".deps/IpCGPenaltyCq.Tpo" -c -o IpCGPenaltyCq.lo IpCGPenaltyCq.cpp; \
:info:build 	then mv -f ".deps/IpCGPenaltyCq.Tpo" ".deps/IpCGPenaltyCq.Plo"; else rm -f ".deps/IpCGPenaltyCq.Tpo"; exit 1; fi
:info:build if /bin/sh ../../../../libtool --tag=CXX --mode=compile /usr/bin/clang++ -stdlib=libstdc++ -DHAVE_CONFIG_H -I. -I`echo .` -I../../../src/Common  -I`echo ./../../Common` -I`echo ./../../LinAlg` -I`echo ./../../LinAlg/TMatrices` -I`echo ./../../Interfaces` -I`echo ./../../Algorithm`   -pipe -Os -arch x86_64 -stdlib=libc++ -stdlib=libstdc++ -std=c++11   -DIPOPT_BUILD -MT IpCGPenaltyData.lo -MD -MP -MF ".deps/IpCGPenaltyData.Tpo" -c -o IpCGPenaltyData.lo IpCGPenaltyData.cpp; \
:info:build 	then mv -f ".deps/IpCGPenaltyData.Tpo" ".deps/IpCGPenaltyData.Plo"; else rm -f ".deps/IpCGPenaltyData.Tpo"; exit 1; fi
:info:build if /bin/sh ../../../../libtool --tag=CXX --mode=compile /usr/bin/clang++ -stdlib=libstdc++ -DHAVE_CONFIG_H -I. -I`echo .` -I../../../src/Common  -I`echo ./../../Common` -I`echo ./../../LinAlg` -I`echo ./../../LinAlg/TMatrices` -I`echo ./../../Interfaces` -I`echo ./../../Algorithm`   -pipe -Os -arch x86_64 -stdlib=libc++ -stdlib=libstdc++ -std=c++11   -DIPOPT_BUILD -MT IpCGPenaltyLSAcceptor.lo -MD -MP -MF ".deps/IpCGPenaltyLSAcceptor.Tpo" -c -o IpCGPenaltyLSAcceptor.lo IpCGPenaltyLSAcceptor.cpp; \
:info:build 	then mv -f ".deps/IpCGPenaltyLSAcceptor.Tpo" ".deps/IpCGPenaltyLSAcceptor.Plo"; else rm -f ".deps/IpCGPenaltyLSAcceptor.Tpo"; exit 1; fi
:info:build if /bin/sh ../../../../libtool --tag=CXX --mode=compile /usr/bin/clang++ -stdlib=libstdc++ -DHAVE_CONFIG_H -I. -I`echo .` -I../../../src/Common  -I`echo ./../../Common` -I`echo ./../../LinAlg` -I`echo ./../../LinAlg/TMatrices` -I`echo ./../../Interfaces` -I`echo ./../../Algorithm`   -pipe -Os -arch x86_64 -stdlib=libc++ -stdlib=libstdc++ -std=c++11   -DIPOPT_BUILD -MT IpCGPenaltyRegOp.lo -MD -MP -MF ".deps/IpCGPenaltyRegOp.Tpo" -c -o IpCGPenaltyRegOp.lo IpCGPenaltyRegOp.cpp; \
:info:build 	then mv -f ".deps/IpCGPenaltyRegOp.Tpo" ".deps/IpCGPenaltyRegOp.Plo"; else rm -f ".deps/IpCGPenaltyRegOp.Tpo"; exit 1; fi
:info:build mkdir .libs
:info:build  /usr/bin/clang++ -stdlib=libstdc++ -DHAVE_CONFIG_H -I. -I. -I../../../src/Common -I./../../Common -I./../../LinAlg -I./../../LinAlg/TMatrices -I./../../Interfaces -I./../../Algorithm -pipe -Os -arch x86_64 -stdlib=libc++ -stdlib=libstdc++ -std=c++11 -DIPOPT_BUILD -MT IpCGPenaltyLSAcceptor.lo -MD -MP -MF .deps/IpCGPenaltyLSAcceptor.Tpo -c IpCGPenaltyLSAcceptor.cpp  -fno-common -DPIC -o .libs/IpCGPenaltyLSAcceptor.o
:info:build  /usr/bin/clang++ -stdlib=libstdc++ -DHAVE_CONFIG_H -I. -I. -I../../../src/Common -I./../../Common -I./../../LinAlg -I./../../LinAlg/TMatrices -I./../../Interfaces -I./../../Algorithm -pipe -Os -arch x86_64 -stdlib=libc++ -stdlib=libstdc++ -std=c++11 -DIPOPT_BUILD -MT IpCGPenaltyRegOp.lo -MD -MP -MF .deps/IpCGPenaltyRegOp.Tpo -c IpCGPenaltyRegOp.cpp  -fno-common -DPIC -o .libs/IpCGPenaltyRegOp.o
:info:build  /usr/bin/clang++ -stdlib=libstdc++ -DHAVE_CONFIG_H -I. -I. -I../../../src/Common -I./../../Common -I./../../LinAlg -I./../../LinAlg/TMatrices -I./../../Interfaces -I./../../Algorithm -pipe -Os -arch x86_64 -stdlib=libc++ -stdlib=libstdc++ -std=c++11 -DIPOPT_BUILD -MT IpCGPenaltyCq.lo -MD -MP -MF .deps/IpCGPenaltyCq.Tpo -c IpCGPenaltyCq.cpp  -fno-common -DPIC -o .libs/IpCGPenaltyCq.o
:info:build  /usr/bin/clang++ -stdlib=libstdc++ -DHAVE_CONFIG_H -I. -I. -I../../../src/Common -I./../../Common -I./../../LinAlg -I./../../LinAlg/TMatrices -I./../../Interfaces -I./../../Algorithm -pipe -Os -arch x86_64 -stdlib=libc++ -stdlib=libstdc++ -std=c++11 -DIPOPT_BUILD -MT IpCGPenaltyData.lo -MD -MP -MF .deps/IpCGPenaltyData.Tpo -c IpCGPenaltyData.cpp  -fno-common -DPIC -o .libs/IpCGPenaltyData.o
:info:build if /bin/sh ../../../../libtool --tag=CXX --mode=compile /usr/bin/clang++ -stdlib=libstdc++ -DHAVE_CONFIG_H -I. -I`echo .` -I../../../src/Common  -I`echo ./../../Common` -I`echo ./../../LinAlg` -I`echo ./../../LinAlg/TMatrices` -I`echo ./../../Interfaces` -I`echo ./../../Algorithm`   -pipe -Os -arch x86_64 -stdlib=libc++ -stdlib=libstdc++ -std=c++11   -DIPOPT_BUILD -MT IpCGPerturbationHandler.lo -MD -MP -MF ".deps/IpCGPerturbationHandler.Tpo" -c -o IpCGPerturbationHandler.lo IpCGPerturbationHandler.cpp; \
:info:build 	then mv -f ".deps/IpCGPerturbationHandler.Tpo" ".deps/IpCGPerturbationHandler.Plo"; else rm -f ".deps/IpCGPerturbationHandler.Tpo"; exit 1; fi
:info:build if /bin/sh ../../../../libtool --tag=CXX --mode=compile /usr/bin/clang++ -stdlib=libstdc++ -DHAVE_CONFIG_H -I. -I`echo .` -I../../../src/Common  -I`echo ./../../Common` -I`echo ./../../LinAlg` -I`echo ./../../LinAlg/TMatrices` -I`echo ./../../Interfaces` -I`echo ./../../Algorithm`   -pipe -Os -arch x86_64 -stdlib=libc++ -stdlib=libstdc++ -std=c++11   -DIPOPT_BUILD -MT IpCGSearchDirCalc.lo -MD -MP -MF ".deps/IpCGSearchDirCalc.Tpo" -c -o IpCGSearchDirCalc.lo IpCGSearchDirCalc.cpp; \
:info:build 	then mv -f ".deps/IpCGSearchDirCalc.Tpo" ".deps/IpCGSearchDirCalc.Plo"; else rm -f ".deps/IpCGSearchDirCalc.Tpo"; exit 1; fi
:info:build  /usr/bin/clang++ -stdlib=libstdc++ -DHAVE_CONFIG_H -I. -I. -I../../../src/Common -I./../../Common -I./../../LinAlg -I./../../LinAlg/TMatrices -I./../../Interfaces -I./../../Algorithm -pipe -Os -arch x86_64 -stdlib=libc++ -stdlib=libstdc++ -std=c++11 -DIPOPT_BUILD -MT IpCGPerturbationHandler.lo -MD -MP -MF .deps/IpCGPerturbationHandler.Tpo -c IpCGPerturbationHandler.cpp  -fno-common -DPIC -o .libs/IpCGPerturbationHandler.o
:info:build  /usr/bin/clang++ -stdlib=libstdc++ -DHAVE_CONFIG_H -I. -I. -I../../../src/Common -I./../../Common -I./../../LinAlg -I./../../LinAlg/TMatrices -I./../../Interfaces -I./../../Algorithm -pipe -Os -arch x86_64 -stdlib=libc++ -stdlib=libstdc++ -std=c++11 -DIPOPT_BUILD -MT IpCGSearchDirCalc.lo -MD -MP -MF .deps/IpCGSearchDirCalc.Tpo -c IpCGSearchDirCalc.cpp  -fno-common -DPIC -o .libs/IpCGSearchDirCalc.o
:info:build if /bin/sh ../../../../libtool --tag=CXX --mode=compile /usr/bin/clang++ -stdlib=libstdc++ -DHAVE_CONFIG_H -I. -I`echo .` -I../../../src/Common  -I`echo ./../../Common` -I`echo ./../../LinAlg` -I`echo ./../../LinAlg/TMatrices` -I`echo ./../../Interfaces` -I`echo ./../../Algorithm`   -pipe -Os -arch x86_64 -stdlib=libc++ -stdlib=libstdc++ -std=c++11   -DIPOPT_BUILD -MT IpPiecewisePenalty.lo -MD -MP -MF ".deps/IpPiecewisePenalty.Tpo" -c -o IpPiecewisePenalty.lo IpPiecewisePenalty.cpp; \
:info:build 	then mv -f ".deps/IpPiecewisePenalty.Tpo" ".deps/IpPiecewisePenalty.Plo"; else rm -f ".deps/IpPiecewisePenalty.Tpo"; exit 1; fi
:info:build  /usr/bin/clang++ -stdlib=libstdc++ -DHAVE_CONFIG_H -I. -I. -I../../../src/Common -I./../../Common -I./../../LinAlg -I./../../LinAlg/TMatrices -I./../../Interfaces -I./../../Algorithm -pipe -Os -arch x86_64 -stdlib=libc++ -stdlib=libstdc++ -std=c++11 -DIPOPT_BUILD -MT IpPiecewisePenalty.lo -MD -MP -MF .deps/IpPiecewisePenalty.Tpo -c IpPiecewisePenalty.cpp  -fno-common -DPIC -o .libs/IpPiecewisePenalty.o
:info:build /bin/sh ../../../../libtool --tag=CXX --mode=link /usr/bin/clang++ -stdlib=libstdc++  -pipe -Os -arch x86_64 -stdlib=libc++ -stdlib=libstdc++ -std=c++11   -DIPOPT_BUILD  -L/opt/local/var/macports/build/_opt_local_var_macports_sources_build.openmodelica.org_macports_lang_openmodelica/openmodelica/work/openmodelica_1.9.6/build/lib/x86_64-darwin15.4.0/omc -L/opt/local/lib -Wl,-headerpad_max_install_names -arch x86_64 -o libcgpenalty.la  -no-undefined IpCGPenaltyCq.lo IpCGPenaltyData.lo IpCGPenaltyLSAcceptor.lo IpCGPenaltyRegOp.lo IpCGPerturbationHandler.lo IpCGSearchDirCalc.lo IpPiecewisePenalty.lo  
:info:build ar cru .libs/libcgpenalty.a .libs/IpCGPenaltyCq.o .libs/IpCGPenaltyData.o .libs/IpCGPenaltyLSAcceptor.o .libs/IpCGPenaltyRegOp.o .libs/IpCGPerturbationHandler.o .libs/IpCGSearchDirCalc.o .libs/IpPiecewisePenalty.o
:info:build ranlib .libs/libcgpenalty.a
:info:build creating libcgpenalty.la
:info:build (cd .libs && rm -f libcgpenalty.la && ln -s ../libcgpenalty.la libcgpenalty.la)
:info:build make[5]: Leaving directory `/opt/local/var/macports/build/_opt_local_var_macports_sources_build.openmodelica.org_macports_lang_openmodelica/openmodelica/work/openmodelica_1.9.6/OMCompiler/3rdParty/Ipopt/Ipopt/src/contrib/CGPenalty'
:info:build Making all in src/contrib/LinearSolverLoader
:info:build make[5]: Entering directory `/opt/local/var/macports/build/_opt_local_var_macports_sources_build.openmodelica.org_macports_lang_openmodelica/openmodelica/work/openmodelica_1.9.6/OMCompiler/3rdParty/Ipopt/Ipopt/src/contrib/LinearSolverLoader'
:info:build if /bin/sh ../../../../libtool --tag=CC --mode=compile /usr/bin/clang -DHAVE_CONFIG_H -I. -I`echo .` -I../../../src/Common  -I`echo ./../../Common` -I`echo ./../../Algorithm/LinearSolvers`    -pipe -Os -arch x86_64 -fno-stack-protector   -DIPOPT_BUILD -MT LibraryHandler.lo -MD -MP -MF ".deps/LibraryHandler.Tpo" -c -o LibraryHandler.lo LibraryHandler.c; \
:info:build 	then mv -f ".deps/LibraryHandler.Tpo" ".deps/LibraryHandler.Plo"; else rm -f ".deps/LibraryHandler.Tpo"; exit 1; fi
:info:build if /bin/sh ../../../../libtool --tag=CC --mode=compile /usr/bin/clang -DHAVE_CONFIG_H -I. -I`echo .` -I../../../src/Common  -I`echo ./../../Common` -I`echo ./../../Algorithm/LinearSolvers`    -pipe -Os -arch x86_64 -fno-stack-protector   -DIPOPT_BUILD -MT HSLLoader.lo -MD -MP -MF ".deps/HSLLoader.Tpo" -c -o HSLLoader.lo HSLLoader.c; \
:info:build 	then mv -f ".deps/HSLLoader.Tpo" ".deps/HSLLoader.Plo"; else rm -f ".deps/HSLLoader.Tpo"; exit 1; fi
:info:build if /bin/sh ../../../../libtool --tag=CC --mode=compile /usr/bin/clang -DHAVE_CONFIG_H -I. -I`echo .` -I../../../src/Common  -I`echo ./../../Common` -I`echo ./../../Algorithm/LinearSolvers`    -pipe -Os -arch x86_64 -fno-stack-protector   -DIPOPT_BUILD -MT PardisoLoader.lo -MD -MP -MF ".deps/PardisoLoader.Tpo" -c -o PardisoLoader.lo PardisoLoader.c; \
:info:build 	then mv -f ".deps/PardisoLoader.Tpo" ".deps/PardisoLoader.Plo"; else rm -f ".deps/PardisoLoader.Tpo"; exit 1; fi
:info:build mkdir .libs
:info:build  /usr/bin/clang -DHAVE_CONFIG_H -I. -I. -I../../../src/Common -I./../../Common -I./../../Algorithm/LinearSolvers -pipe -Os -arch x86_64 -fno-stack-protector -DIPOPT_BUILD -MT PardisoLoader.lo -MD -MP -MF .deps/PardisoLoader.Tpo -c PardisoLoader.c  -fno-common -DPIC -o .libs/PardisoLoader.o
:info:build  /usr/bin/clang -DHAVE_CONFIG_H -I. -I. -I../../../src/Common -I./../../Common -I./../../Algorithm/LinearSolvers -pipe -Os -arch x86_64 -fno-stack-protector -DIPOPT_BUILD -MT HSLLoader.lo -MD -MP -MF .deps/HSLLoader.Tpo -c HSLLoader.c  -fno-common -DPIC -o .libs/HSLLoader.o
:info:build  /usr/bin/clang -DHAVE_CONFIG_H -I. -I. -I../../../src/Common -I./../../Common -I./../../Algorithm/LinearSolvers -pipe -Os -arch x86_64 -fno-stack-protector -DIPOPT_BUILD -MT LibraryHandler.lo -MD -MP -MF .deps/LibraryHandler.Tpo -c LibraryHandler.c  -fno-common -DPIC -o .libs/LibraryHandler.o
:info:build /bin/sh ../../../../libtool --tag=CC --mode=link /usr/bin/clang  -pipe -Os -arch x86_64 -fno-stack-protector   -DIPOPT_BUILD  -L/opt/local/var/macports/build/_opt_local_var_macports_sources_build.openmodelica.org_macports_lang_openmodelica/openmodelica/work/openmodelica_1.9.6/build/lib/x86_64-darwin15.4.0/omc -L/opt/local/lib -Wl,-headerpad_max_install_names -arch x86_64 -o libLinearSolverLoader.la   LibraryHandler.lo HSLLoader.lo PardisoLoader.lo  
:info:build ar cru .libs/libLinearSolverLoader.a .libs/LibraryHandler.o .libs/HSLLoader.o .libs/PardisoLoader.o
:info:build ranlib .libs/libLinearSolverLoader.a
:info:build creating libLinearSolverLoader.la
:info:build (cd .libs && rm -f libLinearSolverLoader.la && ln -s ../libLinearSolverLoader.la libLinearSolverLoader.la)
:info:build make[5]: Leaving directory `/opt/local/var/macports/build/_opt_local_var_macports_sources_build.openmodelica.org_macports_lang_openmodelica/openmodelica/work/openmodelica_1.9.6/OMCompiler/3rdParty/Ipopt/Ipopt/src/contrib/LinearSolverLoader'
:info:build Making all in src/Interfaces
:info:build make[5]: Entering directory `/opt/local/var/macports/build/_opt_local_var_macports_sources_build.openmodelica.org_macports_lang_openmodelica/openmodelica/work/openmodelica_1.9.6/OMCompiler/3rdParty/Ipopt/Ipopt/src/Interfaces'
:info:build if /bin/sh ../../../libtool --tag=CXX --mode=compile /usr/bin/clang++ -stdlib=libstdc++ -DHAVE_CONFIG_H -I. -I`echo .` -I../../src/Common     -pipe -Os -arch x86_64 -stdlib=libc++ -stdlib=libstdc++ -std=c++11   -DIPOPT_BUILD -I`echo ./../Common` -I`echo ./../LinAlg` -I`echo ./../Algorithm/LinearSolvers` -I`echo ./../LinAlg/TMatrices` -I`echo ./../Algorithm` -I`echo ./../Algorithm/Inexact` -I`echo ./../contrib/CGPenalty` -I`echo ./../contrib/LinearSolverLoader`  -MT IpInterfacesRegOp.lo -MD -MP -MF ".deps/IpInterfacesRegOp.Tpo" -c -o IpInterfacesRegOp.lo IpInterfacesRegOp.cpp; \
:info:build 	then mv -f ".deps/IpInterfacesRegOp.Tpo" ".deps/IpInterfacesRegOp.Plo"; else rm -f ".deps/IpInterfacesRegOp.Tpo"; exit 1; fi
:info:build if /bin/sh ../../../libtool --tag=CXX --mode=compile /usr/bin/clang++ -stdlib=libstdc++ -DHAVE_CONFIG_H -I. -I`echo .` -I../../src/Common     -pipe -Os -arch x86_64 -stdlib=libc++ -stdlib=libstdc++ -std=c++11   -DIPOPT_BUILD -I`echo ./../Common` -I`echo ./../LinAlg` -I`echo ./../Algorithm/LinearSolvers` -I`echo ./../LinAlg/TMatrices` -I`echo ./../Algorithm` -I`echo ./../Algorithm/Inexact` -I`echo ./../contrib/CGPenalty` -I`echo ./../contrib/LinearSolverLoader`  -MT IpIpoptApplication.lo -MD -MP -MF ".deps/IpIpoptApplication.Tpo" -c -o IpIpoptApplication.lo IpIpoptApplication.cpp; \
:info:build 	then mv -f ".deps/IpIpoptApplication.Tpo" ".deps/IpIpoptApplication.Plo"; else rm -f ".deps/IpIpoptApplication.Tpo"; exit 1; fi
:info:build if /bin/sh ../../../libtool --tag=CXX --mode=compile /usr/bin/clang++ -stdlib=libstdc++ -DHAVE_CONFIG_H -I. -I`echo .` -I../../src/Common     -pipe -Os -arch x86_64 -stdlib=libc++ -stdlib=libstdc++ -std=c++11   -DIPOPT_BUILD -I`echo ./../Common` -I`echo ./../LinAlg` -I`echo ./../Algorithm/LinearSolvers` -I`echo ./../LinAlg/TMatrices` -I`echo ./../Algorithm` -I`echo ./../Algorithm/Inexact` -I`echo ./../contrib/CGPenalty` -I`echo ./../contrib/LinearSolverLoader`  -MT IpSolveStatistics.lo -MD -MP -MF ".deps/IpSolveStatistics.Tpo" -c -o IpSolveStatistics.lo IpSolveStatistics.cpp; \
:info:build 	then mv -f ".deps/IpSolveStatistics.Tpo" ".deps/IpSolveStatistics.Plo"; else rm -f ".deps/IpSolveStatistics.Tpo"; exit 1; fi
:info:build if /bin/sh ../../../libtool --tag=CXX --mode=compile /usr/bin/clang++ -stdlib=libstdc++ -DHAVE_CONFIG_H -I. -I`echo .` -I../../src/Common     -pipe -Os -arch x86_64 -stdlib=libc++ -stdlib=libstdc++ -std=c++11   -DIPOPT_BUILD -I`echo ./../Common` -I`echo ./../LinAlg` -I`echo ./../Algorithm/LinearSolvers` -I`echo ./../LinAlg/TMatrices` -I`echo ./../Algorithm` -I`echo ./../Algorithm/Inexact` -I`echo ./../contrib/CGPenalty` -I`echo ./../contrib/LinearSolverLoader`  -MT IpStdCInterface.lo -MD -MP -MF ".deps/IpStdCInterface.Tpo" -c -o IpStdCInterface.lo IpStdCInterface.cpp; \
:info:build 	then mv -f ".deps/IpStdCInterface.Tpo" ".deps/IpStdCInterface.Plo"; else rm -f ".deps/IpStdCInterface.Tpo"; exit 1; fi
:info:build mkdir .libs
:info:build  /usr/bin/clang++ -stdlib=libstdc++ -DHAVE_CONFIG_H -I. -I. -I../../src/Common -pipe -Os -arch x86_64 -stdlib=libc++ -stdlib=libstdc++ -std=c++11 -DIPOPT_BUILD -I./../Common -I./../LinAlg -I./../Algorithm/LinearSolvers -I./../LinAlg/TMatrices -I./../Algorithm -I./../Algorithm/Inexact -I./../contrib/CGPenalty -I./../contrib/LinearSolverLoader -MT IpInterfacesRegOp.lo -MD -MP -MF .deps/IpInterfacesRegOp.Tpo -c IpInterfacesRegOp.cpp  -fno-common -DPIC -o .libs/IpInterfacesRegOp.o
:info:build  /usr/bin/clang++ -stdlib=libstdc++ -DHAVE_CONFIG_H -I. -I. -I../../src/Common -pipe -Os -arch x86_64 -stdlib=libc++ -stdlib=libstdc++ -std=c++11 -DIPOPT_BUILD -I./../Common -I./../LinAlg -I./../Algorithm/LinearSolvers -I./../LinAlg/TMatrices -I./../Algorithm -I./../Algorithm/Inexact -I./../contrib/CGPenalty -I./../contrib/LinearSolverLoader -MT IpStdCInterface.lo -MD -MP -MF .deps/IpStdCInterface.Tpo -c IpStdCInterface.cpp  -fno-common -DPIC -o .libs/IpStdCInterface.o
:info:build  /usr/bin/clang++ -stdlib=libstdc++ -DHAVE_CONFIG_H -I. -I. -I../../src/Common -pipe -Os -arch x86_64 -stdlib=libc++ -stdlib=libstdc++ -std=c++11 -DIPOPT_BUILD -I./../Common -I./../LinAlg -I./../Algorithm/LinearSolvers -I./../LinAlg/TMatrices -I./../Algorithm -I./../Algorithm/Inexact -I./../contrib/CGPenalty -I./../contrib/LinearSolverLoader -MT IpIpoptApplication.lo -MD -MP -MF .deps/IpIpoptApplication.Tpo -c IpIpoptApplication.cpp  -fno-common -DPIC -o .libs/IpIpoptApplication.o
:info:build  /usr/bin/clang++ -stdlib=libstdc++ -DHAVE_CONFIG_H -I. -I. -I../../src/Common -pipe -Os -arch x86_64 -stdlib=libc++ -stdlib=libstdc++ -std=c++11 -DIPOPT_BUILD -I./../Common -I./../LinAlg -I./../Algorithm/LinearSolvers -I./../LinAlg/TMatrices -I./../Algorithm -I./../Algorithm/Inexact -I./../contrib/CGPenalty -I./../contrib/LinearSolverLoader -MT IpSolveStatistics.lo -MD -MP -MF .deps/IpSolveStatistics.Tpo -c IpSolveStatistics.cpp  -fno-common -DPIC -o .libs/IpSolveStatistics.o
:info:build if /bin/sh ../../../libtool --tag=CC --mode=compile /usr/bin/clang -DHAVE_CONFIG_H -I. -I`echo .` -I../../src/Common     -pipe -Os -arch x86_64 -fno-stack-protector   -DIPOPT_BUILD -I`echo ./../Common`  -MT IpStdFInterface.lo -MD -MP -MF ".deps/IpStdFInterface.Tpo" -c -o IpStdFInterface.lo IpStdFInterface.c; \
:info:build 	then mv -f ".deps/IpStdFInterface.Tpo" ".deps/IpStdFInterface.Plo"; else rm -f ".deps/IpStdFInterface.Tpo"; exit 1; fi
:info:build if /bin/sh ../../../libtool --tag=CXX --mode=compile /usr/bin/clang++ -stdlib=libstdc++ -DHAVE_CONFIG_H -I. -I`echo .` -I../../src/Common     -pipe -Os -arch x86_64 -stdlib=libc++ -stdlib=libstdc++ -std=c++11   -DIPOPT_BUILD -I`echo ./../Common` -I`echo ./../LinAlg` -I`echo ./../Algorithm/LinearSolvers` -I`echo ./../LinAlg/TMatrices` -I`echo ./../Algorithm` -I`echo ./../Algorithm/Inexact` -I`echo ./../contrib/CGPenalty` -I`echo ./../contrib/LinearSolverLoader`  -MT IpStdInterfaceTNLP.lo -MD -MP -MF ".deps/IpStdInterfaceTNLP.Tpo" -c -o IpStdInterfaceTNLP.lo IpStdInterfaceTNLP.cpp; \
:info:build 	then mv -f ".deps/IpStdInterfaceTNLP.Tpo" ".deps/IpStdInterfaceTNLP.Plo"; else rm -f ".deps/IpStdInterfaceTNLP.Tpo"; exit 1; fi
:info:build if /bin/sh ../../../libtool --tag=CXX --mode=compile /usr/bin/clang++ -stdlib=libstdc++ -DHAVE_CONFIG_H -I. -I`echo .` -I../../src/Common     -pipe -Os -arch x86_64 -stdlib=libc++ -stdlib=libstdc++ -std=c++11   -DIPOPT_BUILD -I`echo ./../Common` -I`echo ./../LinAlg` -I`echo ./../Algorithm/LinearSolvers` -I`echo ./../LinAlg/TMatrices` -I`echo ./../Algorithm` -I`echo ./../Algorithm/Inexact` -I`echo ./../contrib/CGPenalty` -I`echo ./../contrib/LinearSolverLoader`  -MT IpTNLPAdapter.lo -MD -MP -MF ".deps/IpTNLPAdapter.Tpo" -c -o IpTNLPAdapter.lo IpTNLPAdapter.cpp; \
:info:build 	then mv -f ".deps/IpTNLPAdapter.Tpo" ".deps/IpTNLPAdapter.Plo"; else rm -f ".deps/IpTNLPAdapter.Tpo"; exit 1; fi
:info:build  /usr/bin/clang -DHAVE_CONFIG_H -I. -I. -I../../src/Common -pipe -Os -arch x86_64 -fno-stack-protector -DIPOPT_BUILD -I./../Common -MT IpStdFInterface.lo -MD -MP -MF .deps/IpStdFInterface.Tpo -c IpStdFInterface.c  -fno-common -DPIC -o .libs/IpStdFInterface.o
:info:build if /bin/sh ../../../libtool --tag=CXX --mode=compile /usr/bin/clang++ -stdlib=libstdc++ -DHAVE_CONFIG_H -I. -I`echo .` -I../../src/Common     -pipe -Os -arch x86_64 -stdlib=libc++ -stdlib=libstdc++ -std=c++11   -DIPOPT_BUILD -I`echo ./../Common` -I`echo ./../LinAlg` -I`echo ./../Algorithm/LinearSolvers` -I`echo ./../LinAlg/TMatrices` -I`echo ./../Algorithm` -I`echo ./../Algorithm/Inexact` -I`echo ./../contrib/CGPenalty` -I`echo ./../contrib/LinearSolverLoader`  -MT IpTNLPReducer.lo -MD -MP -MF ".deps/IpTNLPReducer.Tpo" -c -o IpTNLPReducer.lo IpTNLPReducer.cpp; \
:info:build 	then mv -f ".deps/IpTNLPReducer.Tpo" ".deps/IpTNLPReducer.Plo"; else rm -f ".deps/IpTNLPReducer.Tpo"; exit 1; fi
:info:build  /usr/bin/clang++ -stdlib=libstdc++ -DHAVE_CONFIG_H -I. -I. -I../../src/Common -pipe -Os -arch x86_64 -stdlib=libc++ -stdlib=libstdc++ -std=c++11 -DIPOPT_BUILD -I./../Common -I./../LinAlg -I./../Algorithm/LinearSolvers -I./../LinAlg/TMatrices -I./../Algorithm -I./../Algorithm/Inexact -I./../contrib/CGPenalty -I./../contrib/LinearSolverLoader -MT IpStdInterfaceTNLP.lo -MD -MP -MF .deps/IpStdInterfaceTNLP.Tpo -c IpStdInterfaceTNLP.cpp  -fno-common -DPIC -o .libs/IpStdInterfaceTNLP.o
:info:build  /usr/bin/clang++ -stdlib=libstdc++ -DHAVE_CONFIG_H -I. -I. -I../../src/Common -pipe -Os -arch x86_64 -stdlib=libc++ -stdlib=libstdc++ -std=c++11 -DIPOPT_BUILD -I./../Common -I./../LinAlg -I./../Algorithm/LinearSolvers -I./../LinAlg/TMatrices -I./../Algorithm -I./../Algorithm/Inexact -I./../contrib/CGPenalty -I./../contrib/LinearSolverLoader -MT IpTNLPAdapter.lo -MD -MP -MF .deps/IpTNLPAdapter.Tpo -c IpTNLPAdapter.cpp  -fno-common -DPIC -o .libs/IpTNLPAdapter.o
:info:build  /usr/bin/clang++ -stdlib=libstdc++ -DHAVE_CONFIG_H -I. -I. -I../../src/Common -pipe -Os -arch x86_64 -stdlib=libc++ -stdlib=libstdc++ -std=c++11 -DIPOPT_BUILD -I./../Common -I./../LinAlg -I./../Algorithm/LinearSolvers -I./../LinAlg/TMatrices -I./../Algorithm -I./../Algorithm/Inexact -I./../contrib/CGPenalty -I./../contrib/LinearSolverLoader -MT IpTNLPReducer.lo -MD -MP -MF .deps/IpTNLPReducer.Tpo -c IpTNLPReducer.cpp  -fno-common -DPIC -o .libs/IpTNLPReducer.o
:info:build /bin/sh ../../../libtool --tag=CXX --mode=link /usr/bin/clang++ -stdlib=libstdc++  -pipe -Os -arch x86_64 -stdlib=libc++ -stdlib=libstdc++ -std=c++11   -DIPOPT_BUILD -I`echo ./../Common` -I`echo ./../LinAlg` -I`echo ./../Algorithm/LinearSolvers` -I`echo ./../LinAlg/TMatrices` -I`echo ./../Algorithm` -I`echo ./../Algorithm/Inexact` -I`echo ./../contrib/CGPenalty` -I`echo ./../contrib/LinearSolverLoader`   -L/opt/local/var/macports/build/_opt_local_var_macports_sources_build.openmodelica.org_macports_lang_openmodelica/openmodelica/work/openmodelica_1.9.6/build/lib/x86_64-darwin15.4.0/omc -L/opt/local/lib -Wl,-headerpad_max_install_names -arch x86_64 -o libipopt.la -rpath /opt/local/var/macports/build/_opt_local_var_macports_sources_build.openmodelica.org_macports_lang_openmodelica/openmodelica/work/openmodelica_1.9.6/OMCompiler/3rdParty/Ipopt/lib -no-undefined IpInterfacesRegOp.lo IpIpoptApplication.lo IpSolveStatistics.lo IpStdCInterface.lo IpStdFInterface.lo IpStdInterfaceTNLP.lo IpTNLPAdapter.lo IpTNLPReducer.lo ../contrib/LinearSolverLoader/libLinearSolverLoader.la ../contrib/CGPenalty/libcgpenalty.la ../Algorithm/libipoptalg.la ../Algorithm/LinearSolvers/liblinsolvers.la ../Common/libcommon.la ../LinAlg/liblinalg.la ../LinAlg/TMatrices/libtmatrices.la /opt/local/var/macports/build/_opt_local_var_macports_sources_build.openmodelica.org_macports_lang_openmodelica/openmodelica/work/openmodelica_1.9.6/OMCompiler/3rdParty/Ipopt/ThirdParty/Mumps/libcoinmumps.la -llapack -lblas -L/opt/local/var/macports/build/_opt_local_var_macports_sources_build.openmodelica.org_macports_lang_openmodelica/openmodelica/work/openmodelica_1.9.6/build/lib/x86_64-darwin15.4.0/omc -L/opt/local/lib -L/opt/local/lib/gcc5/gcc/x86_64-apple-darwin15/5.3.0 -L/opt/local/lib/gcc5/gcc/x86_64-apple-darwin15/5.3.0/../../.. -lgfortran -lSystem -lquadmath -lm   -llapack -lblas -llapack -lblas  -ldl 
:info:build rm -fr .libs/libipopt.lax
:info:build mkdir .libs/libipopt.lax
:info:build rm -fr .libs/libipopt.lax/libLinearSolverLoader.a
:info:build mkdir .libs/libipopt.lax/libLinearSolverLoader.a
:info:build Extracting /opt/local/var/macports/build/_opt_local_var_macports_sources_build.openmodelica.org_macports_lang_openmodelica/openmodelica/work/openmodelica_1.9.6/OMCompiler/3rdParty/Ipopt/Ipopt/src/Interfaces/../contrib/LinearSolverLoader/.libs/libLinearSolverLoader.a
:info:build (cd .libs/libipopt.lax/libLinearSolverLoader.a && ar x /opt/local/var/macports/build/_opt_local_var_macports_sources_build.openmodelica.org_macports_lang_openmodelica/openmodelica/work/openmodelica_1.9.6/OMCompiler/3rdParty/Ipopt/Ipopt/src/Interfaces/../contrib/LinearSolverLoader/.libs/libLinearSolverLoader.a)
:info:build rm -fr .libs/libipopt.lax/libcgpenalty.a
:info:build mkdir .libs/libipopt.lax/libcgpenalty.a
:info:build Extracting /opt/local/var/macports/build/_opt_local_var_macports_sources_build.openmodelica.org_macports_lang_openmodelica/openmodelica/work/openmodelica_1.9.6/OMCompiler/3rdParty/Ipopt/Ipopt/src/Interfaces/../contrib/CGPenalty/.libs/libcgpenalty.a
:info:build (cd .libs/libipopt.lax/libcgpenalty.a && ar x /opt/local/var/macports/build/_opt_local_var_macports_sources_build.openmodelica.org_macports_lang_openmodelica/openmodelica/work/openmodelica_1.9.6/OMCompiler/3rdParty/Ipopt/Ipopt/src/Interfaces/../contrib/CGPenalty/.libs/libcgpenalty.a)
:info:build rm -fr .libs/libipopt.lax/libipoptalg.a
:info:build mkdir .libs/libipopt.lax/libipoptalg.a
:info:build Extracting /opt/local/var/macports/build/_opt_local_var_macports_sources_build.openmodelica.org_macports_lang_openmodelica/openmodelica/work/openmodelica_1.9.6/OMCompiler/3rdParty/Ipopt/Ipopt/src/Interfaces/../Algorithm/.libs/libipoptalg.a
:info:build (cd .libs/libipopt.lax/libipoptalg.a && ar x /opt/local/var/macports/build/_opt_local_var_macports_sources_build.openmodelica.org_macports_lang_openmodelica/openmodelica/work/openmodelica_1.9.6/OMCompiler/3rdParty/Ipopt/Ipopt/src/Interfaces/../Algorithm/.libs/libipoptalg.a)
:info:build rm -fr .libs/libipopt.lax/liblinsolvers.a
:info:build mkdir .libs/libipopt.lax/liblinsolvers.a
:info:build Extracting /opt/local/var/macports/build/_opt_local_var_macports_sources_build.openmodelica.org_macports_lang_openmodelica/openmodelica/work/openmodelica_1.9.6/OMCompiler/3rdParty/Ipopt/Ipopt/src/Interfaces/../Algorithm/LinearSolvers/.libs/liblinsolvers.a
:info:build (cd .libs/libipopt.lax/liblinsolvers.a && ar x /opt/local/var/macports/build/_opt_local_var_macports_sources_build.openmodelica.org_macports_lang_openmodelica/openmodelica/work/openmodelica_1.9.6/OMCompiler/3rdParty/Ipopt/Ipopt/src/Interfaces/../Algorithm/LinearSolvers/.libs/liblinsolvers.a)
:info:build rm -fr .libs/libipopt.lax/libcommon.a
:info:build mkdir .libs/libipopt.lax/libcommon.a
:info:build Extracting /opt/local/var/macports/build/_opt_local_var_macports_sources_build.openmodelica.org_macports_lang_openmodelica/openmodelica/work/openmodelica_1.9.6/OMCompiler/3rdParty/Ipopt/Ipopt/src/Interfaces/../Common/.libs/libcommon.a
:info:build (cd .libs/libipopt.lax/libcommon.a && ar x /opt/local/var/macports/build/_opt_local_var_macports_sources_build.openmodelica.org_macports_lang_openmodelica/openmodelica/work/openmodelica_1.9.6/OMCompiler/3rdParty/Ipopt/Ipopt/src/Interfaces/../Common/.libs/libcommon.a)
:info:build rm -fr .libs/libipopt.lax/liblinalg.a
:info:build mkdir .libs/libipopt.lax/liblinalg.a
:info:build Extracting /opt/local/var/macports/build/_opt_local_var_macports_sources_build.openmodelica.org_macports_lang_openmodelica/openmodelica/work/openmodelica_1.9.6/OMCompiler/3rdParty/Ipopt/Ipopt/src/Interfaces/../LinAlg/.libs/liblinalg.a
:info:build (cd .libs/libipopt.lax/liblinalg.a && ar x /opt/local/var/macports/build/_opt_local_var_macports_sources_build.openmodelica.org_macports_lang_openmodelica/openmodelica/work/openmodelica_1.9.6/OMCompiler/3rdParty/Ipopt/Ipopt/src/Interfaces/../LinAlg/.libs/liblinalg.a)
:info:build rm -fr .libs/libipopt.lax/libtmatrices.a
:info:build mkdir .libs/libipopt.lax/libtmatrices.a
:info:build Extracting /opt/local/var/macports/build/_opt_local_var_macports_sources_build.openmodelica.org_macports_lang_openmodelica/openmodelica/work/openmodelica_1.9.6/OMCompiler/3rdParty/Ipopt/Ipopt/src/Interfaces/../LinAlg/TMatrices/.libs/libtmatrices.a
:info:build (cd .libs/libipopt.lax/libtmatrices.a && ar x /opt/local/var/macports/build/_opt_local_var_macports_sources_build.openmodelica.org_macports_lang_openmodelica/openmodelica/work/openmodelica_1.9.6/OMCompiler/3rdParty/Ipopt/Ipopt/src/Interfaces/../LinAlg/TMatrices/.libs/libtmatrices.a)
:info:build /usr/bin/clang++ -stdlib=libstdc++ -r -keep_private_externs -nostdlib -o .libs/libipopt.0.0.0.dylib-master.o  .libs/IpInterfacesRegOp.o .libs/IpIpoptApplication.o .libs/IpSolveStatistics.o .libs/IpStdCInterface.o .libs/IpStdFInterface.o .libs/IpStdInterfaceTNLP.o .libs/IpTNLPAdapter.o .libs/IpTNLPReducer.o  .libs/libipopt.lax/libLinearSolverLoader.a/HSLLoader.o .libs/libipopt.lax/libLinearSolverLoader.a/LibraryHandler.o .libs/libipopt.lax/libLinearSolverLoader.a/PardisoLoader.o  .libs/libipopt.lax/libcgpenalty.a/IpCGPenaltyCq.o .libs/libipopt.lax/libcgpenalty.a/IpCGPenaltyData.o .libs/libipopt.lax/libcgpenalty.a/IpCGPenaltyLSAcceptor.o .libs/libipopt.lax/libcgpenalty.a/IpCGPenaltyRegOp.o .libs/libipopt.lax/libcgpenalty.a/IpCGPerturbationHandler.o .libs/libipopt.lax/libcgpenalty.a/IpCGSearchDirCalc.o .libs/libipopt.lax/libcgpenalty.a/IpPiecewisePenalty.o  .libs/libipopt.lax/libipoptalg.a/IpAdaptiveMuUpdate.o .libs/libipopt.lax/libipoptalg.a/IpAlgBuilder.o .libs/libipopt.lax/libipoptalg.a/IpAlgorithmRegOp.o .libs/libipopt.lax/libipoptalg.a/IpAugRestoSystemSolver.o .libs/libipopt.lax/libipoptalg.a/IpBacktrackingLineSearch.o .libs/libipopt.lax/libipoptalg.a/IpDefaultIterateInitializer.o .libs/libipopt.lax/libipoptalg.a/IpEquilibrationScaling.o .libs/libipopt.lax/libipoptalg.a/IpExactHessianUpdater.o .libs/libipopt.lax/libipoptalg.a/IpFilter.o .libs/libipopt.lax/libipoptalg.a/IpFilterLSAcceptor.o .libs/libipopt.lax/libipoptalg.a/IpGenAugSystemSolver.o .libs/libipopt.lax/libipoptalg.a/IpGradientScaling.o .libs/libipopt.lax/libipoptalg.a/IpIpoptAlg.o .libs/libipopt.lax/libipoptalg.a/IpIpoptCalculatedQuantities.o .libs/libipopt.lax/libipoptalg.a/IpIpoptData.o .libs/libipopt.lax/libipoptalg.a/IpIteratesVector.o .libs/libipopt.lax/libipoptalg.a/IpLeastSquareMults.o .libs/libipopt.lax/libipoptalg.a/IpLimMemQuasiNewtonUpdater.o .libs/libipopt.lax/libipoptalg.a/IpLoqoMuOracle.o .libs/libipopt.lax/libipoptalg.a/IpLowRankAugSystemSolver.o .libs/libipopt.lax/libipoptalg.a/IpLowRankSSAugSystemSolver.o .libs/libipopt.lax/libipoptalg.a/IpMonotoneMuUpdate.o .libs/libipopt.lax/libipoptalg.a/IpNLPBoundsRemover.o .libs/libipopt.lax/libipoptalg.a/IpNLPScaling.o .libs/libipopt.lax/libipoptalg.a/IpOptErrorConvCheck.o .libs/libipopt.lax/libipoptalg.a/IpOrigIpoptNLP.o .libs/libipopt.lax/libipoptalg.a/IpOrigIterationOutput.o .libs/libipopt.lax/libipoptalg.a/IpPDFullSpaceSolver.o .libs/libipopt.lax/libipoptalg.a/IpPDPerturbationHandler.o .libs/libipopt.lax/libipoptalg.a/IpPDSearchDirCalc.o .libs/libipopt.lax/libipoptalg.a/IpPenaltyLSAcceptor.o .libs/libipopt.lax/libipoptalg.a/IpProbingMuOracle.o .libs/libipopt.lax/libipoptalg.a/IpQualityFunctionMuOracle.o .libs/libipopt.lax/libipoptalg.a/IpRestoConvCheck.o .libs/libipopt.lax/libipoptalg.a/IpRestoFilterConvCheck.o .libs/libipopt.lax/libipoptalg.a/IpRestoIpoptNLP.o .libs/libipopt.lax/libipoptalg.a/IpRestoIterateInitializer.o .libs/libipopt.lax/libipoptalg.a/IpRestoIterationOutput.o .libs/libipopt.lax/libipoptalg.a/IpRestoMinC_1Nrm.o .libs/libipopt.lax/libipoptalg.a/IpRestoPenaltyConvCheck.o .libs/libipopt.lax/libipoptalg.a/IpRestoRestoPhase.o .libs/libipopt.lax/libipoptalg.a/IpStdAugSystemSolver.o .libs/libipopt.lax/libipoptalg.a/IpTimingStatistics.o .libs/libipopt.lax/libipoptalg.a/IpUserScaling.o .libs/libipopt.lax/libipoptalg.a/IpWarmStartIterateInitializer.o  .libs/libipopt.lax/liblinsolvers.a/IpLinearSolversRegOp.o .libs/libipopt.lax/liblinsolvers.a/IpMa27TSolverInterface.o .libs/libipopt.lax/liblinsolvers.a/IpMa28Partition.o .libs/libipopt.lax/liblinsolvers.a/IpMa28TDependencyDetector.o .libs/libipopt.lax/liblinsolvers.a/IpMa57TSolverInterface.o .libs/libipopt.lax/liblinsolvers.a/IpMa77SolverInterface.o .libs/libipopt.lax/liblinsolvers.a/IpMa86SolverInterface.o .libs/libipopt.lax/liblinsolvers.a/IpMa97SolverInterface.o .libs/libipopt.lax/liblinsolvers.a/IpMc19TSymScalingMethod.o .libs/libipopt.lax/liblinsolvers.a/IpMumpsSolverInterface.o .libs/libipopt.lax/liblinsolvers.a/IpPardisoSolverInterface.o .libs/libipopt.lax/liblinsolvers.a/IpSlackBasedTSymScalingMethod.o .libs/libipopt.lax/liblinsolvers.a/IpTripletToCSRConverter.o .libs/libipopt.lax/liblinsolvers.a/IpTSymDependencyDetector.o .libs/libipopt.lax/liblinsolvers.a/IpTSymLinearSolver.o  .libs/libipopt.lax/libcommon.a/IpDebug.o .libs/libipopt.lax/libcommon.a/IpJournalist.o .libs/libipopt.lax/libcommon.a/IpObserver.o .libs/libipopt.lax/libcommon.a/IpOptionsList.o .libs/libipopt.lax/libcommon.a/IpRegOptions.o .libs/libipopt.lax/libcommon.a/IpTaggedObject.o .libs/libipopt.lax/libcommon.a/IpUtils.o  .libs/libipopt.lax/liblinalg.a/IpBlas.o .libs/libipopt.lax/liblinalg.a/IpCompoundMatrix.o .libs/libipopt.lax/liblinalg.a/IpCompoundSymMatrix.o .libs/libipopt.lax/liblinalg.a/IpCompoundVector.o .libs/libipopt.lax/liblinalg.a/IpDenseGenMatrix.o .libs/libipopt.lax/liblinalg.a/IpDenseSymMatrix.o .libs/libipopt.lax/liblinalg.a/IpDenseVector.o .libs/libipopt.lax/liblinalg.a/IpDiagMatrix.o .libs/libipopt.lax/liblinalg.a/IpExpandedMultiVectorMatrix.o .libs/libipopt.lax/liblinalg.a/IpExpansionMatrix.o .libs/libipopt.lax/liblinalg.a/IpIdentityMatrix.o .libs/libipopt.lax/liblinalg.a/IpLapack.o .libs/libipopt.lax/liblinalg.a/IpLowRankUpdateSymMatrix.o .libs/libipopt.lax/liblinalg.a/IpMatrix.o .libs/libipopt.lax/liblinalg.a/IpMultiVectorMatrix.o .libs/libipopt.lax/liblinalg.a/IpScaledMatrix.o .libs/libipopt.lax/liblinalg.a/IpSumMatrix.o .libs/libipopt.lax/liblinalg.a/IpSumSymMatrix.o .libs/libipopt.lax/liblinalg.a/IpSymScaledMatrix.o .libs/libipopt.lax/liblinalg.a/IpTransposeMatrix.o .libs/libipopt.lax/liblinalg.a/IpVector.o .libs/libipopt.lax/liblinalg.a/IpZeroMatrix.o .libs/libipopt.lax/liblinalg.a/IpZeroSymMatrix.o  .libs/libipopt.lax/libtmatrices.a/IpGenTMatrix.o .libs/libipopt.lax/libtmatrices.a/IpSymTMatrix.o .libs/libipopt.lax/libtmatrices.a/IpTripletHelper.o 
:info:build /usr/bin/clang++ -stdlib=libstdc++ -dynamiclib -single_module  -o .libs/libipopt.0.0.0.dylib .libs/libipopt.0.0.0.dylib-master.o  -L/opt/local/var/macports/build/_opt_local_var_macports_sources_build.openmodelica.org_macports_lang_openmodelica/openmodelica/work/openmodelica_1.9.6/build/lib/x86_64-darwin15.4.0/omc -L/opt/local/lib /opt/local/var/macports/build/_opt_local_var_macports_sources_build.openmodelica.org_macports_lang_openmodelica/openmodelica/work/openmodelica_1.9.6/OMCompiler/3rdParty/Ipopt/ThirdParty/Mumps/.libs/libcoinmumps.dylib -L/opt/local/lib/gcc5/gcc/x86_64-apple-darwin15/5.3.0 -L/opt/local/lib/gcc5/gcc/x86_64-apple-darwin15/5.3.0/../../.. -lgfortran -lSystem -lquadmath -lm -llapack -lblas -ldl  -arch x86_64 -Wl,-headerpad_max_install_names -arch x86_64 -install_name  /opt/local/var/macports/build/_opt_local_var_macports_sources_build.openmodelica.org_macports_lang_openmodelica/openmodelica/work/openmodelica_1.9.6/OMCompiler/3rdParty/Ipopt/lib/libipopt.0.dylib -compatibility_version 1 -current_version 1.0
:info:build (cd .libs && rm -f libipopt.0.dylib && ln -s libipopt.0.0.0.dylib libipopt.0.dylib)
:info:build (cd .libs && rm -f libipopt.dylib && ln -s libipopt.0.0.0.dylib libipopt.dylib)
:info:build rm -fr .libs/libipopt.lax
:info:build creating libipopt.la
:info:build (cd .libs && rm -f libipopt.la && ln -s ../libipopt.la libipopt.la)
:info:build make[5]: Leaving directory `/opt/local/var/macports/build/_opt_local_var_macports_sources_build.openmodelica.org_macports_lang_openmodelica/openmodelica/work/openmodelica_1.9.6/OMCompiler/3rdParty/Ipopt/Ipopt/src/Interfaces'
:info:build Making all in src/Apps
:info:build make[5]: Entering directory `/opt/local/var/macports/build/_opt_local_var_macports_sources_build.openmodelica.org_macports_lang_openmodelica/openmodelica/work/openmodelica_1.9.6/OMCompiler/3rdParty/Ipopt/Ipopt/src/Apps'
:info:build Making all in CUTErInterface
:info:build make[6]: Entering directory `/opt/local/var/macports/build/_opt_local_var_macports_sources_build.openmodelica.org_macports_lang_openmodelica/openmodelica/work/openmodelica_1.9.6/OMCompiler/3rdParty/Ipopt/Ipopt/src/Apps/CUTErInterface'
:info:build if test -z "$MYCUTER" -o -z "$CUTER"; then \
:info:build 	  rm -f  ipoma.f; \
:info:build 	  cp ./ipoma-dummy.f ipoma.f; \
:info:build 	else \
:info:build 	  sed "/#{sizing}/r $MYCUTER/double/config/tools.siz" CUTErInterface.f | sed -f $MYCUTER/double/config/cast.sed | sed "s/C64BIT//" > ipoma.f; \
:info:build 	fi
:info:build /bin/sh ../../../../libtool --tag=F77 --mode=compile /opt/local/bin/gfortran-mp-5  -O3 -pipe   -c -o ipoma.lo ipoma.f
:info:build mkdir .libs
:info:build  /opt/local/bin/gfortran-mp-5 -O3 -pipe -c ipoma.f  -fno-common -o .libs/ipoma.o
:info:build /bin/sh ../../../../libtool --tag=F77 --mode=link /opt/local/bin/gfortran-mp-5  -O3 -pipe    -L/opt/local/var/macports/build/_opt_local_var_macports_sources_build.openmodelica.org_macports_lang_openmodelica/openmodelica/work/openmodelica_1.9.6/build/lib/x86_64-darwin15.4.0/omc -L/opt/local/lib -Wl,-headerpad_max_install_names -arch x86_64 -o libdummy.la   ipoma.lo  
:info:build ar cru .libs/libdummy.a .libs/ipoma.o
:info:build ranlib .libs/libdummy.a
:info:build creating libdummy.la
:info:build (cd .libs && rm -f libdummy.la && ln -s ../libdummy.la libdummy.la)
:info:build make[6]: Leaving directory `/opt/local/var/macports/build/_opt_local_var_macports_sources_build.openmodelica.org_macports_lang_openmodelica/openmodelica/work/openmodelica_1.9.6/OMCompiler/3rdParty/Ipopt/Ipopt/src/Apps/CUTErInterface'
:info:build make[6]: Entering directory `/opt/local/var/macports/build/_opt_local_var_macports_sources_build.openmodelica.org_macports_lang_openmodelica/openmodelica/work/openmodelica_1.9.6/OMCompiler/3rdParty/Ipopt/Ipopt/src/Apps'
:info:build make[6]: Nothing to be done for `all-am'.
:info:build make[6]: Leaving directory `/opt/local/var/macports/build/_opt_local_var_macports_sources_build.openmodelica.org_macports_lang_openmodelica/openmodelica/work/openmodelica_1.9.6/OMCompiler/3rdParty/Ipopt/Ipopt/src/Apps'
:info:build make[5]: Leaving directory `/opt/local/var/macports/build/_opt_local_var_macports_sources_build.openmodelica.org_macports_lang_openmodelica/openmodelica/work/openmodelica_1.9.6/OMCompiler/3rdParty/Ipopt/Ipopt/src/Apps'
:info:build make[5]: Entering directory `/opt/local/var/macports/build/_opt_local_var_macports_sources_build.openmodelica.org_macports_lang_openmodelica/openmodelica/work/openmodelica_1.9.6/OMCompiler/3rdParty/Ipopt/Ipopt'
:info:build make[5]: Nothing to be done for `all-am'.
:info:build make[5]: Leaving directory `/opt/local/var/macports/build/_opt_local_var_macports_sources_build.openmodelica.org_macports_lang_openmodelica/openmodelica/work/openmodelica_1.9.6/OMCompiler/3rdParty/Ipopt/Ipopt'
:info:build make[4]: Leaving directory `/opt/local/var/macports/build/_opt_local_var_macports_sources_build.openmodelica.org_macports_lang_openmodelica/openmodelica/work/openmodelica_1.9.6/OMCompiler/3rdParty/Ipopt/Ipopt'
:info:build make[4]: Entering directory `/opt/local/var/macports/build/_opt_local_var_macports_sources_build.openmodelica.org_macports_lang_openmodelica/openmodelica/work/openmodelica_1.9.6/OMCompiler/3rdParty/Ipopt'
:info:build make[4]: Nothing to be done for `all-am'.
:info:build make[4]: Leaving directory `/opt/local/var/macports/build/_opt_local_var_macports_sources_build.openmodelica.org_macports_lang_openmodelica/openmodelica/work/openmodelica_1.9.6/OMCompiler/3rdParty/Ipopt'
:info:build make[3]: Leaving directory `/opt/local/var/macports/build/_opt_local_var_macports_sources_build.openmodelica.org_macports_lang_openmodelica/openmodelica/work/openmodelica_1.9.6/OMCompiler/3rdParty/Ipopt'
:info:build /Applications/Xcode.app/Contents/Developer/usr/bin/make -C 3rdParty/Ipopt install
:info:build make[3]: Entering directory `/opt/local/var/macports/build/_opt_local_var_macports_sources_build.openmodelica.org_macports_lang_openmodelica/openmodelica/work/openmodelica_1.9.6/OMCompiler/3rdParty/Ipopt'
:info:build Making install in ThirdParty/Mumps
:info:build make[4]: Entering directory `/opt/local/var/macports/build/_opt_local_var_macports_sources_build.openmodelica.org_macports_lang_openmodelica/openmodelica/work/openmodelica_1.9.6/OMCompiler/3rdParty/Ipopt/ThirdParty/Mumps'
:info:build make[5]: Entering directory `/opt/local/var/macports/build/_opt_local_var_macports_sources_build.openmodelica.org_macports_lang_openmodelica/openmodelica/work/openmodelica_1.9.6/OMCompiler/3rdParty/Ipopt/ThirdParty/Mumps'
:info:build test -z "/opt/local/var/macports/build/_opt_local_var_macports_sources_build.openmodelica.org_macports_lang_openmodelica/openmodelica/work/openmodelica_1.9.6/OMCompiler/3rdParty/Ipopt/lib" || /opt/local/var/macports/build/_opt_local_var_macports_sources_build.openmodelica.org_macports_lang_openmodelica/openmodelica/work/openmodelica_1.9.6/OMCompiler/3rdParty/Ipopt/ThirdParty/Mumps/install-sh -d "/opt/local/var/macports/build/_opt_local_var_macports_sources_build.openmodelica.org_macports_lang_openmodelica/openmodelica/work/openmodelica_1.9.6/OMCompiler/3rdParty/Ipopt/lib"
:info:build test -z "/opt/local/var/macports/build/_opt_local_var_macports_sources_build.openmodelica.org_macports_lang_openmodelica/openmodelica/work/openmodelica_1.9.6/OMCompiler/3rdParty/Ipopt/lib/pkgconfig" || /opt/local/var/macports/build/_opt_local_var_macports_sources_build.openmodelica.org_macports_lang_openmodelica/openmodelica/work/openmodelica_1.9.6/OMCompiler/3rdParty/Ipopt/ThirdParty/Mumps/install-sh -d "/opt/local/var/macports/build/_opt_local_var_macports_sources_build.openmodelica.org_macports_lang_openmodelica/openmodelica/work/openmodelica_1.9.6/OMCompiler/3rdParty/Ipopt/lib/pkgconfig"
:info:build test -z "/opt/local/var/macports/build/_opt_local_var_macports_sources_build.openmodelica.org_macports_lang_openmodelica/openmodelica/work/openmodelica_1.9.6/OMCompiler/3rdParty/Ipopt/include/coin/ThirdParty" || /opt/local/var/macports/build/_opt_local_var_macports_sources_build.openmodelica.org_macports_lang_openmodelica/openmodelica/work/openmodelica_1.9.6/OMCompiler/3rdParty/Ipopt/ThirdParty/Mumps/install-sh -d "/opt/local/var/macports/build/_opt_local_var_macports_sources_build.openmodelica.org_macports_lang_openmodelica/openmodelica/work/openmodelica_1.9.6/OMCompiler/3rdParty/Ipopt/include/coin/ThirdParty"
:info:build  /bin/sh ./../../libtool --mode=install /opt/local/bin/ginstall -c  'libcoinmumps.la' '/opt/local/var/macports/build/_opt_local_var_macports_sources_build.openmodelica.org_macports_lang_openmodelica/openmodelica/work/openmodelica_1.9.6/OMCompiler/3rdParty/Ipopt/lib/libcoinmumps.la'
:info:build  /opt/local/bin/ginstall -c -m 644 'coinmumps.pc' '/opt/local/var/macports/build/_opt_local_var_macports_sources_build.openmodelica.org_macports_lang_openmodelica/openmodelica/work/openmodelica_1.9.6/OMCompiler/3rdParty/Ipopt/lib/pkgconfig/coinmumps.pc'
:info:build  /opt/local/bin/ginstall -c -m 644 'MUMPS/include/dmumps_c.h' '/opt/local/var/macports/build/_opt_local_var_macports_sources_build.openmodelica.org_macports_lang_openmodelica/openmodelica/work/openmodelica_1.9.6/OMCompiler/3rdParty/Ipopt/include/coin/ThirdParty/dmumps_c.h'
:info:build  /opt/local/bin/ginstall -c -m 644 'MUMPS/include/mumps_compat.h' '/opt/local/var/macports/build/_opt_local_var_macports_sources_build.openmodelica.org_macports_lang_openmodelica/openmodelica/work/openmodelica_1.9.6/OMCompiler/3rdParty/Ipopt/include/coin/ThirdParty/mumps_compat.h'
:info:build  /opt/local/bin/ginstall -c -m 644 'MUMPS/include/mumps_c_types.h' '/opt/local/var/macports/build/_opt_local_var_macports_sources_build.openmodelica.org_macports_lang_openmodelica/openmodelica/work/openmodelica_1.9.6/OMCompiler/3rdParty/Ipopt/include/coin/ThirdParty/mumps_c_types.h'
:info:build  /opt/local/bin/ginstall -c -m 644 'MUMPS/libseq/mpi.h' '/opt/local/var/macports/build/_opt_local_var_macports_sources_build.openmodelica.org_macports_lang_openmodelica/openmodelica/work/openmodelica_1.9.6/OMCompiler/3rdParty/Ipopt/include/coin/ThirdParty/mpi.h'
:info:build /opt/local/bin/ginstall -c .libs/libcoinmumps.1.5.2.dylib /opt/local/var/macports/build/_opt_local_var_macports_sources_build.openmodelica.org_macports_lang_openmodelica/openmodelica/work/openmodelica_1.9.6/OMCompiler/3rdParty/Ipopt/lib/libcoinmumps.1.5.2.dylib
:info:build (cd /opt/local/var/macports/build/_opt_local_var_macports_sources_build.openmodelica.org_macports_lang_openmodelica/openmodelica/work/openmodelica_1.9.6/OMCompiler/3rdParty/Ipopt/lib && { ln -s -f libcoinmumps.1.5.2.dylib libcoinmumps.1.dylib || { rm -f libcoinmumps.1.dylib && ln -s libcoinmumps.1.5.2.dylib libcoinmumps.1.dylib; }; })
:info:build (cd /opt/local/var/macports/build/_opt_local_var_macports_sources_build.openmodelica.org_macports_lang_openmodelica/openmodelica/work/openmodelica_1.9.6/OMCompiler/3rdParty/Ipopt/lib && { ln -s -f libcoinmumps.1.5.2.dylib libcoinmumps.dylib || { rm -f libcoinmumps.dylib && ln -s libcoinmumps.1.5.2.dylib libcoinmumps.dylib; }; })
:info:build /opt/local/bin/ginstall -c .libs/libcoinmumps.lai /opt/local/var/macports/build/_opt_local_var_macports_sources_build.openmodelica.org_macports_lang_openmodelica/openmodelica/work/openmodelica_1.9.6/OMCompiler/3rdParty/Ipopt/lib/libcoinmumps.la
:info:build ----------------------------------------------------------------------
:info:build Libraries have been installed in:
:info:build    /opt/local/var/macports/build/_opt_local_var_macports_sources_build.openmodelica.org_macports_lang_openmodelica/openmodelica/work/openmodelica_1.9.6/OMCompiler/3rdParty/Ipopt/lib
:info:build 
:info:build If you ever happen to want to link against installed libraries
:info:build in a given directory, LIBDIR, you must either use libtool, and
:info:build specify the full pathname of the library, or use the `-LLIBDIR'
:info:build flag during linking and do at least one of the following:
:info:build    - add LIBDIR to the `DYLD_LIBRARY_PATH' environment variable
:info:build      during execution
:info:build 
:info:build See any operating system documentation about shared libraries for
:info:build more information, such as the ld(1) and ld.so(8) manual pages.
:info:build ----------------------------------------------------------------------
:info:build make[5]: Leaving directory `/opt/local/var/macports/build/_opt_local_var_macports_sources_build.openmodelica.org_macports_lang_openmodelica/openmodelica/work/openmodelica_1.9.6/OMCompiler/3rdParty/Ipopt/ThirdParty/Mumps'
:info:build make[4]: Leaving directory `/opt/local/var/macports/build/_opt_local_var_macports_sources_build.openmodelica.org_macports_lang_openmodelica/openmodelica/work/openmodelica_1.9.6/OMCompiler/3rdParty/Ipopt/ThirdParty/Mumps'
:info:build Making install in Ipopt
:info:build make[4]: Entering directory `/opt/local/var/macports/build/_opt_local_var_macports_sources_build.openmodelica.org_macports_lang_openmodelica/openmodelica/work/openmodelica_1.9.6/OMCompiler/3rdParty/Ipopt/Ipopt'
:info:build Making install in src/Common
:info:build make[5]: Entering directory `/opt/local/var/macports/build/_opt_local_var_macports_sources_build.openmodelica.org_macports_lang_openmodelica/openmodelica/work/openmodelica_1.9.6/OMCompiler/3rdParty/Ipopt/Ipopt/src/Common'
:info:build make[6]: Entering directory `/opt/local/var/macports/build/_opt_local_var_macports_sources_build.openmodelica.org_macports_lang_openmodelica/openmodelica/work/openmodelica_1.9.6/OMCompiler/3rdParty/Ipopt/Ipopt/src/Common'
:info:build /opt/local/var/macports/build/_opt_local_var_macports_sources_build.openmodelica.org_macports_lang_openmodelica/openmodelica/work/openmodelica_1.9.6/OMCompiler/3rdParty/Ipopt/Ipopt/install-sh -c -m 644 config_ipopt.h /opt/local/var/macports/build/_opt_local_var_macports_sources_build.openmodelica.org_macports_lang_openmodelica/openmodelica/work/openmodelica_1.9.6/OMCompiler/3rdParty/Ipopt/include/coin/IpoptConfig.h
:info:build test -z "/opt/local/var/macports/build/_opt_local_var_macports_sources_build.openmodelica.org_macports_lang_openmodelica/openmodelica/work/openmodelica_1.9.6/OMCompiler/3rdParty/Ipopt/include/coin" || /opt/local/var/macports/build/_opt_local_var_macports_sources_build.openmodelica.org_macports_lang_openmodelica/openmodelica/work/openmodelica_1.9.6/OMCompiler/3rdParty/Ipopt/Ipopt/install-sh -d "/opt/local/var/macports/build/_opt_local_var_macports_sources_build.openmodelica.org_macports_lang_openmodelica/openmodelica/work/openmodelica_1.9.6/OMCompiler/3rdParty/Ipopt/include/coin"
:info:build  /opt/local/bin/ginstall -c -m 644 'IpCachedResults.hpp' '/opt/local/var/macports/build/_opt_local_var_macports_sources_build.openmodelica.org_macports_lang_openmodelica/openmodelica/work/openmodelica_1.9.6/OMCompiler/3rdParty/Ipopt/include/coin/IpCachedResults.hpp'
:info:build  /opt/local/bin/ginstall -c -m 644 'IpDebug.hpp' '/opt/local/var/macports/build/_opt_local_var_macports_sources_build.openmodelica.org_macports_lang_openmodelica/openmodelica/work/openmodelica_1.9.6/OMCompiler/3rdParty/Ipopt/include/coin/IpDebug.hpp'
:info:build  /opt/local/bin/ginstall -c -m 644 'IpException.hpp' '/opt/local/var/macports/build/_opt_local_var_macports_sources_build.openmodelica.org_macports_lang_openmodelica/openmodelica/work/openmodelica_1.9.6/OMCompiler/3rdParty/Ipopt/include/coin/IpException.hpp'
:info:build  /opt/local/bin/ginstall -c -m 644 'IpJournalist.hpp' '/opt/local/var/macports/build/_opt_local_var_macports_sources_build.openmodelica.org_macports_lang_openmodelica/openmodelica/work/openmodelica_1.9.6/OMCompiler/3rdParty/Ipopt/include/coin/IpJournalist.hpp'
:info:build  /opt/local/bin/ginstall -c -m 644 'IpObserver.hpp' '/opt/local/var/macports/build/_opt_local_var_macports_sources_build.openmodelica.org_macports_lang_openmodelica/openmodelica/work/openmodelica_1.9.6/OMCompiler/3rdParty/Ipopt/include/coin/IpObserver.hpp'
:info:build  /opt/local/bin/ginstall -c -m 644 'IpOptionsList.hpp' '/opt/local/var/macports/build/_opt_local_var_macports_sources_build.openmodelica.org_macports_lang_openmodelica/openmodelica/work/openmodelica_1.9.6/OMCompiler/3rdParty/Ipopt/include/coin/IpOptionsList.hpp'
:info:build  /opt/local/bin/ginstall -c -m 644 'IpReferenced.hpp' '/opt/local/var/macports/build/_opt_local_var_macports_sources_build.openmodelica.org_macports_lang_openmodelica/openmodelica/work/openmodelica_1.9.6/OMCompiler/3rdParty/Ipopt/include/coin/IpReferenced.hpp'
:info:build  /opt/local/bin/ginstall -c -m 644 'IpRegOptions.hpp' '/opt/local/var/macports/build/_opt_local_var_macports_sources_build.openmodelica.org_macports_lang_openmodelica/openmodelica/work/openmodelica_1.9.6/OMCompiler/3rdParty/Ipopt/include/coin/IpRegOptions.hpp'
:info:build  /opt/local/bin/ginstall -c -m 644 'IpSmartPtr.hpp' '/opt/local/var/macports/build/_opt_local_var_macports_sources_build.openmodelica.org_macports_lang_openmodelica/openmodelica/work/openmodelica_1.9.6/OMCompiler/3rdParty/Ipopt/include/coin/IpSmartPtr.hpp'
:info:build  /opt/local/bin/ginstall -c -m 644 'IpTaggedObject.hpp' '/opt/local/var/macports/build/_opt_local_var_macports_sources_build.openmodelica.org_macports_lang_openmodelica/openmodelica/work/openmodelica_1.9.6/OMCompiler/3rdParty/Ipopt/include/coin/IpTaggedObject.hpp'
:info:build  /opt/local/bin/ginstall -c -m 644 'IpTimedTask.hpp' '/opt/local/var/macports/build/_opt_local_var_macports_sources_build.openmodelica.org_macports_lang_openmodelica/openmodelica/work/openmodelica_1.9.6/OMCompiler/3rdParty/Ipopt/include/coin/IpTimedTask.hpp'
:info:build  /opt/local/bin/ginstall -c -m 644 'IpTypes.hpp' '/opt/local/var/macports/build/_opt_local_var_macports_sources_build.openmodelica.org_macports_lang_openmodelica/openmodelica/work/openmodelica_1.9.6/OMCompiler/3rdParty/Ipopt/include/coin/IpTypes.hpp'
:info:build  /opt/local/bin/ginstall -c -m 644 'IpUtils.hpp' '/opt/local/var/macports/build/_opt_local_var_macports_sources_build.openmodelica.org_macports_lang_openmodelica/openmodelica/work/openmodelica_1.9.6/OMCompiler/3rdParty/Ipopt/include/coin/IpUtils.hpp'
:info:build make[6]: Leaving directory `/opt/local/var/macports/build/_opt_local_var_macports_sources_build.openmodelica.org_macports_lang_openmodelica/openmodelica/work/openmodelica_1.9.6/OMCompiler/3rdParty/Ipopt/Ipopt/src/Common'
:info:build make[5]: Leaving directory `/opt/local/var/macports/build/_opt_local_var_macports_sources_build.openmodelica.org_macports_lang_openmodelica/openmodelica/work/openmodelica_1.9.6/OMCompiler/3rdParty/Ipopt/Ipopt/src/Common'
:info:build Making install in src/LinAlg
:info:build make[5]: Entering directory `/opt/local/var/macports/build/_opt_local_var_macports_sources_build.openmodelica.org_macports_lang_openmodelica/openmodelica/work/openmodelica_1.9.6/OMCompiler/3rdParty/Ipopt/Ipopt/src/LinAlg'
:info:build Making install in TMatrices
:info:build make[6]: Entering directory `/opt/local/var/macports/build/_opt_local_var_macports_sources_build.openmodelica.org_macports_lang_openmodelica/openmodelica/work/openmodelica_1.9.6/OMCompiler/3rdParty/Ipopt/Ipopt/src/LinAlg/TMatrices'
:info:build make[7]: Entering directory `/opt/local/var/macports/build/_opt_local_var_macports_sources_build.openmodelica.org_macports_lang_openmodelica/openmodelica/work/openmodelica_1.9.6/OMCompiler/3rdParty/Ipopt/Ipopt/src/LinAlg/TMatrices'
:info:build make[7]: Nothing to be done for `install-exec-am'.
:info:build make[7]: Nothing to be done for `install-data-am'.
:info:build make[7]: Leaving directory `/opt/local/var/macports/build/_opt_local_var_macports_sources_build.openmodelica.org_macports_lang_openmodelica/openmodelica/work/openmodelica_1.9.6/OMCompiler/3rdParty/Ipopt/Ipopt/src/LinAlg/TMatrices'
:info:build make[6]: Leaving directory `/opt/local/var/macports/build/_opt_local_var_macports_sources_build.openmodelica.org_macports_lang_openmodelica/openmodelica/work/openmodelica_1.9.6/OMCompiler/3rdParty/Ipopt/Ipopt/src/LinAlg/TMatrices'
:info:build make[6]: Entering directory `/opt/local/var/macports/build/_opt_local_var_macports_sources_build.openmodelica.org_macports_lang_openmodelica/openmodelica/work/openmodelica_1.9.6/OMCompiler/3rdParty/Ipopt/Ipopt/src/LinAlg'
:info:build make[7]: Entering directory `/opt/local/var/macports/build/_opt_local_var_macports_sources_build.openmodelica.org_macports_lang_openmodelica/openmodelica/work/openmodelica_1.9.6/OMCompiler/3rdParty/Ipopt/Ipopt/src/LinAlg'
:info:build make[7]: Nothing to be done for `install-exec-am'.
:info:build test -z "/opt/local/var/macports/build/_opt_local_var_macports_sources_build.openmodelica.org_macports_lang_openmodelica/openmodelica/work/openmodelica_1.9.6/OMCompiler/3rdParty/Ipopt/include/coin" || /opt/local/var/macports/build/_opt_local_var_macports_sources_build.openmodelica.org_macports_lang_openmodelica/openmodelica/work/openmodelica_1.9.6/OMCompiler/3rdParty/Ipopt/Ipopt/install-sh -d "/opt/local/var/macports/build/_opt_local_var_macports_sources_build.openmodelica.org_macports_lang_openmodelica/openmodelica/work/openmodelica_1.9.6/OMCompiler/3rdParty/Ipopt/include/coin"
:info:build  /opt/local/bin/ginstall -c -m 644 'IpMatrix.hpp' '/opt/local/var/macports/build/_opt_local_var_macports_sources_build.openmodelica.org_macports_lang_openmodelica/openmodelica/work/openmodelica_1.9.6/OMCompiler/3rdParty/Ipopt/include/coin/IpMatrix.hpp'
:info:build  /opt/local/bin/ginstall -c -m 644 'IpSymMatrix.hpp' '/opt/local/var/macports/build/_opt_local_var_macports_sources_build.openmodelica.org_macports_lang_openmodelica/openmodelica/work/openmodelica_1.9.6/OMCompiler/3rdParty/Ipopt/include/coin/IpSymMatrix.hpp'
:info:build  /opt/local/bin/ginstall -c -m 644 'IpExpansionMatrix.hpp' '/opt/local/var/macports/build/_opt_local_var_macports_sources_build.openmodelica.org_macports_lang_openmodelica/openmodelica/work/openmodelica_1.9.6/OMCompiler/3rdParty/Ipopt/include/coin/IpExpansionMatrix.hpp'
:info:build  /opt/local/bin/ginstall -c -m 644 'IpVector.hpp' '/opt/local/var/macports/build/_opt_local_var_macports_sources_build.openmodelica.org_macports_lang_openmodelica/openmodelica/work/openmodelica_1.9.6/OMCompiler/3rdParty/Ipopt/include/coin/IpVector.hpp'
:info:build  /opt/local/bin/ginstall -c -m 644 'IpDenseVector.hpp' '/opt/local/var/macports/build/_opt_local_var_macports_sources_build.openmodelica.org_macports_lang_openmodelica/openmodelica/work/openmodelica_1.9.6/OMCompiler/3rdParty/Ipopt/include/coin/IpDenseVector.hpp'
:info:build  /opt/local/bin/ginstall -c -m 644 'IpCompoundVector.hpp' '/opt/local/var/macports/build/_opt_local_var_macports_sources_build.openmodelica.org_macports_lang_openmodelica/openmodelica/work/openmodelica_1.9.6/OMCompiler/3rdParty/Ipopt/include/coin/IpCompoundVector.hpp'
:info:build  /opt/local/bin/ginstall -c -m 644 'IpBlas.hpp' '/opt/local/var/macports/build/_opt_local_var_macports_sources_build.openmodelica.org_macports_lang_openmodelica/openmodelica/work/openmodelica_1.9.6/OMCompiler/3rdParty/Ipopt/include/coin/IpBlas.hpp'
:info:build  /opt/local/bin/ginstall -c -m 644 'IpLapack.hpp' '/opt/local/var/macports/build/_opt_local_var_macports_sources_build.openmodelica.org_macports_lang_openmodelica/openmodelica/work/openmodelica_1.9.6/OMCompiler/3rdParty/Ipopt/include/coin/IpLapack.hpp'
:info:build make[7]: Leaving directory `/opt/local/var/macports/build/_opt_local_var_macports_sources_build.openmodelica.org_macports_lang_openmodelica/openmodelica/work/openmodelica_1.9.6/OMCompiler/3rdParty/Ipopt/Ipopt/src/LinAlg'
:info:build make[6]: Leaving directory `/opt/local/var/macports/build/_opt_local_var_macports_sources_build.openmodelica.org_macports_lang_openmodelica/openmodelica/work/openmodelica_1.9.6/OMCompiler/3rdParty/Ipopt/Ipopt/src/LinAlg'
:info:build make[5]: Leaving directory `/opt/local/var/macports/build/_opt_local_var_macports_sources_build.openmodelica.org_macports_lang_openmodelica/openmodelica/work/openmodelica_1.9.6/OMCompiler/3rdParty/Ipopt/Ipopt/src/LinAlg'
:info:build Making install in src/Algorithm
:info:build make[5]: Entering directory `/opt/local/var/macports/build/_opt_local_var_macports_sources_build.openmodelica.org_macports_lang_openmodelica/openmodelica/work/openmodelica_1.9.6/OMCompiler/3rdParty/Ipopt/Ipopt/src/Algorithm'
:info:build Making install in LinearSolvers
:info:build make[6]: Entering directory `/opt/local/var/macports/build/_opt_local_var_macports_sources_build.openmodelica.org_macports_lang_openmodelica/openmodelica/work/openmodelica_1.9.6/OMCompiler/3rdParty/Ipopt/Ipopt/src/Algorithm/LinearSolvers'
:info:build make[7]: Entering directory `/opt/local/var/macports/build/_opt_local_var_macports_sources_build.openmodelica.org_macports_lang_openmodelica/openmodelica/work/openmodelica_1.9.6/OMCompiler/3rdParty/Ipopt/Ipopt/src/Algorithm/LinearSolvers'
:info:build make[7]: Nothing to be done for `install-exec-am'.
:info:build make[7]: Nothing to be done for `install-data-am'.
:info:build make[7]: Leaving directory `/opt/local/var/macports/build/_opt_local_var_macports_sources_build.openmodelica.org_macports_lang_openmodelica/openmodelica/work/openmodelica_1.9.6/OMCompiler/3rdParty/Ipopt/Ipopt/src/Algorithm/LinearSolvers'
:info:build make[6]: Leaving directory `/opt/local/var/macports/build/_opt_local_var_macports_sources_build.openmodelica.org_macports_lang_openmodelica/openmodelica/work/openmodelica_1.9.6/OMCompiler/3rdParty/Ipopt/Ipopt/src/Algorithm/LinearSolvers'
:info:build Making install in Inexact
:info:build make[6]: Entering directory `/opt/local/var/macports/build/_opt_local_var_macports_sources_build.openmodelica.org_macports_lang_openmodelica/openmodelica/work/openmodelica_1.9.6/OMCompiler/3rdParty/Ipopt/Ipopt/src/Algorithm/Inexact'
:info:build make[7]: Entering directory `/opt/local/var/macports/build/_opt_local_var_macports_sources_build.openmodelica.org_macports_lang_openmodelica/openmodelica/work/openmodelica_1.9.6/OMCompiler/3rdParty/Ipopt/Ipopt/src/Algorithm/Inexact'
:info:build make[7]: Nothing to be done for `install-exec-am'.
:info:build make[7]: Nothing to be done for `install-data-am'.
:info:build make[7]: Leaving directory `/opt/local/var/macports/build/_opt_local_var_macports_sources_build.openmodelica.org_macports_lang_openmodelica/openmodelica/work/openmodelica_1.9.6/OMCompiler/3rdParty/Ipopt/Ipopt/src/Algorithm/Inexact'
:info:build make[6]: Leaving directory `/opt/local/var/macports/build/_opt_local_var_macports_sources_build.openmodelica.org_macports_lang_openmodelica/openmodelica/work/openmodelica_1.9.6/OMCompiler/3rdParty/Ipopt/Ipopt/src/Algorithm/Inexact'
:info:build make[6]: Entering directory `/opt/local/var/macports/build/_opt_local_var_macports_sources_build.openmodelica.org_macports_lang_openmodelica/openmodelica/work/openmodelica_1.9.6/OMCompiler/3rdParty/Ipopt/Ipopt/src/Algorithm'
:info:build make[7]: Entering directory `/opt/local/var/macports/build/_opt_local_var_macports_sources_build.openmodelica.org_macports_lang_openmodelica/openmodelica/work/openmodelica_1.9.6/OMCompiler/3rdParty/Ipopt/Ipopt/src/Algorithm'
:info:build make[7]: Nothing to be done for `install-exec-am'.
:info:build test -z "/opt/local/var/macports/build/_opt_local_var_macports_sources_build.openmodelica.org_macports_lang_openmodelica/openmodelica/work/openmodelica_1.9.6/OMCompiler/3rdParty/Ipopt/include/coin" || /opt/local/var/macports/build/_opt_local_var_macports_sources_build.openmodelica.org_macports_lang_openmodelica/openmodelica/work/openmodelica_1.9.6/OMCompiler/3rdParty/Ipopt/Ipopt/install-sh -d "/opt/local/var/macports/build/_opt_local_var_macports_sources_build.openmodelica.org_macports_lang_openmodelica/openmodelica/work/openmodelica_1.9.6/OMCompiler/3rdParty/Ipopt/include/coin"
:info:build  /opt/local/bin/ginstall -c -m 644 'IpIpoptCalculatedQuantities.hpp' '/opt/local/var/macports/build/_opt_local_var_macports_sources_build.openmodelica.org_macports_lang_openmodelica/openmodelica/work/openmodelica_1.9.6/OMCompiler/3rdParty/Ipopt/include/coin/IpIpoptCalculatedQuantities.hpp'
:info:build  /opt/local/bin/ginstall -c -m 644 'IpIpoptData.hpp' '/opt/local/var/macports/build/_opt_local_var_macports_sources_build.openmodelica.org_macports_lang_openmodelica/openmodelica/work/openmodelica_1.9.6/OMCompiler/3rdParty/Ipopt/include/coin/IpIpoptData.hpp'
:info:build  /opt/local/bin/ginstall -c -m 644 'IpIteratesVector.hpp' '/opt/local/var/macports/build/_opt_local_var_macports_sources_build.openmodelica.org_macports_lang_openmodelica/openmodelica/work/openmodelica_1.9.6/OMCompiler/3rdParty/Ipopt/include/coin/IpIteratesVector.hpp'
:info:build  /opt/local/bin/ginstall -c -m 644 'IpTimingStatistics.hpp' '/opt/local/var/macports/build/_opt_local_var_macports_sources_build.openmodelica.org_macports_lang_openmodelica/openmodelica/work/openmodelica_1.9.6/OMCompiler/3rdParty/Ipopt/include/coin/IpTimingStatistics.hpp'
:info:build  /opt/local/bin/ginstall -c -m 644 'IpIpoptNLP.hpp' '/opt/local/var/macports/build/_opt_local_var_macports_sources_build.openmodelica.org_macports_lang_openmodelica/openmodelica/work/openmodelica_1.9.6/OMCompiler/3rdParty/Ipopt/include/coin/IpIpoptNLP.hpp'
:info:build  /opt/local/bin/ginstall -c -m 644 'IpOrigIpoptNLP.hpp' '/opt/local/var/macports/build/_opt_local_var_macports_sources_build.openmodelica.org_macports_lang_openmodelica/openmodelica/work/openmodelica_1.9.6/OMCompiler/3rdParty/Ipopt/include/coin/IpOrigIpoptNLP.hpp'
:info:build  /opt/local/bin/ginstall -c -m 644 'IpNLPScaling.hpp' '/opt/local/var/macports/build/_opt_local_var_macports_sources_build.openmodelica.org_macports_lang_openmodelica/openmodelica/work/openmodelica_1.9.6/OMCompiler/3rdParty/Ipopt/include/coin/IpNLPScaling.hpp'
:info:build make[7]: Leaving directory `/opt/local/var/macports/build/_opt_local_var_macports_sources_build.openmodelica.org_macports_lang_openmodelica/openmodelica/work/openmodelica_1.9.6/OMCompiler/3rdParty/Ipopt/Ipopt/src/Algorithm'
:info:build make[6]: Leaving directory `/opt/local/var/macports/build/_opt_local_var_macports_sources_build.openmodelica.org_macports_lang_openmodelica/openmodelica/work/openmodelica_1.9.6/OMCompiler/3rdParty/Ipopt/Ipopt/src/Algorithm'
:info:build make[5]: Leaving directory `/opt/local/var/macports/build/_opt_local_var_macports_sources_build.openmodelica.org_macports_lang_openmodelica/openmodelica/work/openmodelica_1.9.6/OMCompiler/3rdParty/Ipopt/Ipopt/src/Algorithm'
:info:build Making install in src/contrib/CGPenalty
:info:build make[5]: Entering directory `/opt/local/var/macports/build/_opt_local_var_macports_sources_build.openmodelica.org_macports_lang_openmodelica/openmodelica/work/openmodelica_1.9.6/OMCompiler/3rdParty/Ipopt/Ipopt/src/contrib/CGPenalty'
:info:build make[6]: Entering directory `/opt/local/var/macports/build/_opt_local_var_macports_sources_build.openmodelica.org_macports_lang_openmodelica/openmodelica/work/openmodelica_1.9.6/OMCompiler/3rdParty/Ipopt/Ipopt/src/contrib/CGPenalty'
:info:build make[6]: Nothing to be done for `install-exec-am'.
:info:build make[6]: Nothing to be done for `install-data-am'.
:info:build make[6]: Leaving directory `/opt/local/var/macports/build/_opt_local_var_macports_sources_build.openmodelica.org_macports_lang_openmodelica/openmodelica/work/openmodelica_1.9.6/OMCompiler/3rdParty/Ipopt/Ipopt/src/contrib/CGPenalty'
:info:build make[5]: Leaving directory `/opt/local/var/macports/build/_opt_local_var_macports_sources_build.openmodelica.org_macports_lang_openmodelica/openmodelica/work/openmodelica_1.9.6/OMCompiler/3rdParty/Ipopt/Ipopt/src/contrib/CGPenalty'
:info:build Making install in src/contrib/LinearSolverLoader
:info:build make[5]: Entering directory `/opt/local/var/macports/build/_opt_local_var_macports_sources_build.openmodelica.org_macports_lang_openmodelica/openmodelica/work/openmodelica_1.9.6/OMCompiler/3rdParty/Ipopt/Ipopt/src/contrib/LinearSolverLoader'
:info:build make[6]: Entering directory `/opt/local/var/macports/build/_opt_local_var_macports_sources_build.openmodelica.org_macports_lang_openmodelica/openmodelica/work/openmodelica_1.9.6/OMCompiler/3rdParty/Ipopt/Ipopt/src/contrib/LinearSolverLoader'
:info:build make[6]: Nothing to be done for `install-exec-am'.
:info:build test -z "/opt/local/var/macports/build/_opt_local_var_macports_sources_build.openmodelica.org_macports_lang_openmodelica/openmodelica/work/openmodelica_1.9.6/OMCompiler/3rdParty/Ipopt/include/coin" || /opt/local/var/macports/build/_opt_local_var_macports_sources_build.openmodelica.org_macports_lang_openmodelica/openmodelica/work/openmodelica_1.9.6/OMCompiler/3rdParty/Ipopt/Ipopt/install-sh -d "/opt/local/var/macports/build/_opt_local_var_macports_sources_build.openmodelica.org_macports_lang_openmodelica/openmodelica/work/openmodelica_1.9.6/OMCompiler/3rdParty/Ipopt/include/coin"
:info:build  /opt/local/bin/ginstall -c -m 644 'HSLLoader.h' '/opt/local/var/macports/build/_opt_local_var_macports_sources_build.openmodelica.org_macports_lang_openmodelica/openmodelica/work/openmodelica_1.9.6/OMCompiler/3rdParty/Ipopt/include/coin/HSLLoader.h'
:info:build  /opt/local/bin/ginstall -c -m 644 'PardisoLoader.h' '/opt/local/var/macports/build/_opt_local_var_macports_sources_build.openmodelica.org_macports_lang_openmodelica/openmodelica/work/openmodelica_1.9.6/OMCompiler/3rdParty/Ipopt/include/coin/PardisoLoader.h'
:info:build make[6]: Leaving directory `/opt/local/var/macports/build/_opt_local_var_macports_sources_build.openmodelica.org_macports_lang_openmodelica/openmodelica/work/openmodelica_1.9.6/OMCompiler/3rdParty/Ipopt/Ipopt/src/contrib/LinearSolverLoader'
:info:build make[5]: Leaving directory `/opt/local/var/macports/build/_opt_local_var_macports_sources_build.openmodelica.org_macports_lang_openmodelica/openmodelica/work/openmodelica_1.9.6/OMCompiler/3rdParty/Ipopt/Ipopt/src/contrib/LinearSolverLoader'
:info:build Making install in src/Interfaces
:info:build make[5]: Entering directory `/opt/local/var/macports/build/_opt_local_var_macports_sources_build.openmodelica.org_macports_lang_openmodelica/openmodelica/work/openmodelica_1.9.6/OMCompiler/3rdParty/Ipopt/Ipopt/src/Interfaces'
:info:build make[6]: Entering directory `/opt/local/var/macports/build/_opt_local_var_macports_sources_build.openmodelica.org_macports_lang_openmodelica/openmodelica/work/openmodelica_1.9.6/OMCompiler/3rdParty/Ipopt/Ipopt/src/Interfaces'
:info:build test -z "/opt/local/var/macports/build/_opt_local_var_macports_sources_build.openmodelica.org_macports_lang_openmodelica/openmodelica/work/openmodelica_1.9.6/OMCompiler/3rdParty/Ipopt/lib" || /opt/local/var/macports/build/_opt_local_var_macports_sources_build.openmodelica.org_macports_lang_openmodelica/openmodelica/work/openmodelica_1.9.6/OMCompiler/3rdParty/Ipopt/Ipopt/install-sh -d "/opt/local/var/macports/build/_opt_local_var_macports_sources_build.openmodelica.org_macports_lang_openmodelica/openmodelica/work/openmodelica_1.9.6/OMCompiler/3rdParty/Ipopt/lib"
:info:build test -z "/opt/local/var/macports/build/_opt_local_var_macports_sources_build.openmodelica.org_macports_lang_openmodelica/openmodelica/work/openmodelica_1.9.6/OMCompiler/3rdParty/Ipopt/include/coin" || /opt/local/var/macports/build/_opt_local_var_macports_sources_build.openmodelica.org_macports_lang_openmodelica/openmodelica/work/openmodelica_1.9.6/OMCompiler/3rdParty/Ipopt/Ipopt/install-sh -d "/opt/local/var/macports/build/_opt_local_var_macports_sources_build.openmodelica.org_macports_lang_openmodelica/openmodelica/work/openmodelica_1.9.6/OMCompiler/3rdParty/Ipopt/include/coin"
:info:build  /opt/local/bin/ginstall -c -m 644 'IpAlgTypes.hpp' '/opt/local/var/macports/build/_opt_local_var_macports_sources_build.openmodelica.org_macports_lang_openmodelica/openmodelica/work/openmodelica_1.9.6/OMCompiler/3rdParty/Ipopt/include/coin/IpAlgTypes.hpp'
:info:build  /bin/sh ../../../libtool --mode=install /opt/local/bin/ginstall -c  'libipopt.la' '/opt/local/var/macports/build/_opt_local_var_macports_sources_build.openmodelica.org_macports_lang_openmodelica/openmodelica/work/openmodelica_1.9.6/OMCompiler/3rdParty/Ipopt/lib/libipopt.la'
:info:build  /opt/local/bin/ginstall -c -m 644 'IpIpoptApplication.hpp' '/opt/local/var/macports/build/_opt_local_var_macports_sources_build.openmodelica.org_macports_lang_openmodelica/openmodelica/work/openmodelica_1.9.6/OMCompiler/3rdParty/Ipopt/include/coin/IpIpoptApplication.hpp'
:info:build  /opt/local/bin/ginstall -c -m 644 'IpNLP.hpp' '/opt/local/var/macports/build/_opt_local_var_macports_sources_build.openmodelica.org_macports_lang_openmodelica/openmodelica/work/openmodelica_1.9.6/OMCompiler/3rdParty/Ipopt/include/coin/IpNLP.hpp'
:info:build  /opt/local/bin/ginstall -c -m 644 'IpReturnCodes.h' '/opt/local/var/macports/build/_opt_local_var_macports_sources_build.openmodelica.org_macports_lang_openmodelica/openmodelica/work/openmodelica_1.9.6/OMCompiler/3rdParty/Ipopt/include/coin/IpReturnCodes.h'
:info:build  /opt/local/bin/ginstall -c -m 644 'IpReturnCodes.hpp' '/opt/local/var/macports/build/_opt_local_var_macports_sources_build.openmodelica.org_macports_lang_openmodelica/openmodelica/work/openmodelica_1.9.6/OMCompiler/3rdParty/Ipopt/include/coin/IpReturnCodes.hpp'
:info:build  /opt/local/bin/ginstall -c -m 644 'IpReturnCodes_inc.h' '/opt/local/var/macports/build/_opt_local_var_macports_sources_build.openmodelica.org_macports_lang_openmodelica/openmodelica/work/openmodelica_1.9.6/OMCompiler/3rdParty/Ipopt/include/coin/IpReturnCodes_inc.h'
:info:build  /opt/local/bin/ginstall -c -m 644 'IpReturnCodes.inc' '/opt/local/var/macports/build/_opt_local_var_macports_sources_build.openmodelica.org_macports_lang_openmodelica/openmodelica/work/openmodelica_1.9.6/OMCompiler/3rdParty/Ipopt/include/coin/IpReturnCodes.inc'
:info:build  /opt/local/bin/ginstall -c -m 644 'IpSolveStatistics.hpp' '/opt/local/var/macports/build/_opt_local_var_macports_sources_build.openmodelica.org_macports_lang_openmodelica/openmodelica/work/openmodelica_1.9.6/OMCompiler/3rdParty/Ipopt/include/coin/IpSolveStatistics.hpp'
:info:build  /opt/local/bin/ginstall -c -m 644 'IpStdCInterface.h' '/opt/local/var/macports/build/_opt_local_var_macports_sources_build.openmodelica.org_macports_lang_openmodelica/openmodelica/work/openmodelica_1.9.6/OMCompiler/3rdParty/Ipopt/include/coin/IpStdCInterface.h'
:info:build  /opt/local/bin/ginstall -c -m 644 'IpTNLP.hpp' '/opt/local/var/macports/build/_opt_local_var_macports_sources_build.openmodelica.org_macports_lang_openmodelica/openmodelica/work/openmodelica_1.9.6/OMCompiler/3rdParty/Ipopt/include/coin/IpTNLP.hpp'
:info:build /opt/local/bin/ginstall -c .libs/libipopt.0.0.0.dylib /opt/local/var/macports/build/_opt_local_var_macports_sources_build.openmodelica.org_macports_lang_openmodelica/openmodelica/work/openmodelica_1.9.6/OMCompiler/3rdParty/Ipopt/lib/libipopt.0.0.0.dylib
:info:build  /opt/local/bin/ginstall -c -m 644 'IpTNLPAdapter.hpp' '/opt/local/var/macports/build/_opt_local_var_macports_sources_build.openmodelica.org_macports_lang_openmodelica/openmodelica/work/openmodelica_1.9.6/OMCompiler/3rdParty/Ipopt/include/coin/IpTNLPAdapter.hpp'
:info:build (cd /opt/local/var/macports/build/_opt_local_var_macports_sources_build.openmodelica.org_macports_lang_openmodelica/openmodelica/work/openmodelica_1.9.6/OMCompiler/3rdParty/Ipopt/lib && { ln -s -f libipopt.0.0.0.dylib libipopt.0.dylib || { rm -f libipopt.0.dylib && ln -s libipopt.0.0.0.dylib libipopt.0.dylib; }; })
:info:build  /opt/local/bin/ginstall -c -m 644 'IpTNLPReducer.hpp' '/opt/local/var/macports/build/_opt_local_var_macports_sources_build.openmodelica.org_macports_lang_openmodelica/openmodelica/work/openmodelica_1.9.6/OMCompiler/3rdParty/Ipopt/include/coin/IpTNLPReducer.hpp'
:info:build (cd /opt/local/var/macports/build/_opt_local_var_macports_sources_build.openmodelica.org_macports_lang_openmodelica/openmodelica/work/openmodelica_1.9.6/OMCompiler/3rdParty/Ipopt/lib && { ln -s -f libipopt.0.0.0.dylib libipopt.dylib || { rm -f libipopt.dylib && ln -s libipopt.0.0.0.dylib libipopt.dylib; }; })
:info:build /opt/local/bin/ginstall -c .libs/libipopt.lai /opt/local/var/macports/build/_opt_local_var_macports_sources_build.openmodelica.org_macports_lang_openmodelica/openmodelica/work/openmodelica_1.9.6/OMCompiler/3rdParty/Ipopt/lib/libipopt.la
:info:build ----------------------------------------------------------------------
:info:build Libraries have been installed in:
:info:build    /opt/local/var/macports/build/_opt_local_var_macports_sources_build.openmodelica.org_macports_lang_openmodelica/openmodelica/work/openmodelica_1.9.6/OMCompiler/3rdParty/Ipopt/lib
:info:build 
:info:build If you ever happen to want to link against installed libraries
:info:build in a given directory, LIBDIR, you must either use libtool, and
:info:build specify the full pathname of the library, or use the `-LLIBDIR'
:info:build flag during linking and do at least one of the following:
:info:build    - add LIBDIR to the `DYLD_LIBRARY_PATH' environment variable
:info:build      during execution
:info:build 
:info:build See any operating system documentation about shared libraries for
:info:build more information, such as the ld(1) and ld.so(8) manual pages.
:info:build ----------------------------------------------------------------------
:info:build make[6]: Leaving directory `/opt/local/var/macports/build/_opt_local_var_macports_sources_build.openmodelica.org_macports_lang_openmodelica/openmodelica/work/openmodelica_1.9.6/OMCompiler/3rdParty/Ipopt/Ipopt/src/Interfaces'
:info:build make[5]: Leaving directory `/opt/local/var/macports/build/_opt_local_var_macports_sources_build.openmodelica.org_macports_lang_openmodelica/openmodelica/work/openmodelica_1.9.6/OMCompiler/3rdParty/Ipopt/Ipopt/src/Interfaces'
:info:build Making install in src/Apps
:info:build make[5]: Entering directory `/opt/local/var/macports/build/_opt_local_var_macports_sources_build.openmodelica.org_macports_lang_openmodelica/openmodelica/work/openmodelica_1.9.6/OMCompiler/3rdParty/Ipopt/Ipopt/src/Apps'
:info:build Making install in CUTErInterface
:info:build make[6]: Entering directory `/opt/local/var/macports/build/_opt_local_var_macports_sources_build.openmodelica.org_macports_lang_openmodelica/openmodelica/work/openmodelica_1.9.6/OMCompiler/3rdParty/Ipopt/Ipopt/src/Apps/CUTErInterface'
:info:build make[7]: Entering directory `/opt/local/var/macports/build/_opt_local_var_macports_sources_build.openmodelica.org_macports_lang_openmodelica/openmodelica/work/openmodelica_1.9.6/OMCompiler/3rdParty/Ipopt/Ipopt/src/Apps/CUTErInterface'
:info:build make[7]: Nothing to be done for `install-exec-am'.
:info:build make[7]: Nothing to be done for `install-data-am'.
:info:build make[7]: Leaving directory `/opt/local/var/macports/build/_opt_local_var_macports_sources_build.openmodelica.org_macports_lang_openmodelica/openmodelica/work/openmodelica_1.9.6/OMCompiler/3rdParty/Ipopt/Ipopt/src/Apps/CUTErInterface'
:info:build make[6]: Leaving directory `/opt/local/var/macports/build/_opt_local_var_macports_sources_build.openmodelica.org_macports_lang_openmodelica/openmodelica/work/openmodelica_1.9.6/OMCompiler/3rdParty/Ipopt/Ipopt/src/Apps/CUTErInterface'
:info:build make[6]: Entering directory `/opt/local/var/macports/build/_opt_local_var_macports_sources_build.openmodelica.org_macports_lang_openmodelica/openmodelica/work/openmodelica_1.9.6/OMCompiler/3rdParty/Ipopt/Ipopt/src/Apps'
:info:build make[7]: Entering directory `/opt/local/var/macports/build/_opt_local_var_macports_sources_build.openmodelica.org_macports_lang_openmodelica/openmodelica/work/openmodelica_1.9.6/OMCompiler/3rdParty/Ipopt/Ipopt/src/Apps'
:info:build make[7]: Nothing to be done for `install-exec-am'.
:info:build make[7]: Nothing to be done for `install-data-am'.
:info:build make[7]: Leaving directory `/opt/local/var/macports/build/_opt_local_var_macports_sources_build.openmodelica.org_macports_lang_openmodelica/openmodelica/work/openmodelica_1.9.6/OMCompiler/3rdParty/Ipopt/Ipopt/src/Apps'
:info:build make[6]: Leaving directory `/opt/local/var/macports/build/_opt_local_var_macports_sources_build.openmodelica.org_macports_lang_openmodelica/openmodelica/work/openmodelica_1.9.6/OMCompiler/3rdParty/Ipopt/Ipopt/src/Apps'
:info:build make[5]: Leaving directory `/opt/local/var/macports/build/_opt_local_var_macports_sources_build.openmodelica.org_macports_lang_openmodelica/openmodelica/work/openmodelica_1.9.6/OMCompiler/3rdParty/Ipopt/Ipopt/src/Apps'
:info:build make[5]: Entering directory `/opt/local/var/macports/build/_opt_local_var_macports_sources_build.openmodelica.org_macports_lang_openmodelica/openmodelica/work/openmodelica_1.9.6/OMCompiler/3rdParty/Ipopt/Ipopt'
:info:build make[6]: Entering directory `/opt/local/var/macports/build/_opt_local_var_macports_sources_build.openmodelica.org_macports_lang_openmodelica/openmodelica/work/openmodelica_1.9.6/OMCompiler/3rdParty/Ipopt/Ipopt'
:info:build test -z "/opt/local/var/macports/build/_opt_local_var_macports_sources_build.openmodelica.org_macports_lang_openmodelica/openmodelica/work/openmodelica_1.9.6/OMCompiler/3rdParty/Ipopt/share/coin/doc/Ipopt" || /opt/local/var/macports/build/_opt_local_var_macports_sources_build.openmodelica.org_macports_lang_openmodelica/openmodelica/work/openmodelica_1.9.6/OMCompiler/3rdParty/Ipopt/Ipopt/install-sh -d "/opt/local/var/macports/build/_opt_local_var_macports_sources_build.openmodelica.org_macports_lang_openmodelica/openmodelica/work/openmodelica_1.9.6/OMCompiler/3rdParty/Ipopt/share/coin/doc/Ipopt"
:info:build test -z "/opt/local/var/macports/build/_opt_local_var_macports_sources_build.openmodelica.org_macports_lang_openmodelica/openmodelica/work/openmodelica_1.9.6/OMCompiler/3rdParty/Ipopt/lib/pkgconfig" || /opt/local/var/macports/build/_opt_local_var_macports_sources_build.openmodelica.org_macports_lang_openmodelica/openmodelica/work/openmodelica_1.9.6/OMCompiler/3rdParty/Ipopt/Ipopt/install-sh -d "/opt/local/var/macports/build/_opt_local_var_macports_sources_build.openmodelica.org_macports_lang_openmodelica/openmodelica/work/openmodelica_1.9.6/OMCompiler/3rdParty/Ipopt/lib/pkgconfig"
:info:build  /opt/local/bin/ginstall -c -m 644 'ipopt.pc' '/opt/local/var/macports/build/_opt_local_var_macports_sources_build.openmodelica.org_macports_lang_openmodelica/openmodelica/work/openmodelica_1.9.6/OMCompiler/3rdParty/Ipopt/lib/pkgconfig/ipopt.pc'
:info:build for file in README AUTHORS LICENSE ; do \
:info:build 	  if test -f "$file"; then dir=; else dir="./"; fi; \
:info:build 	  if test -f "$dir$file"; then /opt/local/bin/ginstall -c -m 644 "$dir$file" "/opt/local/var/macports/build/_opt_local_var_macports_sources_build.openmodelica.org_macports_lang_openmodelica/openmodelica/work/openmodelica_1.9.6/OMCompiler/3rdParty/Ipopt/share/coin/doc/Ipopt/$file"; fi; \
:info:build 	done 
:info:build /Applications/Xcode.app/Contents/Developer/usr/bin/make  install-data-hook
:info:build make[7]: Entering directory `/opt/local/var/macports/build/_opt_local_var_macports_sources_build.openmodelica.org_macports_lang_openmodelica/openmodelica/work/openmodelica_1.9.6/OMCompiler/3rdParty/Ipopt/Ipopt'
:info:build echo "-L/opt/local/var/macports/build/_opt_local_var_macports_sources_build.openmodelica.org_macports_lang_openmodelica/openmodelica/work/openmodelica_1.9.6/OMCompiler/3rdParty/Ipopt/lib -lipopt   -libpath:`echo /opt/local/var/macports/build/_opt_local_var_macports_sources_build.openmodelica.org_macports_lang_openmodelica/openmodelica/work/openmodelica_1.9.6/OMCompiler/3rdParty/Ipopt/lib` libcoinmumps.lib liblapack.lib libblas.lib -libpath:`echo /opt/local/var/macports/build/_opt_local_var_macports_sources_build.openmodelica.org_macports_lang_openmodelica/openmodelica/work/openmodelica_1.9.6/build/lib/x86_64-darwin15.4.0/omc` -libpath:`echo /opt/local/lib` -libpath:`echo /opt/local/lib/gcc5/gcc/x86_64-apple-darwin15/5.3.0` -libpath:`echo /opt/local/lib/gcc5/gcc/x86_64-apple-darwin15/5.3.0/../../..` libgfortran.lib libSystem.lib libquadmath.lib libm.lib  -llapack -lblas -llapack -lblas  -ldl" > /opt/local/var/macports/build/_opt_local_var_macports_sources_build.openmodelica.org_macports_lang_openmodelica/openmodelica/work/openmodelica_1.9.6/OMCompiler/3rdParty/Ipopt/share/coin/doc/Ipopt/ipopt_addlibs_cpp.txt
:info:build addlibs=`cat /opt/local/var/macports/build/_opt_local_var_macports_sources_build.openmodelica.org_macports_lang_openmodelica/openmodelica/work/openmodelica_1.9.6/OMCompiler/3rdParty/Ipopt/share/coin/doc/Ipopt/ipopt_addlibs_cpp.txt` ; \
:info:build 	echo "$addlibs -lstdc++ -lm" > /opt/local/var/macports/build/_opt_local_var_macports_sources_build.openmodelica.org_macports_lang_openmodelica/openmodelica/work/openmodelica_1.9.6/OMCompiler/3rdParty/Ipopt/share/coin/doc/Ipopt/ipopt_addlibs_c.txt ; \
:info:build 	for i in  -L/opt/local/var/macports/build/_opt_local_var_macports_sources_build.openmodelica.org_macports_lang_openmodelica/openmodelica/work/openmodelica_1.9.6/build/lib/x86_64-darwin15.4.0/omc -L/opt/local/lib -L/opt/local/lib/gcc5/gcc/x86_64-apple-darwin15/5.3.0 -L/opt/local/lib/gcc5/gcc/x86_64-apple-darwin15/5.3.0/../../.. -lgfortran -lSystem -lquadmath -lm coin_dummy ; do \
:info:build 		addlibs=`echo -n " $addlibs " | sed -e "s! $i ! !g"` ; \
:info:build 	done ; \
:info:build 	echo "$addlibs -lstdc++ -lm" > /opt/local/var/macports/build/_opt_local_var_macports_sources_build.openmodelica.org_macports_lang_openmodelica/openmodelica/work/openmodelica_1.9.6/OMCompiler/3rdParty/Ipopt/share/coin/doc/Ipopt/ipopt_addlibs_f.txt
:info:build make[7]: Leaving directory `/opt/local/var/macports/build/_opt_local_var_macports_sources_build.openmodelica.org_macports_lang_openmodelica/openmodelica/work/openmodelica_1.9.6/OMCompiler/3rdParty/Ipopt/Ipopt'
:info:build make[6]: Leaving directory `/opt/local/var/macports/build/_opt_local_var_macports_sources_build.openmodelica.org_macports_lang_openmodelica/openmodelica/work/openmodelica_1.9.6/OMCompiler/3rdParty/Ipopt/Ipopt'
:info:build make[5]: Leaving directory `/opt/local/var/macports/build/_opt_local_var_macports_sources_build.openmodelica.org_macports_lang_openmodelica/openmodelica/work/openmodelica_1.9.6/OMCompiler/3rdParty/Ipopt/Ipopt'
:info:build make[4]: Leaving directory `/opt/local/var/macports/build/_opt_local_var_macports_sources_build.openmodelica.org_macports_lang_openmodelica/openmodelica/work/openmodelica_1.9.6/OMCompiler/3rdParty/Ipopt/Ipopt'
:info:build make[4]: Entering directory `/opt/local/var/macports/build/_opt_local_var_macports_sources_build.openmodelica.org_macports_lang_openmodelica/openmodelica/work/openmodelica_1.9.6/OMCompiler/3rdParty/Ipopt'
:info:build make[5]: Entering directory `/opt/local/var/macports/build/_opt_local_var_macports_sources_build.openmodelica.org_macports_lang_openmodelica/openmodelica/work/openmodelica_1.9.6/OMCompiler/3rdParty/Ipopt'
:info:build make[5]: Nothing to be done for `install-data-am'.
:info:build Run make install-doxydoc to generate and install Doxygen documentation.
:info:build make[5]: Leaving directory `/opt/local/var/macports/build/_opt_local_var_macports_sources_build.openmodelica.org_macports_lang_openmodelica/openmodelica/work/openmodelica_1.9.6/OMCompiler/3rdParty/Ipopt'
:info:build make[4]: Leaving directory `/opt/local/var/macports/build/_opt_local_var_macports_sources_build.openmodelica.org_macports_lang_openmodelica/openmodelica/work/openmodelica_1.9.6/OMCompiler/3rdParty/Ipopt'
:info:build make[3]: Leaving directory `/opt/local/var/macports/build/_opt_local_var_macports_sources_build.openmodelica.org_macports_lang_openmodelica/openmodelica/work/openmodelica_1.9.6/OMCompiler/3rdParty/Ipopt'
:info:build test ! `uname` = Darwin || install_name_tool -id @rpath/libipopt.0.0.0.dylib 3rdParty/Ipopt/lib/libipopt.0.0.0.dylib
:info:build test ! `uname` = Darwin || install_name_tool -id @rpath/libcoinmumps.1.5.2.dylib 3rdParty/Ipopt/lib/libcoinmumps.1.5.2.dylib
:info:build test ! `uname` = Darwin || install_name_tool -change "`pwd`/3rdParty/Ipopt/lib/libcoinmumps.1.dylib" @rpath/libcoinmumps.1.dylib 3rdParty/Ipopt/lib/libipopt.0.0.0.dylib
:info:build cp -a 3rdParty/Ipopt/lib*/*.* /opt/local/var/macports/build/_opt_local_var_macports_sources_build.openmodelica.org_macports_lang_openmodelica/openmodelica/work/openmodelica_1.9.6/build/lib/x86_64-darwin15.4.0/omc
:info:build make[2]: Leaving directory `/opt/local/var/macports/build/_opt_local_var_macports_sources_build.openmodelica.org_macports_lang_openmodelica/openmodelica/work/openmodelica_1.9.6/OMCompiler'
:info:build make[1]: *** [omc-bootstrapped] Error 2
:info:build make[1]: Leaving directory `/opt/local/var/macports/build/_opt_local_var_macports_sources_build.openmodelica.org_macports_lang_openmodelica/openmodelica/work/openmodelica_1.9.6/OMCompiler'
:info:build make: *** [omc] Error 2
:info:build make: Leaving directory `/opt/local/var/macports/build/_opt_local_var_macports_sources_build.openmodelica.org_macports_lang_openmodelica/openmodelica/work/openmodelica_1.9.6'
:info:build Command failed:  cd "/opt/local/var/macports/build/_opt_local_var_macports_sources_build.openmodelica.org_macports_lang_openmodelica/openmodelica/work/openmodelica_1.9.6" && /usr/bin/make -j4 -w 
:info:build Exit code: 2
:error:build org.macports.build for port openmodelica returned: command execution failed
:debug:build Error code: CHILDSTATUS 68663 2
:debug:build Backtrace: command execution failed
    while executing
"system -nice 0 $fullcmdstring"
    ("eval" body line 1)
    invoked from within
"eval system $notty $nice \$fullcmdstring"
    invoked from within
"command_exec build"
    (procedure "portbuild::build_main" line 8)
    invoked from within
"portbuild::build_main org.macports.build"
    ("eval" body line 1)
    invoked from within
"eval $procedure $targetname"
:info:build Warning: targets not executed for openmodelica: org.macports.activate org.macports.build org.macports.destroot org.macports.install
:notice:build Please see the log file for port openmodelica for details:
    /opt/local/var/macports/logs/_opt_local_var_macports_sources_build.openmodelica.org_macports_lang_openmodelica/openmodelica/main.log
 