version:1
:debug:main epoch: in tree: 0 installed: 0
:debug:main omniORB 4.1.6_2 exists in the ports tree
:debug:main omniORB 4.1.6_2 +python27 is the latest installed
:debug:main omniORB 4.1.6_2 +python27 is active
:debug:main Merging existing variants '+python27' into variants
:debug:main new fully merged portvariants: python27 +
:debug:main Changing to port directory: /opt/local/var/macports/sources/rsync.macports.org/release/tarballs/ports/devel/omniORB
:debug:main OS darwin/12.4.0 (Mac OS X 10.8) arch i386
:debug:main universal_variant is false, so not adding the default universal variant
:debug:main Executing variant python27 provides python27
:debug:main Running callback portconfigure::add_automatic_compiler_dependencies
:debug:main Finished running callback portconfigure::add_automatic_compiler_dependencies
:debug:main Running callback portbuild::add_automatic_buildsystem_dependencies
:debug:main Finished running callback portbuild::add_automatic_buildsystem_dependencies
:debug:main No need to upgrade! omniORB 4.1.6_2 >= omniORB 4.1.6_2
:debug:main epoch: in tree: 2 installed: 2
:debug:main python27 2.7.6_0 exists in the ports tree
:debug:main python27 2.7.6_0 +universal is the latest installed
:debug:main python27 2.7.6_0 +universal is active
:debug:main Merging existing variants '+universal' into variants
:debug:main new fully merged portvariants: universal +
:debug:main Changing to port directory: /opt/local/var/macports/sources/rsync.macports.org/release/tarballs/ports/lang/python27
:debug:main OS darwin/12.4.0 (Mac OS X 10.8) arch i386
:debug:main Reading variant descriptions from /opt/local/var/macports/sources/rsync.macports.org/release/tarballs/ports/_resources/port1.0/variant_descriptions.conf
:debug:main universal variant already exists, so not adding the default one
:debug:main Executing variant universal provides universal
:debug:main Running callback portconfigure::add_automatic_compiler_dependencies
:debug:main Finished running callback portconfigure::add_automatic_compiler_dependencies
:debug:main Running callback portbuild::add_automatic_buildsystem_dependencies
:debug:main Finished running callback portbuild::add_automatic_buildsystem_dependencies
:debug:main No need to upgrade! python27 2.7.6_0 >= python27 2.7.6_0
:debug:main epoch: in tree: 0 installed: 0
:debug:main gettext 0.18.3.1_1 exists in the ports tree
:debug:main gettext 0.18.3.1_1 +universal is the latest installed
:debug:main gettext 0.18.3.1_1 +universal is active
:debug:main Merging existing variants '+universal' into variants
:debug:main new fully merged portvariants: universal +
:debug:main Changing to port directory: /opt/local/var/macports/sources/rsync.macports.org/release/tarballs/ports/devel/gettext
:debug:main OS darwin/12.4.0 (Mac OS X 10.8) arch i386
:debug:main Reading variant descriptions from /opt/local/var/macports/sources/rsync.macports.org/release/tarballs/ports/_resources/port1.0/variant_descriptions.conf
:debug:main compiler clang 500.2.75 not blacklisted because it doesn't match {clang < 211.10.1}
:debug:main universal variant already exists, so not adding the default one
:debug:main Executing variant universal provides universal
:debug:main Running callback portconfigure::add_automatic_compiler_dependencies
:debug:main Finished running callback portconfigure::add_automatic_compiler_dependencies
:debug:main Running callback portbuild::add_automatic_buildsystem_dependencies
:debug:main Finished running callback portbuild::add_automatic_buildsystem_dependencies
:debug:main No need to upgrade! gettext 0.18.3.1_1 >= gettext 0.18.3.1_1
:debug:main epoch: in tree: 0 installed: 0
:debug:main expat 2.1.0_0 exists in the ports tree
:debug:main expat 2.1.0_0 +universal is the latest installed
:debug:main expat 2.1.0_0 +universal is active
:debug:main Merging existing variants '+universal' into variants
:debug:main new fully merged portvariants: universal +
:debug:main Changing to port directory: /opt/local/var/macports/sources/rsync.macports.org/release/tarballs/ports/textproc/expat
:debug:main OS darwin/12.4.0 (Mac OS X 10.8) arch i386
:debug:main adding the default universal variant
:debug:main Reading variant descriptions from /opt/local/var/macports/sources/rsync.macports.org/release/tarballs/ports/_resources/port1.0/variant_descriptions.conf
:debug:main Executing variant universal provides universal
:debug:main Running callback portconfigure::add_automatic_compiler_dependencies
:debug:main Finished running callback portconfigure::add_automatic_compiler_dependencies
:debug:main Running callback portbuild::add_automatic_buildsystem_dependencies
:debug:main Finished running callback portbuild::add_automatic_buildsystem_dependencies
:debug:main No need to upgrade! expat 2.1.0_0 >= expat 2.1.0_0
:debug:main epoch: in tree: 0 installed: 0
:debug:main libiconv 1.14_0 exists in the ports tree
:debug:main libiconv 1.14_0 +universal is the latest installed
:debug:main libiconv 1.14_0 +universal is active
:debug:main Merging existing variants '+universal' into variants
:debug:main new fully merged portvariants: universal +
:debug:main Changing to port directory: /opt/local/var/macports/sources/rsync.macports.org/release/tarballs/ports/textproc/libiconv
:debug:main OS darwin/12.4.0 (Mac OS X 10.8) arch i386
:debug:main Reading variant descriptions from /opt/local/var/macports/sources/rsync.macports.org/release/tarballs/ports/_resources/port1.0/variant_descriptions.conf
:debug:main universal variant already exists, so not adding the default one
:debug:main Executing variant universal provides universal
:debug:main Running callback portconfigure::add_automatic_compiler_dependencies
:debug:main Finished running callback portconfigure::add_automatic_compiler_dependencies
:debug:main Running callback portbuild::add_automatic_buildsystem_dependencies
:debug:main Finished running callback portbuild::add_automatic_buildsystem_dependencies
:debug:main No need to upgrade! libiconv 1.14_0 >= libiconv 1.14_0
:debug:main epoch: in tree: 0 installed: 0
:debug:main ncurses 5.9_2 exists in the ports tree
:debug:main ncurses 5.9_2 +universal is the latest installed
:debug:main ncurses 5.9_2 +universal is active
:debug:main Merging existing variants '+universal' into variants
:debug:main new fully merged portvariants: universal +
:debug:main Changing to port directory: /opt/local/var/macports/sources/rsync.macports.org/release/tarballs/ports/devel/ncurses
:debug:main OS darwin/12.4.0 (Mac OS X 10.8) arch i386
:debug:main adding the default universal variant
:debug:main Reading variant descriptions from /opt/local/var/macports/sources/rsync.macports.org/release/tarballs/ports/_resources/port1.0/variant_descriptions.conf
:debug:main Executing variant universal provides universal
:debug:main Running callback portconfigure::add_automatic_compiler_dependencies
:debug:main Finished running callback portconfigure::add_automatic_compiler_dependencies
:debug:main Running callback portbuild::add_automatic_buildsystem_dependencies
:debug:main Finished running callback portbuild::add_automatic_buildsystem_dependencies
:debug:main No need to upgrade! ncurses 5.9_2 >= ncurses 5.9_2
:debug:main epoch: in tree: 0 installed: 0
:debug:main zlib 1.2.8_0 exists in the ports tree
:debug:main zlib 1.2.8_0 +universal is the latest installed
:debug:main zlib 1.2.8_0 +universal is active
:debug:main Merging existing variants '+universal' into variants
:debug:main new fully merged portvariants: universal +
:debug:main Changing to port directory: /opt/local/var/macports/sources/rsync.macports.org/release/tarballs/ports/archivers/zlib
:debug:main OS darwin/12.4.0 (Mac OS X 10.8) arch i386
:debug:main adding the default universal variant
:debug:main Reading variant descriptions from /opt/local/var/macports/sources/rsync.macports.org/release/tarballs/ports/_resources/port1.0/variant_descriptions.conf
:debug:main Executing variant universal provides universal
:debug:main Running callback portconfigure::add_automatic_compiler_dependencies
:debug:main Finished running callback portconfigure::add_automatic_compiler_dependencies
:debug:main Running callback portbuild::add_automatic_buildsystem_dependencies
:debug:main Finished running callback portbuild::add_automatic_buildsystem_dependencies
:debug:main No need to upgrade! zlib 1.2.8_0 >= zlib 1.2.8_0
:debug:main epoch: in tree: 1 installed: 1
:debug:main openssl 1.0.1e_1 exists in the ports tree
:debug:main openssl 1.0.1e_1 +universal is the latest installed
:debug:main openssl 1.0.1e_1 +universal is active
:debug:main Merging existing variants '+universal' into variants
:debug:main new fully merged portvariants: universal +
:debug:main Changing to port directory: /opt/local/var/macports/sources/rsync.macports.org/release/tarballs/ports/devel/openssl
:debug:main OS darwin/12.4.0 (Mac OS X 10.8) arch i386
:debug:main Reading variant descriptions from /opt/local/var/macports/sources/rsync.macports.org/release/tarballs/ports/_resources/port1.0/variant_descriptions.conf
:debug:main universal variant already exists, so not adding the default one
:debug:main Executing variant universal provides universal
:debug:main Running callback portconfigure::add_automatic_compiler_dependencies
:debug:main Finished running callback portconfigure::add_automatic_compiler_dependencies
:debug:main Running callback portbuild::add_automatic_buildsystem_dependencies
:debug:main Finished running callback portbuild::add_automatic_buildsystem_dependencies
:debug:main No need to upgrade! openssl 1.0.1e_1 >= openssl 1.0.1e_1
:debug:main epoch: in tree: 0 installed: 0
:debug:main sqlite3 3.8.0.2_0 exists in the ports tree
:debug:main sqlite3 3.8.0.2_0 +universal is the latest installed
:debug:main sqlite3 3.8.0.2_0 +universal is active
:debug:main Merging existing variants '+universal' into variants
:debug:main new fully merged portvariants: universal +
:debug:main Changing to port directory: /opt/local/var/macports/sources/rsync.macports.org/release/tarballs/ports/databases/sqlite3
:debug:main OS darwin/12.4.0 (Mac OS X 10.8) arch i386
:debug:main adding the default universal variant
:debug:main Reading variant descriptions from /opt/local/var/macports/sources/rsync.macports.org/release/tarballs/ports/_resources/port1.0/variant_descriptions.conf
:debug:main Executing variant universal provides universal
:debug:main Running callback portconfigure::add_automatic_compiler_dependencies
:debug:main Finished running callback portconfigure::add_automatic_compiler_dependencies
:debug:main Running callback portbuild::add_automatic_buildsystem_dependencies
:debug:main Finished running callback portbuild::add_automatic_buildsystem_dependencies
:debug:main No need to upgrade! sqlite3 3.8.0.2_0 >= sqlite3 3.8.0.2_0
:debug:main epoch: in tree: 20090923 installed: 20090923
:debug:main libedit 20121213-3.0_0 exists in the ports tree
:debug:main libedit 20121213-3.0_0 +universal is the latest installed
:debug:main libedit 20121213-3.0_0 +universal is active
:debug:main Merging existing variants '+universal' into variants
:debug:main new fully merged portvariants: universal +
:debug:main Changing to port directory: /opt/local/var/macports/sources/rsync.macports.org/release/tarballs/ports/devel/libedit
:debug:main OS darwin/12.4.0 (Mac OS X 10.8) arch i386
:debug:main Reading variant descriptions from /opt/local/var/macports/sources/rsync.macports.org/release/tarballs/ports/_resources/port1.0/variant_descriptions.conf
:debug:main universal variant already exists, so not adding the default one
:debug:main Executing variant universal provides universal
:debug:main Running callback portconfigure::add_automatic_compiler_dependencies
:debug:main Finished running callback portconfigure::add_automatic_compiler_dependencies
:debug:main Running callback portbuild::add_automatic_buildsystem_dependencies
:debug:main Finished running callback portbuild::add_automatic_buildsystem_dependencies
:debug:main No need to upgrade! libedit 20121213-3.0_0 >= libedit 20121213-3.0_0
:debug:main epoch: in tree: 0 installed: 0
:debug:main db46 4.6.21_8 exists in the ports tree
:debug:main db46 4.6.21_8 +universal is the latest installed
:debug:main db46 4.6.21_8 +universal is active
:debug:main Merging existing variants '+universal' into variants
:debug:main new fully merged portvariants: universal +
:debug:main Changing to port directory: /opt/local/var/macports/sources/rsync.macports.org/release/tarballs/ports/databases/db46
:debug:main OS darwin/12.4.0 (Mac OS X 10.8) arch i386
:debug:main Reading variant descriptions from /opt/local/var/macports/sources/rsync.macports.org/release/tarballs/ports/_resources/port1.0/variant_descriptions.conf
:debug:main universal variant already exists, so not adding the default one
:debug:main Executing variant universal provides universal
:debug:main Running callback portconfigure::add_automatic_compiler_dependencies
:debug:main Finished running callback portconfigure::add_automatic_compiler_dependencies
:debug:main Running callback portbuild::add_automatic_buildsystem_dependencies
:debug:main Finished running callback portbuild::add_automatic_buildsystem_dependencies
:debug:main No need to upgrade! db46 4.6.21_8 >= db46 4.6.21_8
:debug:main epoch: in tree: 0 installed: 0
:debug:main db_select 0.1_2 exists in the ports tree
:debug:main db_select 0.1_2  is the latest installed
:debug:main db_select 0.1_2  is active
:debug:main Merging existing variants '' into variants
:debug:main new fully merged portvariants: 
:debug:main Changing to port directory: /opt/local/var/macports/sources/rsync.macports.org/release/tarballs/ports/sysutils/db_select
:debug:main OS darwin/12.4.0 (Mac OS X 10.8) arch i386
:debug:main universal_variant is false, so not adding the default universal variant
:debug:main Running callback portconfigure::add_automatic_compiler_dependencies
:debug:main Finished running callback portconfigure::add_automatic_compiler_dependencies
:debug:main Running callback portbuild::add_automatic_buildsystem_dependencies
:debug:main Finished running callback portbuild::add_automatic_buildsystem_dependencies
:debug:main No need to upgrade! db_select 0.1_2 >= db_select 0.1_2
:debug:main epoch: in tree: 0 installed: 0
:debug:main bzip2 1.0.6_0 exists in the ports tree
:debug:main bzip2 1.0.6_0 +universal is the latest installed
:debug:main bzip2 1.0.6_0 +universal is active
:debug:main Merging existing variants '+universal' into variants
:debug:main new fully merged portvariants: universal +
:debug:main Changing to port directory: /opt/local/var/macports/sources/rsync.macports.org/release/tarballs/ports/archivers/bzip2
:debug:main OS darwin/12.4.0 (Mac OS X 10.8) arch i386
:debug:main Reading variant descriptions from /opt/local/var/macports/sources/rsync.macports.org/release/tarballs/ports/_resources/port1.0/variant_descriptions.conf
:debug:main universal variant already exists, so not adding the default one
:debug:main Executing variant universal provides universal
:debug:main Running callback portconfigure::add_automatic_compiler_dependencies
:debug:main Finished running callback portconfigure::add_automatic_compiler_dependencies
:debug:main Running callback portbuild::add_automatic_buildsystem_dependencies
:debug:main Finished running callback portbuild::add_automatic_buildsystem_dependencies
:debug:main No need to upgrade! bzip2 1.0.6_0 >= bzip2 1.0.6_0
:debug:main epoch: in tree: 0 installed: 0
:debug:main python_select 0.3_3 exists in the ports tree
:debug:main python_select 0.3_3  is the latest installed
:debug:main python_select 0.3_3  is active
:debug:main Merging existing variants '' into variants
:debug:main new fully merged portvariants: 
:debug:main Changing to port directory: /opt/local/var/macports/sources/rsync.macports.org/release/tarballs/ports/sysutils/python_select
:debug:main OS darwin/12.4.0 (Mac OS X 10.8) arch i386
:debug:main universal_variant is false, so not adding the default universal variant
:debug:main Running callback portconfigure::add_automatic_compiler_dependencies
:debug:main Finished running callback portconfigure::add_automatic_compiler_dependencies
:debug:main Running callback portbuild::add_automatic_buildsystem_dependencies
:debug:main Finished running callback portbuild::add_automatic_buildsystem_dependencies
:debug:main No need to upgrade! python_select 0.3_3 >= python_select 0.3_3
:debug:main epoch: in tree: 0 installed: 0
:debug:main gtime 1.7_1 exists in the ports tree
:debug:main gtime 1.7_1  is the latest installed
:debug:main gtime 1.7_1  is active
:debug:main Merging existing variants '' into variants
:debug:main new fully merged portvariants: 
:debug:main Changing to port directory: /opt/local/var/macports/sources/rsync.macports.org/release/tarballs/ports/sysutils/gtime
:debug:main OS darwin/12.4.0 (Mac OS X 10.8) arch i386
:debug:main adding the default universal variant
:debug:main Reading variant descriptions from /opt/local/var/macports/sources/rsync.macports.org/release/tarballs/ports/_resources/port1.0/variant_descriptions.conf
:debug:main Running callback portconfigure::add_automatic_compiler_dependencies
:debug:main Finished running callback portconfigure::add_automatic_compiler_dependencies
:debug:main Running callback portbuild::add_automatic_buildsystem_dependencies
:debug:main Finished running callback portbuild::add_automatic_buildsystem_dependencies
:debug:main No need to upgrade! gtime 1.7_1 >= gtime 1.7_1
:debug:main epoch: in tree: 0 installed: 0
:debug:main cmake 2.8.12_1 exists in the ports tree
:debug:main cmake 2.8.12_1 +universal is the latest installed
:debug:main cmake 2.8.12_1 +universal is active
:debug:main Merging existing variants '+universal' into variants
:debug:main new fully merged portvariants: universal +
:debug:main Changing to port directory: /opt/local/var/macports/sources/rsync.macports.org/release/tarballs/ports/devel/cmake
:debug:main OS darwin/12.4.0 (Mac OS X 10.8) arch i386
:debug:main Reading variant descriptions from /opt/local/var/macports/sources/rsync.macports.org/release/tarballs/ports/_resources/port1.0/variant_descriptions.conf
:debug:main universal variant already exists, so not adding the default one
:debug:main Executing variant universal provides universal
:debug:main Running callback portconfigure::add_automatic_compiler_dependencies
:debug:main Finished running callback portconfigure::add_automatic_compiler_dependencies
:debug:main Running callback portbuild::add_automatic_buildsystem_dependencies
:debug:main Finished running callback portbuild::add_automatic_buildsystem_dependencies
:debug:main No need to upgrade! cmake 2.8.12_1 >= cmake 2.8.12_1
:debug:main epoch: in tree: 0 installed: 0
:debug:main libidn 1.26_0 exists in the ports tree
:debug:main libidn 1.26_0 +universal is the latest installed
:debug:main libidn 1.26_0 +universal is active
:debug:main Merging existing variants '+universal' into variants
:debug:main new fully merged portvariants: universal +
:debug:main Changing to port directory: /opt/local/var/macports/sources/rsync.macports.org/release/tarballs/ports/mail/libidn
:debug:main OS darwin/12.4.0 (Mac OS X 10.8) arch i386
:debug:main adding the default universal variant
:debug:main Reading variant descriptions from /opt/local/var/macports/sources/rsync.macports.org/release/tarballs/ports/_resources/port1.0/variant_descriptions.conf
:debug:main Executing variant universal provides universal
:debug:main Running callback portconfigure::add_automatic_compiler_dependencies
:debug:main Finished running callback portconfigure::add_automatic_compiler_dependencies
:debug:main Running callback portbuild::add_automatic_buildsystem_dependencies
:debug:main Finished running callback portbuild::add_automatic_buildsystem_dependencies
:debug:main No need to upgrade! libidn 1.26_0 >= libidn 1.26_0
:debug:main epoch: in tree: 0 installed: 0
:debug:main libtool 2.4.2_3 exists in the ports tree
:debug:main libtool 2.4.2_3  is the latest installed
:debug:main libtool 2.4.2_3 +universal is active
:debug:main Merging existing variants '+universal' into variants
:debug:main new fully merged portvariants: universal +
:debug:main Changing to port directory: /opt/local/var/macports/sources/rsync.macports.org/release/tarballs/ports/devel/libtool
:debug:main OS darwin/12.4.0 (Mac OS X 10.8) arch i386
:debug:main adding the default universal variant
:debug:main Reading variant descriptions from /opt/local/var/macports/sources/rsync.macports.org/release/tarballs/ports/_resources/port1.0/variant_descriptions.conf
:debug:main Executing variant universal provides universal
:debug:main Running callback portconfigure::add_automatic_compiler_dependencies
:debug:main Finished running callback portconfigure::add_automatic_compiler_dependencies
:debug:main Running callback portbuild::add_automatic_buildsystem_dependencies
:debug:main Finished running callback portbuild::add_automatic_buildsystem_dependencies
:debug:main No need to upgrade! libtool 2.4.2_3 >= libtool 2.4.2_3
:debug:main epoch: in tree: 1 installed: 1
:debug:main autoconf 2.69_2 exists in the ports tree
:debug:main autoconf 2.69_2  is the latest installed
:debug:main autoconf 2.69_2  is active
:debug:main Merging existing variants '' into variants
:debug:main new fully merged portvariants: 
:debug:main Changing to port directory: /opt/local/var/macports/sources/rsync.macports.org/release/tarballs/ports/devel/autoconf
:debug:main OS darwin/12.4.0 (Mac OS X 10.8) arch i386
:debug:main only one arch supported, so not adding the default universal variant
:debug:main Running callback portconfigure::add_automatic_compiler_dependencies
:debug:main Finished running callback portconfigure::add_automatic_compiler_dependencies
:debug:main Running callback portbuild::add_automatic_buildsystem_dependencies
:debug:main Finished running callback portbuild::add_automatic_buildsystem_dependencies
:debug:main No need to upgrade! autoconf 2.69_2 >= autoconf 2.69_2
:debug:main epoch: in tree: 0 installed: 0
:debug:main perl5 5.12.4_0 exists in the ports tree
:debug:main perl5 5.12.4_0 +perl5_12 is the latest installed
:debug:main perl5 5.12.4_0 +perl5_12 is active
:debug:main Merging existing variants '+perl5_12' into variants
:debug:main new fully merged portvariants: perl5_12 +
:debug:main Changing to port directory: /opt/local/var/macports/sources/rsync.macports.org/release/tarballs/ports/lang/perl5
:debug:main OS darwin/12.4.0 (Mac OS X 10.8) arch i386
:debug:main universal_variant is false, so not adding the default universal variant
:debug:main Executing variant perl5_12 provides perl5_12
:debug:main Running callback portconfigure::add_automatic_compiler_dependencies
:debug:main Finished running callback portconfigure::add_automatic_compiler_dependencies
:debug:main Running callback portbuild::add_automatic_buildsystem_dependencies
:debug:main Finished running callback portbuild::add_automatic_buildsystem_dependencies
:debug:main No need to upgrade! perl5 5.12.4_0 >= perl5 5.12.4_0
:debug:main epoch: in tree: 0 installed: 0
:debug:main perl5.12 5.12.4_2 exists in the ports tree
:debug:main perl5.12 5.12.4_2 +universal is the latest installed
:debug:main perl5.12 5.12.4_2 +universal is active
:debug:main Merging existing variants '+universal' into variants
:debug:main new fully merged portvariants: universal +
:debug:main Changing to port directory: /opt/local/var/macports/sources/rsync.macports.org/release/tarballs/ports/lang/perl5.12
:debug:main OS darwin/12.4.0 (Mac OS X 10.8) arch i386
:debug:main adding the default universal variant
:debug:main Reading variant descriptions from /opt/local/var/macports/sources/rsync.macports.org/release/tarballs/ports/_resources/port1.0/variant_descriptions.conf
:debug:main Executing variant universal provides universal
:debug:main Running callback portconfigure::add_automatic_compiler_dependencies
:debug:main Finished running callback portconfigure::add_automatic_compiler_dependencies
:debug:main Running callback portbuild::add_automatic_buildsystem_dependencies
:debug:main Finished running callback portbuild::add_automatic_buildsystem_dependencies
:debug:main No need to upgrade! perl5.12 5.12.4_2 >= perl5.12 5.12.4_2
:debug:main epoch: in tree: 0 installed: 0
:debug:main gdbm 1.10_2 exists in the ports tree
:debug:main gdbm 1.10_2 +universal is the latest installed
:debug:main gdbm 1.10_2 +universal is active
:debug:main Merging existing variants '+universal' into variants
:debug:main new fully merged portvariants: universal +
:debug:main Changing to port directory: /opt/local/var/macports/sources/rsync.macports.org/release/tarballs/ports/databases/gdbm
:debug:main OS darwin/12.4.0 (Mac OS X 10.8) arch i386
:debug:main adding the default universal variant
:debug:main Reading variant descriptions from /opt/local/var/macports/sources/rsync.macports.org/release/tarballs/ports/_resources/port1.0/variant_descriptions.conf
:debug:main Executing variant universal provides universal
:debug:main Running callback portconfigure::add_automatic_compiler_dependencies
:debug:main Finished running callback portconfigure::add_automatic_compiler_dependencies
:debug:main Running callback portbuild::add_automatic_buildsystem_dependencies
:debug:main Finished running callback portbuild::add_automatic_buildsystem_dependencies
:debug:main No need to upgrade! gdbm 1.10_2 >= gdbm 1.10_2
:debug:main epoch: in tree: 0 installed: 0
:debug:main m4 1.4.16_0 exists in the ports tree
:debug:main m4 1.4.16_0 +universal is the latest installed
:debug:main m4 1.4.16_0 +universal is active
:debug:main Merging existing variants '+universal' into variants
:debug:main new fully merged portvariants: universal +
:debug:main Changing to port directory: /opt/local/var/macports/sources/rsync.macports.org/release/tarballs/ports/devel/m4
:debug:main OS darwin/12.4.0 (Mac OS X 10.8) arch i386
:debug:main adding the default universal variant
:debug:main Reading variant descriptions from /opt/local/var/macports/sources/rsync.macports.org/release/tarballs/ports/_resources/port1.0/variant_descriptions.conf
:debug:main Executing variant universal provides universal
:debug:main Running callback portconfigure::add_automatic_compiler_dependencies
:debug:main Finished running callback portconfigure::add_automatic_compiler_dependencies
:debug:main Running callback portbuild::add_automatic_buildsystem_dependencies
:debug:main Finished running callback portbuild::add_automatic_buildsystem_dependencies
:debug:main No need to upgrade! m4 1.4.16_0 >= m4 1.4.16_0
:debug:main epoch: in tree: 0 installed: 0
:debug:main automake 1.14_0 exists in the ports tree
:debug:main automake 1.14_0  is the latest installed
:debug:main automake 1.14_0  is active
:debug:main Merging existing variants '' into variants
:debug:main new fully merged portvariants: 
:debug:main Changing to port directory: /opt/local/var/macports/sources/rsync.macports.org/release/tarballs/ports/devel/automake
:debug:main OS darwin/12.4.0 (Mac OS X 10.8) arch i386
:debug:main only one arch supported, so not adding the default universal variant
:debug:main Running callback portconfigure::add_automatic_compiler_dependencies
:debug:main Finished running callback portconfigure::add_automatic_compiler_dependencies
:debug:main Running callback portbuild::add_automatic_buildsystem_dependencies
:debug:main Finished running callback portbuild::add_automatic_buildsystem_dependencies
:debug:main No need to upgrade! automake 1.14_0 >= automake 1.14_0
:debug:main epoch: in tree: 0 installed: 0
:debug:main lp_solve 5.5.2.0_0 exists in the ports tree
:debug:main lp_solve 5.5.2.0_0  is the latest installed
:debug:main lp_solve 5.5.2.0_0  is active
:debug:main Merging existing variants '' into variants
:debug:main new fully merged portvariants: 
:debug:main Changing to port directory: /opt/local/var/macports/sources/rsync.macports.org/release/tarballs/ports/math/lp_solve
:debug:main OS darwin/12.4.0 (Mac OS X 10.8) arch i386
:debug:main Reading variant descriptions from /opt/local/var/macports/sources/rsync.macports.org/release/tarballs/ports/_resources/port1.0/variant_descriptions.conf
:debug:main universal variant already exists, so not adding the default one
:debug:main Running callback portconfigure::add_automatic_compiler_dependencies
:debug:main Finished running callback portconfigure::add_automatic_compiler_dependencies
:debug:main Running callback portbuild::add_automatic_buildsystem_dependencies
:debug:main Finished running callback portbuild::add_automatic_buildsystem_dependencies
:debug:main No need to upgrade! lp_solve 5.5.2.0_0 >= lp_solve 5.5.2.0_0
:debug:main epoch: in tree: 0 installed: 0
:debug:main qt4-mac 4.8.5_0 exists in the ports tree
:debug:main qt4-mac 4.8.5_0  is the latest installed
:debug:main qt4-mac 4.8.5_0  is active
:debug:main Merging existing variants '' into variants
:debug:main new fully merged portvariants: 
:debug:main Changing to port directory: /opt/local/var/macports/sources/rsync.macports.org/release/tarballs/ports/aqua/qt4-mac
:debug:main OS darwin/12.4.0 (Mac OS X 10.8) arch i386
:debug:main compiler clang 500.2.75 not blacklisted because it doesn't match { clang <= 318.0.61 }
:debug:main adding the default universal variant
:debug:main Reading variant descriptions from /opt/local/var/macports/sources/rsync.macports.org/release/tarballs/ports/_resources/port1.0/variant_descriptions.conf
:debug:main Running callback portconfigure::add_automatic_compiler_dependencies
:debug:main Finished running callback portconfigure::add_automatic_compiler_dependencies
:debug:main Running callback portbuild::add_automatic_buildsystem_dependencies
:debug:main Finished running callback portbuild::add_automatic_buildsystem_dependencies
:debug:main No need to upgrade! qt4-mac 4.8.5_0 >= qt4-mac 4.8.5_0
:debug:main epoch: in tree: 0 installed: 0
:debug:main dbus 1.6.12_0 exists in the ports tree
:debug:main dbus 1.6.12_0 +startupitem+universal is the latest installed
:debug:main dbus 1.6.12_0 +startupitem+universal is active
:debug:main Merging existing variants '+startupitem+universal' into variants
:debug:main new fully merged portvariants: universal + startupitem +
:debug:main Changing to port directory: /opt/local/var/macports/sources/rsync.macports.org/release/tarballs/ports/devel/dbus
:debug:main OS darwin/12.4.0 (Mac OS X 10.8) arch i386
:debug:main Reading variant descriptions from /opt/local/var/macports/sources/rsync.macports.org/release/tarballs/ports/_resources/port1.0/variant_descriptions.conf
:debug:main universal variant already exists, so not adding the default one
:debug:main Executing variant universal provides universal
:debug:main Executing variant startupitem provides startupitem
:debug:main Running callback portconfigure::add_automatic_compiler_dependencies
:debug:main Finished running callback portconfigure::add_automatic_compiler_dependencies
:debug:main Running callback portbuild::add_automatic_buildsystem_dependencies
:debug:main Finished running callback portbuild::add_automatic_buildsystem_dependencies
:debug:main No need to upgrade! dbus 1.6.12_0 >= dbus 1.6.12_0
:debug:main epoch: in tree: 0 installed: 0
:debug:main tiff 4.0.3_1 exists in the ports tree
:debug:main tiff 4.0.3_1 +universal is the latest installed
:debug:main tiff 4.0.3_1 +universal is active
:debug:main Merging existing variants '+universal' into variants
:debug:main new fully merged portvariants: universal +
:debug:main Changing to port directory: /opt/local/var/macports/sources/rsync.macports.org/release/tarballs/ports/graphics/tiff
:debug:main OS darwin/12.4.0 (Mac OS X 10.8) arch i386
:debug:main Reading variant descriptions from /opt/local/var/macports/sources/rsync.macports.org/release/tarballs/ports/_resources/port1.0/variant_descriptions.conf
:debug:main universal variant already exists, so not adding the default one
:debug:main Executing variant universal provides universal
:debug:main Running callback portconfigure::add_automatic_compiler_dependencies
:debug:main Finished running callback portconfigure::add_automatic_compiler_dependencies
:debug:main Running callback portbuild::add_automatic_buildsystem_dependencies
:debug:main Finished running callback portbuild::add_automatic_buildsystem_dependencies
:debug:main No need to upgrade! tiff 4.0.3_1 >= tiff 4.0.3_1
:debug:main epoch: in tree: 0 installed: 0
:debug:main jpeg 9_1 exists in the ports tree
:debug:main jpeg 9_1 +universal is the latest installed
:debug:main jpeg 9_1 +universal is active
:debug:main Merging existing variants '+universal' into variants
:debug:main new fully merged portvariants: universal +
:debug:main Changing to port directory: /opt/local/var/macports/sources/rsync.macports.org/release/tarballs/ports/graphics/jpeg
:debug:main OS darwin/12.4.0 (Mac OS X 10.8) arch i386
:debug:main adding the default universal variant
:debug:main Reading variant descriptions from /opt/local/var/macports/sources/rsync.macports.org/release/tarballs/ports/_resources/port1.0/variant_descriptions.conf
:debug:main Executing variant universal provides universal
:debug:main Running callback portconfigure::add_automatic_compiler_dependencies
:debug:main Finished running callback portconfigure::add_automatic_compiler_dependencies
:debug:main Running callback portbuild::add_automatic_buildsystem_dependencies
:debug:main Finished running callback portbuild::add_automatic_buildsystem_dependencies
:debug:main No need to upgrade! jpeg 9_1 >= jpeg 9_1
:debug:main epoch: in tree: 0 installed: 0
:debug:main xz 5.0.5_0 exists in the ports tree
:debug:main xz 5.0.5_0 +universal is the latest installed
:debug:main xz 5.0.5_0 +universal is active
:debug:main Merging existing variants '+universal' into variants
:debug:main new fully merged portvariants: universal +
:debug:main Changing to port directory: /opt/local/var/macports/sources/rsync.macports.org/release/tarballs/ports/archivers/xz
:debug:main OS darwin/12.4.0 (Mac OS X 10.8) arch i386
:debug:main adding the default universal variant
:debug:main Reading variant descriptions from /opt/local/var/macports/sources/rsync.macports.org/release/tarballs/ports/_resources/port1.0/variant_descriptions.conf
:debug:main Executing variant universal provides universal
:debug:main Running callback portconfigure::add_automatic_compiler_dependencies
:debug:main Finished running callback portconfigure::add_automatic_compiler_dependencies
:debug:main Running callback portbuild::add_automatic_buildsystem_dependencies
:debug:main Finished running callback portbuild::add_automatic_buildsystem_dependencies
:debug:main No need to upgrade! xz 5.0.5_0 >= xz 5.0.5_0
:debug:main epoch: in tree: 0 installed: 0
:debug:main libpng 1.5.17_0 exists in the ports tree
:debug:main libpng 1.5.17_0 +universal is the latest installed
:debug:main libpng 1.5.17_0 +universal is active
:debug:main Merging existing variants '+universal' into variants
:debug:main new fully merged portvariants: universal +
:debug:main Changing to port directory: /opt/local/var/macports/sources/rsync.macports.org/release/tarballs/ports/graphics/libpng
:debug:main OS darwin/12.4.0 (Mac OS X 10.8) arch i386
:debug:main adding the default universal variant
:debug:main Reading variant descriptions from /opt/local/var/macports/sources/rsync.macports.org/release/tarballs/ports/_resources/port1.0/variant_descriptions.conf
:debug:main Executing variant universal provides universal
:debug:main Running callback portconfigure::add_automatic_compiler_dependencies
:debug:main Finished running callback portconfigure::add_automatic_compiler_dependencies
:debug:main Running callback portbuild::add_automatic_buildsystem_dependencies
:debug:main Finished running callback portbuild::add_automatic_buildsystem_dependencies
:debug:main No need to upgrade! libpng 1.5.17_0 >= libpng 1.5.17_0
:debug:main epoch: in tree: 0 installed: 0
:debug:main libmng 1.0.10_3 exists in the ports tree
:debug:main libmng 1.0.10_3  is the latest installed
:debug:main libmng 1.0.10_3  is active
:debug:main Merging existing variants '' into variants
:debug:main new fully merged portvariants: 
:debug:main Changing to port directory: /opt/local/var/macports/sources/rsync.macports.org/release/tarballs/ports/graphics/libmng
:debug:main OS darwin/12.4.0 (Mac OS X 10.8) arch i386
:debug:main adding the default universal variant
:debug:main Reading variant descriptions from /opt/local/var/macports/sources/rsync.macports.org/release/tarballs/ports/_resources/port1.0/variant_descriptions.conf
:debug:main Running callback portconfigure::add_automatic_compiler_dependencies
:debug:main Finished running callback portconfigure::add_automatic_compiler_dependencies
:debug:main Running callback portbuild::add_automatic_buildsystem_dependencies
:debug:main Finished running callback portbuild::add_automatic_buildsystem_dependencies
:debug:main No need to upgrade! libmng 1.0.10_3 >= libmng 1.0.10_3
:debug:main epoch: in tree: 0 installed: 0
:debug:main lcms 1.19_5 exists in the ports tree
:debug:main lcms 1.19_5 +universal is the latest installed
:debug:main lcms 1.19_5 +universal is active
:debug:main Merging existing variants '+universal' into variants
:debug:main new fully merged portvariants: universal +
:debug:main Changing to port directory: /opt/local/var/macports/sources/rsync.macports.org/release/tarballs/ports/graphics/lcms
:debug:main OS darwin/12.4.0 (Mac OS X 10.8) arch i386
:debug:main Reading variant descriptions from /opt/local/var/macports/sources/rsync.macports.org/release/tarballs/ports/_resources/port1.0/variant_descriptions.conf
:debug:main universal variant already exists, so not adding the default one
:debug:main Executing variant universal provides universal
:debug:main Running callback portconfigure::add_automatic_compiler_dependencies
:debug:main Finished running callback portconfigure::add_automatic_compiler_dependencies
:debug:main Running callback portbuild::add_automatic_buildsystem_dependencies
:debug:main Finished running callback portbuild::add_automatic_buildsystem_dependencies
:debug:main No need to upgrade! lcms 1.19_5 >= lcms 1.19_5
:debug:main epoch: in tree: 0 installed: 0
:debug:main qwt52 5.2.3_0 exists in the ports tree
:debug:main qwt52 5.2.3_0 +qt4 is the latest installed
:debug:main qwt52 5.2.3_0 +qt4 is active
:debug:main Merging existing variants '+qt4' into variants
:debug:main new fully merged portvariants: qt4 +
:debug:main Changing to port directory: /opt/local/var/macports/sources/rsync.macports.org/release/tarballs/ports/graphics/qwt
:debug:main OS darwin/12.4.0 (Mac OS X 10.8) arch i386
:debug:main adding the default universal variant
:debug:main Reading variant descriptions from /opt/local/var/macports/sources/rsync.macports.org/release/tarballs/ports/_resources/port1.0/variant_descriptions.conf
:debug:main Executing variant qt4 provides qt4
:debug:main Running callback portconfigure::add_automatic_compiler_dependencies
:debug:main Finished running callback portconfigure::add_automatic_compiler_dependencies
:debug:main Running callback portbuild::add_automatic_buildsystem_dependencies
:debug:main Finished running callback portbuild::add_automatic_buildsystem_dependencies
:debug:main No need to upgrade! qwt52 5.2.3_0 >= qwt52 5.2.3_0
:msg:main --->  Computing dependencies for openmodelica-devel:info:main .:debug:main openmodelica-devel has no conflicts
:debug:main Searching for dependency: omniorb
:debug:main Found Dependency: receipt exists for omniorb
:debug:main Searching for dependency: sqlite3
:debug:main Found Dependency: receipt exists for sqlite3
:debug:main Searching for dependency: gtime
:debug:main Found Dependency: receipt exists for gtime
:debug:main Searching for dependency: cmake
:debug:main Found Dependency: receipt exists for cmake
:debug:main Searching for dependency: libtool
:debug:main Found Dependency: receipt exists for libtool
:debug:main Searching for dependency: autoconf
:debug:main Found Dependency: receipt exists for autoconf
:debug:main Searching for dependency: automake
:debug:main Found Dependency: receipt exists for automake
:debug:main Searching for dependency: lp_solve
:debug:main Found Dependency: receipt exists for lp_solve
:debug:main Searching for dependency: gettext
:debug:main Found Dependency: receipt exists for gettext
:debug:main Searching for dependency: qt4-mac
:debug:main Found Dependency: receipt exists for qt4-mac
:debug:main Searching for dependency: qwt52
:debug:main Found Dependency: receipt exists for qwt52
:msg:main 
:debug:main Executing org.macports.main (openmodelica-devel)
:debug:main changing euid/egid - current euid: 0 - current egid: 0
:debug:main egid changed to: 505
:debug:main euid changed to: 504
:debug:archivefetch archivefetch phase started at Wed Nov 13 10:47:24 EST 2013
:msg:archivefetch --->  Fetching archive for openmodelica-devel
:warn:archivefetch Your DNS servers incorrectly claim to know the address of nonexistent hosts. This may cause checksum mismatches for some ports.
:debug:archivefetch Executing org.macports.archivefetch (openmodelica-devel)
:debug:archivefetch euid/egid changed to: 0/0
:debug:archivefetch chowned /opt/local/var/macports/incoming to macports
:debug:archivefetch euid/egid changed to: 504/505
:info:archivefetch --->  openmodelica-devel-18121_0+qt.darwin_12.x86_64.tbz2 doesn't seem to exist in /opt/local/var/macports/incoming/verified
:msg:archivefetch --->  Attempting to fetch openmodelica-devel-18121_0+qt.darwin_12.x86_64.tbz2 from http://packages.macports.org/openmodelica-devel
:debug:archivefetch Fetching archive failed:: The requested URL returned error: 404
:msg:archivefetch --->  Attempting to fetch openmodelica-devel-18121_0+qt.darwin_12.x86_64.tbz2 from http://mse.uk.packages.macports.org/sites/packages.macports.org/openmodelica-devel
:debug:archivefetch Fetching archive failed:: The requested URL returned error: 404
:msg:archivefetch --->  Attempting to fetch openmodelica-devel-18121_0+qt.darwin_12.x86_64.tbz2 from http://lil.fr.packages.macports.org/openmodelica-devel
:debug:archivefetch Fetching archive failed:: The requested URL returned error: 404
:debug:archivefetch Privilege de-escalation not attempted as not running as root.
:debug:fetch fetch phase started at Wed Nov 13 10:47:26 EST 2013
:notice:fetch --->  Fetching distfiles for openmodelica-devel
:debug:fetch Executing org.macports.fetch (openmodelica-devel)
:debug:fetch Privilege de-escalation not attempted as not running as root.
:debug:checksum checksum phase started at Wed Nov 13 10:47:26 EST 2013
:notice:checksum --->  Verifying checksums for openmodelica-devel
:debug:checksum Executing org.macports.checksum (openmodelica-devel)
:info:checksum --->  Checksumming openmodelica_18121.orig.tar.gz
:debug:checksum Correct (md5) checksum for openmodelica_18121.orig.tar.gz
:debug:checksum Correct (sha1) checksum for openmodelica_18121.orig.tar.gz
:debug:checksum Correct (rmd160) checksum for openmodelica_18121.orig.tar.gz
:debug:checksum Privilege de-escalation not attempted as not running as root.
:debug:extract extract phase started at Wed Nov 13 10:47:29 EST 2013
:notice:extract --->  Extracting openmodelica-devel
:debug:extract Executing org.macports.extract (openmodelica-devel)
:info:extract --->  Extracting openmodelica_18121.orig.tar.gz
:debug:extract setting option extract.args to '/opt/local/var/macports/distfiles/openmodelica-devel/openmodelica_18121.orig.tar.gz'
:debug:extract Environment: CPATH='/opt/local/include' CC_PRINT_OPTIONS_FILE='/opt/local/var/macports/build/_opt_local_var_macports_sources_build.openmodelica.org_macports_lang_openmodelica-devel/openmodelica-devel/work/.CC_PRINT_OPTIONS' LIBRARY_PATH='/opt/local/lib' CC_PRINT_OPTIONS='YES' MACOSX_DEPLOYMENT_TARGET='10.8'
:debug:extract Assembled command: 'cd "/opt/local/var/macports/build/_opt_local_var_macports_sources_build.openmodelica.org_macports_lang_openmodelica-devel/openmodelica-devel/work" && /usr/bin/gzip -dc '/opt/local/var/macports/distfiles/openmodelica-devel/openmodelica_18121.orig.tar.gz' | /usr/bin/gnutar --no-same-owner -xf -'
:debug:extract Executing command line:  cd "/opt/local/var/macports/build/_opt_local_var_macports_sources_build.openmodelica.org_macports_lang_openmodelica-devel/openmodelica-devel/work" && /usr/bin/gzip -dc '/opt/local/var/macports/distfiles/openmodelica-devel/openmodelica_18121.orig.tar.gz' | /usr/bin/gnutar --no-same-owner -xf - 
:debug:extract euid/egid changed to: 0/0
:debug:extract chowned /opt/local/var/macports/build/_opt_local_var_macports_sources_build.openmodelica.org_macports_lang_openmodelica-devel/openmodelica-devel/work to macports
:debug:extract euid/egid changed to: 504/505
:debug:extract Privilege de-escalation not attempted as not running as root.
:debug:patch patch phase started at Wed Nov 13 10:47:50 EST 2013
:debug:patch Executing org.macports.patch (openmodelica-devel)
:debug:patch Privilege de-escalation not attempted as not running as root.
:debug:configure configure phase started at Wed Nov 13 10:47:50 EST 2013
:notice:configure --->  Configuring openmodelica-devel
:debug:configure Using compiler 'Xcode Clang'
:debug:configure Executing org.macports.configure (openmodelica-devel)
:debug:configure Environment: CPATH='/opt/local/include' CC_PRINT_OPTIONS_FILE='/opt/local/var/macports/build/_opt_local_var_macports_sources_build.openmodelica.org_macports_lang_openmodelica-devel/openmodelica-devel/work/.CC_PRINT_OPTIONS' LIBRARY_PATH='/opt/local/lib' CC_PRINT_OPTIONS='YES' MACOSX_DEPLOYMENT_TARGET='10.8'
:debug:configure Assembled command: 'cd "/opt/local/var/macports/build/_opt_local_var_macports_sources_build.openmodelica.org_macports_lang_openmodelica-devel/openmodelica-devel/work/openmodelica_18121" && autoconf'
:debug:configure Executing command line:  cd "/opt/local/var/macports/build/_opt_local_var_macports_sources_build.openmodelica.org_macports_lang_openmodelica-devel/openmodelica-devel/work/openmodelica_18121" && autoconf 
:debug:configure Environment: CPATH='/opt/local/include' CFLAGS='-pipe -Os -arch x86_64' CPPFLAGS='-I/opt/local/include' CXXFLAGS='-pipe -Os -arch x86_64' LIBRARY_PATH='/opt/local/lib' MACOSX_DEPLOYMENT_TARGET='10.8' ANTLRHOME='/opt/local' CXX='/usr/bin/clang++' CC_PRINT_OPTIONS_FILE='/opt/local/var/macports/build/_opt_local_var_macports_sources_build.openmodelica.org_macports_lang_openmodelica-devel/openmodelica-devel/work/.CC_PRINT_OPTIONS' F90FLAGS='-pipe -Os -m64' RMLHOME='/opt/local' LDFLAGS='-L/opt/local/lib -Wl,-headerpad_max_install_names -arch x86_64' __CFPREFERENCES_AVOID_DAEMON='1' FCFLAGS='-pipe -Os -m64' OBJC='/usr/bin/clang' OBJCXX='/usr/bin/clang++' INSTALL='/usr/bin/install -c' FFLAGS='-pipe -Os -m64' OBJCFLAGS='-pipe -Os -arch x86_64' OBJCXXFLAGS='-pipe -Os -arch x86_64' CC_PRINT_OPTIONS='YES' CC='/usr/bin/clang'
:debug:configure Assembled command: 'cd "/opt/local/var/macports/build/_opt_local_var_macports_sources_build.openmodelica.org_macports_lang_openmodelica-devel/openmodelica-devel/work/openmodelica_18121" && ./configure --prefix=/opt/local --with-omniORB=/opt/local --disable-python-interface --disable-modelica3d --without-paradiseo --disable-omnotebook --with-lapack="-llapack -lblas" --without-rml --without-omc'
:debug:configure Executing command line:  cd "/opt/local/var/macports/build/_opt_local_var_macports_sources_build.openmodelica.org_macports_lang_openmodelica-devel/openmodelica-devel/work/openmodelica_18121" && ./configure --prefix=/opt/local --with-omniORB=/opt/local --disable-python-interface --disable-modelica3d --without-paradiseo --disable-omnotebook --with-lapack="-llapack -lblas" --without-rml --without-omc 
:info:configure checking build system type... x86_64-apple-darwin12.4.0
:info:configure checking host system type... x86_64-apple-darwin12.4.0
:info:configure checking for gcc... /usr/bin/clang
:info:configure checking whether the C compiler works... yes
:info:configure checking for C compiler default output file name... a.out
:info:configure checking for suffix of executables... 
:info:configure checking whether we are cross compiling... no
:info:configure checking for suffix of object files... o
:info:configure checking whether we are using the GNU C compiler... yes
:info:configure checking whether /usr/bin/clang accepts -g... yes
:info:configure checking for /usr/bin/clang option to accept ISO C89... none needed
:info:configure checking whether we are using the GNU C++ compiler... yes
:info:configure checking whether /usr/bin/clang++ accepts -g... yes
:info:configure checking how to run the C preprocessor... /usr/bin/clang -E
:info:configure checking whether make sets $(MAKE)... yes
:info:configure checking for flex... flex
:info:configure checking lex output file root... lex.yy
:info:configure checking lex library... -lfl
:info:configure checking whether yytext is a pointer... yes
:info:configure checking if -Werror works... ok
:info:configure checking for omc... building it through bootstrapping (you might end up unable to recompile omc if you modify source code)
:info:configure checking for grep that handles long lines and -e... /usr/bin/grep
:info:configure checking for egrep... /usr/bin/grep -E
:info:configure checking for ANSI C header files... yes
:info:configure checking for sys/types.h... yes
:info:configure checking for sys/stat.h... yes
:info:configure checking for stdlib.h... yes
:info:configure checking for string.h... yes
:info:configure checking for memory.h... yes
:info:configure checking for strings.h... yes
:info:configure checking for inttypes.h... yes
:info:configure checking for stdint.h... yes
:info:configure checking for unistd.h... yes
:info:configure checking sys/time.h usability... yes
:info:configure checking sys/time.h presence... yes
:info:configure checking for sys/time.h... yes
:info:configure checking sqlite3.h usability... yes
:info:configure checking sqlite3.h presence... yes
:info:configure checking for sqlite3.h... yes
:info:configure checking f2c.h usability... yes
:info:configure checking f2c.h presence... yes
:info:configure checking for f2c.h... yes
:info:configure checking for antlr.Tool support... ANTLR Parser Generator   Version 2.7.7 (20060906)   1989-2005
:info:configure yes
:info:configure checking if the user wants to compile OMShell-terminal... yes
:info:configure checking readline/readline.h usability... yes
:info:configure checking readline/readline.h presence... yes
:info:configure checking for readline/readline.h... yes
:info:configure checking readline/history.h usability... yes
:info:configure checking readline/history.h presence... yes
:info:configure checking for readline/history.h... yes
:info:configure checking for library containing readline... -lreadline
:info:configure checking expat.h usability... yes
:info:configure checking expat.h presence... yes
:info:configure checking for expat.h... yes
:info:configure checking for an ANSI C-conforming const... yes
:info:configure checking for size_t... yes
:info:configure checking for vprintf... yes
:info:configure checking for _doprnt... no
:info:configure checking for getcwd... yes
:info:configure checking for select... yes
:info:configure checking for strdup... yes
:info:configure checking for strerror... yes
:info:configure checking for scandir... no
:info:configure checking for OpenMP... no
:info:configure checking for library containing dlopen... none required
:info:configure checking for library containing sqrt... none required
:info:configure checking for library containing colamd... -lcolamd
:info:configure checking for library containing make_lp... -llpsolve55
:info:configure checking lp_lib.h usability... no
:info:configure checking lp_lib.h presence... no
:info:configure checking for lp_lib.h... no
:info:configure checking lpsolve/lp_lib.h usability... yes
:info:configure checking lpsolve/lp_lib.h presence... yes
:info:configure checking for lpsolve/lp_lib.h... yes
:info:configure checking for socket... yes
:info:configure checking for gethostbyname... yes
:info:configure checking LAPACK flags... -llapack -lblas
:info:configure checking kinsol/kinsol.h usability... yes
:info:configure checking kinsol/kinsol.h presence... yes
:info:configure checking for kinsol/kinsol.h... yes
:info:configure checking kinsol/kinsol_dense.h usability... yes
:info:configure checking kinsol/kinsol_dense.h presence... yes
:info:configure checking for kinsol/kinsol_dense.h... yes
:info:configure checking nvector/nvector_serial.h usability... yes
:info:configure checking nvector/nvector_serial.h presence... yes
:info:configure checking for nvector/nvector_serial.h... yes
:info:configure checking sundials/sundials_types.h usability... yes
:info:configure checking sundials/sundials_types.h presence... yes
:info:configure checking for sundials/sundials_types.h... yes
:info:configure checking sundials/sundials_math.h usability... yes
:info:configure checking sundials/sundials_math.h presence... yes
:info:configure checking for sundials/sundials_math.h... yes
:info:configure checking Sundials linking... ok
:info:configure checking locale.h usability... yes
:info:configure checking locale.h presence... yes
:info:configure checking for locale.h... yes
:info:configure checking libintl.h usability... yes
:info:configure checking libintl.h presence... yes
:info:configure checking for libintl.h... yes
:info:configure checking gettext linking... in intl
:info:configure checking hwloc.h usability... no
:info:configure checking hwloc.h presence... no
:info:configure checking for hwloc.h... no
:info:configure checking for pthread_self in -lpthread... yes
:info:configure checking coin/IpStdCInterface.h usability... no
:info:configure checking coin/IpStdCInterface.h presence... no
:info:configure checking for coin/IpStdCInterface.h... no
:info:configure checking for /opt/local/bin/omniidl... /opt/local/bin/omniidl
:info:configure checking for CORBA... omniorb
:info:configure checking if the user wants to use the Python interface... no
:info:configure checking if the user wants Modelica3D... no
:info:configure checking for OpenCL... checking CL/cl.h usability... no
:info:configure checking CL/cl.h presence... no
:info:configure checking for CL/cl.h... no
:info:configure checking OpenCL/cl.h usability... yes
:info:configure checking OpenCL/cl.h presence... yes
:info:configure checking for OpenCL/cl.h... yes
:info:configure checking for qmake-qt4... no
:info:configure checking for qmake-mac... no
:info:configure checking for qmake... qmake
:info:configure checking for lrelease-qt4... no
:info:configure checking for lrelease... lrelease
:info:configure checking for qmake arguments... sh /opt/local/var/macports/build/_opt_local_var_macports_sources_build.openmodelica.org_macports_lang_openmodelica-devel/openmodelica-devel/work/openmodelica_18121/qmake.sh
:info:configure checking for qwt... with_qwt_suffix=
:info:configure /opt/local/include/qwt/
:info:configure checking if the user wants OMNotebook... no
:info:configure checking for paradisEO... disabled
:info:configure Not compiling ModPar
:info:configure Not compiling with BOOST
:info:configure checking for revision... 18121
:info:configure checking for OpenModelica platform name... darwin-x86_64
:info:configure checking for Modelica platform name... darwin-x86_64
:info:configure configure: creating ./config.status
:info:configure config.status: creating Makefile
:info:configure config.status: WARNING:  'Makefile.in' seems to ignore the --datarootdir setting
:info:configure config.status: creating Compiler/Makefile
:info:configure config.status: creating Compiler/Template/Makefile
:info:configure config.status: creating Compiler/omc_release/Makefile
:info:configure config.status: creating Compiler/runtime/Makefile
:info:configure config.status: creating Compiler/modpar/Makefile
:info:configure config.status: creating Compiler/runtime/config.unix.h
:info:configure config.status: creating PythonInterface/Makefile
:info:configure config.status: creating PythonInterface/OMPython/OMConfig.py
:info:configure config.status: creating Parser/Makefile
:info:configure config.status: creating OMNotebook/OMNotebookGUI/OMNotebook.config
:info:configure config.status: creating OMNotebook/OMNotebookGUI/Makefile.unix
:info:configure config.status: creating OMShell/OMShellGUI/OMShell.config
:info:configure config.status: creating OMShell/OMShellGUI/Makefile.unix
:info:configure config.status: creating OMEdit/OMEditGUI/Makefile.unix
:info:configure config.status: creating OMEdit/OMEditGUI/OMEdit.config
:info:configure config.status: creating OMPlot/OMPlotGUI/Makefile.unix
:info:configure config.status: creating OMPlot/OMPlotGUI/OMPlotGUI.config
:info:configure config.status: creating OMOptim/build/Makefile.unix
:info:configure config.status: creating OMOptim/build/OMOptim.config
:info:configure config.status: creating OMOptimBasis/build/Makefile.unix
:info:configure config.status: creating OMOptimBasis/build/OMOptimBasis.config
:info:configure config.status: creating OMVisualize/OMVisualizeGUI/OMVisualizeGUI.config
:info:configure config.status: creating testsuite/openmodelica/bootstrapping/LinkMain.makefile
:info:configure config.status: creating SimulationRuntime/fmi/import/Makefile
:info:configure config.status: creating SimulationRuntime/c/Makefile
:info:configure config.status: creating SimulationRuntime/c/simulation/libf2c/makefile.u
:info:configure config.status: creating SimulationRuntime/ParModelica/OpenCLRuntime/Makefile
:info:configure config.status: creating SimulationRuntime/interactive/Makefile
:info:configure config.status: creating mosh/src/Makefile
:info:configure config.status: executing config.unix.h.fix commands
:info:configure -e 
:info:configure Configured OpenModelica successfully using the following options:
:info:configure Simulations may use sundials suite: Yes
:info:configure Simulations may use IPOPT: No
:info:configure ParModelica: Yes
:info:configure Build OMNotebook: No
:debug:configure Privilege de-escalation not attempted as not running as root.
:debug:build build phase started at Wed Nov 13 10:48:08 EST 2013
:notice:build --->  Building openmodelica-devel
:debug:build Executing org.macports.build (openmodelica-devel)
:debug:build Environment: CPATH='/opt/local/include' CC_PRINT_OPTIONS_FILE='/opt/local/var/macports/build/_opt_local_var_macports_sources_build.openmodelica.org_macports_lang_openmodelica-devel/openmodelica-devel/work/.CC_PRINT_OPTIONS' LIBRARY_PATH='/opt/local/lib' CC_PRINT_OPTIONS='YES' MACOSX_DEPLOYMENT_TARGET='10.8'
:debug:build Assembled command: 'cd "/opt/local/var/macports/build/_opt_local_var_macports_sources_build.openmodelica.org_macports_lang_openmodelica-devel/openmodelica-devel/work/openmodelica_18121" && /usr/bin/make -j4 -w all omlibrary'
:debug:build Executing command line:  cd "/opt/local/var/macports/build/_opt_local_var_macports_sources_build.openmodelica.org_macports_lang_openmodelica-devel/openmodelica-devel/work/openmodelica_18121" && /usr/bin/make -j4 -w all omlibrary 
:info:build make: Entering directory `/opt/local/var/macports/build/_opt_local_var_macports_sources_build.openmodelica.org_macports_lang_openmodelica-devel/openmodelica-devel/work/openmodelica_18121'
:info:build if [ ".app" = ".app" ]; then mkdir -p ./build/Applications/; fi
:info:build if test -f /opt/local/var/macports/build/_opt_local_var_macports_sources_build.openmodelica.org_macports_lang_openmodelica-devel/openmodelica-devel/work/openmodelica_18121/build/bin/omc; then /usr/bin/make bootstrap-from-compiled; else /usr/bin/make bootstrap-from-tarball; fi
:info:build /usr/bin/make -C mosh/src -f Makefile
:info:build rm -rf build/lib/omlibrary
:info:build install -m755 -d "build/lib/omlibrary/Modelica 3.2.1" "build/lib/omlibrary/ModelicaServices 3.2.1" "build/lib/omlibrary/ModelicaReference 3.2.1" "build/lib/omlibrary/ModelicaTest 1.1"
:info:build make[1]: Entering directory `/opt/local/var/macports/build/_opt_local_var_macports_sources_build.openmodelica.org_macports_lang_openmodelica-devel/openmodelica-devel/work/openmodelica_18121/mosh/src'
:info:build /opt/local/bin/omniidl -bcxx -Wbh=.h -Wbs=.cc ../../Compiler/runtime//omc_communication.idl
:info:build mkdir -p ./build/bin
:info:build make[1]: Entering directory `/opt/local/var/macports/build/_opt_local_var_macports_sources_build.openmodelica.org_macports_lang_openmodelica-devel/openmodelica-devel/work/openmodelica_18121'
:info:build /usr/bin/make bootstrap-dependencies
:info:build mkdir -p ./build/lib/omc/emcc
:info:build mkdir -p ./build/lib/python
:info:build mkdir -p ./build/lib/python/omniORB
:info:build make[2]: Entering directory `/opt/local/var/macports/build/_opt_local_var_macports_sources_build.openmodelica.org_macports_lang_openmodelica-devel/openmodelica-devel/work/openmodelica_18121'
:info:build if [ ".app" = ".app" ]; then mkdir -p ./build/Applications/; fi
:info:build mkdir -p ./build/include/omc
:info:build mkdir -p ./build/share/omc/java/
:info:build mkdir -p ./build/share//omc/scripts/PythonInterface/OMPython/OMParser
:info:build mkdir -p ./build/share//omc/scripts/PythonInterface/PySimulator
:info:build mkdir -p ./build/bin
:info:build mkdir -p ./build/share//omc/scripts/OpenTurns/
:info:build mkdir -p ./build/lib/omc/emcc
:info:build mkdir -p ./build/share/doc/omc/testmodels
:info:build mkdir -p ./build/lib/python
:info:build mkdir -p ./build/share/man//man1/
:info:build mkdir -p ./build/lib/python/omniORB
:info:build (cd 3rdParty/gc-7.2 && ./configure "--host=x86_64-apple-darwin12.4.0" --enable-threads=posix --disable-gcj-support --disable-java-finalization --enable-large-config CC="/usr/bin/clang" CXX="/usr/bin/clang++" CFLAGS="-pipe -Os -arch x86_64" CPPFLAGS="-I/opt/local/include -DTHREAD_LOCAL_ALLOC")
:info:build mkdir -p ./build/include/omc
:info:build mkdir -p ./build/share/omc/java/
:info:build mkdir -p ./build/share//omc/scripts/PythonInterface/OMPython/OMParser
:info:build mkdir -p ./build/share//omc/scripts/PythonInterface/PySimulator
:info:build mkdir -p ./build/share//omc/scripts/OpenTurns/
:info:build mkdir -p ./build/share/doc/omc/testmodels
:info:build mkdir -p ./build/share/man//man1/
:info:build Skipping Modelica3D
:info:build test -d 3rdParty/FMIL
:info:build mkdir -p 3rdParty/FMIL/build
:info:build (cd 3rdParty/FMIL/build && test -f Makefile || CC="/usr/bin/clang" CXX="/usr/bin/clang++" CFLAGS="-pipe -Os -arch x86_64 -g" CPPFLAGS="-I/opt/local/include" CC=/usr/bin/clang CXX=/usr/bin/clang++ cmake -D CMAKE_AR:String="ar" -D FMILIB_BUILD_SHARED_LIB:Bool=OFF -D FMILIB_BUILD_TESTS:Bool=OFF -D FMILIB_GENERATE_DOXYGEN_DOC:Bool=OFF -DCMAKE_COLOR_MAKEFILE:Bool=OFF -DFMILIB_INSTALL_PREFIX:String=../install .. -G "Unix Makefiles")
:info:build /usr/bin/make -f Makefile omlibrary-internal omlibrary-32 omlibrary-31 omlibrary-services3d omlibrary-reference omlibrary-test omlibrary-222 omlibrary-services-31
:info:build make[1]: Entering directory `/opt/local/var/macports/build/_opt_local_var_macports_sources_build.openmodelica.org_macports_lang_openmodelica-devel/openmodelica-devel/work/openmodelica_18121'
:info:build (cd 3rdParty/ && find BioChem?1.0.1 -type d -not -path "*svn*" -exec install -m755 -d ../build/lib/omlibrary/{} \;)
:info:build (cd 3rdParty/ && find BioChem?1.0.1 -type f -not -path "*svn*" -exec install -p -m644 {} ../build/lib/omlibrary/{} \;)
:info:build configure: WARNING: if you wanted to set the --build type, don't use --host.
:info:build     If a cross compiler is detected then cross compile mode will be used
:info:build (cd libraries/ && find ModelicaServices?1.0?modelica3d SimpleFluid ThermoSysPro?3.0 -type d -not -path "*svn*" -exec install -m755 -d ../build/lib/omlibrary/{} \;)
:info:build checking build system type... x86_64-apple-darwin12.4.0
:info:build checking host system type... (cd libraries/ && find ModelicaServices?1.0?modelica3d SimpleFluid ThermoSysPro?3.0 -type f -not -path "*svn*" -exec install -p -m644 {} ../build/lib/omlibrary/{} \;)
:info:build x86_64-apple-darwin12.4.0
:info:build checking target system type... x86_64-apple-darwin12.4.0
:info:build checking GC version numbers... major=7 minor=2 
:info:build checking for a BSD-compatible install... /opt/local/bin/ginstall -c
:info:build checking whether build environment is sane... yes
:info:build checking for x86_64-apple-darwin12.4.0-strip... no
:info:build checking for strip... strip
:info:build checking for a thread-safe mkdir -p... /opt/local/bin/gmkdir -p
:info:build checking for gawk... gawk
:info:build checking whether make sets $(MAKE)... yes
:info:build checking whether to enable maintainer-specific portions of Makefiles... no
:info:build checking for style of include used by make... -- The C compiler identification is Clang 5.0.0
:info:build GNU
:info:build checking for x86_64-apple-darwin12.4.0-gcc... /usr/bin/clang
:info:build checking whether the C compiler works... -- The CXX compiler identification is Clang 5.0.0
:info:build yes
:info:build checking for C compiler default output file name... a.out
:info:build checking for suffix of executables... 
:info:build checking whether we are cross compiling... (cd "libraries/Modelica 3.2.1/Modelica" && find . -type d -not -path "*svn*" -exec install -m755 -d "../../../build/lib/omlibrary/Modelica 3.2.1/{}" \;)
:info:build no
:info:build checking for suffix of object files... o
:info:build checking whether we are using the GNU C compiler... yes
:info:build checking whether /usr/bin/clang accepts -g... yes
:info:build checking for /usr/bin/clang option to accept ISO C89... -- Check for working C compiler: /usr/bin/clang
:info:build none needed
:info:build checking dependency style of /usr/bin/clang... gcc3
:info:build checking whether /usr/bin/clang and cc understand -c and -o together... (cd "libraries/Modelica 3.2.1/Modelica" && find . -type f -not -path "*svn*" -exec install -p -m644 {} "../../../build/lib/omlibrary/Modelica 3.2.1/{}" \;)
:info:build yes
:info:build /usr/bin/clang++ -pipe -Os -arch x86_64 -Wall -DUSE_CORBA -DUSE_OMNIORB -I/opt/local/include  -c -o options.o options.cpp
:info:build checking whether we are using the GNU C++ compiler... yes
:info:build checking whether /usr/bin/clang++ accepts -g... yes
:info:build checking dependency style of /usr/bin/clang++... -- Check for working C compiler: /usr/bin/clang -- works
:info:build -- Detecting C compiler ABI info
:info:build gcc3
:info:build checking dependency style of /usr/bin/clang... gcc3
:info:build checking for inline... inline
:info:build checking for pthread_self in -lpthread... yes
:info:build configure: WARNING: "Explicit GC_INIT() calls may be required."
:info:build checking for xlc... -- Detecting C compiler ABI info - done
:info:build no
:info:build checking whether gcc supports -fno-strict-aliasing... yes
:info:build checking whether to build shared libraries... yes
:info:build checking which machine-dependent code should be used... 
:info:build /usr/bin/clang++ -pipe -Os -arch x86_64 -Wall -DUSE_CORBA -DUSE_OMNIORB -I/opt/local/include  -c -o omc_communication.o omc_communication.cc
:info:build checking how to print strings... printf
:info:build checking for a sed that does not truncate output... -- Check for working CXX compiler: /usr/bin/clang++
:info:build /opt/local/bin/gsed
:info:build checking for grep that handles long lines and -e... -- Check for working CXX compiler: /usr/bin/clang++ -- works
:info:build -- Detecting CXX compiler ABI info
:info:build -- Detecting CXX compiler ABI info - done
:info:build /usr/bin/grep
:info:build checking for egrep... /usr/bin/grep -E
:info:build checking for fgrep... /usr/bin/grep -F
:info:build checking for ld used by /usr/bin/clang... -- Looking for include file stdarg.h
:info:build /usr/bin/ld
:info:build checking if the linker (/usr/bin/ld) is GNU ld... no
:info:build checking for BSD- or MS-compatible name lister (nm)... -- Looking for include file stdarg.h - found
:info:build -- Looking for include file stdlib.h
:info:build /opt/local/bin/nm
:info:build checking the name lister (/opt/local/bin/nm) interface... BSD nm
:info:build checking whether ln -s works... yes
:info:build checking the maximum length of command line arguments... 196608
:info:build checking whether the shell understands some XSI constructs... yes
:info:build checking whether the shell understands "+="... yes
:info:build checking how to convert x86_64-apple-darwin12.4.0 file names to x86_64-apple-darwin12.4.0 format... func_convert_file_noop
:info:build checking how to convert x86_64-apple-darwin12.4.0 file names to toolchain format... func_convert_file_noop
:info:build checking for /usr/bin/ld option to reload object files... -r
:info:build checking for x86_64-apple-darwin12.4.0-objdump... no
:info:build checking for objdump... no
:info:build checking how to recognize dependent libraries... pass_all
:info:build checking for x86_64-apple-darwin12.4.0-dlltool... no
:info:build checking for dlltool... no
:info:build checking how to associate runtime and link libraries... printf %s\n
:info:build checking for x86_64-apple-darwin12.4.0-ar... no
:info:build checking for ar... ar
:info:build checking for archiver @FILE support... no
:info:build checking for x86_64-apple-darwin12.4.0-strip... strip
:info:build checking for x86_64-apple-darwin12.4.0-ranlib... no
:info:build checking for ranlib... ranlib
:info:build checking command to parse /opt/local/bin/nm output from /usr/bin/clang object... -- Looking for include file stdlib.h - found
:info:build -- Looking for include file stddef.h
:info:build omc_communication.cc:13:20: warning: unused variable '_0RL_library_version' [-Wunused-variable]
:info:build static const char* _0RL_library_version = omniORB_4_1;
:info:build                    ^
:info:build 1 warning generated.
:info:build /usr/bin/clang++ -pipe -Os -arch x86_64 -Wall -DUSE_CORBA -DUSE_OMNIORB -I/opt/local/include  -c -o mosh.o mosh.cpp
:info:build -- Looking for include file stddef.h - found
:info:build -- Looking for include file stdint.h
:info:build ok
:info:build checking for sysroot... no
:info:build checking for x86_64-apple-darwin12.4.0-mt... no
:info:build checking for mt... no
:info:build checking if : is a manifest tool... no
:info:build checking for x86_64-apple-darwin12.4.0-dsymutil... no
:info:build checking for dsymutil... dsymutil
:info:build checking for x86_64-apple-darwin12.4.0-nmedit... no
:info:build checking for nmedit... nmedit
:info:build checking for x86_64-apple-darwin12.4.0-lipo... no
:info:build checking for lipo... lipo
:info:build checking for x86_64-apple-darwin12.4.0-otool... no
:info:build checking for otool... otool
:info:build checking for x86_64-apple-darwin12.4.0-otool64... no
:info:build checking for otool64... no
:info:build checking for -single_module linker flag... -- Looking for include file stdint.h - found
:info:build -- Looking for include file inttypes.h
:info:build yes
:info:build checking for -exported_symbols_list linker flag... yes
:info:build checking for -force_load linker flag... -- Looking for include file inttypes.h - found
:info:build -- Looking for include file locale.h
:info:build yes
:info:build checking how to run the C preprocessor... /usr/bin/clang -E
:info:build -- Looking for include file locale.h - found
:info:build -- Looking for vsnprintf
:info:build checking for ANSI C header files... -- Looking for vsnprintf - found
:info:build -- Looking for snprintf
:info:build yes
:info:build checking for sys/types.h... install -p -m644 "libraries/Modelica 3.2.1/Complex.mo" "build/lib/omlibrary/Complex 3.2.1.mo"
:info:build install -p -m644 "libraries/Modelica 3.2.1/ObsoleteModelica3.mo" "build/lib/omlibrary/ObsoleteModelica3 3.2.1.mo"
:info:build patch -d build/lib/omlibrary -p3 < "libraries/Modelica 3.2.1.patch"
:info:build yes
:info:build patching file 'Modelica 3.2.1/Blocks/Sources.mo'
:info:build patching file 'Modelica 3.2.1/Blocks/Tables.mo'
:info:build Hunk #4 succeeded at 361 (offset 1 line).
:info:build Hunk #5 succeeded at 375 (offset 1 line).
:info:build Hunk #6 succeeded at 388 (offset 1 line).
:info:build Hunk #7 succeeded at 659 (offset 2 lines).
:info:build Hunk #8 succeeded at 673 (offset 2 lines).
:info:build Hunk #9 succeeded at 686 (offset 2 lines).
:info:build patching file 'Modelica 3.2.1/Math/package.mo'
:info:build Hunk #1 succeeded at 12721 (offset 179 lines).
:info:build Hunk #2 succeeded at 12841 (offset 179 lines).
:info:build patching file 'Modelica 3.2.1/Math/package.order'
:info:build patching file 'Modelica 3.2.1/Mechanics/MultiBody/package.mo'
:info:build checking for sys/stat.h... patching file 'Modelica 3.2.1/Media/Water/IF97_Utilities.mo'
:info:build find "build/lib/omlibrary/Modelica 3.2.1" -name "*.orig" -exec rm -f "{}" ";"
:info:build rm -rf "build/lib/omlibrary/Modelica 3.2.1/Resources/BuildProjects" "build/lib/omlibrary/Modelica 3.2.1/Resources/Library"
:info:build (cd "libraries/Modelica 3.1/Modelica" && find . -type d -not -path "*svn*" -exec install -m755 -d "../../../build/lib/omlibrary/Modelica 3.1/{}" \;)
:info:build yes
:info:build checking for stdlib.h... -- Looking for snprintf - found
:info:build -- Looking for vasprintf
:info:build yes
:info:build checking for string.h... /usr/bin/clang++ -o OMShell-terminal mosh.o options.o omc_communication.o  -L/opt/local/lib -Wl,-headerpad_max_install_names -arch x86_64 -lreadline  -lncurses -lomniORB4 -lomnithread -lpthread -lm -lpthread
:info:build yes
:info:build checking for memory.h... cp OMShell-terminal ../../build/bin/
:info:build make[1]: Leaving directory `/opt/local/var/macports/build/_opt_local_var_macports_sources_build.openmodelica.org_macports_lang_openmodelica-devel/openmodelica-devel/work/openmodelica_18121/mosh/src'
:info:build rm -rf libraries/Resources
:info:build (cd libraries && cp -rp "Modelica 3.2.1/Modelica/Resources" ".")
:info:build yes
:info:build -- Looking for vasprintf - found
:info:build -- Looking for asprintf
:info:build checking for strings.h... yes
:info:build checking for inttypes.h... (cd "libraries/Modelica 3.1/Modelica" && find . -type f -not -path "*svn*" -exec install -m644 {} "../../../build/lib/omlibrary/Modelica 3.1/{}" \;)
:info:build yes
:info:build checking for stdint.h... -- Looking for asprintf - found
:info:build -- Looking for localeconv
:info:build yes
:info:build checking for unistd.h... yes
:info:build checking for dlfcn.h... -- Looking for localeconv - found
:info:build yes
:info:build checking for objdir... .libs
:info:build -- Looking for sys/types.h
:info:build checking if /usr/bin/clang supports -fno-rtti -fno-exceptions... yes
:info:build checking for /usr/bin/clang option to produce PIC... -fno-common -DPIC
:info:build checking if /usr/bin/clang PIC flag -fno-common -DPIC works... -- Looking for sys/types.h - found
:info:build -- Check size of long double
:info:build yes
:info:build checking if /usr/bin/clang static flag -static works... touch libraries/link-external-libs
:info:build # Configure and build lis
:info:build if ! test -f 3rdParty/lis-1.4.12/Makefile; then cd 3rdParty/lis-1.4.12 && ./configure "--host=x86_64-apple-darwin12.4.0" --enable-shared --disable-static MPICC="false" CC="/usr/bin/clang" CXX="/usr/bin/clang++" CFLAGS="-pipe -Os -arch x86_64" CPPFLAGS="-I/opt/local/include" LDFLAGS=" -Wl,-install_name,@rpath/liblis.dylib" && /usr/bin/make clean; fi
:info:build no
:info:build checking if /usr/bin/clang supports -c -o file.o... yes
:info:build checking if /usr/bin/clang supports -c -o file.o... (cached) yes
:info:build checking whether the /usr/bin/clang linker (/usr/bin/ld) supports shared libraries... yes
:info:build checking dynamic linker characteristics... darwin12.4.0 dyld
:info:build checking how to hardcode library paths into programs... immediate
:info:build checking whether stripping libraries is possible... -- Check size of long double - done
:info:build -- Check size of long long int
:info:build yes
:info:build checking if libtool supports shared libraries... yes
:info:build checking whether to build shared libraries... yes
:info:build checking whether to build static libraries... yes
:info:build checking how to run the C++ preprocessor... /usr/bin/clang++ -E
:info:build -- Check size of long long int - done
:info:build -- Check size of unsigned long long int
:info:build checking build system type... x86_64-apple-darwin12.4.0
:info:build checking host system type... x86_64-apple-darwin12.4.0
:info:build checking target system type... x86_64-apple-darwin12.4.0
:info:build checking for a BSD-compatible install... /opt/local/bin/ginstall -c
:info:build checking whether build environment is sane... -- Check size of unsigned long long int - done
:info:build -- Check size of struct lconv
:info:build checking for ld used by /usr/bin/clang++... /usr/bin/ld
:info:build checking if the linker (/usr/bin/ld) is GNU ld... no
:info:build checking whether the /usr/bin/clang++ linker (/usr/bin/ld) supports shared libraries... yes
:info:build checking for /usr/bin/clang++ option to produce PIC... -fno-common -DPIC
:info:build checking if /usr/bin/clang++ PIC flag -fno-common -DPIC works... yes
:info:build checking if /usr/bin/clang++ static flag -static works... no
:info:build checking if /usr/bin/clang++ supports -c -o file.o... -- Check size of struct lconv - done
:info:build yes
:info:build checking if /usr/bin/clang++ supports -c -o file.o... (cached) yes
:info:build checking whether the /usr/bin/clang++ linker (/usr/bin/ld) supports shared libraries... yes
:info:build checking dynamic linker characteristics... darwin12.4.0 dyld
:info:build checking how to hardcode library paths into programs... immediate
:info:build checking whether Solaris gcc optimization fix is necessary... no
:info:build checking sys/dg_sys_info.h usability... -- Performing Test HAVE_LCONV_DECIMAL_POINT
:info:build no
:info:build checking sys/dg_sys_info.h presence... no
:info:build checking for sys/dg_sys_info.h... no
:info:build checking for x86_64-apple-darwin12.4.0-pkg-config... no
:info:build checking for pkg-config... /opt/local/bin/pkg-config
:info:build checking pkg-config is at least version 0.9.0... -- Performing Test HAVE_LCONV_DECIMAL_POINT - Success
:info:build -- Performing Test HAVE_LCONV_THOUSANDS_SEP
:info:build yes
:info:build checking for ATOMIC_OPS... patch -d build/lib/omlibrary -p3 < "libraries/Modelica 3.1.patch"
:info:build patching file 'Modelica 3.1/Constants.mo'
:info:build patching file 'Modelica 3.1/Electrical/Digital.mo'
:info:build patching file 'Modelica 3.1/Fluid/Pipes.mo'
:info:build patching file 'Modelica 3.1/Media/IdealGases/Common/FluidData.mo'
:info:build patching file 'Modelica 3.1/Media/IdealGases/Common/package.mo'
:info:build patching file 'Modelica 3.1/Media/package.mo'
:info:build patching file 'Modelica 3.1/Media/Water/IF97_Utilities.mo'
:info:build patching file 'Modelica 3.1/Media/Water/package.mo'
:info:build patching file 'Modelica 3.1/Media/Water/package.order'
:info:build find "build/lib/omlibrary/Modelica 3.1" -name "*.orig" -exec rm -f "{}" ";"
:info:build (cd "libraries/Modelica 3.2.1/ModelicaServices" && find . -type d -not -path "*svn*" -exec install -m755 -d "../../../build/lib/omlibrary/ModelicaServices 3.2.1/{}" \;)
:info:build (cd "libraries/Modelica 3.2.1/ModelicaServices" && find . -type f -not -path "*svn*" -exec install -p -m644 {} "../../../build/lib/omlibrary/ModelicaServices 3.2.1/{}" \;)
:info:build patch -d build/lib/omlibrary -p3 < "libraries/ModelicaServices 3.2.1.patch"
:info:build patching file 'ModelicaServices 3.2.1/package.mo'
:info:build Hunk #2 succeeded at 693 (offset 1 line).
:info:build Hunk #3 succeeded at 713 (offset 1 line).
:info:build find "build/lib/omlibrary/ModelicaServices 3.2.1" -name "*.orig" -exec rm -f "{}" ";"
:info:build (cd "libraries/Modelica 3.2.1/ModelicaReference" && find . -type d -not -path "*svn*" -exec install -m755 -d "../../../build/lib/omlibrary/ModelicaReference 3.2.1/{}" \;)
:info:build -- Performing Test HAVE_LCONV_THOUSANDS_SEP - Success
:info:build (cd "libraries/Modelica 3.2.1/ModelicaReference" && find . -type f -not -path "*svn*" -exec install -p -m644 {} "../../../build/lib/omlibrary/ModelicaReference 3.2.1/{}" \;)
:info:build -- Check size of intmax_t
:info:build yes
:info:build checking for x86_64-apple-darwin12.4.0-strip... no
:info:build checking for strip... strip
:info:build checking for a thread-safe mkdir -p... /opt/local/bin/gmkdir -p
:info:build checking for gawk... gawk
:info:build checking whether make sets $(MAKE)... (cd "libraries/Modelica 3.2.1/ModelicaTest" && find . -type d -not -path "*svn*" -exec install -m755 -d "../../../build/lib/omlibrary/ModelicaTest 3.2.1/{}" \;)
:info:build (cd "libraries/Modelica 3.2.1/ModelicaTest" && find . -type f -not -path "*svn*" -exec install -p -m644 {} "../../../build/lib/omlibrary/ModelicaTest 3.2.1/{}" \;)
:info:build yes
:info:build checking whether to enable maintainer-specific portions of Makefiles... no
:info:build checking for a library suffix to use... checking for x86_64-apple-darwin12.4.0-icc... /usr/bin/clang
:info:build -- Check size of intmax_t - done
:info:build -- Check size of uintmax_t
:info:build checking whether the C compiler works... yes
:info:build checking for C compiler default output file name... a.out
:info:build no
:info:build checking which libatomic_ops to use... internal
:info:build checking for suffix of executables... 
:info:build checking whether we are cross compiling... configure: creating ./config.status
:info:build no
:info:build checking for suffix of object files... -- Check size of uintmax_t - done
:info:build -- Check size of uintptr_t
:info:build o
:info:build checking whether we are using the GNU C compiler... (cd "libraries/Modelica 2.2.2" && find . -type d -not -path "*svn*" -exec install -m755 -d "../../build/lib/omlibrary/Modelica 2.2.2/{}" \;)
:info:build yes
:info:build checking whether /usr/bin/clang accepts -g... yes
:info:build checking for /usr/bin/clang option to accept ISO C89... none needed
:info:build checking for style of include used by make... GNU
:info:build checking dependency style of /usr/bin/clang... none
:info:build -- Check size of uintptr_t - done
:info:build -- Check size of ptrdiff_t
:info:build (cd "libraries/Modelica 2.2.2" && find . -type f -not -path "*svn*" -exec install -m644 {} "../../build/lib/omlibrary/Modelica 2.2.2/{}" \;)
:info:build checking for C compiler vendor... gnu
:info:build checking how to get verbose linking output from C... -- Check size of ptrdiff_t - done
:info:build -- Looking for va_copy
:info:build -- Looking for va_copy - found
:info:build -- Looking for __va_copy
:info:build configure: WARNING: cannot determine how to obtain linking information from C
:info:build 
:info:build checking for C libraries... 
:info:build -- Looking for __va_copy - found
:info:build CMake Warning (dev) at CMakeLists.txt:183 (include):
:info:build   Syntax Warning in cmake code at
:info:build 
:info:build     /opt/local/var/macports/build/_opt_local_var_macports_sources_build.openmodelica.org_macports_lang_openmodelica-devel/openmodelica-devel/work/openmodelica_18121/3rdParty/FMIL/Config.cmake/fmixml.cmake:115:67
:info:build 
:info:build   Argument not separated from preceding token by whitespace.
:info:build This warning is for project developers.  Use -Wno-dev to suppress it.
:info:build 
:info:build checking for Fortran compiler vendor... 
:info:build checking for x87 FPU... yes
:info:build checking how to run the C preprocessor... /usr/bin/clang -E
:info:build -- Check size of off64_t
:info:build checking for grep that handles long lines and -e... -- Check size of off64_t - failed
:info:build -- Looking for fseeko
:info:build /usr/bin/grep
:info:build checking for egrep... /usr/bin/grep -E
:info:build checking for ANSI C header files... -- Looking for fseeko - found
:info:build -- Looking for unistd.h
:info:build yes
:info:build checking for sys/types.h... -- Looking for unistd.h - found
:info:build yes
:info:build CMake Warning (dev) at Config.cmake/fmiimport.cmake:17 (include):
:info:build   Syntax Warning in cmake code at
:info:build 
:info:build     /opt/local/var/macports/build/_opt_local_var_macports_sources_build.openmodelica.org_macports_lang_openmodelica-devel/openmodelica-devel/work/openmodelica_18121/3rdParty/FMIL/Config.cmake/fmixml.cmake:115:67
:info:build 
:info:build   Argument not separated from preceding token by whitespace.
:info:build Call Stack (most recent call first):
:info:build   CMakeLists.txt:186 (include)
:info:build This warning is for project developers.  Use -Wno-dev to suppress it.
:info:build 
:info:build checking for sys/stat.h... -- will be merging /opt/local/var/macports/build/_opt_local_var_macports_sources_build.openmodelica.org_macports_lang_openmodelica-devel/openmodelica-devel/work/openmodelica_18121/3rdParty/FMIL/build/libfmiimport.a;/opt/local/var/macports/build/_opt_local_var_macports_sources_build.openmodelica.org_macports_lang_openmodelica-devel/openmodelica-devel/work/openmodelica_18121/3rdParty/FMIL/build/libjmutils.a;/opt/local/var/macports/build/_opt_local_var_macports_sources_build.openmodelica.org_macports_lang_openmodelica-devel/openmodelica-devel/work/openmodelica_18121/3rdParty/FMIL/build/libfmixml.a;/opt/local/var/macports/build/_opt_local_var_macports_sources_build.openmodelica.org_macports_lang_openmodelica-devel/openmodelica-devel/work/openmodelica_18121/3rdParty/FMIL/build/libfmizip.a;/opt/local/var/macports/build/_opt_local_var_macports_sources_build.openmodelica.org_macports_lang_openmodelica-devel/openmodelica-devel/work/openmodelica_18121/3rdParty/FMIL/build/libfmicapi.a;/opt/local/var/macports/build/_opt_local_var_macports_sources_build.openmodelica.org_macports_lang_openmodelica-devel/openmodelica-devel/work/openmodelica_18121/3rdParty/FMIL/build/ExpatEx/./libexpat.a;/opt/local/var/macports/build/_opt_local_var_macports_sources_build.openmodelica.org_macports_lang_openmodelica-devel/openmodelica-devel/work/openmodelica_18121/3rdParty/FMIL/build/Config.cmake/Minizip/libminizip.a;/opt/local/var/macports/build/_opt_local_var_macports_sources_build.openmodelica.org_macports_lang_openmodelica-devel/openmodelica-devel/work/openmodelica_18121/3rdParty/FMIL/build/zlib/libz.a;/opt/local/var/macports/build/_opt_local_var_macports_sources_build.openmodelica.org_macports_lang_openmodelica-devel/openmodelica-devel/work/openmodelica_18121/3rdParty/FMIL/build/ThirdParty/c99_snprintf/libc99snprintf.a
:info:build -- Configuring done
:info:build yes
:info:build checking for stdlib.h... patch -d build/lib/omlibrary -p3 < "libraries/Modelica 2.2.2.patch"
:info:build missing header for unified diff at line 4 of patch
:info:build patching file 'Modelica 2.2.2/Constants.mo'
:info:build find "build/lib/omlibrary/Modelica 2.2.2" -name "*.orig" -exec rm -f "{}" ";"
:info:build (cd "libraries/Modelica 3.1/ModelicaServices" && find . -type d -not -path "*svn*" -exec install -m755 -d "../../../build/lib/omlibrary/ModelicaServices 1.0/{}" \;)
:info:build (cd "libraries/Modelica 3.1/ModelicaServices" && find . -type f -not -path "*svn*" -exec install -m644 {} "../../../build/lib/omlibrary/ModelicaServices 1.0/{}" \;)
:info:build patch -d build/lib/omlibrary -p3 < "libraries/ModelicaServices 1.0.patch"
:info:build missing header for unified diff at line 2 of patch
:info:build patching file 'ModelicaServices 1.0/package.mo'
:info:build find "build/lib/omlibrary/ModelicaServices 1.0" -name "*.orig" -exec rm -f "{}" ";"
:info:build install -m755 -d "build/lib/omlibrary/ModelicaServices 3.2.1 modelica3d/"
:info:build install -m755 -d "build/lib/omlibrary/ModelicaServices 3.2.1 modelica3d/modbus"
:info:build yes
:info:build install -m755 -d "build/lib/omlibrary/ModelicaServices 3.2.1 modelica3d/modcount"
:info:build install -m755 -d "build/lib/omlibrary/ModelicaServices 3.2.1 modelica3d/Modelica3D"
:info:build checking for string.h... install -p -m644 "3rdParty/modelica3d/lib/modbus/src/modelica/modbus/package.mo" "build/lib/omlibrary/ModelicaServices 3.2.1 modelica3d/modbus/package.mo"
:info:build install -p -m644 "3rdParty/modelica3d/lib/mod3d/src/modelica/Modelica3D 3.2.1/package.mo" "build/lib/omlibrary/ModelicaServices 3.2.1 modelica3d/Modelica3D/package.mo"
:info:build install -p -m644 "3rdParty/modelica3d/lib/modcount/src/modelica/modcount/package.mo" "build/lib/omlibrary/ModelicaServices 3.2.1 modelica3d/modcount/package.mo"
:info:build install -p -m644 "build/lib/omlibrary/ModelicaServices 3.2.1/package.mo" "build/lib/omlibrary/ModelicaServices 3.2.1 modelica3d/package.mo"
:info:build patch "build/lib/omlibrary/ModelicaServices 3.2.1 modelica3d/package.mo" -p3 < "libraries/ModelicaServices 3.2.1 modelica3d.patch"
:info:build patching file 'build/lib/omlibrary/ModelicaServices 3.2.1 modelica3d/package.mo'
:info:build Hunk #3 succeeded at 752 (offset 1 line).
:info:build yes
:info:build find "build/lib/omlibrary/ModelicaServices 3.2.1 modelica3d" -name "*.orig" -exec rm -f "{}" ";"
:info:build make[1]: Leaving directory `/opt/local/var/macports/build/_opt_local_var_macports_sources_build.openmodelica.org_macports_lang_openmodelica-devel/openmodelica-devel/work/openmodelica_18121'
:info:build touch build/lib/omlibrary/stamp
:info:build /usr/bin/make -C Compiler/Translation release
:info:build checking for memory.h... make[3]: Entering directory `/opt/local/var/macports/build/_opt_local_var_macports_sources_build.openmodelica.org_macports_lang_openmodelica-devel/openmodelica-devel/work/openmodelica_18121/Compiler/Translation'
:info:build for locale in de sv es; do mkdir -p ../../build/share/locale//$locale/LC_MESSAGES && msgfmt -o../../build/share/locale//$locale/LC_MESSAGES/openmodelica.mo $locale.po; done
:info:build yes
:info:build checking for strings.h... yes
:info:build checking for inttypes.h... make[3]: Leaving directory `/opt/local/var/macports/build/_opt_local_var_macports_sources_build.openmodelica.org_macports_lang_openmodelica-devel/openmodelica-devel/work/openmodelica_18121/Compiler/Translation'
:info:build (cp -p doc/*.pdf doc/OpenModelicaAPI-Howto/*.pdf ./build/share/doc/omc)
:info:build (cp -p Examples/*.* ./build/share/doc/omc/testmodels/)
:info:build yes
:info:build rm -f ./build/share/doc/omc/testmodels/CMake*.txt
:info:build cp -p ./SimulationRuntime/interactive/README.txt ./build/share/doc/omc/OpenModelica-InteractiveSimulation-README.txt
:info:build # man pages
:info:build checking for stdint.h... (cd doc/manpages/ && for f in *.1; do cp -p $f ../.././build/share/man//man1/ && gzip -f ../.././build/share/man//man1/$f ; done)
:info:build -- Generating done
:info:build -- Build files have been written to: /opt/local/var/macports/build/_opt_local_var_macports_sources_build.openmodelica.org_macports_lang_openmodelica-devel/openmodelica-devel/work/openmodelica_18121/3rdParty/FMIL/build
:info:build yes
:info:build test -f 3rdParty/FMIL/build/libfmilib.a || /usr/bin/make -C 3rdParty/FMIL/build
:info:build checking for unistd.h... make[3]: Entering directory `/opt/local/var/macports/build/_opt_local_var_macports_sources_build.openmodelica.org_macports_lang_openmodelica-devel/openmodelica-devel/work/openmodelica_18121/3rdParty/FMIL/build'
:info:build make[4]: Entering directory `/opt/local/var/macports/build/_opt_local_var_macports_sources_build.openmodelica.org_macports_lang_openmodelica-devel/openmodelica-devel/work/openmodelica_18121/3rdParty/FMIL/build'
:info:build make[5]: Entering directory `/opt/local/var/macports/build/_opt_local_var_macports_sources_build.openmodelica.org_macports_lang_openmodelica-devel/openmodelica-devel/work/openmodelica_18121/3rdParty/FMIL/build'
:info:build Scanning dependencies of target expatex
:info:build make[5]: Leaving directory `/opt/local/var/macports/build/_opt_local_var_macports_sources_build.openmodelica.org_macports_lang_openmodelica-devel/openmodelica-devel/work/openmodelica_18121/3rdParty/FMIL/build'
:info:build make[5]: Entering directory `/opt/local/var/macports/build/_opt_local_var_macports_sources_build.openmodelica.org_macports_lang_openmodelica-devel/openmodelica-devel/work/openmodelica_18121/3rdParty/FMIL/build'
:info:build [  1%] make[5]: Entering directory `/opt/local/var/macports/build/_opt_local_var_macports_sources_build.openmodelica.org_macports_lang_openmodelica-devel/openmodelica-devel/work/openmodelica_18121/3rdParty/FMIL/build'
:info:build Creating directories for 'expatex'
:info:build yes
:info:build checking size of int... Scanning dependencies of target c99snprintf
:info:build make[5]: Leaving directory `/opt/local/var/macports/build/_opt_local_var_macports_sources_build.openmodelica.org_macports_lang_openmodelica-devel/openmodelica-devel/work/openmodelica_18121/3rdParty/FMIL/build'
:info:build make[5]: Entering directory `/opt/local/var/macports/build/_opt_local_var_macports_sources_build.openmodelica.org_macports_lang_openmodelica-devel/openmodelica-devel/work/openmodelica_18121/3rdParty/FMIL/build'
:info:build [  2%] Building C object ThirdParty/c99_snprintf/CMakeFiles/c99snprintf.dir/c99-snprintf_1.1/snprintf.c.o
:info:build [  3%] No download step for 'expatex'
:info:build 4
:info:build checking size of long... [  4%] No patch step for 'expatex'
:info:build [  6%] No update step for 'expatex'
:info:build 8
:info:build checking size of long long... [  7%] Performing configure step for 'expatex'
:info:build loading initial cache file /opt/local/var/macports/build/_opt_local_var_macports_sources_build.openmodelica.org_macports_lang_openmodelica-devel/openmodelica-devel/work/openmodelica_18121/3rdParty/FMIL/build/ExpatEx/tmp/expatex-cache.cmake
:info:build 8
:info:build checking size of float... -- The C compiler identification is Clang 5.0.0
:info:build 4
:info:build checking size of double... Linking C static library libc99snprintf.a
:info:build -- The CXX compiler identification is Clang 5.0.0
:info:build -- Check for working C compiler: /usr/bin/cc
:info:build 8
:info:build checking size of long double... make[5]: Leaving directory `/opt/local/var/macports/build/_opt_local_var_macports_sources_build.openmodelica.org_macports_lang_openmodelica-devel/openmodelica-devel/work/openmodelica_18121/3rdParty/FMIL/build'
:info:build [  7%] Built target c99snprintf
:info:build /usr/bin/make -C SimulationRuntime/ParModelica/OpenCLRuntime -f Makefile
:info:build make[3]: Entering directory `/opt/local/var/macports/build/_opt_local_var_macports_sources_build.openmodelica.org_macports_lang_openmodelica-devel/openmodelica-devel/work/openmodelica_18121/SimulationRuntime/ParModelica/OpenCLRuntime'
:info:build /usr/bin/clang++  -I/opt/local/include -I. -I"../../c" -fPIC  -c -o omc_ocl_memory_ops.o omc_ocl_memory_ops.cpp
:info:build -- Check for working C compiler: /usr/bin/cc -- works
:info:build -- Detecting C compiler ABI info
:info:build 16
:info:build checking size of size_t... /usr/bin/clang++  -I/opt/local/include -I. -I"../../c" -fPIC  -c -o omc_ocl_interface.o omc_ocl_interface.cpp
:info:build /usr/bin/clang++  -I/opt/local/include -I. -I"../../c" -fPIC  -c -o omc_ocl_builtin_kernels.o omc_ocl_builtin_kernels.cpp
:info:build 8
:info:build checking size of void *... config.status: creating Makefile
:info:build -- Detecting C compiler ABI info - done
:info:build config.status: creating bdw-gc.pc
:info:build -- Check for working CXX compiler: /usr/bin/c++
:info:build 8
:info:build checking for a sed that does not truncate output... /usr/bin/clang++  -I/opt/local/include -I. -I"../../c" -fPIC  -c -o omc_ocl_util.o omc_ocl_util.cpp
:info:build /opt/local/bin/gsed
:info:build checking for fgrep... /usr/bin/grep -F
:info:build checking for ld used by /usr/bin/clang... /usr/bin/ld
:info:build config.status: creating include/private/config.h
:info:build checking if the linker (/usr/bin/ld) is GNU ld... no
:info:build checking for BSD- or MS-compatible name lister (nm)... /opt/local/bin/nm
:info:build checking the name lister (/opt/local/bin/nm) interface... config.status: executing depfiles commands
:info:build BSD nm
:info:build checking whether ln -s works... yes
:info:build checking the maximum length of command line arguments... 196608
:info:build checking whether the shell understands some XSI constructs... yes
:info:build checking whether the shell understands "+="... yes
:info:build omc_ocl_util.cpp:154:66: warning: format specifies type 'unsigned long' but the argument has type 'unsigned long long' [-Wformat]
:info:build             printf("%d CL_DEVICE_LOCAL_MEM_SIZE :\t%lu KB\n", i, mem2/1024);
:info:build                                                    ~~~           ^~~~~~~~~
:info:build                                                    %llu
:info:build omc_ocl_util.cpp:156:65: warning: format specifies type 'unsigned long' but the argument has type 'unsigned long long' [-Wformat]
:info:build             printf("%d CL_DEVICE_GLOBAL_MEM_SIZE: %lu MB\n", i, mem2/1024/1024);
:info:build                                                   ~~~           ^~~~~~~~~~~~~~
:info:build                                                   %llu
:info:build omc_ocl_util.cpp:158:68: warning: format specifies type 'unsigned long' but the argument has type 'unsigned long long' [-Wformat]
:info:build             printf("%d CL_DEVICE_MAX_MEM_ALLOC_SIZE: %lu MB\n", i, mem2/1024/1024);
:info:build                                                      ~~~           ^~~~~~~~~~~~~~
:info:build                                                      %llu
:info:build checking for /usr/bin/ld option to reload object files... -r
:info:build checking for x86_64-apple-darwin12.4.0-objdump... no
:info:build checking for objdump... no
:info:build checking how to recognize dependent libraries... pass_all
:info:build checking for x86_64-apple-darwin12.4.0-ar... no
:info:build checking for ar... ar
:info:build checking for x86_64-apple-darwin12.4.0-strip... strip
:info:build checking for x86_64-apple-darwin12.4.0-ranlib... no
:info:build checking for ranlib... ranlib
:info:build checking command to parse /opt/local/bin/nm output from /usr/bin/clang object... 3 warnings generated.
:info:build ar -rcs libOMOCLRuntime.a omc_ocl_memory_ops.o omc_ocl_interface.o omc_ocl_builtin_kernels.o omc_ocl_util.o
:info:build -- Check for working CXX compiler: /usr/bin/c++ -- works
:info:build -- Detecting CXX compiler ABI info
:info:build cp -rp omc_ocl_interface.h ../../../build//include/omc/
:info:build cp -rp omc_ocl_common_header.h ../../../build//include/omc/
:info:build cp -rp omc_ocl_memory_ops.h ../../../build//include/omc/
:info:build cp -rp libOMOCLRuntime.a ../../../build//lib/omc/
:info:build cp -rp ParModelicaBuiltin.mo ../../../build//lib/omc/
:info:build cp -rp OCLRuntimeUtil_new.cl ../../../build//include/omc/
:info:build make[3]: Leaving directory `/opt/local/var/macports/build/_opt_local_var_macports_sources_build.openmodelica.org_macports_lang_openmodelica-devel/openmodelica-devel/work/openmodelica_18121/SimulationRuntime/ParModelica/OpenCLRuntime'
:info:build make[5]: Entering directory `/opt/local/var/macports/build/_opt_local_var_macports_sources_build.openmodelica.org_macports_lang_openmodelica-devel/openmodelica-devel/work/openmodelica_18121/3rdParty/FMIL/build'
:info:build Scanning dependencies of target zlib
:info:build make[5]: Leaving directory `/opt/local/var/macports/build/_opt_local_var_macports_sources_build.openmodelica.org_macports_lang_openmodelica-devel/openmodelica-devel/work/openmodelica_18121/3rdParty/FMIL/build'
:info:build make[5]: Entering directory `/opt/local/var/macports/build/_opt_local_var_macports_sources_build.openmodelica.org_macports_lang_openmodelica-devel/openmodelica-devel/work/openmodelica_18121/3rdParty/FMIL/build'
:info:build config.status: executing libtool commands
:info:build [  8%] Building C object zlib/CMakeFiles/zlib.dir/adler32.o
:info:build ok
:info:build checking for x86_64-apple-darwin12.4.0-dsymutil... no
:info:build checking for dsymutil... dsymutil
:info:build checking for x86_64-apple-darwin12.4.0-nmedit... no
:info:build checking for nmedit... nmedit
:info:build checking for x86_64-apple-darwin12.4.0-lipo... no
:info:build checking for lipo... lipo
:info:build checking for x86_64-apple-darwin12.4.0-otool... no
:info:build checking for otool... otool
:info:build checking for x86_64-apple-darwin12.4.0-otool64... no
:info:build checking for otool64... no
:info:build checking for -single_module linker flag... -- Detecting CXX compiler ABI info - done
:info:build -- Looking for dlfcn.h
:info:build yes
:info:build checking for -exported_symbols_list linker flag... [  9%] Building C object zlib/CMakeFiles/zlib.dir/compress.o
:info:build yes
:info:build checking for dlfcn.h... [ 10%] Building C object zlib/CMakeFiles/zlib.dir/crc32.o
:info:build yes
:info:build checking for x86_64-apple-darwin12.4.0-g77... no
:info:build checking for x86_64-apple-darwin12.4.0-xlf... no
:info:build checking for x86_64-apple-darwin12.4.0-f77... no
:info:build checking for x86_64-apple-darwin12.4.0-frt... no
:info:build checking for x86_64-apple-darwin12.4.0-pgf77... no
:info:build checking for x86_64-apple-darwin12.4.0-cf77... no
:info:build checking for x86_64-apple-darwin12.4.0-fort77... no
:info:build checking for x86_64-apple-darwin12.4.0-fl32... no
:info:build checking for x86_64-apple-darwin12.4.0-af77... no
:info:build checking for x86_64-apple-darwin12.4.0-xlf90... no
:info:build checking for x86_64-apple-darwin12.4.0-f90... no
:info:build checking for x86_64-apple-darwin12.4.0-pgf90... no
:info:build checking for x86_64-apple-darwin12.4.0-pghpf... no
:info:build checking for x86_64-apple-darwin12.4.0-epcf90... no
:info:build checking for x86_64-apple-darwin12.4.0-gfortran... no
:info:build checking for x86_64-apple-darwin12.4.0-g95... no
:info:build checking for x86_64-apple-darwin12.4.0-xlf95... no
:info:build checking for x86_64-apple-darwin12.4.0-f95... no
:info:build checking for x86_64-apple-darwin12.4.0-fort... no
:info:build checking for x86_64-apple-darwin12.4.0-ifort... no
:info:build checking for x86_64-apple-darwin12.4.0-ifc... no
:info:build checking for x86_64-apple-darwin12.4.0-efc... no
:info:build checking for x86_64-apple-darwin12.4.0-pgfortran... no
:info:build checking for x86_64-apple-darwin12.4.0-pgf95... no
:info:build checking for x86_64-apple-darwin12.4.0-lf95... no
:info:build checking for x86_64-apple-darwin12.4.0-ftn... no
:info:build checking for x86_64-apple-darwin12.4.0-nagfor... no
:info:build checking for g77... no
:info:build checking for xlf... no
:info:build checking for f77... no
:info:build checking for frt... no
:info:build checking for pgf77... no
:info:build checking for cf77... no
:info:build checking for fort77... no
:info:build checking for fl32... no
:info:build checking for af77... no
:info:build checking for xlf90... no
:info:build checking for f90... no
:info:build checking for pgf90... no
:info:build checking for pghpf... no
:info:build checking for epcf90... no
:info:build checking for gfortran... no
:info:build checking for g95... g95
:info:build -- Looking for dlfcn.h - found
:info:build -- Looking for fcntl.h
:info:build config.status: executing default commands
:info:build === configuring in libatomic_ops (/opt/local/var/macports/build/_opt_local_var_macports_sources_build.openmodelica.org_macports_lang_openmodelica-devel/openmodelica-devel/work/openmodelica_18121/3rdParty/gc-7.2/libatomic_ops)
:info:build [ 12%] Building C object zlib/CMakeFiles/zlib.dir/deflate.o
:info:build configure: running /bin/sh ./configure --disable-option-checking '--prefix=/usr/local'  '--host=x86_64-apple-darwin12.4.0' '--enable-threads=posix' '--disable-gcj-support' '--disable-java-finalization' '--enable-large-config' 'CC=/usr/bin/clang' 'CXX=/usr/bin/clang++' 'CFLAGS=-pipe -Os -arch x86_64' 'CPPFLAGS=-I/opt/local/include -DTHREAD_LOCAL_ALLOC' 'host_alias=x86_64-apple-darwin12.4.0' --cache-file=/dev/null --srcdir=.
:info:build checking whether we are using the GNU Fortran 77 compiler... -- Looking for fcntl.h - found
:info:build -- Looking for inttypes.h
:info:build configure: WARNING: if you wanted to set the --build type, don't use --host.
:info:build     If a cross compiler is detected then cross compile mode will be used
:info:build -- Looking for inttypes.h - found
:info:build -- Looking for memory.h
:info:build checking build system type... [ 13%] Building C object zlib/CMakeFiles/zlib.dir/gzclose.o
:info:build x86_64-apple-darwin12.4.0
:info:build checking host system type... [ 14%] Building C object zlib/CMakeFiles/zlib.dir/gzlib.o
:info:build x86_64-apple-darwin12.4.0
:info:build checking target system type... x86_64-apple-darwin12.4.0
:info:build checking for a BSD-compatible install... -- Looking for memory.h - found
:info:build -- Looking for stdint.h
:info:build /opt/local/bin/ginstall -c
:info:build checking whether build environment is sane... [ 15%] Building C object zlib/CMakeFiles/zlib.dir/gzread.o
:info:build yes
:info:build checking whether g95 accepts -g... yes
:info:build checking for x86_64-apple-darwin12.4.0-gfortran... no
:info:build checking for x86_64-apple-darwin12.4.0-g95... no
:info:build checking for x86_64-apple-darwin12.4.0-xlf95... no
:info:build checking for x86_64-apple-darwin12.4.0-f95... no
:info:build checking for x86_64-apple-darwin12.4.0-fort... no
:info:build checking for x86_64-apple-darwin12.4.0-ifort... no
:info:build checking for x86_64-apple-darwin12.4.0-ifc... no
:info:build checking for x86_64-apple-darwin12.4.0-efc... no
:info:build checking for x86_64-apple-darwin12.4.0-pgfortran... no
:info:build checking for x86_64-apple-darwin12.4.0-pgf95... no
:info:build checking for x86_64-apple-darwin12.4.0-lf95... no
:info:build checking for x86_64-apple-darwin12.4.0-ftn... no
:info:build checking for x86_64-apple-darwin12.4.0-nagfor... no
:info:build checking for x86_64-apple-darwin12.4.0-xlf90... no
:info:build checking for x86_64-apple-darwin12.4.0-f90... no
:info:build checking for x86_64-apple-darwin12.4.0-pgf90... no
:info:build checking for x86_64-apple-darwin12.4.0-pghpf... no
:info:build checking for x86_64-apple-darwin12.4.0-epcf90... no
:info:build checking for x86_64-apple-darwin12.4.0-g77... no
:info:build checking for x86_64-apple-darwin12.4.0-xlf... no
:info:build checking for x86_64-apple-darwin12.4.0-f77... no
:info:build checking for x86_64-apple-darwin12.4.0-frt... no
:info:build checking for x86_64-apple-darwin12.4.0-pgf77... -- Looking for stdint.h - found
:info:build no
:info:build checking for x86_64-apple-darwin12.4.0-cf77... no
:info:build checking for x86_64-apple-darwin12.4.0-fort77... -- Looking for stdlib.h
:info:build no
:info:build checking for x86_64-apple-darwin12.4.0-fl32... no
:info:build checking for x86_64-apple-darwin12.4.0-af77... no
:info:build checking for gfortran... no
:info:build checking for g95... g95
:info:build [ 16%] Building C object zlib/CMakeFiles/zlib.dir/gzwrite.o
:info:build checking whether we are using the GNU Fortran compiler... yes
:info:build checking whether g95 accepts -g... -- Looking for stdlib.h - found
:info:build -- Looking for strings.h
:info:build [ 18%] Building C object zlib/CMakeFiles/zlib.dir/inflate.o
:info:build yes
:info:build checking for objdir... .libs
:info:build checking if /usr/bin/clang supports -fno-rtti -fno-exceptions... -- Looking for strings.h - found
:info:build -- Looking for string.h
:info:build yes
:info:build checking for /usr/bin/clang option to produce PIC... -fno-common -DPIC
:info:build checking if /usr/bin/clang PIC flag -fno-common -DPIC works... yes
:info:build checking if /usr/bin/clang static flag -static works... no
:info:build checking if /usr/bin/clang supports -c -o file.o... -- Looking for string.h - found
:info:build -- Looking for sys/stat.h
:info:build yes
:info:build checking if /usr/bin/clang supports -c -o file.o... (cached) yes
:info:build checking whether the /usr/bin/clang linker (/usr/bin/ld) supports shared libraries... yes
:info:build checking dynamic linker characteristics... darwin12.4.0 dyld
:info:build checking how to hardcode library paths into programs... immediate
:info:build checking whether stripping libraries is possible... yes
:info:build checking if libtool supports shared libraries... yes
:info:build checking whether to build shared libraries... yes
:info:build checking whether to build static libraries... no
:info:build -- Looking for sys/stat.h - found
:info:build [ 19%] Building C object zlib/CMakeFiles/zlib.dir/infback.o
:info:build -- Looking for sys/types.h
:info:build -- Looking for sys/types.h - found
:info:build [ 20%] Building C object zlib/CMakeFiles/zlib.dir/inftrees.o
:info:build -- Looking for unistd.h
:info:build [ 21%] Building C object zlib/CMakeFiles/zlib.dir/inffast.o
:info:build yes
:info:build checking for x86_64-apple-darwin12.4.0-strip... no
:info:build checking for strip... strip
:info:build checking for a thread-safe mkdir -p... [ 22%] /opt/local/bin/gmkdir -p
:info:build checking for gawk... gawk
:info:build Building C object zlib/CMakeFiles/zlib.dir/trees.o
:info:build checking whether make sets $(MAKE)... yes
:info:build checking for x86_64-apple-darwin12.4.0-ranlib... no
:info:build checking for ranlib... ranlib
:info:build checking for style of include used by make... -- Looking for unistd.h - found
:info:build GNU
:info:build checking for x86_64-apple-darwin12.4.0-gcc... /usr/bin/clang
:info:build -- Looking for getpagesize
:info:build checking whether the C compiler works... yes
:info:build checking for C compiler default output file name... a.out
:info:build checking for suffix of executables... [ 24%] Building C object zlib/CMakeFiles/zlib.dir/uncompr.o
:info:build 
:info:build checking whether we are cross compiling... -- Looking for getpagesize - found
:info:build -- Looking for bcopy
:info:build [ 25%] Building C object zlib/CMakeFiles/zlib.dir/zutil.o
:info:build no
:info:build checking for suffix of object files... Linking C static library libz.a
:info:build o
:info:build checking whether we are using the GNU C compiler... yes
:info:build checking whether /usr/bin/clang accepts -g... -- Looking for bcopy - found
:info:build yes
:info:build checking for /usr/bin/clang option to accept ISO C89... -- Looking for memmove
:info:build none needed
:info:build checking dependency style of /usr/bin/clang... -- Looking for memmove - found
:info:build -- Looking for mmap
:info:build gcc3
:info:build checking whether /usr/bin/clang and cc understand -c and -o together... make[5]: Leaving directory `/opt/local/var/macports/build/_opt_local_var_macports_sources_build.openmodelica.org_macports_lang_openmodelica-devel/openmodelica-devel/work/openmodelica_18121/3rdParty/FMIL/build'
:info:build [ 25%] Built target zlib
:info:build /usr/bin/make -C testsuite/ -f Makefile omc-diff
:info:build -- Looking for mmap - found
:info:build make[3]: Entering directory `/opt/local/var/macports/build/_opt_local_var_macports_sources_build.openmodelica.org_macports_lang_openmodelica-devel/openmodelica-devel/work/openmodelica_18121/testsuite'
:info:build make[3]: Nothing to be done for `omc-diff'.
:info:build make[3]: Leaving directory `/opt/local/var/macports/build/_opt_local_var_macports_sources_build.openmodelica.org_macports_lang_openmodelica-devel/openmodelica-devel/work/openmodelica_18121/testsuite'
:info:build make[5]: Entering directory `/opt/local/var/macports/build/_opt_local_var_macports_sources_build.openmodelica.org_macports_lang_openmodelica-devel/openmodelica-devel/work/openmodelica_18121/3rdParty/FMIL/build'
:info:build -- Looking for 4 include files stdlib.h, ..., float.h
:info:build Scanning dependencies of target jmutils
:info:build make[5]: Leaving directory `/opt/local/var/macports/build/_opt_local_var_macports_sources_build.openmodelica.org_macports_lang_openmodelica-devel/openmodelica-devel/work/openmodelica_18121/3rdParty/FMIL/build'
:info:build make[5]: Entering directory `/opt/local/var/macports/build/_opt_local_var_macports_sources_build.openmodelica.org_macports_lang_openmodelica-devel/openmodelica-devel/work/openmodelica_18121/3rdParty/FMIL/build'
:info:build [ 26%] Building C object CMakeFiles/jmutils.dir/src/Util/src/JM/jm_callbacks.c.o
:info:build yes
:info:build checking dependency style of /usr/bin/clang... [ 27%] Building C object CMakeFiles/jmutils.dir/src/Util/src/JM/jm_templates_inst.c.o
:info:build gcc3
:info:build checking how to run the C preprocessor... -- Looking for 4 include files stdlib.h, ..., float.h - found
:info:build -- Check if the system is big endian
:info:build -- Searching 16 bit integer
:info:build -- Looking for stddef.h
:info:build checking if libtool supports shared libraries... yes
:info:build checking whether to build shared libraries... yes
:info:build checking whether to build static libraries... no
:info:build checking for g95 option to produce PIC... -fno-common
:info:build checking if g95 PIC flag -fno-common works... [ 28%] Building C object CMakeFiles/jmutils.dir/src/Util/src/JM/jm_named_ptr.c.o
:info:build /usr/bin/clang -E
:info:build [ 30%] Building C object CMakeFiles/jmutils.dir/src/Util/src/JM/jm_portability.c.o
:info:build yes
:info:build checking if g95 static flag -static works... -- Looking for stddef.h - found
:info:build -- Check size of unsigned short
:info:build no
:info:build checking if g95 supports -c -o file.o... [ 31%] checking for grep that handles long lines and -e... Building C object CMakeFiles/jmutils.dir/src/Util/src/FMI/fmi_version.c.o
:info:build [ 32%] Building C object CMakeFiles/jmutils.dir/src/Util/src/FMI/fmi_util.c.o
:info:build [ 33%] Building C object CMakeFiles/jmutils.dir/src/Util/src/FMI1/fmi1_enums.c.o
:info:build yes
:info:build checking if g95 supports -c -o file.o... (cached) yes
:info:build checking whether the g95 linker (/usr/bin/ld) supports shared libraries... yes
:info:build checking dynamic linker characteristics... darwin12.4.0 dyld
:info:build checking how to hardcode library paths into programs... immediate
:info:build [ 34%] Building C object CMakeFiles/jmutils.dir/src/Util/src/FMI2/fmi2_enums.c.o
:info:build Linking C static library libjmutils.a
:info:build -- Check size of unsigned short - done
:info:build -- Using unsigned short
:info:build checking if libtool supports shared libraries... yes
:info:build checking whether to build shared libraries... yes
:info:build checking whether to build static libraries... no
:info:build checking for g95 option to produce PIC... -fno-common
:info:build checking if g95 PIC flag -fno-common works... yes
:info:build checking if g95 static flag -static works... -- Check if the system is big endian - little endian
:info:build -- Looking for off_t
:info:build no
:info:build checking if g95 supports -c -o file.o... make[5]: Leaving directory `/opt/local/var/macports/build/_opt_local_var_macports_sources_build.openmodelica.org_macports_lang_openmodelica-devel/openmodelica-devel/work/openmodelica_18121/3rdParty/FMIL/build'
:info:build [ 34%] Built target jmutils
:info:build make[5]: Entering directory `/opt/local/var/macports/build/_opt_local_var_macports_sources_build.openmodelica.org_macports_lang_openmodelica-devel/openmodelica-devel/work/openmodelica_18121/3rdParty/FMIL/build'
:info:build Scanning dependencies of target minizip
:info:build make[5]: Leaving directory `/opt/local/var/macports/build/_opt_local_var_macports_sources_build.openmodelica.org_macports_lang_openmodelica-devel/openmodelica-devel/work/openmodelica_18121/3rdParty/FMIL/build'
:info:build make[5]: Entering directory `/opt/local/var/macports/build/_opt_local_var_macports_sources_build.openmodelica.org_macports_lang_openmodelica-devel/openmodelica-devel/work/openmodelica_18121/3rdParty/FMIL/build'
:info:build [ 36%] Building C object Config.cmake/Minizip/CMakeFiles/minizip.dir/__/__/ThirdParty/Minizip/minizip/ioapi.c.o
:info:build /usr/bin/grep
:info:build checking for egrep... -- Looking for off_t - not found
:info:build /usr/bin/grep -E
:info:build checking for ANSI C header files... yes
:info:build checking if g95 supports -c -o file.o... (cached) yes
:info:build checking whether the g95 linker (/usr/bin/ld) supports shared libraries... -- Looking for size_t
:info:build yes
:info:build checking dynamic linker characteristics... darwin12.4.0 dyld
:info:build checking how to hardcode library paths into programs... immediate
:info:build checking for ANSI C header files... (cached) yes
:info:build checking malloc.h usability... [ 37%] Building C object Config.cmake/Minizip/CMakeFiles/minizip.dir/__/__/ThirdParty/Minizip/minizip/miniunz.c.o
:info:build no
:info:build checking malloc.h presence... /opt/local/var/macports/build/_opt_local_var_macports_sources_build.openmodelica.org_macports_lang_openmodelica-devel/openmodelica-devel/work/openmodelica_18121/3rdParty/FMIL/ThirdParty/Minizip/minizip/miniunz.c:110:13: warning: extra tokens at end of #ifdef directive [-Wextra-tokens]
:info:build #ifdef unix || __APPLE__
:info:build             ^
:info:build             //
:info:build /opt/local/var/macports/build/_opt_local_var_macports_sources_build.openmodelica.org_macports_lang_openmodelica-devel/openmodelica-devel/work/openmodelica_18121/3rdParty/FMIL/ThirdParty/Minizip/minizip/miniunz.c:143:11: warning: implicit declaration of function 'mkdir' is invalid in C99 [-Wimplicit-function-declaration]
:info:build     ret = mkdir (dirname,0775);
:info:build           ^
:info:build no
:info:build checking for malloc.h... no
:info:build /opt/local/var/macports/build/_opt_local_var_macports_sources_build.openmodelica.org_macports_lang_openmodelica-devel/openmodelica-devel/work/openmodelica_18121/3rdParty/FMIL/ThirdParty/Minizip/minizip/miniunz.c:432:25: warning: passing 'const char *' to parameter of type 'char *' discards qualifiers [-Wincompatible-pointer-types-discards-qualifiers]
:info:build                 makedir(write_filename);
:info:build                         ^~~~~~~~~~~~~~
:info:build -- Looking for size_t - not found
:info:build checking for stdlib.h... (cached) yes
:info:build -- Configuring done
:info:build checking for string.h... (cached) yes
:info:build -- Generating done
:info:build -- Build files have been written to: /opt/local/var/macports/build/_opt_local_var_macports_sources_build.openmodelica.org_macports_lang_openmodelica-devel/openmodelica-devel/work/openmodelica_18121/3rdParty/FMIL/build/ExpatEx
:info:build checking sys/time.h usability... yes
:info:build checking for sys/types.h... [ 38%] 3 warnings generated.
:info:build Performing dependent_reconfigure step for 'expatex'
:info:build yes
:info:build yes
:info:build checking sys/time.h presence... [ 39%] checking for sys/stat.h... Building C object Config.cmake/Minizip/CMakeFiles/minizip.dir/__/__/ThirdParty/Minizip/minizip/minizip.c.o
:info:build Running:  /opt/local/bin/cmake -G  Unix Makefiles"  -DBUILD_tools:BOOLEAN=OFF -DBUILD_examples:BOOLEAN=OFF -DBUILD_tests:BOOLEAN=OFF -DBUILD_shared:BOOLEAN=OFF -DXML_DTD:BOOLEAN=OFF -DXML_NS:BOOLEAN=OFF -DCMAKE_BUILD_TYPE:STRING=Release -DCMAKE_C_FLAGS:STRING=-pipe -Os -arch x86_64 -g  -DXML_STATIC -DFMI_XML_QUERY -DCMAKE_C_FLAGS_DEBUG:STRING=-g -DCMAKE_C_FLAGS_RELEASE:STRING=-O3 -DNDEBUG -DCMAKE_C_FLAGS_MINSIZEREL:STRING=-Os -DNDEBUG -DCMAKE_C_FLAGS_RELWITHDEBINFO:STRING=-O2 -g -DNDEBUG -DCMAKE_EXE_LINKER_FLAGS:STRING=  -DCMAKE_LINK_LIBRARY_FLAG:STRING=-l -DCMAKE_MODULE_LINKER_FLAGS:STRING=  -DCMAKE_SHARED_LINKER_FLAGS:STRING=  -DCMAKE_INSTALL_PREFIX:PATH=/opt/local/var/macports/build/_opt_local_var_macports_sources_build.openmodelica.org_macports_lang_openmodelica-devel/openmodelica-devel/work/openmodelica_18121/3rdParty/FMIL/build/ExpatEx/install /opt/local/var/macports/build/_opt_local_var_macports_sources_build.openmodelica.org_macports_lang_openmodelica-devel/openmodelica-devel/work/openmodelica_18121/3rdParty/FMIL/ThirdParty/Expat/expat-2.1.0"
:info:build yes
:info:build checking for sys/time.h... yes
:info:build checking for an ANSI C-conforming const... /opt/local/var/macports/build/_opt_local_var_macports_sources_build.openmodelica.org_macports_lang_openmodelica-devel/openmodelica-devel/work/openmodelica_18121/3rdParty/FMIL/ThirdParty/Minizip/minizip/minizip.c:104:13: warning: extra tokens at end of #ifdef directive [-Wextra-tokens]
:info:build #ifdef unix || __APPLE__
:info:build             ^
:info:build             //
:info:build /opt/local/var/macports/build/_opt_local_var_macports_sources_build.openmodelica.org_macports_lang_openmodelica-devel/openmodelica-devel/work/openmodelica_18121/3rdParty/FMIL/ThirdParty/Minizip/minizip/minizip.c:421:26: warning: passing 'const char *' to parameter of type 'char *' discards qualifiers [-Wincompatible-pointer-types-discards-qualifiers]
:info:build                 filetime(filenameinzip,&zi.tmz_date,&zi.dosDate);
:info:build                          ^~~~~~~~~~~~~
:info:build yes
:info:build yes
:info:build checking for size_t... checking for stdlib.h... -- Configuring done
:info:build -- Generating done
:info:build -- Build files have been written to: /opt/local/var/macports/build/_opt_local_var_macports_sources_build.openmodelica.org_macports_lang_openmodelica-devel/openmodelica-devel/work/openmodelica_18121/3rdParty/FMIL/build/ExpatEx
:info:build yes
:info:build 2 warnings generated.
:info:build checking for string.h... [ 40%] Building C object Config.cmake/Minizip/CMakeFiles/minizip.dir/__/__/ThirdParty/Minizip/minizip/unzip.c.o
:info:build [ 42%] Performing build step for 'expatex'
:info:build make[6]: Entering directory `/opt/local/var/macports/build/_opt_local_var_macports_sources_build.openmodelica.org_macports_lang_openmodelica-devel/openmodelica-devel/work/openmodelica_18121/3rdParty/FMIL/build/ExpatEx'
:info:build yes
:info:build checking for memory.h... yes
:info:build make[7]: Entering directory `/opt/local/var/macports/build/_opt_local_var_macports_sources_build.openmodelica.org_macports_lang_openmodelica-devel/openmodelica-devel/work/openmodelica_18121/3rdParty/FMIL/build/ExpatEx'
:info:build make[8]: Entering directory `/opt/local/var/macports/build/_opt_local_var_macports_sources_build.openmodelica.org_macports_lang_openmodelica-devel/openmodelica-devel/work/openmodelica_18121/3rdParty/FMIL/build/ExpatEx'
:info:build yes
:info:build Scanning dependencies of target expat
:info:build make[8]: Leaving directory `/opt/local/var/macports/build/_opt_local_var_macports_sources_build.openmodelica.org_macports_lang_openmodelica-devel/openmodelica-devel/work/openmodelica_18121/3rdParty/FMIL/build/ExpatEx'
:info:build checking for strings.h... make[8]: Entering directory `/opt/local/var/macports/build/_opt_local_var_macports_sources_build.openmodelica.org_macports_lang_openmodelica-devel/openmodelica-devel/work/openmodelica_18121/3rdParty/FMIL/build/ExpatEx'
:info:build configure: creating ./config.status
:info:build [ 20%] yes
:info:build Building C object CMakeFiles/expat.dir/lib/xmlparse.c.o
:info:build checking for inttypes.h... yes
:info:build checking for stdint.h... yes
:info:build checking for unistd.h... yes
:info:build checking for stdlib.h... (cached) yes
:info:build checking for unistd.h... (cached) yes
:info:build checking for sys/param.h... yes
:info:build checking for getpagesize... [ 43%] Building C object Config.cmake/Minizip/CMakeFiles/minizip.dir/__/__/ThirdParty/Minizip/minizip/zip.c.o
:info:build yes
:info:build checking for working mmap... /opt/local/var/macports/build/_opt_local_var_macports_sources_build.openmodelica.org_macports_lang_openmodelica-devel/openmodelica-devel/work/openmodelica_18121/3rdParty/FMIL/ThirdParty/Minizip/minizip/zip.c:1118:15: warning: equality comparison with extraneous parentheses [-Wparentheses-equality]
:info:build     if ((level==2))
:info:build          ~~~~~^~~
:info:build /opt/local/var/macports/build/_opt_local_var_macports_sources_build.openmodelica.org_macports_lang_openmodelica-devel/openmodelica-devel/work/openmodelica_18121/3rdParty/FMIL/ThirdParty/Minizip/minizip/zip.c:1118:15: note: remove extraneous parentheses around the comparison to silence this warning
:info:build     if ((level==2))
:info:build         ~     ^  ~
:info:build /opt/local/var/macports/build/_opt_local_var_macports_sources_build.openmodelica.org_macports_lang_openmodelica-devel/openmodelica-devel/work/openmodelica_18121/3rdParty/FMIL/ThirdParty/Minizip/minizip/zip.c:1118:15: note: use '=' to turn this equality comparison into an assignment
:info:build     if ((level==2))
:info:build               ^~
:info:build               =
:info:build /opt/local/var/macports/build/_opt_local_var_macports_sources_build.openmodelica.org_macports_lang_openmodelica-devel/openmodelica-devel/work/openmodelica_18121/3rdParty/FMIL/ThirdParty/Minizip/minizip/zip.c:1120:15: warning: equality comparison with extraneous parentheses [-Wparentheses-equality]
:info:build     if ((level==1))
:info:build          ~~~~~^~~
:info:build /opt/local/var/macports/build/_opt_local_var_macports_sources_build.openmodelica.org_macports_lang_openmodelica-devel/openmodelica-devel/work/openmodelica_18121/3rdParty/FMIL/ThirdParty/Minizip/minizip/zip.c:1120:15: note: remove extraneous parentheses around the comparison to silence this warning
:info:build     if ((level==1))
:info:build         ~     ^  ~
:info:build /opt/local/var/macports/build/_opt_local_var_macports_sources_build.openmodelica.org_macports_lang_openmodelica-devel/openmodelica-devel/work/openmodelica_18121/3rdParty/FMIL/ThirdParty/Minizip/minizip/zip.c:1120:15: note: use '=' to turn this equality comparison into an assignment
:info:build     if ((level==1))
:info:build               ^~
:info:build               =
:info:build yes
:info:build checking for ANSI C header files... (cached) yes
:info:build checking for PIC compiler flag... -fPIC
:info:build checking whether gcc -fPIC causes __PIC__ definition... yes
:info:build checking for pthread_self in -lpthread... yes
:info:build configure: creating ./config.status
:info:build 2 warnings generated.
:info:build config.status: creating Makefile
:info:build Linking C static library libminizip.a
:info:build config.status: creating pkgconfig/atomic_ops.pc
:info:build config.status: creating pkgconfig/atomic_ops-uninstalled.pc
:info:build make[5]: Leaving directory `/opt/local/var/macports/build/_opt_local_var_macports_sources_build.openmodelica.org_macports_lang_openmodelica-devel/openmodelica-devel/work/openmodelica_18121/3rdParty/FMIL/build'
:info:build config.status: creating doc/Makefile
:info:build [ 43%] Built target minizip
:info:build cp -pP 3rdParty/gc-7.2/include/gc.h build/include/omc/gc.h
:info:build # Configure and build lis
:info:build if ! test -f 3rdParty/lis-1.4.12/Makefile; then cd 3rdParty/lis-1.4.12 && ./configure "--host=x86_64-apple-darwin12.4.0" --enable-shared --disable-static MPICC="false" CC="/usr/bin/clang" CXX="/usr/bin/clang++" CFLAGS="-pipe -Os -arch x86_64" CPPFLAGS="-I/opt/local/include" LDFLAGS=" -Wl,-install_name,@rpath/liblis.dylib" && /usr/bin/make clean; fi
:info:build config.status: creating src/Makefile
:info:build config.status: creating src/atomic_ops/Makefile
:info:build config.status: creating src/atomic_ops/sysdeps/Makefile
:info:build config.status: creating tests/Makefile
:info:build config.status: creating src/config.h
:info:build config.status: executing depfiles commands
:info:build checking build system type... x86_64-apple-darwin12.4.0
:info:build checking host system type... x86_64-apple-darwin12.4.0
:info:build checking target system type... x86_64-apple-darwin12.4.0
:info:build checking for a BSD-compatible install... config.status: executing default commands
:info:build /opt/local/bin/ginstall -c
:info:build checking whether build environment is sane... make[5]: Entering directory `/opt/local/var/macports/build/_opt_local_var_macports_sources_build.openmodelica.org_macports_lang_openmodelica-devel/openmodelica-devel/work/openmodelica_18121/3rdParty/FMIL/build'
:info:build Scanning dependencies of target fmicapi
:info:build make[5]: Leaving directory `/opt/local/var/macports/build/_opt_local_var_macports_sources_build.openmodelica.org_macports_lang_openmodelica-devel/openmodelica-devel/work/openmodelica_18121/3rdParty/FMIL/build'
:info:build make[5]: Entering directory `/opt/local/var/macports/build/_opt_local_var_macports_sources_build.openmodelica.org_macports_lang_openmodelica-devel/openmodelica-devel/work/openmodelica_18121/3rdParty/FMIL/build'
:info:build [ 44%] Building C object CMakeFiles/fmicapi.dir/src/CAPI/src/FMI1/fmi1_capi_cs.c.o
:info:build [ 40%] Building C object CMakeFiles/expat.dir/lib/xmlrole.c.o
:info:build [ 45%] Building C object CMakeFiles/fmicapi.dir/src/CAPI/src/FMI1/fmi1_capi_me.c.o
:info:build [ 46%] Building C object CMakeFiles/fmicapi.dir/src/CAPI/src/FMI1/fmi1_capi.c.o
:info:build [ 60%] Building C object CMakeFiles/expat.dir/lib/xmltok.c.o
:info:build [ 48%] Building C object CMakeFiles/fmicapi.dir/src/CAPI/src/FMI2/fmi2_capi_cs.c.o
:info:build [ 49%] Building C object CMakeFiles/fmicapi.dir/src/CAPI/src/FMI2/fmi2_capi_me.c.o
:info:build [ 50%] Building C object CMakeFiles/fmicapi.dir/src/CAPI/src/FMI2/fmi2_capi.c.o
:info:build Linking C static library libfmicapi.a
:info:build make[5]: Leaving directory `/opt/local/var/macports/build/_opt_local_var_macports_sources_build.openmodelica.org_macports_lang_openmodelica-devel/openmodelica-devel/work/openmodelica_18121/3rdParty/FMIL/build'
:info:build [ 50%] Built target fmicapi
:info:build [ 80%] Building C object CMakeFiles/expat.dir/lib/xmltok_impl.c.o
:info:build make[5]: Entering directory `/opt/local/var/macports/build/_opt_local_var_macports_sources_build.openmodelica.org_macports_lang_openmodelica-devel/openmodelica-devel/work/openmodelica_18121/3rdParty/FMIL/build'
:info:build Scanning dependencies of target fmizip
:info:build make[5]: Leaving directory `/opt/local/var/macports/build/_opt_local_var_macports_sources_build.openmodelica.org_macports_lang_openmodelica-devel/openmodelica-devel/work/openmodelica_18121/3rdParty/FMIL/build'
:info:build yes
:info:build make[5]: Entering directory `/opt/local/var/macports/build/_opt_local_var_macports_sources_build.openmodelica.org_macports_lang_openmodelica-devel/openmodelica-devel/work/openmodelica_18121/3rdParty/FMIL/build'
:info:build checking for x86_64-apple-darwin12.4.0-strip... no
:info:build checking for strip... strip
:info:build checking for a thread-safe mkdir -p... [ 51%] Building C object CMakeFiles/fmizip.dir/src/ZIP/src/fmi_zip_unzip.c.o
:info:build /opt/local/bin/gmkdir -p
:info:build checking for gawk... gawk
:info:build checking whether make sets $(MAKE)... yes
:info:build checking whether to enable maintainer-specific portions of Makefiles... no
:info:build checking for a library suffix to use... checking for x86_64-apple-darwin12.4.0-icc... /usr/bin/clang
:info:build [ 53%] Building C object CMakeFiles/fmizip.dir/src/ZIP/src/fmi_zip_zip.c.o
:info:build Linking C static library libfmizip.a
:info:build checking whether the C compiler works... yes
:info:build checking for C compiler default output file name... a.out
:info:build checking for suffix of executables... 
:info:build make[5]: Leaving directory `/opt/local/var/macports/build/_opt_local_var_macports_sources_build.openmodelica.org_macports_lang_openmodelica-devel/openmodelica-devel/work/openmodelica_18121/3rdParty/FMIL/build'
:info:build checking whether we are cross compiling... [ 53%] Built target fmizip
:info:build cp -pP 3rdParty/gc-7.2/include/gc_config_macros.h build/include/omc/gc_config_macros.h
:info:build [100%] no
:info:build checking for suffix of object files... Building C object CMakeFiles/expat.dir/lib/xmltok_ns.c.o
:info:build cp -pP 3rdParty/gc-7.2/include/gc_version.h build/include/omc/gc_version.h
:info:build (cd "libraries/Resources//BuildProjects/autotools" && (test -f Makefile || ./autogen.sh))
:info:build o
:info:build checking whether we are using the GNU C compiler... Linking C static library libexpat.a
:info:build yes
:info:build checking whether /usr/bin/clang accepts -g... yes
:info:build checking for /usr/bin/clang option to accept ISO C89... /usr/bin/ranlib: file: libexpat.a(xmltok_impl.c.o) has no symbols
:info:build /usr/bin/ranlib: file: libexpat.a(xmltok_ns.c.o) has no symbols
:info:build none needed
:info:build checking for style of include used by make... GNU
:info:build checking dependency style of /usr/bin/clang... none
:info:build /usr/bin/ranlib: file: libexpat.a(xmltok_impl.c.o) has no symbols
:info:build /usr/bin/ranlib: file: libexpat.a(xmltok_ns.c.o) has no symbols
:info:build make[8]: Leaving directory `/opt/local/var/macports/build/_opt_local_var_macports_sources_build.openmodelica.org_macports_lang_openmodelica-devel/openmodelica-devel/work/openmodelica_18121/3rdParty/FMIL/build/ExpatEx'
:info:build [100%] Built target expat
:info:build make[7]: Leaving directory `/opt/local/var/macports/build/_opt_local_var_macports_sources_build.openmodelica.org_macports_lang_openmodelica-devel/openmodelica-devel/work/openmodelica_18121/3rdParty/FMIL/build/ExpatEx'
:info:build make[6]: Leaving directory `/opt/local/var/macports/build/_opt_local_var_macports_sources_build.openmodelica.org_macports_lang_openmodelica-devel/openmodelica-devel/work/openmodelica_18121/3rdParty/FMIL/build/ExpatEx'
:info:build checking for C compiler vendor... gnu
:info:build checking how to get verbose linking output from C... [ 54%] Performing install step for 'expatex'
:info:build make[6]: Entering directory `/opt/local/var/macports/build/_opt_local_var_macports_sources_build.openmodelica.org_macports_lang_openmodelica-devel/openmodelica-devel/work/openmodelica_18121/3rdParty/FMIL/build/ExpatEx'
:info:build make[7]: Entering directory `/opt/local/var/macports/build/_opt_local_var_macports_sources_build.openmodelica.org_macports_lang_openmodelica-devel/openmodelica-devel/work/openmodelica_18121/3rdParty/FMIL/build/ExpatEx'
:info:build make[8]: Entering directory `/opt/local/var/macports/build/_opt_local_var_macports_sources_build.openmodelica.org_macports_lang_openmodelica-devel/openmodelica-devel/work/openmodelica_18121/3rdParty/FMIL/build/ExpatEx'
:info:build config.status: creating Makefile
:info:build make[8]: Leaving directory `/opt/local/var/macports/build/_opt_local_var_macports_sources_build.openmodelica.org_macports_lang_openmodelica-devel/openmodelica-devel/work/openmodelica_18121/3rdParty/FMIL/build/ExpatEx'
:info:build [100%] config.status: creating src/Makefile
:info:build Built target expat
:info:build make[7]: Leaving directory `/opt/local/var/macports/build/_opt_local_var_macports_sources_build.openmodelica.org_macports_lang_openmodelica-devel/openmodelica-devel/work/openmodelica_18121/3rdParty/FMIL/build/ExpatEx'
:info:build Install the project...
:info:build -- Install configuration: "Release"
:info:build -- Installing: /opt/local/var/macports/build/_opt_local_var_macports_sources_build.openmodelica.org_macports_lang_openmodelica-devel/openmodelica-devel/work/openmodelica_18121/3rdParty/FMIL/build/ExpatEx/install/lib/libexpat.a
:info:build config.status: creating src/matrix/Makefile
:info:build config.status: creating src/vector/Makefile
:info:build /usr/bin/ranlib: file: /opt/local/var/macports/build/_opt_local_var_macports_sources_build.openmodelica.org_macports_lang_openmodelica-devel/openmodelica-devel/work/openmodelica_18121/3rdParty/FMIL/build/ExpatEx/install/lib/libexpat.a(xmltok_impl.c.o) has no symbols
:info:build /usr/bin/ranlib: file: /opt/local/var/macports/build/_opt_local_var_macports_sources_build.openmodelica.org_macports_lang_openmodelica-devel/openmodelica-devel/work/openmodelica_18121/3rdParty/FMIL/build/ExpatEx/install/lib/libexpat.a(xmltok_ns.c.o) has no symbols
:info:build configure: WARNING: cannot determine how to obtain linking information from C
:info:build 
:info:build checking for C libraries... config.status: creating src/matvec/Makefile
:info:build config.status: creating src/solver/Makefile
:info:build -- Installing: /opt/local/var/macports/build/_opt_local_var_macports_sources_build.openmodelica.org_macports_lang_openmodelica-devel/openmodelica-devel/work/openmodelica_18121/3rdParty/FMIL/build/ExpatEx/install/include/expat.h
:info:build -- Installing: /opt/local/var/macports/build/_opt_local_var_macports_sources_build.openmodelica.org_macports_lang_openmodelica-devel/openmodelica-devel/work/openmodelica_18121/3rdParty/FMIL/build/ExpatEx/install/include/expat_external.h
:info:build -- Installing: /opt/local/var/macports/build/_opt_local_var_macports_sources_build.openmodelica.org_macports_lang_openmodelica-devel/openmodelica-devel/work/openmodelica_18121/3rdParty/FMIL/build/ExpatEx/install/lib/pkgconfig/expat.pc
:info:build config.status: creating src/esolver/Makefile
:info:build make[6]: Leaving directory `/opt/local/var/macports/build/_opt_local_var_macports_sources_build.openmodelica.org_macports_lang_openmodelica-devel/openmodelica-devel/work/openmodelica_18121/3rdParty/FMIL/build/ExpatEx'
:info:build 
:info:build config.status: creating src/precon/Makefile
:info:build [ 55%] Completed 'expatex'
:info:build config.status: creating src/system/Makefile
:info:build make[5]: Leaving directory `/opt/local/var/macports/build/_opt_local_var_macports_sources_build.openmodelica.org_macports_lang_openmodelica-devel/openmodelica-devel/work/openmodelica_18121/3rdParty/FMIL/build'
:info:build [ 55%] Built target expatex
:info:build make[5]: Entering directory `/opt/local/var/macports/build/_opt_local_var_macports_sources_build.openmodelica.org_macports_lang_openmodelica-devel/openmodelica-devel/work/openmodelica_18121/3rdParty/FMIL/build'
:info:build config.status: creating src/precision/Makefile
:info:build config.status: creating src/fortran/Makefile
:info:build Scanning dependencies of target fmixml
:info:build make[5]: Leaving directory `/opt/local/var/macports/build/_opt_local_var_macports_sources_build.openmodelica.org_macports_lang_openmodelica-devel/openmodelica-devel/work/openmodelica_18121/3rdParty/FMIL/build'
:info:build config.status: creating src/fortran/amg/Makefile
:info:build make[5]: Entering directory `/opt/local/var/macports/build/_opt_local_var_macports_sources_build.openmodelica.org_macports_lang_openmodelica-devel/openmodelica-devel/work/openmodelica_18121/3rdParty/FMIL/build'
:info:build [ 56%] Building C object CMakeFiles/fmixml.dir/src/XML/src/FMI/fmi_xml_context.c.o
:info:build config.status: creating include/Makefile
:info:build config.status: creating test/Makefile
:info:build [ 57%] Building C object CMakeFiles/fmixml.dir/src/XML/src/FMI1/fmi1_xml_parser.c.o
:info:build config.status: creating include/lisf.h
:info:build config.status: creating include/lis_config.h
:info:build config.status: executing depfiles commands
:info:build config.status: executing libtool commands
:info:build [ 59%] Building C object CMakeFiles/fmixml.dir/src/XML/src/FMI1/fmi1_xml_model_description.c.o
:info:build checking for Fortran compiler vendor... 
:info:build checking for x87 FPU... yes
:info:build checking how to run the C preprocessor... 
:info:build   Build with OpenMP library                  = no
:info:build   Build with MPI library                     = no
:info:build   Build Fortran interface                    = no
:info:build   Build SA-AMG preconditioner                = no
:info:build   Build with double double precision support = no
:info:build   Build with long double precision support   = no
:info:build   Build with 64bit integer support           = no
:info:build   Enable dynamic linking                     = yes
:info:build   Enable profiling                           = no
:info:build 
:info:build   C compiler        = /usr/bin/clang
:info:build   C flags           = -O3 -fomit-frame-pointer -pipe -Os -arch x86_64 -DHAVE_CONFIG_H  
:info:build   C libraries       = -lm  
:info:build 
:info:build /usr/bin/clang -E
:info:build [ 60%] Building C object CMakeFiles/fmixml.dir/src/XML/src/FMI1/fmi1_xml_type.c.o
:info:build sed: conftest.c: No such file or directory
:info:build make[3]: Entering directory `/opt/local/var/macports/build/_opt_local_var_macports_sources_build.openmodelica.org_macports_lang_openmodelica-devel/openmodelica-devel/work/openmodelica_18121/3rdParty/lis-1.4.12'
:info:build checking for grep that handles long lines and -e... Making clean in test
:info:build make[4]: Entering directory `/opt/local/var/macports/build/_opt_local_var_macports_sources_build.openmodelica.org_macports_lang_openmodelica-devel/openmodelica-devel/work/openmodelica_18121/3rdParty/lis-1.4.12/test'
:info:build  rm -f lsolve esolve spmvtest1 spmvtest2 spmvtest3 spmvtest4 spmvtest5
:info:build test -z "*.il" || rm -f *.il
:info:build rm -rf .libs _libs
:info:build  rm -f test1 test2 test3 test4 test5 test6 etest1 etest2 etest3 etest4 etest5 etest6 spmvtest1 spmvtest2 spmvtest3 spmvtest4 spmvtest5
:info:build rm -f *.o
:info:build rm -f *.lo
:info:build make[4]: Leaving directory `/opt/local/var/macports/build/_opt_local_var_macports_sources_build.openmodelica.org_macports_lang_openmodelica-devel/openmodelica-devel/work/openmodelica_18121/3rdParty/lis-1.4.12/test'
:info:build Making clean in include
:info:build make[4]: Entering directory `/opt/local/var/macports/build/_opt_local_var_macports_sources_build.openmodelica.org_macports_lang_openmodelica-devel/openmodelica-devel/work/openmodelica_18121/3rdParty/lis-1.4.12/include'
:info:build rm -rf .libs _libs
:info:build rm -f *.lo
:info:build make[4]: Leaving directory `/opt/local/var/macports/build/_opt_local_var_macports_sources_build.openmodelica.org_macports_lang_openmodelica-devel/openmodelica-devel/work/openmodelica_18121/3rdParty/lis-1.4.12/include'
:info:build Making clean in src
:info:build make[4]: Entering directory `/opt/local/var/macports/build/_opt_local_var_macports_sources_build.openmodelica.org_macports_lang_openmodelica-devel/openmodelica-devel/work/openmodelica_18121/3rdParty/lis-1.4.12/src'
:info:build Making clean in precision
:info:build make[5]: Entering directory `/opt/local/var/macports/build/_opt_local_var_macports_sources_build.openmodelica.org_macports_lang_openmodelica-devel/openmodelica-devel/work/openmodelica_18121/3rdParty/lis-1.4.12/src/precision'
:info:build test -z "*.il" || rm -f *.il
:info:build rm -rf .libs _libs
:info:build test -z "libprecision.la" || rm -f libprecision.la
:info:build rm -f "./so_locations"
:info:build rm -f *.o
:info:build rm -f *.lo
:info:build make[5]: Leaving directory `/opt/local/var/macports/build/_opt_local_var_macports_sources_build.openmodelica.org_macports_lang_openmodelica-devel/openmodelica-devel/work/openmodelica_18121/3rdParty/lis-1.4.12/src/precision'
:info:build Making clean in system
:info:build make[5]: Entering directory `/opt/local/var/macports/build/_opt_local_var_macports_sources_build.openmodelica.org_macports_lang_openmodelica-devel/openmodelica-devel/work/openmodelica_18121/3rdParty/lis-1.4.12/src/system'
:info:build test -z "*.il" || rm -f *.il
:info:build rm -rf .libs _libs
:info:build test -z "libsystem.la" || rm -f libsystem.la
:info:build rm -f "./so_locations"
:info:build rm -f *.o
:info:build rm -f *.lo
:info:build make[5]: Leaving directory `/opt/local/var/macports/build/_opt_local_var_macports_sources_build.openmodelica.org_macports_lang_openmodelica-devel/openmodelica-devel/work/openmodelica_18121/3rdParty/lis-1.4.12/src/system'
:info:build Making clean in esolver
:info:build make[5]: Entering directory `/opt/local/var/macports/build/_opt_local_var_macports_sources_build.openmodelica.org_macports_lang_openmodelica-devel/openmodelica-devel/work/openmodelica_18121/3rdParty/lis-1.4.12/src/esolver'
:info:build test -z "*.il" || rm -f *.il
:info:build [ 61%] rm -rf .libs _libs
:info:build test -z "libesolver.la" || rm -f libesolver.la
:info:build Building C object CMakeFiles/fmixml.dir/src/XML/src/FMI1/fmi1_xml_unit.c.o
:info:build rm -f "./so_locations"
:info:build rm -f *.o
:info:build rm -f *.lo
:info:build make[5]: Leaving directory `/opt/local/var/macports/build/_opt_local_var_macports_sources_build.openmodelica.org_macports_lang_openmodelica-devel/openmodelica-devel/work/openmodelica_18121/3rdParty/lis-1.4.12/src/esolver'
:info:build Making clean in solver
:info:build make[5]: Entering directory `/opt/local/var/macports/build/_opt_local_var_macports_sources_build.openmodelica.org_macports_lang_openmodelica-devel/openmodelica-devel/work/openmodelica_18121/3rdParty/lis-1.4.12/src/solver'
:info:build test -z "*.il" || rm -f *.il
:info:build rm -rf .libs _libs
:info:build test -z "libsolver.la" || rm -f libsolver.la
:info:build rm -f "./so_locations"
:info:build rm -f *.o
:info:build rm -f *.lo
:info:build make[5]: Leaving directory `/opt/local/var/macports/build/_opt_local_var_macports_sources_build.openmodelica.org_macports_lang_openmodelica-devel/openmodelica-devel/work/openmodelica_18121/3rdParty/lis-1.4.12/src/solver'
:info:build Making clean in precon
:info:build /usr/bin/grep
:info:build checking for egrep... make[5]: Entering directory `/opt/local/var/macports/build/_opt_local_var_macports_sources_build.openmodelica.org_macports_lang_openmodelica-devel/openmodelica-devel/work/openmodelica_18121/3rdParty/lis-1.4.12/src/precon'
:info:build test -z "*.il" || rm -f *.il
:info:build /usr/bin/grep -E
:info:build checking for ANSI C header files... cat: confdefs.h: No such file or directory
:info:build rm -rf .libs _libs
:info:build test -z "libprecon.la" || rm -f libprecon.la
:info:build rm -f "./so_locations"
:info:build [ 62%] rm -f *.o
:info:build Building C object CMakeFiles/fmixml.dir/src/XML/src/FMI1/fmi1_xml_vendor_annotations.c.o
:info:build rm -f *.lo
:info:build make[5]: Leaving directory `/opt/local/var/macports/build/_opt_local_var_macports_sources_build.openmodelica.org_macports_lang_openmodelica-devel/openmodelica-devel/work/openmodelica_18121/3rdParty/lis-1.4.12/src/precon'
:info:build Making clean in matvec
:info:build make[5]: Entering directory `/opt/local/var/macports/build/_opt_local_var_macports_sources_build.openmodelica.org_macports_lang_openmodelica-devel/openmodelica-devel/work/openmodelica_18121/3rdParty/lis-1.4.12/src/matvec'
:info:build test -z "*.il" || rm -f *.il
:info:build rm -rf .libs _libs
:info:build test -z "libmatvec.la" || rm -f libmatvec.la
:info:build rm -f "./so_locations"
:info:build rm -f *.o
:info:build rm -f *.lo
:info:build make[5]: Leaving directory `/opt/local/var/macports/build/_opt_local_var_macports_sources_build.openmodelica.org_macports_lang_openmodelica-devel/openmodelica-devel/work/openmodelica_18121/3rdParty/lis-1.4.12/src/matvec'
:info:build Making clean in vector
:info:build cat: confdefs.h: No such file or directory
:info:build make[5]: Entering directory `/opt/local/var/macports/build/_opt_local_var_macports_sources_build.openmodelica.org_macports_lang_openmodelica-devel/openmodelica-devel/work/openmodelica_18121/3rdParty/lis-1.4.12/src/vector'
:info:build test -z "*.il" || rm -f *.il
:info:build rm -rf .libs _libs
:info:build test -z "libvector.la" || rm -f libvector.la
:info:build [ 63%] Building C object CMakeFiles/fmixml.dir/src/XML/src/FMI1/fmi1_xml_variable.c.o
:info:build cat: confdefs.h: No such file or directory
:info:build rm -f "./so_locations"
:info:build rm -f *.o
:info:build rm -f *.lo
:info:build make[5]: Leaving directory `/opt/local/var/macports/build/_opt_local_var_macports_sources_build.openmodelica.org_macports_lang_openmodelica-devel/openmodelica-devel/work/openmodelica_18121/3rdParty/lis-1.4.12/src/vector'
:info:build Making clean in matrix
:info:build cat: confdefs.h: No such file or directory
:info:build make[5]: Entering directory `/opt/local/var/macports/build/_opt_local_var_macports_sources_build.openmodelica.org_macports_lang_openmodelica-devel/openmodelica-devel/work/openmodelica_18121/3rdParty/lis-1.4.12/src/matrix'
:info:build test -z "*.il" || rm -f *.il
:info:build rm -rf .libs _libs
:info:build test -z "libmatrix.la" || rm -f libmatrix.la
:info:build rm -f "./so_locations"
:info:build rm -f *.o
:info:build rm -f *.lo
:info:build make[5]: Leaving directory `/opt/local/var/macports/build/_opt_local_var_macports_sources_build.openmodelica.org_macports_lang_openmodelica-devel/openmodelica-devel/work/openmodelica_18121/3rdParty/lis-1.4.12/src/matrix'
:info:build Making clean in .
:info:build make[5]: Entering directory `/opt/local/var/macports/build/_opt_local_var_macports_sources_build.openmodelica.org_macports_lang_openmodelica-devel/openmodelica-devel/work/openmodelica_18121/3rdParty/lis-1.4.12/src'
:info:build test -z "liblis.la" || rm -f liblis.la
:info:build yes
:info:build rm -f "./so_locations"
:info:build checking for sys/types.h... rm -rf .libs _libs
:info:build rm -f *.o
:info:build rm -f *.lo
:info:build make[5]: Leaving directory `/opt/local/var/macports/build/_opt_local_var_macports_sources_build.openmodelica.org_macports_lang_openmodelica-devel/openmodelica-devel/work/openmodelica_18121/3rdParty/lis-1.4.12/src'
:info:build make[4]: Leaving directory `/opt/local/var/macports/build/_opt_local_var_macports_sources_build.openmodelica.org_macports_lang_openmodelica-devel/openmodelica-devel/work/openmodelica_18121/3rdParty/lis-1.4.12/src'
:info:build Making clean in .
:info:build make[4]: Entering directory `/opt/local/var/macports/build/_opt_local_var_macports_sources_build.openmodelica.org_macports_lang_openmodelica-devel/openmodelica-devel/work/openmodelica_18121/3rdParty/lis-1.4.12'
:info:build rm -rf .libs _libs
:info:build rm -f *.lo
:info:build make[4]: Leaving directory `/opt/local/var/macports/build/_opt_local_var_macports_sources_build.openmodelica.org_macports_lang_openmodelica-devel/openmodelica-devel/work/openmodelica_18121/3rdParty/lis-1.4.12'
:info:build yes
:info:build make[3]: Leaving directory `/opt/local/var/macports/build/_opt_local_var_macports_sources_build.openmodelica.org_macports_lang_openmodelica-devel/openmodelica-devel/work/openmodelica_18121/3rdParty/lis-1.4.12'
:info:build checking for sys/stat.h... [ 65%] Building C object CMakeFiles/fmixml.dir/src/XML/src/FMI1/fmi1_xml_capabilities.c.o
:info:build yes
:info:build checking for stdlib.h... [ 66%] Building C object CMakeFiles/fmixml.dir/src/XML/src/FMI1/fmi1_xml_cosim.c.o
:info:build yes
:info:build checking for string.h... yes
:info:build checking for memory.h... [ 67%] Building C object CMakeFiles/fmixml.dir/src/XML/src/FMI2/fmi2_xml_parser.c.o
:info:build [ 68%] Building C object CMakeFiles/fmixml.dir/src/XML/src/FMI2/fmi2_xml_model_description.c.o
:info:build yes
:info:build checking for strings.h... yes
:info:build checking for inttypes.h... yes
:info:build checking for stdint.h... yes
:info:build /usr/bin/make -C 3rdParty/gc-7.2/
:info:build checking for unistd.h... make[3]: Entering directory `/opt/local/var/macports/build/_opt_local_var_macports_sources_build.openmodelica.org_macports_lang_openmodelica-devel/openmodelica-devel/work/openmodelica_18121/3rdParty/gc-7.2'
:info:build [ 69%] Building C object CMakeFiles/fmixml.dir/src/XML/src/FMI2/fmi2_xml_model_structure.c.o
:info:build make[4]: Entering directory `/opt/local/var/macports/build/_opt_local_var_macports_sources_build.openmodelica.org_macports_lang_openmodelica-devel/openmodelica-devel/work/openmodelica_18121/3rdParty/gc-7.2'
:info:build /bin/sh ./libtool --tag=CC   --mode=compile /usr/bin/clang -DHAVE_CONFIG_H   -I./include -I./include -I./libatomic_ops/src -I./libatomic_ops/src -I/opt/local/include -DTHREAD_LOCAL_ALLOC -fexceptions -pipe -Os -arch x86_64 -fno-strict-aliasing -MT allchblk.lo -MD -MP -MF .deps/allchblk.Tpo -c -o allchblk.lo allchblk.c
:info:build yes
:info:build checking size of int... libtool: compile:  /usr/bin/clang -DHAVE_CONFIG_H -I./include -I./include -I./libatomic_ops/src -I./libatomic_ops/src -I/opt/local/include -DTHREAD_LOCAL_ALLOC -fexceptions -pipe -Os -arch x86_64 -fno-strict-aliasing -MT allchblk.lo -MD -MP -MF .deps/allchblk.Tpo -c allchblk.c  -fno-common -DPIC -o .libs/allchblk.o
:info:build [ 71%] Building C object CMakeFiles/fmixml.dir/src/XML/src/FMI2/fmi2_xml_type.c.o
:info:build 4
:info:build checking size of long... libtool: compile:  /usr/bin/clang -DHAVE_CONFIG_H -I./include -I./include -I./libatomic_ops/src -I./libatomic_ops/src -I/opt/local/include -DTHREAD_LOCAL_ALLOC -fexceptions -pipe -Os -arch x86_64 -fno-strict-aliasing -MT allchblk.lo -MD -MP -MF .deps/allchblk.Tpo -c allchblk.c -o allchblk.o >/dev/null 2>&1
:info:build 8
:info:build checking size of long long... mv -f .deps/allchblk.Tpo .deps/allchblk.Plo
:info:build /bin/sh ./libtool --tag=CC   --mode=compile /usr/bin/clang -DHAVE_CONFIG_H   -I./include -I./include -I./libatomic_ops/src -I./libatomic_ops/src -I/opt/local/include -DTHREAD_LOCAL_ALLOC -fexceptions -pipe -Os -arch x86_64 -fno-strict-aliasing -MT alloc.lo -MD -MP -MF .deps/alloc.Tpo -c -o alloc.lo alloc.c
:info:build [ 72%] Building C object CMakeFiles/fmixml.dir/src/XML/src/FMI2/fmi2_xml_unit.c.o
:info:build libtool: compile:  /usr/bin/clang -DHAVE_CONFIG_H -I./include -I./include -I./libatomic_ops/src -I./libatomic_ops/src -I/opt/local/include -DTHREAD_LOCAL_ALLOC -fexceptions -pipe -Os -arch x86_64 -fno-strict-aliasing -MT alloc.lo -MD -MP -MF .deps/alloc.Tpo -c alloc.c  -fno-common -DPIC -o .libs/alloc.o
:info:build 8
:info:build checking size of float... [ 73%] Building C object CMakeFiles/fmixml.dir/src/XML/src/FMI2/fmi2_xml_vendor_annotations.c.o
:info:build libtool: compile:  /usr/bin/clang -DHAVE_CONFIG_H -I./include -I./include -I./libatomic_ops/src -I./libatomic_ops/src -I/opt/local/include -DTHREAD_LOCAL_ALLOC -fexceptions -pipe -Os -arch x86_64 -fno-strict-aliasing -MT alloc.lo -MD -MP -MF .deps/alloc.Tpo -c alloc.c -o alloc.o >/dev/null 2>&1
:info:build [ 74%] Building C object CMakeFiles/fmixml.dir/src/XML/src/FMI2/fmi2_xml_variable.c.o
:info:build 4
:info:build checking size of double... 8
:info:build checking size of long double... mv -f .deps/alloc.Tpo .deps/alloc.Plo
:info:build /bin/sh ./libtool --tag=CC   --mode=compile /usr/bin/clang -DHAVE_CONFIG_H   -I./include -I./include -I./libatomic_ops/src -I./libatomic_ops/src -I/opt/local/include -DTHREAD_LOCAL_ALLOC -fexceptions -pipe -Os -arch x86_64 -fno-strict-aliasing -MT blacklst.lo -MD -MP -MF .deps/blacklst.Tpo -c -o blacklst.lo blacklst.c
:info:build Linking C static library libfmixml.a
:info:build libtool: compile:  /usr/bin/clang -DHAVE_CONFIG_H -I./include -I./include -I./libatomic_ops/src -I./libatomic_ops/src -I/opt/local/include -DTHREAD_LOCAL_ALLOC -fexceptions -pipe -Os -arch x86_64 -fno-strict-aliasing -MT blacklst.lo -MD -MP -MF .deps/blacklst.Tpo -c blacklst.c  -fno-common -DPIC -o .libs/blacklst.o
:info:build libtool: compile:  /usr/bin/clang -DHAVE_CONFIG_H -I./include -I./include -I./libatomic_ops/src -I./libatomic_ops/src -I/opt/local/include -DTHREAD_LOCAL_ALLOC -fexceptions -pipe -Os -arch x86_64 -fno-strict-aliasing -MT blacklst.lo -MD -MP -MF .deps/blacklst.Tpo -c blacklst.c -o blacklst.o >/dev/null 2>&1
:info:build mv -f .deps/blacklst.Tpo .deps/blacklst.Plo
:info:build /bin/sh ./libtool --tag=CC   --mode=compile /usr/bin/clang -DHAVE_CONFIG_H   -I./include -I./include -I./libatomic_ops/src -I./libatomic_ops/src -I/opt/local/include -DTHREAD_LOCAL_ALLOC -fexceptions -pipe -Os -arch x86_64 -fno-strict-aliasing -MT checksums.lo -MD -MP -MF .deps/checksums.Tpo -c -o checksums.lo checksums.c
:info:build 16
:info:build checking size of size_t... libtool: compile:  /usr/bin/clang -DHAVE_CONFIG_H -I./include -I./include -I./libatomic_ops/src -I./libatomic_ops/src -I/opt/local/include -DTHREAD_LOCAL_ALLOC -fexceptions -pipe -Os -arch x86_64 -fno-strict-aliasing -MT checksums.lo -MD -MP -MF .deps/checksums.Tpo -c checksums.c  -fno-common -DPIC -o .libs/checksums.o
:info:build libtool: compile:  /usr/bin/clang -DHAVE_CONFIG_H -I./include -I./include -I./libatomic_ops/src -I./libatomic_ops/src -I/opt/local/include -DTHREAD_LOCAL_ALLOC -fexceptions -pipe -Os -arch x86_64 -fno-strict-aliasing -MT checksums.lo -MD -MP -MF .deps/checksums.Tpo -c checksums.c -o checksums.o >/dev/null 2>&1
:info:build 8
:info:build checking size of void *... mv -f .deps/checksums.Tpo .deps/checksums.Plo
:info:build /bin/sh ./libtool --tag=CC   --mode=compile /usr/bin/clang -DHAVE_CONFIG_H   -I./include -I./include -I./libatomic_ops/src -I./libatomic_ops/src -I/opt/local/include -DTHREAD_LOCAL_ALLOC -fexceptions -pipe -Os -arch x86_64 -fno-strict-aliasing -MT dbg_mlc.lo -MD -MP -MF .deps/dbg_mlc.Tpo -c -o dbg_mlc.lo dbg_mlc.c
:info:build 8
:info:build checking for a sed that does not truncate output... libtool: compile:  /usr/bin/clang -DHAVE_CONFIG_H -I./include -I./include -I./libatomic_ops/src -I./libatomic_ops/src -I/opt/local/include -DTHREAD_LOCAL_ALLOC -fexceptions -pipe -Os -arch x86_64 -fno-strict-aliasing -MT dbg_mlc.lo -MD -MP -MF .deps/dbg_mlc.Tpo -c dbg_mlc.c  -fno-common -DPIC -o .libs/dbg_mlc.o
:info:build /opt/local/bin/gsed
:info:build checking for fgrep... make[5]: Leaving directory `/opt/local/var/macports/build/_opt_local_var_macports_sources_build.openmodelica.org_macports_lang_openmodelica-devel/openmodelica-devel/work/openmodelica_18121/3rdParty/FMIL/build'
:info:build /usr/bin/grep -F
:info:build checking for ld used by /usr/bin/clang... [ 74%] Built target fmixml
:info:build /usr/bin/ld
:info:build checking if the linker (/usr/bin/ld) is GNU ld... make[5]: Entering directory `/opt/local/var/macports/build/_opt_local_var_macports_sources_build.openmodelica.org_macports_lang_openmodelica-devel/openmodelica-devel/work/openmodelica_18121/3rdParty/FMIL/build'
:info:build no
:info:build checking for BSD- or MS-compatible name lister (nm)... /opt/local/bin/nm
:info:build checking the name lister (/opt/local/bin/nm) interface... Scanning dependencies of target fmiimport
:info:build make[5]: Leaving directory `/opt/local/var/macports/build/_opt_local_var_macports_sources_build.openmodelica.org_macports_lang_openmodelica-devel/openmodelica-devel/work/openmodelica_18121/3rdParty/FMIL/build'
:info:build libtool: compile:  /usr/bin/clang -DHAVE_CONFIG_H -I./include -I./include -I./libatomic_ops/src -I./libatomic_ops/src -I/opt/local/include -DTHREAD_LOCAL_ALLOC -fexceptions -pipe -Os -arch x86_64 -fno-strict-aliasing -MT dbg_mlc.lo -MD -MP -MF .deps/dbg_mlc.Tpo -c dbg_mlc.c -o dbg_mlc.o >/dev/null 2>&1
:info:build make[5]: Entering directory `/opt/local/var/macports/build/_opt_local_var_macports_sources_build.openmodelica.org_macports_lang_openmodelica-devel/openmodelica-devel/work/openmodelica_18121/3rdParty/FMIL/build'
:info:build [ 75%] Building C object CMakeFiles/fmiimport.dir/src/Import/src/FMI/fmi_import_context.c.o
:info:build BSD nm
:info:build checking whether ln -s works... yes
:info:build checking the maximum length of command line arguments... 196608
:info:build checking whether the shell understands some XSI constructs... yes
:info:build checking whether the shell understands "+="... yes
:info:build checking for /usr/bin/ld option to reload object files... -r
:info:build checking for x86_64-apple-darwin12.4.0-objdump... no
:info:build checking for objdump... no
:info:build checking how to recognize dependent libraries... pass_all
:info:build checking for x86_64-apple-darwin12.4.0-ar... no
:info:build checking for ar... ar
:info:build checking for x86_64-apple-darwin12.4.0-strip... strip
:info:build checking for x86_64-apple-darwin12.4.0-ranlib... no
:info:build checking for ranlib... ranlib
:info:build [ 77%] checking command to parse /opt/local/bin/nm output from /usr/bin/clang object... Building C object CMakeFiles/fmiimport.dir/src/Import/src/FMI/fmi_import_util.c.o
:info:build mv -f .deps/dbg_mlc.Tpo .deps/dbg_mlc.Plo
:info:build /bin/sh ./libtool --tag=CC   --mode=compile /usr/bin/clang -DHAVE_CONFIG_H   -I./include -I./include -I./libatomic_ops/src -I./libatomic_ops/src -I/opt/local/include -DTHREAD_LOCAL_ALLOC -fexceptions -pipe -Os -arch x86_64 -fno-strict-aliasing -MT dyn_load.lo -MD -MP -MF .deps/dyn_load.Tpo -c -o dyn_load.lo dyn_load.c
:info:build [ 78%] Building C object CMakeFiles/fmiimport.dir/src/Import/src/FMI1/fmi1_import_cosim.c.o
:info:build libtool: compile:  /usr/bin/clang -DHAVE_CONFIG_H -I./include -I./include -I./libatomic_ops/src -I./libatomic_ops/src -I/opt/local/include -DTHREAD_LOCAL_ALLOC -fexceptions -pipe -Os -arch x86_64 -fno-strict-aliasing -MT dyn_load.lo -MD -MP -MF .deps/dyn_load.Tpo -c dyn_load.c  -fno-common -DPIC -o .libs/dyn_load.o
:info:build [ 79%] Building C object CMakeFiles/fmiimport.dir/src/Import/src/FMI1/fmi1_import_capi.c.o
:info:build [ 80%] Building C object CMakeFiles/fmiimport.dir/src/Import/src/FMI1/fmi1_import_type.c.o
:info:build [ 81%] Building C object CMakeFiles/fmiimport.dir/src/Import/src/FMI1/fmi1_import_unit.c.o
:info:build dyn_load.c:1389:37: warning: incompatible pointer types passing 'void (const struct mach_header_64 *, intptr_t)' to parameter of type 'void (*)(const struct mach_header *, intptr_t)' [-Wincompatible-pointer-types]
:info:build   _dyld_register_func_for_add_image(GC_dyld_image_add);
:info:build                                     ^~~~~~~~~~~~~~~~~
:info:build /opt/local/include/mach-o/dyld.h:61:54: note: passing argument to parameter 'func' here
:info:build extern void _dyld_register_func_for_add_image(void (*func)(const struct mach_header* mh, intptr_t vmaddr_slide))    __OSX_AVAILABLE_STARTING(__MAC_10_1, __IPHONE_2_0);
:info:build                                                      ^
:info:build dyn_load.c:1390:40: warning: incompatible pointer types passing 'void (const struct mach_header_64 *, intptr_t)' to parameter of type 'void (*)(const struct mach_header *, intptr_t)' [-Wincompatible-pointer-types]
:info:build   _dyld_register_func_for_remove_image(GC_dyld_image_remove);
:info:build                                        ^~~~~~~~~~~~~~~~~~~~
:info:build /opt/local/include/mach-o/dyld.h:62:57: note: passing argument to parameter 'func' here
:info:build extern void _dyld_register_func_for_remove_image(void (*func)(const struct mach_header* mh, intptr_t vmaddr_slide)) __OSX_AVAILABLE_STARTING(__MAC_10_1, __IPHONE_2_0);
:info:build                                                         ^
:info:build dyn_load.c:1413:12: warning: '_dyld_bind_fully_image_containing_address' is deprecated: first deprecated in OS X 10.5 [-Wdeprecated-declarations]
:info:build       if (!_dyld_bind_fully_image_containing_address(
:info:build            ^
:info:build /opt/local/include/mach-o/dyld.h:240:13: note: '_dyld_bind_fully_image_containing_address' declared here
:info:build extern bool _dyld_bind_fully_image_containing_address(const void* address)                   __OSX_AVAILABLE_BUT_DEPRECATED(__MAC_10_1,__MAC_10_5,__IPHONE_NA,__IPHONE_NA);
:info:build             ^
:info:build 3 warnings generated.
:info:build libtool: compile:  /usr/bin/clang -DHAVE_CONFIG_H -I./include -I./include -I./libatomic_ops/src -I./libatomic_ops/src -I/opt/local/include -DTHREAD_LOCAL_ALLOC -fexceptions -pipe -Os -arch x86_64 -fno-strict-aliasing -MT dyn_load.lo -MD -MP -MF .deps/dyn_load.Tpo -c dyn_load.c -o dyn_load.o >/dev/null 2>&1
:info:build ok
:info:build checking for x86_64-apple-darwin12.4.0-dsymutil... no
:info:build checking for dsymutil... dsymutil
:info:build checking for x86_64-apple-darwin12.4.0-nmedit... no
:info:build checking for nmedit... nmedit
:info:build checking for x86_64-apple-darwin12.4.0-lipo... no
:info:build checking for lipo... lipo
:info:build checking for x86_64-apple-darwin12.4.0-otool... no
:info:build checking for otool... otool
:info:build checking for x86_64-apple-darwin12.4.0-otool64... no
:info:build checking for otool64... no
:info:build checking for -single_module linker flag... [ 83%] Building C object CMakeFiles/fmiimport.dir/src/Import/src/FMI1/fmi1_import_variable.c.o
:info:build mv -f .deps/dyn_load.Tpo .deps/dyn_load.Plo
:info:build /bin/sh ./libtool --tag=CC   --mode=compile /usr/bin/clang -DHAVE_CONFIG_H   -I./include -I./include -I./libatomic_ops/src -I./libatomic_ops/src -I/opt/local/include -DTHREAD_LOCAL_ALLOC -fexceptions -pipe -Os -arch x86_64 -fno-strict-aliasing -MT finalize.lo -MD -MP -MF .deps/finalize.Tpo -c -o finalize.lo finalize.c
:info:build yes
:info:build checking for -exported_symbols_list linker flag... libtool: compile:  /usr/bin/clang -DHAVE_CONFIG_H -I./include -I./include -I./libatomic_ops/src -I./libatomic_ops/src -I/opt/local/include -DTHREAD_LOCAL_ALLOC -fexceptions -pipe -Os -arch x86_64 -fno-strict-aliasing -MT finalize.lo -MD -MP -MF .deps/finalize.Tpo -c finalize.c  -fno-common -DPIC -o .libs/finalize.o
:info:build [ 84%] Building C object CMakeFiles/fmiimport.dir/src/Import/src/FMI1/fmi1_import_variable_list.c.o
:info:build yes
:info:build checking for dlfcn.h... yes
:info:build checking for x86_64-apple-darwin12.4.0-g77... no
:info:build checking for x86_64-apple-darwin12.4.0-xlf... no
:info:build checking for x86_64-apple-darwin12.4.0-f77... no
:info:build checking for x86_64-apple-darwin12.4.0-frt... no
:info:build checking for x86_64-apple-darwin12.4.0-pgf77... no
:info:build checking for x86_64-apple-darwin12.4.0-cf77... no
:info:build checking for x86_64-apple-darwin12.4.0-fort77... no
:info:build checking for x86_64-apple-darwin12.4.0-fl32... no
:info:build checking for x86_64-apple-darwin12.4.0-af77... no
:info:build checking for x86_64-apple-darwin12.4.0-xlf90... no
:info:build checking for x86_64-apple-darwin12.4.0-f90... no
:info:build checking for x86_64-apple-darwin12.4.0-pgf90... no
:info:build checking for x86_64-apple-darwin12.4.0-pghpf... no
:info:build checking for x86_64-apple-darwin12.4.0-epcf90... no
:info:build checking for x86_64-apple-darwin12.4.0-gfortran... no
:info:build checking for x86_64-apple-darwin12.4.0-g95... no
:info:build checking for x86_64-apple-darwin12.4.0-xlf95... no
:info:build checking for x86_64-apple-darwin12.4.0-f95... no
:info:build checking for x86_64-apple-darwin12.4.0-fort... no
:info:build checking for x86_64-apple-darwin12.4.0-ifort... no
:info:build checking for x86_64-apple-darwin12.4.0-ifc... no
:info:build checking for x86_64-apple-darwin12.4.0-efc... no
:info:build checking for x86_64-apple-darwin12.4.0-pgfortran... no
:info:build checking for x86_64-apple-darwin12.4.0-pgf95... no
:info:build checking for x86_64-apple-darwin12.4.0-lf95... no
:info:build checking for x86_64-apple-darwin12.4.0-ftn... no
:info:build checking for x86_64-apple-darwin12.4.0-nagfor... no
:info:build checking for g77... no
:info:build checking for xlf... no
:info:build checking for f77... no
:info:build checking for frt... no
:info:build checking for pgf77... no
:info:build checking for cf77... no
:info:build checking for fort77... no
:info:build checking for fl32... no
:info:build checking for af77... no
:info:build checking for xlf90... no
:info:build checking for f90... no
:info:build checking for pgf90... no
:info:build checking for pghpf... no
:info:build checking for epcf90... no
:info:build checking for gfortran... no
:info:build checking for g95... g95
:info:build libtool: compile:  /usr/bin/clang -DHAVE_CONFIG_H -I./include -I./include -I./libatomic_ops/src -I./libatomic_ops/src -I/opt/local/include -DTHREAD_LOCAL_ALLOC -fexceptions -pipe -Os -arch x86_64 -fno-strict-aliasing -MT finalize.lo -MD -MP -MF .deps/finalize.Tpo -c finalize.c -o finalize.o >/dev/null 2>&1
:info:build [ 85%] Building C object CMakeFiles/fmiimport.dir/src/Import/src/FMI1/fmi1_import_vendor_annotations.c.o
:info:build [ 86%] Building C object CMakeFiles/fmiimport.dir/src/Import/src/FMI1/fmi1_import.c.o
:info:build checking whether we are using the GNU Fortran 77 compiler... mv -f .deps/finalize.Tpo .deps/finalize.Plo
:info:build /bin/sh ./libtool --tag=CC   --mode=compile /usr/bin/clang -DHAVE_CONFIG_H   -I./include -I./include -I./libatomic_ops/src -I./libatomic_ops/src -I/opt/local/include -DTHREAD_LOCAL_ALLOC -fexceptions -pipe -Os -arch x86_64 -fno-strict-aliasing -MT gc_dlopen.lo -MD -MP -MF .deps/gc_dlopen.Tpo -c -o gc_dlopen.lo gc_dlopen.c
:info:build yes
:info:build checking whether g95 accepts -g... [ 87%] Building C object CMakeFiles/fmiimport.dir/src/Import/src/FMI1/fmi1_import_capabilities.c.o
:info:build libtool: compile:  /usr/bin/clang -DHAVE_CONFIG_H -I./include -I./include -I./libatomic_ops/src -I./libatomic_ops/src -I/opt/local/include -DTHREAD_LOCAL_ALLOC -fexceptions -pipe -Os -arch x86_64 -fno-strict-aliasing -MT gc_dlopen.lo -MD -MP -MF .deps/gc_dlopen.Tpo -c gc_dlopen.c  -fno-common -DPIC -o .libs/gc_dlopen.o
:info:build yes
:info:build checking for x86_64-apple-darwin12.4.0-gfortran... no
:info:build checking for x86_64-apple-darwin12.4.0-g95... no
:info:build checking for x86_64-apple-darwin12.4.0-xlf95... no
:info:build checking for x86_64-apple-darwin12.4.0-f95... no
:info:build checking for x86_64-apple-darwin12.4.0-fort... no
:info:build checking for x86_64-apple-darwin12.4.0-ifort... no
:info:build checking for x86_64-apple-darwin12.4.0-ifc... no
:info:build checking for x86_64-apple-darwin12.4.0-efc... no
:info:build checking for x86_64-apple-darwin12.4.0-pgfortran... no
:info:build checking for x86_64-apple-darwin12.4.0-pgf95... no
:info:build checking for x86_64-apple-darwin12.4.0-lf95... no
:info:build checking for x86_64-apple-darwin12.4.0-ftn... no
:info:build checking for x86_64-apple-darwin12.4.0-nagfor... no
:info:build checking for x86_64-apple-darwin12.4.0-xlf90... no
:info:build checking for x86_64-apple-darwin12.4.0-f90... no
:info:build checking for x86_64-apple-darwin12.4.0-pgf90... no
:info:build checking for x86_64-apple-darwin12.4.0-pghpf... no
:info:build checking for x86_64-apple-darwin12.4.0-epcf90... no
:info:build checking for x86_64-apple-darwin12.4.0-g77... no
:info:build checking for x86_64-apple-darwin12.4.0-xlf... no
:info:build checking for x86_64-apple-darwin12.4.0-f77... no
:info:build checking for x86_64-apple-darwin12.4.0-frt... no
:info:build checking for x86_64-apple-darwin12.4.0-pgf77... no
:info:build checking for x86_64-apple-darwin12.4.0-cf77... no
:info:build checking for x86_64-apple-darwin12.4.0-fort77... no
:info:build checking for x86_64-apple-darwin12.4.0-fl32... libtool: compile:  /usr/bin/clang -DHAVE_CONFIG_H -I./include -I./include -I./libatomic_ops/src -I./libatomic_ops/src -I/opt/local/include -DTHREAD_LOCAL_ALLOC -fexceptions -pipe -Os -arch x86_64 -fno-strict-aliasing -MT gc_dlopen.lo -MD -MP -MF .deps/gc_dlopen.Tpo -c gc_dlopen.c -o gc_dlopen.o >/dev/null 2>&1
:info:build no
:info:build checking for x86_64-apple-darwin12.4.0-af77... no
:info:build checking for gfortran... no
:info:build checking for g95... g95
:info:build [ 89%] Building C object CMakeFiles/fmiimport.dir/src/Import/src/FMI1/fmi1_import_convenience.c.o
:info:build mv -f .deps/gc_dlopen.Tpo .deps/gc_dlopen.Plo
:info:build /bin/sh ./libtool --tag=CC   --mode=compile /usr/bin/clang -DHAVE_CONFIG_H   -I./include -I./include -I./libatomic_ops/src -I./libatomic_ops/src -I/opt/local/include -DTHREAD_LOCAL_ALLOC -fexceptions -pipe -Os -arch x86_64 -fno-strict-aliasing -MT gcj_mlc.lo -MD -MP -MF .deps/gcj_mlc.Tpo -c -o gcj_mlc.lo gcj_mlc.c
:info:build checking whether we are using the GNU Fortran compiler... libtool: compile:  /usr/bin/clang -DHAVE_CONFIG_H -I./include -I./include -I./libatomic_ops/src -I./libatomic_ops/src -I/opt/local/include -DTHREAD_LOCAL_ALLOC -fexceptions -pipe -Os -arch x86_64 -fno-strict-aliasing -MT gcj_mlc.lo -MD -MP -MF .deps/gcj_mlc.Tpo -c gcj_mlc.c  -fno-common -DPIC -o .libs/gcj_mlc.o
:info:build yes
:info:build checking whether g95 accepts -g... libtool: compile:  /usr/bin/clang -DHAVE_CONFIG_H -I./include -I./include -I./libatomic_ops/src -I./libatomic_ops/src -I/opt/local/include -DTHREAD_LOCAL_ALLOC -fexceptions -pipe -Os -arch x86_64 -fno-strict-aliasing -MT gcj_mlc.lo -MD -MP -MF .deps/gcj_mlc.Tpo -c gcj_mlc.c -o gcj_mlc.o >/dev/null 2>&1
:info:build [ 90%] Building C object CMakeFiles/fmiimport.dir/src/Import/src/FMI2/fmi2_import_capi.c.o
:info:build yes
:info:build checking for objdir... .libs
:info:build mv -f .deps/gcj_mlc.Tpo .deps/gcj_mlc.Plo
:info:build /bin/sh ./libtool --tag=CC   --mode=compile /usr/bin/clang -DHAVE_CONFIG_H   -I./include -I./include -I./libatomic_ops/src -I./libatomic_ops/src -I/opt/local/include -DTHREAD_LOCAL_ALLOC -fexceptions -pipe -Os -arch x86_64 -fno-strict-aliasing -MT headers.lo -MD -MP -MF .deps/headers.Tpo -c -o headers.lo headers.c
:info:build libtool: compile:  /usr/bin/clang -DHAVE_CONFIG_H -I./include -I./include -I./libatomic_ops/src -I./libatomic_ops/src -I/opt/local/include -DTHREAD_LOCAL_ALLOC -fexceptions -pipe -Os -arch x86_64 -fno-strict-aliasing -MT headers.lo -MD -MP -MF .deps/headers.Tpo -c headers.c  -fno-common -DPIC -o .libs/headers.o
:info:build [ 91%] checking if /usr/bin/clang supports -fno-rtti -fno-exceptions... Building C object CMakeFiles/fmiimport.dir/src/Import/src/FMI2/fmi2_import_type.c.o
:info:build yes
:info:build checking for /usr/bin/clang option to produce PIC... -fno-common -DPIC
:info:build checking if /usr/bin/clang PIC flag -fno-common -DPIC works... libtool: compile:  /usr/bin/clang -DHAVE_CONFIG_H -I./include -I./include -I./libatomic_ops/src -I./libatomic_ops/src -I/opt/local/include -DTHREAD_LOCAL_ALLOC -fexceptions -pipe -Os -arch x86_64 -fno-strict-aliasing -MT headers.lo -MD -MP -MF .deps/headers.Tpo -c headers.c -o headers.o >/dev/null 2>&1
:info:build [ 92%] Building C object CMakeFiles/fmiimport.dir/src/Import/src/FMI2/fmi2_import_unit.c.o
:info:build yes
:info:build checking if /usr/bin/clang static flag -static works... no
:info:build checking if /usr/bin/clang supports -c -o file.o... [ 93%] Building C object CMakeFiles/fmiimport.dir/src/Import/src/FMI2/fmi2_import_variable.c.o
:info:build mv -f .deps/headers.Tpo .deps/headers.Plo
:info:build /bin/sh ./libtool --tag=CC   --mode=compile /usr/bin/clang -DHAVE_CONFIG_H   -I./include -I./include -I./libatomic_ops/src -I./libatomic_ops/src -I/opt/local/include -DTHREAD_LOCAL_ALLOC -fexceptions -pipe -Os -arch x86_64 -fno-strict-aliasing -MT malloc.lo -MD -MP -MF .deps/malloc.Tpo -c -o malloc.lo malloc.c
:info:build yes
:info:build checking if /usr/bin/clang supports -c -o file.o... (cached) yes
:info:build checking whether the /usr/bin/clang linker (/usr/bin/ld) supports shared libraries... yes
:info:build checking dynamic linker characteristics... libtool: compile:  /usr/bin/clang -DHAVE_CONFIG_H -I./include -I./include -I./libatomic_ops/src -I./libatomic_ops/src -I/opt/local/include -DTHREAD_LOCAL_ALLOC -fexceptions -pipe -Os -arch x86_64 -fno-strict-aliasing -MT malloc.lo -MD -MP -MF .deps/malloc.Tpo -c malloc.c  -fno-common -DPIC -o .libs/malloc.o
:info:build [ 95%] darwin12.4.0 dyld
:info:build checking how to hardcode library paths into programs... immediate
:info:build checking whether stripping libraries is possible... Building C object CMakeFiles/fmiimport.dir/src/Import/src/FMI2/fmi2_import_variable_list.c.o
:info:build yes
:info:build checking if libtool supports shared libraries... yes
:info:build checking whether to build shared libraries... yes
:info:build checking whether to build static libraries... no
:info:build libtool: compile:  /usr/bin/clang -DHAVE_CONFIG_H -I./include -I./include -I./libatomic_ops/src -I./libatomic_ops/src -I/opt/local/include -DTHREAD_LOCAL_ALLOC -fexceptions -pipe -Os -arch x86_64 -fno-strict-aliasing -MT malloc.lo -MD -MP -MF .deps/malloc.Tpo -c malloc.c -o malloc.o >/dev/null 2>&1
:info:build [ 96%] Building C object CMakeFiles/fmiimport.dir/src/Import/src/FMI2/fmi2_import.c.o
:info:build mv -f .deps/malloc.Tpo .deps/malloc.Plo
:info:build /bin/sh ./libtool --tag=CC   --mode=compile /usr/bin/clang -DHAVE_CONFIG_H   -I./include -I./include -I./libatomic_ops/src -I./libatomic_ops/src -I/opt/local/include -DTHREAD_LOCAL_ALLOC -fexceptions -pipe -Os -arch x86_64 -fno-strict-aliasing -MT mallocx.lo -MD -MP -MF .deps/mallocx.Tpo -c -o mallocx.lo mallocx.c
:info:build checking if libtool supports shared libraries... yes
:info:build checking whether to build shared libraries... yes
:info:build checking whether to build static libraries... no
:info:build checking for g95 option to produce PIC... -fno-common
:info:build checking if g95 PIC flag -fno-common works... libtool: compile:  /usr/bin/clang -DHAVE_CONFIG_H -I./include -I./include -I./libatomic_ops/src -I./libatomic_ops/src -I/opt/local/include -DTHREAD_LOCAL_ALLOC -fexceptions -pipe -Os -arch x86_64 -fno-strict-aliasing -MT mallocx.lo -MD -MP -MF .deps/mallocx.Tpo -c mallocx.c  -fno-common -DPIC -o .libs/mallocx.o
:info:build yes
:info:build checking if g95 static flag -static works... [ 97%] Building C object CMakeFiles/fmiimport.dir/src/Import/src/FMI2/fmi2_import_convenience.c.o
:info:build libtool: compile:  /usr/bin/clang -DHAVE_CONFIG_H -I./include -I./include -I./libatomic_ops/src -I./libatomic_ops/src -I/opt/local/include -DTHREAD_LOCAL_ALLOC -fexceptions -pipe -Os -arch x86_64 -fno-strict-aliasing -MT mallocx.lo -MD -MP -MF .deps/mallocx.Tpo -c mallocx.c -o mallocx.o >/dev/null 2>&1
:info:build no
:info:build checking if g95 supports -c -o file.o... Linking C static library libfmiimport.a
:info:build mv -f .deps/mallocx.Tpo .deps/mallocx.Plo
:info:build /bin/sh ./libtool --tag=CC   --mode=compile /usr/bin/clang -DHAVE_CONFIG_H   -I./include -I./include -I./libatomic_ops/src -I./libatomic_ops/src -I/opt/local/include -DTHREAD_LOCAL_ALLOC -fexceptions -pipe -Os -arch x86_64 -fno-strict-aliasing -MT mark.lo -MD -MP -MF .deps/mark.Tpo -c -o mark.lo mark.c
:info:build yes
:info:build checking if g95 supports -c -o file.o... (cached) yes
:info:build checking whether the g95 linker (/usr/bin/ld) supports shared libraries... yes
:info:build checking dynamic linker characteristics... darwin12.4.0 dyld
:info:build checking how to hardcode library paths into programs... immediate
:info:build libtool: compile:  /usr/bin/clang -DHAVE_CONFIG_H -I./include -I./include -I./libatomic_ops/src -I./libatomic_ops/src -I/opt/local/include -DTHREAD_LOCAL_ALLOC -fexceptions -pipe -Os -arch x86_64 -fno-strict-aliasing -MT mark.lo -MD -MP -MF .deps/mark.Tpo -c mark.c  -fno-common -DPIC -o .libs/mark.o
:info:build libtool: compile:  /usr/bin/clang -DHAVE_CONFIG_H -I./include -I./include -I./libatomic_ops/src -I./libatomic_ops/src -I/opt/local/include -DTHREAD_LOCAL_ALLOC -fexceptions -pipe -Os -arch x86_64 -fno-strict-aliasing -MT mark.lo -MD -MP -MF .deps/mark.Tpo -c mark.c -o mark.o >/dev/null 2>&1
:info:build checking if libtool supports shared libraries... yes
:info:build checking whether to build shared libraries... yes
:info:build checking whether to build static libraries... no
:info:build checking for g95 option to produce PIC... -fno-common
:info:build checking if g95 PIC flag -fno-common works... make[5]: Leaving directory `/opt/local/var/macports/build/_opt_local_var_macports_sources_build.openmodelica.org_macports_lang_openmodelica-devel/openmodelica-devel/work/openmodelica_18121/3rdParty/FMIL/build'
:info:build [ 97%] Built target fmiimport
:info:build make[5]: Entering directory `/opt/local/var/macports/build/_opt_local_var_macports_sources_build.openmodelica.org_macports_lang_openmodelica-devel/openmodelica-devel/work/openmodelica_18121/3rdParty/FMIL/build'
:info:build [ 98%] Generating fmilib_dummy.c
:info:build yes
:info:build checking if g95 static flag -static works... Scanning dependencies of target fmilib
:info:build make[5]: Leaving directory `/opt/local/var/macports/build/_opt_local_var_macports_sources_build.openmodelica.org_macports_lang_openmodelica-devel/openmodelica-devel/work/openmodelica_18121/3rdParty/FMIL/build'
:info:build make[5]: Entering directory `/opt/local/var/macports/build/_opt_local_var_macports_sources_build.openmodelica.org_macports_lang_openmodelica-devel/openmodelica-devel/work/openmodelica_18121/3rdParty/FMIL/build'
:info:build mv -f .deps/mark.Tpo .deps/mark.Plo
:info:build /bin/sh ./libtool --tag=CC   --mode=compile /usr/bin/clang -DHAVE_CONFIG_H   -I./include -I./include -I./libatomic_ops/src -I./libatomic_ops/src -I/opt/local/include -DTHREAD_LOCAL_ALLOC -fexceptions -pipe -Os -arch x86_64 -fno-strict-aliasing -MT mark_rts.lo -MD -MP -MF .deps/mark_rts.Tpo -c -o mark_rts.lo mark_rts.c
:info:build [100%] Building C object CMakeFiles/fmilib.dir/fmilib_dummy.c.o
:info:build Linking C static library libfmilib.a
:info:build libtool: compile:  /usr/bin/clang -DHAVE_CONFIG_H -I./include -I./include -I./libatomic_ops/src -I./libatomic_ops/src -I/opt/local/include -DTHREAD_LOCAL_ALLOC -fexceptions -pipe -Os -arch x86_64 -fno-strict-aliasing -MT mark_rts.lo -MD -MP -MF .deps/mark_rts.Tpo -c mark_rts.c  -fno-common -DPIC -o .libs/mark_rts.o
:info:build no
:info:build checking if g95 supports -c -o file.o... yes
:info:build checking if g95 supports -c -o file.o... (cached) yes
:info:build checking whether the g95 linker (/usr/bin/ld) supports shared libraries... yes
:info:build checking dynamic linker characteristics... darwin12.4.0 dyld
:info:build checking how to hardcode library paths into programs... immediate
:info:build checking for ANSI C header files... (cached) yes
:info:build libtool: compile:  /usr/bin/clang -DHAVE_CONFIG_H -I./include -I./include -I./libatomic_ops/src -I./libatomic_ops/src -I/opt/local/include -DTHREAD_LOCAL_ALLOC -fexceptions -pipe -Os -arch x86_64 -fno-strict-aliasing -MT mark_rts.lo -MD -MP -MF .deps/mark_rts.Tpo -c mark_rts.c -o mark_rts.o >/dev/null 2>&1
:info:build checking malloc.h usability... no
:info:build checking malloc.h presence... no
:info:build checking for malloc.h... no
:info:build mv -f .deps/mark_rts.Tpo .deps/mark_rts.Plo
:info:build /bin/sh ./libtool --tag=CC   --mode=compile /usr/bin/clang -DHAVE_CONFIG_H   -I./include -I./include -I./libatomic_ops/src -I./libatomic_ops/src -I/opt/local/include -DTHREAD_LOCAL_ALLOC -fexceptions -pipe -Os -arch x86_64 -fno-strict-aliasing -MT misc.lo -MD -MP -MF .deps/misc.Tpo -c -o misc.lo misc.c
:info:build checking for stdlib.h... (cached) yes
:info:build checking for string.h... (cached) yes
:info:build checking sys/time.h usability... libtool: compile:  /usr/bin/clang -DHAVE_CONFIG_H -I./include -I./include -I./libatomic_ops/src -I./libatomic_ops/src -I/opt/local/include -DTHREAD_LOCAL_ALLOC -fexceptions -pipe -Os -arch x86_64 -fno-strict-aliasing -MT misc.lo -MD -MP -MF .deps/misc.Tpo -c misc.c  -fno-common -DPIC -o .libs/misc.o
:info:build yes
:info:build checking sys/time.h presence... /usr/bin/libtool: file: /opt/local/var/macports/build/_opt_local_var_macports_sources_build.openmodelica.org_macports_lang_openmodelica-devel/openmodelica-devel/work/openmodelica_18121/3rdParty/FMIL/build/ExpatEx/./libexpat.a(xmltok_impl.c.o) has no symbols
:info:build /usr/bin/libtool: file: /opt/local/var/macports/build/_opt_local_var_macports_sources_build.openmodelica.org_macports_lang_openmodelica-devel/openmodelica-devel/work/openmodelica_18121/3rdParty/FMIL/build/ExpatEx/./libexpat.a(xmltok_ns.c.o) has no symbols
:info:build yes
:info:build checking for sys/time.h... yes
:info:build checking for an ANSI C-conforming const... yes
:info:build checking for size_t... libtool: compile:  /usr/bin/clang -DHAVE_CONFIG_H -I./include -I./include -I./libatomic_ops/src -I./libatomic_ops/src -I/opt/local/include -DTHREAD_LOCAL_ALLOC -fexceptions -pipe -Os -arch x86_64 -fno-strict-aliasing -MT misc.lo -MD -MP -MF .deps/misc.Tpo -c misc.c -o misc.o >/dev/null 2>&1
:info:build yes
:info:build mv -f .deps/misc.Tpo .deps/misc.Plo
:info:build configure: creating ./config.status
:info:build /bin/sh ./libtool --tag=CC   --mode=compile /usr/bin/clang -DHAVE_CONFIG_H   -I./include -I./include -I./libatomic_ops/src -I./libatomic_ops/src -I/opt/local/include -DTHREAD_LOCAL_ALLOC -fexceptions -pipe -Os -arch x86_64 -fno-strict-aliasing -MT new_hblk.lo -MD -MP -MF .deps/new_hblk.Tpo -c -o new_hblk.lo new_hblk.c
:info:build make[5]: Leaving directory `/opt/local/var/macports/build/_opt_local_var_macports_sources_build.openmodelica.org_macports_lang_openmodelica-devel/openmodelica-devel/work/openmodelica_18121/3rdParty/FMIL/build'
:info:build libtool: compile:  /usr/bin/clang -DHAVE_CONFIG_H -I./include -I./include -I./libatomic_ops/src -I./libatomic_ops/src -I/opt/local/include -DTHREAD_LOCAL_ALLOC -fexceptions -pipe -Os -arch x86_64 -fno-strict-aliasing -MT new_hblk.lo -MD -MP -MF .deps/new_hblk.Tpo -c new_hblk.c  -fno-common -DPIC -o .libs/new_hblk.o
:info:build [100%] Built target fmilib
:info:build make[4]: Leaving directory `/opt/local/var/macports/build/_opt_local_var_macports_sources_build.openmodelica.org_macports_lang_openmodelica-devel/openmodelica-devel/work/openmodelica_18121/3rdParty/FMIL/build'
:info:build make[3]: Leaving directory `/opt/local/var/macports/build/_opt_local_var_macports_sources_build.openmodelica.org_macports_lang_openmodelica-devel/openmodelica-devel/work/openmodelica_18121/3rdParty/FMIL/build'
:info:build test -d 3rdParty/FMIL/install || /usr/bin/make -C 3rdParty/FMIL/build install
:info:build make[3]: Entering directory `/opt/local/var/macports/build/_opt_local_var_macports_sources_build.openmodelica.org_macports_lang_openmodelica-devel/openmodelica-devel/work/openmodelica_18121/3rdParty/FMIL/build'
:info:build make[4]: Entering directory `/opt/local/var/macports/build/_opt_local_var_macports_sources_build.openmodelica.org_macports_lang_openmodelica-devel/openmodelica-devel/work/openmodelica_18121/3rdParty/FMIL/build'
:info:build make[5]: Entering directory `/opt/local/var/macports/build/_opt_local_var_macports_sources_build.openmodelica.org_macports_lang_openmodelica-devel/openmodelica-devel/work/openmodelica_18121/3rdParty/FMIL/build'
:info:build libtool: compile:  /usr/bin/clang -DHAVE_CONFIG_H -I./include -I./include -I./libatomic_ops/src -I./libatomic_ops/src -I/opt/local/include -DTHREAD_LOCAL_ALLOC -fexceptions -pipe -Os -arch x86_64 -fno-strict-aliasing -MT new_hblk.lo -MD -MP -MF .deps/new_hblk.Tpo -c new_hblk.c -o new_hblk.o >/dev/null 2>&1
:info:build make[5]: Leaving directory `/opt/local/var/macports/build/_opt_local_var_macports_sources_build.openmodelica.org_macports_lang_openmodelica-devel/openmodelica-devel/work/openmodelica_18121/3rdParty/FMIL/build'
:info:build [ 10%] Built target expatex
:info:build make[5]: Entering directory `/opt/local/var/macports/build/_opt_local_var_macports_sources_build.openmodelica.org_macports_lang_openmodelica-devel/openmodelica-devel/work/openmodelica_18121/3rdParty/FMIL/build'
:info:build make[5]: Leaving directory `/opt/local/var/macports/build/_opt_local_var_macports_sources_build.openmodelica.org_macports_lang_openmodelica-devel/openmodelica-devel/work/openmodelica_18121/3rdParty/FMIL/build'
:info:build [ 12%] Built target c99snprintf
:info:build make[5]: Entering directory `/opt/local/var/macports/build/_opt_local_var_macports_sources_build.openmodelica.org_macports_lang_openmodelica-devel/openmodelica-devel/work/openmodelica_18121/3rdParty/FMIL/build'
:info:build mv -f .deps/new_hblk.Tpo .deps/new_hblk.Plo
:info:build /bin/sh ./libtool --tag=CC   --mode=compile /usr/bin/clang -DHAVE_CONFIG_H   -I./include -I./include -I./libatomic_ops/src -I./libatomic_ops/src -I/opt/local/include -DTHREAD_LOCAL_ALLOC -fexceptions -pipe -Os -arch x86_64 -fno-strict-aliasing -MT obj_map.lo -MD -MP -MF .deps/obj_map.Tpo -c -o obj_map.lo obj_map.c
:info:build make[5]: Leaving directory `/opt/local/var/macports/build/_opt_local_var_macports_sources_build.openmodelica.org_macports_lang_openmodelica-devel/openmodelica-devel/work/openmodelica_18121/3rdParty/FMIL/build'
:info:build [ 30%] Built target zlib
:info:build make[5]: Entering directory `/opt/local/var/macports/build/_opt_local_var_macports_sources_build.openmodelica.org_macports_lang_openmodelica-devel/openmodelica-devel/work/openmodelica_18121/3rdParty/FMIL/build'
:info:build libtool: compile:  /usr/bin/clang -DHAVE_CONFIG_H -I./include -I./include -I./libatomic_ops/src -I./libatomic_ops/src -I/opt/local/include -DTHREAD_LOCAL_ALLOC -fexceptions -pipe -Os -arch x86_64 -fno-strict-aliasing -MT obj_map.lo -MD -MP -MF .deps/obj_map.Tpo -c obj_map.c  -fno-common -DPIC -o .libs/obj_map.o
:info:build make[5]: Leaving directory `/opt/local/var/macports/build/_opt_local_var_macports_sources_build.openmodelica.org_macports_lang_openmodelica-devel/openmodelica-devel/work/openmodelica_18121/3rdParty/FMIL/build'
:info:build [ 39%] Built target jmutils
:info:build make[5]: Entering directory `/opt/local/var/macports/build/_opt_local_var_macports_sources_build.openmodelica.org_macports_lang_openmodelica-devel/openmodelica-devel/work/openmodelica_18121/3rdParty/FMIL/build'
:info:build make[5]: Leaving directory `/opt/local/var/macports/build/_opt_local_var_macports_sources_build.openmodelica.org_macports_lang_openmodelica-devel/openmodelica-devel/work/openmodelica_18121/3rdParty/FMIL/build'
:info:build libtool: compile:  /usr/bin/clang -DHAVE_CONFIG_H -I./include -I./include -I./libatomic_ops/src -I./libatomic_ops/src -I/opt/local/include -DTHREAD_LOCAL_ALLOC -fexceptions -pipe -Os -arch x86_64 -fno-strict-aliasing -MT obj_map.lo -MD -MP -MF .deps/obj_map.Tpo -c obj_map.c -o obj_map.o >/dev/null 2>&1
:info:build [ 45%] Built target minizip
:info:build make[5]: Entering directory `/opt/local/var/macports/build/_opt_local_var_macports_sources_build.openmodelica.org_macports_lang_openmodelica-devel/openmodelica-devel/work/openmodelica_18121/3rdParty/FMIL/build'
:info:build make[5]: Leaving directory `/opt/local/var/macports/build/_opt_local_var_macports_sources_build.openmodelica.org_macports_lang_openmodelica-devel/openmodelica-devel/work/openmodelica_18121/3rdParty/FMIL/build'
:info:build [ 65%] mv -f .deps/obj_map.Tpo .deps/obj_map.Plo
:info:build Built target fmixml
:info:build /bin/sh ./libtool --tag=CC   --mode=compile /usr/bin/clang -DHAVE_CONFIG_H   -I./include -I./include -I./libatomic_ops/src -I./libatomic_ops/src -I/opt/local/include -DTHREAD_LOCAL_ALLOC -fexceptions -pipe -Os -arch x86_64 -fno-strict-aliasing -MT os_dep.lo -MD -MP -MF .deps/os_dep.Tpo -c -o os_dep.lo os_dep.c
:info:build make[5]: Entering directory `/opt/local/var/macports/build/_opt_local_var_macports_sources_build.openmodelica.org_macports_lang_openmodelica-devel/openmodelica-devel/work/openmodelica_18121/3rdParty/FMIL/build'
:info:build make[5]: Leaving directory `/opt/local/var/macports/build/_opt_local_var_macports_sources_build.openmodelica.org_macports_lang_openmodelica-devel/openmodelica-devel/work/openmodelica_18121/3rdParty/FMIL/build'
:info:build libtool: compile:  /usr/bin/clang -DHAVE_CONFIG_H -I./include -I./include -I./libatomic_ops/src -I./libatomic_ops/src -I/opt/local/include -DTHREAD_LOCAL_ALLOC -fexceptions -pipe -Os -arch x86_64 -fno-strict-aliasing -MT os_dep.lo -MD -MP -MF .deps/os_dep.Tpo -c os_dep.c  -fno-common -DPIC -o .libs/os_dep.o
:info:build [ 67%] Built target fmizip
:info:build make[5]: Entering directory `/opt/local/var/macports/build/_opt_local_var_macports_sources_build.openmodelica.org_macports_lang_openmodelica-devel/openmodelica-devel/work/openmodelica_18121/3rdParty/FMIL/build'
:info:build make[5]: Leaving directory `/opt/local/var/macports/build/_opt_local_var_macports_sources_build.openmodelica.org_macports_lang_openmodelica-devel/openmodelica-devel/work/openmodelica_18121/3rdParty/FMIL/build'
:info:build [ 74%] Built target fmicapi
:info:build make[5]: Entering directory `/opt/local/var/macports/build/_opt_local_var_macports_sources_build.openmodelica.org_macports_lang_openmodelica-devel/openmodelica-devel/work/openmodelica_18121/3rdParty/FMIL/build'
:info:build make[5]: Leaving directory `/opt/local/var/macports/build/_opt_local_var_macports_sources_build.openmodelica.org_macports_lang_openmodelica-devel/openmodelica-devel/work/openmodelica_18121/3rdParty/FMIL/build'
:info:build [ 97%] Built target fmiimport
:info:build make[5]: Entering directory `/opt/local/var/macports/build/_opt_local_var_macports_sources_build.openmodelica.org_macports_lang_openmodelica-devel/openmodelica-devel/work/openmodelica_18121/3rdParty/FMIL/build'
:info:build make[5]: Leaving directory `/opt/local/var/macports/build/_opt_local_var_macports_sources_build.openmodelica.org_macports_lang_openmodelica-devel/openmodelica-devel/work/openmodelica_18121/3rdParty/FMIL/build'
:info:build [100%] Built target fmilib
:info:build make[4]: Leaving directory `/opt/local/var/macports/build/_opt_local_var_macports_sources_build.openmodelica.org_macports_lang_openmodelica-devel/openmodelica-devel/work/openmodelica_18121/3rdParty/FMIL/build'
:info:build Install the project...
:info:build -- Install configuration: "Release"
:info:build -- Installing: /opt/local/var/macports/build/_opt_local_var_macports_sources_build.openmodelica.org_macports_lang_openmodelica-devel/openmodelica-devel/work/openmodelica_18121/3rdParty/FMIL/build/../install/lib/libfmilib.a
:info:build libtool: compile:  /usr/bin/clang -DHAVE_CONFIG_H -I./include -I./include -I./libatomic_ops/src -I./libatomic_ops/src -I/opt/local/include -DTHREAD_LOCAL_ALLOC -fexceptions -pipe -Os -arch x86_64 -fno-strict-aliasing -MT os_dep.lo -MD -MP -MF .deps/os_dep.Tpo -c os_dep.c -o os_dep.o >/dev/null 2>&1
:info:build /usr/bin/ranlib: file: ../install/lib/libfmilib.a(xmltok_impl.c.o) has no symbols
:info:build /usr/bin/ranlib: file: ../install/lib/libfmilib.a(xmltok_ns.c.o) has no symbols
:info:build mv -f .deps/os_dep.Tpo .deps/os_dep.Plo
:info:build /bin/sh ./libtool --tag=CC   --mode=compile /usr/bin/clang -DHAVE_CONFIG_H   -I./include -I./include -I./libatomic_ops/src -I./libatomic_ops/src -I/opt/local/include -DTHREAD_LOCAL_ALLOC -fexceptions -pipe -Os -arch x86_64 -fno-strict-aliasing -MT pcr_interface.lo -MD -MP -MF .deps/pcr_interface.Tpo -c -o pcr_interface.lo pcr_interface.c
:info:build libtool: compile:  /usr/bin/clang -DHAVE_CONFIG_H -I./include -I./include -I./libatomic_ops/src -I./libatomic_ops/src -I/opt/local/include -DTHREAD_LOCAL_ALLOC -fexceptions -pipe -Os -arch x86_64 -fno-strict-aliasing -MT pcr_interface.lo -MD -MP -MF .deps/pcr_interface.Tpo -c pcr_interface.c  -fno-common -DPIC -o .libs/pcr_interface.o
:info:build libtool: compile:  /usr/bin/clang -DHAVE_CONFIG_H -I./include -I./include -I./libatomic_ops/src -I./libatomic_ops/src -I/opt/local/include -DTHREAD_LOCAL_ALLOC -fexceptions -pipe -Os -arch x86_64 -fno-strict-aliasing -MT pcr_interface.lo -MD -MP -MF .deps/pcr_interface.Tpo -c pcr_interface.c -o pcr_interface.o >/dev/null 2>&1
:info:build -- Installing: /opt/local/var/macports/build/_opt_local_var_macports_sources_build.openmodelica.org_macports_lang_openmodelica-devel/openmodelica-devel/work/openmodelica_18121/3rdParty/FMIL/build/../install/doc/FMILIB_Readme.txt
:info:build -- Installing: /opt/local/var/macports/build/_opt_local_var_macports_sources_build.openmodelica.org_macports_lang_openmodelica-devel/openmodelica-devel/work/openmodelica_18121/3rdParty/FMIL/build/../install/doc/FMILIB_License.txt
:info:build -- Installing: /opt/local/var/macports/build/_opt_local_var_macports_sources_build.openmodelica.org_macports_lang_openmodelica-devel/openmodelica-devel/work/openmodelica_18121/3rdParty/FMIL/build/../install/doc/FMILIB_Acknowledgements.txt
:info:build -- Installing: /opt/local/var/macports/build/_opt_local_var_macports_sources_build.openmodelica.org_macports_lang_openmodelica-devel/openmodelica-devel/work/openmodelica_18121/3rdParty/FMIL/build/../install/include/fmilib_config.h
:info:build -- Installing: /opt/local/var/macports/build/_opt_local_var_macports_sources_build.openmodelica.org_macports_lang_openmodelica-devel/openmodelica-devel/work/openmodelica_18121/3rdParty/FMIL/build/../install/include/fmilib.h
:info:build -- Installing: /opt/local/var/macports/build/_opt_local_var_macports_sources_build.openmodelica.org_macports_lang_openmodelica-devel/openmodelica-devel/work/openmodelica_18121/3rdParty/FMIL/build/../install/./include
:info:build -- Installing: /opt/local/var/macports/build/_opt_local_var_macports_sources_build.openmodelica.org_macports_lang_openmodelica-devel/openmodelica-devel/work/openmodelica_18121/3rdParty/FMIL/build/../install/./include/FMI
:info:build -- Installing: /opt/local/var/macports/build/_opt_local_var_macports_sources_build.openmodelica.org_macports_lang_openmodelica-devel/openmodelica-devel/work/openmodelica_18121/3rdParty/FMIL/build/../install/./include/FMI/fmi_import_context.h
:info:build -- Installing: /opt/local/var/macports/build/_opt_local_var_macports_sources_build.openmodelica.org_macports_lang_openmodelica-devel/openmodelica-devel/work/openmodelica_18121/3rdParty/FMIL/build/../install/./include/FMI/fmi_import_util.h
:info:build -- Installing: /opt/local/var/macports/build/_opt_local_var_macports_sources_build.openmodelica.org_macports_lang_openmodelica-devel/openmodelica-devel/work/openmodelica_18121/3rdParty/FMIL/build/../install/./include/FMI1
:info:build -- Installing: /opt/local/var/macports/build/_opt_local_var_macports_sources_build.openmodelica.org_macports_lang_openmodelica-devel/openmodelica-devel/work/openmodelica_18121/3rdParty/FMIL/build/../install/./include/FMI1/fmi1_import.h
:info:build -- Installing: /opt/local/var/macports/build/_opt_local_var_macports_sources_build.openmodelica.org_macports_lang_openmodelica-devel/openmodelica-devel/work/openmodelica_18121/3rdParty/FMIL/build/../install/./include/FMI1/fmi1_import_capabilities.h
:info:build -- Installing: /opt/local/var/macports/build/_opt_local_var_macports_sources_build.openmodelica.org_macports_lang_openmodelica-devel/openmodelica-devel/work/openmodelica_18121/3rdParty/FMIL/build/../install/./include/FMI1/fmi1_import_capi.h
:info:build -- Installing: /opt/local/var/macports/build/_opt_local_var_macports_sources_build.openmodelica.org_macports_lang_openmodelica-devel/openmodelica-devel/work/openmodelica_18121/3rdParty/FMIL/build/../install/./include/FMI1/fmi1_import_convenience.h
:info:build -- Installing: /opt/local/var/macports/build/_opt_local_var_macports_sources_build.openmodelica.org_macports_lang_openmodelica-devel/openmodelica-devel/work/openmodelica_18121/3rdParty/FMIL/build/../install/./include/FMI1/fmi1_import_cosim.h
:info:build -- Installing: /opt/local/var/macports/build/_opt_local_var_macports_sources_build.openmodelica.org_macports_lang_openmodelica-devel/openmodelica-devel/work/openmodelica_18121/3rdParty/FMIL/build/../install/./include/FMI1/fmi1_import_type.h
:info:build -- Installing: /opt/local/var/macports/build/_opt_local_var_macports_sources_build.openmodelica.org_macports_lang_openmodelica-devel/openmodelica-devel/work/openmodelica_18121/3rdParty/FMIL/build/../install/./include/FMI1/fmi1_import_unit.h
:info:build -- Installing: /opt/local/var/macports/build/_opt_local_var_macports_sources_build.openmodelica.org_macports_lang_openmodelica-devel/openmodelica-devel/work/openmodelica_18121/3rdParty/FMIL/build/../install/./include/FMI1/fmi1_import_variable.h
:info:build -- Installing: /opt/local/var/macports/build/_opt_local_var_macports_sources_build.openmodelica.org_macports_lang_openmodelica-devel/openmodelica-devel/work/openmodelica_18121/3rdParty/FMIL/build/../install/./include/FMI1/fmi1_import_variable_list.h
:info:build -- Installing: /opt/local/var/macports/build/_opt_local_var_macports_sources_build.openmodelica.org_macports_lang_openmodelica-devel/openmodelica-devel/work/openmodelica_18121/3rdParty/FMIL/build/../install/./include/FMI1/fmi1_import_vendor_annotations.h
:info:build -- Installing: /opt/local/var/macports/build/_opt_local_var_macports_sources_build.openmodelica.org_macports_lang_openmodelica-devel/openmodelica-devel/work/openmodelica_18121/3rdParty/FMIL/build/../install/./include/FMI2
:info:build -- Installing: /opt/local/var/macports/build/_opt_local_var_macports_sources_build.openmodelica.org_macports_lang_openmodelica-devel/openmodelica-devel/work/openmodelica_18121/3rdParty/FMIL/build/../install/./include/FMI2/fmi2_import.h
:info:build -- Installing: /opt/local/var/macports/build/_opt_local_var_macports_sources_build.openmodelica.org_macports_lang_openmodelica-devel/openmodelica-devel/work/openmodelica_18121/3rdParty/FMIL/build/../install/./include/FMI2/fmi2_import_capi.h
:info:build -- Installing: /opt/local/var/macports/build/_opt_local_var_macports_sources_build.openmodelica.org_macports_lang_openmodelica-devel/openmodelica-devel/work/openmodelica_18121/3rdParty/FMIL/build/../install/./include/FMI2/fmi2_import_convenience.h
:info:build -- Installing: /opt/local/var/macports/build/_opt_local_var_macports_sources_build.openmodelica.org_macports_lang_openmodelica-devel/openmodelica-devel/work/openmodelica_18121/3rdParty/FMIL/build/../install/./include/FMI2/fmi2_import_type.h
:info:build -- Installing: /opt/local/var/macports/build/_opt_local_var_macports_sources_build.openmodelica.org_macports_lang_openmodelica-devel/openmodelica-devel/work/openmodelica_18121/3rdParty/FMIL/build/../install/./include/FMI2/fmi2_import_unit.h
:info:build -- Installing: /opt/local/var/macports/build/_opt_local_var_macports_sources_build.openmodelica.org_macports_lang_openmodelica-devel/openmodelica-devel/work/openmodelica_18121/3rdParty/FMIL/build/../install/./include/FMI2/fmi2_import_variable.h
:info:build -- Installing: /opt/local/var/macports/build/_opt_local_var_macports_sources_build.openmodelica.org_macports_lang_openmodelica-devel/openmodelica-devel/work/openmodelica_18121/3rdParty/FMIL/build/../install/./include/FMI2/fmi2_import_variable_list.h
:info:build -- Installing: /opt/local/var/macports/build/_opt_local_var_macports_sources_build.openmodelica.org_macports_lang_openmodelica-devel/openmodelica-devel/work/openmodelica_18121/3rdParty/FMIL/build/../install/./include
:info:build -- Installing: /opt/local/var/macports/build/_opt_local_var_macports_sources_build.openmodelica.org_macports_lang_openmodelica-devel/openmodelica-devel/work/openmodelica_18121/3rdParty/FMIL/build/../install/./include/FMI
:info:build -- Installing: /opt/local/var/macports/build/_opt_local_var_macports_sources_build.openmodelica.org_macports_lang_openmodelica-devel/openmodelica-devel/work/openmodelica_18121/3rdParty/FMIL/build/../install/./include/FMI/fmi_util.h
:info:build -- Installing: /opt/local/var/macports/build/_opt_local_var_macports_sources_build.openmodelica.org_macports_lang_openmodelica-devel/openmodelica-devel/work/openmodelica_18121/3rdParty/FMIL/build/../install/./include/FMI/fmi_version.h
:info:build -- Installing: /opt/local/var/macports/build/_opt_local_var_macports_sources_build.openmodelica.org_macports_lang_openmodelica-devel/openmodelica-devel/work/openmodelica_18121/3rdParty/FMIL/build/../install/./include/FMI1
:info:build -- Installing: /opt/local/var/macports/build/_opt_local_var_macports_sources_build.openmodelica.org_macports_lang_openmodelica-devel/openmodelica-devel/work/openmodelica_18121/3rdParty/FMIL/build/../install/./include/FMI1/fmi1_enums.h
:info:build -- Installing: /opt/local/var/macports/build/_opt_local_var_macports_sources_build.openmodelica.org_macports_lang_openmodelica-devel/openmodelica-devel/work/openmodelica_18121/3rdParty/FMIL/build/../install/./include/FMI1/fmi1_functions.h
:info:build -- Installing: /opt/local/var/macports/build/_opt_local_var_macports_sources_build.openmodelica.org_macports_lang_openmodelica-devel/openmodelica-devel/work/openmodelica_18121/3rdParty/FMIL/build/../install/./include/FMI1/fmi1_types.h
:info:build -- Installing: /opt/local/var/macports/build/_opt_local_var_macports_sources_build.openmodelica.org_macports_lang_openmodelica-devel/openmodelica-devel/work/openmodelica_18121/3rdParty/FMIL/build/../install/./include/FMI2
:info:build -- Installing: /opt/local/var/macports/build/_opt_local_var_macports_sources_build.openmodelica.org_macports_lang_openmodelica-devel/openmodelica-devel/work/openmodelica_18121/3rdParty/FMIL/build/../install/./include/FMI2/fmi2_enums.h
:info:build -- Installing: /opt/local/var/macports/build/_opt_local_var_macports_sources_build.openmodelica.org_macports_lang_openmodelica-devel/openmodelica-devel/work/openmodelica_18121/3rdParty/FMIL/build/../install/./include/FMI2/fmi2_functions.h
:info:build -- Installing: /opt/local/var/macports/build/_opt_local_var_macports_sources_build.openmodelica.org_macports_lang_openmodelica-devel/openmodelica-devel/work/openmodelica_18121/3rdParty/FMIL/build/../install/./include/FMI2/fmi2_types.h
:info:build -- Installing: /opt/local/var/macports/build/_opt_local_var_macports_sources_build.openmodelica.org_macports_lang_openmodelica-devel/openmodelica-devel/work/openmodelica_18121/3rdParty/FMIL/build/../install/./include/FMI2/fmi2_xml_callbacks.h
:info:build -- Installing: /opt/local/var/macports/build/_opt_local_var_macports_sources_build.openmodelica.org_macports_lang_openmodelica-devel/openmodelica-devel/work/openmodelica_18121/3rdParty/FMIL/build/../install/./include/JM
:info:build -- Installing: /opt/local/var/macports/build/_opt_local_var_macports_sources_build.openmodelica.org_macports_lang_openmodelica-devel/openmodelica-devel/work/openmodelica_18121/3rdParty/FMIL/build/../install/./include/JM/jm_callbacks.h
:info:build -- Installing: /opt/local/var/macports/build/_opt_local_var_macports_sources_build.openmodelica.org_macports_lang_openmodelica-devel/openmodelica-devel/work/openmodelica_18121/3rdParty/FMIL/build/../install/./include/JM/jm_named_ptr.h
:info:build -- Installing: /opt/local/var/macports/build/_opt_local_var_macports_sources_build.openmodelica.org_macports_lang_openmodelica-devel/openmodelica-devel/work/openmodelica_18121/3rdParty/FMIL/build/../install/./include/JM/jm_portability.h
:info:build -- Installing: /opt/local/var/macports/build/_opt_local_var_macports_sources_build.openmodelica.org_macports_lang_openmodelica-devel/openmodelica-devel/work/openmodelica_18121/3rdParty/FMIL/build/../install/./include/JM/jm_stack.h
:info:build -- Installing: /opt/local/var/macports/build/_opt_local_var_macports_sources_build.openmodelica.org_macports_lang_openmodelica-devel/openmodelica-devel/work/openmodelica_18121/3rdParty/FMIL/build/../install/./include/JM/jm_string_set.h
:info:build -- Installing: /opt/local/var/macports/build/_opt_local_var_macports_sources_build.openmodelica.org_macports_lang_openmodelica-devel/openmodelica-devel/work/openmodelica_18121/3rdParty/FMIL/build/../install/./include/JM/jm_types.h
:info:build -- Installing: /opt/local/var/macports/build/_opt_local_var_macports_sources_build.openmodelica.org_macports_lang_openmodelica-devel/openmodelica-devel/work/openmodelica_18121/3rdParty/FMIL/build/../install/./include/JM/jm_vector.h
:info:build -- Installing: /opt/local/var/macports/build/_opt_local_var_macports_sources_build.openmodelica.org_macports_lang_openmodelica-devel/openmodelica-devel/work/openmodelica_18121/3rdParty/FMIL/build/../install/./include/JM/jm_vector_template.h
:info:build mv -f .deps/pcr_interface.Tpo .deps/pcr_interface.Plo
:info:build -- Installing: /opt/local/var/macports/build/_opt_local_var_macports_sources_build.openmodelica.org_macports_lang_openmodelica-devel/openmodelica-devel/work/openmodelica_18121/3rdParty/FMIL/build/../install/include/FMI1
:info:build -- Installing: /opt/local/var/macports/build/_opt_local_var_macports_sources_build.openmodelica.org_macports_lang_openmodelica-devel/openmodelica-devel/work/openmodelica_18121/3rdParty/FMIL/build/../install/include/FMI1/fmiFunctions.h
:info:build -- Installing: /opt/local/var/macports/build/_opt_local_var_macports_sources_build.openmodelica.org_macports_lang_openmodelica-devel/openmodelica-devel/work/openmodelica_18121/3rdParty/FMIL/build/../install/include/FMI1/fmiModelFunctions.h
:info:build -- Installing: /opt/local/var/macports/build/_opt_local_var_macports_sources_build.openmodelica.org_macports_lang_openmodelica-devel/openmodelica-devel/work/openmodelica_18121/3rdParty/FMIL/build/../install/include/FMI1/fmiModelTypes.h
:info:build -- Installing: /opt/local/var/macports/build/_opt_local_var_macports_sources_build.openmodelica.org_macports_lang_openmodelica-devel/openmodelica-devel/work/openmodelica_18121/3rdParty/FMIL/build/../install/include/FMI1/fmiPlatformTypes.h
:info:build /bin/sh ./libtool --tag=CC   --mode=compile /usr/bin/clang -DHAVE_CONFIG_H   -I./include -I./include -I./libatomic_ops/src -I./libatomic_ops/src -I/opt/local/include -DTHREAD_LOCAL_ALLOC -fexceptions -pipe -Os -arch x86_64 -fno-strict-aliasing -MT ptr_chck.lo -MD -MP -MF .deps/ptr_chck.Tpo -c -o ptr_chck.lo ptr_chck.c
:info:build -- Installing: /opt/local/var/macports/build/_opt_local_var_macports_sources_build.openmodelica.org_macports_lang_openmodelica-devel/openmodelica-devel/work/openmodelica_18121/3rdParty/FMIL/build/../install/include/FMI2
:info:build -- Installing: /opt/local/var/macports/build/_opt_local_var_macports_sources_build.openmodelica.org_macports_lang_openmodelica-devel/openmodelica-devel/work/openmodelica_18121/3rdParty/FMIL/build/../install/include/FMI2/fmiFunctions.h
:info:build -- Installing: /opt/local/var/macports/build/_opt_local_var_macports_sources_build.openmodelica.org_macports_lang_openmodelica-devel/openmodelica-devel/work/openmodelica_18121/3rdParty/FMIL/build/../install/include/FMI2/fmiFunctionTypes.h
:info:build -- Installing: /opt/local/var/macports/build/_opt_local_var_macports_sources_build.openmodelica.org_macports_lang_openmodelica-devel/openmodelica-devel/work/openmodelica_18121/3rdParty/FMIL/build/../install/include/FMI2/fmiTypesPlatform.h
:info:build libtool: compile:  /usr/bin/clang -DHAVE_CONFIG_H -I./include -I./include -I./libatomic_ops/src -I./libatomic_ops/src -I/opt/local/include -DTHREAD_LOCAL_ALLOC -fexceptions -pipe -Os -arch x86_64 -fno-strict-aliasing -MT ptr_chck.lo -MD -MP -MF .deps/ptr_chck.Tpo -c ptr_chck.c  -fno-common -DPIC -o .libs/ptr_chck.o
:info:build make[3]: Leaving directory `/opt/local/var/macports/build/_opt_local_var_macports_sources_build.openmodelica.org_macports_lang_openmodelica-devel/openmodelica-devel/work/openmodelica_18121/3rdParty/FMIL/build'
:info:build test ! -f 3rdParty/FMIL/build/libfmilib_shared.so || cp -up 3rdParty/FMIL/build/libfmilib_shared.so 3rdParty/FMIL/build/libfmilib.so
:info:build cp -p 3rdParty/FMIL/build/libfmilib.a ./build/lib/omc/
:info:build #TODO: Only copy required headers, add them in omc/fmi subfolder, and do not copy c/txt-files
:info:build #cp -rp 3rdParty/FMIL/install/include/* ./build/include/omc
:info:build /bin/sh ./libtool --tag=CC   --mode=compile /usr/bin/clang -DHAVE_CONFIG_H   -I./include -I./include -I./libatomic_ops/src -I./libatomic_ops/src -I/opt/local/include -DTHREAD_LOCAL_ALLOC -fexceptions -pipe -Os -arch x86_64 -fno-strict-aliasing -MT real_malloc.lo -MD -MP -MF .deps/real_malloc.Tpo -c -o real_malloc.lo real_malloc.c
:info:build libtool: compile:  /usr/bin/clang -DHAVE_CONFIG_H -I./include -I./include -I./libatomic_ops/src -I./libatomic_ops/src -I/opt/local/include -DTHREAD_LOCAL_ALLOC -fexceptions -pipe -Os -arch x86_64 -fno-strict-aliasing -MT ptr_chck.lo -MD -MP -MF .deps/ptr_chck.Tpo -c ptr_chck.c -o ptr_chck.o >/dev/null 2>&1
:info:build libtool: compile:  /usr/bin/clang -DHAVE_CONFIG_H -I./include -I./include -I./libatomic_ops/src -I./libatomic_ops/src -I/opt/local/include -DTHREAD_LOCAL_ALLOC -fexceptions -pipe -Os -arch x86_64 -fno-strict-aliasing -MT real_malloc.lo -MD -MP -MF .deps/real_malloc.Tpo -c real_malloc.c  -fno-common -DPIC -o .libs/real_malloc.o
:info:build libtool: compile:  /usr/bin/clang -DHAVE_CONFIG_H -I./include -I./include -I./libatomic_ops/src -I./libatomic_ops/src -I/opt/local/include -DTHREAD_LOCAL_ALLOC -fexceptions -pipe -Os -arch x86_64 -fno-strict-aliasing -MT real_malloc.lo -MD -MP -MF .deps/real_malloc.Tpo -c real_malloc.c -o real_malloc.o >/dev/null 2>&1
:info:build mv -f .deps/real_malloc.Tpo .deps/real_malloc.Plo
:info:build /bin/sh ./libtool --tag=CC   --mode=compile /usr/bin/clang -DHAVE_CONFIG_H   -I./include -I./include -I./libatomic_ops/src -I./libatomic_ops/src -I/opt/local/include -DTHREAD_LOCAL_ALLOC -fexceptions -pipe -Os -arch x86_64 -fno-strict-aliasing -MT reclaim.lo -MD -MP -MF .deps/reclaim.Tpo -c -o reclaim.lo reclaim.c
:info:build mv -f .deps/ptr_chck.Tpo .deps/ptr_chck.Plo
:info:build Building Lis from sources
:info:build /usr/bin/make -C 3rdParty/lis-1.4.12
:info:build make[3]: Entering directory `/opt/local/var/macports/build/_opt_local_var_macports_sources_build.openmodelica.org_macports_lang_openmodelica-devel/openmodelica-devel/work/openmodelica_18121/3rdParty/lis-1.4.12'
:info:build libtool: compile:  /usr/bin/clang -DHAVE_CONFIG_H -I./include -I./include -I./libatomic_ops/src -I./libatomic_ops/src -I/opt/local/include -DTHREAD_LOCAL_ALLOC -fexceptions -pipe -Os -arch x86_64 -fno-strict-aliasing -MT reclaim.lo -MD -MP -MF .deps/reclaim.Tpo -c reclaim.c  -fno-common -DPIC -o .libs/reclaim.o
:info:build  /bin/sh ./config.status
:info:build Making all in src
:info:build make[4]: Entering directory `/opt/local/var/macports/build/_opt_local_var_macports_sources_build.openmodelica.org_macports_lang_openmodelica-devel/openmodelica-devel/work/openmodelica_18121/3rdParty/lis-1.4.12/src'
:info:build make[5]: Entering directory `/opt/local/var/macports/build/_opt_local_var_macports_sources_build.openmodelica.org_macports_lang_openmodelica-devel/openmodelica-devel/work/openmodelica_18121/3rdParty/lis-1.4.12'
:info:build  /bin/sh ./config.status
:info:build libtool: compile:  /usr/bin/clang -DHAVE_CONFIG_H -I./include -I./include -I./libatomic_ops/src -I./libatomic_ops/src -I/opt/local/include -DTHREAD_LOCAL_ALLOC -fexceptions -pipe -Os -arch x86_64 -fno-strict-aliasing -MT reclaim.lo -MD -MP -MF .deps/reclaim.Tpo -c reclaim.c -o reclaim.o >/dev/null 2>&1
:info:build make[5]: Leaving directory `/opt/local/var/macports/build/_opt_local_var_macports_sources_build.openmodelica.org_macports_lang_openmodelica-devel/openmodelica-devel/work/openmodelica_18121/3rdParty/lis-1.4.12'
:info:build Making all in matrix
:info:build make[5]: Entering directory `/opt/local/var/macports/build/_opt_local_var_macports_sources_build.openmodelica.org_macports_lang_openmodelica-devel/openmodelica-devel/work/openmodelica_18121/3rdParty/lis-1.4.12/src/matrix'
:info:build make[6]: Entering directory `/opt/local/var/macports/build/_opt_local_var_macports_sources_build.openmodelica.org_macports_lang_openmodelica-devel/openmodelica-devel/work/openmodelica_18121/3rdParty/lis-1.4.12'
:info:build  /bin/sh ./config.status
:info:build make[6]: Leaving directory `/opt/local/var/macports/build/_opt_local_var_macports_sources_build.openmodelica.org_macports_lang_openmodelica-devel/openmodelica-devel/work/openmodelica_18121/3rdParty/lis-1.4.12'
:info:build /bin/sh ../../libtool --mode=compile --tag=CC /usr/bin/clang  -DHAVE_CONFIG_H -I. -I../../include   -I/opt/local/include -I../../include  -O3 -fomit-frame-pointer -pipe -Os -arch x86_64 -c -o lis_matrix.lo lis_matrix.c
:info:build mv -f .deps/reclaim.Tpo .deps/reclaim.Plo
:info:build /bin/sh ./libtool --tag=CC   --mode=compile /usr/bin/clang -DHAVE_CONFIG_H   -I./include -I./include -I./libatomic_ops/src -I./libatomic_ops/src -I/opt/local/include -DTHREAD_LOCAL_ALLOC -fexceptions -pipe -Os -arch x86_64 -fno-strict-aliasing -MT specific.lo -MD -MP -MF .deps/specific.Tpo -c -o specific.lo specific.c
:info:build libtool: compile:  /usr/bin/clang -DHAVE_CONFIG_H -I. -I../../include -I/opt/local/include -I../../include -O3 -fomit-frame-pointer -pipe -Os -arch x86_64 -c lis_matrix.c  -fno-common -DPIC -o .libs/lis_matrix.o
:info:build libtool: compile:  /usr/bin/clang -DHAVE_CONFIG_H -I./include -I./include -I./libatomic_ops/src -I./libatomic_ops/src -I/opt/local/include -DTHREAD_LOCAL_ALLOC -fexceptions -pipe -Os -arch x86_64 -fno-strict-aliasing -MT specific.lo -MD -MP -MF .deps/specific.Tpo -c specific.c  -fno-common -DPIC -o .libs/specific.o
:info:build libtool: compile:  /usr/bin/clang -DHAVE_CONFIG_H -I./include -I./include -I./libatomic_ops/src -I./libatomic_ops/src -I/opt/local/include -DTHREAD_LOCAL_ALLOC -fexceptions -pipe -Os -arch x86_64 -fno-strict-aliasing -MT specific.lo -MD -MP -MF .deps/specific.Tpo -c specific.c -o specific.o >/dev/null 2>&1
:info:build /bin/sh ../../libtool --mode=compile --tag=CC /usr/bin/clang  -DHAVE_CONFIG_H -I. -I../../include   -I/opt/local/include -I../../include  -O3 -fomit-frame-pointer -pipe -Os -arch x86_64 -c -o lis_matrix_bsc.lo lis_matrix_bsc.c
:info:build mv -f .deps/specific.Tpo .deps/specific.Plo
:info:build /bin/sh ./libtool --tag=CC   --mode=compile /usr/bin/clang -DHAVE_CONFIG_H   -I./include -I./include -I./libatomic_ops/src -I./libatomic_ops/src -I/opt/local/include -DTHREAD_LOCAL_ALLOC -fexceptions -pipe -Os -arch x86_64 -fno-strict-aliasing -MT stubborn.lo -MD -MP -MF .deps/stubborn.Tpo -c -o stubborn.lo stubborn.c
:info:build libtool: compile:  /usr/bin/clang -DHAVE_CONFIG_H -I. -I../../include -I/opt/local/include -I../../include -O3 -fomit-frame-pointer -pipe -Os -arch x86_64 -c lis_matrix_bsc.c  -fno-common -DPIC -o .libs/lis_matrix_bsc.o
:info:build libtool: compile:  /usr/bin/clang -DHAVE_CONFIG_H -I./include -I./include -I./libatomic_ops/src -I./libatomic_ops/src -I/opt/local/include -DTHREAD_LOCAL_ALLOC -fexceptions -pipe -Os -arch x86_64 -fno-strict-aliasing -MT stubborn.lo -MD -MP -MF .deps/stubborn.Tpo -c stubborn.c  -fno-common -DPIC -o .libs/stubborn.o
:info:build libtool: compile:  /usr/bin/clang -DHAVE_CONFIG_H -I./include -I./include -I./libatomic_ops/src -I./libatomic_ops/src -I/opt/local/include -DTHREAD_LOCAL_ALLOC -fexceptions -pipe -Os -arch x86_64 -fno-strict-aliasing -MT stubborn.lo -MD -MP -MF .deps/stubborn.Tpo -c stubborn.c -o stubborn.o >/dev/null 2>&1
:info:build mv -f .deps/stubborn.Tpo .deps/stubborn.Plo
:info:build /bin/sh ./libtool --tag=CC   --mode=compile /usr/bin/clang -DHAVE_CONFIG_H   -I./include -I./include -I./libatomic_ops/src -I./libatomic_ops/src -I/opt/local/include -DTHREAD_LOCAL_ALLOC -fexceptions -pipe -Os -arch x86_64 -fno-strict-aliasing -MT typd_mlc.lo -MD -MP -MF .deps/typd_mlc.Tpo -c -o typd_mlc.lo typd_mlc.c
:info:build libtool: compile:  /usr/bin/clang -DHAVE_CONFIG_H -I./include -I./include -I./libatomic_ops/src -I./libatomic_ops/src -I/opt/local/include -DTHREAD_LOCAL_ALLOC -fexceptions -pipe -Os -arch x86_64 -fno-strict-aliasing -MT typd_mlc.lo -MD -MP -MF .deps/typd_mlc.Tpo -c typd_mlc.c  -fno-common -DPIC -o .libs/typd_mlc.o
:info:build libtool: compile:  /usr/bin/clang -DHAVE_CONFIG_H -I./include -I./include -I./libatomic_ops/src -I./libatomic_ops/src -I/opt/local/include -DTHREAD_LOCAL_ALLOC -fexceptions -pipe -Os -arch x86_64 -fno-strict-aliasing -MT typd_mlc.lo -MD -MP -MF .deps/typd_mlc.Tpo -c typd_mlc.c -o typd_mlc.o >/dev/null 2>&1
:info:build mv -f .deps/typd_mlc.Tpo .deps/typd_mlc.Plo
:info:build /bin/sh ./libtool --tag=CC   --mode=compile /usr/bin/clang -DHAVE_CONFIG_H   -I./include -I./include -I./libatomic_ops/src -I./libatomic_ops/src -I/opt/local/include -DTHREAD_LOCAL_ALLOC -fexceptions -pipe -Os -arch x86_64 -fno-strict-aliasing -MT backgraph.lo -MD -MP -MF .deps/backgraph.Tpo -c -o backgraph.lo backgraph.c
:info:build libtool: compile:  /usr/bin/clang -DHAVE_CONFIG_H -I./include -I./include -I./libatomic_ops/src -I./libatomic_ops/src -I/opt/local/include -DTHREAD_LOCAL_ALLOC -fexceptions -pipe -Os -arch x86_64 -fno-strict-aliasing -MT backgraph.lo -MD -MP -MF .deps/backgraph.Tpo -c backgraph.c  -fno-common -DPIC -o .libs/backgraph.o
:info:build libtool: compile:  /usr/bin/clang -DHAVE_CONFIG_H -I./include -I./include -I./libatomic_ops/src -I./libatomic_ops/src -I/opt/local/include -DTHREAD_LOCAL_ALLOC -fexceptions -pipe -Os -arch x86_64 -fno-strict-aliasing -MT backgraph.lo -MD -MP -MF .deps/backgraph.Tpo -c backgraph.c -o backgraph.o >/dev/null 2>&1
:info:build /bin/sh ../../libtool --mode=compile --tag=CC /usr/bin/clang  -DHAVE_CONFIG_H -I. -I../../include   -I/opt/local/include -I../../include  -O3 -fomit-frame-pointer -pipe -Os -arch x86_64 -c -o lis_matrix_bsr.lo lis_matrix_bsr.c
:info:build glibtoolize: putting auxiliary files in `.'.
:info:build glibtoolize: copying file `./ltmain.sh'
:info:build mv -f .deps/backgraph.Tpo .deps/backgraph.Plo
:info:build /bin/sh ./libtool --tag=CC   --mode=compile /usr/bin/clang -DHAVE_CONFIG_H   -I./include -I./include -I./libatomic_ops/src -I./libatomic_ops/src -I/opt/local/include -DTHREAD_LOCAL_ALLOC -fexceptions -pipe -Os -arch x86_64 -fno-strict-aliasing -MT thread_local_alloc.lo -MD -MP -MF .deps/thread_local_alloc.Tpo -c -o thread_local_alloc.lo thread_local_alloc.c
:info:build libtool: compile:  /usr/bin/clang -DHAVE_CONFIG_H -I. -I../../include -I/opt/local/include -I../../include -O3 -fomit-frame-pointer -pipe -Os -arch x86_64 -c lis_matrix_bsr.c  -fno-common -DPIC -o .libs/lis_matrix_bsr.o
:info:build libtool: compile:  /usr/bin/clang -DHAVE_CONFIG_H -I./include -I./include -I./libatomic_ops/src -I./libatomic_ops/src -I/opt/local/include -DTHREAD_LOCAL_ALLOC -fexceptions -pipe -Os -arch x86_64 -fno-strict-aliasing -MT thread_local_alloc.lo -MD -MP -MF .deps/thread_local_alloc.Tpo -c thread_local_alloc.c  -fno-common -DPIC -o .libs/thread_local_alloc.o
:info:build glibtoolize: putting macros in AC_CONFIG_MACRO_DIR, `m4'.
:info:build glibtoolize: copying file `m4/libtool.m4'
:info:build libtool: compile:  /usr/bin/clang -DHAVE_CONFIG_H -I./include -I./include -I./libatomic_ops/src -I./libatomic_ops/src -I/opt/local/include -DTHREAD_LOCAL_ALLOC -fexceptions -pipe -Os -arch x86_64 -fno-strict-aliasing -MT thread_local_alloc.lo -MD -MP -MF .deps/thread_local_alloc.Tpo -c thread_local_alloc.c -o thread_local_alloc.o >/dev/null 2>&1
:info:build glibtoolize: copying file `m4/ltoptions.m4'
:info:build mv -f .deps/thread_local_alloc.Tpo .deps/thread_local_alloc.Plo
:info:build /bin/sh ./libtool --tag=CC   --mode=compile /usr/bin/clang -DHAVE_CONFIG_H   -I./include -I./include -I./libatomic_ops/src -I./libatomic_ops/src -I/opt/local/include -DTHREAD_LOCAL_ALLOC -fexceptions -pipe -Os -arch x86_64 -fno-strict-aliasing -MT pthread_start.lo -MD -MP -MF .deps/pthread_start.Tpo -c -o pthread_start.lo pthread_start.c
:info:build libtool: compile:  /usr/bin/clang -DHAVE_CONFIG_H -I./include -I./include -I./libatomic_ops/src -I./libatomic_ops/src -I/opt/local/include -DTHREAD_LOCAL_ALLOC -fexceptions -pipe -Os -arch x86_64 -fno-strict-aliasing -MT pthread_start.lo -MD -MP -MF .deps/pthread_start.Tpo -c pthread_start.c  -fno-common -DPIC -o .libs/pthread_start.o
:info:build glibtoolize: copying file `m4/ltsugar.m4'
:info:build libtool: compile:  /usr/bin/clang -DHAVE_CONFIG_H -I./include -I./include -I./libatomic_ops/src -I./libatomic_ops/src -I/opt/local/include -DTHREAD_LOCAL_ALLOC -fexceptions -pipe -Os -arch x86_64 -fno-strict-aliasing -MT pthread_start.lo -MD -MP -MF .deps/pthread_start.Tpo -c pthread_start.c -o pthread_start.o >/dev/null 2>&1
:info:build glibtoolize: copying file `m4/ltversion.m4'
:info:build mv -f .deps/pthread_start.Tpo .deps/pthread_start.Plo
:info:build /bin/sh ./libtool --tag=CC   --mode=compile /usr/bin/clang -DHAVE_CONFIG_H   -I./include -I./include -I./libatomic_ops/src -I./libatomic_ops/src -I/opt/local/include -DTHREAD_LOCAL_ALLOC -fexceptions -pipe -Os -arch x86_64 -fno-strict-aliasing -MT pthread_support.lo -MD -MP -MF .deps/pthread_support.Tpo -c -o pthread_support.lo pthread_support.c
:info:build glibtoolize: copying file `m4/lt~obsolete.m4'
:info:build libtool: compile:  /usr/bin/clang -DHAVE_CONFIG_H -I./include -I./include -I./libatomic_ops/src -I./libatomic_ops/src -I/opt/local/include -DTHREAD_LOCAL_ALLOC -fexceptions -pipe -Os -arch x86_64 -fno-strict-aliasing -MT pthread_support.lo -MD -MP -MF .deps/pthread_support.Tpo -c pthread_support.c  -fno-common -DPIC -o .libs/pthread_support.o
:info:build glibtoolize: Consider adding `-I m4' to ACLOCAL_AMFLAGS in Makefile.am.
:info:build /bin/sh ../../libtool --mode=compile --tag=CC /usr/bin/clang  -DHAVE_CONFIG_H -I. -I../../include   -I/opt/local/include -I../../include  -O3 -fomit-frame-pointer -pipe -Os -arch x86_64 -c -o lis_matrix_csc.lo lis_matrix_csc.c
:info:build libtool: compile:  /usr/bin/clang -DHAVE_CONFIG_H -I. -I../../include -I/opt/local/include -I../../include -O3 -fomit-frame-pointer -pipe -Os -arch x86_64 -c lis_matrix_csc.c  -fno-common -DPIC -o .libs/lis_matrix_csc.o
:info:build libtool: compile:  /usr/bin/clang -DHAVE_CONFIG_H -I./include -I./include -I./libatomic_ops/src -I./libatomic_ops/src -I/opt/local/include -DTHREAD_LOCAL_ALLOC -fexceptions -pipe -Os -arch x86_64 -fno-strict-aliasing -MT pthread_support.lo -MD -MP -MF .deps/pthread_support.Tpo -c pthread_support.c -o pthread_support.o >/dev/null 2>&1
:info:build /bin/sh ../../libtool --mode=compile --tag=CC /usr/bin/clang  -DHAVE_CONFIG_H -I. -I../../include   -I/opt/local/include -I../../include  -O3 -fomit-frame-pointer -pipe -Os -arch x86_64 -c -o lis_matrix_coo.lo lis_matrix_coo.c
:info:build mv -f .deps/pthread_support.Tpo .deps/pthread_support.Plo
:info:build /bin/sh ./libtool --tag=CC   --mode=compile /usr/bin/clang -DHAVE_CONFIG_H   -I./include -I./include -I./libatomic_ops/src -I./libatomic_ops/src -I/opt/local/include -DTHREAD_LOCAL_ALLOC -fexceptions -pipe -Os -arch x86_64 -fno-strict-aliasing -MT pthread_stop_world.lo -MD -MP -MF .deps/pthread_stop_world.Tpo -c -o pthread_stop_world.lo pthread_stop_world.c
:info:build libtool: compile:  /usr/bin/clang -DHAVE_CONFIG_H -I. -I../../include -I/opt/local/include -I../../include -O3 -fomit-frame-pointer -pipe -Os -arch x86_64 -c lis_matrix_coo.c  -fno-common -DPIC -o .libs/lis_matrix_coo.o
:info:build libtool: compile:  /usr/bin/clang -DHAVE_CONFIG_H -I./include -I./include -I./libatomic_ops/src -I./libatomic_ops/src -I/opt/local/include -DTHREAD_LOCAL_ALLOC -fexceptions -pipe -Os -arch x86_64 -fno-strict-aliasing -MT pthread_stop_world.lo -MD -MP -MF .deps/pthread_stop_world.Tpo -c pthread_stop_world.c  -fno-common -DPIC -o .libs/pthread_stop_world.o
:info:build /bin/sh ../../libtool --mode=compile --tag=CC /usr/bin/clang  -DHAVE_CONFIG_H -I. -I../../include   -I/opt/local/include -I../../include  -O3 -fomit-frame-pointer -pipe -Os -arch x86_64 -c -o lis_matrix_csr.lo lis_matrix_csr.c
:info:build libtool: compile:  /usr/bin/clang -DHAVE_CONFIG_H -I. -I../../include -I/opt/local/include -I../../include -O3 -fomit-frame-pointer -pipe -Os -arch x86_64 -c lis_matrix_csr.c  -fno-common -DPIC -o .libs/lis_matrix_csr.o
:info:build libtool: compile:  /usr/bin/clang -DHAVE_CONFIG_H -I./include -I./include -I./libatomic_ops/src -I./libatomic_ops/src -I/opt/local/include -DTHREAD_LOCAL_ALLOC -fexceptions -pipe -Os -arch x86_64 -fno-strict-aliasing -MT pthread_stop_world.lo -MD -MP -MF .deps/pthread_stop_world.Tpo -c pthread_stop_world.c -o pthread_stop_world.o >/dev/null 2>&1
:info:build config.status: creating Makefile
:info:build mv -f .deps/pthread_stop_world.Tpo .deps/pthread_stop_world.Plo
:info:build /bin/sh ./libtool --tag=CC   --mode=compile /usr/bin/clang -DHAVE_CONFIG_H   -I./include -I./include -I./libatomic_ops/src -I./libatomic_ops/src -I/opt/local/include -DTHREAD_LOCAL_ALLOC -fexceptions -pipe -Os -arch x86_64 -fno-strict-aliasing -MT darwin_stop_world.lo -MD -MP -MF .deps/darwin_stop_world.Tpo -c -o darwin_stop_world.lo darwin_stop_world.c
:info:build config.status: creating src/Makefile
:info:build libtool: compile:  /usr/bin/clang -DHAVE_CONFIG_H -I./include -I./include -I./libatomic_ops/src -I./libatomic_ops/src -I/opt/local/include -DTHREAD_LOCAL_ALLOC -fexceptions -pipe -Os -arch x86_64 -fno-strict-aliasing -MT darwin_stop_world.lo -MD -MP -MF .deps/darwin_stop_world.Tpo -c darwin_stop_world.c  -fno-common -DPIC -o .libs/darwin_stop_world.o
:info:build config.status: creating src/matrix/Makefile
:info:build config.status: creating src/vector/Makefile
:info:build /bin/sh ../../libtool --mode=compile --tag=CC /usr/bin/clang  -DHAVE_CONFIG_H -I. -I../../include   -I/opt/local/include -I../../include  -O3 -fomit-frame-pointer -pipe -Os -arch x86_64 -c -o lis_matrix_dia.lo lis_matrix_dia.c
:info:build config.status: creating src/matvec/Makefile
:info:build libtool: compile:  /usr/bin/clang -DHAVE_CONFIG_H -I. -I../../include -I/opt/local/include -I../../include -O3 -fomit-frame-pointer -pipe -Os -arch x86_64 -c lis_matrix_dia.c  -fno-common -DPIC -o .libs/lis_matrix_dia.o
:info:build libtool: compile:  /usr/bin/clang -DHAVE_CONFIG_H -I./include -I./include -I./libatomic_ops/src -I./libatomic_ops/src -I/opt/local/include -DTHREAD_LOCAL_ALLOC -fexceptions -pipe -Os -arch x86_64 -fno-strict-aliasing -MT darwin_stop_world.lo -MD -MP -MF .deps/darwin_stop_world.Tpo -c darwin_stop_world.c -o darwin_stop_world.o >/dev/null 2>&1
:info:build config.status: creating src/solver/Makefile
:info:build config.status: creating src/esolver/Makefile
:info:build config.status: creating src/precon/Makefile
:info:build config.status: creating src/system/Makefile
:info:build mv -f .deps/darwin_stop_world.Tpo .deps/darwin_stop_world.Plo
:info:build /bin/sh ./libtool  --tag=CC   --mode=compile /usr/bin/clang -DHAVE_CONFIG_H   -I./include -I./include -I./libatomic_ops/src -I./libatomic_ops/src -I/opt/local/include -DTHREAD_LOCAL_ALLOC -fexceptions -pipe -Os -arch x86_64 -fno-strict-aliasing -MT atomic_ops.lo -MD -MP -MF .deps/atomic_ops.Tpo -c -o atomic_ops.lo `test -f 'libatomic_ops/src/atomic_ops.c' || echo './'`libatomic_ops/src/atomic_ops.c
:info:build config.status: creating src/precision/Makefile
:info:build libtool: compile:  /usr/bin/clang -DHAVE_CONFIG_H -I./include -I./include -I./libatomic_ops/src -I./libatomic_ops/src -I/opt/local/include -DTHREAD_LOCAL_ALLOC -fexceptions -pipe -Os -arch x86_64 -fno-strict-aliasing -MT atomic_ops.lo -MD -MP -MF .deps/atomic_ops.Tpo -c libatomic_ops/src/atomic_ops.c  -fno-common -DPIC -o .libs/atomic_ops.o
:info:build config.status: creating src/fortran/Makefile
:info:build /bin/sh ../../libtool --mode=compile --tag=CC /usr/bin/clang  -DHAVE_CONFIG_H -I. -I../../include   -I/opt/local/include -I../../include  -O3 -fomit-frame-pointer -pipe -Os -arch x86_64 -c -o lis_matrix_diag.lo lis_matrix_diag.c
:info:build libtool: compile:  /usr/bin/clang -DHAVE_CONFIG_H -I./include -I./include -I./libatomic_ops/src -I./libatomic_ops/src -I/opt/local/include -DTHREAD_LOCAL_ALLOC -fexceptions -pipe -Os -arch x86_64 -fno-strict-aliasing -MT atomic_ops.lo -MD -MP -MF .deps/atomic_ops.Tpo -c libatomic_ops/src/atomic_ops.c -o atomic_ops.o >/dev/null 2>&1
:info:build config.status: creating src/fortran/amg/Makefile
:info:build libtool: compile:  /usr/bin/clang -DHAVE_CONFIG_H -I. -I../../include -I/opt/local/include -I../../include -O3 -fomit-frame-pointer -pipe -Os -arch x86_64 -c lis_matrix_diag.c  -fno-common -DPIC -o .libs/lis_matrix_diag.o
:info:build config.status: creating include/Makefile
:info:build mv -f .deps/atomic_ops.Tpo .deps/atomic_ops.Plo
:info:build config.status: creating test/Makefile
:info:build /bin/sh ./libtool --tag=CC   --mode=compile /usr/bin/clang -DHAVE_CONFIG_H   -I./include -I./include -I./libatomic_ops/src -I./libatomic_ops/src -I/opt/local/include -DTHREAD_LOCAL_ALLOC -fexceptions -pipe -Os -arch x86_64 -fno-strict-aliasing -MT mach_dep.lo -MD -MP -MF .deps/mach_dep.Tpo -c -o mach_dep.lo mach_dep.c
:info:build config.status: creating include/lisf.h
:info:build libtool: compile:  /usr/bin/clang -DHAVE_CONFIG_H -I./include -I./include -I./libatomic_ops/src -I./libatomic_ops/src -I/opt/local/include -DTHREAD_LOCAL_ALLOC -fexceptions -pipe -Os -arch x86_64 -fno-strict-aliasing -MT mach_dep.lo -MD -MP -MF .deps/mach_dep.Tpo -c mach_dep.c  -fno-common -DPIC -o .libs/mach_dep.o
:info:build /bin/sh ../../libtool --mode=compile --tag=CC /usr/bin/clang  -DHAVE_CONFIG_H -I. -I../../include   -I/opt/local/include -I../../include  -O3 -fomit-frame-pointer -pipe -Os -arch x86_64 -c -o lis_matrix_dns.lo lis_matrix_dns.c
:info:build config.status: creating include/lis_config.h
:info:build libtool: compile:  /usr/bin/clang -DHAVE_CONFIG_H -I. -I../../include -I/opt/local/include -I../../include -O3 -fomit-frame-pointer -pipe -Os -arch x86_64 -c lis_matrix_dns.c  -fno-common -DPIC -o .libs/lis_matrix_dns.o
:info:build libtool: compile:  /usr/bin/clang -DHAVE_CONFIG_H -I./include -I./include -I./libatomic_ops/src -I./libatomic_ops/src -I/opt/local/include -DTHREAD_LOCAL_ALLOC -fexceptions -pipe -Os -arch x86_64 -fno-strict-aliasing -MT mach_dep.lo -MD -MP -MF .deps/mach_dep.Tpo -c mach_dep.c -o mach_dep.o >/dev/null 2>&1
:info:build config.status: executing depfiles commands
:info:build config.status: executing libtool commands
:info:build 
:info:build   Build with OpenMP library                  = no
:info:build   Build with MPI library                     = no
:info:build   Build Fortran interface                    = no
:info:build   Build SA-AMG preconditioner                = no
:info:build   Build with double double precision support = no
:info:build   Build with long double precision support   = no
:info:build   Build with 64bit integer support           = no
:info:build   Enable dynamic linking                     = yes
:info:build   Enable profiling                           = no
:info:build 
:info:build   C compiler        = /usr/bin/clang
:info:build   C flags           = -O3 -fomit-frame-pointer -pipe -Os -arch x86_64 -DHAVE_CONFIG_H  
:info:build   C libraries       = -lm  
:info:build 
:info:build mv -f .deps/mach_dep.Tpo .deps/mach_dep.Plo
:info:build /bin/sh ./libtool  --tag=CC   --mode=compile /usr/bin/clang -DHAVE_CONFIG_H   -I./include -I./include -I./libatomic_ops/src -I./libatomic_ops/src -I/opt/local/include -DTHREAD_LOCAL_ALLOC -fexceptions -pipe -Os -arch x86_64 -fno-strict-aliasing -MT cordbscs.lo -MD -MP -MF .deps/cordbscs.Tpo -c -o cordbscs.lo `test -f 'cord/cordbscs.c' || echo './'`cord/cordbscs.c
:info:build libtool: compile:  /usr/bin/clang -DHAVE_CONFIG_H -I./include -I./include -I./libatomic_ops/src -I./libatomic_ops/src -I/opt/local/include -DTHREAD_LOCAL_ALLOC -fexceptions -pipe -Os -arch x86_64 -fno-strict-aliasing -MT cordbscs.lo -MD -MP -MF .deps/cordbscs.Tpo -c cord/cordbscs.c  -fno-common -DPIC -o .libs/cordbscs.o
:info:build make[1]: Entering directory `/opt/local/var/macports/build/_opt_local_var_macports_sources_build.openmodelica.org_macports_lang_openmodelica-devel/openmodelica-devel/work/openmodelica_18121/3rdParty/lis-1.4.12'
:info:build Making clean in test
:info:build make[2]: Entering directory `/opt/local/var/macports/build/_opt_local_var_macports_sources_build.openmodelica.org_macports_lang_openmodelica-devel/openmodelica-devel/work/openmodelica_18121/3rdParty/lis-1.4.12/test'
:info:build  rm -f lsolve esolve spmvtest1 spmvtest2 spmvtest3 spmvtest4 spmvtest5
:info:build /bin/sh ../../libtool --mode=compile --tag=CC /usr/bin/clang  -DHAVE_CONFIG_H -I. -I../../include   -I/opt/local/include -I../../include  -O3 -fomit-frame-pointer -pipe -Os -arch x86_64 -c -o lis_matrix_ell.lo lis_matrix_ell.c
:info:build test -z "*.il" || rm -f *.il
:info:build rm -rf .libs _libs
:info:build  rm -f test1 test2 test3 test4 test5 test6 etest1 etest2 etest3 etest4 etest5 etest6 spmvtest1 spmvtest2 spmvtest3 spmvtest4 spmvtest5
:info:build rm -f *.o
:info:build rm -f *.lo
:info:build make[2]: Leaving directory `/opt/local/var/macports/build/_opt_local_var_macports_sources_build.openmodelica.org_macports_lang_openmodelica-devel/openmodelica-devel/work/openmodelica_18121/3rdParty/lis-1.4.12/test'
:info:build Making clean in include
:info:build make[2]: Entering directory `/opt/local/var/macports/build/_opt_local_var_macports_sources_build.openmodelica.org_macports_lang_openmodelica-devel/openmodelica-devel/work/openmodelica_18121/3rdParty/lis-1.4.12/include'
:info:build rm -rf .libs _libs
:info:build rm -f *.lo
:info:build make[2]: Leaving directory `/opt/local/var/macports/build/_opt_local_var_macports_sources_build.openmodelica.org_macports_lang_openmodelica-devel/openmodelica-devel/work/openmodelica_18121/3rdParty/lis-1.4.12/include'
:info:build Making clean in src
:info:build libtool: compile:  /usr/bin/clang -DHAVE_CONFIG_H -I. -I../../include -I/opt/local/include -I../../include -O3 -fomit-frame-pointer -pipe -Os -arch x86_64 -c lis_matrix_ell.c  -fno-common -DPIC -o .libs/lis_matrix_ell.o
:info:build make[2]: Entering directory `/opt/local/var/macports/build/_opt_local_var_macports_sources_build.openmodelica.org_macports_lang_openmodelica-devel/openmodelica-devel/work/openmodelica_18121/3rdParty/lis-1.4.12/src'
:info:build Making clean in precision
:info:build make[3]: Entering directory `/opt/local/var/macports/build/_opt_local_var_macports_sources_build.openmodelica.org_macports_lang_openmodelica-devel/openmodelica-devel/work/openmodelica_18121/3rdParty/lis-1.4.12/src/precision'
:info:build test -z "*.il" || rm -f *.il
:info:build rm -rf .libs _libs
:info:build test -z "libprecision.la" || rm -f libprecision.la
:info:build rm -f "./so_locations"
:info:build rm -f *.o
:info:build rm -f *.lo
:info:build make[3]: Leaving directory `/opt/local/var/macports/build/_opt_local_var_macports_sources_build.openmodelica.org_macports_lang_openmodelica-devel/openmodelica-devel/work/openmodelica_18121/3rdParty/lis-1.4.12/src/precision'
:info:build Making clean in system
:info:build make[3]: Entering directory `/opt/local/var/macports/build/_opt_local_var_macports_sources_build.openmodelica.org_macports_lang_openmodelica-devel/openmodelica-devel/work/openmodelica_18121/3rdParty/lis-1.4.12/src/system'
:info:build test -z "*.il" || rm -f *.il
:info:build rm -rf .libs _libs
:info:build test -z "libsystem.la" || rm -f libsystem.la
:info:build libtool: compile:  /usr/bin/clang -DHAVE_CONFIG_H -I./include -I./include -I./libatomic_ops/src -I./libatomic_ops/src -I/opt/local/include -DTHREAD_LOCAL_ALLOC -fexceptions -pipe -Os -arch x86_64 -fno-strict-aliasing -MT cordbscs.lo -MD -MP -MF .deps/cordbscs.Tpo -c cord/cordbscs.c -o cordbscs.o >/dev/null 2>&1
:info:build rm -f "./so_locations"
:info:build rm -f *.o
:info:build rm -f *.lo
:info:build make[3]: Leaving directory `/opt/local/var/macports/build/_opt_local_var_macports_sources_build.openmodelica.org_macports_lang_openmodelica-devel/openmodelica-devel/work/openmodelica_18121/3rdParty/lis-1.4.12/src/system'
:info:build Making clean in esolver
:info:build make[3]: Entering directory `/opt/local/var/macports/build/_opt_local_var_macports_sources_build.openmodelica.org_macports_lang_openmodelica-devel/openmodelica-devel/work/openmodelica_18121/3rdParty/lis-1.4.12/src/esolver'
:info:build test -z "*.il" || rm -f *.il
:info:build rm -rf .libs _libs
:info:build test -z "libesolver.la" || rm -f libesolver.la
:info:build rm -f "./so_locations"
:info:build rm -f *.o
:info:build rm -f *.lo
:info:build make[3]: Leaving directory `/opt/local/var/macports/build/_opt_local_var_macports_sources_build.openmodelica.org_macports_lang_openmodelica-devel/openmodelica-devel/work/openmodelica_18121/3rdParty/lis-1.4.12/src/esolver'
:info:build Making clean in solver
:info:build make[3]: Entering directory `/opt/local/var/macports/build/_opt_local_var_macports_sources_build.openmodelica.org_macports_lang_openmodelica-devel/openmodelica-devel/work/openmodelica_18121/3rdParty/lis-1.4.12/src/solver'
:info:build test -z "*.il" || rm -f *.il
:info:build rm -rf .libs _libs
:info:build test -z "libsolver.la" || rm -f libsolver.la
:info:build rm -f "./so_locations"
:info:build rm -f *.o
:info:build rm -f *.lo
:info:build make[3]: Leaving directory `/opt/local/var/macports/build/_opt_local_var_macports_sources_build.openmodelica.org_macports_lang_openmodelica-devel/openmodelica-devel/work/openmodelica_18121/3rdParty/lis-1.4.12/src/solver'
:info:build Making clean in precon
:info:build make[3]: Entering directory `/opt/local/var/macports/build/_opt_local_var_macports_sources_build.openmodelica.org_macports_lang_openmodelica-devel/openmodelica-devel/work/openmodelica_18121/3rdParty/lis-1.4.12/src/precon'
:info:build test -z "*.il" || rm -f *.il
:info:build rm -rf .libs _libs
:info:build test -z "libprecon.la" || rm -f libprecon.la
:info:build /bin/sh ../../libtool --mode=compile --tag=CC /usr/bin/clang  -DHAVE_CONFIG_H -I. -I../../include   -I/opt/local/include -I../../include  -O3 -fomit-frame-pointer -pipe -Os -arch x86_64 -c -o lis_matrix_ilu.lo lis_matrix_ilu.c
:info:build rm -f "./so_locations"
:info:build mv -f .deps/cordbscs.Tpo .deps/cordbscs.Plo
:info:build /bin/sh ./libtool  --tag=CC   --mode=compile /usr/bin/clang -DHAVE_CONFIG_H   -I./include -I./include -I./libatomic_ops/src -I./libatomic_ops/src -I/opt/local/include -DTHREAD_LOCAL_ALLOC -fexceptions -pipe -Os -arch x86_64 -fno-strict-aliasing -MT cordprnt.lo -MD -MP -MF .deps/cordprnt.Tpo -c -o cordprnt.lo `test -f 'cord/cordprnt.c' || echo './'`cord/cordprnt.c
:info:build rm -f *.o
:info:build rm -f *.lo
:info:build make[3]: Leaving directory `/opt/local/var/macports/build/_opt_local_var_macports_sources_build.openmodelica.org_macports_lang_openmodelica-devel/openmodelica-devel/work/openmodelica_18121/3rdParty/lis-1.4.12/src/precon'
:info:build Making clean in matvec
:info:build make[3]: Entering directory `/opt/local/var/macports/build/_opt_local_var_macports_sources_build.openmodelica.org_macports_lang_openmodelica-devel/openmodelica-devel/work/openmodelica_18121/3rdParty/lis-1.4.12/src/matvec'
:info:build test -z "*.il" || rm -f *.il
:info:build rm -rf .libs _libs
:info:build test -z "libmatvec.la" || rm -f libmatvec.la
:info:build libtool: compile:  /usr/bin/clang -DHAVE_CONFIG_H -I. -I../../include -I/opt/local/include -I../../include -O3 -fomit-frame-pointer -pipe -Os -arch x86_64 -c lis_matrix_ilu.c  -fno-common -DPIC -o .libs/lis_matrix_ilu.o
:info:build rm -f "./so_locations"
:info:build rm -f *.o
:info:build libtool: compile:  /usr/bin/clang -DHAVE_CONFIG_H -I./include -I./include -I./libatomic_ops/src -I./libatomic_ops/src -I/opt/local/include -DTHREAD_LOCAL_ALLOC -fexceptions -pipe -Os -arch x86_64 -fno-strict-aliasing -MT cordprnt.lo -MD -MP -MF .deps/cordprnt.Tpo -c cord/cordprnt.c  -fno-common -DPIC -o .libs/cordprnt.o
:info:build rm -f *.lo
:info:build make[3]: Leaving directory `/opt/local/var/macports/build/_opt_local_var_macports_sources_build.openmodelica.org_macports_lang_openmodelica-devel/openmodelica-devel/work/openmodelica_18121/3rdParty/lis-1.4.12/src/matvec'
:info:build Making clean in vector
:info:build make[3]: Entering directory `/opt/local/var/macports/build/_opt_local_var_macports_sources_build.openmodelica.org_macports_lang_openmodelica-devel/openmodelica-devel/work/openmodelica_18121/3rdParty/lis-1.4.12/src/vector'
:info:build test -z "*.il" || rm -f *.il
:info:build rm -rf .libs _libs
:info:build test -z "libvector.la" || rm -f libvector.la
:info:build rm -f "./so_locations"
:info:build rm -f *.o
:info:build rm -f *.lo
:info:build make[3]: Leaving directory `/opt/local/var/macports/build/_opt_local_var_macports_sources_build.openmodelica.org_macports_lang_openmodelica-devel/openmodelica-devel/work/openmodelica_18121/3rdParty/lis-1.4.12/src/vector'
:info:build Making clean in matrix
:info:build make[3]: Entering directory `/opt/local/var/macports/build/_opt_local_var_macports_sources_build.openmodelica.org_macports_lang_openmodelica-devel/openmodelica-devel/work/openmodelica_18121/3rdParty/lis-1.4.12/src/matrix'
:info:build test -z "*.il" || rm -f *.il
:info:build rm -rf .libs _libs
:info:build error: unable to rename temporary '/opt/local/var/macports/build/_opt_local_var_macports_sources_build.openmodelica.org_macports_lang_openmodelica-devel/openmodelica-devel/work/openmodelica_18121/3rdParty/lis-1.4.12/src/matrix/.libs/lis_matrix_ilu.o-fa049700' to output file '.libs/lis_matrix_ilu.o': 'No such file or directory'
:info:build 1 error generated.
:info:build test -z "libmatrix.la" || rm -f libmatrix.la
:info:build make[5]: *** [lis_matrix_ilu.lo] Error 1
:info:build make[5]: Leaving directory `/opt/local/var/macports/build/_opt_local_var_macports_sources_build.openmodelica.org_macports_lang_openmodelica-devel/openmodelica-devel/work/openmodelica_18121/3rdParty/lis-1.4.12/src/matrix'
:info:build make[4]: *** [all-recursive] Error 1
:info:build make[4]: Leaving directory `/opt/local/var/macports/build/_opt_local_var_macports_sources_build.openmodelica.org_macports_lang_openmodelica-devel/openmodelica-devel/work/openmodelica_18121/3rdParty/lis-1.4.12/src'
:info:build make[3]: *** [all-recursive] Error 1
:info:build make[3]: Leaving directory `/opt/local/var/macports/build/_opt_local_var_macports_sources_build.openmodelica.org_macports_lang_openmodelica-devel/openmodelica-devel/work/openmodelica_18121/3rdParty/lis-1.4.12'
:info:build make[2]: *** [lis] Error 2
:info:build make[2]: *** Waiting for unfinished jobs....
:info:build /bin/sh ./libtool  --tag=CC   --mode=compile /usr/bin/clang -DHAVE_CONFIG_H   -I./include -I./include -I./libatomic_ops/src -I./libatomic_ops/src -I/opt/local/include -DTHREAD_LOCAL_ALLOC -fexceptions -pipe -Os -arch x86_64 -fno-strict-aliasing -MT cordtest.lo -MD -MP -MF .deps/cordtest.Tpo -c -o cordtest.lo `test -f 'cord/cordtest.c' || echo './'`cord/cordtest.c
:info:build rm -f "./so_locations"
:info:build rm -f *.o
:info:build rm -f *.lo
:info:build make[3]: Leaving directory `/opt/local/var/macports/build/_opt_local_var_macports_sources_build.openmodelica.org_macports_lang_openmodelica-devel/openmodelica-devel/work/openmodelica_18121/3rdParty/lis-1.4.12/src/matrix'
:info:build Making clean in .
:info:build libtool: compile:  /usr/bin/clang -DHAVE_CONFIG_H -I./include -I./include -I./libatomic_ops/src -I./libatomic_ops/src -I/opt/local/include -DTHREAD_LOCAL_ALLOC -fexceptions -pipe -Os -arch x86_64 -fno-strict-aliasing -MT cordprnt.lo -MD -MP -MF .deps/cordprnt.Tpo -c cord/cordprnt.c -o cordprnt.o >/dev/null 2>&1
:info:build make[3]: Entering directory `/opt/local/var/macports/build/_opt_local_var_macports_sources_build.openmodelica.org_macports_lang_openmodelica-devel/openmodelica-devel/work/openmodelica_18121/3rdParty/lis-1.4.12/src'
:info:build test -z "liblis.la" || rm -f liblis.la
:info:build rm -f "./so_locations"
:info:build rm -rf .libs _libs
:info:build rm -f *.o
:info:build libtool: compile:  /usr/bin/clang -DHAVE_CONFIG_H -I./include -I./include -I./libatomic_ops/src -I./libatomic_ops/src -I/opt/local/include -DTHREAD_LOCAL_ALLOC -fexceptions -pipe -Os -arch x86_64 -fno-strict-aliasing -MT cordtest.lo -MD -MP -MF .deps/cordtest.Tpo -c cord/cordtest.c  -fno-common -DPIC -o .libs/cordtest.o
:info:build rm -f *.lo
:info:build make[3]: Leaving directory `/opt/local/var/macports/build/_opt_local_var_macports_sources_build.openmodelica.org_macports_lang_openmodelica-devel/openmodelica-devel/work/openmodelica_18121/3rdParty/lis-1.4.12/src'
:info:build make[2]: Leaving directory `/opt/local/var/macports/build/_opt_local_var_macports_sources_build.openmodelica.org_macports_lang_openmodelica-devel/openmodelica-devel/work/openmodelica_18121/3rdParty/lis-1.4.12/src'
:info:build Making clean in .
:info:build make[2]: Entering directory `/opt/local/var/macports/build/_opt_local_var_macports_sources_build.openmodelica.org_macports_lang_openmodelica-devel/openmodelica-devel/work/openmodelica_18121/3rdParty/lis-1.4.12'
:info:build rm -rf .libs _libs
:info:build rm -f *.lo
:info:build make[2]: Leaving directory `/opt/local/var/macports/build/_opt_local_var_macports_sources_build.openmodelica.org_macports_lang_openmodelica-devel/openmodelica-devel/work/openmodelica_18121/3rdParty/lis-1.4.12'
:info:build make[1]: Leaving directory `/opt/local/var/macports/build/_opt_local_var_macports_sources_build.openmodelica.org_macports_lang_openmodelica-devel/openmodelica-devel/work/openmodelica_18121/3rdParty/lis-1.4.12'
:info:build /bin/sh ./libtool  --tag=CC   --mode=compile /usr/bin/clang -DHAVE_CONFIG_H   -I./include -I./include -I./libatomic_ops/src -I./libatomic_ops/src -I/opt/local/include -DTHREAD_LOCAL_ALLOC -fexceptions -pipe -Os -arch x86_64 -fno-strict-aliasing -MT cordxtra.lo -MD -MP -MF .deps/cordxtra.Tpo -c -o cordxtra.lo `test -f 'cord/cordxtra.c' || echo './'`cord/cordxtra.c
:info:build libtool: compile:  /usr/bin/clang -DHAVE_CONFIG_H -I./include -I./include -I./libatomic_ops/src -I./libatomic_ops/src -I/opt/local/include -DTHREAD_LOCAL_ALLOC -fexceptions -pipe -Os -arch x86_64 -fno-strict-aliasing -MT cordxtra.lo -MD -MP -MF .deps/cordxtra.Tpo -c cord/cordxtra.c  -fno-common -DPIC -o .libs/cordxtra.o
:info:build libtool: compile:  /usr/bin/clang -DHAVE_CONFIG_H -I./include -I./include -I./libatomic_ops/src -I./libatomic_ops/src -I/opt/local/include -DTHREAD_LOCAL_ALLOC -fexceptions -pipe -Os -arch x86_64 -fno-strict-aliasing -MT cordtest.lo -MD -MP -MF .deps/cordtest.Tpo -c cord/cordtest.c -o cordtest.o >/dev/null 2>&1
:info:build mv -f .deps/cordprnt.Tpo .deps/cordprnt.Plo
:info:build /usr/bin/make -C testsuite/ -f Makefile omc-diff
:info:build make[1]: Entering directory `/opt/local/var/macports/build/_opt_local_var_macports_sources_build.openmodelica.org_macports_lang_openmodelica-devel/openmodelica-devel/work/openmodelica_18121/testsuite'
:info:build make[1]: Nothing to be done for `omc-diff'.
:info:build make[1]: Leaving directory `/opt/local/var/macports/build/_opt_local_var_macports_sources_build.openmodelica.org_macports_lang_openmodelica-devel/openmodelica-devel/work/openmodelica_18121/testsuite'
:info:build /bin/sh ./libtool --tag=CC   --mode=link /usr/bin/clang -fexceptions -pipe -Os -arch x86_64 -fno-strict-aliasing -Wl,-single_module -version-info 1:3:0 -no-undefined  -o libgc.la -rpath /usr/local/lib allchblk.lo alloc.lo blacklst.lo checksums.lo dbg_mlc.lo dyn_load.lo finalize.lo gc_dlopen.lo gcj_mlc.lo headers.lo malloc.lo mallocx.lo mark.lo mark_rts.lo misc.lo new_hblk.lo obj_map.lo os_dep.lo pcr_interface.lo ptr_chck.lo real_malloc.lo reclaim.lo specific.lo stubborn.lo typd_mlc.lo backgraph.lo thread_local_alloc.lo pthread_start.lo pthread_support.lo pthread_stop_world.lo darwin_stop_world.lo  atomic_ops.lo mach_dep.lo -lpthread   
:info:build mv -f .deps/cordtest.Tpo .deps/cordtest.Plo
:info:build libtool: compile:  /usr/bin/clang -DHAVE_CONFIG_H -I./include -I./include -I./libatomic_ops/src -I./libatomic_ops/src -I/opt/local/include -DTHREAD_LOCAL_ALLOC -fexceptions -pipe -Os -arch x86_64 -fno-strict-aliasing -MT cordxtra.lo -MD -MP -MF .deps/cordxtra.Tpo -c cord/cordxtra.c -o cordxtra.o >/dev/null 2>&1
:info:build /usr/bin/make -C OMShell/OMShellGUI -f Makefile.unix
:info:build make[1]: Entering directory `/opt/local/var/macports/build/_opt_local_var_macports_sources_build.openmodelica.org_macports_lang_openmodelica-devel/openmodelica-devel/work/openmodelica_18121/OMShell/OMShellGUI'
:info:build sh /opt/local/var/macports/build/_opt_local_var_macports_sources_build.openmodelica.org_macports_lang_openmodelica-devel/openmodelica-devel/work/openmodelica_18121/qmake.sh
:info:build libtool: link: /usr/bin/clang -dynamiclib  -o .libs/libgc.1.dylib  .libs/allchblk.o .libs/alloc.o .libs/blacklst.o .libs/checksums.o .libs/dbg_mlc.o .libs/dyn_load.o .libs/finalize.o .libs/gc_dlopen.o .libs/gcj_mlc.o .libs/headers.o .libs/malloc.o .libs/mallocx.o .libs/mark.o .libs/mark_rts.o .libs/misc.o .libs/new_hblk.o .libs/obj_map.o .libs/os_dep.o .libs/pcr_interface.o .libs/ptr_chck.o .libs/real_malloc.o .libs/reclaim.o .libs/specific.o .libs/stubborn.o .libs/typd_mlc.o .libs/backgraph.o .libs/thread_local_alloc.o .libs/pthread_start.o .libs/pthread_support.o .libs/pthread_stop_world.o .libs/darwin_stop_world.o .libs/atomic_ops.o .libs/mach_dep.o   -lpthread  -Os -arch x86_64 -Wl,-single_module   -install_name  /usr/local/lib/libgc.1.dylib -compatibility_version 2 -current_version 2.3 -Wl,-single_module
:info:build mv -f .deps/cordxtra.Tpo .deps/cordxtra.Plo
:info:build /usr/bin/make -C OMPlot/OMPlotGUI -f Makefile.unix
:info:build make[1]: Entering directory `/opt/local/var/macports/build/_opt_local_var_macports_sources_build.openmodelica.org_macports_lang_openmodelica-devel/openmodelica-devel/work/openmodelica_18121/OMPlot/OMPlotGUI'
:info:build sh /opt/local/var/macports/build/_opt_local_var_macports_sources_build.openmodelica.org_macports_lang_openmodelica-devel/openmodelica-devel/work/openmodelica_18121/qmake.sh
:info:build libtool: link: (cd ".libs" && rm -f "libgc.dylib" && ln -s "libgc.1.dylib" "libgc.dylib")
:info:build libtool: link: ar cru .libs/libgc.a  allchblk.o alloc.o blacklst.o checksums.o dbg_mlc.o dyn_load.o finalize.o gc_dlopen.o gcj_mlc.o headers.o malloc.o mallocx.o mark.o mark_rts.o misc.o new_hblk.o obj_map.o os_dep.o pcr_interface.o ptr_chck.o real_malloc.o reclaim.o specific.o stubborn.o typd_mlc.o backgraph.o thread_local_alloc.o pthread_start.o pthread_support.o pthread_stop_world.o darwin_stop_world.o atomic_ops.o mach_dep.o
:info:build /opt/local/bin/ranlib: file: .libs/libgc.a(checksums.o) has no symbols
:info:build /opt/local/bin/ranlib: file: .libs/libgc.a(gc_dlopen.o) has no symbols
:info:build /opt/local/bin/ranlib: file: .libs/libgc.a(gcj_mlc.o) has no symbols
:info:build /opt/local/bin/ranlib: file: .libs/libgc.a(pcr_interface.o) has no symbols
:info:build /opt/local/bin/ranlib: file: .libs/libgc.a(real_malloc.o) has no symbols
:info:build /opt/local/bin/ranlib: file: .libs/libgc.a(specific.o) has no symbols
:info:build /opt/local/bin/ranlib: file: .libs/libgc.a(backgraph.o) has no symbols
:info:build /opt/local/bin/ranlib: file: .libs/libgc.a(pthread_stop_world.o) has no symbols
:info:build libtool: link: ranlib .libs/libgc.a
:info:build ranlib: file: .libs/libgc.a(checksums.o) has no symbols
:info:build ranlib: file: .libs/libgc.a(gc_dlopen.o) has no symbols
:info:build ranlib: file: .libs/libgc.a(gcj_mlc.o) has no symbols
:info:build ranlib: file: .libs/libgc.a(pcr_interface.o) has no symbols
:info:build ranlib: file: .libs/libgc.a(real_malloc.o) has no symbols
:info:build ranlib: file: .libs/libgc.a(specific.o) has no symbols
:info:build ranlib: file: .libs/libgc.a(backgraph.o) has no symbols
:info:build ranlib: file: .libs/libgc.a(pthread_stop_world.o) has no symbols
:info:build libtool: link: ( cd ".libs" && rm -f "libgc.la" && ln -s "../libgc.la" "libgc.la" )
:info:build /bin/sh ./libtool --tag=CC   --mode=link /usr/bin/clang -fexceptions -pipe -Os -arch x86_64 -fno-strict-aliasing -version-info 1:3:0 -no-undefined  -o libcord.la -rpath /usr/local/lib cordbscs.lo cordprnt.lo cordtest.lo cordxtra.lo ./libgc.la 
:info:build WARNING: /opt/local/var/macports/build/_opt_local_var_macports_sources_build.openmodelica.org_macports_lang_openmodelica-devel/openmodelica-devel/work/openmodelica_18121/OMShell/OMShellGUI/OMShell.config:7: Unescaped backslashes are deprecated.
:info:build Project MESSAGE: qtAddLibrary: found framework QtSvg in directory /opt/local/Library/Frameworks
:info:build Project MESSAGE: qtAddLibrary: found framework QtXml in directory /opt/local/Library/Frameworks
:info:build Project MESSAGE: qtAddLibrary: found framework QtGui in directory /opt/local/Library/Frameworks
:info:build libtool: link: /usr/bin/clang -dynamiclib  -o .libs/libcord.1.dylib  .libs/cordbscs.o .libs/cordprnt.o .libs/cordtest.o .libs/cordxtra.o   ./.libs/libgc.dylib -lpthread  -Os -arch x86_64   -install_name  /usr/local/lib/libcord.1.dylib -compatibility_version 2 -current_version 2.3 -Wl,-single_module
:info:build Project MESSAGE: qtAddLibrary: found framework QtGui in directory /opt/local/Library/Frameworks
:info:build Project MESSAGE: qtAddLibrary: found framework QtCore in directory /opt/local/Library/Frameworks
:info:build Project MESSAGE: qtAddLibrary: found framework QtCore in directory /opt/local/Library/Frameworks
:info:build libtool: link: (cd ".libs" && rm -f "libcord.dylib" && ln -s "libcord.1.dylib" "libcord.dylib")
:info:build libtool: link: ar cru .libs/libcord.a  cordbscs.o cordprnt.o cordtest.o cordxtra.o
:info:build libtool: link: ranlib .libs/libcord.a
:info:build WARNING: Failure to find: omc_communication.cc
:info:build WARNING: Failure to find: omc_communication.h
:info:build libtool: link: ( cd ".libs" && rm -f "libcord.la" && ln -s "../libcord.la" "libcord.la" )
:info:build make[4]: Leaving directory `/opt/local/var/macports/build/_opt_local_var_macports_sources_build.openmodelica.org_macports_lang_openmodelica-devel/openmodelica-devel/work/openmodelica_18121/3rdParty/gc-7.2'
:info:build make[3]: Leaving directory `/opt/local/var/macports/build/_opt_local_var_macports_sources_build.openmodelica.org_macports_lang_openmodelica-devel/openmodelica-devel/work/openmodelica_18121/3rdParty/gc-7.2'
:info:build /opt/local/bin/omniidl -bcxx -Wbh=.h -Wbs=.cc ../..//Compiler/runtime//omc_communication.idl
:info:build Building Lis from sources
:info:build /usr/bin/make -C 3rdParty/lis-1.4.12
:info:build make[1]: Entering directory `/opt/local/var/macports/build/_opt_local_var_macports_sources_build.openmodelica.org_macports_lang_openmodelica-devel/openmodelica-devel/work/openmodelica_18121/3rdParty/lis-1.4.12'
:info:build Making all in src
:info:build make[2]: Entering directory `/opt/local/var/macports/build/_opt_local_var_macports_sources_build.openmodelica.org_macports_lang_openmodelica-devel/openmodelica-devel/work/openmodelica_18121/3rdParty/lis-1.4.12/src'
:info:build Making all in matrix
:info:build make[3]: Entering directory `/opt/local/var/macports/build/_opt_local_var_macports_sources_build.openmodelica.org_macports_lang_openmodelica-devel/openmodelica-devel/work/openmodelica_18121/3rdParty/lis-1.4.12/src/matrix'
:info:build /bin/sh ../../libtool --mode=compile --tag=CC /usr/bin/clang  -DHAVE_CONFIG_H -I. -I../../include   -I/opt/local/include -I../../include  -O3 -fomit-frame-pointer -pipe -Os -arch x86_64 -c -o lis_matrix.lo lis_matrix.c
:info:build libtool: compile:  /usr/bin/clang -DHAVE_CONFIG_H -I. -I../../include -I/opt/local/include -I../../include -O3 -fomit-frame-pointer -pipe -Os -arch x86_64 -c lis_matrix.c  -fno-common -DPIC -o .libs/lis_matrix.o
:info:build sh /opt/local/var/macports/build/_opt_local_var_macports_sources_build.openmodelica.org_macports_lang_openmodelica-devel/openmodelica-devel/work/openmodelica_18121/qmake.sh OMPlotLib.pro -o Makefile.lib
:info:build /usr/bin/make -f Makefile
:info:build /bin/sh ../../libtool --mode=compile --tag=CC /usr/bin/clang  -DHAVE_CONFIG_H -I. -I../../include   -I/opt/local/include -I../../include  -O3 -fomit-frame-pointer -pipe -Os -arch x86_64 -c -o lis_matrix_bsc.lo lis_matrix_bsc.c
:info:build make[2]: Entering directory `/opt/local/var/macports/build/_opt_local_var_macports_sources_build.openmodelica.org_macports_lang_openmodelica-devel/openmodelica-devel/work/openmodelica_18121/OMShell/OMShellGUI'
:info:build libtool: compile:  /usr/bin/clang -DHAVE_CONFIG_H -I. -I../../include -I/opt/local/include -I../../include -O3 -fomit-frame-pointer -pipe -Os -arch x86_64 -c lis_matrix_bsc.c  -fno-common -DPIC -o .libs/lis_matrix_bsc.o
:info:build Project MESSAGE: qtAddLibrary: found framework QtGui in directory /opt/local/Library/Frameworks
:info:build Project MESSAGE: qtAddLibrary: found framework QtCore in directory /opt/local/Library/Frameworks
:info:build /opt/local/bin/lrelease OMShell_de.ts
:info:build /usr/bin/make -f Makefile.lib
:info:build make[2]: Entering directory `/opt/local/var/macports/build/_opt_local_var_macports_sources_build.openmodelica.org_macports_lang_openmodelica-devel/openmodelica-devel/work/openmodelica_18121/OMPlot/OMPlotGUI'
:info:build /usr/bin/clang++ -c -pipe -O2  -Xarch_x86_64 -mmacosx-version-min=10.8 -w -fPIC -DQT_NO_DEBUG -DQT_GUI_LIB -DQT_CORE_LIB -DQT_SHARED -I/opt/local/share/qt4/mkspecs/macx-g++ -I. -I../generatedfiles/moc -I/opt/local/Library/Frameworks/QtCore.framework/Versions/4/Headers -I/opt/local/Library/Frameworks/QtGui.framework/Versions/4/Headers -I/opt/local/include/qwt -I. -I/opt/local/Library/Frameworks/QtGui.framework/Versions/4/Headers -I/opt/local/Library/Frameworks/QtCore.framework/Versions/4/Headers -I/opt/local/include -o main.o main.cpp
:info:build Updating 'OMShell_de.qm'...
:info:build     Generated 34 translation(s) (34 finished and 0 unfinished)
:info:build /opt/local/bin/lrelease OMShell_sv.ts
:info:build Updating 'OMShell_sv.qm'...
:info:build     Generated 34 translation(s) (34 finished and 0 unfinished)
:info:build /usr/bin/clang++ -c -pipe -O2  -Xarch_x86_64 -mmacosx-version-min=10.8 -w -DQT_NO_DEBUG -DQT_XML_LIB -DQT_GUI_LIB -DQT_CORE_LIB -DQT_SHARED -I/opt/local/share/qt4/mkspecs/macx-g++ -I. -I../generatedfiles/moc -I/opt/local/Library/Frameworks/QtCore.framework/Versions/4/Headers -I/opt/local/Library/Frameworks/QtGui.framework/Versions/4/Headers -I/opt/local/Library/Frameworks/QtXml.framework/Versions/4/Headers -I/opt/local/Library/Frameworks/QtXml.framework/Versions/4/Headers -I/opt/local/Library/Frameworks/QtGui.framework/Versions/4/Headers -I/opt/local/Library/Frameworks/QtCore.framework/Versions/4/Headers -I/opt/local/include -F/opt/local/Library/Frameworks -F/opt/local/lib -o commandcompletion.o commandcompletion.cpp
:info:build /bin/sh ../../libtool --mode=compile --tag=CC /usr/bin/clang  -DHAVE_CONFIG_H -I. -I../../include   -I/opt/local/include -I../../include  -O3 -fomit-frame-pointer -pipe -Os -arch x86_64 -c -o lis_matrix_bsr.lo lis_matrix_bsr.c
:info:build libtool: compile:  /usr/bin/clang -DHAVE_CONFIG_H -I. -I../../include -I/opt/local/include -I../../include -O3 -fomit-frame-pointer -pipe -Os -arch x86_64 -c lis_matrix_bsr.c  -fno-common -DPIC -o .libs/lis_matrix_bsr.o
:info:build /bin/sh ../../libtool --mode=compile --tag=CC /usr/bin/clang  -DHAVE_CONFIG_H -I. -I../../include   -I/opt/local/include -I../../include  -O3 -fomit-frame-pointer -pipe -Os -arch x86_64 -c -o lis_matrix_csc.lo lis_matrix_csc.c
:info:build libtool: compile:  /usr/bin/clang -DHAVE_CONFIG_H -I. -I../../include -I/opt/local/include -I../../include -O3 -fomit-frame-pointer -pipe -Os -arch x86_64 -c lis_matrix_csc.c  -fno-common -DPIC -o .libs/lis_matrix_csc.o
:info:build /bin/sh ../../libtool --mode=compile --tag=CC /usr/bin/clang  -DHAVE_CONFIG_H -I. -I../../include   -I/opt/local/include -I../../include  -O3 -fomit-frame-pointer -pipe -Os -arch x86_64 -c -o lis_matrix_coo.lo lis_matrix_coo.c
:info:build libtool: compile:  /usr/bin/clang -DHAVE_CONFIG_H -I. -I../../include -I/opt/local/include -I../../include -O3 -fomit-frame-pointer -pipe -Os -arch x86_64 -c lis_matrix_coo.c  -fno-common -DPIC -o .libs/lis_matrix_coo.o
:info:build /bin/sh ../../libtool --mode=compile --tag=CC /usr/bin/clang  -DHAVE_CONFIG_H -I. -I../../include   -I/opt/local/include -I../../include  -O3 -fomit-frame-pointer -pipe -Os -arch x86_64 -c -o lis_matrix_csr.lo lis_matrix_csr.c
:info:build libtool: compile:  /usr/bin/clang -DHAVE_CONFIG_H -I. -I../../include -I/opt/local/include -I../../include -O3 -fomit-frame-pointer -pipe -Os -arch x86_64 -c lis_matrix_csr.c  -fno-common -DPIC -o .libs/lis_matrix_csr.o
:info:build configure.ac:9: installing './compile'
:info:build configure.ac:12: installing './config.guess'
:info:build configure.ac:12: installing './config.sub'
:info:build configure.ac:5: installing './install-sh'
:info:build configure.ac:5: installing './missing'
:info:build /bin/sh ../../libtool --mode=compile --tag=CC /usr/bin/clang  -DHAVE_CONFIG_H -I. -I../../include   -I/opt/local/include -I../../include  -O3 -fomit-frame-pointer -pipe -Os -arch x86_64 -c -o lis_matrix_dia.lo lis_matrix_dia.c
:info:build Makefile.am: installing './INSTALL'
:info:build libtool: compile:  /usr/bin/clang -DHAVE_CONFIG_H -I. -I../../include -I/opt/local/include -I../../include -O3 -fomit-frame-pointer -pipe -Os -arch x86_64 -c lis_matrix_dia.c  -fno-common -DPIC -o .libs/lis_matrix_dia.o
:info:build Makefile.am:3: warning: source file '$(MSLCSOURCES)/ModelicaInternal.c' is in a subdirectory,
:info:build Makefile.am:3: but option 'subdir-objects' is disabled
:info:build automake: warning: possible forward-incompatibility.
:info:build automake: At least a source file is in a subdirectory, but the 'subdir-objects'
:info:build automake: automake option hasn't been enabled.  For now, the corresponding output
:info:build automake: object file(s) will be placed in the top-level directory.  However,
:info:build automake: this behaviour will change in future Automake versions: they will
:info:build automake: unconditionally cause object files to be placed in the same subdirectory
:info:build automake: of the corresponding sources.
:info:build automake: You are advised to start using 'subdir-objects' option throughout your
:info:build automake: project, to avoid future incompatibilities.
:info:build Makefile.am:3: warning: source file '$(MSLCSOURCES)/ModelicaStrings.c' is in a subdirectory,
:info:build Makefile.am:3: but option 'subdir-objects' is disabled
:info:build Makefile.am:4: warning: source file '$(MSLCSOURCES)/ModelicaStandardTables.c' is in a subdirectory,
:info:build Makefile.am:4: but option 'subdir-objects' is disabled
:info:build Makefile.am:4: warning: source file '$(MSLCSOURCES)/ModelicaMatIO.c' is in a subdirectory,
:info:build Makefile.am:4: but option 'subdir-objects' is disabled
:info:build Makefile.am:7: warning: source file '$(MSLCSOURCES)/zlib/adler32.c' is in a subdirectory,
:info:build Makefile.am:7: but option 'subdir-objects' is disabled
:info:build Makefile.am:7: warning: source file '$(MSLCSOURCES)/zlib/compress.c' is in a subdirectory,
:info:build Makefile.am:7: but option 'subdir-objects' is disabled
:info:build Makefile.am:7: warning: source file '$(MSLCSOURCES)/zlib/crc32.c' is in a subdirectory,
:info:build Makefile.am:7: but option 'subdir-objects' is disabled
:info:build Makefile.am:7: warning: source file '$(MSLCSOURCES)/zlib/deflate.c' is in a subdirectory,
:info:build Makefile.am:7: but option 'subdir-objects' is disabled
:info:build Makefile.am:7: warning: source file '$(MSLCSOURCES)/zlib/gzclose.c' is in a subdirectory,
:info:build Makefile.am:7: but option 'subdir-objects' is disabled
:info:build Makefile.am:7: warning: source file '$(MSLCSOURCES)/zlib/gzlib.c' is in a subdirectory,
:info:build Makefile.am:7: but option 'subdir-objects' is disabled
:info:build Makefile.am:7: warning: source file '$(MSLCSOURCES)/zlib/gzread.c' is in a subdirectory,
:info:build Makefile.am:7: but option 'subdir-objects' is disabled
:info:build Makefile.am:7: warning: source file '$(MSLCSOURCES)/zlib/gzwrite.c' is in a subdirectory,
:info:build Makefile.am:7: but option 'subdir-objects' is disabled
:info:build Makefile.am:7: warning: source file '$(MSLCSOURCES)/zlib/infback.c' is in a subdirectory,
:info:build Makefile.am:7: but option 'subdir-objects' is disabled
:info:build Makefile.am:7: warning: source file '$(MSLCSOURCES)/zlib/inffast.c' is in a subdirectory,
:info:build Makefile.am:7: but option 'subdir-objects' is disabled
:info:build Makefile.am:7: warning: source file '$(MSLCSOURCES)/zlib/inflate.c' is in a subdirectory,
:info:build Makefile.am:7: but option 'subdir-objects' is disabled
:info:build Makefile.am:7: warning: source file '$(MSLCSOURCES)/zlib/inftrees.c' is in a subdirectory,
:info:build Makefile.am:7: but option 'subdir-objects' is disabled
:info:build Makefile.am:7: warning: source file '$(MSLCSOURCES)/zlib/trees.c' is in a subdirectory,
:info:build Makefile.am:7: but option 'subdir-objects' is disabled
:info:build Makefile.am:7: warning: source file '$(MSLCSOURCES)/zlib/uncompr.c' is in a subdirectory,
:info:build Makefile.am:7: but option 'subdir-objects' is disabled
:info:build Makefile.am:7: warning: source file '$(MSLCSOURCES)/zlib/zutil.c' is in a subdirectory,
:info:build Makefile.am:7: but option 'subdir-objects' is disabled
:info:build Makefile.am: installing './depcomp'
:info:build /bin/sh ../../libtool --mode=compile --tag=CC /usr/bin/clang  -DHAVE_CONFIG_H -I. -I../../include   -I/opt/local/include -I../../include  -O3 -fomit-frame-pointer -pipe -Os -arch x86_64 -c -o lis_matrix_diag.lo lis_matrix_diag.c
:info:build libtool: compile:  /usr/bin/clang -DHAVE_CONFIG_H -I. -I../../include -I/opt/local/include -I../../include -O3 -fomit-frame-pointer -pipe -Os -arch x86_64 -c lis_matrix_diag.c  -fno-common -DPIC -o .libs/lis_matrix_diag.o
:info:build (cd "libraries/Resources//BuildProjects/autotools" && (test -f Makefile || (./configure "--host=x86_64-apple-darwin12.4.0" --libdir="`cd ../../../../build/lib/omc/ && pwd -P || echo ERROR-BAD-INSTALL-PATH`" CC="/usr/bin/clang" CFLAGS="-pipe -Os -arch x86_64" CPPFLAGS="-I/opt/local/include" LDFLAGS="" --disable-hdf5 --enable-static-zlib --enable-static --disable-shared && /usr/bin/make clean)))
:info:build /usr/bin/clang++ -c -pipe -O2  -Xarch_x86_64 -mmacosx-version-min=10.8 -w -DQT_NO_DEBUG -DQT_XML_LIB -DQT_GUI_LIB -DQT_CORE_LIB -DQT_SHARED -I/opt/local/share/qt4/mkspecs/macx-g++ -I. -I../generatedfiles/moc -I/opt/local/Library/Frameworks/QtCore.framework/Versions/4/Headers -I/opt/local/Library/Frameworks/QtGui.framework/Versions/4/Headers -I/opt/local/Library/Frameworks/QtXml.framework/Versions/4/Headers -I/opt/local/Library/Frameworks/QtXml.framework/Versions/4/Headers -I/opt/local/Library/Frameworks/QtGui.framework/Versions/4/Headers -I/opt/local/Library/Frameworks/QtCore.framework/Versions/4/Headers -I/opt/local/include -F/opt/local/Library/Frameworks -F/opt/local/lib -o omc_communication.o omc_communication.cc
:info:build /bin/sh ../../libtool --mode=compile --tag=CC /usr/bin/clang  -DHAVE_CONFIG_H -I. -I../../include   -I/opt/local/include -I../../include  -O3 -fomit-frame-pointer -pipe -Os -arch x86_64 -c -o lis_matrix_dns.lo lis_matrix_dns.c
:info:build libtool: compile:  /usr/bin/clang -DHAVE_CONFIG_H -I. -I../../include -I/opt/local/include -I../../include -O3 -fomit-frame-pointer -pipe -Os -arch x86_64 -c lis_matrix_dns.c  -fno-common -DPIC -o .libs/lis_matrix_dns.o
:info:build /bin/sh ../../libtool --mode=compile --tag=CC /usr/bin/clang  -DHAVE_CONFIG_H -I. -I../../include   -I/opt/local/include -I../../include  -O3 -fomit-frame-pointer -pipe -Os -arch x86_64 -c -o lis_matrix_ell.lo lis_matrix_ell.c
:info:build checking for a BSD-compatible install... libtool: compile:  /usr/bin/clang -DHAVE_CONFIG_H -I. -I../../include -I/opt/local/include -I../../include -O3 -fomit-frame-pointer -pipe -Os -arch x86_64 -c lis_matrix_ell.c  -fno-common -DPIC -o .libs/lis_matrix_ell.o
:info:build /opt/local/bin/ginstall -c
:info:build checking whether build environment is sane... yes
:info:build checking for x86_64-apple-darwin12.4.0-strip... no
:info:build checking for strip... strip
:info:build checking for a thread-safe mkdir -p... /opt/local/bin/gmkdir -p
:info:build checking for gawk... gawk
:info:build checking whether make sets $(MAKE)... yes
:info:build checking whether make supports nested variables... yes
:info:build checking for x86_64-apple-darwin12.4.0-gcc... /usr/bin/clang
:info:build /usr/bin/clang++ -c -pipe -O2  -Xarch_x86_64 -mmacosx-version-min=10.8 -w -DQT_NO_DEBUG -DQT_XML_LIB -DQT_GUI_LIB -DQT_CORE_LIB -DQT_SHARED -I/opt/local/share/qt4/mkspecs/macx-g++ -I. -I../generatedfiles/moc -I/opt/local/Library/Frameworks/QtCore.framework/Versions/4/Headers -I/opt/local/Library/Frameworks/QtGui.framework/Versions/4/Headers -I/opt/local/Library/Frameworks/QtXml.framework/Versions/4/Headers -I/opt/local/Library/Frameworks/QtXml.framework/Versions/4/Headers -I/opt/local/Library/Frameworks/QtGui.framework/Versions/4/Headers -I/opt/local/Library/Frameworks/QtCore.framework/Versions/4/Headers -I/opt/local/include -F/opt/local/Library/Frameworks -F/opt/local/lib -o omc_communicator.o omc_communicator.cpp
:info:build /bin/sh ../../libtool --mode=compile --tag=CC /usr/bin/clang  -DHAVE_CONFIG_H -I. -I../../include   -I/opt/local/include -I../../include  -O3 -fomit-frame-pointer -pipe -Os -arch x86_64 -c -o lis_matrix_ilu.lo lis_matrix_ilu.c
:info:build libtool: compile:  /usr/bin/clang -DHAVE_CONFIG_H -I. -I../../include -I/opt/local/include -I../../include -O3 -fomit-frame-pointer -pipe -Os -arch x86_64 -c lis_matrix_ilu.c  -fno-common -DPIC -o .libs/lis_matrix_ilu.o
:info:build /bin/sh ../../libtool --mode=compile --tag=CC /usr/bin/clang  -DHAVE_CONFIG_H -I. -I../../include   -I/opt/local/include -I../../include  -O3 -fomit-frame-pointer -pipe -Os -arch x86_64 -c -o lis_matrix_jad.lo lis_matrix_jad.c
:info:build libtool: compile:  /usr/bin/clang -DHAVE_CONFIG_H -I. -I../../include -I/opt/local/include -I../../include -O3 -fomit-frame-pointer -pipe -Os -arch x86_64 -c lis_matrix_jad.c  -fno-common -DPIC -o .libs/lis_matrix_jad.o
:info:build checking whether the C compiler works... yes
:info:build checking for C compiler default output file name... a.out
:info:build checking for suffix of executables... /bin/sh ../../libtool --mode=compile --tag=CC /usr/bin/clang  -DHAVE_CONFIG_H -I. -I../../include   -I/opt/local/include -I../../include  -O3 -fomit-frame-pointer -pipe -Os -arch x86_64 -c -o lis_matrix_mpi.lo lis_matrix_mpi.c
:info:build 
:info:build checking whether we are cross compiling... libtool: compile:  /usr/bin/clang -DHAVE_CONFIG_H -I. -I../../include -I/opt/local/include -I../../include -O3 -fomit-frame-pointer -pipe -Os -arch x86_64 -c lis_matrix_mpi.c  -fno-common -DPIC -o .libs/lis_matrix_mpi.o
:info:build /bin/sh ../../libtool --mode=compile --tag=CC /usr/bin/clang  -DHAVE_CONFIG_H -I. -I../../include   -I/opt/local/include -I../../include  -O3 -fomit-frame-pointer -pipe -Os -arch x86_64 -c -o lis_matrix_msr.lo lis_matrix_msr.c
:info:build no
:info:build checking for suffix of object files... libtool: compile:  /usr/bin/clang -DHAVE_CONFIG_H -I. -I../../include -I/opt/local/include -I../../include -O3 -fomit-frame-pointer -pipe -Os -arch x86_64 -c lis_matrix_msr.c  -fno-common -DPIC -o .libs/lis_matrix_msr.o
:info:build o
:info:build checking whether we are using the GNU C compiler... yes
:info:build checking whether /usr/bin/clang accepts -g... yes
:info:build checking for /usr/bin/clang option to accept ISO C89... none needed
:info:build checking whether /usr/bin/clang understands -c and -o together... /bin/sh ../../libtool --mode=compile --tag=CC /usr/bin/clang  -DHAVE_CONFIG_H -I. -I../../include   -I/opt/local/include -I../../include  -O3 -fomit-frame-pointer -pipe -Os -arch x86_64 -c -o lis_matrix_ops.lo lis_matrix_ops.c
:info:build yes
:info:build libtool: compile:  /usr/bin/clang -DHAVE_CONFIG_H -I. -I../../include -I/opt/local/include -I../../include -O3 -fomit-frame-pointer -pipe -Os -arch x86_64 -c lis_matrix_ops.c  -fno-common -DPIC -o .libs/lis_matrix_ops.o
:info:build checking for style of include used by make... GNU
:info:build checking dependency style of /usr/bin/clang... gcc3
:info:build checking how to run the C preprocessor... /usr/bin/clang -E
:info:build /usr/bin/clang++ -c -pipe -O2  -Xarch_x86_64 -mmacosx-version-min=10.8 -w -DQT_NO_DEBUG -DQT_XML_LIB -DQT_GUI_LIB -DQT_CORE_LIB -DQT_SHARED -I/opt/local/share/qt4/mkspecs/macx-g++ -I. -I../generatedfiles/moc -I/opt/local/Library/Frameworks/QtCore.framework/Versions/4/Headers -I/opt/local/Library/Frameworks/QtGui.framework/Versions/4/Headers -I/opt/local/Library/Frameworks/QtXml.framework/Versions/4/Headers -I/opt/local/Library/Frameworks/QtXml.framework/Versions/4/Headers -I/opt/local/Library/Frameworks/QtGui.framework/Versions/4/Headers -I/opt/local/Library/Frameworks/QtCore.framework/Versions/4/Headers -I/opt/local/include -F/opt/local/Library/Frameworks -F/opt/local/lib -o omcinteractiveenvironment.o omcinteractiveenvironment.cpp
:info:build checking whether make sets $(MAKE)... (cached) yes
:info:build checking build system type... x86_64-apple-darwin12.4.0
:info:build checking host system type... x86_64-apple-darwin12.4.0
:info:build checking how to print strings... printf
:info:build checking for a sed that does not truncate output... /bin/sh ../../libtool --mode=compile --tag=CC /usr/bin/clang  -DHAVE_CONFIG_H -I. -I../../include   -I/opt/local/include -I../../include  -O3 -fomit-frame-pointer -pipe -Os -arch x86_64 -c -o lis_matrix_rco.lo lis_matrix_rco.c
:info:build /opt/local/bin/gsed
:info:build checking for grep that handles long lines and -e... libtool: compile:  /usr/bin/clang -DHAVE_CONFIG_H -I. -I../../include -I/opt/local/include -I../../include -O3 -fomit-frame-pointer -pipe -Os -arch x86_64 -c lis_matrix_rco.c  -fno-common -DPIC -o .libs/lis_matrix_rco.o
:info:build /bin/sh ../../libtool --mode=compile --tag=CC /usr/bin/clang  -DHAVE_CONFIG_H -I. -I../../include   -I/opt/local/include -I../../include  -O3 -fomit-frame-pointer -pipe -Os -arch x86_64 -c -o lis_matrix_vbr.lo lis_matrix_vbr.c
:info:build libtool: compile:  /usr/bin/clang -DHAVE_CONFIG_H -I. -I../../include -I/opt/local/include -I../../include -O3 -fomit-frame-pointer -pipe -Os -arch x86_64 -c lis_matrix_vbr.c  -fno-common -DPIC -o .libs/lis_matrix_vbr.o
:info:build /usr/bin/grep
:info:build checking for egrep... /usr/bin/grep -E
:info:build checking for fgrep... /usr/bin/grep -F
:info:build checking for ld used by /usr/bin/clang... /usr/bin/ld
:info:build checking if the linker (/usr/bin/ld) is GNU ld... no
:info:build checking for BSD- or MS-compatible name lister (nm)... /opt/local/bin/nm
:info:build checking the name lister (/opt/local/bin/nm) interface... BSD nm
:info:build checking whether ln -s works... yes
:info:build checking the maximum length of command line arguments... 196608
:info:build checking whether the shell understands some XSI constructs... yes
:info:build checking whether the shell understands "+="... yes
:info:build checking how to convert x86_64-apple-darwin12.4.0 file names to x86_64-apple-darwin12.4.0 format... func_convert_file_noop
:info:build checking how to convert x86_64-apple-darwin12.4.0 file names to toolchain format... func_convert_file_noop
:info:build checking for /usr/bin/ld option to reload object files... -r
:info:build checking for x86_64-apple-darwin12.4.0-objdump... no
:info:build checking for objdump... no
:info:build checking how to recognize dependent libraries... pass_all
:info:build checking for x86_64-apple-darwin12.4.0-dlltool... no
:info:build checking for dlltool... no
:info:build checking how to associate runtime and link libraries... printf %s\n
:info:build checking for x86_64-apple-darwin12.4.0-ar... no
:info:build checking for ar... ar
:info:build checking for archiver @FILE support... /bin/sh ../../libtool --tag=CC   --mode=link /usr/bin/clang -I../../include  -O3 -fomit-frame-pointer -pipe -Os -arch x86_64  -Wl,-install_name,@rpath/liblis.dylib -o libmatrix.la  lis_matrix.lo lis_matrix_bsc.lo lis_matrix_bsr.lo lis_matrix_csc.lo lis_matrix_coo.lo lis_matrix_csr.lo lis_matrix_dia.lo lis_matrix_diag.lo lis_matrix_dns.lo lis_matrix_ell.lo lis_matrix_ilu.lo lis_matrix_jad.lo lis_matrix_mpi.lo lis_matrix_msr.lo lis_matrix_ops.lo lis_matrix_rco.lo lis_matrix_vbr.lo  -lm 
:info:build no
:info:build checking for x86_64-apple-darwin12.4.0-strip... strip
:info:build checking for x86_64-apple-darwin12.4.0-ranlib... no
:info:build checking for ranlib... ranlib
:info:build checking command to parse /opt/local/bin/nm output from /usr/bin/clang object... ok
:info:build checking for sysroot... no
:info:build checking for x86_64-apple-darwin12.4.0-mt... no
:info:build checking for mt... no
:info:build checking if : is a manifest tool... libtool: link: ar cru .libs/libmatrix.a .libs/lis_matrix.o .libs/lis_matrix_bsc.o .libs/lis_matrix_bsr.o .libs/lis_matrix_csc.o .libs/lis_matrix_coo.o .libs/lis_matrix_csr.o .libs/lis_matrix_dia.o .libs/lis_matrix_diag.o .libs/lis_matrix_dns.o .libs/lis_matrix_ell.o .libs/lis_matrix_ilu.o .libs/lis_matrix_jad.o .libs/lis_matrix_mpi.o .libs/lis_matrix_msr.o .libs/lis_matrix_ops.o .libs/lis_matrix_rco.o .libs/lis_matrix_vbr.o 
:info:build no
:info:build checking for x86_64-apple-darwin12.4.0-dsymutil... no
:info:build checking for dsymutil... dsymutil
:info:build checking for x86_64-apple-darwin12.4.0-nmedit... no
:info:build checking for nmedit... nmedit
:info:build checking for x86_64-apple-darwin12.4.0-lipo... no
:info:build checking for lipo... lipo
:info:build checking for x86_64-apple-darwin12.4.0-otool... no
:info:build checking for otool... otool
:info:build checking for x86_64-apple-darwin12.4.0-otool64... no
:info:build checking for otool64... no
:info:build checking for -single_module linker flag... yes
:info:build checking for -exported_symbols_list linker flag... libtool: link: ranlib .libs/libmatrix.a
:info:build /usr/bin/clang++ -c -pipe -O2  -Xarch_x86_64 -mmacosx-version-min=10.8 -w -DQT_NO_DEBUG -DQT_XML_LIB -DQT_GUI_LIB -DQT_CORE_LIB -DQT_SHARED -I/opt/local/share/qt4/mkspecs/macx-g++ -I. -I../generatedfiles/moc -I/opt/local/Library/Frameworks/QtCore.framework/Versions/4/Headers -I/opt/local/Library/Frameworks/QtGui.framework/Versions/4/Headers -I/opt/local/Library/Frameworks/QtXml.framework/Versions/4/Headers -I/opt/local/Library/Frameworks/QtXml.framework/Versions/4/Headers -I/opt/local/Library/Frameworks/QtGui.framework/Versions/4/Headers -I/opt/local/Library/Frameworks/QtCore.framework/Versions/4/Headers -I/opt/local/include -F/opt/local/Library/Frameworks -F/opt/local/lib -o oms.o oms.cpp
:info:build yes
:info:build checking for -force_load linker flag... libtool: link: ( cd ".libs" && rm -f "libmatrix.la" && ln -s "../libmatrix.la" "libmatrix.la" )
:info:build make[3]: Leaving directory `/opt/local/var/macports/build/_opt_local_var_macports_sources_build.openmodelica.org_macports_lang_openmodelica-devel/openmodelica-devel/work/openmodelica_18121/3rdParty/lis-1.4.12/src/matrix'
:info:build Making all in vector
:info:build make[3]: Entering directory `/opt/local/var/macports/build/_opt_local_var_macports_sources_build.openmodelica.org_macports_lang_openmodelica-devel/openmodelica-devel/work/openmodelica_18121/3rdParty/lis-1.4.12/src/vector'
:info:build /bin/sh ../../libtool --mode=compile --tag=CC /usr/bin/clang  -DHAVE_CONFIG_H -I. -I../../include   -I/opt/local/include -I../../include -O3 -fomit-frame-pointer -pipe -Os -arch x86_64 -c -o lis_vector.lo lis_vector.c
:info:build libtool: compile:  /usr/bin/clang -DHAVE_CONFIG_H -I. -I../../include -I/opt/local/include -I../../include -O3 -fomit-frame-pointer -pipe -Os -arch x86_64 -c lis_vector.c  -fno-common -DPIC -o .libs/lis_vector.o
:info:build yes
:info:build checking for ANSI C header files... yes
:info:build checking for sys/types.h... /bin/sh ../../libtool --mode=compile --tag=CC /usr/bin/clang  -DHAVE_CONFIG_H -I. -I../../include   -I/opt/local/include -I../../include -O3 -fomit-frame-pointer -pipe -Os -arch x86_64 -c -o lis_vector_ops.lo lis_vector_ops.c
:info:build yes
:info:build checking for sys/stat.h... libtool: compile:  /usr/bin/clang -DHAVE_CONFIG_H -I. -I../../include -I/opt/local/include -I../../include -O3 -fomit-frame-pointer -pipe -Os -arch x86_64 -c lis_vector_ops.c  -fno-common -DPIC -o .libs/lis_vector_ops.o
:info:build yes
:info:build /usr/bin/clang -c -pipe -O2  -Xarch_x86_64 -mmacosx-version-min=10.8 -w -fPIC -DQT_NO_DEBUG -DQT_GUI_LIB -DQT_CORE_LIB -DQT_SHARED -I/opt/local/share/qt4/mkspecs/macx-g++ -I. -I../generatedfiles/moc -I/opt/local/Library/Frameworks/QtCore.framework/Versions/4/Headers -I/opt/local/Library/Frameworks/QtGui.framework/Versions/4/Headers -I/opt/local/include/qwt -I. -I/opt/local/Library/Frameworks/QtGui.framework/Versions/4/Headers -I/opt/local/Library/Frameworks/QtCore.framework/Versions/4/Headers -I/opt/local/include -o read_matlab4.o ../../SimulationRuntime/c/util/read_matlab4.c
:info:build checking for stdlib.h... /bin/sh ../../libtool --mode=compile --tag=CC /usr/bin/clang  -DHAVE_CONFIG_H -I. -I../../include   -I/opt/local/include -I../../include -O3 -fomit-frame-pointer -pipe -Os -arch x86_64 -c -o lis_vector_opv.lo lis_vector_opv.c
:info:build yes
:info:build checking for string.h... libtool: compile:  /usr/bin/clang -DHAVE_CONFIG_H -I. -I../../include -I/opt/local/include -I../../include -O3 -fomit-frame-pointer -pipe -Os -arch x86_64 -c lis_vector_opv.c  -fno-common -DPIC -o .libs/lis_vector_opv.o
:info:build yes
:info:build checking for memory.h... yes
:info:build /bin/sh ../../libtool --tag=CC   --mode=link /usr/bin/clang -I../../include -O3 -fomit-frame-pointer -pipe -Os -arch x86_64  -Wl,-install_name,@rpath/liblis.dylib -o libvector.la  lis_vector.lo lis_vector_ops.lo lis_vector_opv.lo  -lm 
:info:build checking for strings.h... yes
:info:build checking for inttypes.h... /usr/bin/clang++ -c -pipe -O2  -Xarch_x86_64 -mmacosx-version-min=10.8 -w -fPIC -DQT_NO_DEBUG -DQT_GUI_LIB -DQT_CORE_LIB -DQT_SHARED -I/opt/local/share/qt4/mkspecs/macx-g++ -I. -I../generatedfiles/moc -I/opt/local/Library/Frameworks/QtCore.framework/Versions/4/Headers -I/opt/local/Library/Frameworks/QtGui.framework/Versions/4/Headers -I/opt/local/include/qwt -I. -I/opt/local/Library/Frameworks/QtGui.framework/Versions/4/Headers -I/opt/local/Library/Frameworks/QtCore.framework/Versions/4/Headers -I/opt/local/include -o Plot.o Plot.cpp
:info:build yes
:info:build checking for stdint.h... yes
:info:build checking for unistd.h... libtool: link: ar cru .libs/libvector.a .libs/lis_vector.o .libs/lis_vector_ops.o .libs/lis_vector_opv.o 
:info:build libtool: link: ranlib .libs/libvector.a
:info:build yes
:info:build checking for dlfcn.h... libtool: link: ( cd ".libs" && rm -f "libvector.la" && ln -s "../libvector.la" "libvector.la" )
:info:build yes
:info:build checking for objdir... make[3]: Leaving directory `/opt/local/var/macports/build/_opt_local_var_macports_sources_build.openmodelica.org_macports_lang_openmodelica-devel/openmodelica-devel/work/openmodelica_18121/3rdParty/lis-1.4.12/src/vector'
:info:build Making all in matvec
:info:build make[3]: Entering directory `/opt/local/var/macports/build/_opt_local_var_macports_sources_build.openmodelica.org_macports_lang_openmodelica-devel/openmodelica-devel/work/openmodelica_18121/3rdParty/lis-1.4.12/src/matvec'
:info:build /bin/sh ../../libtool --mode=compile --tag=CC /usr/bin/clang  -DHAVE_CONFIG_H -I. -I../../include   -I/opt/local/include -I../../include -O3 -fomit-frame-pointer -pipe -Os -arch x86_64 -c -o lis_matvec.lo lis_matvec.c
:info:build .libs
:info:build libtool: compile:  /usr/bin/clang -DHAVE_CONFIG_H -I. -I../../include -I/opt/local/include -I../../include -O3 -fomit-frame-pointer -pipe -Os -arch x86_64 -c lis_matvec.c  -fno-common -DPIC -o .libs/lis_matvec.o
:info:build lis_matvec.c:387:10: warning: implicitly declaring library function 'floor' with type 'double (double)'
:info:build   iter = floor(10000000 / A->nnz) + 1; 
:info:build          ^
:info:build lis_matvec.c:387:10: note: please include the header <math.h> or explicitly provide a declaration for 'floor'
:info:build checking if /usr/bin/clang supports -fno-rtti -fno-exceptions... 1 warning generated.
:info:build /bin/sh ../../libtool --mode=compile --tag=CC /usr/bin/clang  -DHAVE_CONFIG_H -I. -I../../include   -I/opt/local/include -I../../include -O3 -fomit-frame-pointer -pipe -Os -arch x86_64 -c -o lis_matvec_bsc.lo lis_matvec_bsc.c
:info:build yes
:info:build checking for /usr/bin/clang option to produce PIC... -fno-common -DPIC
:info:build checking if /usr/bin/clang PIC flag -fno-common -DPIC works... libtool: compile:  /usr/bin/clang -DHAVE_CONFIG_H -I. -I../../include -I/opt/local/include -I../../include -O3 -fomit-frame-pointer -pipe -Os -arch x86_64 -c lis_matvec_bsc.c  -fno-common -DPIC -o .libs/lis_matvec_bsc.o
:info:build yes
:info:build checking if /usr/bin/clang static flag -static works... no
:info:build checking if /usr/bin/clang supports -c -o file.o... yes
:info:build checking if /usr/bin/clang supports -c -o file.o... (cached) yes
:info:build checking whether the /usr/bin/clang linker (/usr/bin/ld) supports shared libraries... yes
:info:build checking dynamic linker characteristics... darwin12.4.0 dyld
:info:build checking how to hardcode library paths into programs... immediate
:info:build checking whether stripping libraries is possible... yes
:info:build checking if libtool supports shared libraries... yes
:info:build checking whether to build shared libraries... no
:info:build checking whether to build static libraries... yes
:info:build checking for library containing floor... /bin/sh ../../libtool --mode=compile --tag=CC /usr/bin/clang  -DHAVE_CONFIG_H -I. -I../../include   -I/opt/local/include -I../../include -O3 -fomit-frame-pointer -pipe -Os -arch x86_64 -c -o lis_matvec_bsr.lo lis_matvec_bsr.c
:info:build libtool: compile:  /usr/bin/clang -DHAVE_CONFIG_H -I. -I../../include -I/opt/local/include -I../../include -O3 -fomit-frame-pointer -pipe -Os -arch x86_64 -c lis_matvec_bsr.c  -fno-common -DPIC -o .libs/lis_matvec_bsr.o
:info:build none required
:info:build checking zlib.h usability... yes
:info:build checking zlib.h presence... yes
:info:build checking for zlib.h... yes
:info:build checking for library containing gzclose... -lz
:info:build checking for mpicc... no
:info:build checking hdf5.h... OK
:info:build Modelica Standard Tables may use ZLIB: Yes
:info:build Modelica Standard Tables may use HDF5: No
:info:build Modelica Standard Tables may use MAT7.3: No
:info:build /bin/sh ../../libtool --mode=compile --tag=CC /usr/bin/clang  -DHAVE_CONFIG_H -I. -I../../include   -I/opt/local/include -I../../include -O3 -fomit-frame-pointer -pipe -Os -arch x86_64 -c -o lis_matvec_csc.lo lis_matvec_csc.c
:info:build libtool: compile:  /usr/bin/clang -DHAVE_CONFIG_H -I. -I../../include -I/opt/local/include -I../../include -O3 -fomit-frame-pointer -pipe -Os -arch x86_64 -c lis_matvec_csc.c  -fno-common -DPIC -o .libs/lis_matvec_csc.o
:info:build checking that generated files are newer than configure... done
:info:build configure: creating ./config.status
:info:build /bin/sh ../../libtool --mode=compile --tag=CC /usr/bin/clang  -DHAVE_CONFIG_H -I. -I../../include   -I/opt/local/include -I../../include -O3 -fomit-frame-pointer -pipe -Os -arch x86_64 -c -o lis_matvec_coo.lo lis_matvec_coo.c
:info:build libtool: compile:  /usr/bin/clang -DHAVE_CONFIG_H -I. -I../../include -I/opt/local/include -I../../include -O3 -fomit-frame-pointer -pipe -Os -arch x86_64 -c lis_matvec_coo.c  -fno-common -DPIC -o .libs/lis_matvec_coo.o
:info:build /bin/sh ../../libtool --mode=compile --tag=CC /usr/bin/clang  -DHAVE_CONFIG_H -I. -I../../include   -I/opt/local/include -I../../include -O3 -fomit-frame-pointer -pipe -Os -arch x86_64 -c -o lis_matvec_csr.lo lis_matvec_csr.c
:info:build libtool: compile:  /usr/bin/clang -DHAVE_CONFIG_H -I. -I../../include -I/opt/local/include -I../../include -O3 -fomit-frame-pointer -pipe -Os -arch x86_64 -c lis_matvec_csr.c  -fno-common -DPIC -o .libs/lis_matvec_csr.o
:info:build /bin/sh ../../libtool --mode=compile --tag=CC /usr/bin/clang  -DHAVE_CONFIG_H -I. -I../../include   -I/opt/local/include -I../../include -O3 -fomit-frame-pointer -pipe -Os -arch x86_64 -c -o lis_matvec_dia.lo lis_matvec_dia.c
:info:build libtool: compile:  /usr/bin/clang -DHAVE_CONFIG_H -I. -I../../include -I/opt/local/include -I../../include -O3 -fomit-frame-pointer -pipe -Os -arch x86_64 -c lis_matvec_dia.c  -fno-common -DPIC -o .libs/lis_matvec_dia.o
:info:build /usr/bin/clang++ -c -pipe -O2  -Xarch_x86_64 -mmacosx-version-min=10.8 -w -DQT_NO_DEBUG -DQT_XML_LIB -DQT_GUI_LIB -DQT_CORE_LIB -DQT_SHARED -I/opt/local/share/qt4/mkspecs/macx-g++ -I. -I../generatedfiles/moc -I/opt/local/Library/Frameworks/QtCore.framework/Versions/4/Headers -I/opt/local/Library/Frameworks/QtGui.framework/Versions/4/Headers -I/opt/local/Library/Frameworks/QtXml.framework/Versions/4/Headers -I/opt/local/Library/Frameworks/QtXml.framework/Versions/4/Headers -I/opt/local/Library/Frameworks/QtGui.framework/Versions/4/Headers -I/opt/local/Library/Frameworks/QtCore.framework/Versions/4/Headers -I/opt/local/include -F/opt/local/Library/Frameworks -F/opt/local/lib -o main.o main.cpp
:info:build /bin/sh ../../libtool --mode=compile --tag=CC /usr/bin/clang  -DHAVE_CONFIG_H -I. -I../../include   -I/opt/local/include -I../../include -O3 -fomit-frame-pointer -pipe -Os -arch x86_64 -c -o lis_matvec_dns.lo lis_matvec_dns.c
:info:build libtool: compile:  /usr/bin/clang -DHAVE_CONFIG_H -I. -I../../include -I/opt/local/include -I../../include -O3 -fomit-frame-pointer -pipe -Os -arch x86_64 -c lis_matvec_dns.c  -fno-common -DPIC -o .libs/lis_matvec_dns.o
:info:build /bin/sh ../../libtool --mode=compile --tag=CC /usr/bin/clang  -DHAVE_CONFIG_H -I. -I../../include   -I/opt/local/include -I../../include -O3 -fomit-frame-pointer -pipe -Os -arch x86_64 -c -o lis_matvec_ell.lo lis_matvec_ell.c
:info:build libtool: compile:  /usr/bin/clang -DHAVE_CONFIG_H -I. -I../../include -I/opt/local/include -I../../include -O3 -fomit-frame-pointer -pipe -Os -arch x86_64 -c lis_matvec_ell.c  -fno-common -DPIC -o .libs/lis_matvec_ell.o
:info:build /bin/sh ../../libtool --mode=compile --tag=CC /usr/bin/clang  -DHAVE_CONFIG_H -I. -I../../include   -I/opt/local/include -I../../include -O3 -fomit-frame-pointer -pipe -Os -arch x86_64 -c -o lis_matvec_jad.lo lis_matvec_jad.c
:info:build libtool: compile:  /usr/bin/clang -DHAVE_CONFIG_H -I. -I../../include -I/opt/local/include -I../../include -O3 -fomit-frame-pointer -pipe -Os -arch x86_64 -c lis_matvec_jad.c  -fno-common -DPIC -o .libs/lis_matvec_jad.o
:info:build /usr/bin/clang++ -c -pipe -O2  -Xarch_x86_64 -mmacosx-version-min=10.8 -w -fPIC -DQT_NO_DEBUG -DQT_GUI_LIB -DQT_CORE_LIB -DQT_SHARED -I/opt/local/share/qt4/mkspecs/macx-g++ -I. -I../generatedfiles/moc -I/opt/local/Library/Frameworks/QtCore.framework/Versions/4/Headers -I/opt/local/Library/Frameworks/QtGui.framework/Versions/4/Headers -I/opt/local/include/qwt -I. -I/opt/local/Library/Frameworks/QtGui.framework/Versions/4/Headers -I/opt/local/Library/Frameworks/QtCore.framework/Versions/4/Headers -I/opt/local/include -o PlotZoomer.o PlotZoomer.cpp
:info:build /bin/sh ../../libtool --mode=compile --tag=CC /usr/bin/clang  -DHAVE_CONFIG_H -I. -I../../include   -I/opt/local/include -I../../include -O3 -fomit-frame-pointer -pipe -Os -arch x86_64 -c -o lis_matvec_msr.lo lis_matvec_msr.c
:info:build libtool: compile:  /usr/bin/clang -DHAVE_CONFIG_H -I. -I../../include -I/opt/local/include -I../../include -O3 -fomit-frame-pointer -pipe -Os -arch x86_64 -c lis_matvec_msr.c  -fno-common -DPIC -o .libs/lis_matvec_msr.o
:info:build /opt/local/bin/moc -DQT_NO_DEBUG -DQT_XML_LIB -DQT_GUI_LIB -DQT_CORE_LIB -DQT_SHARED -I/opt/local/share/qt4/mkspecs/macx-g++ -I. -I../generatedfiles/moc -I/opt/local/Library/Frameworks/QtCore.framework/Versions/4/Headers -I/opt/local/Library/Frameworks/QtGui.framework/Versions/4/Headers -I/opt/local/Library/Frameworks/QtXml.framework/Versions/4/Headers -I/opt/local/Library/Frameworks/QtXml.framework/Versions/4/Headers -I/opt/local/Library/Frameworks/QtGui.framework/Versions/4/Headers -I/opt/local/Library/Frameworks/QtCore.framework/Versions/4/Headers -I/opt/local/include -F/opt/local/Library/Frameworks -F/opt/local/lib -D__APPLE__ -D__GNUC__ commandcompletion.h -o ../generatedfiles/moc/moc_commandcompletion.cpp
:info:build /bin/sh ../../libtool --mode=compile --tag=CC /usr/bin/clang  -DHAVE_CONFIG_H -I. -I../../include   -I/opt/local/include -I../../include -O3 -fomit-frame-pointer -pipe -Os -arch x86_64 -c -o lis_matvec_vbr.lo lis_matvec_vbr.c
:info:build libtool: compile:  /usr/bin/clang -DHAVE_CONFIG_H -I. -I../../include -I/opt/local/include -I../../include -O3 -fomit-frame-pointer -pipe -Os -arch x86_64 -c lis_matvec_vbr.c  -fno-common -DPIC -o .libs/lis_matvec_vbr.o
:info:build /bin/sh ../../libtool --tag=CC   --mode=link /usr/bin/clang -I../../include -O3 -fomit-frame-pointer -pipe -Os -arch x86_64  -Wl,-install_name,@rpath/liblis.dylib -o libmatvec.la  lis_matvec.lo lis_matvec_bsc.lo lis_matvec_bsr.lo lis_matvec_csc.lo lis_matvec_coo.lo lis_matvec_csr.lo lis_matvec_dia.lo lis_matvec_dns.lo lis_matvec_ell.lo lis_matvec_jad.lo lis_matvec_msr.lo lis_matvec_vbr.lo  -lm 
:info:build /opt/local/bin/moc -DQT_NO_DEBUG -DQT_XML_LIB -DQT_GUI_LIB -DQT_CORE_LIB -DQT_SHARED -I/opt/local/share/qt4/mkspecs/macx-g++ -I. -I../generatedfiles/moc -I/opt/local/Library/Frameworks/QtCore.framework/Versions/4/Headers -I/opt/local/Library/Frameworks/QtGui.framework/Versions/4/Headers -I/opt/local/Library/Frameworks/QtXml.framework/Versions/4/Headers -I/opt/local/Library/Frameworks/QtXml.framework/Versions/4/Headers -I/opt/local/Library/Frameworks/QtGui.framework/Versions/4/Headers -I/opt/local/Library/Frameworks/QtCore.framework/Versions/4/Headers -I/opt/local/include -F/opt/local/Library/Frameworks -F/opt/local/lib -D__APPLE__ -D__GNUC__ omc_communicator.h -o ../generatedfiles/moc/moc_omc_communicator.cpp
:info:build /opt/local/bin/moc -DQT_NO_DEBUG -DQT_XML_LIB -DQT_GUI_LIB -DQT_CORE_LIB -DQT_SHARED -I/opt/local/share/qt4/mkspecs/macx-g++ -I. -I../generatedfiles/moc -I/opt/local/Library/Frameworks/QtCore.framework/Versions/4/Headers -I/opt/local/Library/Frameworks/QtGui.framework/Versions/4/Headers -I/opt/local/Library/Frameworks/QtXml.framework/Versions/4/Headers -I/opt/local/Library/Frameworks/QtXml.framework/Versions/4/Headers -I/opt/local/Library/Frameworks/QtGui.framework/Versions/4/Headers -I/opt/local/Library/Frameworks/QtCore.framework/Versions/4/Headers -I/opt/local/include -F/opt/local/Library/Frameworks -F/opt/local/lib -D__APPLE__ -D__GNUC__ oms.h -o ../generatedfiles/moc/moc_oms.cpp
:info:build libtool: link: ar cru .libs/libmatvec.a .libs/lis_matvec.o .libs/lis_matvec_bsc.o .libs/lis_matvec_bsr.o .libs/lis_matvec_csc.o .libs/lis_matvec_coo.o .libs/lis_matvec_csr.o .libs/lis_matvec_dia.o .libs/lis_matvec_dns.o .libs/lis_matvec_ell.o .libs/lis_matvec_jad.o .libs/lis_matvec_msr.o .libs/lis_matvec_vbr.o 
:info:build /opt/local/bin/rcc -name oms oms.qrc -o ../generatedfiles/rcc/qrc_oms.cpp
:info:build libtool: link: ranlib .libs/libmatvec.a
:info:build /usr/bin/clang++ -c -pipe -O2  -Xarch_x86_64 -mmacosx-version-min=10.8 -w -DQT_NO_DEBUG -DQT_XML_LIB -DQT_GUI_LIB -DQT_CORE_LIB -DQT_SHARED -I/opt/local/share/qt4/mkspecs/macx-g++ -I. -I../generatedfiles/moc -I/opt/local/Library/Frameworks/QtCore.framework/Versions/4/Headers -I/opt/local/Library/Frameworks/QtGui.framework/Versions/4/Headers -I/opt/local/Library/Frameworks/QtXml.framework/Versions/4/Headers -I/opt/local/Library/Frameworks/QtXml.framework/Versions/4/Headers -I/opt/local/Library/Frameworks/QtGui.framework/Versions/4/Headers -I/opt/local/Library/Frameworks/QtCore.framework/Versions/4/Headers -I/opt/local/include -F/opt/local/Library/Frameworks -F/opt/local/lib -o moc_commandcompletion.o ../generatedfiles/moc/moc_commandcompletion.cpp
:info:build libtool: link: ( cd ".libs" && rm -f "libmatvec.la" && ln -s "../libmatvec.la" "libmatvec.la" )
:info:build make[3]: Leaving directory `/opt/local/var/macports/build/_opt_local_var_macports_sources_build.openmodelica.org_macports_lang_openmodelica-devel/openmodelica-devel/work/openmodelica_18121/3rdParty/lis-1.4.12/src/matvec'
:info:build Making all in precon
:info:build make[3]: Entering directory `/opt/local/var/macports/build/_opt_local_var_macports_sources_build.openmodelica.org_macports_lang_openmodelica-devel/openmodelica-devel/work/openmodelica_18121/3rdParty/lis-1.4.12/src/precon'
:info:build /bin/sh ../../libtool --mode=compile --tag=CC /usr/bin/clang  -DHAVE_CONFIG_H -I. -I../../include   -I/opt/local/include -I../../include -O3 -fomit-frame-pointer -pipe -Os -arch x86_64 -c -o lis_precon.lo lis_precon.c
:info:build config.status: creating Makefile
:info:build libtool: compile:  /usr/bin/clang -DHAVE_CONFIG_H -I. -I../../include -I/opt/local/include -I../../include -O3 -fomit-frame-pointer -pipe -Os -arch x86_64 -c lis_precon.c  -fno-common -DPIC -o .libs/lis_precon.o
:info:build config.status: executing depfiles commands
:info:build /bin/sh ../../libtool --mode=compile --tag=CC /usr/bin/clang  -DHAVE_CONFIG_H -I. -I../../include   -I/opt/local/include -I../../include -O3 -fomit-frame-pointer -pipe -Os -arch x86_64 -c -o lis_precon_ads.lo lis_precon_ads.c
:info:build /usr/bin/clang++ -c -pipe -O2  -Xarch_x86_64 -mmacosx-version-min=10.8 -w -fPIC -DQT_NO_DEBUG -DQT_GUI_LIB -DQT_CORE_LIB -DQT_SHARED -I/opt/local/share/qt4/mkspecs/macx-g++ -I. -I../generatedfiles/moc -I/opt/local/Library/Frameworks/QtCore.framework/Versions/4/Headers -I/opt/local/Library/Frameworks/QtGui.framework/Versions/4/Headers -I/opt/local/include/qwt -I. -I/opt/local/Library/Frameworks/QtGui.framework/Versions/4/Headers -I/opt/local/Library/Frameworks/QtCore.framework/Versions/4/Headers -I/opt/local/include -o Legend.o Legend.cpp
:info:build libtool: compile:  /usr/bin/clang -DHAVE_CONFIG_H -I. -I../../include -I/opt/local/include -I../../include -O3 -fomit-frame-pointer -pipe -Os -arch x86_64 -c lis_precon_ads.c  -fno-common -DPIC -o .libs/lis_precon_ads.o
:info:build config.status: executing libtool commands
:info:build /bin/sh ../../libtool --mode=compile --tag=CC /usr/bin/clang  -DHAVE_CONFIG_H -I. -I../../include   -I/opt/local/include -I../../include -O3 -fomit-frame-pointer -pipe -Os -arch x86_64 -c -o lis_precon_hybrid.lo lis_precon_hybrid.c
:info:build libtool: compile:  /usr/bin/clang -DHAVE_CONFIG_H -I. -I../../include -I/opt/local/include -I../../include -O3 -fomit-frame-pointer -pipe -Os -arch x86_64 -c lis_precon_hybrid.c  -fno-common -DPIC -o .libs/lis_precon_hybrid.o
:info:build /bin/sh ../../libtool --mode=compile --tag=CC /usr/bin/clang  -DHAVE_CONFIG_H -I. -I../../include   -I/opt/local/include -I../../include -O3 -fomit-frame-pointer -pipe -Os -arch x86_64 -c -o lis_precon_iluc.lo lis_precon_iluc.c
:info:build libtool: compile:  /usr/bin/clang -DHAVE_CONFIG_H -I. -I../../include -I/opt/local/include -I../../include -O3 -fomit-frame-pointer -pipe -Os -arch x86_64 -c lis_precon_iluc.c  -fno-common -DPIC -o .libs/lis_precon_iluc.o
:info:build make[3]: Entering directory `/opt/local/var/macports/build/_opt_local_var_macports_sources_build.openmodelica.org_macports_lang_openmodelica-devel/openmodelica-devel/work/openmodelica_18121/libraries/Resources/BuildProjects/autotools'
:info:build test -z "libModelicaExternalC.la libModelicaStandardTables.la" || rm -f libModelicaExternalC.la libModelicaStandardTables.la
:info:build rm -f ./so_locations
:info:build rm -rf .libs _libs
:info:build rm -f *.o
:info:build rm -f *.lo
:info:build make[3]: Leaving directory `/opt/local/var/macports/build/_opt_local_var_macports_sources_build.openmodelica.org_macports_lang_openmodelica-devel/openmodelica-devel/work/openmodelica_18121/libraries/Resources/BuildProjects/autotools'
:info:build /usr/bin/make -C "libraries/Resources//BuildProjects/autotools"
:info:build make[3]: Entering directory `/opt/local/var/macports/build/_opt_local_var_macports_sources_build.openmodelica.org_macports_lang_openmodelica-devel/openmodelica-devel/work/openmodelica_18121/libraries/Resources/BuildProjects/autotools'
:info:build /bin/sh ./libtool  --tag=CC   --mode=compile /usr/bin/clang -DPACKAGE_NAME=\"Modelica\ Standard\ Library\ Tables\" -DPACKAGE_TARNAME=\"libmodelicastandardtables\" -DPACKAGE_VERSION=\"3.2.1\" -DPACKAGE_STRING=\"Modelica\ Standard\ Library\ Tables\ 3.2.1\" -DPACKAGE_BUGREPORT=\"https://trac.modelica.org/Modelica\" -DPACKAGE_URL=\"https://modelica.org\" -DPACKAGE=\"libmodelicastandardtables\" -DVERSION=\"3.2.1\" -DSTDC_HEADERS=1 -DHAVE_SYS_TYPES_H=1 -DHAVE_SYS_STAT_H=1 -DHAVE_STDLIB_H=1 -DHAVE_STRING_H=1 -DHAVE_MEMORY_H=1 -DHAVE_STRINGS_H=1 -DHAVE_INTTYPES_H=1 -DHAVE_STDINT_H=1 -DHAVE_UNISTD_H=1 -DHAVE_DLFCN_H=1 -DLT_OBJDIR=\".libs/\" -DHAVE_ZLIB_H=1 -I.   -I/opt/local/include -DDUMMY_FUNCTION_USERTAB -DHAVE_ZLIB=1  -pipe -Os -arch x86_64 -O0 -g -MT ModelicaInternal.lo -MD -MP -MF .deps/ModelicaInternal.Tpo -c -o ModelicaInternal.lo `test -f '../../C-Sources//ModelicaInternal.c' || echo './'`../../C-Sources//ModelicaInternal.c
:info:build /usr/bin/clang++ -c -pipe -O2  -Xarch_x86_64 -mmacosx-version-min=10.8 -w -DQT_NO_DEBUG -DQT_XML_LIB -DQT_GUI_LIB -DQT_CORE_LIB -DQT_SHARED -I/opt/local/share/qt4/mkspecs/macx-g++ -I. -I../generatedfiles/moc -I/opt/local/Library/Frameworks/QtCore.framework/Versions/4/Headers -I/opt/local/Library/Frameworks/QtGui.framework/Versions/4/Headers -I/opt/local/Library/Frameworks/QtXml.framework/Versions/4/Headers -I/opt/local/Library/Frameworks/QtXml.framework/Versions/4/Headers -I/opt/local/Library/Frameworks/QtGui.framework/Versions/4/Headers -I/opt/local/Library/Frameworks/QtCore.framework/Versions/4/Headers -I/opt/local/include -F/opt/local/Library/Frameworks -F/opt/local/lib -o moc_omc_communicator.o ../generatedfiles/moc/moc_omc_communicator.cpp
:info:build libtool: compile:  /usr/bin/clang "-DPACKAGE_NAME=\"Modelica Standard Library Tables\"" -DPACKAGE_TARNAME=\"libmodelicastandardtables\" -DPACKAGE_VERSION=\"3.2.1\" "-DPACKAGE_STRING=\"Modelica Standard Library Tables 3.2.1\"" -DPACKAGE_BUGREPORT=\"https://trac.modelica.org/Modelica\" -DPACKAGE_URL=\"https://modelica.org\" -DPACKAGE=\"libmodelicastandardtables\" -DVERSION=\"3.2.1\" -DSTDC_HEADERS=1 -DHAVE_SYS_TYPES_H=1 -DHAVE_SYS_STAT_H=1 -DHAVE_STDLIB_H=1 -DHAVE_STRING_H=1 -DHAVE_MEMORY_H=1 -DHAVE_STRINGS_H=1 -DHAVE_INTTYPES_H=1 -DHAVE_STDINT_H=1 -DHAVE_UNISTD_H=1 -DHAVE_DLFCN_H=1 -DLT_OBJDIR=\".libs/\" -DHAVE_ZLIB_H=1 -I. -I/opt/local/include -DDUMMY_FUNCTION_USERTAB -DHAVE_ZLIB=1 -pipe -Os -arch x86_64 -O0 -g -MT ModelicaInternal.lo -MD -MP -MF .deps/ModelicaInternal.Tpo -c ../../C-Sources//ModelicaInternal.c -o ModelicaInternal.o
:info:build mv -f .deps/ModelicaInternal.Tpo .deps/ModelicaInternal.Plo
:info:build /bin/sh ./libtool  --tag=CC   --mode=compile /usr/bin/clang -DPACKAGE_NAME=\"Modelica\ Standard\ Library\ Tables\" -DPACKAGE_TARNAME=\"libmodelicastandardtables\" -DPACKAGE_VERSION=\"3.2.1\" -DPACKAGE_STRING=\"Modelica\ Standard\ Library\ Tables\ 3.2.1\" -DPACKAGE_BUGREPORT=\"https://trac.modelica.org/Modelica\" -DPACKAGE_URL=\"https://modelica.org\" -DPACKAGE=\"libmodelicastandardtables\" -DVERSION=\"3.2.1\" -DSTDC_HEADERS=1 -DHAVE_SYS_TYPES_H=1 -DHAVE_SYS_STAT_H=1 -DHAVE_STDLIB_H=1 -DHAVE_STRING_H=1 -DHAVE_MEMORY_H=1 -DHAVE_STRINGS_H=1 -DHAVE_INTTYPES_H=1 -DHAVE_STDINT_H=1 -DHAVE_UNISTD_H=1 -DHAVE_DLFCN_H=1 -DLT_OBJDIR=\".libs/\" -DHAVE_ZLIB_H=1 -I.   -I/opt/local/include -DDUMMY_FUNCTION_USERTAB -DHAVE_ZLIB=1  -pipe -Os -arch x86_64 -O0 -g -MT ModelicaStrings.lo -MD -MP -MF .deps/ModelicaStrings.Tpo -c -o ModelicaStrings.lo `test -f '../../C-Sources//ModelicaStrings.c' || echo './'`../../C-Sources//ModelicaStrings.c
:info:build libtool: compile:  /usr/bin/clang "-DPACKAGE_NAME=\"Modelica Standard Library Tables\"" -DPACKAGE_TARNAME=\"libmodelicastandardtables\" -DPACKAGE_VERSION=\"3.2.1\" "-DPACKAGE_STRING=\"Modelica Standard Library Tables 3.2.1\"" -DPACKAGE_BUGREPORT=\"https://trac.modelica.org/Modelica\" -DPACKAGE_URL=\"https://modelica.org\" -DPACKAGE=\"libmodelicastandardtables\" -DVERSION=\"3.2.1\" -DSTDC_HEADERS=1 -DHAVE_SYS_TYPES_H=1 -DHAVE_SYS_STAT_H=1 -DHAVE_STDLIB_H=1 -DHAVE_STRING_H=1 -DHAVE_MEMORY_H=1 -DHAVE_STRINGS_H=1 -DHAVE_INTTYPES_H=1 -DHAVE_STDINT_H=1 -DHAVE_UNISTD_H=1 -DHAVE_DLFCN_H=1 -DLT_OBJDIR=\".libs/\" -DHAVE_ZLIB_H=1 -I. -I/opt/local/include -DDUMMY_FUNCTION_USERTAB -DHAVE_ZLIB=1 -pipe -Os -arch x86_64 -O0 -g -MT ModelicaStrings.lo -MD -MP -MF .deps/ModelicaStrings.Tpo -c ../../C-Sources//ModelicaStrings.c -o ModelicaStrings.o
:info:build mv -f .deps/ModelicaStrings.Tpo .deps/ModelicaStrings.Plo
:info:build /bin/sh ./libtool  --tag=CC   --mode=compile /usr/bin/clang -DPACKAGE_NAME=\"Modelica\ Standard\ Library\ Tables\" -DPACKAGE_TARNAME=\"libmodelicastandardtables\" -DPACKAGE_VERSION=\"3.2.1\" -DPACKAGE_STRING=\"Modelica\ Standard\ Library\ Tables\ 3.2.1\" -DPACKAGE_BUGREPORT=\"https://trac.modelica.org/Modelica\" -DPACKAGE_URL=\"https://modelica.org\" -DPACKAGE=\"libmodelicastandardtables\" -DVERSION=\"3.2.1\" -DSTDC_HEADERS=1 -DHAVE_SYS_TYPES_H=1 -DHAVE_SYS_STAT_H=1 -DHAVE_STDLIB_H=1 -DHAVE_STRING_H=1 -DHAVE_MEMORY_H=1 -DHAVE_STRINGS_H=1 -DHAVE_INTTYPES_H=1 -DHAVE_STDINT_H=1 -DHAVE_UNISTD_H=1 -DHAVE_DLFCN_H=1 -DLT_OBJDIR=\".libs/\" -DHAVE_ZLIB_H=1 -I.   -I/opt/local/include -DDUMMY_FUNCTION_USERTAB -DHAVE_ZLIB=1  -pipe -Os -arch x86_64 -O0 -g -MT ModelicaStandardTables.lo -MD -MP -MF .deps/ModelicaStandardTables.Tpo -c -o ModelicaStandardTables.lo `test -f '../../C-Sources//ModelicaStandardTables.c' || echo './'`../../C-Sources//ModelicaStandardTables.c
:info:build libtool: compile:  /usr/bin/clang "-DPACKAGE_NAME=\"Modelica Standard Library Tables\"" -DPACKAGE_TARNAME=\"libmodelicastandardtables\" -DPACKAGE_VERSION=\"3.2.1\" "-DPACKAGE_STRING=\"Modelica Standard Library Tables 3.2.1\"" -DPACKAGE_BUGREPORT=\"https://trac.modelica.org/Modelica\" -DPACKAGE_URL=\"https://modelica.org\" -DPACKAGE=\"libmodelicastandardtables\" -DVERSION=\"3.2.1\" -DSTDC_HEADERS=1 -DHAVE_SYS_TYPES_H=1 -DHAVE_SYS_STAT_H=1 -DHAVE_STDLIB_H=1 -DHAVE_STRING_H=1 -DHAVE_MEMORY_H=1 -DHAVE_STRINGS_H=1 -DHAVE_INTTYPES_H=1 -DHAVE_STDINT_H=1 -DHAVE_UNISTD_H=1 -DHAVE_DLFCN_H=1 -DLT_OBJDIR=\".libs/\" -DHAVE_ZLIB_H=1 -I. -I/opt/local/include -DDUMMY_FUNCTION_USERTAB -DHAVE_ZLIB=1 -pipe -Os -arch x86_64 -O0 -g -MT ModelicaStandardTables.lo -MD -MP -MF .deps/ModelicaStandardTables.Tpo -c ../../C-Sources//ModelicaStandardTables.c -o ModelicaStandardTables.o
:info:build /bin/sh ../../libtool --mode=compile --tag=CC /usr/bin/clang  -DHAVE_CONFIG_H -I. -I../../include   -I/opt/local/include -I../../include -O3 -fomit-frame-pointer -pipe -Os -arch x86_64 -c -o lis_precon_iluk.lo lis_precon_iluk.c
:info:build libtool: compile:  /usr/bin/clang -DHAVE_CONFIG_H -I. -I../../include -I/opt/local/include -I../../include -O3 -fomit-frame-pointer -pipe -Os -arch x86_64 -c lis_precon_iluk.c  -fno-common -DPIC -o .libs/lis_precon_iluk.o
:info:build /usr/bin/clang++ -c -pipe -O2  -Xarch_x86_64 -mmacosx-version-min=10.8 -w -DQT_NO_DEBUG -DQT_XML_LIB -DQT_GUI_LIB -DQT_CORE_LIB -DQT_SHARED -I/opt/local/share/qt4/mkspecs/macx-g++ -I. -I../generatedfiles/moc -I/opt/local/Library/Frameworks/QtCore.framework/Versions/4/Headers -I/opt/local/Library/Frameworks/QtGui.framework/Versions/4/Headers -I/opt/local/Library/Frameworks/QtXml.framework/Versions/4/Headers -I/opt/local/Library/Frameworks/QtXml.framework/Versions/4/Headers -I/opt/local/Library/Frameworks/QtGui.framework/Versions/4/Headers -I/opt/local/Library/Frameworks/QtCore.framework/Versions/4/Headers -I/opt/local/include -F/opt/local/Library/Frameworks -F/opt/local/lib -o moc_oms.o ../generatedfiles/moc/moc_oms.cpp
:info:build mv -f .deps/ModelicaStandardTables.Tpo .deps/ModelicaStandardTables.Plo
:info:build /bin/sh ./libtool  --tag=CC   --mode=compile /usr/bin/clang -DPACKAGE_NAME=\"Modelica\ Standard\ Library\ Tables\" -DPACKAGE_TARNAME=\"libmodelicastandardtables\" -DPACKAGE_VERSION=\"3.2.1\" -DPACKAGE_STRING=\"Modelica\ Standard\ Library\ Tables\ 3.2.1\" -DPACKAGE_BUGREPORT=\"https://trac.modelica.org/Modelica\" -DPACKAGE_URL=\"https://modelica.org\" -DPACKAGE=\"libmodelicastandardtables\" -DVERSION=\"3.2.1\" -DSTDC_HEADERS=1 -DHAVE_SYS_TYPES_H=1 -DHAVE_SYS_STAT_H=1 -DHAVE_STDLIB_H=1 -DHAVE_STRING_H=1 -DHAVE_MEMORY_H=1 -DHAVE_STRINGS_H=1 -DHAVE_INTTYPES_H=1 -DHAVE_STDINT_H=1 -DHAVE_UNISTD_H=1 -DHAVE_DLFCN_H=1 -DLT_OBJDIR=\".libs/\" -DHAVE_ZLIB_H=1 -I.   -I/opt/local/include -DDUMMY_FUNCTION_USERTAB -DHAVE_ZLIB=1  -pipe -Os -arch x86_64 -O0 -g -MT ModelicaMatIO.lo -MD -MP -MF .deps/ModelicaMatIO.Tpo -c -o ModelicaMatIO.lo `test -f '../../C-Sources//ModelicaMatIO.c' || echo './'`../../C-Sources//ModelicaMatIO.c
:info:build libtool: compile:  /usr/bin/clang "-DPACKAGE_NAME=\"Modelica Standard Library Tables\"" -DPACKAGE_TARNAME=\"libmodelicastandardtables\" -DPACKAGE_VERSION=\"3.2.1\" "-DPACKAGE_STRING=\"Modelica Standard Library Tables 3.2.1\"" -DPACKAGE_BUGREPORT=\"https://trac.modelica.org/Modelica\" -DPACKAGE_URL=\"https://modelica.org\" -DPACKAGE=\"libmodelicastandardtables\" -DVERSION=\"3.2.1\" -DSTDC_HEADERS=1 -DHAVE_SYS_TYPES_H=1 -DHAVE_SYS_STAT_H=1 -DHAVE_STDLIB_H=1 -DHAVE_STRING_H=1 -DHAVE_MEMORY_H=1 -DHAVE_STRINGS_H=1 -DHAVE_INTTYPES_H=1 -DHAVE_STDINT_H=1 -DHAVE_UNISTD_H=1 -DHAVE_DLFCN_H=1 -DLT_OBJDIR=\".libs/\" -DHAVE_ZLIB_H=1 -I. -I/opt/local/include -DDUMMY_FUNCTION_USERTAB -DHAVE_ZLIB=1 -pipe -Os -arch x86_64 -O0 -g -MT ModelicaMatIO.lo -MD -MP -MF .deps/ModelicaMatIO.Tpo -c ../../C-Sources//ModelicaMatIO.c -o ModelicaMatIO.o
:info:build /bin/sh ../../libtool --mode=compile --tag=CC /usr/bin/clang  -DHAVE_CONFIG_H -I. -I../../include   -I/opt/local/include -I../../include -O3 -fomit-frame-pointer -pipe -Os -arch x86_64 -c -o lis_precon_ilut.lo lis_precon_ilut.c
:info:build libtool: compile:  /usr/bin/clang -DHAVE_CONFIG_H -I. -I../../include -I/opt/local/include -I../../include -O3 -fomit-frame-pointer -pipe -Os -arch x86_64 -c lis_precon_ilut.c  -fno-common -DPIC -o .libs/lis_precon_ilut.o
:info:build /usr/bin/clang++ -c -pipe -O2  -Xarch_x86_64 -mmacosx-version-min=10.8 -w -fPIC -DQT_NO_DEBUG -DQT_GUI_LIB -DQT_CORE_LIB -DQT_SHARED -I/opt/local/share/qt4/mkspecs/macx-g++ -I. -I../generatedfiles/moc -I/opt/local/Library/Frameworks/QtCore.framework/Versions/4/Headers -I/opt/local/Library/Frameworks/QtGui.framework/Versions/4/Headers -I/opt/local/include/qwt -I. -I/opt/local/Library/Frameworks/QtGui.framework/Versions/4/Headers -I/opt/local/Library/Frameworks/QtCore.framework/Versions/4/Headers -I/opt/local/include -o PlotPanner.o PlotPanner.cpp
:info:build /bin/sh ../../libtool --mode=compile --tag=CC /usr/bin/clang  -DHAVE_CONFIG_H -I. -I../../include   -I/opt/local/include -I../../include -O3 -fomit-frame-pointer -pipe -Os -arch x86_64 -c -o lis_precon_is.lo lis_precon_is.c
:info:build libtool: compile:  /usr/bin/clang -DHAVE_CONFIG_H -I. -I../../include -I/opt/local/include -I../../include -O3 -fomit-frame-pointer -pipe -Os -arch x86_64 -c lis_precon_is.c  -fno-common -DPIC -o .libs/lis_precon_is.o
:info:build /usr/bin/clang++ -c -pipe -O2  -Xarch_x86_64 -mmacosx-version-min=10.8 -w -DQT_NO_DEBUG -DQT_XML_LIB -DQT_GUI_LIB -DQT_CORE_LIB -DQT_SHARED -I/opt/local/share/qt4/mkspecs/macx-g++ -I. -I../generatedfiles/moc -I/opt/local/Library/Frameworks/QtCore.framework/Versions/4/Headers -I/opt/local/Library/Frameworks/QtGui.framework/Versions/4/Headers -I/opt/local/Library/Frameworks/QtXml.framework/Versions/4/Headers -I/opt/local/Library/Frameworks/QtXml.framework/Versions/4/Headers -I/opt/local/Library/Frameworks/QtGui.framework/Versions/4/Headers -I/opt/local/Library/Frameworks/QtCore.framework/Versions/4/Headers -I/opt/local/include -F/opt/local/Library/Frameworks -F/opt/local/lib -o qrc_oms.o ../generatedfiles/rcc/qrc_oms.cpp
:info:build mv -f .deps/ModelicaMatIO.Tpo .deps/ModelicaMatIO.Plo
:info:build /bin/sh ./libtool  --tag=CC   --mode=compile /usr/bin/clang -DPACKAGE_NAME=\"Modelica\ Standard\ Library\ Tables\" -DPACKAGE_TARNAME=\"libmodelicastandardtables\" -DPACKAGE_VERSION=\"3.2.1\" -DPACKAGE_STRING=\"Modelica\ Standard\ Library\ Tables\ 3.2.1\" -DPACKAGE_BUGREPORT=\"https://trac.modelica.org/Modelica\" -DPACKAGE_URL=\"https://modelica.org\" -DPACKAGE=\"libmodelicastandardtables\" -DVERSION=\"3.2.1\" -DSTDC_HEADERS=1 -DHAVE_SYS_TYPES_H=1 -DHAVE_SYS_STAT_H=1 -DHAVE_STDLIB_H=1 -DHAVE_STRING_H=1 -DHAVE_MEMORY_H=1 -DHAVE_STRINGS_H=1 -DHAVE_INTTYPES_H=1 -DHAVE_STDINT_H=1 -DHAVE_UNISTD_H=1 -DHAVE_DLFCN_H=1 -DLT_OBJDIR=\".libs/\" -DHAVE_ZLIB_H=1 -I.   -I/opt/local/include -DDUMMY_FUNCTION_USERTAB -DHAVE_ZLIB=1  -pipe -Os -arch x86_64 -O0 -g -MT adler32.lo -MD -MP -MF .deps/adler32.Tpo -c -o adler32.lo `test -f '../../C-Sources//zlib/adler32.c' || echo './'`../../C-Sources//zlib/adler32.c
:info:build /bin/sh ../../libtool --mode=compile --tag=CC /usr/bin/clang  -DHAVE_CONFIG_H -I. -I../../include   -I/opt/local/include -I../../include -O3 -fomit-frame-pointer -pipe -Os -arch x86_64 -c -o lis_precon_jacobi.lo lis_precon_jacobi.c
:info:build libtool: compile:  /usr/bin/clang -DHAVE_CONFIG_H -I. -I../../include -I/opt/local/include -I../../include -O3 -fomit-frame-pointer -pipe -Os -arch x86_64 -c lis_precon_jacobi.c  -fno-common -DPIC -o .libs/lis_precon_jacobi.o
:info:build /usr/bin/clang++ -headerpad_max_install_names -Wl,-headerpad_max_install_names   -Xarch_x86_64 -mmacosx-version-min=10.8 -o ../bin/OMShell.app/Contents/MacOS/OMShell commandcompletion.o omc_communication.o omc_communicator.o omcinteractiveenvironment.o oms.o main.o moc_commandcompletion.o moc_omc_communicator.o moc_oms.o qrc_oms.o   -F/opt/local/Library/Frameworks -F/opt/local/lib  -lomniORB4 -lomnithread -lpthread -F/opt/local/Library/Frameworks -F/opt/local/lib -L/opt/local/lib -framework QtXml -framework QtCore -framework QtGui 
:info:build /bin/sh ../../libtool --mode=compile --tag=CC /usr/bin/clang  -DHAVE_CONFIG_H -I. -I../../include   -I/opt/local/include -I../../include -O3 -fomit-frame-pointer -pipe -Os -arch x86_64 -c -o lis_precon_saamg.lo lis_precon_saamg.c
:info:build libtool: compile:  /usr/bin/clang "-DPACKAGE_NAME=\"Modelica Standard Library Tables\"" -DPACKAGE_TARNAME=\"libmodelicastandardtables\" -DPACKAGE_VERSION=\"3.2.1\" "-DPACKAGE_STRING=\"Modelica Standard Library Tables 3.2.1\"" -DPACKAGE_BUGREPORT=\"https://trac.modelica.org/Modelica\" -DPACKAGE_URL=\"https://modelica.org\" -DPACKAGE=\"libmodelicastandardtables\" -DVERSION=\"3.2.1\" -DSTDC_HEADERS=1 -DHAVE_SYS_TYPES_H=1 -DHAVE_SYS_STAT_H=1 -DHAVE_STDLIB_H=1 -DHAVE_STRING_H=1 -DHAVE_MEMORY_H=1 -DHAVE_STRINGS_H=1 -DHAVE_INTTYPES_H=1 -DHAVE_STDINT_H=1 -DHAVE_UNISTD_H=1 -DHAVE_DLFCN_H=1 -DLT_OBJDIR=\".libs/\" -DHAVE_ZLIB_H=1 -I. -I/opt/local/include -DDUMMY_FUNCTION_USERTAB -DHAVE_ZLIB=1 -pipe -Os -arch x86_64 -O0 -g -MT adler32.lo -MD -MP -MF .deps/adler32.Tpo -c ../../C-Sources//zlib/adler32.c -o adler32.o
:info:build libtool: compile:  /usr/bin/clang -DHAVE_CONFIG_H -I. -I../../include -I/opt/local/include -I../../include -O3 -fomit-frame-pointer -pipe -Os -arch x86_64 -c lis_precon_saamg.c  -fno-common -DPIC -o .libs/lis_precon_saamg.o
:info:build mv -f .deps/adler32.Tpo .deps/adler32.Plo
:info:build /bin/sh ./libtool  --tag=CC   --mode=compile /usr/bin/clang -DPACKAGE_NAME=\"Modelica\ Standard\ Library\ Tables\" -DPACKAGE_TARNAME=\"libmodelicastandardtables\" -DPACKAGE_VERSION=\"3.2.1\" -DPACKAGE_STRING=\"Modelica\ Standard\ Library\ Tables\ 3.2.1\" -DPACKAGE_BUGREPORT=\"https://trac.modelica.org/Modelica\" -DPACKAGE_URL=\"https://modelica.org\" -DPACKAGE=\"libmodelicastandardtables\" -DVERSION=\"3.2.1\" -DSTDC_HEADERS=1 -DHAVE_SYS_TYPES_H=1 -DHAVE_SYS_STAT_H=1 -DHAVE_STDLIB_H=1 -DHAVE_STRING_H=1 -DHAVE_MEMORY_H=1 -DHAVE_STRINGS_H=1 -DHAVE_INTTYPES_H=1 -DHAVE_STDINT_H=1 -DHAVE_UNISTD_H=1 -DHAVE_DLFCN_H=1 -DLT_OBJDIR=\".libs/\" -DHAVE_ZLIB_H=1 -I.   -I/opt/local/include -DDUMMY_FUNCTION_USERTAB -DHAVE_ZLIB=1  -pipe -Os -arch x86_64 -O0 -g -MT compress.lo -MD -MP -MF .deps/compress.Tpo -c -o compress.lo `test -f '../../C-Sources//zlib/compress.c' || echo './'`../../C-Sources//zlib/compress.c
:info:build /bin/sh ../../libtool --mode=compile --tag=CC /usr/bin/clang  -DHAVE_CONFIG_H -I. -I../../include   -I/opt/local/include -I../../include -O3 -fomit-frame-pointer -pipe -Os -arch x86_64 -c -o lis_precon_sainv.lo lis_precon_sainv.c
:info:build libtool: compile:  /usr/bin/clang -DHAVE_CONFIG_H -I. -I../../include -I/opt/local/include -I../../include -O3 -fomit-frame-pointer -pipe -Os -arch x86_64 -c lis_precon_sainv.c  -fno-common -DPIC -o .libs/lis_precon_sainv.o
:info:build make[2]: Leaving directory `/opt/local/var/macports/build/_opt_local_var_macports_sources_build.openmodelica.org_macports_lang_openmodelica-devel/openmodelica-devel/work/openmodelica_18121/OMShell/OMShellGUI'
:info:build mkdir -p ../..//build/share//omshell/nls/
:info:build if [ ".app" = ".app" ]; then cp -rp ../bin/OMShell.app ../..//build/Applications/ ; else cp -p ../bin/OMShell ../..//build/bin/; fi
:info:build libtool: compile:  /usr/bin/clang "-DPACKAGE_NAME=\"Modelica Standard Library Tables\"" -DPACKAGE_TARNAME=\"libmodelicastandardtables\" -DPACKAGE_VERSION=\"3.2.1\" "-DPACKAGE_STRING=\"Modelica Standard Library Tables 3.2.1\"" -DPACKAGE_BUGREPORT=\"https://trac.modelica.org/Modelica\" -DPACKAGE_URL=\"https://modelica.org\" -DPACKAGE=\"libmodelicastandardtables\" -DVERSION=\"3.2.1\" -DSTDC_HEADERS=1 -DHAVE_SYS_TYPES_H=1 -DHAVE_SYS_STAT_H=1 -DHAVE_STDLIB_H=1 -DHAVE_STRING_H=1 -DHAVE_MEMORY_H=1 -DHAVE_STRINGS_H=1 -DHAVE_INTTYPES_H=1 -DHAVE_STDINT_H=1 -DHAVE_UNISTD_H=1 -DHAVE_DLFCN_H=1 -DLT_OBJDIR=\".libs/\" -DHAVE_ZLIB_H=1 -I. -I/opt/local/include -DDUMMY_FUNCTION_USERTAB -DHAVE_ZLIB=1 -pipe -Os -arch x86_64 -O0 -g -MT compress.lo -MD -MP -MF .deps/compress.Tpo -c ../../C-Sources//zlib/compress.c -o compress.o
:info:build cp -p ../..//OMNotebook/OMNotebookGUI/commands.xml ../..//build/share//omshell/
:info:build /bin/sh ../../libtool --mode=compile --tag=CC /usr/bin/clang  -DHAVE_CONFIG_H -I. -I../../include   -I/opt/local/include -I../../include -O3 -fomit-frame-pointer -pipe -Os -arch x86_64 -c -o lis_precon_ssor.lo lis_precon_ssor.c
:info:build cp -p OMShell_*.qm ../..//build/share//omshell/nls/
:info:build make[1]: Leaving directory `/opt/local/var/macports/build/_opt_local_var_macports_sources_build.openmodelica.org_macports_lang_openmodelica-devel/openmodelica-devel/work/openmodelica_18121/OMShell/OMShellGUI'
:info:build /bin/sh ./libtool  --tag=CC   --mode=compile /usr/bin/clang -DPACKAGE_NAME=\"Modelica\ Standard\ Library\ Tables\" -DPACKAGE_TARNAME=\"libmodelicastandardtables\" -DPACKAGE_VERSION=\"3.2.1\" -DPACKAGE_STRING=\"Modelica\ Standard\ Library\ Tables\ 3.2.1\" -DPACKAGE_BUGREPORT=\"https://trac.modelica.org/Modelica\" -DPACKAGE_URL=\"https://modelica.org\" -DPACKAGE=\"libmodelicastandardtables\" -DVERSION=\"3.2.1\" -DSTDC_HEADERS=1 -DHAVE_SYS_TYPES_H=1 -DHAVE_SYS_STAT_H=1 -DHAVE_STDLIB_H=1 -DHAVE_STRING_H=1 -DHAVE_MEMORY_H=1 -DHAVE_STRINGS_H=1 -DHAVE_INTTYPES_H=1 -DHAVE_STDINT_H=1 -DHAVE_UNISTD_H=1 -DHAVE_DLFCN_H=1 -DLT_OBJDIR=\".libs/\" -DHAVE_ZLIB_H=1 -I.   -I/opt/local/include -DDUMMY_FUNCTION_USERTAB -DHAVE_ZLIB=1  -pipe -Os -arch x86_64 -O0 -g -MT crc32.lo -MD -MP -MF .deps/crc32.Tpo -c -o crc32.lo `test -f '../../C-Sources//zlib/crc32.c' || echo './'`../../C-Sources//zlib/crc32.c
:info:build mv -f .deps/compress.Tpo .deps/compress.Plo
:info:build /usr/bin/clang++ -c -pipe -O2  -Xarch_x86_64 -mmacosx-version-min=10.8 -w -fPIC -DQT_NO_DEBUG -DQT_GUI_LIB -DQT_CORE_LIB -DQT_SHARED -I/opt/local/share/qt4/mkspecs/macx-g++ -I. -I../generatedfiles/moc -I/opt/local/Library/Frameworks/QtCore.framework/Versions/4/Headers -I/opt/local/Library/Frameworks/QtGui.framework/Versions/4/Headers -I/opt/local/include/qwt -I. -I/opt/local/Library/Frameworks/QtGui.framework/Versions/4/Headers -I/opt/local/Library/Frameworks/QtCore.framework/Versions/4/Headers -I/opt/local/include -o PlotGrid.o PlotGrid.cpp
:info:build libtool: compile:  /usr/bin/clang -DHAVE_CONFIG_H -I. -I../../include -I/opt/local/include -I../../include -O3 -fomit-frame-pointer -pipe -Os -arch x86_64 -c lis_precon_ssor.c  -fno-common -DPIC -o .libs/lis_precon_ssor.o
:info:build /bin/sh ../../libtool --tag=CC   --mode=link /usr/bin/clang -I../../include -O3 -fomit-frame-pointer -pipe -Os -arch x86_64  -Wl,-install_name,@rpath/liblis.dylib -o libprecon.la  lis_precon.lo lis_precon_ads.lo lis_precon_hybrid.lo lis_precon_iluc.lo lis_precon_iluk.lo lis_precon_ilut.lo lis_precon_is.lo lis_precon_jacobi.lo lis_precon_saamg.lo lis_precon_sainv.lo lis_precon_ssor.lo  -lm 
:info:build libtool: compile:  /usr/bin/clang "-DPACKAGE_NAME=\"Modelica Standard Library Tables\"" -DPACKAGE_TARNAME=\"libmodelicastandardtables\" -DPACKAGE_VERSION=\"3.2.1\" "-DPACKAGE_STRING=\"Modelica Standard Library Tables 3.2.1\"" -DPACKAGE_BUGREPORT=\"https://trac.modelica.org/Modelica\" -DPACKAGE_URL=\"https://modelica.org\" -DPACKAGE=\"libmodelicastandardtables\" -DVERSION=\"3.2.1\" -DSTDC_HEADERS=1 -DHAVE_SYS_TYPES_H=1 -DHAVE_SYS_STAT_H=1 -DHAVE_STDLIB_H=1 -DHAVE_STRING_H=1 -DHAVE_MEMORY_H=1 -DHAVE_STRINGS_H=1 -DHAVE_INTTYPES_H=1 -DHAVE_STDINT_H=1 -DHAVE_UNISTD_H=1 -DHAVE_DLFCN_H=1 -DLT_OBJDIR=\".libs/\" -DHAVE_ZLIB_H=1 -I. -I/opt/local/include -DDUMMY_FUNCTION_USERTAB -DHAVE_ZLIB=1 -pipe -Os -arch x86_64 -O0 -g -MT crc32.lo -MD -MP -MF .deps/crc32.Tpo -c ../../C-Sources//zlib/crc32.c -o crc32.o
:info:build mv -f .deps/crc32.Tpo .deps/crc32.Plo
:info:build /bin/sh ./libtool  --tag=CC   --mode=compile /usr/bin/clang -DPACKAGE_NAME=\"Modelica\ Standard\ Library\ Tables\" -DPACKAGE_TARNAME=\"libmodelicastandardtables\" -DPACKAGE_VERSION=\"3.2.1\" -DPACKAGE_STRING=\"Modelica\ Standard\ Library\ Tables\ 3.2.1\" -DPACKAGE_BUGREPORT=\"https://trac.modelica.org/Modelica\" -DPACKAGE_URL=\"https://modelica.org\" -DPACKAGE=\"libmodelicastandardtables\" -DVERSION=\"3.2.1\" -DSTDC_HEADERS=1 -DHAVE_SYS_TYPES_H=1 -DHAVE_SYS_STAT_H=1 -DHAVE_STDLIB_H=1 -DHAVE_STRING_H=1 -DHAVE_MEMORY_H=1 -DHAVE_STRINGS_H=1 -DHAVE_INTTYPES_H=1 -DHAVE_STDINT_H=1 -DHAVE_UNISTD_H=1 -DHAVE_DLFCN_H=1 -DLT_OBJDIR=\".libs/\" -DHAVE_ZLIB_H=1 -I.   -I/opt/local/include -DDUMMY_FUNCTION_USERTAB -DHAVE_ZLIB=1  -pipe -Os -arch x86_64 -O0 -g -MT deflate.lo -MD -MP -MF .deps/deflate.Tpo -c -o deflate.lo `test -f '../../C-Sources//zlib/deflate.c' || echo './'`../../C-Sources//zlib/deflate.c
:info:build libtool: link: ar cru .libs/libprecon.a .libs/lis_precon.o .libs/lis_precon_ads.o .libs/lis_precon_hybrid.o .libs/lis_precon_iluc.o .libs/lis_precon_iluk.o .libs/lis_precon_ilut.o .libs/lis_precon_is.o .libs/lis_precon_jacobi.o .libs/lis_precon_saamg.o .libs/lis_precon_sainv.o .libs/lis_precon_ssor.o 
:info:build libtool: link: ranlib .libs/libprecon.a
:info:build libtool: compile:  /usr/bin/clang "-DPACKAGE_NAME=\"Modelica Standard Library Tables\"" -DPACKAGE_TARNAME=\"libmodelicastandardtables\" -DPACKAGE_VERSION=\"3.2.1\" "-DPACKAGE_STRING=\"Modelica Standard Library Tables 3.2.1\"" -DPACKAGE_BUGREPORT=\"https://trac.modelica.org/Modelica\" -DPACKAGE_URL=\"https://modelica.org\" -DPACKAGE=\"libmodelicastandardtables\" -DVERSION=\"3.2.1\" -DSTDC_HEADERS=1 -DHAVE_SYS_TYPES_H=1 -DHAVE_SYS_STAT_H=1 -DHAVE_STDLIB_H=1 -DHAVE_STRING_H=1 -DHAVE_MEMORY_H=1 -DHAVE_STRINGS_H=1 -DHAVE_INTTYPES_H=1 -DHAVE_STDINT_H=1 -DHAVE_UNISTD_H=1 -DHAVE_DLFCN_H=1 -DLT_OBJDIR=\".libs/\" -DHAVE_ZLIB_H=1 -I. -I/opt/local/include -DDUMMY_FUNCTION_USERTAB -DHAVE_ZLIB=1 -pipe -Os -arch x86_64 -O0 -g -MT deflate.lo -MD -MP -MF .deps/deflate.Tpo -c ../../C-Sources//zlib/deflate.c -o deflate.o
:info:build libtool: link: ( cd ".libs" && rm -f "libprecon.la" && ln -s "../libprecon.la" "libprecon.la" )
:info:build make[3]: Leaving directory `/opt/local/var/macports/build/_opt_local_var_macports_sources_build.openmodelica.org_macports_lang_openmodelica-devel/openmodelica-devel/work/openmodelica_18121/3rdParty/lis-1.4.12/src/precon'
:info:build Making all in solver
:info:build make[3]: Entering directory `/opt/local/var/macports/build/_opt_local_var_macports_sources_build.openmodelica.org_macports_lang_openmodelica-devel/openmodelica-devel/work/openmodelica_18121/3rdParty/lis-1.4.12/src/solver'
:info:build /bin/sh ../../libtool --mode=compile --tag=CC /usr/bin/clang  -DHAVE_CONFIG_H -I. -I../../include   -I/opt/local/include -I../../include -O3 -fomit-frame-pointer -pipe -Os -arch x86_64 -c -o lis_solver.lo lis_solver.c
:info:build mv -f .deps/deflate.Tpo .deps/deflate.Plo
:info:build /bin/sh ./libtool  --tag=CC   --mode=compile /usr/bin/clang -DPACKAGE_NAME=\"Modelica\ Standard\ Library\ Tables\" -DPACKAGE_TARNAME=\"libmodelicastandardtables\" -DPACKAGE_VERSION=\"3.2.1\" -DPACKAGE_STRING=\"Modelica\ Standard\ Library\ Tables\ 3.2.1\" -DPACKAGE_BUGREPORT=\"https://trac.modelica.org/Modelica\" -DPACKAGE_URL=\"https://modelica.org\" -DPACKAGE=\"libmodelicastandardtables\" -DVERSION=\"3.2.1\" -DSTDC_HEADERS=1 -DHAVE_SYS_TYPES_H=1 -DHAVE_SYS_STAT_H=1 -DHAVE_STDLIB_H=1 -DHAVE_STRING_H=1 -DHAVE_MEMORY_H=1 -DHAVE_STRINGS_H=1 -DHAVE_INTTYPES_H=1 -DHAVE_STDINT_H=1 -DHAVE_UNISTD_H=1 -DHAVE_DLFCN_H=1 -DLT_OBJDIR=\".libs/\" -DHAVE_ZLIB_H=1 -I.   -I/opt/local/include -DDUMMY_FUNCTION_USERTAB -DHAVE_ZLIB=1  -pipe -Os -arch x86_64 -O0 -g -MT gzclose.lo -MD -MP -MF .deps/gzclose.Tpo -c -o gzclose.lo `test -f '../../C-Sources//zlib/gzclose.c' || echo './'`../../C-Sources//zlib/gzclose.c
:info:build libtool: compile:  /usr/bin/clang -DHAVE_CONFIG_H -I. -I../../include -I/opt/local/include -I../../include -O3 -fomit-frame-pointer -pipe -Os -arch x86_64 -c lis_solver.c  -fno-common -DPIC -o .libs/lis_solver.o
:info:build lis_solver.c:721:21: warning: expression result unused [-Wunused-value]
:info:build       if( output ) ("CONV_COND : ||r||_2 <= %6.1e*||r_0||_2\n", tol); 
:info:build                     ^~~~~~~~~~~~~~~~~~~~~~~~~~~~~~~~~~~~~~~~~~
:info:build lis_solver.c:721:65: warning: expression result unused [-Wunused-value]
:info:build       if( output ) ("CONV_COND : ||r||_2 <= %6.1e*||r_0||_2\n", tol); 
:info:build                                                                 ^~~
:info:build libtool: compile:  /usr/bin/clang "-DPACKAGE_NAME=\"Modelica Standard Library Tables\"" -DPACKAGE_TARNAME=\"libmodelicastandardtables\" -DPACKAGE_VERSION=\"3.2.1\" "-DPACKAGE_STRING=\"Modelica Standard Library Tables 3.2.1\"" -DPACKAGE_BUGREPORT=\"https://trac.modelica.org/Modelica\" -DPACKAGE_URL=\"https://modelica.org\" -DPACKAGE=\"libmodelicastandardtables\" -DVERSION=\"3.2.1\" -DSTDC_HEADERS=1 -DHAVE_SYS_TYPES_H=1 -DHAVE_SYS_STAT_H=1 -DHAVE_STDLIB_H=1 -DHAVE_STRING_H=1 -DHAVE_MEMORY_H=1 -DHAVE_STRINGS_H=1 -DHAVE_INTTYPES_H=1 -DHAVE_STDINT_H=1 -DHAVE_UNISTD_H=1 -DHAVE_DLFCN_H=1 -DLT_OBJDIR=\".libs/\" -DHAVE_ZLIB_H=1 -I. -I/opt/local/include -DDUMMY_FUNCTION_USERTAB -DHAVE_ZLIB=1 -pipe -Os -arch x86_64 -O0 -g -MT gzclose.lo -MD -MP -MF .deps/gzclose.Tpo -c ../../C-Sources//zlib/gzclose.c -o gzclose.o
:info:build mv -f .deps/gzclose.Tpo .deps/gzclose.Plo
:info:build /bin/sh ./libtool  --tag=CC   --mode=compile /usr/bin/clang -DPACKAGE_NAME=\"Modelica\ Standard\ Library\ Tables\" -DPACKAGE_TARNAME=\"libmodelicastandardtables\" -DPACKAGE_VERSION=\"3.2.1\" -DPACKAGE_STRING=\"Modelica\ Standard\ Library\ Tables\ 3.2.1\" -DPACKAGE_BUGREPORT=\"https://trac.modelica.org/Modelica\" -DPACKAGE_URL=\"https://modelica.org\" -DPACKAGE=\"libmodelicastandardtables\" -DVERSION=\"3.2.1\" -DSTDC_HEADERS=1 -DHAVE_SYS_TYPES_H=1 -DHAVE_SYS_STAT_H=1 -DHAVE_STDLIB_H=1 -DHAVE_STRING_H=1 -DHAVE_MEMORY_H=1 -DHAVE_STRINGS_H=1 -DHAVE_INTTYPES_H=1 -DHAVE_STDINT_H=1 -DHAVE_UNISTD_H=1 -DHAVE_DLFCN_H=1 -DLT_OBJDIR=\".libs/\" -DHAVE_ZLIB_H=1 -I.   -I/opt/local/include -DDUMMY_FUNCTION_USERTAB -DHAVE_ZLIB=1  -pipe -Os -arch x86_64 -O0 -g -MT gzlib.lo -MD -MP -MF .deps/gzlib.Tpo -c -o gzlib.lo `test -f '../../C-Sources//zlib/gzlib.c' || echo './'`../../C-Sources//zlib/gzlib.c
:info:build 2 warnings generated.
:info:build /bin/sh ../../libtool --mode=compile --tag=CC /usr/bin/clang  -DHAVE_CONFIG_H -I. -I../../include   -I/opt/local/include -I../../include -O3 -fomit-frame-pointer -pipe -Os -arch x86_64 -c -o lis_solver_bicg.lo lis_solver_bicg.c
:info:build libtool: compile:  /usr/bin/clang -DHAVE_CONFIG_H -I. -I../../include -I/opt/local/include -I../../include -O3 -fomit-frame-pointer -pipe -Os -arch x86_64 -c lis_solver_bicg.c  -fno-common -DPIC -o .libs/lis_solver_bicg.o
:info:build /bin/sh ../../libtool --mode=compile --tag=CC /usr/bin/clang  -DHAVE_CONFIG_H -I. -I../../include   -I/opt/local/include -I../../include -O3 -fomit-frame-pointer -pipe -Os -arch x86_64 -c -o lis_solver_bicgsafe.lo lis_solver_bicgsafe.c
:info:build libtool: compile:  /usr/bin/clang "-DPACKAGE_NAME=\"Modelica Standard Library Tables\"" -DPACKAGE_TARNAME=\"libmodelicastandardtables\" -DPACKAGE_VERSION=\"3.2.1\" "-DPACKAGE_STRING=\"Modelica Standard Library Tables 3.2.1\"" -DPACKAGE_BUGREPORT=\"https://trac.modelica.org/Modelica\" -DPACKAGE_URL=\"https://modelica.org\" -DPACKAGE=\"libmodelicastandardtables\" -DVERSION=\"3.2.1\" -DSTDC_HEADERS=1 -DHAVE_SYS_TYPES_H=1 -DHAVE_SYS_STAT_H=1 -DHAVE_STDLIB_H=1 -DHAVE_STRING_H=1 -DHAVE_MEMORY_H=1 -DHAVE_STRINGS_H=1 -DHAVE_INTTYPES_H=1 -DHAVE_STDINT_H=1 -DHAVE_UNISTD_H=1 -DHAVE_DLFCN_H=1 -DLT_OBJDIR=\".libs/\" -DHAVE_ZLIB_H=1 -I. -I/opt/local/include -DDUMMY_FUNCTION_USERTAB -DHAVE_ZLIB=1 -pipe -Os -arch x86_64 -O0 -g -MT gzlib.lo -MD -MP -MF .deps/gzlib.Tpo -c ../../C-Sources//zlib/gzlib.c -o gzlib.o
:info:build libtool: compile:  /usr/bin/clang -DHAVE_CONFIG_H -I. -I../../include -I/opt/local/include -I../../include -O3 -fomit-frame-pointer -pipe -Os -arch x86_64 -c lis_solver_bicgsafe.c  -fno-common -DPIC -o .libs/lis_solver_bicgsafe.o
:info:build /bin/sh ./libtool  --tag=CC   --mode=compile /usr/bin/clang -DPACKAGE_NAME=\"Modelica\ Standard\ Library\ Tables\" -DPACKAGE_TARNAME=\"libmodelicastandardtables\" -DPACKAGE_VERSION=\"3.2.1\" -DPACKAGE_STRING=\"Modelica\ Standard\ Library\ Tables\ 3.2.1\" -DPACKAGE_BUGREPORT=\"https://trac.modelica.org/Modelica\" -DPACKAGE_URL=\"https://modelica.org\" -DPACKAGE=\"libmodelicastandardtables\" -DVERSION=\"3.2.1\" -DSTDC_HEADERS=1 -DHAVE_SYS_TYPES_H=1 -DHAVE_SYS_STAT_H=1 -DHAVE_STDLIB_H=1 -DHAVE_STRING_H=1 -DHAVE_MEMORY_H=1 -DHAVE_STRINGS_H=1 -DHAVE_INTTYPES_H=1 -DHAVE_STDINT_H=1 -DHAVE_UNISTD_H=1 -DHAVE_DLFCN_H=1 -DLT_OBJDIR=\".libs/\" -DHAVE_ZLIB_H=1 -I.   -I/opt/local/include -DDUMMY_FUNCTION_USERTAB -DHAVE_ZLIB=1  -pipe -Os -arch x86_64 -O0 -g -MT gzread.lo -MD -MP -MF .deps/gzread.Tpo -c -o gzread.lo `test -f '../../C-Sources//zlib/gzread.c' || echo './'`../../C-Sources//zlib/gzread.c
:info:build mv -f .deps/gzlib.Tpo .deps/gzlib.Plo
:info:build /usr/bin/clang++ -c -pipe -O2  -Xarch_x86_64 -mmacosx-version-min=10.8 -w -fPIC -DQT_NO_DEBUG -DQT_GUI_LIB -DQT_CORE_LIB -DQT_SHARED -I/opt/local/share/qt4/mkspecs/macx-g++ -I. -I../generatedfiles/moc -I/opt/local/Library/Frameworks/QtCore.framework/Versions/4/Headers -I/opt/local/Library/Frameworks/QtGui.framework/Versions/4/Headers -I/opt/local/include/qwt -I. -I/opt/local/Library/Frameworks/QtGui.framework/Versions/4/Headers -I/opt/local/Library/Frameworks/QtCore.framework/Versions/4/Headers -I/opt/local/include -o PlotCurve.o PlotCurve.cpp
:info:build /bin/sh ../../libtool --mode=compile --tag=CC /usr/bin/clang  -DHAVE_CONFIG_H -I. -I../../include   -I/opt/local/include -I../../include -O3 -fomit-frame-pointer -pipe -Os -arch x86_64 -c -o lis_solver_bicgstab.lo lis_solver_bicgstab.c
:info:build libtool: compile:  /usr/bin/clang -DHAVE_CONFIG_H -I. -I../../include -I/opt/local/include -I../../include -O3 -fomit-frame-pointer -pipe -Os -arch x86_64 -c lis_solver_bicgstab.c  -fno-common -DPIC -o .libs/lis_solver_bicgstab.o
:info:build libtool: compile:  /usr/bin/clang "-DPACKAGE_NAME=\"Modelica Standard Library Tables\"" -DPACKAGE_TARNAME=\"libmodelicastandardtables\" -DPACKAGE_VERSION=\"3.2.1\" "-DPACKAGE_STRING=\"Modelica Standard Library Tables 3.2.1\"" -DPACKAGE_BUGREPORT=\"https://trac.modelica.org/Modelica\" -DPACKAGE_URL=\"https://modelica.org\" -DPACKAGE=\"libmodelicastandardtables\" -DVERSION=\"3.2.1\" -DSTDC_HEADERS=1 -DHAVE_SYS_TYPES_H=1 -DHAVE_SYS_STAT_H=1 -DHAVE_STDLIB_H=1 -DHAVE_STRING_H=1 -DHAVE_MEMORY_H=1 -DHAVE_STRINGS_H=1 -DHAVE_INTTYPES_H=1 -DHAVE_STDINT_H=1 -DHAVE_UNISTD_H=1 -DHAVE_DLFCN_H=1 -DLT_OBJDIR=\".libs/\" -DHAVE_ZLIB_H=1 -I. -I/opt/local/include -DDUMMY_FUNCTION_USERTAB -DHAVE_ZLIB=1 -pipe -Os -arch x86_64 -O0 -g -MT gzread.lo -MD -MP -MF .deps/gzread.Tpo -c ../../C-Sources//zlib/gzread.c -o gzread.o
:info:build mv -f .deps/gzread.Tpo .deps/gzread.Plo
:info:build /bin/sh ./libtool  --tag=CC   --mode=compile /usr/bin/clang -DPACKAGE_NAME=\"Modelica\ Standard\ Library\ Tables\" -DPACKAGE_TARNAME=\"libmodelicastandardtables\" -DPACKAGE_VERSION=\"3.2.1\" -DPACKAGE_STRING=\"Modelica\ Standard\ Library\ Tables\ 3.2.1\" -DPACKAGE_BUGREPORT=\"https://trac.modelica.org/Modelica\" -DPACKAGE_URL=\"https://modelica.org\" -DPACKAGE=\"libmodelicastandardtables\" -DVERSION=\"3.2.1\" -DSTDC_HEADERS=1 -DHAVE_SYS_TYPES_H=1 -DHAVE_SYS_STAT_H=1 -DHAVE_STDLIB_H=1 -DHAVE_STRING_H=1 -DHAVE_MEMORY_H=1 -DHAVE_STRINGS_H=1 -DHAVE_INTTYPES_H=1 -DHAVE_STDINT_H=1 -DHAVE_UNISTD_H=1 -DHAVE_DLFCN_H=1 -DLT_OBJDIR=\".libs/\" -DHAVE_ZLIB_H=1 -I.   -I/opt/local/include -DDUMMY_FUNCTION_USERTAB -DHAVE_ZLIB=1  -pipe -Os -arch x86_64 -O0 -g -MT gzwrite.lo -MD -MP -MF .deps/gzwrite.Tpo -c -o gzwrite.lo `test -f '../../C-Sources//zlib/gzwrite.c' || echo './'`../../C-Sources//zlib/gzwrite.c
:info:build /bin/sh ../../libtool --mode=compile --tag=CC /usr/bin/clang  -DHAVE_CONFIG_H -I. -I../../include   -I/opt/local/include -I../../include -O3 -fomit-frame-pointer -pipe -Os -arch x86_64 -c -o lis_solver_bicgstabl.lo lis_solver_bicgstabl.c
:info:build libtool: compile:  /usr/bin/clang -DHAVE_CONFIG_H -I. -I../../include -I/opt/local/include -I../../include -O3 -fomit-frame-pointer -pipe -Os -arch x86_64 -c lis_solver_bicgstabl.c  -fno-common -DPIC -o .libs/lis_solver_bicgstabl.o
:info:build /bin/sh ../../libtool --mode=compile --tag=CC /usr/bin/clang  -DHAVE_CONFIG_H -I. -I../../include   -I/opt/local/include -I../../include -O3 -fomit-frame-pointer -pipe -Os -arch x86_64 -c -o lis_solver_cg.lo lis_solver_cg.c
:info:build libtool: compile:  /usr/bin/clang -DHAVE_CONFIG_H -I. -I../../include -I/opt/local/include -I../../include -O3 -fomit-frame-pointer -pipe -Os -arch x86_64 -c lis_solver_cg.c  -fno-common -DPIC -o .libs/lis_solver_cg.o
:info:build libtool: compile:  /usr/bin/clang "-DPACKAGE_NAME=\"Modelica Standard Library Tables\"" -DPACKAGE_TARNAME=\"libmodelicastandardtables\" -DPACKAGE_VERSION=\"3.2.1\" "-DPACKAGE_STRING=\"Modelica Standard Library Tables 3.2.1\"" -DPACKAGE_BUGREPORT=\"https://trac.modelica.org/Modelica\" -DPACKAGE_URL=\"https://modelica.org\" -DPACKAGE=\"libmodelicastandardtables\" -DVERSION=\"3.2.1\" -DSTDC_HEADERS=1 -DHAVE_SYS_TYPES_H=1 -DHAVE_SYS_STAT_H=1 -DHAVE_STDLIB_H=1 -DHAVE_STRING_H=1 -DHAVE_MEMORY_H=1 -DHAVE_STRINGS_H=1 -DHAVE_INTTYPES_H=1 -DHAVE_STDINT_H=1 -DHAVE_UNISTD_H=1 -DHAVE_DLFCN_H=1 -DLT_OBJDIR=\".libs/\" -DHAVE_ZLIB_H=1 -I. -I/opt/local/include -DDUMMY_FUNCTION_USERTAB -DHAVE_ZLIB=1 -pipe -Os -arch x86_64 -O0 -g -MT gzwrite.lo -MD -MP -MF .deps/gzwrite.Tpo -c ../../C-Sources//zlib/gzwrite.c -o gzwrite.o
:info:build /bin/sh ../../libtool --mode=compile --tag=CC /usr/bin/clang  -DHAVE_CONFIG_H -I. -I../../include   -I/opt/local/include -I../../include -O3 -fomit-frame-pointer -pipe -Os -arch x86_64 -c -o lis_solver_cgs.lo lis_solver_cgs.c
:info:build libtool: compile:  /usr/bin/clang -DHAVE_CONFIG_H -I. -I../../include -I/opt/local/include -I../../include -O3 -fomit-frame-pointer -pipe -Os -arch x86_64 -c lis_solver_cgs.c  -fno-common -DPIC -o .libs/lis_solver_cgs.o
:info:build mv -f .deps/gzwrite.Tpo .deps/gzwrite.Plo
:info:build /bin/sh ./libtool  --tag=CC   --mode=compile /usr/bin/clang -DPACKAGE_NAME=\"Modelica\ Standard\ Library\ Tables\" -DPACKAGE_TARNAME=\"libmodelicastandardtables\" -DPACKAGE_VERSION=\"3.2.1\" -DPACKAGE_STRING=\"Modelica\ Standard\ Library\ Tables\ 3.2.1\" -DPACKAGE_BUGREPORT=\"https://trac.modelica.org/Modelica\" -DPACKAGE_URL=\"https://modelica.org\" -DPACKAGE=\"libmodelicastandardtables\" -DVERSION=\"3.2.1\" -DSTDC_HEADERS=1 -DHAVE_SYS_TYPES_H=1 -DHAVE_SYS_STAT_H=1 -DHAVE_STDLIB_H=1 -DHAVE_STRING_H=1 -DHAVE_MEMORY_H=1 -DHAVE_STRINGS_H=1 -DHAVE_INTTYPES_H=1 -DHAVE_STDINT_H=1 -DHAVE_UNISTD_H=1 -DHAVE_DLFCN_H=1 -DLT_OBJDIR=\".libs/\" -DHAVE_ZLIB_H=1 -I.   -I/opt/local/include -DDUMMY_FUNCTION_USERTAB -DHAVE_ZLIB=1  -pipe -Os -arch x86_64 -O0 -g -MT infback.lo -MD -MP -MF .deps/infback.Tpo -c -o infback.lo `test -f '../../C-Sources//zlib/infback.c' || echo './'`../../C-Sources//zlib/infback.c
:info:build /bin/sh ../../libtool --mode=compile --tag=CC /usr/bin/clang  -DHAVE_CONFIG_H -I. -I../../include   -I/opt/local/include -I../../include -O3 -fomit-frame-pointer -pipe -Os -arch x86_64 -c -o lis_solver_gmres.lo lis_solver_gmres.c
:info:build libtool: compile:  /usr/bin/clang -DHAVE_CONFIG_H -I. -I../../include -I/opt/local/include -I../../include -O3 -fomit-frame-pointer -pipe -Os -arch x86_64 -c lis_solver_gmres.c  -fno-common -DPIC -o .libs/lis_solver_gmres.o
:info:build libtool: compile:  /usr/bin/clang "-DPACKAGE_NAME=\"Modelica Standard Library Tables\"" -DPACKAGE_TARNAME=\"libmodelicastandardtables\" -DPACKAGE_VERSION=\"3.2.1\" "-DPACKAGE_STRING=\"Modelica Standard Library Tables 3.2.1\"" -DPACKAGE_BUGREPORT=\"https://trac.modelica.org/Modelica\" -DPACKAGE_URL=\"https://modelica.org\" -DPACKAGE=\"libmodelicastandardtables\" -DVERSION=\"3.2.1\" -DSTDC_HEADERS=1 -DHAVE_SYS_TYPES_H=1 -DHAVE_SYS_STAT_H=1 -DHAVE_STDLIB_H=1 -DHAVE_STRING_H=1 -DHAVE_MEMORY_H=1 -DHAVE_STRINGS_H=1 -DHAVE_INTTYPES_H=1 -DHAVE_STDINT_H=1 -DHAVE_UNISTD_H=1 -DHAVE_DLFCN_H=1 -DLT_OBJDIR=\".libs/\" -DHAVE_ZLIB_H=1 -I. -I/opt/local/include -DDUMMY_FUNCTION_USERTAB -DHAVE_ZLIB=1 -pipe -Os -arch x86_64 -O0 -g -MT infback.lo -MD -MP -MF .deps/infback.Tpo -c ../../C-Sources//zlib/infback.c -o infback.o
:info:build /bin/sh ./libtool  --tag=CC   --mode=compile /usr/bin/clang -DPACKAGE_NAME=\"Modelica\ Standard\ Library\ Tables\" -DPACKAGE_TARNAME=\"libmodelicastandardtables\" -DPACKAGE_VERSION=\"3.2.1\" -DPACKAGE_STRING=\"Modelica\ Standard\ Library\ Tables\ 3.2.1\" -DPACKAGE_BUGREPORT=\"https://trac.modelica.org/Modelica\" -DPACKAGE_URL=\"https://modelica.org\" -DPACKAGE=\"libmodelicastandardtables\" -DVERSION=\"3.2.1\" -DSTDC_HEADERS=1 -DHAVE_SYS_TYPES_H=1 -DHAVE_SYS_STAT_H=1 -DHAVE_STDLIB_H=1 -DHAVE_STRING_H=1 -DHAVE_MEMORY_H=1 -DHAVE_STRINGS_H=1 -DHAVE_INTTYPES_H=1 -DHAVE_STDINT_H=1 -DHAVE_UNISTD_H=1 -DHAVE_DLFCN_H=1 -DLT_OBJDIR=\".libs/\" -DHAVE_ZLIB_H=1 -I.   -I/opt/local/include -DDUMMY_FUNCTION_USERTAB -DHAVE_ZLIB=1  -pipe -Os -arch x86_64 -O0 -g -MT inffast.lo -MD -MP -MF .deps/inffast.Tpo -c -o inffast.lo `test -f '../../C-Sources//zlib/inffast.c' || echo './'`../../C-Sources//zlib/inffast.c
:info:build mv -f .deps/infback.Tpo .deps/infback.Plo
:info:build /bin/sh ./libtool  --tag=CC   --mode=compile /usr/bin/clang -DPACKAGE_NAME=\"Modelica\ Standard\ Library\ Tables\" -DPACKAGE_TARNAME=\"libmodelicastandardtables\" -DPACKAGE_VERSION=\"3.2.1\" -DPACKAGE_STRING=\"Modelica\ Standard\ Library\ Tables\ 3.2.1\" -DPACKAGE_BUGREPORT=\"https://trac.modelica.org/Modelica\" -DPACKAGE_URL=\"https://modelica.org\" -DPACKAGE=\"libmodelicastandardtables\" -DVERSION=\"3.2.1\" -DSTDC_HEADERS=1 -DHAVE_SYS_TYPES_H=1 -DHAVE_SYS_STAT_H=1 -DHAVE_STDLIB_H=1 -DHAVE_STRING_H=1 -DHAVE_MEMORY_H=1 -DHAVE_STRINGS_H=1 -DHAVE_INTTYPES_H=1 -DHAVE_STDINT_H=1 -DHAVE_UNISTD_H=1 -DHAVE_DLFCN_H=1 -DLT_OBJDIR=\".libs/\" -DHAVE_ZLIB_H=1 -I.   -I/opt/local/include -DDUMMY_FUNCTION_USERTAB -DHAVE_ZLIB=1  -pipe -Os -arch x86_64 -O0 -g -MT inflate.lo -MD -MP -MF .deps/inflate.Tpo -c -o inflate.lo `test -f '../../C-Sources//zlib/inflate.c' || echo './'`../../C-Sources//zlib/inflate.c
:info:build /bin/sh ../../libtool --mode=compile --tag=CC /usr/bin/clang  -DHAVE_CONFIG_H -I. -I../../include   -I/opt/local/include -I../../include -O3 -fomit-frame-pointer -pipe -Os -arch x86_64 -c -o lis_solver_gpbicg.lo lis_solver_gpbicg.c
:info:build libtool: compile:  /usr/bin/clang -DHAVE_CONFIG_H -I. -I../../include -I/opt/local/include -I../../include -O3 -fomit-frame-pointer -pipe -Os -arch x86_64 -c lis_solver_gpbicg.c  -fno-common -DPIC -o .libs/lis_solver_gpbicg.o
:info:build /bin/sh ../../libtool --mode=compile --tag=CC /usr/bin/clang  -DHAVE_CONFIG_H -I. -I../../include   -I/opt/local/include -I../../include -O3 -fomit-frame-pointer -pipe -Os -arch x86_64 -c -o lis_solver_gs.lo lis_solver_gs.c
:info:build libtool: compile:  /usr/bin/clang "-DPACKAGE_NAME=\"Modelica Standard Library Tables\"" -DPACKAGE_TARNAME=\"libmodelicastandardtables\" -DPACKAGE_VERSION=\"3.2.1\" "-DPACKAGE_STRING=\"Modelica Standard Library Tables 3.2.1\"" -DPACKAGE_BUGREPORT=\"https://trac.modelica.org/Modelica\" -DPACKAGE_URL=\"https://modelica.org\" -DPACKAGE=\"libmodelicastandardtables\" -DVERSION=\"3.2.1\" -DSTDC_HEADERS=1 -DHAVE_SYS_TYPES_H=1 -DHAVE_SYS_STAT_H=1 -DHAVE_STDLIB_H=1 -DHAVE_STRING_H=1 -DHAVE_MEMORY_H=1 -DHAVE_STRINGS_H=1 -DHAVE_INTTYPES_H=1 -DHAVE_STDINT_H=1 -DHAVE_UNISTD_H=1 -DHAVE_DLFCN_H=1 -DLT_OBJDIR=\".libs/\" -DHAVE_ZLIB_H=1 -I. -I/opt/local/include -DDUMMY_FUNCTION_USERTAB -DHAVE_ZLIB=1 -pipe -Os -arch x86_64 -O0 -g -MT inffast.lo -MD -MP -MF .deps/inffast.Tpo -c ../../C-Sources//zlib/inffast.c -o inffast.o
:info:build libtool: compile:  /usr/bin/clang "-DPACKAGE_NAME=\"Modelica Standard Library Tables\"" -DPACKAGE_TARNAME=\"libmodelicastandardtables\" -DPACKAGE_VERSION=\"3.2.1\" "-DPACKAGE_STRING=\"Modelica Standard Library Tables 3.2.1\"" -DPACKAGE_BUGREPORT=\"https://trac.modelica.org/Modelica\" -DPACKAGE_URL=\"https://modelica.org\" -DPACKAGE=\"libmodelicastandardtables\" -DVERSION=\"3.2.1\" -DSTDC_HEADERS=1 -DHAVE_SYS_TYPES_H=1 -DHAVE_SYS_STAT_H=1 -DHAVE_STDLIB_H=1 -DHAVE_STRING_H=1 -DHAVE_MEMORY_H=1 -DHAVE_STRINGS_H=1 -DHAVE_INTTYPES_H=1 -DHAVE_STDINT_H=1 -DHAVE_UNISTD_H=1 -DHAVE_DLFCN_H=1 -DLT_OBJDIR=\".libs/\" -DHAVE_ZLIB_H=1 -I. -I/opt/local/include -DDUMMY_FUNCTION_USERTAB -DHAVE_ZLIB=1 -pipe -Os -arch x86_64 -O0 -g -MT inflate.lo -MD -MP -MF .deps/inflate.Tpo -c ../../C-Sources//zlib/inflate.c -o inflate.o
:info:build libtool: compile:  /usr/bin/clang -DHAVE_CONFIG_H -I. -I../../include -I/opt/local/include -I../../include -O3 -fomit-frame-pointer -pipe -Os -arch x86_64 -c lis_solver_gs.c  -fno-common -DPIC -o .libs/lis_solver_gs.o
:info:build mv -f .deps/inffast.Tpo .deps/inffast.Plo
:info:build /bin/sh ./libtool  --tag=CC   --mode=compile /usr/bin/clang -DPACKAGE_NAME=\"Modelica\ Standard\ Library\ Tables\" -DPACKAGE_TARNAME=\"libmodelicastandardtables\" -DPACKAGE_VERSION=\"3.2.1\" -DPACKAGE_STRING=\"Modelica\ Standard\ Library\ Tables\ 3.2.1\" -DPACKAGE_BUGREPORT=\"https://trac.modelica.org/Modelica\" -DPACKAGE_URL=\"https://modelica.org\" -DPACKAGE=\"libmodelicastandardtables\" -DVERSION=\"3.2.1\" -DSTDC_HEADERS=1 -DHAVE_SYS_TYPES_H=1 -DHAVE_SYS_STAT_H=1 -DHAVE_STDLIB_H=1 -DHAVE_STRING_H=1 -DHAVE_MEMORY_H=1 -DHAVE_STRINGS_H=1 -DHAVE_INTTYPES_H=1 -DHAVE_STDINT_H=1 -DHAVE_UNISTD_H=1 -DHAVE_DLFCN_H=1 -DLT_OBJDIR=\".libs/\" -DHAVE_ZLIB_H=1 -I.   -I/opt/local/include -DDUMMY_FUNCTION_USERTAB -DHAVE_ZLIB=1  -pipe -Os -arch x86_64 -O0 -g -MT inftrees.lo -MD -MP -MF .deps/inftrees.Tpo -c -o inftrees.lo `test -f '../../C-Sources//zlib/inftrees.c' || echo './'`../../C-Sources//zlib/inftrees.c
:info:build /bin/sh ../../libtool --mode=compile --tag=CC /usr/bin/clang  -DHAVE_CONFIG_H -I. -I../../include   -I/opt/local/include -I../../include -O3 -fomit-frame-pointer -pipe -Os -arch x86_64 -c -o lis_solver_idrs.lo lis_solver_idrs.c
:info:build mv -f .deps/inflate.Tpo .deps/inflate.Plo
:info:build /usr/bin/clang++ -c -pipe -O2  -Xarch_x86_64 -mmacosx-version-min=10.8 -w -fPIC -DQT_NO_DEBUG -DQT_GUI_LIB -DQT_CORE_LIB -DQT_SHARED -I/opt/local/share/qt4/mkspecs/macx-g++ -I. -I../generatedfiles/moc -I/opt/local/Library/Frameworks/QtCore.framework/Versions/4/Headers -I/opt/local/Library/Frameworks/QtGui.framework/Versions/4/Headers -I/opt/local/include/qwt -I. -I/opt/local/Library/Frameworks/QtGui.framework/Versions/4/Headers -I/opt/local/Library/Frameworks/QtCore.framework/Versions/4/Headers -I/opt/local/include -o PlotWindow.o PlotWindow.cpp
:info:build libtool: compile:  /usr/bin/clang -DHAVE_CONFIG_H -I. -I../../include -I/opt/local/include -I../../include -O3 -fomit-frame-pointer -pipe -Os -arch x86_64 -c lis_solver_idrs.c  -fno-common -DPIC -o .libs/lis_solver_idrs.o
:info:build libtool: compile:  /usr/bin/clang "-DPACKAGE_NAME=\"Modelica Standard Library Tables\"" -DPACKAGE_TARNAME=\"libmodelicastandardtables\" -DPACKAGE_VERSION=\"3.2.1\" "-DPACKAGE_STRING=\"Modelica Standard Library Tables 3.2.1\"" -DPACKAGE_BUGREPORT=\"https://trac.modelica.org/Modelica\" -DPACKAGE_URL=\"https://modelica.org\" -DPACKAGE=\"libmodelicastandardtables\" -DVERSION=\"3.2.1\" -DSTDC_HEADERS=1 -DHAVE_SYS_TYPES_H=1 -DHAVE_SYS_STAT_H=1 -DHAVE_STDLIB_H=1 -DHAVE_STRING_H=1 -DHAVE_MEMORY_H=1 -DHAVE_STRINGS_H=1 -DHAVE_INTTYPES_H=1 -DHAVE_STDINT_H=1 -DHAVE_UNISTD_H=1 -DHAVE_DLFCN_H=1 -DLT_OBJDIR=\".libs/\" -DHAVE_ZLIB_H=1 -I. -I/opt/local/include -DDUMMY_FUNCTION_USERTAB -DHAVE_ZLIB=1 -pipe -Os -arch x86_64 -O0 -g -MT inftrees.lo -MD -MP -MF .deps/inftrees.Tpo -c ../../C-Sources//zlib/inftrees.c -o inftrees.o
:info:build mv -f .deps/inftrees.Tpo .deps/inftrees.Plo
:info:build /bin/sh ./libtool  --tag=CC   --mode=compile /usr/bin/clang -DPACKAGE_NAME=\"Modelica\ Standard\ Library\ Tables\" -DPACKAGE_TARNAME=\"libmodelicastandardtables\" -DPACKAGE_VERSION=\"3.2.1\" -DPACKAGE_STRING=\"Modelica\ Standard\ Library\ Tables\ 3.2.1\" -DPACKAGE_BUGREPORT=\"https://trac.modelica.org/Modelica\" -DPACKAGE_URL=\"https://modelica.org\" -DPACKAGE=\"libmodelicastandardtables\" -DVERSION=\"3.2.1\" -DSTDC_HEADERS=1 -DHAVE_SYS_TYPES_H=1 -DHAVE_SYS_STAT_H=1 -DHAVE_STDLIB_H=1 -DHAVE_STRING_H=1 -DHAVE_MEMORY_H=1 -DHAVE_STRINGS_H=1 -DHAVE_INTTYPES_H=1 -DHAVE_STDINT_H=1 -DHAVE_UNISTD_H=1 -DHAVE_DLFCN_H=1 -DLT_OBJDIR=\".libs/\" -DHAVE_ZLIB_H=1 -I.   -I/opt/local/include -DDUMMY_FUNCTION_USERTAB -DHAVE_ZLIB=1  -pipe -Os -arch x86_64 -O0 -g -MT trees.lo -MD -MP -MF .deps/trees.Tpo -c -o trees.lo `test -f '../../C-Sources//zlib/trees.c' || echo './'`../../C-Sources//zlib/trees.c
:info:build /bin/sh ../../libtool --mode=compile --tag=CC /usr/bin/clang  -DHAVE_CONFIG_H -I. -I../../include   -I/opt/local/include -I../../include -O3 -fomit-frame-pointer -pipe -Os -arch x86_64 -c -o lis_solver_jacobi.lo lis_solver_jacobi.c
:info:build libtool: compile:  /usr/bin/clang -DHAVE_CONFIG_H -I. -I../../include -I/opt/local/include -I../../include -O3 -fomit-frame-pointer -pipe -Os -arch x86_64 -c lis_solver_jacobi.c  -fno-common -DPIC -o .libs/lis_solver_jacobi.o
:info:build /bin/sh ../../libtool --mode=compile --tag=CC /usr/bin/clang  -DHAVE_CONFIG_H -I. -I../../include   -I/opt/local/include -I../../include -O3 -fomit-frame-pointer -pipe -Os -arch x86_64 -c -o lis_solver_minres.lo lis_solver_minres.c
:info:build libtool: compile:  /usr/bin/clang "-DPACKAGE_NAME=\"Modelica Standard Library Tables\"" -DPACKAGE_TARNAME=\"libmodelicastandardtables\" -DPACKAGE_VERSION=\"3.2.1\" "-DPACKAGE_STRING=\"Modelica Standard Library Tables 3.2.1\"" -DPACKAGE_BUGREPORT=\"https://trac.modelica.org/Modelica\" -DPACKAGE_URL=\"https://modelica.org\" -DPACKAGE=\"libmodelicastandardtables\" -DVERSION=\"3.2.1\" -DSTDC_HEADERS=1 -DHAVE_SYS_TYPES_H=1 -DHAVE_SYS_STAT_H=1 -DHAVE_STDLIB_H=1 -DHAVE_STRING_H=1 -DHAVE_MEMORY_H=1 -DHAVE_STRINGS_H=1 -DHAVE_INTTYPES_H=1 -DHAVE_STDINT_H=1 -DHAVE_UNISTD_H=1 -DHAVE_DLFCN_H=1 -DLT_OBJDIR=\".libs/\" -DHAVE_ZLIB_H=1 -I. -I/opt/local/include -DDUMMY_FUNCTION_USERTAB -DHAVE_ZLIB=1 -pipe -Os -arch x86_64 -O0 -g -MT trees.lo -MD -MP -MF .deps/trees.Tpo -c ../../C-Sources//zlib/trees.c -o trees.o
:info:build libtool: compile:  /usr/bin/clang -DHAVE_CONFIG_H -I. -I../../include -I/opt/local/include -I../../include -O3 -fomit-frame-pointer -pipe -Os -arch x86_64 -c lis_solver_minres.c  -fno-common -DPIC -o .libs/lis_solver_minres.o
:info:build mv -f .deps/trees.Tpo .deps/trees.Plo
:info:build /bin/sh ./libtool  --tag=CC   --mode=compile /usr/bin/clang -DPACKAGE_NAME=\"Modelica\ Standard\ Library\ Tables\" -DPACKAGE_TARNAME=\"libmodelicastandardtables\" -DPACKAGE_VERSION=\"3.2.1\" -DPACKAGE_STRING=\"Modelica\ Standard\ Library\ Tables\ 3.2.1\" -DPACKAGE_BUGREPORT=\"https://trac.modelica.org/Modelica\" -DPACKAGE_URL=\"https://modelica.org\" -DPACKAGE=\"libmodelicastandardtables\" -DVERSION=\"3.2.1\" -DSTDC_HEADERS=1 -DHAVE_SYS_TYPES_H=1 -DHAVE_SYS_STAT_H=1 -DHAVE_STDLIB_H=1 -DHAVE_STRING_H=1 -DHAVE_MEMORY_H=1 -DHAVE_STRINGS_H=1 -DHAVE_INTTYPES_H=1 -DHAVE_STDINT_H=1 -DHAVE_UNISTD_H=1 -DHAVE_DLFCN_H=1 -DLT_OBJDIR=\".libs/\" -DHAVE_ZLIB_H=1 -I.   -I/opt/local/include -DDUMMY_FUNCTION_USERTAB -DHAVE_ZLIB=1  -pipe -Os -arch x86_64 -O0 -g -MT uncompr.lo -MD -MP -MF .deps/uncompr.Tpo -c -o uncompr.lo `test -f '../../C-Sources//zlib/uncompr.c' || echo './'`../../C-Sources//zlib/uncompr.c
:info:build /bin/sh ../../libtool --mode=compile --tag=CC /usr/bin/clang  -DHAVE_CONFIG_H -I. -I../../include   -I/opt/local/include -I../../include -O3 -fomit-frame-pointer -pipe -Os -arch x86_64 -c -o lis_solver_orthomin.lo lis_solver_orthomin.c
:info:build libtool: compile:  /usr/bin/clang -DHAVE_CONFIG_H -I. -I../../include -I/opt/local/include -I../../include -O3 -fomit-frame-pointer -pipe -Os -arch x86_64 -c lis_solver_orthomin.c  -fno-common -DPIC -o .libs/lis_solver_orthomin.o
:info:build /bin/sh ../../libtool --mode=compile --tag=CC /usr/bin/clang  -DHAVE_CONFIG_H -I. -I../../include   -I/opt/local/include -I../../include -O3 -fomit-frame-pointer -pipe -Os -arch x86_64 -c -o lis_solver_qmr.lo lis_solver_qmr.c
:info:build libtool: compile:  /usr/bin/clang "-DPACKAGE_NAME=\"Modelica Standard Library Tables\"" -DPACKAGE_TARNAME=\"libmodelicastandardtables\" -DPACKAGE_VERSION=\"3.2.1\" "-DPACKAGE_STRING=\"Modelica Standard Library Tables 3.2.1\"" -DPACKAGE_BUGREPORT=\"https://trac.modelica.org/Modelica\" -DPACKAGE_URL=\"https://modelica.org\" -DPACKAGE=\"libmodelicastandardtables\" -DVERSION=\"3.2.1\" -DSTDC_HEADERS=1 -DHAVE_SYS_TYPES_H=1 -DHAVE_SYS_STAT_H=1 -DHAVE_STDLIB_H=1 -DHAVE_STRING_H=1 -DHAVE_MEMORY_H=1 -DHAVE_STRINGS_H=1 -DHAVE_INTTYPES_H=1 -DHAVE_STDINT_H=1 -DHAVE_UNISTD_H=1 -DHAVE_DLFCN_H=1 -DLT_OBJDIR=\".libs/\" -DHAVE_ZLIB_H=1 -I. -I/opt/local/include -DDUMMY_FUNCTION_USERTAB -DHAVE_ZLIB=1 -pipe -Os -arch x86_64 -O0 -g -MT uncompr.lo -MD -MP -MF .deps/uncompr.Tpo -c ../../C-Sources//zlib/uncompr.c -o uncompr.o
:info:build libtool: compile:  /usr/bin/clang -DHAVE_CONFIG_H -I. -I../../include -I/opt/local/include -I../../include -O3 -fomit-frame-pointer -pipe -Os -arch x86_64 -c lis_solver_qmr.c  -fno-common -DPIC -o .libs/lis_solver_qmr.o
:info:build mv -f .deps/uncompr.Tpo .deps/uncompr.Plo
:info:build /bin/sh ./libtool  --tag=CC   --mode=compile /usr/bin/clang -DPACKAGE_NAME=\"Modelica\ Standard\ Library\ Tables\" -DPACKAGE_TARNAME=\"libmodelicastandardtables\" -DPACKAGE_VERSION=\"3.2.1\" -DPACKAGE_STRING=\"Modelica\ Standard\ Library\ Tables\ 3.2.1\" -DPACKAGE_BUGREPORT=\"https://trac.modelica.org/Modelica\" -DPACKAGE_URL=\"https://modelica.org\" -DPACKAGE=\"libmodelicastandardtables\" -DVERSION=\"3.2.1\" -DSTDC_HEADERS=1 -DHAVE_SYS_TYPES_H=1 -DHAVE_SYS_STAT_H=1 -DHAVE_STDLIB_H=1 -DHAVE_STRING_H=1 -DHAVE_MEMORY_H=1 -DHAVE_STRINGS_H=1 -DHAVE_INTTYPES_H=1 -DHAVE_STDINT_H=1 -DHAVE_UNISTD_H=1 -DHAVE_DLFCN_H=1 -DLT_OBJDIR=\".libs/\" -DHAVE_ZLIB_H=1 -I.   -I/opt/local/include -DDUMMY_FUNCTION_USERTAB -DHAVE_ZLIB=1  -pipe -Os -arch x86_64 -O0 -g -MT zutil.lo -MD -MP -MF .deps/zutil.Tpo -c -o zutil.lo `test -f '../../C-Sources//zlib/zutil.c' || echo './'`../../C-Sources//zlib/zutil.c
:info:build /bin/sh ../../libtool --mode=compile --tag=CC /usr/bin/clang  -DHAVE_CONFIG_H -I. -I../../include   -I/opt/local/include -I../../include -O3 -fomit-frame-pointer -pipe -Os -arch x86_64 -c -o lis_solver_sor.lo lis_solver_sor.c
:info:build /usr/bin/clang++ -c -pipe -O2  -Xarch_x86_64 -mmacosx-version-min=10.8 -w -fPIC -DQT_NO_DEBUG -DQT_GUI_LIB -DQT_CORE_LIB -DQT_SHARED -I/opt/local/share/qt4/mkspecs/macx-g++ -I. -I../generatedfiles/moc -I/opt/local/Library/Frameworks/QtCore.framework/Versions/4/Headers -I/opt/local/Library/Frameworks/QtGui.framework/Versions/4/Headers -I/opt/local/include/qwt -I. -I/opt/local/Library/Frameworks/QtGui.framework/Versions/4/Headers -I/opt/local/Library/Frameworks/QtCore.framework/Versions/4/Headers -I/opt/local/include -o PlotApplication.o PlotApplication.cpp
:info:build libtool: compile:  /usr/bin/clang -DHAVE_CONFIG_H -I. -I../../include -I/opt/local/include -I../../include -O3 -fomit-frame-pointer -pipe -Os -arch x86_64 -c lis_solver_sor.c  -fno-common -DPIC -o .libs/lis_solver_sor.o
:info:build /bin/sh ../../libtool --tag=CC   --mode=link /usr/bin/clang -I../../include -O3 -fomit-frame-pointer -pipe -Os -arch x86_64  -Wl,-install_name,@rpath/liblis.dylib -o libsolver.la  lis_solver.lo lis_solver_bicg.lo lis_solver_bicgsafe.lo lis_solver_bicgstab.lo lis_solver_bicgstabl.lo lis_solver_cg.lo lis_solver_cgs.lo lis_solver_gmres.lo lis_solver_gpbicg.lo lis_solver_gs.lo lis_solver_idrs.lo lis_solver_jacobi.lo lis_solver_minres.lo lis_solver_orthomin.lo lis_solver_qmr.lo lis_solver_sor.lo  -lm 
:info:build libtool: compile:  /usr/bin/clang "-DPACKAGE_NAME=\"Modelica Standard Library Tables\"" -DPACKAGE_TARNAME=\"libmodelicastandardtables\" -DPACKAGE_VERSION=\"3.2.1\" "-DPACKAGE_STRING=\"Modelica Standard Library Tables 3.2.1\"" -DPACKAGE_BUGREPORT=\"https://trac.modelica.org/Modelica\" -DPACKAGE_URL=\"https://modelica.org\" -DPACKAGE=\"libmodelicastandardtables\" -DVERSION=\"3.2.1\" -DSTDC_HEADERS=1 -DHAVE_SYS_TYPES_H=1 -DHAVE_SYS_STAT_H=1 -DHAVE_STDLIB_H=1 -DHAVE_STRING_H=1 -DHAVE_MEMORY_H=1 -DHAVE_STRINGS_H=1 -DHAVE_INTTYPES_H=1 -DHAVE_STDINT_H=1 -DHAVE_UNISTD_H=1 -DHAVE_DLFCN_H=1 -DLT_OBJDIR=\".libs/\" -DHAVE_ZLIB_H=1 -I. -I/opt/local/include -DDUMMY_FUNCTION_USERTAB -DHAVE_ZLIB=1 -pipe -Os -arch x86_64 -O0 -g -MT zutil.lo -MD -MP -MF .deps/zutil.Tpo -c ../../C-Sources//zlib/zutil.c -o zutil.o
:info:build mv -f .deps/zutil.Tpo .deps/zutil.Plo
:info:build /bin/sh ./libtool  --tag=CC   --mode=link /usr/bin/clang  -pipe -Os -arch x86_64 -O0 -g   -o libModelicaExternalC.la -rpath /opt/local/var/macports/build/_opt_local_var_macports_sources_build.openmodelica.org_macports_lang_openmodelica-devel/openmodelica-devel/work/openmodelica_18121/build/lib/omc ModelicaInternal.lo ModelicaStrings.lo  -lz 
:info:build libtool: link: ar cru .libs/libModelicaExternalC.a  ModelicaInternal.o ModelicaStrings.o
:info:build libtool: link: ar cru .libs/libsolver.a .libs/lis_solver.o .libs/lis_solver_bicg.o .libs/lis_solver_bicgsafe.o .libs/lis_solver_bicgstab.o .libs/lis_solver_bicgstabl.o .libs/lis_solver_cg.o .libs/lis_solver_cgs.o .libs/lis_solver_gmres.o .libs/lis_solver_gpbicg.o .libs/lis_solver_gs.o .libs/lis_solver_idrs.o .libs/lis_solver_jacobi.o .libs/lis_solver_minres.o .libs/lis_solver_orthomin.o .libs/lis_solver_qmr.o .libs/lis_solver_sor.o 
:info:build libtool: link: ranlib .libs/libModelicaExternalC.a
:info:build libtool: link: ranlib .libs/libsolver.a
:info:build libtool: link: ( cd ".libs" && rm -f "libModelicaExternalC.la" && ln -s "../libModelicaExternalC.la" "libModelicaExternalC.la" )
:info:build /bin/sh ./libtool  --tag=CC   --mode=link /usr/bin/clang  -pipe -Os -arch x86_64 -O0 -g   -o libModelicaStandardTables.la -rpath /opt/local/var/macports/build/_opt_local_var_macports_sources_build.openmodelica.org_macports_lang_openmodelica-devel/openmodelica-devel/work/openmodelica_18121/build/lib/omc ModelicaStandardTables.lo ModelicaMatIO.lo adler32.lo compress.lo crc32.lo deflate.lo gzclose.lo gzlib.lo gzread.lo gzwrite.lo infback.lo inffast.lo inflate.lo inftrees.lo trees.lo uncompr.lo zutil.lo  -lz 
:info:build libtool: link: ( cd ".libs" && rm -f "libsolver.la" && ln -s "../libsolver.la" "libsolver.la" )
:info:build make[3]: Leaving directory `/opt/local/var/macports/build/_opt_local_var_macports_sources_build.openmodelica.org_macports_lang_openmodelica-devel/openmodelica-devel/work/openmodelica_18121/3rdParty/lis-1.4.12/src/solver'
:info:build Making all in esolver
:info:build make[3]: Entering directory `/opt/local/var/macports/build/_opt_local_var_macports_sources_build.openmodelica.org_macports_lang_openmodelica-devel/openmodelica-devel/work/openmodelica_18121/3rdParty/lis-1.4.12/src/esolver'
:info:build /bin/sh ../../libtool --mode=compile --tag=CC /usr/bin/clang  -DHAVE_CONFIG_H -I. -I../../include   -I/opt/local/include -I../../include -O3 -fomit-frame-pointer -pipe -Os -arch x86_64 -c -o lis_esolver.lo lis_esolver.c
:info:build libtool: compile:  /usr/bin/clang -DHAVE_CONFIG_H -I. -I../../include -I/opt/local/include -I../../include -O3 -fomit-frame-pointer -pipe -Os -arch x86_64 -c lis_esolver.c  -fno-common -DPIC -o .libs/lis_esolver.o
:info:build libtool: link: ar cru .libs/libModelicaStandardTables.a  ModelicaStandardTables.o ModelicaMatIO.o adler32.o compress.o crc32.o deflate.o gzclose.o gzlib.o gzread.o gzwrite.o infback.o inffast.o inflate.o inftrees.o trees.o uncompr.o zutil.o
:info:build /bin/sh ../../libtool --mode=compile --tag=CC /usr/bin/clang  -DHAVE_CONFIG_H -I. -I../../include   -I/opt/local/include -I../../include -O3 -fomit-frame-pointer -pipe -Os -arch x86_64 -c -o lis_esolver_pi.lo lis_esolver_pi.c
:info:build libtool: link: ranlib .libs/libModelicaStandardTables.a
:info:build libtool: compile:  /usr/bin/clang -DHAVE_CONFIG_H -I. -I../../include -I/opt/local/include -I../../include -O3 -fomit-frame-pointer -pipe -Os -arch x86_64 -c lis_esolver_pi.c  -fno-common -DPIC -o .libs/lis_esolver_pi.o
:info:build libtool: link: ( cd ".libs" && rm -f "libModelicaStandardTables.la" && ln -s "../libModelicaStandardTables.la" "libModelicaStandardTables.la" )
:info:build /bin/sh ../../libtool --mode=compile --tag=CC /usr/bin/clang  -DHAVE_CONFIG_H -I. -I../../include   -I/opt/local/include -I../../include -O3 -fomit-frame-pointer -pipe -Os -arch x86_64 -c -o lis_esolver_ii.lo lis_esolver_ii.c
:info:build make[3]: Leaving directory `/opt/local/var/macports/build/_opt_local_var_macports_sources_build.openmodelica.org_macports_lang_openmodelica-devel/openmodelica-devel/work/openmodelica_18121/libraries/Resources/BuildProjects/autotools'
:info:build /usr/bin/make -C "libraries/Resources//BuildProjects/autotools" install
:info:build make[3]: Entering directory `/opt/local/var/macports/build/_opt_local_var_macports_sources_build.openmodelica.org_macports_lang_openmodelica-devel/openmodelica-devel/work/openmodelica_18121/libraries/Resources/BuildProjects/autotools'
:info:build libtool: compile:  /usr/bin/clang -DHAVE_CONFIG_H -I. -I../../include -I/opt/local/include -I../../include -O3 -fomit-frame-pointer -pipe -Os -arch x86_64 -c lis_esolver_ii.c  -fno-common -DPIC -o .libs/lis_esolver_ii.o
:info:build make[4]: Entering directory `/opt/local/var/macports/build/_opt_local_var_macports_sources_build.openmodelica.org_macports_lang_openmodelica-devel/openmodelica-devel/work/openmodelica_18121/libraries/Resources/BuildProjects/autotools'
:info:build make[4]: Nothing to be done for `install-data-am'.
:info:build  /opt/local/bin/gmkdir -p '/opt/local/var/macports/build/_opt_local_var_macports_sources_build.openmodelica.org_macports_lang_openmodelica-devel/openmodelica-devel/work/openmodelica_18121/build/lib/omc'
:info:build  /bin/sh ./libtool   --mode=install /opt/local/bin/ginstall -c   libModelicaExternalC.la libModelicaStandardTables.la '/opt/local/var/macports/build/_opt_local_var_macports_sources_build.openmodelica.org_macports_lang_openmodelica-devel/openmodelica-devel/work/openmodelica_18121/build/lib/omc'
:info:build lis_esolver_ii.c:167:14: warning: & has lower precedence than ==; == will be evaluated first [-Wparentheses]
:info:build   if( output & A->my_rank==0 ) printf("local shift = %e\n", lshift);
:info:build              ^~~~~~~~~~~~~~~
:info:build lis_esolver_ii.c:167:14: note: place parentheses around the '==' expression to silence this warning
:info:build   if( output & A->my_rank==0 ) printf("local shift = %e\n", lshift);
:info:build              ^
:info:build                (            )
:info:build lis_esolver_ii.c:167:14: note: place parentheses around the & expression to evaluate it first
:info:build   if( output & A->my_rank==0 ) printf("local shift = %e\n", lshift);
:info:build              ^
:info:build       (         )
:info:build lis_esolver_ii.c:181:14: warning: & has lower precedence than ==; == will be evaluated first [-Wparentheses]
:info:build   if( output & A->my_rank==0 ) printf("solver     : %s %d\n", solvername, nsol);
:info:build              ^~~~~~~~~~~~~~~
:info:build lis_esolver_ii.c:181:14: note: place parentheses around the '==' expression to silence this warning
:info:build   if( output & A->my_rank==0 ) printf("solver     : %s %d\n", solvername, nsol);
:info:build              ^
:info:build                (            )
:info:build lis_esolver_ii.c:181:14: note: place parentheses around the & expression to evaluate it first
:info:build   if( output & A->my_rank==0 ) printf("solver     : %s %d\n", solvername, nsol);
:info:build              ^
:info:build       (         )
:info:build lis_esolver_ii.c:182:14: warning: & has lower precedence than ==; == will be evaluated first [-Wparentheses]
:info:build   if( output & A->my_rank==0 ) printf("precon     : %s %d\n", preconname, precon_type);
:info:build              ^~~~~~~~~~~~~~~
:info:build lis_esolver_ii.c:182:14: note: place parentheses around the '==' expression to silence this warning
:info:build   if( output & A->my_rank==0 ) printf("precon     : %s %d\n", preconname, precon_type);
:info:build              ^
:info:build                (            )
:info:build lis_esolver_ii.c:182:14: note: place parentheses around the & expression to evaluate it first
:info:build   if( output & A->my_rank==0 ) printf("precon     : %s %d\n", preconname, precon_type);
:info:build              ^
:info:build       (         )
:info:build libtool: install: /opt/local/bin/ginstall -c .libs/libModelicaExternalC.lai /opt/local/var/macports/build/_opt_local_var_macports_sources_build.openmodelica.org_macports_lang_openmodelica-devel/openmodelica-devel/work/openmodelica_18121/build/lib/omc/libModelicaExternalC.la
:info:build 3 warnings generated.
:info:build libtool: install: /opt/local/bin/ginstall -c .libs/libModelicaStandardTables.lai /opt/local/var/macports/build/_opt_local_var_macports_sources_build.openmodelica.org_macports_lang_openmodelica-devel/openmodelica-devel/work/openmodelica_18121/build/lib/omc/libModelicaStandardTables.la
:info:build /bin/sh ../../libtool --mode=compile --tag=CC /usr/bin/clang  -DHAVE_CONFIG_H -I. -I../../include   -I/opt/local/include -I../../include -O3 -fomit-frame-pointer -pipe -Os -arch x86_64 -c -o lis_esolver_aii.lo lis_esolver_aii.c
:info:build libtool: install: /opt/local/bin/ginstall -c .libs/libModelicaExternalC.a /opt/local/var/macports/build/_opt_local_var_macports_sources_build.openmodelica.org_macports_lang_openmodelica-devel/openmodelica-devel/work/openmodelica_18121/build/lib/omc/libModelicaExternalC.a
:info:build libtool: install: chmod 644 /opt/local/var/macports/build/_opt_local_var_macports_sources_build.openmodelica.org_macports_lang_openmodelica-devel/openmodelica-devel/work/openmodelica_18121/build/lib/omc/libModelicaExternalC.a
:info:build libtool: install: ranlib /opt/local/var/macports/build/_opt_local_var_macports_sources_build.openmodelica.org_macports_lang_openmodelica-devel/openmodelica-devel/work/openmodelica_18121/build/lib/omc/libModelicaExternalC.a
:info:build libtool: compile:  /usr/bin/clang -DHAVE_CONFIG_H -I. -I../../include -I/opt/local/include -I../../include -O3 -fomit-frame-pointer -pipe -Os -arch x86_64 -c lis_esolver_aii.c  -fno-common -DPIC -o .libs/lis_esolver_aii.o
:info:build libtool: install: /opt/local/bin/ginstall -c .libs/libModelicaStandardTables.a /opt/local/var/macports/build/_opt_local_var_macports_sources_build.openmodelica.org_macports_lang_openmodelica-devel/openmodelica-devel/work/openmodelica_18121/build/lib/omc/libModelicaStandardTables.a
:info:build lis_esolver_aii.c:165:14: warning: & has lower precedence than ==; == will be evaluated first [-Wparentheses]
:info:build   if( output & A->my_rank==0 ) printf("local shift = %e\n", lshift);
:info:build              ^~~~~~~~~~~~~~~
:info:build lis_esolver_aii.c:165:14: note: place parentheses around the '==' expression to silence this warning
:info:build   if( output & A->my_rank==0 ) printf("local shift = %e\n", lshift);
:info:build              ^
:info:build                (            )
:info:build lis_esolver_aii.c:165:14: note: place parentheses around the & expression to evaluate it first
:info:build   if( output & A->my_rank==0 ) printf("local shift = %e\n", lshift);
:info:build              ^
:info:build       (         )
:info:build lis_esolver_aii.c:179:14: warning: & has lower precedence than ==; == will be evaluated first [-Wparentheses]
:info:build   if( output & A->my_rank==0 ) printf("solver     : %s %d\n", solvername, nsol);
:info:build              ^~~~~~~~~~~~~~~
:info:build lis_esolver_aii.c:179:14: note: place parentheses around the '==' expression to silence this warning
:info:build   if( output & A->my_rank==0 ) printf("solver     : %s %d\n", solvername, nsol);
:info:build              ^
:info:build                (            )
:info:build lis_esolver_aii.c:179:14: note: place parentheses around the & expression to evaluate it first
:info:build   if( output & A->my_rank==0 ) printf("solver     : %s %d\n", solvername, nsol);
:info:build              ^
:info:build       (         )
:info:build lis_esolver_aii.c:180:14: warning: & has lower precedence than ==; == will be evaluated first [-Wparentheses]
:info:build   if( output & A->my_rank==0 ) printf("precon     : %s %d\n", preconname, precon_type);
:info:build              ^~~~~~~~~~~~~~~
:info:build lis_esolver_aii.c:180:14: note: place parentheses around the '==' expression to silence this warning
:info:build   if( output & A->my_rank==0 ) printf("precon     : %s %d\n", preconname, precon_type);
:info:build              ^
:info:build                (            )
:info:build lis_esolver_aii.c:180:14: note: place parentheses around the & expression to evaluate it first
:info:build   if( output & A->my_rank==0 ) printf("precon     : %s %d\n", preconname, precon_type);
:info:build              ^
:info:build       (         )
:info:build libtool: install: chmod 644 /opt/local/var/macports/build/_opt_local_var_macports_sources_build.openmodelica.org_macports_lang_openmodelica-devel/openmodelica-devel/work/openmodelica_18121/build/lib/omc/libModelicaStandardTables.a
:info:build libtool: install: ranlib /opt/local/var/macports/build/_opt_local_var_macports_sources_build.openmodelica.org_macports_lang_openmodelica-devel/openmodelica-devel/work/openmodelica_18121/build/lib/omc/libModelicaStandardTables.a
:info:build 3 warnings generated.
:info:build /bin/sh ../../libtool --mode=compile --tag=CC /usr/bin/clang  -DHAVE_CONFIG_H -I. -I../../include   -I/opt/local/include -I../../include -O3 -fomit-frame-pointer -pipe -Os -arch x86_64 -c -o lis_esolver_li.lo lis_esolver_li.c
:info:build libtool: compile:  /usr/bin/clang -DHAVE_CONFIG_H -I. -I../../include -I/opt/local/include -I../../include -O3 -fomit-frame-pointer -pipe -Os -arch x86_64 -c lis_esolver_li.c  -fno-common -DPIC -o .libs/lis_esolver_li.o
:info:build make[4]: Leaving directory `/opt/local/var/macports/build/_opt_local_var_macports_sources_build.openmodelica.org_macports_lang_openmodelica-devel/openmodelica-devel/work/openmodelica_18121/libraries/Resources/BuildProjects/autotools'
:info:build make[3]: Leaving directory `/opt/local/var/macports/build/_opt_local_var_macports_sources_build.openmodelica.org_macports_lang_openmodelica-devel/openmodelica-devel/work/openmodelica_18121/libraries/Resources/BuildProjects/autotools'
:info:build touch libraries/msl-external-libs
:info:build make[2]: Leaving directory `/opt/local/var/macports/build/_opt_local_var_macports_sources_build.openmodelica.org_macports_lang_openmodelica-devel/openmodelica-devel/work/openmodelica_18121'
:info:build make[1]: *** [bootstrap-from-tarball] Error 2
:info:build make[1]: Leaving directory `/opt/local/var/macports/build/_opt_local_var_macports_sources_build.openmodelica.org_macports_lang_openmodelica-devel/openmodelica-devel/work/openmodelica_18121'
:info:build make: *** [omc-bootstrapped] Error 2
:info:build make: *** Waiting for unfinished jobs....
:info:build /usr/bin/clang++ -c -pipe -O2  -Xarch_x86_64 -mmacosx-version-min=10.8 -w -fPIC -DQT_NO_DEBUG -DQT_GUI_LIB -DQT_CORE_LIB -DQT_SHARED -I/opt/local/share/qt4/mkspecs/macx-g++ -I. -I../generatedfiles/moc -I/opt/local/Library/Frameworks/QtCore.framework/Versions/4/Headers -I/opt/local/Library/Frameworks/QtGui.framework/Versions/4/Headers -I/opt/local/include/qwt -I. -I/opt/local/Library/Frameworks/QtGui.framework/Versions/4/Headers -I/opt/local/Library/Frameworks/QtCore.framework/Versions/4/Headers -I/opt/local/include -o PlotWindowContainer.o PlotWindowContainer.cpp
:info:build /bin/sh ../../libtool --mode=compile --tag=CC /usr/bin/clang  -DHAVE_CONFIG_H -I. -I../../include   -I/opt/local/include -I../../include -O3 -fomit-frame-pointer -pipe -Os -arch x86_64 -c -o lis_esolver_cg.lo lis_esolver_cg.c
:info:build libtool: compile:  /usr/bin/clang -DHAVE_CONFIG_H -I. -I../../include -I/opt/local/include -I../../include -O3 -fomit-frame-pointer -pipe -Os -arch x86_64 -c lis_esolver_cg.c  -fno-common -DPIC -o .libs/lis_esolver_cg.o
:info:build /bin/sh ../../libtool --mode=compile --tag=CC /usr/bin/clang  -DHAVE_CONFIG_H -I. -I../../include   -I/opt/local/include -I../../include -O3 -fomit-frame-pointer -pipe -Os -arch x86_64 -c -o lis_esolver_si.lo lis_esolver_si.c
:info:build libtool: compile:  /usr/bin/clang -DHAVE_CONFIG_H -I. -I../../include -I/opt/local/include -I../../include -O3 -fomit-frame-pointer -pipe -Os -arch x86_64 -c lis_esolver_si.c  -fno-common -DPIC -o .libs/lis_esolver_si.o
:info:build /bin/sh ../../libtool --mode=compile --tag=CC /usr/bin/clang  -DHAVE_CONFIG_H -I. -I../../include   -I/opt/local/include -I../../include -O3 -fomit-frame-pointer -pipe -Os -arch x86_64 -c -o lis_esolver_rqi.lo lis_esolver_rqi.c
:info:build libtool: compile:  /usr/bin/clang -DHAVE_CONFIG_H -I. -I../../include -I/opt/local/include -I../../include -O3 -fomit-frame-pointer -pipe -Os -arch x86_64 -c lis_esolver_rqi.c  -fno-common -DPIC -o .libs/lis_esolver_rqi.o
:info:build lis_esolver_rqi.c:168:14: warning: & has lower precedence than ==; == will be evaluated first [-Wparentheses]
:info:build   if( output & A->my_rank==0 ) printf("local shift = %e\n", lshift);
:info:build              ^~~~~~~~~~~~~~~
:info:build lis_esolver_rqi.c:168:14: note: place parentheses around the '==' expression to silence this warning
:info:build   if( output & A->my_rank==0 ) printf("local shift = %e\n", lshift);
:info:build              ^
:info:build                (            )
:info:build lis_esolver_rqi.c:168:14: note: place parentheses around the & expression to evaluate it first
:info:build   if( output & A->my_rank==0 ) printf("local shift = %e\n", lshift);
:info:build              ^
:info:build       (         )
:info:build lis_esolver_rqi.c:182:14: warning: & has lower precedence than ==; == will be evaluated first [-Wparentheses]
:info:build   if( output & A->my_rank==0 ) printf("solver     : %s %d\n", solvername, nsol);
:info:build              ^~~~~~~~~~~~~~~
:info:build lis_esolver_rqi.c:182:14: note: place parentheses around the '==' expression to silence this warning
:info:build   if( output & A->my_rank==0 ) printf("solver     : %s %d\n", solvername, nsol);
:info:build              ^
:info:build                (            )
:info:build lis_esolver_rqi.c:182:14: note: place parentheses around the & expression to evaluate it first
:info:build   if( output & A->my_rank==0 ) printf("solver     : %s %d\n", solvername, nsol);
:info:build              ^
:info:build       (         )
:info:build lis_esolver_rqi.c:183:14: warning: & has lower precedence than ==; == will be evaluated first [-Wparentheses]
:info:build   if( output & A->my_rank==0 ) printf("precon     : %s %d\n", preconname, precon_type);
:info:build              ^~~~~~~~~~~~~~~
:info:build lis_esolver_rqi.c:183:14: note: place parentheses around the '==' expression to silence this warning
:info:build   if( output & A->my_rank==0 ) printf("precon     : %s %d\n", preconname, precon_type);
:info:build              ^
:info:build                (            )
:info:build lis_esolver_rqi.c:183:14: note: place parentheses around the & expression to evaluate it first
:info:build   if( output & A->my_rank==0 ) printf("precon     : %s %d\n", preconname, precon_type);
:info:build              ^
:info:build       (         )
:info:build 3 warnings generated.
:info:build /bin/sh ../../libtool --tag=CC   --mode=link /usr/bin/clang -I../../include -O3 -fomit-frame-pointer -pipe -Os -arch x86_64  -Wl,-install_name,@rpath/liblis.dylib -o libesolver.la  lis_esolver.lo lis_esolver_pi.lo lis_esolver_ii.lo lis_esolver_aii.lo lis_esolver_li.lo lis_esolver_cg.lo lis_esolver_si.lo lis_esolver_rqi.lo  -lm 
:info:build /usr/bin/clang++ -c -pipe -O2  -Xarch_x86_64 -mmacosx-version-min=10.8 -w -fPIC -DQT_NO_DEBUG -DQT_GUI_LIB -DQT_CORE_LIB -DQT_SHARED -I/opt/local/share/qt4/mkspecs/macx-g++ -I. -I../generatedfiles/moc -I/opt/local/Library/Frameworks/QtCore.framework/Versions/4/Headers -I/opt/local/Library/Frameworks/QtGui.framework/Versions/4/Headers -I/opt/local/include/qwt -I. -I/opt/local/Library/Frameworks/QtGui.framework/Versions/4/Headers -I/opt/local/Library/Frameworks/QtCore.framework/Versions/4/Headers -I/opt/local/include -o PlotMainWindow.o PlotMainWindow.cpp
:info:build libtool: link: ar cru .libs/libesolver.a .libs/lis_esolver.o .libs/lis_esolver_pi.o .libs/lis_esolver_ii.o .libs/lis_esolver_aii.o .libs/lis_esolver_li.o .libs/lis_esolver_cg.o .libs/lis_esolver_si.o .libs/lis_esolver_rqi.o 
:info:build libtool: link: ranlib .libs/libesolver.a
:info:build libtool: link: ( cd ".libs" && rm -f "libesolver.la" && ln -s "../libesolver.la" "libesolver.la" )
:info:build make[3]: Leaving directory `/opt/local/var/macports/build/_opt_local_var_macports_sources_build.openmodelica.org_macports_lang_openmodelica-devel/openmodelica-devel/work/openmodelica_18121/3rdParty/lis-1.4.12/src/esolver'
:info:build Making all in system
:info:build make[3]: Entering directory `/opt/local/var/macports/build/_opt_local_var_macports_sources_build.openmodelica.org_macports_lang_openmodelica-devel/openmodelica-devel/work/openmodelica_18121/3rdParty/lis-1.4.12/src/system'
:info:build /bin/sh ../../libtool --mode=compile --tag=CC /usr/bin/clang  -DHAVE_CONFIG_H -I. -I../../include   -I/opt/local/include -I../../include -O3 -fomit-frame-pointer -pipe -Os -arch x86_64 -c -o lis_error.lo lis_error.c
:info:build libtool: compile:  /usr/bin/clang -DHAVE_CONFIG_H -I. -I../../include -I/opt/local/include -I../../include -O3 -fomit-frame-pointer -pipe -Os -arch x86_64 -c lis_error.c  -fno-common -DPIC -o .libs/lis_error.o
:info:build /bin/sh ../../libtool --mode=compile --tag=CC /usr/bin/clang  -DHAVE_CONFIG_H -I. -I../../include   -I/opt/local/include -I../../include -O3 -fomit-frame-pointer -pipe -Os -arch x86_64 -c -o lis_hash.lo lis_hash.c
:info:build libtool: compile:  /usr/bin/clang -DHAVE_CONFIG_H -I. -I../../include -I/opt/local/include -I../../include -O3 -fomit-frame-pointer -pipe -Os -arch x86_64 -c lis_hash.c  -fno-common -DPIC -o .libs/lis_hash.o
:info:build /bin/sh ../../libtool --mode=compile --tag=CC /usr/bin/clang  -DHAVE_CONFIG_H -I. -I../../include   -I/opt/local/include -I../../include -O3 -fomit-frame-pointer -pipe -Os -arch x86_64 -c -o lis_init.lo lis_init.c
:info:build /bin/sh ../../libtool --mode=compile --tag=CC /usr/bin/clang  -DHAVE_CONFIG_H -I. -I../../include   -I/opt/local/include -I../../include -O3 -fomit-frame-pointer -pipe -Os -arch x86_64 -c -o lis_input.lo lis_input.c
:info:build libtool: compile:  /usr/bin/clang -DHAVE_CONFIG_H -I. -I../../include -I/opt/local/include -I../../include -O3 -fomit-frame-pointer -pipe -Os -arch x86_64 -c lis_init.c  -fno-common -DPIC -o .libs/lis_init.o
:info:build libtool: compile:  /usr/bin/clang -DHAVE_CONFIG_H -I. -I../../include -I/opt/local/include -I../../include -O3 -fomit-frame-pointer -pipe -Os -arch x86_64 -c lis_input.c  -fno-common -DPIC -o .libs/lis_input.o
:info:build /opt/local/bin/moc -DQT_NO_DEBUG -DQT_GUI_LIB -DQT_CORE_LIB -DQT_SHARED -I/opt/local/share/qt4/mkspecs/macx-g++ -I. -I../generatedfiles/moc -I/opt/local/Library/Frameworks/QtCore.framework/Versions/4/Headers -I/opt/local/Library/Frameworks/QtGui.framework/Versions/4/Headers -I/opt/local/include/qwt -I. -I/opt/local/Library/Frameworks/QtGui.framework/Versions/4/Headers -I/opt/local/Library/Frameworks/QtCore.framework/Versions/4/Headers -I/opt/local/include -D__APPLE__ -D__GNUC__ Plot.h -o ../generatedfiles/moc/moc_Plot.cpp
:info:build /bin/sh ../../libtool --mode=compile --tag=CC /usr/bin/clang  -DHAVE_CONFIG_H -I. -I../../include   -I/opt/local/include -I../../include -O3 -fomit-frame-pointer -pipe -Os -arch x86_64 -c -o lis_input_hb.lo lis_input_hb.c
:info:build libtool: compile:  /usr/bin/clang -DHAVE_CONFIG_H -I. -I../../include -I/opt/local/include -I../../include -O3 -fomit-frame-pointer -pipe -Os -arch x86_64 -c lis_input_hb.c  -fno-common -DPIC -o .libs/lis_input_hb.o
:info:build /bin/sh ../../libtool --mode=compile --tag=CC /usr/bin/clang  -DHAVE_CONFIG_H -I. -I../../include   -I/opt/local/include -I../../include -O3 -fomit-frame-pointer -pipe -Os -arch x86_64 -c -o lis_input_mm.lo lis_input_mm.c
:info:build /opt/local/bin/moc -DQT_NO_DEBUG -DQT_GUI_LIB -DQT_CORE_LIB -DQT_SHARED -I/opt/local/share/qt4/mkspecs/macx-g++ -I. -I../generatedfiles/moc -I/opt/local/Library/Frameworks/QtCore.framework/Versions/4/Headers -I/opt/local/Library/Frameworks/QtGui.framework/Versions/4/Headers -I/opt/local/include/qwt -I. -I/opt/local/Library/Frameworks/QtGui.framework/Versions/4/Headers -I/opt/local/Library/Frameworks/QtCore.framework/Versions/4/Headers -I/opt/local/include -D__APPLE__ -D__GNUC__ PlotZoomer.h -o ../generatedfiles/moc/moc_PlotZoomer.cpp
:info:build libtool: compile:  /usr/bin/clang -DHAVE_CONFIG_H -I. -I../../include -I/opt/local/include -I../../include -O3 -fomit-frame-pointer -pipe -Os -arch x86_64 -c lis_input_mm.c  -fno-common -DPIC -o .libs/lis_input_mm.o
:info:build /bin/sh ../../libtool --mode=compile --tag=CC /usr/bin/clang  -DHAVE_CONFIG_H -I. -I../../include   -I/opt/local/include -I../../include -O3 -fomit-frame-pointer -pipe -Os -arch x86_64 -c -o lis_memory.lo lis_memory.c
:info:build libtool: compile:  /usr/bin/clang -DHAVE_CONFIG_H -I. -I../../include -I/opt/local/include -I../../include -O3 -fomit-frame-pointer -pipe -Os -arch x86_64 -c lis_memory.c  -fno-common -DPIC -o .libs/lis_memory.o
:info:build /bin/sh ../../libtool --mode=compile --tag=CC /usr/bin/clang  -DHAVE_CONFIG_H -I. -I../../include   -I/opt/local/include -I../../include -O3 -fomit-frame-pointer -pipe -Os -arch x86_64 -c -o lis_output.lo lis_output.c
:info:build /opt/local/bin/moc -DQT_NO_DEBUG -DQT_GUI_LIB -DQT_CORE_LIB -DQT_SHARED -I/opt/local/share/qt4/mkspecs/macx-g++ -I. -I../generatedfiles/moc -I/opt/local/Library/Frameworks/QtCore.framework/Versions/4/Headers -I/opt/local/Library/Frameworks/QtGui.framework/Versions/4/Headers -I/opt/local/include/qwt -I. -I/opt/local/Library/Frameworks/QtGui.framework/Versions/4/Headers -I/opt/local/Library/Frameworks/QtCore.framework/Versions/4/Headers -I/opt/local/include -D__APPLE__ -D__GNUC__ Legend.h -o ../generatedfiles/moc/moc_Legend.cpp
:info:build libtool: compile:  /usr/bin/clang -DHAVE_CONFIG_H -I. -I../../include -I/opt/local/include -I../../include -O3 -fomit-frame-pointer -pipe -Os -arch x86_64 -c lis_output.c  -fno-common -DPIC -o .libs/lis_output.o
:info:build /bin/sh ../../libtool --mode=compile --tag=CC /usr/bin/clang  -DHAVE_CONFIG_H -I. -I../../include   -I/opt/local/include -I../../include -O3 -fomit-frame-pointer -pipe -Os -arch x86_64 -c -o lis_output_mm.lo lis_output_mm.c
:info:build libtool: compile:  /usr/bin/clang -DHAVE_CONFIG_H -I. -I../../include -I/opt/local/include -I../../include -O3 -fomit-frame-pointer -pipe -Os -arch x86_64 -c lis_output_mm.c  -fno-common -DPIC -o .libs/lis_output_mm.o
:info:build /bin/sh ../../libtool --mode=compile --tag=CC /usr/bin/clang  -DHAVE_CONFIG_H -I. -I../../include   -I/opt/local/include -I../../include -O3 -fomit-frame-pointer -pipe -Os -arch x86_64 -c -o lis_sort.lo lis_sort.c
:info:build /bin/sh ../../libtool --mode=compile --tag=CC /usr/bin/clang  -DHAVE_CONFIG_H -I. -I../../include   -I/opt/local/include -I../../include -O3 -fomit-frame-pointer -pipe -Os -arch x86_64 -c -o lis_times.lo lis_times.c
:info:build /opt/local/bin/moc -DQT_NO_DEBUG -DQT_GUI_LIB -DQT_CORE_LIB -DQT_SHARED -I/opt/local/share/qt4/mkspecs/macx-g++ -I. -I../generatedfiles/moc -I/opt/local/Library/Frameworks/QtCore.framework/Versions/4/Headers -I/opt/local/Library/Frameworks/QtGui.framework/Versions/4/Headers -I/opt/local/include/qwt -I. -I/opt/local/Library/Frameworks/QtGui.framework/Versions/4/Headers -I/opt/local/Library/Frameworks/QtCore.framework/Versions/4/Headers -I/opt/local/include -D__APPLE__ -D__GNUC__ PlotPanner.h -o ../generatedfiles/moc/moc_PlotPanner.cpp
:info:build libtool: compile:  /usr/bin/clang -DHAVE_CONFIG_H -I. -I../../include -I/opt/local/include -I../../include -O3 -fomit-frame-pointer -pipe -Os -arch x86_64 -c lis_sort.c  -fno-common -DPIC -o .libs/lis_sort.o
:info:build libtool: compile:  /usr/bin/clang -DHAVE_CONFIG_H -I. -I../../include -I/opt/local/include -I../../include -O3 -fomit-frame-pointer -pipe -Os -arch x86_64 -c lis_times.c  -fno-common -DPIC -o .libs/lis_times.o
:info:build /opt/local/bin/moc -DQT_NO_DEBUG -DQT_GUI_LIB -DQT_CORE_LIB -DQT_SHARED -I/opt/local/share/qt4/mkspecs/macx-g++ -I. -I../generatedfiles/moc -I/opt/local/Library/Frameworks/QtCore.framework/Versions/4/Headers -I/opt/local/Library/Frameworks/QtGui.framework/Versions/4/Headers -I/opt/local/include/qwt -I. -I/opt/local/Library/Frameworks/QtGui.framework/Versions/4/Headers -I/opt/local/Library/Frameworks/QtCore.framework/Versions/4/Headers -I/opt/local/include -D__APPLE__ -D__GNUC__ PlotWindow.h -o ../generatedfiles/moc/moc_PlotWindow.cpp
:info:build /bin/sh ../../libtool --mode=compile --tag=CC /usr/bin/clang  -DHAVE_CONFIG_H -I. -I../../include   -I/opt/local/include -I../../include -O3 -fomit-frame-pointer -pipe -Os -arch x86_64 -c -o mt19937ar.lo mt19937ar.c
:info:build libtool: compile:  /usr/bin/clang -DHAVE_CONFIG_H -I. -I../../include -I/opt/local/include -I../../include -O3 -fomit-frame-pointer -pipe -Os -arch x86_64 -c mt19937ar.c  -fno-common -DPIC -o .libs/mt19937ar.o
:info:build /bin/sh ../../libtool --tag=CC   --mode=link /usr/bin/clang -I../../include -O3 -fomit-frame-pointer -pipe -Os -arch x86_64  -Wl,-install_name,@rpath/liblis.dylib -o libsystem.la  lis_error.lo lis_hash.lo lis_init.lo lis_input.lo lis_input_hb.lo lis_input_mm.lo lis_memory.lo lis_output.lo lis_output_mm.lo lis_sort.lo lis_times.lo mt19937ar.lo  -lm 
:info:build /opt/local/bin/moc -DQT_NO_DEBUG -DQT_GUI_LIB -DQT_CORE_LIB -DQT_SHARED -I/opt/local/share/qt4/mkspecs/macx-g++ -I. -I../generatedfiles/moc -I/opt/local/Library/Frameworks/QtCore.framework/Versions/4/Headers -I/opt/local/Library/Frameworks/QtGui.framework/Versions/4/Headers -I/opt/local/include/qwt -I. -I/opt/local/Library/Frameworks/QtGui.framework/Versions/4/Headers -I/opt/local/Library/Frameworks/QtCore.framework/Versions/4/Headers -I/opt/local/include -D__APPLE__ -D__GNUC__ PlotApplication.h -o ../generatedfiles/moc/moc_PlotApplication.cpp
:info:build /opt/local/bin/moc -DQT_NO_DEBUG -DQT_GUI_LIB -DQT_CORE_LIB -DQT_SHARED -I/opt/local/share/qt4/mkspecs/macx-g++ -I. -I../generatedfiles/moc -I/opt/local/Library/Frameworks/QtCore.framework/Versions/4/Headers -I/opt/local/Library/Frameworks/QtGui.framework/Versions/4/Headers -I/opt/local/include/qwt -I. -I/opt/local/Library/Frameworks/QtGui.framework/Versions/4/Headers -I/opt/local/Library/Frameworks/QtCore.framework/Versions/4/Headers -I/opt/local/include -D__APPLE__ -D__GNUC__ PlotWindowContainer.h -o ../generatedfiles/moc/moc_PlotWindowContainer.cpp
:info:build /opt/local/bin/moc -DQT_NO_DEBUG -DQT_GUI_LIB -DQT_CORE_LIB -DQT_SHARED -I/opt/local/share/qt4/mkspecs/macx-g++ -I. -I../generatedfiles/moc -I/opt/local/Library/Frameworks/QtCore.framework/Versions/4/Headers -I/opt/local/Library/Frameworks/QtGui.framework/Versions/4/Headers -I/opt/local/include/qwt -I. -I/opt/local/Library/Frameworks/QtGui.framework/Versions/4/Headers -I/opt/local/Library/Frameworks/QtCore.framework/Versions/4/Headers -I/opt/local/include -D__APPLE__ -D__GNUC__ PlotMainWindow.h -o ../generatedfiles/moc/moc_PlotMainWindow.cpp
:info:build /opt/local/bin/rcc -name resource_omplot resource_omplot.qrc -o ../generatedfiles/rcc/qrc_resource_omplot.cpp
:info:build /usr/bin/clang++ -c -pipe -O2  -Xarch_x86_64 -mmacosx-version-min=10.8 -w -fPIC -DQT_NO_DEBUG -DQT_GUI_LIB -DQT_CORE_LIB -DQT_SHARED -I/opt/local/share/qt4/mkspecs/macx-g++ -I. -I../generatedfiles/moc -I/opt/local/Library/Frameworks/QtCore.framework/Versions/4/Headers -I/opt/local/Library/Frameworks/QtGui.framework/Versions/4/Headers -I/opt/local/include/qwt -I. -I/opt/local/Library/Frameworks/QtGui.framework/Versions/4/Headers -I/opt/local/Library/Frameworks/QtCore.framework/Versions/4/Headers -I/opt/local/include -o moc_Plot.o ../generatedfiles/moc/moc_Plot.cpp
:info:build libtool: link: ar cru .libs/libsystem.a .libs/lis_error.o .libs/lis_hash.o .libs/lis_init.o .libs/lis_input.o .libs/lis_input_hb.o .libs/lis_input_mm.o .libs/lis_memory.o .libs/lis_output.o .libs/lis_output_mm.o .libs/lis_sort.o .libs/lis_times.o .libs/mt19937ar.o 
:info:build libtool: link: ranlib .libs/libsystem.a
:info:build /usr/bin/clang++ -c -pipe -O2  -Xarch_x86_64 -mmacosx-version-min=10.8 -w -fPIC -DQT_NO_DEBUG -DQT_GUI_LIB -DQT_CORE_LIB -DQT_SHARED -I/opt/local/share/qt4/mkspecs/macx-g++ -I. -I../generatedfiles/moc -I/opt/local/Library/Frameworks/QtCore.framework/Versions/4/Headers -I/opt/local/Library/Frameworks/QtGui.framework/Versions/4/Headers -I/opt/local/include/qwt -I. -I/opt/local/Library/Frameworks/QtGui.framework/Versions/4/Headers -I/opt/local/Library/Frameworks/QtCore.framework/Versions/4/Headers -I/opt/local/include -o moc_PlotZoomer.o ../generatedfiles/moc/moc_PlotZoomer.cpp
:info:build /usr/bin/clang++ -c -pipe -O2  -Xarch_x86_64 -mmacosx-version-min=10.8 -w -fPIC -DQT_NO_DEBUG -DQT_GUI_LIB -DQT_CORE_LIB -DQT_SHARED -I/opt/local/share/qt4/mkspecs/macx-g++ -I. -I../generatedfiles/moc -I/opt/local/Library/Frameworks/QtCore.framework/Versions/4/Headers -I/opt/local/Library/Frameworks/QtGui.framework/Versions/4/Headers -I/opt/local/include/qwt -I. -I/opt/local/Library/Frameworks/QtGui.framework/Versions/4/Headers -I/opt/local/Library/Frameworks/QtCore.framework/Versions/4/Headers -I/opt/local/include -o moc_Legend.o ../generatedfiles/moc/moc_Legend.cpp
:info:build libtool: link: ( cd ".libs" && rm -f "libsystem.la" && ln -s "../libsystem.la" "libsystem.la" )
:info:build make[3]: Leaving directory `/opt/local/var/macports/build/_opt_local_var_macports_sources_build.openmodelica.org_macports_lang_openmodelica-devel/openmodelica-devel/work/openmodelica_18121/3rdParty/lis-1.4.12/src/system'
:info:build Making all in precision
:info:build make[3]: Entering directory `/opt/local/var/macports/build/_opt_local_var_macports_sources_build.openmodelica.org_macports_lang_openmodelica-devel/openmodelica-devel/work/openmodelica_18121/3rdParty/lis-1.4.12/src/precision'
:info:build /bin/sh ../../libtool --mode=compile --tag=CC /usr/bin/clang  -DHAVE_CONFIG_H -I. -I../../include   -I/opt/local/include -I../../include  -O3 -fomit-frame-pointer -pipe -Os -arch x86_64 -c -o lis_precision.lo lis_precision.c
:info:build libtool: compile:  /usr/bin/clang -DHAVE_CONFIG_H -I. -I../../include -I/opt/local/include -I../../include -O3 -fomit-frame-pointer -pipe -Os -arch x86_64 -c lis_precision.c  -fno-common -DPIC -o .libs/lis_precision.o
:info:build /bin/sh ../../libtool --mode=compile --tag=CC /usr/bin/clang  -DHAVE_CONFIG_H -I. -I../../include   -I/opt/local/include -I../../include  -O3 -fomit-frame-pointer -pipe -Os -arch x86_64 -c -o lis_precision_vec.lo lis_precision_vec.c
:info:build libtool: compile:  /usr/bin/clang -DHAVE_CONFIG_H -I. -I../../include -I/opt/local/include -I../../include -O3 -fomit-frame-pointer -pipe -Os -arch x86_64 -c lis_precision_vec.c  -fno-common -DPIC -o .libs/lis_precision_vec.o
:info:build /bin/sh ../../libtool --mode=compile --tag=CC /usr/bin/clang  -DHAVE_CONFIG_H -I. -I../../include   -I/opt/local/include -I../../include  -O3 -fomit-frame-pointer -pipe -Os -arch x86_64 -c -o lis_precision_matvec.lo lis_precision_matvec.c
:info:build libtool: compile:  /usr/bin/clang -DHAVE_CONFIG_H -I. -I../../include -I/opt/local/include -I../../include -O3 -fomit-frame-pointer -pipe -Os -arch x86_64 -c lis_precision_matvec.c  -fno-common -DPIC -o .libs/lis_precision_matvec.o
:info:build /bin/sh ../../libtool --tag=CC   --mode=link /usr/bin/clang -I../../include  -O3 -fomit-frame-pointer -pipe -Os -arch x86_64  -Wl,-install_name,@rpath/liblis.dylib -o libprecision.la  lis_precision.lo lis_precision_vec.lo lis_precision_matvec.lo  -lm 
:info:build libtool: link: ar cru .libs/libprecision.a .libs/lis_precision.o .libs/lis_precision_vec.o .libs/lis_precision_matvec.o 
:info:build /opt/local/bin/ranlib: file: .libs/libprecision.a(lis_precision.o) has no symbols
:info:build /opt/local/bin/ranlib: file: .libs/libprecision.a(lis_precision_vec.o) has no symbols
:info:build /opt/local/bin/ranlib: file: .libs/libprecision.a(lis_precision_matvec.o) has no symbols
:info:build libtool: link: ranlib .libs/libprecision.a
:info:build ranlib: file: .libs/libprecision.a(lis_precision.o) has no symbols
:info:build ranlib: file: .libs/libprecision.a(lis_precision_vec.o) has no symbols
:info:build ranlib: file: .libs/libprecision.a(lis_precision_matvec.o) has no symbols
:info:build ranlib: warning for library: .libs/libprecision.a the table of contents is empty (no object file members in the library define global symbols)
:info:build libtool: link: ( cd ".libs" && rm -f "libprecision.la" && ln -s "../libprecision.la" "libprecision.la" )
:info:build make[3]: Leaving directory `/opt/local/var/macports/build/_opt_local_var_macports_sources_build.openmodelica.org_macports_lang_openmodelica-devel/openmodelica-devel/work/openmodelica_18121/3rdParty/lis-1.4.12/src/precision'
:info:build make[3]: Entering directory `/opt/local/var/macports/build/_opt_local_var_macports_sources_build.openmodelica.org_macports_lang_openmodelica-devel/openmodelica-devel/work/openmodelica_18121/3rdParty/lis-1.4.12/src'
:info:build /bin/sh ../libtool --tag=CC   --mode=link /usr/bin/clang  -O3 -fomit-frame-pointer -pipe -Os -arch x86_64  -Wl,-install_name,@rpath/liblis.dylib -o liblis.la -rpath /usr/local/lib  matrix/libmatrix.la vector/libvector.la matvec/libmatvec.la precon/libprecon.la solver/libsolver.la esolver/libesolver.la system/libsystem.la precision/libprecision.la   -lm 
:info:build libtool: link: (cd .libs/liblis.lax/libmatrix.a && ar x "/opt/local/var/macports/build/_opt_local_var_macports_sources_build.openmodelica.org_macports_lang_openmodelica-devel/openmodelica-devel/work/openmodelica_18121/3rdParty/lis-1.4.12/src/matrix/.libs/libmatrix.a")
:info:build /usr/bin/clang++ -c -pipe -O2  -Xarch_x86_64 -mmacosx-version-min=10.8 -w -fPIC -DQT_NO_DEBUG -DQT_GUI_LIB -DQT_CORE_LIB -DQT_SHARED -I/opt/local/share/qt4/mkspecs/macx-g++ -I. -I../generatedfiles/moc -I/opt/local/Library/Frameworks/QtCore.framework/Versions/4/Headers -I/opt/local/Library/Frameworks/QtGui.framework/Versions/4/Headers -I/opt/local/include/qwt -I. -I/opt/local/Library/Frameworks/QtGui.framework/Versions/4/Headers -I/opt/local/Library/Frameworks/QtCore.framework/Versions/4/Headers -I/opt/local/include -o moc_PlotPanner.o ../generatedfiles/moc/moc_PlotPanner.cpp
:info:build libtool: link: (cd .libs/liblis.lax/libvector.a && ar x "/opt/local/var/macports/build/_opt_local_var_macports_sources_build.openmodelica.org_macports_lang_openmodelica-devel/openmodelica-devel/work/openmodelica_18121/3rdParty/lis-1.4.12/src/vector/.libs/libvector.a")
:info:build libtool: link: (cd .libs/liblis.lax/libmatvec.a && ar x "/opt/local/var/macports/build/_opt_local_var_macports_sources_build.openmodelica.org_macports_lang_openmodelica-devel/openmodelica-devel/work/openmodelica_18121/3rdParty/lis-1.4.12/src/matvec/.libs/libmatvec.a")
:info:build /usr/bin/clang++ -c -pipe -O2  -Xarch_x86_64 -mmacosx-version-min=10.8 -w -fPIC -DQT_NO_DEBUG -DQT_GUI_LIB -DQT_CORE_LIB -DQT_SHARED -I/opt/local/share/qt4/mkspecs/macx-g++ -I. -I../generatedfiles/moc -I/opt/local/Library/Frameworks/QtCore.framework/Versions/4/Headers -I/opt/local/Library/Frameworks/QtGui.framework/Versions/4/Headers -I/opt/local/include/qwt -I. -I/opt/local/Library/Frameworks/QtGui.framework/Versions/4/Headers -I/opt/local/Library/Frameworks/QtCore.framework/Versions/4/Headers -I/opt/local/include -o moc_PlotWindow.o ../generatedfiles/moc/moc_PlotWindow.cpp
:info:build libtool: link: (cd .libs/liblis.lax/libprecon.a && ar x "/opt/local/var/macports/build/_opt_local_var_macports_sources_build.openmodelica.org_macports_lang_openmodelica-devel/openmodelica-devel/work/openmodelica_18121/3rdParty/lis-1.4.12/src/precon/.libs/libprecon.a")
:info:build /usr/bin/clang++ -c -pipe -O2  -Xarch_x86_64 -mmacosx-version-min=10.8 -w -fPIC -DQT_NO_DEBUG -DQT_GUI_LIB -DQT_CORE_LIB -DQT_SHARED -I/opt/local/share/qt4/mkspecs/macx-g++ -I. -I../generatedfiles/moc -I/opt/local/Library/Frameworks/QtCore.framework/Versions/4/Headers -I/opt/local/Library/Frameworks/QtGui.framework/Versions/4/Headers -I/opt/local/include/qwt -I. -I/opt/local/Library/Frameworks/QtGui.framework/Versions/4/Headers -I/opt/local/Library/Frameworks/QtCore.framework/Versions/4/Headers -I/opt/local/include -o moc_PlotApplication.o ../generatedfiles/moc/moc_PlotApplication.cpp
:info:build libtool: link: (cd .libs/liblis.lax/libsolver.a && ar x "/opt/local/var/macports/build/_opt_local_var_macports_sources_build.openmodelica.org_macports_lang_openmodelica-devel/openmodelica-devel/work/openmodelica_18121/3rdParty/lis-1.4.12/src/solver/.libs/libsolver.a")
:info:build libtool: link: (cd .libs/liblis.lax/libesolver.a && ar x "/opt/local/var/macports/build/_opt_local_var_macports_sources_build.openmodelica.org_macports_lang_openmodelica-devel/openmodelica-devel/work/openmodelica_18121/3rdParty/lis-1.4.12/src/esolver/.libs/libesolver.a")
:info:build libtool: link: (cd .libs/liblis.lax/libsystem.a && ar x "/opt/local/var/macports/build/_opt_local_var_macports_sources_build.openmodelica.org_macports_lang_openmodelica-devel/openmodelica-devel/work/openmodelica_18121/3rdParty/lis-1.4.12/src/system/.libs/libsystem.a")
:info:build libtool: link: (cd .libs/liblis.lax/libprecision.a && ar x "/opt/local/var/macports/build/_opt_local_var_macports_sources_build.openmodelica.org_macports_lang_openmodelica-devel/openmodelica-devel/work/openmodelica_18121/3rdParty/lis-1.4.12/src/precision/.libs/libprecision.a")
:info:build libtool: link: /usr/bin/clang -dynamiclib -Wl,-undefined -Wl,dynamic_lookup -o .libs/liblis.0.dylib   .libs/liblis.lax/libmatrix.a/lis_matrix.o .libs/liblis.lax/libmatrix.a/lis_matrix_bsc.o .libs/liblis.lax/libmatrix.a/lis_matrix_bsr.o .libs/liblis.lax/libmatrix.a/lis_matrix_coo.o .libs/liblis.lax/libmatrix.a/lis_matrix_csc.o .libs/liblis.lax/libmatrix.a/lis_matrix_csr.o .libs/liblis.lax/libmatrix.a/lis_matrix_dia.o .libs/liblis.lax/libmatrix.a/lis_matrix_diag.o .libs/liblis.lax/libmatrix.a/lis_matrix_dns.o .libs/liblis.lax/libmatrix.a/lis_matrix_ell.o .libs/liblis.lax/libmatrix.a/lis_matrix_ilu.o .libs/liblis.lax/libmatrix.a/lis_matrix_jad.o .libs/liblis.lax/libmatrix.a/lis_matrix_mpi.o .libs/liblis.lax/libmatrix.a/lis_matrix_msr.o .libs/liblis.lax/libmatrix.a/lis_matrix_ops.o .libs/liblis.lax/libmatrix.a/lis_matrix_rco.o .libs/liblis.lax/libmatrix.a/lis_matrix_vbr.o  .libs/liblis.lax/libvector.a/lis_vector.o .libs/liblis.lax/libvector.a/lis_vector_ops.o .libs/liblis.lax/libvector.a/lis_vector_opv.o  .libs/liblis.lax/libmatvec.a/lis_matvec.o .libs/liblis.lax/libmatvec.a/lis_matvec_bsc.o .libs/liblis.lax/libmatvec.a/lis_matvec_bsr.o .libs/liblis.lax/libmatvec.a/lis_matvec_coo.o .libs/liblis.lax/libmatvec.a/lis_matvec_csc.o .libs/liblis.lax/libmatvec.a/lis_matvec_csr.o .libs/liblis.lax/libmatvec.a/lis_matvec_dia.o .libs/liblis.lax/libmatvec.a/lis_matvec_dns.o .libs/liblis.lax/libmatvec.a/lis_matvec_ell.o .libs/liblis.lax/libmatvec.a/lis_matvec_jad.o .libs/liblis.lax/libmatvec.a/lis_matvec_msr.o .libs/liblis.lax/libmatvec.a/lis_matvec_vbr.o  .libs/liblis.lax/libprecon.a/lis_precon.o .libs/liblis.lax/libprecon.a/lis_precon_ads.o .libs/liblis.lax/libprecon.a/lis_precon_hybrid.o .libs/liblis.lax/libprecon.a/lis_precon_iluc.o .libs/liblis.lax/libprecon.a/lis_precon_iluk.o .libs/liblis.lax/libprecon.a/lis_precon_ilut.o .libs/liblis.lax/libprecon.a/lis_precon_is.o .libs/liblis.lax/libprecon.a/lis_precon_jacobi.o .libs/liblis.lax/libprecon.a/lis_precon_saamg.o .libs/liblis.lax/libprecon.a/lis_precon_sainv.o .libs/liblis.lax/libprecon.a/lis_precon_ssor.o  .libs/liblis.lax/libsolver.a/lis_solver.o .libs/liblis.lax/libsolver.a/lis_solver_bicg.o .libs/liblis.lax/libsolver.a/lis_solver_bicgsafe.o .libs/liblis.lax/libsolver.a/lis_solver_bicgstab.o .libs/liblis.lax/libsolver.a/lis_solver_bicgstabl.o .libs/liblis.lax/libsolver.a/lis_solver_cg.o .libs/liblis.lax/libsolver.a/lis_solver_cgs.o .libs/liblis.lax/libsolver.a/lis_solver_gmres.o .libs/liblis.lax/libsolver.a/lis_solver_gpbicg.o .libs/liblis.lax/libsolver.a/lis_solver_gs.o .libs/liblis.lax/libsolver.a/lis_solver_idrs.o .libs/liblis.lax/libsolver.a/lis_solver_jacobi.o .libs/liblis.lax/libsolver.a/lis_solver_minres.o .libs/liblis.lax/libsolver.a/lis_solver_orthomin.o .libs/liblis.lax/libsolver.a/lis_solver_qmr.o .libs/liblis.lax/libsolver.a/lis_solver_sor.o  .libs/liblis.lax/libesolver.a/lis_esolver.o .libs/liblis.lax/libesolver.a/lis_esolver_aii.o .libs/liblis.lax/libesolver.a/lis_esolver_cg.o .libs/liblis.lax/libesolver.a/lis_esolver_ii.o .libs/liblis.lax/libesolver.a/lis_esolver_li.o .libs/liblis.lax/libesolver.a/lis_esolver_pi.o .libs/liblis.lax/libesolver.a/lis_esolver_rqi.o .libs/liblis.lax/libesolver.a/lis_esolver_si.o  .libs/liblis.lax/libsystem.a/lis_error.o .libs/liblis.lax/libsystem.a/lis_hash.o .libs/liblis.lax/libsystem.a/lis_init.o .libs/liblis.lax/libsystem.a/lis_input.o .libs/liblis.lax/libsystem.a/lis_input_hb.o .libs/liblis.lax/libsystem.a/lis_input_mm.o .libs/liblis.lax/libsystem.a/lis_memory.o .libs/liblis.lax/libsystem.a/lis_output.o .libs/liblis.lax/libsystem.a/lis_output_mm.o .libs/liblis.lax/libsystem.a/lis_sort.o .libs/liblis.lax/libsystem.a/lis_times.o .libs/liblis.lax/libsystem.a/mt19937ar.o  .libs/liblis.lax/libprecision.a/lis_precision.o .libs/liblis.lax/libprecision.a/lis_precision_matvec.o .libs/liblis.lax/libprecision.a/lis_precision_vec.o   -lm  -arch x86_64 -Wl,-install_name -Wl,@rpath/liblis.dylib   -install_name  /usr/local/lib/liblis.0.dylib -compatibility_version 1 -current_version 1.0 -Wl,-single_module
:info:build libtool: link: dsymutil .libs/liblis.0.dylib || :
:info:build warning: no debug symbols in executable (-arch x86_64)
:info:build libtool: link: (cd ".libs" && rm -f "liblis.dylib" && ln -s "liblis.0.dylib" "liblis.dylib")
:info:build libtool: link: rm -fr .libs/liblis.lax
:info:build libtool: link: ( cd ".libs" && rm -f "liblis.la" && ln -s "../liblis.la" "liblis.la" )
:info:build make[3]: Leaving directory `/opt/local/var/macports/build/_opt_local_var_macports_sources_build.openmodelica.org_macports_lang_openmodelica-devel/openmodelica-devel/work/openmodelica_18121/3rdParty/lis-1.4.12/src'
:info:build make[2]: Leaving directory `/opt/local/var/macports/build/_opt_local_var_macports_sources_build.openmodelica.org_macports_lang_openmodelica-devel/openmodelica-devel/work/openmodelica_18121/3rdParty/lis-1.4.12/src'
:info:build Making all in include
:info:build make[2]: Entering directory `/opt/local/var/macports/build/_opt_local_var_macports_sources_build.openmodelica.org_macports_lang_openmodelica-devel/openmodelica-devel/work/openmodelica_18121/3rdParty/lis-1.4.12/include'
:info:build /usr/bin/make  all-am
:info:build make[3]: Entering directory `/opt/local/var/macports/build/_opt_local_var_macports_sources_build.openmodelica.org_macports_lang_openmodelica-devel/openmodelica-devel/work/openmodelica_18121/3rdParty/lis-1.4.12/include'
:info:build make[3]: Nothing to be done for `all-am'.
:info:build make[3]: Leaving directory `/opt/local/var/macports/build/_opt_local_var_macports_sources_build.openmodelica.org_macports_lang_openmodelica-devel/openmodelica-devel/work/openmodelica_18121/3rdParty/lis-1.4.12/include'
:info:build make[2]: Leaving directory `/opt/local/var/macports/build/_opt_local_var_macports_sources_build.openmodelica.org_macports_lang_openmodelica-devel/openmodelica-devel/work/openmodelica_18121/3rdParty/lis-1.4.12/include'
:info:build Making all in test
:info:build make[2]: Entering directory `/opt/local/var/macports/build/_opt_local_var_macports_sources_build.openmodelica.org_macports_lang_openmodelica-devel/openmodelica-devel/work/openmodelica_18121/3rdParty/lis-1.4.12/test'
:info:build /usr/bin/clang  -DHAVE_CONFIG_H -I. -I../include  -I.. -I../include -I/opt/local/include  -O3 -fomit-frame-pointer -pipe -Os -arch x86_64 -c test1.c
:info:build /usr/bin/clang  -DHAVE_CONFIG_H -I. -I../include  -I.. -I../include -I/opt/local/include  -O3 -fomit-frame-pointer -pipe -Os -arch x86_64 -c etest5.c
:info:build /usr/bin/clang  -DHAVE_CONFIG_H -I. -I../include  -I.. -I../include -I/opt/local/include  -O3 -fomit-frame-pointer -pipe -Os -arch x86_64 -c spmvtest1.c
:info:build /usr/bin/clang  -DHAVE_CONFIG_H -I. -I../include  -I.. -I../include -I/opt/local/include  -O3 -fomit-frame-pointer -pipe -Os -arch x86_64 -c spmvtest2.c
:info:build /usr/bin/clang++ -c -pipe -O2  -Xarch_x86_64 -mmacosx-version-min=10.8 -w -fPIC -DQT_NO_DEBUG -DQT_GUI_LIB -DQT_CORE_LIB -DQT_SHARED -I/opt/local/share/qt4/mkspecs/macx-g++ -I. -I../generatedfiles/moc -I/opt/local/Library/Frameworks/QtCore.framework/Versions/4/Headers -I/opt/local/Library/Frameworks/QtGui.framework/Versions/4/Headers -I/opt/local/include/qwt -I. -I/opt/local/Library/Frameworks/QtGui.framework/Versions/4/Headers -I/opt/local/Library/Frameworks/QtCore.framework/Versions/4/Headers -I/opt/local/include -o moc_PlotWindowContainer.o ../generatedfiles/moc/moc_PlotWindowContainer.cpp
:info:build /usr/bin/clang  -DHAVE_CONFIG_H -I. -I../include  -I.. -I../include -I/opt/local/include  -O3 -fomit-frame-pointer -pipe -Os -arch x86_64 -c spmvtest3.c
:info:build /usr/bin/clang  -DHAVE_CONFIG_H -I. -I../include  -I.. -I../include -I/opt/local/include  -O3 -fomit-frame-pointer -pipe -Os -arch x86_64 -c spmvtest4.c
:info:build /usr/bin/clang  -DHAVE_CONFIG_H -I. -I../include  -I.. -I../include -I/opt/local/include  -O3 -fomit-frame-pointer -pipe -Os -arch x86_64 -c spmvtest5.c
:info:build /bin/sh ../libtool --mode=link /usr/bin/clang  -Wl,-install_name,@rpath/liblis.dylib -o test1 -lm  test1.o -L../src -llis -lm 
:info:build libtool: link: /usr/bin/clang -Wl,-install_name -Wl,@rpath/liblis.dylib -o .libs/test1 test1.o  -L/opt/local/var/macports/build/_opt_local_var_macports_sources_build.openmodelica.org_macports_lang_openmodelica-devel/openmodelica-devel/work/openmodelica_18121/3rdParty/lis-1.4.12/src /opt/local/var/macports/build/_opt_local_var_macports_sources_build.openmodelica.org_macports_lang_openmodelica-devel/openmodelica-devel/work/openmodelica_18121/3rdParty/lis-1.4.12/src/.libs/liblis.dylib -lm
:info:build /usr/bin/clang  -DHAVE_CONFIG_H -I. -I../include  -I.. -I../include -I/opt/local/include  -O3 -fomit-frame-pointer -pipe -Os -arch x86_64 -c test2.c
:info:build /usr/bin/clang  -DHAVE_CONFIG_H -I. -I../include  -I.. -I../include -I/opt/local/include  -O3 -fomit-frame-pointer -pipe -Os -arch x86_64 -c test3.c
:info:build /usr/bin/clang  -DHAVE_CONFIG_H -I. -I../include  -I.. -I../include -I/opt/local/include  -O3 -fomit-frame-pointer -pipe -Os -arch x86_64 -c test4.c
:info:build /usr/bin/clang  -DHAVE_CONFIG_H -I. -I../include  -I.. -I../include -I/opt/local/include  -O3 -fomit-frame-pointer -pipe -Os -arch x86_64 -c test5.c
:info:build /usr/bin/clang  -DHAVE_CONFIG_H -I. -I../include  -I.. -I../include -I/opt/local/include  -O3 -fomit-frame-pointer -pipe -Os -arch x86_64 -c test6.c
:info:build /usr/bin/clang  -DHAVE_CONFIG_H -I. -I../include  -I.. -I../include -I/opt/local/include  -O3 -fomit-frame-pointer -pipe -Os -arch x86_64 -c etest1.c
:info:build /usr/bin/clang++ -c -pipe -O2  -Xarch_x86_64 -mmacosx-version-min=10.8 -w -fPIC -DQT_NO_DEBUG -DQT_GUI_LIB -DQT_CORE_LIB -DQT_SHARED -I/opt/local/share/qt4/mkspecs/macx-g++ -I. -I../generatedfiles/moc -I/opt/local/Library/Frameworks/QtCore.framework/Versions/4/Headers -I/opt/local/Library/Frameworks/QtGui.framework/Versions/4/Headers -I/opt/local/include/qwt -I. -I/opt/local/Library/Frameworks/QtGui.framework/Versions/4/Headers -I/opt/local/Library/Frameworks/QtCore.framework/Versions/4/Headers -I/opt/local/include -o moc_PlotMainWindow.o ../generatedfiles/moc/moc_PlotMainWindow.cpp
:info:build /usr/bin/clang  -DHAVE_CONFIG_H -I. -I../include  -I.. -I../include -I/opt/local/include  -O3 -fomit-frame-pointer -pipe -Os -arch x86_64 -c etest2.c
:info:build /usr/bin/clang  -DHAVE_CONFIG_H -I. -I../include  -I.. -I../include -I/opt/local/include  -O3 -fomit-frame-pointer -pipe -Os -arch x86_64 -c etest3.c
:info:build /usr/bin/clang  -DHAVE_CONFIG_H -I. -I../include  -I.. -I../include -I/opt/local/include  -O3 -fomit-frame-pointer -pipe -Os -arch x86_64 -c etest4.c
:info:build /usr/bin/clang++ -c -pipe -O2  -Xarch_x86_64 -mmacosx-version-min=10.8 -w -fPIC -DQT_NO_DEBUG -DQT_GUI_LIB -DQT_CORE_LIB -DQT_SHARED -I/opt/local/share/qt4/mkspecs/macx-g++ -I. -I../generatedfiles/moc -I/opt/local/Library/Frameworks/QtCore.framework/Versions/4/Headers -I/opt/local/Library/Frameworks/QtGui.framework/Versions/4/Headers -I/opt/local/include/qwt -I. -I/opt/local/Library/Frameworks/QtGui.framework/Versions/4/Headers -I/opt/local/Library/Frameworks/QtCore.framework/Versions/4/Headers -I/opt/local/include -o qrc_resource_omplot.o ../generatedfiles/rcc/qrc_resource_omplot.cpp
:info:build /bin/sh ../libtool --mode=link /usr/bin/clang  -Wl,-install_name,@rpath/liblis.dylib -o etest5 -lm  etest5.o -L../src -llis -lm 
:info:build /usr/bin/clang  -DHAVE_CONFIG_H -I. -I../include  -I.. -I../include -I/opt/local/include  -O3 -fomit-frame-pointer -pipe -Os -arch x86_64 -c etest6.c
:info:build /bin/sh ../libtool --mode=link /usr/bin/clang  -Wl,-install_name,@rpath/liblis.dylib -o lsolve -lm  test1.o -L../src -llis -lm 
:info:build libtool: link: /usr/bin/clang -Wl,-install_name -Wl,@rpath/liblis.dylib -o .libs/etest5 etest5.o  -L/opt/local/var/macports/build/_opt_local_var_macports_sources_build.openmodelica.org_macports_lang_openmodelica-devel/openmodelica-devel/work/openmodelica_18121/3rdParty/lis-1.4.12/src /opt/local/var/macports/build/_opt_local_var_macports_sources_build.openmodelica.org_macports_lang_openmodelica-devel/openmodelica-devel/work/openmodelica_18121/3rdParty/lis-1.4.12/src/.libs/liblis.dylib -lm
:info:build /bin/sh ../libtool --mode=link /usr/bin/clang  -Wl,-install_name,@rpath/liblis.dylib -o esolve -lm  etest5.o -L../src -llis -lm 
:info:build libtool: link: /usr/bin/clang -Wl,-install_name -Wl,@rpath/liblis.dylib -o .libs/lsolve test1.o  -L/opt/local/var/macports/build/_opt_local_var_macports_sources_build.openmodelica.org_macports_lang_openmodelica-devel/openmodelica-devel/work/openmodelica_18121/3rdParty/lis-1.4.12/src /opt/local/var/macports/build/_opt_local_var_macports_sources_build.openmodelica.org_macports_lang_openmodelica-devel/openmodelica-devel/work/openmodelica_18121/3rdParty/lis-1.4.12/src/.libs/liblis.dylib -lm
:info:build /bin/sh ../libtool --mode=link /usr/bin/clang  -Wl,-install_name,@rpath/liblis.dylib -o spmvtest1 -lm  spmvtest1.o -L../src -llis -lm 
:info:build libtool: link: /usr/bin/clang -Wl,-install_name -Wl,@rpath/liblis.dylib -o .libs/esolve etest5.o  -L/opt/local/var/macports/build/_opt_local_var_macports_sources_build.openmodelica.org_macports_lang_openmodelica-devel/openmodelica-devel/work/openmodelica_18121/3rdParty/lis-1.4.12/src /opt/local/var/macports/build/_opt_local_var_macports_sources_build.openmodelica.org_macports_lang_openmodelica-devel/openmodelica-devel/work/openmodelica_18121/3rdParty/lis-1.4.12/src/.libs/liblis.dylib -lm
:info:build /bin/sh ../libtool --mode=link /usr/bin/clang  -Wl,-install_name,@rpath/liblis.dylib -o spmvtest2 -lm  spmvtest2.o -L../src -llis -lm 
:info:build /bin/sh ../libtool --mode=link /usr/bin/clang  -Wl,-install_name,@rpath/liblis.dylib -o spmvtest3 -lm  spmvtest3.o -L../src -llis -lm 
:info:build libtool: link: /usr/bin/clang -Wl,-install_name -Wl,@rpath/liblis.dylib -o .libs/spmvtest1 spmvtest1.o  -L/opt/local/var/macports/build/_opt_local_var_macports_sources_build.openmodelica.org_macports_lang_openmodelica-devel/openmodelica-devel/work/openmodelica_18121/3rdParty/lis-1.4.12/src /opt/local/var/macports/build/_opt_local_var_macports_sources_build.openmodelica.org_macports_lang_openmodelica-devel/openmodelica-devel/work/openmodelica_18121/3rdParty/lis-1.4.12/src/.libs/liblis.dylib -lm
:info:build /bin/sh ../libtool --mode=link /usr/bin/clang  -Wl,-install_name,@rpath/liblis.dylib -o spmvtest4 -lm  spmvtest4.o -L../src -llis -lm 
:info:build libtool: link: /usr/bin/clang -Wl,-install_name -Wl,@rpath/liblis.dylib -o .libs/spmvtest2 spmvtest2.o  -L/opt/local/var/macports/build/_opt_local_var_macports_sources_build.openmodelica.org_macports_lang_openmodelica-devel/openmodelica-devel/work/openmodelica_18121/3rdParty/lis-1.4.12/src /opt/local/var/macports/build/_opt_local_var_macports_sources_build.openmodelica.org_macports_lang_openmodelica-devel/openmodelica-devel/work/openmodelica_18121/3rdParty/lis-1.4.12/src/.libs/liblis.dylib -lm
:info:build /bin/sh ../libtool --mode=link /usr/bin/clang  -Wl,-install_name,@rpath/liblis.dylib -o spmvtest5 -lm  spmvtest5.o -L../src -llis -lm 
:info:build libtool: link: /usr/bin/clang -Wl,-install_name -Wl,@rpath/liblis.dylib -o .libs/spmvtest3 spmvtest3.o  -L/opt/local/var/macports/build/_opt_local_var_macports_sources_build.openmodelica.org_macports_lang_openmodelica-devel/openmodelica-devel/work/openmodelica_18121/3rdParty/lis-1.4.12/src /opt/local/var/macports/build/_opt_local_var_macports_sources_build.openmodelica.org_macports_lang_openmodelica-devel/openmodelica-devel/work/openmodelica_18121/3rdParty/lis-1.4.12/src/.libs/liblis.dylib -lm
:info:build /bin/sh ../libtool --mode=link /usr/bin/clang  -Wl,-install_name,@rpath/liblis.dylib -o test2 -lm  test2.o -L../src -llis -lm 
:info:build libtool: link: /usr/bin/clang -Wl,-install_name -Wl,@rpath/liblis.dylib -o .libs/spmvtest4 spmvtest4.o  -L/opt/local/var/macports/build/_opt_local_var_macports_sources_build.openmodelica.org_macports_lang_openmodelica-devel/openmodelica-devel/work/openmodelica_18121/3rdParty/lis-1.4.12/src /opt/local/var/macports/build/_opt_local_var_macports_sources_build.openmodelica.org_macports_lang_openmodelica-devel/openmodelica-devel/work/openmodelica_18121/3rdParty/lis-1.4.12/src/.libs/liblis.dylib -lm
:info:build /bin/sh ../libtool --mode=link /usr/bin/clang  -Wl,-install_name,@rpath/liblis.dylib -o test3 -lm  test3.o -L../src -llis -lm 
:info:build libtool: link: /usr/bin/clang -Wl,-install_name -Wl,@rpath/liblis.dylib -o .libs/spmvtest5 spmvtest5.o  -L/opt/local/var/macports/build/_opt_local_var_macports_sources_build.openmodelica.org_macports_lang_openmodelica-devel/openmodelica-devel/work/openmodelica_18121/3rdParty/lis-1.4.12/src /opt/local/var/macports/build/_opt_local_var_macports_sources_build.openmodelica.org_macports_lang_openmodelica-devel/openmodelica-devel/work/openmodelica_18121/3rdParty/lis-1.4.12/src/.libs/liblis.dylib -lm
:info:build /bin/sh ../libtool --mode=link /usr/bin/clang  -Wl,-install_name,@rpath/liblis.dylib -o test4 -lm  test4.o -L../src -llis -lm 
:info:build libtool: link: /usr/bin/clang -Wl,-install_name -Wl,@rpath/liblis.dylib -o .libs/test2 test2.o  -L/opt/local/var/macports/build/_opt_local_var_macports_sources_build.openmodelica.org_macports_lang_openmodelica-devel/openmodelica-devel/work/openmodelica_18121/3rdParty/lis-1.4.12/src /opt/local/var/macports/build/_opt_local_var_macports_sources_build.openmodelica.org_macports_lang_openmodelica-devel/openmodelica-devel/work/openmodelica_18121/3rdParty/lis-1.4.12/src/.libs/liblis.dylib -lm
:info:build /bin/sh ../libtool --mode=link /usr/bin/clang  -Wl,-install_name,@rpath/liblis.dylib -o test5 -lm  test5.o -L../src -llis -lm 
:info:build libtool: link: /usr/bin/clang -Wl,-install_name -Wl,@rpath/liblis.dylib -o .libs/test3 test3.o  -L/opt/local/var/macports/build/_opt_local_var_macports_sources_build.openmodelica.org_macports_lang_openmodelica-devel/openmodelica-devel/work/openmodelica_18121/3rdParty/lis-1.4.12/src /opt/local/var/macports/build/_opt_local_var_macports_sources_build.openmodelica.org_macports_lang_openmodelica-devel/openmodelica-devel/work/openmodelica_18121/3rdParty/lis-1.4.12/src/.libs/liblis.dylib -lm
:info:build /bin/sh ../libtool --mode=link /usr/bin/clang  -Wl,-install_name,@rpath/liblis.dylib -o test6 -lm  test6.o -L../src -llis -lm 
:info:build libtool: link: /usr/bin/clang -Wl,-install_name -Wl,@rpath/liblis.dylib -o .libs/test4 test4.o  -L/opt/local/var/macports/build/_opt_local_var_macports_sources_build.openmodelica.org_macports_lang_openmodelica-devel/openmodelica-devel/work/openmodelica_18121/3rdParty/lis-1.4.12/src /opt/local/var/macports/build/_opt_local_var_macports_sources_build.openmodelica.org_macports_lang_openmodelica-devel/openmodelica-devel/work/openmodelica_18121/3rdParty/lis-1.4.12/src/.libs/liblis.dylib -lm
:info:build /bin/sh ../libtool --mode=link /usr/bin/clang  -Wl,-install_name,@rpath/liblis.dylib -o etest1 -lm  etest1.o -L../src -llis -lm 
:info:build libtool: link: /usr/bin/clang -Wl,-install_name -Wl,@rpath/liblis.dylib -o .libs/test5 test5.o  -L/opt/local/var/macports/build/_opt_local_var_macports_sources_build.openmodelica.org_macports_lang_openmodelica-devel/openmodelica-devel/work/openmodelica_18121/3rdParty/lis-1.4.12/src /opt/local/var/macports/build/_opt_local_var_macports_sources_build.openmodelica.org_macports_lang_openmodelica-devel/openmodelica-devel/work/openmodelica_18121/3rdParty/lis-1.4.12/src/.libs/liblis.dylib -lm
:info:build rm -f libOMPlot.a
:info:build ar cq libOMPlot.a main.o read_matlab4.o Plot.o PlotZoomer.o Legend.o PlotPanner.o PlotGrid.o PlotCurve.o PlotWindow.o PlotApplication.o PlotWindowContainer.o PlotMainWindow.o moc_Plot.o moc_PlotZoomer.o moc_Legend.o moc_PlotPanner.o moc_PlotWindow.o moc_PlotApplication.o moc_PlotWindowContainer.o moc_PlotMainWindow.o qrc_resource_omplot.o
:info:build ranlib -s libOMPlot.a
:info:build /bin/sh ../libtool --mode=link /usr/bin/clang  -Wl,-install_name,@rpath/liblis.dylib -o etest2 -lm  etest2.o -L../src -llis -lm 
:info:build rm -f ../bin/libOMPlot.a
:info:build mv -f libOMPlot.a ../bin/
:info:build make[2]: Leaving directory `/opt/local/var/macports/build/_opt_local_var_macports_sources_build.openmodelica.org_macports_lang_openmodelica-devel/openmodelica-devel/work/openmodelica_18121/OMPlot/OMPlotGUI'
:info:build /usr/bin/make -f Makefile
:info:build libtool: link: /usr/bin/clang -Wl,-install_name -Wl,@rpath/liblis.dylib -o .libs/test6 test6.o  -L/opt/local/var/macports/build/_opt_local_var_macports_sources_build.openmodelica.org_macports_lang_openmodelica-devel/openmodelica-devel/work/openmodelica_18121/3rdParty/lis-1.4.12/src /opt/local/var/macports/build/_opt_local_var_macports_sources_build.openmodelica.org_macports_lang_openmodelica-devel/openmodelica-devel/work/openmodelica_18121/3rdParty/lis-1.4.12/src/.libs/liblis.dylib -lm
:info:build make[2]: Entering directory `/opt/local/var/macports/build/_opt_local_var_macports_sources_build.openmodelica.org_macports_lang_openmodelica-devel/openmodelica-devel/work/openmodelica_18121/OMPlot/OMPlotGUI'
:info:build /bin/sh ../libtool --mode=link /usr/bin/clang  -Wl,-install_name,@rpath/liblis.dylib -o etest3 -lm  etest3.o -L../src -llis -lm 
:info:build /usr/bin/clang++ -headerpad_max_install_names  -Xarch_x86_64 -mmacosx-version-min=10.8 -o ../bin/OMPlot.app/Contents/MacOS/OMPlot main.o read_matlab4.o Plot.o PlotZoomer.o Legend.o PlotPanner.o PlotGrid.o PlotCurve.o PlotWindow.o PlotApplication.o PlotWindowContainer.o PlotMainWindow.o moc_Plot.o moc_PlotZoomer.o moc_Legend.o moc_PlotPanner.o moc_PlotWindow.o moc_PlotApplication.o moc_PlotWindowContainer.o moc_PlotMainWindow.o qrc_resource_omplot.o   -F/opt/local/Library/Frameworks -F/opt/local/lib  -lqwt -F/opt/local/Library/Frameworks -F/opt/local/lib -L/opt/local/lib -framework QtSvg -framework QtGui -framework QtCore 
:info:build libtool: link: /usr/bin/clang -Wl,-install_name -Wl,@rpath/liblis.dylib -o .libs/etest1 etest1.o  -L/opt/local/var/macports/build/_opt_local_var_macports_sources_build.openmodelica.org_macports_lang_openmodelica-devel/openmodelica-devel/work/openmodelica_18121/3rdParty/lis-1.4.12/src /opt/local/var/macports/build/_opt_local_var_macports_sources_build.openmodelica.org_macports_lang_openmodelica-devel/openmodelica-devel/work/openmodelica_18121/3rdParty/lis-1.4.12/src/.libs/liblis.dylib -lm
:info:build make[2]: Leaving directory `/opt/local/var/macports/build/_opt_local_var_macports_sources_build.openmodelica.org_macports_lang_openmodelica-devel/openmodelica-devel/work/openmodelica_18121/OMPlot/OMPlotGUI'
:info:build cp -p ../bin/OMPlot.app/Contents/MacOS/OMPlot ../bin/OMPlot
:info:build libtool: link: /usr/bin/clang -Wl,-install_name -Wl,@rpath/liblis.dylib -o .libs/etest2 etest2.o  -L/opt/local/var/macports/build/_opt_local_var_macports_sources_build.openmodelica.org_macports_lang_openmodelica-devel/openmodelica-devel/work/openmodelica_18121/3rdParty/lis-1.4.12/src /opt/local/var/macports/build/_opt_local_var_macports_sources_build.openmodelica.org_macports_lang_openmodelica-devel/openmodelica-devel/work/openmodelica_18121/3rdParty/lis-1.4.12/src/.libs/liblis.dylib -lm
:info:build cp -p ../bin/OMPlot ../..//build/bin/
:info:build make[1]: Leaving directory `/opt/local/var/macports/build/_opt_local_var_macports_sources_build.openmodelica.org_macports_lang_openmodelica-devel/openmodelica-devel/work/openmodelica_18121/OMPlot/OMPlotGUI'
:info:build /bin/sh ../libtool --mode=link /usr/bin/clang  -Wl,-install_name,@rpath/liblis.dylib -o etest4 -lm  etest4.o -L../src -llis -lm 
:info:build /bin/sh ../libtool --mode=link /usr/bin/clang  -Wl,-install_name,@rpath/liblis.dylib -o etest6 -lm  etest6.o -L../src -llis -lm 
:info:build libtool: link: /usr/bin/clang -Wl,-install_name -Wl,@rpath/liblis.dylib -o .libs/etest3 etest3.o  -L/opt/local/var/macports/build/_opt_local_var_macports_sources_build.openmodelica.org_macports_lang_openmodelica-devel/openmodelica-devel/work/openmodelica_18121/3rdParty/lis-1.4.12/src /opt/local/var/macports/build/_opt_local_var_macports_sources_build.openmodelica.org_macports_lang_openmodelica-devel/openmodelica-devel/work/openmodelica_18121/3rdParty/lis-1.4.12/src/.libs/liblis.dylib -lm
:info:build libtool: link: /usr/bin/clang -Wl,-install_name -Wl,@rpath/liblis.dylib -o .libs/etest4 etest4.o  -L/opt/local/var/macports/build/_opt_local_var_macports_sources_build.openmodelica.org_macports_lang_openmodelica-devel/openmodelica-devel/work/openmodelica_18121/3rdParty/lis-1.4.12/src /opt/local/var/macports/build/_opt_local_var_macports_sources_build.openmodelica.org_macports_lang_openmodelica-devel/openmodelica-devel/work/openmodelica_18121/3rdParty/lis-1.4.12/src/.libs/liblis.dylib -lm
:info:build libtool: link: /usr/bin/clang -Wl,-install_name -Wl,@rpath/liblis.dylib -o .libs/etest6 etest6.o  -L/opt/local/var/macports/build/_opt_local_var_macports_sources_build.openmodelica.org_macports_lang_openmodelica-devel/openmodelica-devel/work/openmodelica_18121/3rdParty/lis-1.4.12/src /opt/local/var/macports/build/_opt_local_var_macports_sources_build.openmodelica.org_macports_lang_openmodelica-devel/openmodelica-devel/work/openmodelica_18121/3rdParty/lis-1.4.12/src/.libs/liblis.dylib -lm
:info:build make[2]: Leaving directory `/opt/local/var/macports/build/_opt_local_var_macports_sources_build.openmodelica.org_macports_lang_openmodelica-devel/openmodelica-devel/work/openmodelica_18121/3rdParty/lis-1.4.12/test'
:info:build make[2]: Entering directory `/opt/local/var/macports/build/_opt_local_var_macports_sources_build.openmodelica.org_macports_lang_openmodelica-devel/openmodelica-devel/work/openmodelica_18121/3rdParty/lis-1.4.12'
:info:build make[2]: Nothing to be done for `all-am'.
:info:build make[2]: Leaving directory `/opt/local/var/macports/build/_opt_local_var_macports_sources_build.openmodelica.org_macports_lang_openmodelica-devel/openmodelica-devel/work/openmodelica_18121/3rdParty/lis-1.4.12'
:info:build make[1]: Leaving directory `/opt/local/var/macports/build/_opt_local_var_macports_sources_build.openmodelica.org_macports_lang_openmodelica-devel/openmodelica-devel/work/openmodelica_18121/3rdParty/lis-1.4.12'
:info:build # Copy the library; not headers (as they are not used by the runtime system)
:info:build cp -Pp 3rdParty/lis-1.4.12/src/.libs/liblis.dylib* build/lib/omc/
:info:build make: Leaving directory `/opt/local/var/macports/build/_opt_local_var_macports_sources_build.openmodelica.org_macports_lang_openmodelica-devel/openmodelica-devel/work/openmodelica_18121'
:info:build Command failed:  cd "/opt/local/var/macports/build/_opt_local_var_macports_sources_build.openmodelica.org_macports_lang_openmodelica-devel/openmodelica-devel/work/openmodelica_18121" && /usr/bin/make -j4 -w all omlibrary 
:info:build Exit code: 2
:error:build org.macports.build for port openmodelica-devel returned: command execution failed
:debug:build Error code: CHILDSTATUS 96008 2
:debug:build Backtrace: command execution failed
    while executing
"system -nice 0 $fullcmdstring"
    ("eval" body line 1)
    invoked from within
"eval system $notty $nice \$fullcmdstring"
    invoked from within
"command_exec build"
    (procedure "portbuild::build_main" line 8)
    invoked from within
"$procedure $targetname"
:info:build Warning: targets not executed for openmodelica-devel: org.macports.activate org.macports.build org.macports.destroot org.macports.install
:notice:build Please see the log file for port openmodelica-devel for details:
    /opt/local/var/macports/logs/_opt_local_var_macports_sources_build.openmodelica.org_macports_lang_openmodelica-devel/openmodelica-devel/main.log
