version:1
:warn:main The Xcode Command Line Tools don't appear to be installed; most ports will likely fail to build.
:warn:main Install them by running `xcode-select --install'.
:debug:main epoch: in tree: 0 installed: 0
:debug:main gtime 1.7_1 exists in the ports tree
:debug:main gtime 1.7_1  is the latest installed
:debug:main gtime 1.7_1  is active
:debug:main Merging existing variants '' into variants
:debug:main new fully merged portvariants: 
:debug:main Changing to port directory: /opt/local/var/macports/sources/rsync.macports.org/release/tarballs/ports/sysutils/gtime
:debug:main OS darwin/15.6.0 (Mac OS X 10.11) arch i386
:debug:main adding the default universal variant
:debug:main Reading variant descriptions from /opt/local/var/macports/sources/rsync.macports.org/release/tarballs/ports/_resources/port1.0/variant_descriptions.conf
:debug:main Running callback portconfigure::add_automatic_compiler_dependencies
:debug:main Finished running callback portconfigure::add_automatic_compiler_dependencies
:debug:main Running callback portbuild::add_automatic_buildsystem_dependencies
:debug:main Finished running callback portbuild::add_automatic_buildsystem_dependencies
:debug:main No need to upgrade! gtime 1.7_1 >= gtime 1.7_1
:debug:main epoch: in tree: 0 installed: 0
:debug:main gsed 4.2.2_0 exists in the ports tree
:debug:main gsed 4.2.2_0  is the latest installed
:debug:main gsed 4.2.2_0  is active
:debug:main Merging existing variants '' into variants
:debug:main new fully merged portvariants: 
:debug:main Changing to port directory: /opt/local/var/macports/sources/rsync.macports.org/release/tarballs/ports/textproc/gsed
:debug:main OS darwin/15.6.0 (Mac OS X 10.11) arch i386
:debug:main adding the default universal variant
:debug:main Reading variant descriptions from /opt/local/var/macports/sources/rsync.macports.org/release/tarballs/ports/_resources/port1.0/variant_descriptions.conf
:debug:main Running callback portconfigure::add_automatic_compiler_dependencies
:debug:main Finished running callback portconfigure::add_automatic_compiler_dependencies
:debug:main Running callback portbuild::add_automatic_buildsystem_dependencies
:debug:main Finished running callback portbuild::add_automatic_buildsystem_dependencies
:debug:main No need to upgrade! gsed 4.2.2_0 >= gsed 4.2.2_0
:debug:main epoch: in tree: 2 installed: 2
:debug:main gettext 0.19.8.1_0 exists in the ports tree
:debug:main gettext 0.19.8.1_0  is the latest installed
:debug:main gettext 0.19.8.1_0  is active
:debug:main Merging existing variants '' into variants
:debug:main new fully merged portvariants: 
:debug:main Changing to port directory: /opt/local/var/macports/sources/rsync.macports.org/release/tarballs/ports/devel/gettext
:debug:main OS darwin/15.6.0 (Mac OS X 10.11) arch i386
:debug:main Sourcing PortGroup compiler_blacklist_versions 1.0 from /opt/local/var/macports/sources/rsync.macports.org/release/tarballs/ports/_resources/port1.0/group/compiler_blacklist_versions-1.0.tcl
:debug:main Reading variant descriptions from /opt/local/var/macports/sources/rsync.macports.org/release/tarballs/ports/_resources/port1.0/variant_descriptions.conf
:debug:main Sourcing PortGroup muniversal 1.0 from /opt/local/var/macports/sources/rsync.macports.org/release/tarballs/ports/_resources/port1.0/group/muniversal-1.0.tcl
:debug:main compiler clang 800.0.38 not blacklisted because it doesn't match {clang < 211.10.1}
:debug:main universal variant already exists, so not adding the default one
:debug:main Running callback portconfigure::add_automatic_compiler_dependencies
:debug:main Finished running callback portconfigure::add_automatic_compiler_dependencies
:debug:main Running callback portbuild::add_automatic_buildsystem_dependencies
:debug:main Finished running callback portbuild::add_automatic_buildsystem_dependencies
:debug:main No need to upgrade! gettext 0.19.8.1_0 >= gettext 0.19.8.1_0
:debug:main epoch: in tree: 0 installed: 0
:debug:main expat 2.2.0_0 exists in the ports tree
:debug:main expat 2.2.0_0  is the latest installed
:debug:main expat 2.2.0_0  is active
:debug:main Merging existing variants '' into variants
:debug:main new fully merged portvariants: 
:debug:main Changing to port directory: /opt/local/var/macports/sources/rsync.macports.org/release/tarballs/ports/textproc/expat
:debug:main OS darwin/15.6.0 (Mac OS X 10.11) arch i386
:debug:main adding the default universal variant
:debug:main Reading variant descriptions from /opt/local/var/macports/sources/rsync.macports.org/release/tarballs/ports/_resources/port1.0/variant_descriptions.conf
:debug:main Running callback portconfigure::add_automatic_compiler_dependencies
:debug:main Finished running callback portconfigure::add_automatic_compiler_dependencies
:debug:main Running callback portbuild::add_automatic_buildsystem_dependencies
:debug:main Finished running callback portbuild::add_automatic_buildsystem_dependencies
:debug:main No need to upgrade! expat 2.2.0_0 >= expat 2.2.0_0
:debug:main epoch: in tree: 0 installed: 0
:debug:main libiconv 1.14_0 exists in the ports tree
:debug:main libiconv 1.14_0  is the latest installed
:debug:main libiconv 1.14_0  is active
:debug:main Merging existing variants '' into variants
:debug:main new fully merged portvariants: 
:debug:main Changing to port directory: /opt/local/var/macports/sources/rsync.macports.org/release/tarballs/ports/textproc/libiconv
:debug:main OS darwin/15.6.0 (Mac OS X 10.11) arch i386
:debug:main Reading variant descriptions from /opt/local/var/macports/sources/rsync.macports.org/release/tarballs/ports/_resources/port1.0/variant_descriptions.conf
:debug:main Sourcing PortGroup muniversal 1.0 from /opt/local/var/macports/sources/rsync.macports.org/release/tarballs/ports/_resources/port1.0/group/muniversal-1.0.tcl
:debug:main universal variant already exists, so not adding the default one
:debug:main Running callback portconfigure::add_automatic_compiler_dependencies
:debug:main Finished running callback portconfigure::add_automatic_compiler_dependencies
:debug:main Running callback portbuild::add_automatic_buildsystem_dependencies
:debug:main Finished running callback portbuild::add_automatic_buildsystem_dependencies
:debug:main No need to upgrade! libiconv 1.14_0 >= libiconv 1.14_0
:debug:main epoch: in tree: 0 installed: 0
:debug:main ncurses 6.0_0 exists in the ports tree
:debug:main ncurses 6.0_0  is the latest installed
:debug:main ncurses 6.0_0  is active
:debug:main Merging existing variants '' into variants
:debug:main new fully merged portvariants: 
:debug:main Changing to port directory: /opt/local/var/macports/sources/rsync.macports.org/release/tarballs/ports/devel/ncurses
:debug:main OS darwin/15.6.0 (Mac OS X 10.11) arch i386
:debug:main adding the default universal variant
:debug:main Reading variant descriptions from /opt/local/var/macports/sources/rsync.macports.org/release/tarballs/ports/_resources/port1.0/variant_descriptions.conf
:debug:main Running callback portconfigure::add_automatic_compiler_dependencies
:debug:main Finished running callback portconfigure::add_automatic_compiler_dependencies
:debug:main Running callback portbuild::add_automatic_buildsystem_dependencies
:debug:main Finished running callback portbuild::add_automatic_buildsystem_dependencies
:debug:main No need to upgrade! ncurses 6.0_0 >= ncurses 6.0_0
:debug:main epoch: in tree: 0 installed: 0
:debug:main cmake 3.6.2_0 exists in the ports tree
:debug:main cmake 3.6.2_0  is the latest installed
:debug:main cmake 3.6.2_0  is active
:debug:main Merging existing variants '' into variants
:debug:main new fully merged portvariants: 
:debug:main Changing to port directory: /opt/local/var/macports/sources/rsync.macports.org/release/tarballs/ports/devel/cmake
:debug:main OS darwin/15.6.0 (Mac OS X 10.11) arch i386
:debug:main Reading variant descriptions from /opt/local/var/macports/sources/rsync.macports.org/release/tarballs/ports/_resources/port1.0/variant_descriptions.conf
:debug:main Sourcing PortGroup muniversal 1.0 from /opt/local/var/macports/sources/rsync.macports.org/release/tarballs/ports/_resources/port1.0/group/muniversal-1.0.tcl
:debug:main universal variant already exists, so not adding the default one
:debug:main Running callback portconfigure::add_automatic_compiler_dependencies
:debug:main Finished running callback portconfigure::add_automatic_compiler_dependencies
:debug:main Running callback portbuild::add_automatic_buildsystem_dependencies
:debug:main Finished running callback portbuild::add_automatic_buildsystem_dependencies
:debug:main No need to upgrade! cmake 3.6.2_0 >= cmake 3.6.2_0
:debug:main epoch: in tree: 0 installed: 0
:debug:main curl 7.50.3_0 exists in the ports tree
:debug:main curl 7.50.3_0 +ssl is the latest installed
:debug:main curl 7.50.3_0 +ssl is active
:debug:main Merging existing variants '+ssl' into variants
:debug:main new fully merged portvariants: ssl +
:debug:main Changing to port directory: /opt/local/var/macports/sources/rsync.macports.org/release/tarballs/ports/net/curl
:debug:main OS darwin/15.6.0 (Mac OS X 10.11) arch i386
:debug:main Reading variant descriptions from /opt/local/var/macports/sources/rsync.macports.org/release/tarballs/ports/_resources/port1.0/variant_descriptions.conf
:debug:main Sourcing PortGroup muniversal 1.0 from /opt/local/var/macports/sources/rsync.macports.org/release/tarballs/ports/_resources/port1.0/group/muniversal-1.0.tcl
:debug:main universal variant already exists, so not adding the default one
:debug:main Executing variant ssl provides ssl
:debug:main Running callback portconfigure::add_automatic_compiler_dependencies
:debug:main Finished running callback portconfigure::add_automatic_compiler_dependencies
:debug:main Running callback portbuild::add_automatic_buildsystem_dependencies
:debug:main Finished running callback portbuild::add_automatic_buildsystem_dependencies
:debug:main No need to upgrade! curl 7.50.3_0 >= curl 7.50.3_0
:debug:main epoch: in tree: 0 installed: 0
:debug:main zlib 1.2.8_0 exists in the ports tree
:debug:main zlib 1.2.8_0  is the latest installed
:debug:main zlib 1.2.8_0  is active
:debug:main Merging existing variants '' into variants
:debug:main new fully merged portvariants: 
:debug:main Changing to port directory: /opt/local/var/macports/sources/rsync.macports.org/release/tarballs/ports/archivers/zlib
:debug:main OS darwin/15.6.0 (Mac OS X 10.11) arch i386
:debug:main Sourcing PortGroup xcodeversion 1.0 from /opt/local/var/macports/sources/rsync.macports.org/release/tarballs/ports/_resources/port1.0/group/xcodeversion-1.0.tcl
:debug:main adding the default universal variant
:debug:main Reading variant descriptions from /opt/local/var/macports/sources/rsync.macports.org/release/tarballs/ports/_resources/port1.0/variant_descriptions.conf
:debug:main Running callback portconfigure::add_automatic_compiler_dependencies
:debug:main Finished running callback portconfigure::add_automatic_compiler_dependencies
:debug:main Running callback portbuild::add_automatic_buildsystem_dependencies
:debug:main Finished running callback portbuild::add_automatic_buildsystem_dependencies
:debug:main No need to upgrade! zlib 1.2.8_0 >= zlib 1.2.8_0
:debug:main epoch: in tree: 1 installed: 1
:debug:main openssl 1.0.2j_0 exists in the ports tree
:debug:main openssl 1.0.2j_0  is the latest installed
:debug:main openssl 1.0.2j_0  is active
:debug:main Merging existing variants '' into variants
:debug:main new fully merged portvariants: 
:debug:main Changing to port directory: /opt/local/var/macports/sources/rsync.macports.org/release/tarballs/ports/devel/openssl
:debug:main OS darwin/15.6.0 (Mac OS X 10.11) arch i386
:debug:main Reading variant descriptions from /opt/local/var/macports/sources/rsync.macports.org/release/tarballs/ports/_resources/port1.0/variant_descriptions.conf
:debug:main Sourcing PortGroup muniversal 1.0 from /opt/local/var/macports/sources/rsync.macports.org/release/tarballs/ports/_resources/port1.0/group/muniversal-1.0.tcl
:debug:main universal variant already exists, so not adding the default one
:debug:main Running callback portconfigure::add_automatic_compiler_dependencies
:debug:main Finished running callback portconfigure::add_automatic_compiler_dependencies
:debug:main Running callback portbuild::add_automatic_buildsystem_dependencies
:debug:main Finished running callback portbuild::add_automatic_buildsystem_dependencies
:debug:main No need to upgrade! openssl 1.0.2j_0 >= openssl 1.0.2j_0
:debug:main epoch: in tree: 0 installed: 0
:debug:main curl-ca-bundle 7.50.3_0 exists in the ports tree
:debug:main curl-ca-bundle 7.50.3_0  is the latest installed
:debug:main curl-ca-bundle 7.50.3_0  is active
:debug:main Merging existing variants '' into variants
:debug:main new fully merged portvariants: 
:debug:main Changing to port directory: /opt/local/var/macports/sources/rsync.macports.org/release/tarballs/ports/net/curl
:debug:main OS darwin/15.6.0 (Mac OS X 10.11) arch i386
:debug:main universal_variant is false, so not adding the default universal variant
:debug:main Running callback portconfigure::add_automatic_compiler_dependencies
:debug:main Finished running callback portconfigure::add_automatic_compiler_dependencies
:debug:main Running callback portbuild::add_automatic_buildsystem_dependencies
:debug:main Finished running callback portbuild::add_automatic_buildsystem_dependencies
:debug:main No need to upgrade! curl-ca-bundle 7.50.3_0 >= curl-ca-bundle 7.50.3_0
:debug:main epoch: in tree: 0 installed: 0
:debug:main bzip2 1.0.6_0 exists in the ports tree
:debug:main bzip2 1.0.6_0  is the latest installed
:debug:main bzip2 1.0.6_0  is active
:debug:main Merging existing variants '' into variants
:debug:main new fully merged portvariants: 
:debug:main Changing to port directory: /opt/local/var/macports/sources/rsync.macports.org/release/tarballs/ports/archivers/bzip2
:debug:main OS darwin/15.6.0 (Mac OS X 10.11) arch i386
:debug:main Reading variant descriptions from /opt/local/var/macports/sources/rsync.macports.org/release/tarballs/ports/_resources/port1.0/variant_descriptions.conf
:debug:main universal variant already exists, so not adding the default one
:debug:main Running callback portconfigure::add_automatic_compiler_dependencies
:debug:main Finished running callback portconfigure::add_automatic_compiler_dependencies
:debug:main Running callback portbuild::add_automatic_buildsystem_dependencies
:debug:main Finished running callback portbuild::add_automatic_buildsystem_dependencies
:debug:main No need to upgrade! bzip2 1.0.6_0 >= bzip2 1.0.6_0
:debug:main epoch: in tree: 0 installed: 0
:debug:main libarchive 3.2.1_0 exists in the ports tree
:debug:main libarchive 3.2.1_0  is the latest installed
:debug:main libarchive 3.2.1_0  is active
:debug:main Merging existing variants '' into variants
:debug:main new fully merged portvariants: 
:debug:main Changing to port directory: /opt/local/var/macports/sources/rsync.macports.org/release/tarballs/ports/archivers/libarchive
:debug:main OS darwin/15.6.0 (Mac OS X 10.11) arch i386
:debug:main adding the default universal variant
:debug:main Reading variant descriptions from /opt/local/var/macports/sources/rsync.macports.org/release/tarballs/ports/_resources/port1.0/variant_descriptions.conf
:debug:main Running callback portconfigure::add_automatic_compiler_dependencies
:debug:main Finished running callback portconfigure::add_automatic_compiler_dependencies
:debug:main Running callback portbuild::add_automatic_buildsystem_dependencies
:debug:main Finished running callback portbuild::add_automatic_buildsystem_dependencies
:debug:main No need to upgrade! libarchive 3.2.1_0 >= libarchive 3.2.1_0
:debug:main epoch: in tree: 0 installed: 0
:debug:main libxml2 2.9.4_0 exists in the ports tree
:debug:main libxml2 2.9.4_0  is the latest installed
:debug:main libxml2 2.9.4_0  is active
:debug:main Merging existing variants '' into variants
:debug:main new fully merged portvariants: 
:debug:main Changing to port directory: /opt/local/var/macports/sources/rsync.macports.org/release/tarballs/ports/textproc/libxml2
:debug:main OS darwin/15.6.0 (Mac OS X 10.11) arch i386
:debug:main adding the default universal variant
:debug:main Reading variant descriptions from /opt/local/var/macports/sources/rsync.macports.org/release/tarballs/ports/_resources/port1.0/variant_descriptions.conf
:debug:main Running callback portconfigure::add_automatic_compiler_dependencies
:debug:main Finished running callback portconfigure::add_automatic_compiler_dependencies
:debug:main Running callback portbuild::add_automatic_buildsystem_dependencies
:debug:main Finished running callback portbuild::add_automatic_buildsystem_dependencies
:debug:main No need to upgrade! libxml2 2.9.4_0 >= libxml2 2.9.4_0
:debug:main epoch: in tree: 0 installed: 0
:debug:main xz 5.2.2_0 exists in the ports tree
:debug:main xz 5.2.2_0  is the latest installed
:debug:main xz 5.2.2_0  is active
:debug:main Merging existing variants '' into variants
:debug:main new fully merged portvariants: 
:debug:main Changing to port directory: /opt/local/var/macports/sources/rsync.macports.org/release/tarballs/ports/archivers/xz
:debug:main OS darwin/15.6.0 (Mac OS X 10.11) arch i386
:debug:main adding the default universal variant
:debug:main Reading variant descriptions from /opt/local/var/macports/sources/rsync.macports.org/release/tarballs/ports/_resources/port1.0/variant_descriptions.conf
:debug:main Running callback portconfigure::add_automatic_compiler_dependencies
:debug:main Finished running callback portconfigure::add_automatic_compiler_dependencies
:debug:main Running callback portbuild::add_automatic_buildsystem_dependencies
:debug:main Finished running callback portbuild::add_automatic_buildsystem_dependencies
:debug:main No need to upgrade! xz 5.2.2_0 >= xz 5.2.2_0
:debug:main epoch: in tree: 0 installed: 0
:debug:main lzo2 2.09_0 exists in the ports tree
:debug:main lzo2 2.09_0  is the latest installed
:debug:main lzo2 2.09_0  is active
:debug:main Merging existing variants '' into variants
:debug:main new fully merged portvariants: 
:debug:main Changing to port directory: /opt/local/var/macports/sources/rsync.macports.org/release/tarballs/ports/archivers/lzo2
:debug:main OS darwin/15.6.0 (Mac OS X 10.11) arch i386
:debug:main Reading variant descriptions from /opt/local/var/macports/sources/rsync.macports.org/release/tarballs/ports/_resources/port1.0/variant_descriptions.conf
:debug:main Sourcing PortGroup muniversal 1.0 from /opt/local/var/macports/sources/rsync.macports.org/release/tarballs/ports/_resources/port1.0/group/muniversal-1.0.tcl
:debug:main universal variant already exists, so not adding the default one
:debug:main Running callback portconfigure::add_automatic_compiler_dependencies
:debug:main Finished running callback portconfigure::add_automatic_compiler_dependencies
:debug:main Running callback portbuild::add_automatic_buildsystem_dependencies
:debug:main Finished running callback portbuild::add_automatic_buildsystem_dependencies
:debug:main No need to upgrade! lzo2 2.09_0 >= lzo2 2.09_0
:debug:main epoch: in tree: 0 installed: 0
:debug:main libtool 2.4.6_2 exists in the ports tree
:debug:main libtool 2.4.6_2  is the latest installed
:debug:main libtool 2.4.6_2  is active
:debug:main Merging existing variants '' into variants
:debug:main new fully merged portvariants: 
:debug:main Changing to port directory: /opt/local/var/macports/sources/rsync.macports.org/release/tarballs/ports/devel/libtool
:debug:main OS darwin/15.6.0 (Mac OS X 10.11) arch i386
:debug:main adding the default universal variant
:debug:main Reading variant descriptions from /opt/local/var/macports/sources/rsync.macports.org/release/tarballs/ports/_resources/port1.0/variant_descriptions.conf
:debug:main Running callback portconfigure::add_automatic_compiler_dependencies
:debug:main Finished running callback portconfigure::add_automatic_compiler_dependencies
:debug:main Running callback portbuild::add_automatic_buildsystem_dependencies
:debug:main Finished running callback portbuild::add_automatic_buildsystem_dependencies
:debug:main No need to upgrade! libtool 2.4.6_2 >= libtool 2.4.6_2
:debug:main epoch: in tree: 0 installed: 0
:debug:main automake 1.15_1 exists in the ports tree
:debug:main automake 1.15_1  is the latest installed
:debug:main automake 1.15_1  is active
:debug:main Merging existing variants '' into variants
:debug:main new fully merged portvariants: 
:debug:main Changing to port directory: /opt/local/var/macports/sources/rsync.macports.org/release/tarballs/ports/devel/automake
:debug:main OS darwin/15.6.0 (Mac OS X 10.11) arch i386
:debug:main only one arch supported, so not adding the default universal variant
:debug:main Running callback portconfigure::add_automatic_compiler_dependencies
:debug:main Finished running callback portconfigure::add_automatic_compiler_dependencies
:debug:main Running callback portbuild::add_automatic_buildsystem_dependencies
:debug:main Finished running callback portbuild::add_automatic_buildsystem_dependencies
:debug:main No need to upgrade! automake 1.15_1 >= automake 1.15_1
:debug:main epoch: in tree: 0 installed: 0
:debug:main pkgconfig 0.29.1_0 exists in the ports tree
:debug:main pkgconfig 0.29.1_0  is the latest installed
:debug:main pkgconfig 0.29.1_0  is active
:debug:main Merging existing variants '' into variants
:debug:main new fully merged portvariants: 
:debug:main Changing to port directory: /opt/local/var/macports/sources/rsync.macports.org/release/tarballs/ports/devel/pkgconfig
:debug:main OS darwin/15.6.0 (Mac OS X 10.11) arch i386
:debug:main adding the default universal variant
:debug:main Reading variant descriptions from /opt/local/var/macports/sources/rsync.macports.org/release/tarballs/ports/_resources/port1.0/variant_descriptions.conf
:debug:main Running callback portconfigure::add_automatic_compiler_dependencies
:debug:main Finished running callback portconfigure::add_automatic_compiler_dependencies
:debug:main Running callback portbuild::add_automatic_buildsystem_dependencies
:debug:main Finished running callback portbuild::add_automatic_buildsystem_dependencies
:debug:main No need to upgrade! pkgconfig 0.29.1_0 >= pkgconfig 0.29.1_0
:debug:main epoch: in tree: 1 installed: 1
:debug:main autoconf 2.69_5 exists in the ports tree
:debug:main autoconf 2.69_5  is the latest installed
:debug:main autoconf 2.69_5  is active
:debug:main Merging existing variants '' into variants
:debug:main new fully merged portvariants: 
:debug:main Changing to port directory: /opt/local/var/macports/sources/rsync.macports.org/release/tarballs/ports/devel/autoconf
:debug:main OS darwin/15.6.0 (Mac OS X 10.11) arch i386
:debug:main only one arch supported, so not adding the default universal variant
:debug:main Running callback portconfigure::add_automatic_compiler_dependencies
:debug:main Finished running callback portconfigure::add_automatic_compiler_dependencies
:debug:main Running callback portbuild::add_automatic_buildsystem_dependencies
:debug:main Finished running callback portbuild::add_automatic_buildsystem_dependencies
:debug:main No need to upgrade! autoconf 2.69_5 >= autoconf 2.69_5
:debug:main epoch: in tree: 2 installed: 2
:debug:main gcc5 5.4.0_0 exists in the ports tree
:debug:main gcc5 5.4.0_0  is the latest installed
:debug:main gcc5 5.4.0_0  is active
:debug:main Merging existing variants '' into variants
:debug:main new fully merged portvariants: 
:debug:main Changing to port directory: /opt/local/var/macports/sources/rsync.macports.org/release/tarballs/ports/lang/gcc5
:debug:main OS darwin/15.6.0 (Mac OS X 10.11) arch i386
:debug:main Sourcing PortGroup select 1.0 from /opt/local/var/macports/sources/rsync.macports.org/release/tarballs/ports/_resources/port1.0/group/select-1.0.tcl
:debug:main Sourcing PortGroup compiler_blacklist_versions 1.0 from /opt/local/var/macports/sources/rsync.macports.org/release/tarballs/ports/_resources/port1.0/group/compiler_blacklist_versions-1.0.tcl
:debug:main compiler llvm-gcc-4.2 blacklisted because it's not installed or it doesn't work
:debug:main compiler clang 800.0.38 not blacklisted because it doesn't match {clang < 300}
:debug:main Reading variant descriptions from /opt/local/var/macports/sources/rsync.macports.org/release/tarballs/ports/_resources/port1.0/variant_descriptions.conf
:debug:main universal variant already exists, so not adding the default one
:debug:main Running callback portconfigure::add_automatic_compiler_dependencies
:debug:main Finished running callback portconfigure::add_automatic_compiler_dependencies
:debug:main Running callback portbuild::add_automatic_buildsystem_dependencies
:debug:main Finished running callback portbuild::add_automatic_buildsystem_dependencies
:debug:main No need to upgrade! gcc5 5.4.0_0 >= gcc5 5.4.0_0
:debug:main epoch: in tree: 0 installed: 0
:debug:main cctools 886_6 exists in the ports tree
:debug:main cctools 886_6 +llvm38 is the latest installed
:debug:main cctools 886_6 +llvm38 is active
:debug:main Merging existing variants '+llvm38' into variants
:debug:main new fully merged portvariants: llvm38 +
:debug:main Changing to port directory: /opt/local/var/macports/sources/rsync.macports.org/release/tarballs/ports/devel/cctools
:debug:main OS darwin/15.6.0 (Mac OS X 10.11) arch i386
:debug:main Reading variant descriptions from /opt/local/var/macports/sources/rsync.macports.org/release/tarballs/ports/_resources/port1.0/variant_descriptions.conf
:debug:main universal variant already exists, so not adding the default one
:debug:main Executing variant llvm38 provides llvm38
:debug:main Running callback portconfigure::add_automatic_compiler_dependencies
:debug:main Finished running callback portconfigure::add_automatic_compiler_dependencies
:debug:main Running callback portbuild::add_automatic_buildsystem_dependencies
:debug:main Finished running callback portbuild::add_automatic_buildsystem_dependencies
:debug:main No need to upgrade! cctools 886_6 >= cctools 886_6
:debug:main epoch: in tree: 1 installed: 1
:debug:main llvm-3.8 3.8.1_0 exists in the ports tree
:debug:main llvm-3.8 3.8.1_0  is the latest installed
:debug:main llvm-3.8 3.8.1_0  is active
:debug:main Merging existing variants '' into variants
:debug:main new fully merged portvariants: 
:debug:main Changing to port directory: /opt/local/var/macports/sources/rsync.macports.org/release/tarballs/ports/lang/llvm-3.8
:debug:main OS darwin/15.6.0 (Mac OS X 10.11) arch i386
:debug:main Sourcing PortGroup select 1.0 from /opt/local/var/macports/sources/rsync.macports.org/release/tarballs/ports/_resources/port1.0/group/select-1.0.tcl
:debug:main Sourcing PortGroup compiler_blacklist_versions 1.0 from /opt/local/var/macports/sources/rsync.macports.org/release/tarballs/ports/_resources/port1.0/group/compiler_blacklist_versions-1.0.tcl
:debug:main Sourcing PortGroup active_variants 1.1 from /opt/local/var/macports/sources/rsync.macports.org/release/tarballs/ports/_resources/port1.0/group/active_variants-1.1.tcl
:debug:main Re-registering default for configure.dir
:debug:main Re-registering default for build.dir
:debug:main Sourcing PortGroup cmake 1.0 from /opt/local/var/macports/sources/rsync.macports.org/release/tarballs/ports/_resources/port1.0/group/cmake-1.0.tcl
:debug:main Re-registering default for configure.dir
:debug:main Re-registering default for build.dir
:debug:main compiler clang 800.0.38 not blacklisted because it doesn't match {clang < 500}
:debug:main Reading variant descriptions from /opt/local/var/macports/sources/rsync.macports.org/release/tarballs/ports/_resources/port1.0/variant_descriptions.conf
:debug:main universal variant already exists, so not adding the default one
:debug:main Running callback portconfigure::add_automatic_compiler_dependencies
:debug:main Finished running callback portconfigure::add_automatic_compiler_dependencies
:debug:main Running callback portbuild::add_automatic_buildsystem_dependencies
:debug:main Finished running callback portbuild::add_automatic_buildsystem_dependencies
:debug:main No need to upgrade! llvm-3.8 3.8.1_0 >= llvm-3.8 3.8.1_0
:debug:main epoch: in tree: 20090923 installed: 20090923
:debug:main libedit 20160618-3.1_1 exists in the ports tree
:debug:main libedit 20160618-3.1_1  is the latest installed
:debug:main libedit 20160618-3.1_1  is active
:debug:main Merging existing variants '' into variants
:debug:main new fully merged portvariants: 
:debug:main Changing to port directory: /opt/local/var/macports/sources/rsync.macports.org/release/tarballs/ports/devel/libedit
:debug:main OS darwin/15.6.0 (Mac OS X 10.11) arch i386
:debug:main Reading variant descriptions from /opt/local/var/macports/sources/rsync.macports.org/release/tarballs/ports/_resources/port1.0/variant_descriptions.conf
:debug:main Sourcing PortGroup muniversal 1.0 from /opt/local/var/macports/sources/rsync.macports.org/release/tarballs/ports/_resources/port1.0/group/muniversal-1.0.tcl
:debug:main universal variant already exists, so not adding the default one
:debug:main Running callback portconfigure::add_automatic_compiler_dependencies
:debug:main Finished running callback portconfigure::add_automatic_compiler_dependencies
:debug:main Running callback portbuild::add_automatic_buildsystem_dependencies
:debug:main Finished running callback portbuild::add_automatic_buildsystem_dependencies
:debug:main No need to upgrade! libedit 20160618-3.1_1 >= libedit 20160618-3.1_1
:debug:main epoch: in tree: 0 installed: 0
:debug:main libffi 3.2.1_0 exists in the ports tree
:debug:main libffi 3.2.1_0  is the latest installed
:debug:main libffi 3.2.1_0  is active
:debug:main Merging existing variants '' into variants
:debug:main new fully merged portvariants: 
:debug:main Changing to port directory: /opt/local/var/macports/sources/rsync.macports.org/release/tarballs/ports/devel/libffi
:debug:main OS darwin/15.6.0 (Mac OS X 10.11) arch i386
:debug:main Reading variant descriptions from /opt/local/var/macports/sources/rsync.macports.org/release/tarballs/ports/_resources/port1.0/variant_descriptions.conf
:debug:main Sourcing PortGroup muniversal 1.0 from /opt/local/var/macports/sources/rsync.macports.org/release/tarballs/ports/_resources/port1.0/group/muniversal-1.0.tcl
:debug:main universal variant already exists, so not adding the default one
:debug:main Running callback portconfigure::add_automatic_compiler_dependencies
:debug:main Finished running callback portconfigure::add_automatic_compiler_dependencies
:debug:main Running callback portbuild::add_automatic_buildsystem_dependencies
:debug:main Finished running callback portbuild::add_automatic_buildsystem_dependencies
:debug:main No need to upgrade! libffi 3.2.1_0 >= libffi 3.2.1_0
:debug:main epoch: in tree: 1 installed: 1
:debug:main libcxx 3.7.1_0 exists in the ports tree
:debug:main libcxx 3.7.1_0 +universal is the latest installed
:debug:main libcxx 3.7.1_0 +universal is active
:debug:main Merging existing variants '+universal' into variants
:debug:main new fully merged portvariants: universal +
:debug:main Changing to port directory: /opt/local/var/macports/sources/rsync.macports.org/release/tarballs/ports/lang/libcxx
:debug:main OS darwin/15.6.0 (Mac OS X 10.11) arch i386
:debug:main Sourcing PortGroup compiler_blacklist_versions 1.0 from /opt/local/var/macports/sources/rsync.macports.org/release/tarballs/ports/_resources/port1.0/group/compiler_blacklist_versions-1.0.tcl
:debug:main Reading variant descriptions from /opt/local/var/macports/sources/rsync.macports.org/release/tarballs/ports/_resources/port1.0/variant_descriptions.conf
:debug:main universal variant already exists, so not adding the default one
:debug:main Executing variant universal provides universal
:debug:main Running callback portconfigure::add_automatic_compiler_dependencies
:debug:main Finished running callback portconfigure::add_automatic_compiler_dependencies
:debug:main Running callback portbuild::add_automatic_buildsystem_dependencies
:debug:main Finished running callback portbuild::add_automatic_buildsystem_dependencies
:debug:main No need to upgrade! libcxx 3.7.1_0 >= libcxx 3.7.1_0
:debug:main epoch: in tree: 0 installed: 0
:debug:main perl5 5.22.2_0 exists in the ports tree
:debug:main perl5 5.22.2_0 +perl5_22 is the latest installed
:debug:main perl5 5.22.2_0 +perl5_22 is active
:debug:main Merging existing variants '+perl5_22' into variants
:debug:main new fully merged portvariants: perl5_22 +
:debug:main Changing to port directory: /opt/local/var/macports/sources/rsync.macports.org/release/tarballs/ports/lang/perl5
:debug:main OS darwin/15.6.0 (Mac OS X 10.11) arch i386
:debug:main Re-registering default for configure.universal_args
:debug:main Sourcing PortGroup perl5 1.0 from /opt/local/var/macports/sources/rsync.macports.org/release/tarballs/ports/_resources/port1.0/group/perl5-1.0.tcl
:debug:main universal_variant is false, so not adding the default universal variant
:debug:main Executing variant perl5_22 provides perl5_22
:debug:main Running callback portconfigure::add_automatic_compiler_dependencies
:debug:main Finished running callback portconfigure::add_automatic_compiler_dependencies
:debug:main Running callback portbuild::add_automatic_buildsystem_dependencies
:debug:main Finished running callback portbuild::add_automatic_buildsystem_dependencies
:debug:main No need to upgrade! perl5 5.22.2_0 >= perl5 5.22.2_0
:debug:main epoch: in tree: 0 installed: 0
:debug:main perl5.22 5.22.2_1 exists in the ports tree
:debug:main perl5.22 5.22.2_1  is the latest installed
:debug:main perl5.22 5.22.2_1  is active
:debug:main Merging existing variants '' into variants
:debug:main new fully merged portvariants: 
:debug:main Changing to port directory: /opt/local/var/macports/sources/rsync.macports.org/release/tarballs/ports/lang/perl5
:debug:main OS darwin/15.6.0 (Mac OS X 10.11) arch i386
:debug:main Re-registering default for configure.universal_args
:debug:main Sourcing PortGroup perl5 1.0 from /opt/local/var/macports/sources/rsync.macports.org/release/tarballs/ports/_resources/port1.0/group/perl5-1.0.tcl
:debug:main adding the default universal variant
:debug:main Reading variant descriptions from /opt/local/var/macports/sources/rsync.macports.org/release/tarballs/ports/_resources/port1.0/variant_descriptions.conf
:debug:main Running callback portconfigure::add_automatic_compiler_dependencies
:debug:main Finished running callback portconfigure::add_automatic_compiler_dependencies
:debug:main Running callback portbuild::add_automatic_buildsystem_dependencies
:debug:main Finished running callback portbuild::add_automatic_buildsystem_dependencies
:debug:main No need to upgrade! perl5.22 5.22.2_1 >= perl5.22 5.22.2_1
:debug:main epoch: in tree: 0 installed: 0
:debug:main gdbm 1.12_0 exists in the ports tree
:debug:main gdbm 1.12_0  is the latest installed
:debug:main gdbm 1.12_0  is active
:debug:main Merging existing variants '' into variants
:debug:main new fully merged portvariants: 
:debug:main Changing to port directory: /opt/local/var/macports/sources/rsync.macports.org/release/tarballs/ports/databases/gdbm
:debug:main OS darwin/15.6.0 (Mac OS X 10.11) arch i386
:debug:main adding the default universal variant
:debug:main Reading variant descriptions from /opt/local/var/macports/sources/rsync.macports.org/release/tarballs/ports/_resources/port1.0/variant_descriptions.conf
:debug:main Running callback portconfigure::add_automatic_compiler_dependencies
:debug:main Finished running callback portconfigure::add_automatic_compiler_dependencies
:debug:main Running callback portbuild::add_automatic_buildsystem_dependencies
:debug:main Finished running callback portbuild::add_automatic_buildsystem_dependencies
:debug:main No need to upgrade! gdbm 1.12_0 >= gdbm 1.12_0
:debug:main epoch: in tree: 0 installed: 0
:debug:main llvm_select 2_0 exists in the ports tree
:debug:main llvm_select 2_0  is the latest installed
:debug:main llvm_select 2_0  is active
:debug:main Merging existing variants '' into variants
:debug:main new fully merged portvariants: 
:debug:main Changing to port directory: /opt/local/var/macports/sources/rsync.macports.org/release/tarballs/ports/sysutils/llvm_select
:debug:main OS darwin/15.6.0 (Mac OS X 10.11) arch i386
:debug:main Sourcing PortGroup select 1.0 from /opt/local/var/macports/sources/rsync.macports.org/release/tarballs/ports/_resources/port1.0/group/select-1.0.tcl
:debug:main universal_variant is false, so not adding the default universal variant
:debug:main Running callback portconfigure::add_automatic_compiler_dependencies
:debug:main Finished running callback portconfigure::add_automatic_compiler_dependencies
:debug:main Running callback portbuild::add_automatic_buildsystem_dependencies
:debug:main Finished running callback portbuild::add_automatic_buildsystem_dependencies
:debug:main No need to upgrade! llvm_select 2_0 >= llvm_select 2_0
:debug:main epoch: in tree: 0 installed: 0
:debug:main gmp 6.1.1_0 exists in the ports tree
:debug:main gmp 6.1.1_0  is the latest installed
:debug:main gmp 6.1.1_0  is active
:debug:main Merging existing variants '' into variants
:debug:main new fully merged portvariants: 
:debug:main Changing to port directory: /opt/local/var/macports/sources/rsync.macports.org/release/tarballs/ports/devel/gmp
:debug:main OS darwin/15.6.0 (Mac OS X 10.11) arch i386
:debug:main Reading variant descriptions from /opt/local/var/macports/sources/rsync.macports.org/release/tarballs/ports/_resources/port1.0/variant_descriptions.conf
:debug:main Sourcing PortGroup muniversal 1.0 from /opt/local/var/macports/sources/rsync.macports.org/release/tarballs/ports/_resources/port1.0/group/muniversal-1.0.tcl
:debug:main universal variant already exists, so not adding the default one
:debug:main Running callback portconfigure::add_automatic_compiler_dependencies
:debug:main Finished running callback portconfigure::add_automatic_compiler_dependencies
:debug:main Running callback portbuild::add_automatic_buildsystem_dependencies
:debug:main Finished running callback portbuild::add_automatic_buildsystem_dependencies
:debug:main No need to upgrade! gmp 6.1.1_0 >= gmp 6.1.1_0
:debug:main epoch: in tree: 2 installed: 2
:debug:main isl 0.14.1_0 exists in the ports tree
:debug:main isl 0.14.1_0  is the latest installed
:debug:main isl 0.14.1_0  is active
:debug:main Merging existing variants '' into variants
:debug:main new fully merged portvariants: 
:debug:main Changing to port directory: /opt/local/var/macports/sources/rsync.macports.org/release/tarballs/ports/devel/isl
:debug:main OS darwin/15.6.0 (Mac OS X 10.11) arch i386
:debug:main Reading variant descriptions from /opt/local/var/macports/sources/rsync.macports.org/release/tarballs/ports/_resources/port1.0/variant_descriptions.conf
:debug:main Sourcing PortGroup muniversal 1.0 from /opt/local/var/macports/sources/rsync.macports.org/release/tarballs/ports/_resources/port1.0/group/muniversal-1.0.tcl
:debug:main universal variant already exists, so not adding the default one
:debug:main Running callback portconfigure::add_automatic_compiler_dependencies
:debug:main Finished running callback portconfigure::add_automatic_compiler_dependencies
:debug:main Running callback portbuild::add_automatic_buildsystem_dependencies
:debug:main Finished running callback portbuild::add_automatic_buildsystem_dependencies
:debug:main No need to upgrade! isl 0.14.1_0 >= isl 0.14.1_0
:debug:main epoch: in tree: 2 installed: 2
:debug:main ld64 2_0 exists in the ports tree
:debug:main ld64 2_0  is the latest installed
:debug:main ld64 2_0  is active
:debug:main Merging existing variants '' into variants
:debug:main new fully merged portvariants: 
:debug:main Changing to port directory: /opt/local/var/macports/sources/rsync.macports.org/release/tarballs/ports/devel/ld64
:debug:main OS darwin/15.6.0 (Mac OS X 10.11) arch i386
:debug:main Sourcing PortGroup compiler_blacklist_versions 1.0 from /opt/local/var/macports/sources/rsync.macports.org/release/tarballs/ports/_resources/port1.0/group/compiler_blacklist_versions-1.0.tcl
:debug:main Reading variant descriptions from /opt/local/var/macports/sources/rsync.macports.org/release/tarballs/ports/_resources/port1.0/variant_descriptions.conf
:debug:main universal variant already exists, so not adding the default one
:debug:main Running callback portconfigure::add_automatic_compiler_dependencies
:debug:main Finished running callback portconfigure::add_automatic_compiler_dependencies
:debug:main Running callback portbuild::add_automatic_buildsystem_dependencies
:debug:main Finished running callback portbuild::add_automatic_buildsystem_dependencies
:debug:main No need to upgrade! ld64 2_0 >= ld64 2_0
:debug:main epoch: in tree: 2 installed: 2
:debug:main ld64-latest 264.3.102_3 exists in the ports tree
:debug:main ld64-latest 264.3.102_3 +llvm38 is the latest installed
:debug:main ld64-latest 264.3.102_3 +llvm38 is active
:debug:main Merging existing variants '+llvm38' into variants
:debug:main new fully merged portvariants: llvm38 +
:debug:main Changing to port directory: /opt/local/var/macports/sources/rsync.macports.org/release/tarballs/ports/devel/ld64
:debug:main OS darwin/15.6.0 (Mac OS X 10.11) arch i386
:debug:main Sourcing PortGroup compiler_blacklist_versions 1.0 from /opt/local/var/macports/sources/rsync.macports.org/release/tarballs/ports/_resources/port1.0/group/compiler_blacklist_versions-1.0.tcl
:debug:main compiler clang 800.0.38 not blacklisted because it doesn't match {clang < 300}
:debug:main Reading variant descriptions from /opt/local/var/macports/sources/rsync.macports.org/release/tarballs/ports/_resources/port1.0/variant_descriptions.conf
:debug:main universal variant already exists, so not adding the default one
:debug:main Executing variant llvm38 provides llvm38
:debug:main Running callback portconfigure::add_automatic_compiler_dependencies
:debug:main Finished running callback portconfigure::add_automatic_compiler_dependencies
:debug:main Running callback portbuild::add_automatic_buildsystem_dependencies
:debug:main Finished running callback portbuild::add_automatic_buildsystem_dependencies
:debug:main No need to upgrade! ld64-latest 264.3.102_3 >= ld64-latest 264.3.102_3
:debug:main epoch: in tree: 2 installed: 2
:debug:main libgcc 6.1.0_0 exists in the ports tree
:debug:main libgcc 6.1.0_0  is the latest installed
:debug:main libgcc 6.1.0_0  is active
:debug:main Merging existing variants '' into variants
:debug:main new fully merged portvariants: 
:debug:main Changing to port directory: /opt/local/var/macports/sources/rsync.macports.org/release/tarballs/ports/lang/gcc6
:debug:main OS darwin/15.6.0 (Mac OS X 10.11) arch i386
:debug:main Sourcing PortGroup select 1.0 from /opt/local/var/macports/sources/rsync.macports.org/release/tarballs/ports/_resources/port1.0/group/select-1.0.tcl
:debug:main Sourcing PortGroup compiler_blacklist_versions 1.0 from /opt/local/var/macports/sources/rsync.macports.org/release/tarballs/ports/_resources/port1.0/group/compiler_blacklist_versions-1.0.tcl
:debug:main compiler llvm-gcc-4.2 blacklisted because it's not installed or it doesn't work
:debug:main compiler clang 800.0.38 not blacklisted because it doesn't match {clang < 300}
:debug:main Reading variant descriptions from /opt/local/var/macports/sources/rsync.macports.org/release/tarballs/ports/_resources/port1.0/variant_descriptions.conf
:debug:main universal variant already exists, so not adding the default one
:debug:main Running callback portconfigure::add_automatic_compiler_dependencies
:debug:main Finished running callback portconfigure::add_automatic_compiler_dependencies
:debug:main Running callback portbuild::add_automatic_buildsystem_dependencies
:debug:main Finished running callback portbuild::add_automatic_buildsystem_dependencies
:debug:main No need to upgrade! libgcc 6.1.0_0 >= libgcc 6.1.0_0
:debug:main epoch: in tree: 0 installed: 0
:debug:main libmpc 1.0.3_0 exists in the ports tree
:debug:main libmpc 1.0.3_0  is the latest installed
:debug:main libmpc 1.0.3_0  is active
:debug:main Merging existing variants '' into variants
:debug:main new fully merged portvariants: 
:debug:main Changing to port directory: /opt/local/var/macports/sources/rsync.macports.org/release/tarballs/ports/devel/libmpc
:debug:main OS darwin/15.6.0 (Mac OS X 10.11) arch i386
:debug:main adding the default universal variant
:debug:main Reading variant descriptions from /opt/local/var/macports/sources/rsync.macports.org/release/tarballs/ports/_resources/port1.0/variant_descriptions.conf
:debug:main Running callback portconfigure::add_automatic_compiler_dependencies
:debug:main Finished running callback portconfigure::add_automatic_compiler_dependencies
:debug:main Running callback portbuild::add_automatic_buildsystem_dependencies
:debug:main Finished running callback portbuild::add_automatic_buildsystem_dependencies
:debug:main No need to upgrade! libmpc 1.0.3_0 >= libmpc 1.0.3_0
:debug:main epoch: in tree: 0 installed: 0
:debug:main mpfr 3.1.4_0 exists in the ports tree
:debug:main mpfr 3.1.4_0  is the latest installed
:debug:main mpfr 3.1.4_0  is active
:debug:main Merging existing variants '' into variants
:debug:main new fully merged portvariants: 
:debug:main Changing to port directory: /opt/local/var/macports/sources/rsync.macports.org/release/tarballs/ports/devel/mpfr
:debug:main OS darwin/15.6.0 (Mac OS X 10.11) arch i386
:debug:main Reading variant descriptions from /opt/local/var/macports/sources/rsync.macports.org/release/tarballs/ports/_resources/port1.0/variant_descriptions.conf
:debug:main Sourcing PortGroup muniversal 1.0 from /opt/local/var/macports/sources/rsync.macports.org/release/tarballs/ports/_resources/port1.0/group/muniversal-1.0.tcl
:debug:main Sourcing PortGroup compiler_blacklist_versions 1.0 from /opt/local/var/macports/sources/rsync.macports.org/release/tarballs/ports/_resources/port1.0/group/compiler_blacklist_versions-1.0.tcl
:debug:main compiler clang 800.0.38 not blacklisted because it doesn't match {clang == 211.10.1}
:debug:main universal variant already exists, so not adding the default one
:debug:main Running callback portconfigure::add_automatic_compiler_dependencies
:debug:main Finished running callback portconfigure::add_automatic_compiler_dependencies
:debug:main Running callback portbuild::add_automatic_buildsystem_dependencies
:debug:main Finished running callback portbuild::add_automatic_buildsystem_dependencies
:debug:main No need to upgrade! mpfr 3.1.4_0 >= mpfr 3.1.4_0
:debug:main epoch: in tree: 0 installed: 0
:debug:main gcc_select 0.1_8 exists in the ports tree
:debug:main gcc_select 0.1_8  is the latest installed
:debug:main gcc_select 0.1_8  is active
:debug:main Merging existing variants '' into variants
:debug:main new fully merged portvariants: 
:debug:main Changing to port directory: /opt/local/var/macports/sources/rsync.macports.org/release/tarballs/ports/sysutils/gcc_select
:debug:main OS darwin/15.6.0 (Mac OS X 10.11) arch i386
:debug:main Sourcing PortGroup select 1.0 from /opt/local/var/macports/sources/rsync.macports.org/release/tarballs/ports/_resources/port1.0/group/select-1.0.tcl
:debug:main universal_variant is false, so not adding the default universal variant
:debug:main Running callback portconfigure::add_automatic_compiler_dependencies
:debug:main Finished running callback portconfigure::add_automatic_compiler_dependencies
:debug:main Running callback portbuild::add_automatic_buildsystem_dependencies
:debug:main Finished running callback portbuild::add_automatic_buildsystem_dependencies
:debug:main No need to upgrade! gcc_select 0.1_8 >= gcc_select 0.1_8
:debug:main epoch: in tree: 0 installed: 0
:debug:main lp_solve 5.5.2.3_0 exists in the ports tree
:debug:main lp_solve 5.5.2.3_0  is the latest installed
:debug:main lp_solve 5.5.2.3_0  is active
:debug:main Merging existing variants '' into variants
:debug:main new fully merged portvariants: 
:debug:main Changing to port directory: /opt/local/var/macports/sources/rsync.macports.org/release/tarballs/ports/math/lp_solve
:debug:main OS darwin/15.6.0 (Mac OS X 10.11) arch i386
:debug:main Reading variant descriptions from /opt/local/var/macports/sources/rsync.macports.org/release/tarballs/ports/_resources/port1.0/variant_descriptions.conf
:debug:main Sourcing PortGroup muniversal 1.0 from /opt/local/var/macports/sources/rsync.macports.org/release/tarballs/ports/_resources/port1.0/group/muniversal-1.0.tcl
:debug:main universal variant already exists, so not adding the default one
:debug:main Running callback portconfigure::add_automatic_compiler_dependencies
:debug:main Finished running callback portconfigure::add_automatic_compiler_dependencies
:debug:main Running callback portbuild::add_automatic_buildsystem_dependencies
:debug:main Finished running callback portbuild::add_automatic_buildsystem_dependencies
:debug:main No need to upgrade! lp_solve 5.5.2.3_0 >= lp_solve 5.5.2.3_0
:debug:main epoch: in tree: 0 installed: 0
:debug:main omniORB 4.2.0_1 exists in the ports tree
:debug:main omniORB 4.2.0_1  is the latest installed
:debug:main omniORB 4.2.0_1  is active
:debug:main Merging existing variants '' into variants
:debug:main new fully merged portvariants: 
:debug:main Changing to port directory: /opt/local/var/macports/sources/rsync.macports.org/release/tarballs/ports/devel/omniORB
:debug:main OS darwin/15.6.0 (Mac OS X 10.11) arch i386
:debug:main Sourcing PortGroup conflicts_build 1.0 from /opt/local/var/macports/sources/rsync.macports.org/release/tarballs/ports/_resources/port1.0/group/conflicts_build-1.0.tcl
:debug:main universal_variant is false, so not adding the default universal variant
:debug:main Running callback portconfigure::add_automatic_compiler_dependencies
:debug:main Finished running callback portconfigure::add_automatic_compiler_dependencies
:debug:main Running callback portbuild::add_automatic_buildsystem_dependencies
:debug:main Finished running callback portbuild::add_automatic_buildsystem_dependencies
:debug:main No need to upgrade! omniORB 4.2.0_1 >= omniORB 4.2.0_1
:debug:main epoch: in tree: 2 installed: 2
:debug:main python27 2.7.12_1 exists in the ports tree
:debug:main python27 2.7.12_1  is the latest installed
:debug:main python27 2.7.12_1  is active
:debug:main Merging existing variants '' into variants
:debug:main new fully merged portvariants: 
:debug:main Changing to port directory: /opt/local/var/macports/sources/rsync.macports.org/release/tarballs/ports/lang/python27
:debug:main OS darwin/15.6.0 (Mac OS X 10.11) arch i386
:debug:main Sourcing PortGroup select 1.0 from /opt/local/var/macports/sources/rsync.macports.org/release/tarballs/ports/_resources/port1.0/group/select-1.0.tcl
:debug:main Reading variant descriptions from /opt/local/var/macports/sources/rsync.macports.org/release/tarballs/ports/_resources/port1.0/variant_descriptions.conf
:debug:main universal variant already exists, so not adding the default one
:debug:main Running callback portconfigure::add_automatic_compiler_dependencies
:debug:main Finished running callback portconfigure::add_automatic_compiler_dependencies
:debug:main Running callback portbuild::add_automatic_buildsystem_dependencies
:debug:main Finished running callback portbuild::add_automatic_buildsystem_dependencies
:debug:main No need to upgrade! python27 2.7.12_1 >= python27 2.7.12_1
:debug:main epoch: in tree: 0 installed: 0
:debug:main sqlite3 3.14.2_0 exists in the ports tree
:debug:main sqlite3 3.14.2_0  is the latest installed
:debug:main sqlite3 3.14.2_0  is active
:debug:main Merging existing variants '' into variants
:debug:main new fully merged portvariants: 
:debug:main Changing to port directory: /opt/local/var/macports/sources/rsync.macports.org/release/tarballs/ports/databases/sqlite3
:debug:main OS darwin/15.6.0 (Mac OS X 10.11) arch i386
:debug:main adding the default universal variant
:debug:main Reading variant descriptions from /opt/local/var/macports/sources/rsync.macports.org/release/tarballs/ports/_resources/port1.0/variant_descriptions.conf
:debug:main Running callback portconfigure::add_automatic_compiler_dependencies
:debug:main Finished running callback portconfigure::add_automatic_compiler_dependencies
:debug:main Running callback portbuild::add_automatic_buildsystem_dependencies
:debug:main Finished running callback portbuild::add_automatic_buildsystem_dependencies
:debug:main No need to upgrade! sqlite3 3.14.2_0 >= sqlite3 3.14.2_0
:debug:main epoch: in tree: 0 installed: 0
:debug:main db48 4.8.30_4 exists in the ports tree
:debug:main db48 4.8.30_4  is the latest installed
:debug:main db48 4.8.30_4  is active
:debug:main Merging existing variants '' into variants
:debug:main new fully merged portvariants: 
:debug:main Changing to port directory: /opt/local/var/macports/sources/rsync.macports.org/release/tarballs/ports/databases/db48
:debug:main OS darwin/15.6.0 (Mac OS X 10.11) arch i386
:debug:main Reading variant descriptions from /opt/local/var/macports/sources/rsync.macports.org/release/tarballs/ports/_resources/port1.0/variant_descriptions.conf
:debug:main Sourcing PortGroup muniversal 1.0 from /opt/local/var/macports/sources/rsync.macports.org/release/tarballs/ports/_resources/port1.0/group/muniversal-1.0.tcl
:debug:main universal variant already exists, so not adding the default one
:debug:main Running callback portconfigure::add_automatic_compiler_dependencies
:debug:main Finished running callback portconfigure::add_automatic_compiler_dependencies
:debug:main Running callback portbuild::add_automatic_buildsystem_dependencies
:debug:main Finished running callback portbuild::add_automatic_buildsystem_dependencies
:debug:main No need to upgrade! db48 4.8.30_4 >= db48 4.8.30_4
:debug:main epoch: in tree: 0 installed: 0
:debug:main python_select 0.3_7 exists in the ports tree
:debug:main python_select 0.3_7  is the latest installed
:debug:main python_select 0.3_7  is active
:debug:main Merging existing variants '' into variants
:debug:main new fully merged portvariants: 
:debug:main Changing to port directory: /opt/local/var/macports/sources/rsync.macports.org/release/tarballs/ports/sysutils/python_select
:debug:main OS darwin/15.6.0 (Mac OS X 10.11) arch i386
:debug:main Sourcing PortGroup select 1.0 from /opt/local/var/macports/sources/rsync.macports.org/release/tarballs/ports/_resources/port1.0/group/select-1.0.tcl
:debug:main universal_variant is false, so not adding the default universal variant
:debug:main Running callback portconfigure::add_automatic_compiler_dependencies
:debug:main Finished running callback portconfigure::add_automatic_compiler_dependencies
:debug:main Running callback portbuild::add_automatic_buildsystem_dependencies
:debug:main Finished running callback portbuild::add_automatic_buildsystem_dependencies
:debug:main No need to upgrade! python_select 0.3_7 >= python_select 0.3_7
:debug:main epoch: in tree: 0 installed: 0
:debug:main python2_select 0.0_2 exists in the ports tree
:debug:main python2_select 0.0_2  is the latest installed
:debug:main python2_select 0.0_2  is active
:debug:main Merging existing variants '' into variants
:debug:main new fully merged portvariants: 
:debug:main Changing to port directory: /opt/local/var/macports/sources/rsync.macports.org/release/tarballs/ports/sysutils/python2_select
:debug:main OS darwin/15.6.0 (Mac OS X 10.11) arch i386
:debug:main Sourcing PortGroup select 1.0 from /opt/local/var/macports/sources/rsync.macports.org/release/tarballs/ports/_resources/port1.0/group/select-1.0.tcl
:debug:main universal_variant is false, so not adding the default universal variant
:debug:main Running callback portconfigure::add_automatic_compiler_dependencies
:debug:main Finished running callback portconfigure::add_automatic_compiler_dependencies
:debug:main Running callback portbuild::add_automatic_buildsystem_dependencies
:debug:main Finished running callback portbuild::add_automatic_buildsystem_dependencies
:debug:main No need to upgrade! python2_select 0.0_2 >= python2_select 0.0_2
:debug:main epoch: in tree: 0 installed: 0
:debug:main readline 6.3.003_1 exists in the ports tree
:debug:main readline 6.3.003_1  is the latest installed
:debug:main readline 6.3.003_1  is active
:debug:main Merging existing variants '' into variants
:debug:main new fully merged portvariants: 
:debug:main Changing to port directory: /opt/local/var/macports/sources/rsync.macports.org/release/tarballs/ports/devel/readline
:debug:main OS darwin/15.6.0 (Mac OS X 10.11) arch i386
:debug:main Reading variant descriptions from /opt/local/var/macports/sources/rsync.macports.org/release/tarballs/ports/_resources/port1.0/variant_descriptions.conf
:debug:main Sourcing PortGroup muniversal 1.0 from /opt/local/var/macports/sources/rsync.macports.org/release/tarballs/ports/_resources/port1.0/group/muniversal-1.0.tcl
:debug:main universal variant already exists, so not adding the default one
:debug:main Running callback portconfigure::add_automatic_compiler_dependencies
:debug:main Finished running callback portconfigure::add_automatic_compiler_dependencies
:debug:main Running callback portbuild::add_automatic_buildsystem_dependencies
:debug:main Finished running callback portbuild::add_automatic_buildsystem_dependencies
:debug:main No need to upgrade! readline 6.3.003_1 >= readline 6.3.003_1
:debug:main epoch: in tree: 0 installed: 0
:debug:main qjson 0.8.1_1 exists in the ports tree
:debug:main qjson 0.8.1_1  is the latest installed
:debug:main qjson 0.8.1_1  is active
:debug:main Merging existing variants '' into variants
:debug:main new fully merged portvariants: 
:debug:main Changing to port directory: /opt/local/var/macports/sources/rsync.macports.org/release/tarballs/ports/devel/qjson
:debug:main OS darwin/15.6.0 (Mac OS X 10.11) arch i386
:debug:main Sourcing PortGroup qt4 1.0 from /opt/local/var/macports/sources/rsync.macports.org/release/tarballs/ports/_resources/port1.0/group/qt4-1.0.tcl
:debug:main Re-registering default for configure.dir
:debug:main Re-registering default for build.dir
:debug:main Sourcing PortGroup cmake 1.0 from /opt/local/var/macports/sources/rsync.macports.org/release/tarballs/ports/_resources/port1.0/group/cmake-1.0.tcl
:debug:main adding the default universal variant
:debug:main Reading variant descriptions from /opt/local/var/macports/sources/rsync.macports.org/release/tarballs/ports/_resources/port1.0/variant_descriptions.conf
:debug:main Running callback portconfigure::add_automatic_compiler_dependencies
:debug:main Finished running callback portconfigure::add_automatic_compiler_dependencies
:debug:main Running callback portbuild::add_automatic_buildsystem_dependencies
:debug:main Finished running callback portbuild::add_automatic_buildsystem_dependencies
:debug:main No need to upgrade! qjson 0.8.1_1 >= qjson 0.8.1_1
:debug:main epoch: in tree: 0 installed: 0
:debug:main qt4-mac 4.8.7_4 exists in the ports tree
:debug:main qt4-mac 4.8.7_4  is the latest installed
:debug:main qt4-mac 4.8.7_4  is active
:debug:main Merging existing variants '' into variants
:debug:main new fully merged portvariants: 
:debug:main Changing to port directory: /opt/local/var/macports/sources/rsync.macports.org/release/tarballs/ports/aqua/qt4-mac
:debug:main OS darwin/15.6.0 (Mac OS X 10.11) arch i386
:debug:main Sourcing PortGroup qt4 1.0 from /opt/local/var/macports/sources/rsync.macports.org/release/tarballs/ports/_resources/port1.0/group/qt4-1.0.tcl
:debug:main Sourcing PortGroup xcodeversion 1.0 from /opt/local/var/macports/sources/rsync.macports.org/release/tarballs/ports/_resources/port1.0/group/xcodeversion-1.0.tcl
:debug:main Sourcing PortGroup compiler_blacklist_versions 1.0 from /opt/local/var/macports/sources/rsync.macports.org/release/tarballs/ports/_resources/port1.0/group/compiler_blacklist_versions-1.0.tcl
:debug:main compiler clang 800.0.38 not blacklisted because it doesn't match { clang <= 318.0.61 }
:debug:main adding the default universal variant
:debug:main Reading variant descriptions from /opt/local/var/macports/sources/rsync.macports.org/release/tarballs/ports/_resources/port1.0/variant_descriptions.conf
:debug:main Running callback portconfigure::add_automatic_compiler_dependencies
:debug:main Finished running callback portconfigure::add_automatic_compiler_dependencies
:debug:main Running callback portbuild::add_automatic_buildsystem_dependencies
:debug:main Finished running callback portbuild::add_automatic_buildsystem_dependencies
:debug:main No need to upgrade! qt4-mac 4.8.7_4 >= qt4-mac 4.8.7_4
:debug:main epoch: in tree: 0 installed: 0
:debug:main dbus 1.10.8_0 exists in the ports tree
:debug:main dbus 1.10.8_0  is the latest installed
:debug:main dbus 1.10.8_0  is active
:debug:main Merging existing variants '' into variants
:debug:main new fully merged portvariants: 
:debug:main Changing to port directory: /opt/local/var/macports/sources/rsync.macports.org/release/tarballs/ports/devel/dbus
:debug:main OS darwin/15.6.0 (Mac OS X 10.11) arch i386
:debug:main Reading variant descriptions from /opt/local/var/macports/sources/rsync.macports.org/release/tarballs/ports/_resources/port1.0/variant_descriptions.conf
:debug:main Sourcing PortGroup muniversal 1.0 from /opt/local/var/macports/sources/rsync.macports.org/release/tarballs/ports/_resources/port1.0/group/muniversal-1.0.tcl
:debug:main universal variant already exists, so not adding the default one
:debug:main Running callback portconfigure::add_automatic_compiler_dependencies
:debug:main Finished running callback portconfigure::add_automatic_compiler_dependencies
:debug:main Running callback portbuild::add_automatic_buildsystem_dependencies
:debug:main Finished running callback portbuild::add_automatic_buildsystem_dependencies
:debug:main No need to upgrade! dbus 1.10.8_0 >= dbus 1.10.8_0
:debug:main epoch: in tree: 0 installed: 0
:debug:main tiff 4.0.6_1 exists in the ports tree
:debug:main tiff 4.0.6_1  is the latest installed
:debug:main tiff 4.0.6_1  is active
:debug:main Merging existing variants '' into variants
:debug:main new fully merged portvariants: 
:debug:main Changing to port directory: /opt/local/var/macports/sources/rsync.macports.org/release/tarballs/ports/graphics/tiff
:debug:main OS darwin/15.6.0 (Mac OS X 10.11) arch i386
:debug:main Sourcing PortGroup xcodeversion 1.0 from /opt/local/var/macports/sources/rsync.macports.org/release/tarballs/ports/_resources/port1.0/group/xcodeversion-1.0.tcl
:debug:main Reading variant descriptions from /opt/local/var/macports/sources/rsync.macports.org/release/tarballs/ports/_resources/port1.0/variant_descriptions.conf
:debug:main Sourcing PortGroup muniversal 1.0 from /opt/local/var/macports/sources/rsync.macports.org/release/tarballs/ports/_resources/port1.0/group/muniversal-1.0.tcl
:debug:main universal variant already exists, so not adding the default one
:debug:main Running callback portconfigure::add_automatic_compiler_dependencies
:debug:main Finished running callback portconfigure::add_automatic_compiler_dependencies
:debug:main Running callback portbuild::add_automatic_buildsystem_dependencies
:debug:main Finished running callback portbuild::add_automatic_buildsystem_dependencies
:debug:main No need to upgrade! tiff 4.0.6_1 >= tiff 4.0.6_1
:debug:main epoch: in tree: 0 installed: 0
:debug:main jpeg 9a_1 exists in the ports tree
:debug:main jpeg 9a_1  is the latest installed
:debug:main jpeg 9a_1  is active
:debug:main Merging existing variants '' into variants
:debug:main new fully merged portvariants: 
:debug:main Changing to port directory: /opt/local/var/macports/sources/rsync.macports.org/release/tarballs/ports/graphics/jpeg
:debug:main OS darwin/15.6.0 (Mac OS X 10.11) arch i386
:debug:main adding the default universal variant
:debug:main Reading variant descriptions from /opt/local/var/macports/sources/rsync.macports.org/release/tarballs/ports/_resources/port1.0/variant_descriptions.conf
:debug:main Running callback portconfigure::add_automatic_compiler_dependencies
:debug:main Finished running callback portconfigure::add_automatic_compiler_dependencies
:debug:main Running callback portbuild::add_automatic_buildsystem_dependencies
:debug:main Finished running callback portbuild::add_automatic_buildsystem_dependencies
:debug:main No need to upgrade! jpeg 9a_1 >= jpeg 9a_1
:debug:main epoch: in tree: 0 installed: 0
:debug:main libpng 1.6.25_0 exists in the ports tree
:debug:main libpng 1.6.25_0  is the latest installed
:debug:main libpng 1.6.25_0  is active
:debug:main Merging existing variants '' into variants
:debug:main new fully merged portvariants: 
:debug:main Changing to port directory: /opt/local/var/macports/sources/rsync.macports.org/release/tarballs/ports/graphics/libpng
:debug:main OS darwin/15.6.0 (Mac OS X 10.11) arch i386
:debug:main adding the default universal variant
:debug:main Reading variant descriptions from /opt/local/var/macports/sources/rsync.macports.org/release/tarballs/ports/_resources/port1.0/variant_descriptions.conf
:debug:main Running callback portconfigure::add_automatic_compiler_dependencies
:debug:main Finished running callback portconfigure::add_automatic_compiler_dependencies
:debug:main Running callback portbuild::add_automatic_buildsystem_dependencies
:debug:main Finished running callback portbuild::add_automatic_buildsystem_dependencies
:debug:main No need to upgrade! libpng 1.6.25_0 >= libpng 1.6.25_0
:debug:main epoch: in tree: 0 installed: 0
:debug:main libmng 2.0.3_0 exists in the ports tree
:debug:main libmng 2.0.3_0  is the latest installed
:debug:main libmng 2.0.3_0  is active
:debug:main Merging existing variants '' into variants
:debug:main new fully merged portvariants: 
:debug:main Changing to port directory: /opt/local/var/macports/sources/rsync.macports.org/release/tarballs/ports/graphics/libmng
:debug:main OS darwin/15.6.0 (Mac OS X 10.11) arch i386
:debug:main adding the default universal variant
:debug:main Reading variant descriptions from /opt/local/var/macports/sources/rsync.macports.org/release/tarballs/ports/_resources/port1.0/variant_descriptions.conf
:debug:main Running callback portconfigure::add_automatic_compiler_dependencies
:debug:main Finished running callback portconfigure::add_automatic_compiler_dependencies
:debug:main Running callback portbuild::add_automatic_buildsystem_dependencies
:debug:main Finished running callback portbuild::add_automatic_buildsystem_dependencies
:debug:main No need to upgrade! libmng 2.0.3_0 >= libmng 2.0.3_0
:debug:main epoch: in tree: 0 installed: 0
:debug:main lcms2 2.8_0 exists in the ports tree
:debug:main lcms2 2.8_0  is the latest installed
:debug:main lcms2 2.8_0  is active
:debug:main Merging existing variants '' into variants
:debug:main new fully merged portvariants: 
:debug:main Changing to port directory: /opt/local/var/macports/sources/rsync.macports.org/release/tarballs/ports/graphics/lcms2
:debug:main OS darwin/15.6.0 (Mac OS X 10.11) arch i386
:debug:main Reading variant descriptions from /opt/local/var/macports/sources/rsync.macports.org/release/tarballs/ports/_resources/port1.0/variant_descriptions.conf
:debug:main Sourcing PortGroup muniversal 1.0 from /opt/local/var/macports/sources/rsync.macports.org/release/tarballs/ports/_resources/port1.0/group/muniversal-1.0.tcl
:debug:main universal variant already exists, so not adding the default one
:debug:main Running callback portconfigure::add_automatic_compiler_dependencies
:debug:main Finished running callback portconfigure::add_automatic_compiler_dependencies
:debug:main Running callback portbuild::add_automatic_buildsystem_dependencies
:debug:main Finished running callback portbuild::add_automatic_buildsystem_dependencies
:debug:main No need to upgrade! lcms2 2.8_0 >= lcms2 2.8_0
:debug:main epoch: in tree: 0 installed: 0
:debug:main sundials 2.6.2_1 exists in the ports tree
:debug:main sundials 2.6.2_1 +mpich is the latest installed
:debug:main sundials 2.6.2_1 +mpich is active
:debug:main Merging existing variants '+mpich' into variants
:debug:main new fully merged portvariants: mpich +
:debug:main Changing to port directory: /opt/local/var/macports/sources/rsync.macports.org/release/tarballs/ports/math/sundials
:debug:main OS darwin/15.6.0 (Mac OS X 10.11) arch i386
:debug:main Re-registering default for configure.dir
:debug:main Re-registering default for build.dir
:debug:main Sourcing PortGroup cmake 1.0 from /opt/local/var/macports/sources/rsync.macports.org/release/tarballs/ports/_resources/port1.0/group/cmake-1.0.tcl
:debug:main Sourcing PortGroup active_variants 1.1 from /opt/local/var/macports/sources/rsync.macports.org/release/tarballs/ports/_resources/port1.0/group/active_variants-1.1.tcl
:debug:main Sourcing PortGroup compilers 1.0 from /opt/local/var/macports/sources/rsync.macports.org/release/tarballs/ports/_resources/port1.0/group/compilers-1.0.tcl
:debug:main Sourcing PortGroup mpi 1.0 from /opt/local/var/macports/sources/rsync.macports.org/release/tarballs/ports/_resources/port1.0/group/mpi-1.0.tcl
:debug:main adding the default universal variant
:debug:main Reading variant descriptions from /opt/local/var/macports/sources/rsync.macports.org/release/tarballs/ports/_resources/port1.0/variant_descriptions.conf
:debug:main Executing variant mpich provides mpich
:debug:main Running callback portconfigure::add_automatic_compiler_dependencies
:debug:main Finished running callback portconfigure::add_automatic_compiler_dependencies
:debug:main Running callback portbuild::add_automatic_buildsystem_dependencies
:debug:main Finished running callback portbuild::add_automatic_buildsystem_dependencies
:debug:main No need to upgrade! sundials 2.6.2_1 >= sundials 2.6.2_1
:debug:main epoch: in tree: 0 installed: 0
:debug:main mpich-default 3.2_1 exists in the ports tree
:debug:main mpich-default 3.2_1 +gcc6 is the latest installed
:debug:main mpich-default 3.2_1 +gcc6 is active
:debug:main Merging existing variants '+gcc6' into variants
:debug:main new fully merged portvariants: gcc6 +
:debug:main Changing to port directory: /opt/local/var/macports/sources/rsync.macports.org/release/tarballs/ports/science/mpich
:debug:main OS darwin/15.6.0 (Mac OS X 10.11) arch i386
:debug:main Sourcing PortGroup compiler_blacklist_versions 1.0 from /opt/local/var/macports/sources/rsync.macports.org/release/tarballs/ports/_resources/port1.0/group/compiler_blacklist_versions-1.0.tcl
:debug:main Sourcing PortGroup select 1.0 from /opt/local/var/macports/sources/rsync.macports.org/release/tarballs/ports/_resources/port1.0/group/select-1.0.tcl
:debug:main Sourcing PortGroup active_variants 1.1 from /opt/local/var/macports/sources/rsync.macports.org/release/tarballs/ports/_resources/port1.0/group/active_variants-1.1.tcl
:debug:main Sourcing PortGroup compilers 1.0 from /opt/local/var/macports/sources/rsync.macports.org/release/tarballs/ports/_resources/port1.0/group/compilers-1.0.tcl
:debug:main compiler clang 800.0.38 not blacklisted because it doesn't match {clang >= 421.11.66 < 425.0.24}
:debug:main universal_variant is false, so not adding the default universal variant
:debug:main Executing variant gcc6 provides gcc6
:debug:main Running callback portconfigure::add_automatic_compiler_dependencies
:debug:main Finished running callback portconfigure::add_automatic_compiler_dependencies
:debug:main Running callback portbuild::add_automatic_buildsystem_dependencies
:debug:main Finished running callback portbuild::add_automatic_buildsystem_dependencies
:debug:main No need to upgrade! mpich-default 3.2_1 >= mpich-default 3.2_1
:debug:main epoch: in tree: 2 installed: 2
:debug:main gcc6 6.1.0_0 exists in the ports tree
:debug:main gcc6 6.1.0_0  is the latest installed
:debug:main gcc6 6.1.0_0  is active
:debug:main Merging existing variants '' into variants
:debug:main new fully merged portvariants: 
:debug:main Changing to port directory: /opt/local/var/macports/sources/rsync.macports.org/release/tarballs/ports/lang/gcc6
:debug:main OS darwin/15.6.0 (Mac OS X 10.11) arch i386
:debug:main Sourcing PortGroup select 1.0 from /opt/local/var/macports/sources/rsync.macports.org/release/tarballs/ports/_resources/port1.0/group/select-1.0.tcl
:debug:main Sourcing PortGroup compiler_blacklist_versions 1.0 from /opt/local/var/macports/sources/rsync.macports.org/release/tarballs/ports/_resources/port1.0/group/compiler_blacklist_versions-1.0.tcl
:debug:main compiler llvm-gcc-4.2 blacklisted because it's not installed or it doesn't work
:debug:main compiler clang 800.0.38 not blacklisted because it doesn't match {clang < 300}
:debug:main Reading variant descriptions from /opt/local/var/macports/sources/rsync.macports.org/release/tarballs/ports/_resources/port1.0/variant_descriptions.conf
:debug:main universal variant already exists, so not adding the default one
:debug:main Running callback portconfigure::add_automatic_compiler_dependencies
:debug:main Finished running callback portconfigure::add_automatic_compiler_dependencies
:debug:main Running callback portbuild::add_automatic_buildsystem_dependencies
:debug:main Finished running callback portbuild::add_automatic_buildsystem_dependencies
:debug:main No need to upgrade! gcc6 6.1.0_0 >= gcc6 6.1.0_0
:debug:main epoch: in tree: 0 installed: 0
:debug:main mpi_select 0.0_3 exists in the ports tree
:debug:main mpi_select 0.0_3  is the latest installed
:debug:main mpi_select 0.0_3  is active
:debug:main Merging existing variants '' into variants
:debug:main new fully merged portvariants: 
:debug:main Changing to port directory: /opt/local/var/macports/sources/rsync.macports.org/release/tarballs/ports/sysutils/mpi_select
:debug:main OS darwin/15.6.0 (Mac OS X 10.11) arch i386
:debug:main Sourcing PortGroup select 1.0 from /opt/local/var/macports/sources/rsync.macports.org/release/tarballs/ports/_resources/port1.0/group/select-1.0.tcl
:debug:main universal_variant is false, so not adding the default universal variant
:debug:main Running callback portconfigure::add_automatic_compiler_dependencies
:debug:main Finished running callback portconfigure::add_automatic_compiler_dependencies
:debug:main Running callback portbuild::add_automatic_buildsystem_dependencies
:debug:main Finished running callback portbuild::add_automatic_buildsystem_dependencies
:debug:main No need to upgrade! mpi_select 0.0_3 >= mpi_select 0.0_3
:debug:main epoch: in tree: 0 installed: 0
:debug:main mpi-doc 3.2_0 exists in the ports tree
:debug:main mpi-doc 3.2_0  is the latest installed
:debug:main mpi-doc 3.2_0  is active
:debug:main Merging existing variants '' into variants
:debug:main new fully merged portvariants: 
:debug:main Changing to port directory: /opt/local/var/macports/sources/rsync.macports.org/release/tarballs/ports/science/mpi-doc
:debug:main OS darwin/15.6.0 (Mac OS X 10.11) arch i386
:debug:main universal_variant is false, so not adding the default universal variant
:debug:main Running callback portconfigure::add_automatic_compiler_dependencies
:debug:main Finished running callback portconfigure::add_automatic_compiler_dependencies
:debug:main Running callback portbuild::add_automatic_buildsystem_dependencies
:debug:main Finished running callback portbuild::add_automatic_buildsystem_dependencies
:debug:main No need to upgrade! mpi-doc 3.2_0 >= mpi-doc 3.2_0
:debug:main epoch: in tree: 0 installed: 0
:debug:main qwt52 5.2.3_1 exists in the ports tree
:debug:main qwt52 5.2.3_1 +qt4 is the latest installed
:debug:main qwt52 5.2.3_1 +qt4 is active
:debug:main Merging existing variants '+qt4' into variants
:debug:main new fully merged portvariants: qt4 +
:debug:main Changing to port directory: /opt/local/var/macports/sources/rsync.macports.org/release/tarballs/ports/graphics/qwt
:debug:main OS darwin/15.6.0 (Mac OS X 10.11) arch i386
:debug:main Sourcing PortGroup qt4 1.0 from /opt/local/var/macports/sources/rsync.macports.org/release/tarballs/ports/_resources/port1.0/group/qt4-1.0.tcl
:debug:main adding the default universal variant
:debug:main Reading variant descriptions from /opt/local/var/macports/sources/rsync.macports.org/release/tarballs/ports/_resources/port1.0/variant_descriptions.conf
:debug:main Executing variant qt4 provides qt4
:debug:main Running callback portconfigure::add_automatic_compiler_dependencies
:debug:main Finished running callback portconfigure::add_automatic_compiler_dependencies
:debug:main Running callback portbuild::add_automatic_buildsystem_dependencies
:debug:main Finished running callback portbuild::add_automatic_buildsystem_dependencies
:debug:main No need to upgrade! qwt52 5.2.3_1 >= qwt52 5.2.3_1
:debug:main epoch: in tree: 0 installed: 0
:debug:main openmodelicalibraries 20160927-190432_0 exists in the ports tree
:debug:main openmodelicalibraries 20160927-190432_0  is the latest installed
:debug:main openmodelicalibraries 20160927-190432_0  is active
:debug:main Merging existing variants '' into variants
:debug:main new fully merged portvariants: 
:debug:main Changing to port directory: /opt/local/var/macports/sources/build.openmodelica.org/macports/lang/openmodelicalibraries
:debug:main OS darwin/15.6.0 (Mac OS X 10.11) arch i386
:debug:main universal_variant is false, so not adding the default universal variant
:debug:main Running callback portconfigure::add_automatic_compiler_dependencies
:debug:main Finished running callback portconfigure::add_automatic_compiler_dependencies
:debug:main Running callback portbuild::add_automatic_buildsystem_dependencies
:debug:main Finished running callback portbuild::add_automatic_buildsystem_dependencies
:debug:main No need to upgrade! openmodelicalibraries 20160927-190432_0 >= openmodelicalibraries 20160927-190432_0
:debug:main epoch: in tree: 0 installed: 0
:debug:main omlib-adgenkinetics 20120827-080000~git~master_0 exists in the ports tree
:debug:main omlib-adgenkinetics 20120827-080000~git~master_0  is the latest installed
:debug:main omlib-adgenkinetics 20120827-080000~git~master_0  is active
:debug:main Merging existing variants '' into variants
:debug:main new fully merged portvariants: 
:debug:main Changing to port directory: /opt/local/var/macports/sources/build.openmodelica.org/macports/lang/omlib-adgenkinetics
:debug:main OS darwin/15.6.0 (Mac OS X 10.11) arch i386
:debug:main universal_variant is false, so not adding the default universal variant
:debug:main Running callback portconfigure::add_automatic_compiler_dependencies
:debug:main Finished running callback portconfigure::add_automatic_compiler_dependencies
:debug:main Running callback portbuild::add_automatic_buildsystem_dependencies
:debug:main Finished running callback portbuild::add_automatic_buildsystem_dependencies
:debug:main No need to upgrade! omlib-adgenkinetics 20120827-080000~git~master_0 >= omlib-adgenkinetics 20120827-080000~git~master_0
:debug:main epoch: in tree: 0 installed: 0
:debug:main omlib-admsl 20140309-171025~git~master_0 exists in the ports tree
:debug:main omlib-admsl 20140309-171025~git~master_0  is the latest installed
:debug:main omlib-admsl 20140309-171025~git~master_0  is active
:debug:main Merging existing variants '' into variants
:debug:main new fully merged portvariants: 
:debug:main Changing to port directory: /opt/local/var/macports/sources/build.openmodelica.org/macports/lang/omlib-admsl
:debug:main OS darwin/15.6.0 (Mac OS X 10.11) arch i386
:debug:main universal_variant is false, so not adding the default universal variant
:debug:main Running callback portconfigure::add_automatic_compiler_dependencies
:debug:main Finished running callback portconfigure::add_automatic_compiler_dependencies
:debug:main Running callback portbuild::add_automatic_buildsystem_dependencies
:debug:main Finished running callback portbuild::add_automatic_buildsystem_dependencies
:debug:main No need to upgrade! omlib-admsl 20140309-171025~git~master_0 >= omlib-admsl 20140309-171025~git~master_0
:debug:main epoch: in tree: 0 installed: 0
:debug:main omlib-advancednoise-1.0.0 1.0.0-2-g059af68_0 exists in the ports tree
:debug:main omlib-advancednoise-1.0.0 1.0.0-2-g059af68_0  is the latest installed
:debug:main omlib-advancednoise-1.0.0 1.0.0-2-g059af68_0  is active
:debug:main Merging existing variants '' into variants
:debug:main new fully merged portvariants: 
:debug:main Changing to port directory: /opt/local/var/macports/sources/build.openmodelica.org/macports/lang/omlib-advancednoise-1.0.0
:debug:main OS darwin/15.6.0 (Mac OS X 10.11) arch i386
:debug:main universal_variant is false, so not adding the default universal variant
:debug:main Running callback portconfigure::add_automatic_compiler_dependencies
:debug:main Finished running callback portconfigure::add_automatic_compiler_dependencies
:debug:main Running callback portbuild::add_automatic_buildsystem_dependencies
:debug:main Finished running callback portbuild::add_automatic_buildsystem_dependencies
:debug:main No need to upgrade! omlib-advancednoise-1.0.0 1.0.0-2-g059af68_0 >= omlib-advancednoise-1.0.0 1.0.0-2-g059af68_0
:debug:main epoch: in tree: 0 installed: 0
:debug:main omlib-annex60-0.1 0.1-20160927-085740~git~master_0 exists in the ports tree
:debug:main omlib-annex60-0.1 0.1-20160927-085740~git~master_0  is the latest installed
:debug:main omlib-annex60-0.1 0.1-20160927-085740~git~master_0  is active
:debug:main Merging existing variants '' into variants
:debug:main new fully merged portvariants: 
:debug:main Changing to port directory: /opt/local/var/macports/sources/build.openmodelica.org/macports/lang/omlib-annex60-0.1
:debug:main OS darwin/15.6.0 (Mac OS X 10.11) arch i386
:debug:main universal_variant is false, so not adding the default universal variant
:debug:main Running callback portconfigure::add_automatic_compiler_dependencies
:debug:main Finished running callback portconfigure::add_automatic_compiler_dependencies
:debug:main Running callback portbuild::add_automatic_buildsystem_dependencies
:debug:main Finished running callback portbuild::add_automatic_buildsystem_dependencies
:debug:main No need to upgrade! omlib-annex60-0.1 0.1-20160927-085740~git~master_0 >= omlib-annex60-0.1 0.1-20160927-085740~git~master_0
:debug:main epoch: in tree: 0 installed: 0
:debug:main omlib-biochem-1.0.1 1.0.1-8-gb5f3cb9_0 exists in the ports tree
:debug:main omlib-biochem-1.0.1 1.0.1-8-gb5f3cb9_0  is the latest installed
:debug:main omlib-biochem-1.0.1 1.0.1-8-gb5f3cb9_0  is active
:debug:main Merging existing variants '' into variants
:debug:main new fully merged portvariants: 
:debug:main Changing to port directory: /opt/local/var/macports/sources/build.openmodelica.org/macports/lang/omlib-biochem-1.0.1
:debug:main OS darwin/15.6.0 (Mac OS X 10.11) arch i386
:debug:main universal_variant is false, so not adding the default universal variant
:debug:main Running callback portconfigure::add_automatic_compiler_dependencies
:debug:main Finished running callback portconfigure::add_automatic_compiler_dependencies
:debug:main Running callback portbuild::add_automatic_buildsystem_dependencies
:debug:main Finished running callback portbuild::add_automatic_buildsystem_dependencies
:debug:main No need to upgrade! omlib-biochem-1.0.1 1.0.1-8-gb5f3cb9_0 >= omlib-biochem-1.0.1 1.0.1-8-gb5f3cb9_0
:debug:main epoch: in tree: 0 installed: 0
:debug:main omlib-bondgraph 20131202-150206~git~master_0 exists in the ports tree
:debug:main omlib-bondgraph 20131202-150206~git~master_0  is the latest installed
:debug:main omlib-bondgraph 20131202-150206~git~master_0  is active
:debug:main Merging existing variants '' into variants
:debug:main new fully merged portvariants: 
:debug:main Changing to port directory: /opt/local/var/macports/sources/build.openmodelica.org/macports/lang/omlib-bondgraph
:debug:main OS darwin/15.6.0 (Mac OS X 10.11) arch i386
:debug:main universal_variant is false, so not adding the default universal variant
:debug:main Running callback portconfigure::add_automatic_compiler_dependencies
:debug:main Finished running callback portconfigure::add_automatic_compiler_dependencies
:debug:main Running callback portbuild::add_automatic_buildsystem_dependencies
:debug:main Finished running callback portbuild::add_automatic_buildsystem_dependencies
:debug:main No need to upgrade! omlib-bondgraph 20131202-150206~git~master_0 >= omlib-bondgraph 20131202-150206~git~master_0
:debug:main epoch: in tree: 0 installed: 0
:debug:main omlib-bondlib-2.3 2.3_0 exists in the ports tree
:debug:main omlib-bondlib-2.3 2.3_0  is the latest installed
:debug:main omlib-bondlib-2.3 2.3_0  is active
:debug:main Merging existing variants '' into variants
:debug:main new fully merged portvariants: 
:debug:main Changing to port directory: /opt/local/var/macports/sources/build.openmodelica.org/macports/lang/omlib-bondlib-2.3
:debug:main OS darwin/15.6.0 (Mac OS X 10.11) arch i386
:debug:main universal_variant is false, so not adding the default universal variant
:debug:main Running callback portconfigure::add_automatic_compiler_dependencies
:debug:main Finished running callback portconfigure::add_automatic_compiler_dependencies
:debug:main Running callback portbuild::add_automatic_buildsystem_dependencies
:debug:main Finished running callback portbuild::add_automatic_buildsystem_dependencies
:debug:main No need to upgrade! omlib-bondlib-2.3 2.3_0 >= omlib-bondlib-2.3 2.3_0
:debug:main epoch: in tree: 0 installed: 0
:debug:main omlib-brineprop-0.4.1 0.4.1-20160603-002007~git~master_0 exists in the ports tree
:debug:main omlib-brineprop-0.4.1 0.4.1-20160603-002007~git~master_0  is the latest installed
:debug:main omlib-brineprop-0.4.1 0.4.1-20160603-002007~git~master_0  is active
:debug:main Merging existing variants '' into variants
:debug:main new fully merged portvariants: 
:debug:main Changing to port directory: /opt/local/var/macports/sources/build.openmodelica.org/macports/lang/omlib-brineprop-0.4.1
:debug:main OS darwin/15.6.0 (Mac OS X 10.11) arch i386
:debug:main universal_variant is false, so not adding the default universal variant
:debug:main Running callback portconfigure::add_automatic_compiler_dependencies
:debug:main Finished running callback portconfigure::add_automatic_compiler_dependencies
:debug:main Running callback portbuild::add_automatic_buildsystem_dependencies
:debug:main Finished running callback portbuild::add_automatic_buildsystem_dependencies
:debug:main No need to upgrade! omlib-brineprop-0.4.1 0.4.1-20160603-002007~git~master_0 >= omlib-brineprop-0.4.1 0.4.1-20160603-002007~git~master_0
:debug:main epoch: in tree: 0 installed: 0
:debug:main omlib-buildsyspro-2.0.0 2.0.0-1-g95314bc_0 exists in the ports tree
:debug:main omlib-buildsyspro-2.0.0 2.0.0-1-g95314bc_0  is the latest installed
:debug:main omlib-buildsyspro-2.0.0 2.0.0-1-g95314bc_0  is active
:debug:main Merging existing variants '' into variants
:debug:main new fully merged portvariants: 
:debug:main Changing to port directory: /opt/local/var/macports/sources/build.openmodelica.org/macports/lang/omlib-buildsyspro-2.0.0
:debug:main OS darwin/15.6.0 (Mac OS X 10.11) arch i386
:debug:main universal_variant is false, so not adding the default universal variant
:debug:main Running callback portconfigure::add_automatic_compiler_dependencies
:debug:main Finished running callback portconfigure::add_automatic_compiler_dependencies
:debug:main Running callback portbuild::add_automatic_buildsystem_dependencies
:debug:main Finished running callback portbuild::add_automatic_buildsystem_dependencies
:debug:main No need to upgrade! omlib-buildsyspro-2.0.0 2.0.0-1-g95314bc_0 >= omlib-buildsyspro-2.0.0 2.0.0-1-g95314bc_0
:debug:main epoch: in tree: 0 installed: 0
:debug:main omlib-buildingsystems-0.1 0.1-20160923-151620~git~master_0 exists in the ports tree
:debug:main omlib-buildingsystems-0.1 0.1-20160923-151620~git~master_0  is the latest installed
:debug:main omlib-buildingsystems-0.1 0.1-20160923-151620~git~master_0  is active
:debug:main Merging existing variants '' into variants
:debug:main new fully merged portvariants: 
:debug:main Changing to port directory: /opt/local/var/macports/sources/build.openmodelica.org/macports/lang/omlib-buildingsystems-0.1
:debug:main OS darwin/15.6.0 (Mac OS X 10.11) arch i386
:debug:main universal_variant is false, so not adding the default universal variant
:debug:main Running callback portconfigure::add_automatic_compiler_dependencies
:debug:main Finished running callback portconfigure::add_automatic_compiler_dependencies
:debug:main Running callback portbuild::add_automatic_buildsystem_dependencies
:debug:main Finished running callback portbuild::add_automatic_buildsystem_dependencies
:debug:main No need to upgrade! omlib-buildingsystems-0.1 0.1-20160923-151620~git~master_0 >= omlib-buildingsystems-0.1 0.1-20160923-151620~git~master_0
:debug:main epoch: in tree: 0 installed: 0
:debug:main omlib-buildings-latest 20160926-210044~git~master_0 exists in the ports tree
:debug:main omlib-buildings-latest 20160926-210044~git~master_0  is the latest installed
:debug:main omlib-buildings-latest 20160926-210044~git~master_0  is active
:debug:main Merging existing variants '' into variants
:debug:main new fully merged portvariants: 
:debug:main Changing to port directory: /opt/local/var/macports/sources/build.openmodelica.org/macports/lang/omlib-buildings-latest
:debug:main OS darwin/15.6.0 (Mac OS X 10.11) arch i386
:debug:main universal_variant is false, so not adding the default universal variant
:debug:main Running callback portconfigure::add_automatic_compiler_dependencies
:debug:main Finished running callback portconfigure::add_automatic_compiler_dependencies
:debug:main Running callback portbuild::add_automatic_buildsystem_dependencies
:debug:main Finished running callback portbuild::add_automatic_buildsystem_dependencies
:debug:main No need to upgrade! omlib-buildings-latest 20160926-210044~git~master_0 >= omlib-buildings-latest 20160926-210044~git~master_0
:debug:main epoch: in tree: 0 installed: 0
:debug:main omlib-chemical-1.1.0 1.1.0-18-gc972a40_0 exists in the ports tree
:debug:main omlib-chemical-1.1.0 1.1.0-18-gc972a40_0  is the latest installed
:debug:main omlib-chemical-1.1.0 1.1.0-18-gc972a40_0  is active
:debug:main Merging existing variants '' into variants
:debug:main new fully merged portvariants: 
:debug:main Changing to port directory: /opt/local/var/macports/sources/build.openmodelica.org/macports/lang/omlib-chemical-1.1.0
:debug:main OS darwin/15.6.0 (Mac OS X 10.11) arch i386
:debug:main universal_variant is false, so not adding the default universal variant
:debug:main Running callback portconfigure::add_automatic_compiler_dependencies
:debug:main Finished running callback portconfigure::add_automatic_compiler_dependencies
:debug:main Running callback portbuild::add_automatic_buildsystem_dependencies
:debug:main Finished running callback portbuild::add_automatic_buildsystem_dependencies
:debug:main No need to upgrade! omlib-chemical-1.1.0 1.1.0-18-gc972a40_0 >= omlib-chemical-1.1.0 1.1.0-18-gc972a40_0
:debug:main epoch: in tree: 0 installed: 0
:debug:main omlib-complex-3.2.1 3.2.1-20160405-075407~git~maint-3.2.1-om1_0 exists in the ports tree
:debug:main omlib-complex-3.2.1 3.2.1-20160405-075407~git~maint-3.2.1-om1_0  is the latest installed
:debug:main omlib-complex-3.2.1 3.2.1-20160405-075407~git~maint-3.2.1-om1_0  is active
:debug:main Merging existing variants '' into variants
:debug:main new fully merged portvariants: 
:debug:main Changing to port directory: /opt/local/var/macports/sources/build.openmodelica.org/macports/lang/omlib-complex-3.2.1
:debug:main OS darwin/15.6.0 (Mac OS X 10.11) arch i386
:debug:main universal_variant is false, so not adding the default universal variant
:debug:main Running callback portconfigure::add_automatic_compiler_dependencies
:debug:main Finished running callback portconfigure::add_automatic_compiler_dependencies
:debug:main Running callback portbuild::add_automatic_buildsystem_dependencies
:debug:main Finished running callback portbuild::add_automatic_buildsystem_dependencies
:debug:main No need to upgrade! omlib-complex-3.2.1 3.2.1-20160405-075407~git~maint-3.2.1-om1_0 >= omlib-complex-3.2.1 3.2.1-20160405-075407~git~maint-3.2.1-om1_0
:debug:main epoch: in tree: 0 installed: 0
:debug:main omlib-complex-3.2.2 3.2.2-20160923-100411~git~maint-3.2.2-om1_0 exists in the ports tree
:debug:main omlib-complex-3.2.2 3.2.2-20160923-100411~git~maint-3.2.2-om1_0  is the latest installed
:debug:main omlib-complex-3.2.2 3.2.2-20160923-100411~git~maint-3.2.2-om1_0  is active
:debug:main Merging existing variants '' into variants
:debug:main new fully merged portvariants: 
:debug:main Changing to port directory: /opt/local/var/macports/sources/build.openmodelica.org/macports/lang/omlib-complex-3.2.2
:debug:main OS darwin/15.6.0 (Mac OS X 10.11) arch i386
:debug:main universal_variant is false, so not adding the default universal variant
:debug:main Running callback portconfigure::add_automatic_compiler_dependencies
:debug:main Finished running callback portconfigure::add_automatic_compiler_dependencies
:debug:main Running callback portbuild::add_automatic_buildsystem_dependencies
:debug:main Finished running callback portbuild::add_automatic_buildsystem_dependencies
:debug:main No need to upgrade! omlib-complex-3.2.2 3.2.2-20160923-100411~git~maint-3.2.2-om1_0 >= omlib-complex-3.2.2 3.2.2-20160923-100411~git~maint-3.2.2-om1_0
:debug:main epoch: in tree: 0 installed: 0
:debug:main omlib-complex-trunk 20160923-100256~git~master-om1_0 exists in the ports tree
:debug:main omlib-complex-trunk 20160923-100256~git~master-om1_0  is the latest installed
:debug:main omlib-complex-trunk 20160923-100256~git~master-om1_0  is active
:debug:main Merging existing variants '' into variants
:debug:main new fully merged portvariants: 
:debug:main Changing to port directory: /opt/local/var/macports/sources/build.openmodelica.org/macports/lang/omlib-complex-trunk
:debug:main OS darwin/15.6.0 (Mac OS X 10.11) arch i386
:debug:main universal_variant is false, so not adding the default universal variant
:debug:main Running callback portconfigure::add_automatic_compiler_dependencies
:debug:main Finished running callback portconfigure::add_automatic_compiler_dependencies
:debug:main Running callback portbuild::add_automatic_buildsystem_dependencies
:debug:main Finished running callback portbuild::add_automatic_buildsystem_dependencies
:debug:main No need to upgrade! omlib-complex-trunk 20160923-100256~git~master-om1_0 >= omlib-complex-trunk 20160923-100256~git~master-om1_0
:debug:main epoch: in tree: 0 installed: 0
:debug:main omlib-complexlib 20080518-080000~git~master_0 exists in the ports tree
:debug:main omlib-complexlib 20080518-080000~git~master_0  is the latest installed
:debug:main omlib-complexlib 20080518-080000~git~master_0  is active
:debug:main Merging existing variants '' into variants
:debug:main new fully merged portvariants: 
:debug:main Changing to port directory: /opt/local/var/macports/sources/build.openmodelica.org/macports/lang/omlib-complexlib
:debug:main OS darwin/15.6.0 (Mac OS X 10.11) arch i386
:debug:main universal_variant is false, so not adding the default universal variant
:debug:main Running callback portconfigure::add_automatic_compiler_dependencies
:debug:main Finished running callback portconfigure::add_automatic_compiler_dependencies
:debug:main Running callback portbuild::add_automatic_buildsystem_dependencies
:debug:main Finished running callback portbuild::add_automatic_buildsystem_dependencies
:debug:main No need to upgrade! omlib-complexlib 20080518-080000~git~master_0 >= omlib-complexlib 20080518-080000~git~master_0
:debug:main epoch: in tree: 0 installed: 0
:debug:main omlib-conpnlib 20151027-102722~git~master_0 exists in the ports tree
:debug:main omlib-conpnlib 20151027-102722~git~master_0  is the latest installed
:debug:main omlib-conpnlib 20151027-102722~git~master_0  is active
:debug:main Merging existing variants '' into variants
:debug:main new fully merged portvariants: 
:debug:main Changing to port directory: /opt/local/var/macports/sources/build.openmodelica.org/macports/lang/omlib-conpnlib
:debug:main OS darwin/15.6.0 (Mac OS X 10.11) arch i386
:debug:main universal_variant is false, so not adding the default universal variant
:debug:main Running callback portconfigure::add_automatic_compiler_dependencies
:debug:main Finished running callback portconfigure::add_automatic_compiler_dependencies
:debug:main Running callback portbuild::add_automatic_buildsystem_dependencies
:debug:main Finished running callback portbuild::add_automatic_buildsystem_dependencies
:debug:main No need to upgrade! omlib-conpnlib 20151027-102722~git~master_0 >= omlib-conpnlib 20151027-102722~git~master_0
:debug:main epoch: in tree: 0 installed: 0
:debug:main omlib-deslib-1.6.1 1.6.1_0 exists in the ports tree
:debug:main omlib-deslib-1.6.1 1.6.1_0  is the latest installed
:debug:main omlib-deslib-1.6.1 1.6.1_0  is active
:debug:main Merging existing variants '' into variants
:debug:main new fully merged portvariants: 
:debug:main Changing to port directory: /opt/local/var/macports/sources/build.openmodelica.org/macports/lang/omlib-deslib-1.6.1
:debug:main OS darwin/15.6.0 (Mac OS X 10.11) arch i386
:debug:main universal_variant is false, so not adding the default universal variant
:debug:main Running callback portconfigure::add_automatic_compiler_dependencies
:debug:main Finished running callback portconfigure::add_automatic_compiler_dependencies
:debug:main Running callback portbuild::add_automatic_buildsystem_dependencies
:debug:main Finished running callback portbuild::add_automatic_buildsystem_dependencies
:debug:main No need to upgrade! omlib-deslib-1.6.1 1.6.1_0 >= omlib-deslib-1.6.1 1.6.1_0
:debug:main epoch: in tree: 0 installed: 0
:debug:main omlib-extendedpetrinets-1.0 1.0-20020411-080000~git~release_0 exists in the ports tree
:debug:main omlib-extendedpetrinets-1.0 1.0-20020411-080000~git~release_0  is the latest installed
:debug:main omlib-extendedpetrinets-1.0 1.0-20020411-080000~git~release_0  is active
:debug:main Merging existing variants '' into variants
:debug:main new fully merged portvariants: 
:debug:main Changing to port directory: /opt/local/var/macports/sources/build.openmodelica.org/macports/lang/omlib-extendedpetrinets-1.0
:debug:main OS darwin/15.6.0 (Mac OS X 10.11) arch i386
:debug:main universal_variant is false, so not adding the default universal variant
:debug:main Running callback portconfigure::add_automatic_compiler_dependencies
:debug:main Finished running callback portconfigure::add_automatic_compiler_dependencies
:debug:main Running callback portbuild::add_automatic_buildsystem_dependencies
:debug:main Finished running callback portbuild::add_automatic_buildsystem_dependencies
:debug:main No need to upgrade! omlib-extendedpetrinets-1.0 1.0-20020411-080000~git~release_0 >= omlib-extendedpetrinets-1.0 1.0-20020411-080000~git~release_0
:debug:main epoch: in tree: 0 installed: 0
:debug:main omlib-externdata-2.0.0-dev 20160808-201740~git~master_0 exists in the ports tree
:debug:main omlib-externdata-2.0.0-dev 20160808-201740~git~master_0  is the latest installed
:debug:main omlib-externdata-2.0.0-dev 20160808-201740~git~master_0  is active
:debug:main Merging existing variants '' into variants
:debug:main new fully merged portvariants: 
:debug:main Changing to port directory: /opt/local/var/macports/sources/build.openmodelica.org/macports/lang/omlib-externdata-2.0.0-dev
:debug:main OS darwin/15.6.0 (Mac OS X 10.11) arch i386
:debug:main universal_variant is false, so not adding the default universal variant
:debug:main Running callback portconfigure::add_automatic_compiler_dependencies
:debug:main Finished running callback portconfigure::add_automatic_compiler_dependencies
:debug:main Running callback portbuild::add_automatic_buildsystem_dependencies
:debug:main Finished running callback portbuild::add_automatic_buildsystem_dependencies
:debug:main No need to upgrade! omlib-externdata-2.0.0-dev 20160808-201740~git~master_0 >= omlib-externdata-2.0.0-dev 20160808-201740~git~master_0
:debug:main epoch: in tree: 0 installed: 0
:debug:main omlib-fcsys-0.2.6 0.2.6_0 exists in the ports tree
:debug:main omlib-fcsys-0.2.6 0.2.6_0  is the latest installed
:debug:main omlib-fcsys-0.2.6 0.2.6_0  is active
:debug:main Merging existing variants '' into variants
:debug:main new fully merged portvariants: 
:debug:main Changing to port directory: /opt/local/var/macports/sources/build.openmodelica.org/macports/lang/omlib-fcsys-0.2.6
:debug:main OS darwin/15.6.0 (Mac OS X 10.11) arch i386
:debug:main universal_variant is false, so not adding the default universal variant
:debug:main Running callback portconfigure::add_automatic_compiler_dependencies
:debug:main Finished running callback portconfigure::add_automatic_compiler_dependencies
:debug:main Running callback portbuild::add_automatic_buildsystem_dependencies
:debug:main Finished running callback portbuild::add_automatic_buildsystem_dependencies
:debug:main No need to upgrade! omlib-fcsys-0.2.6 0.2.6_0 >= omlib-fcsys-0.2.6 0.2.6_0
:debug:main epoch: in tree: 0 installed: 0
:debug:main omlib-fcsystest 0.2.6_0 exists in the ports tree
:debug:main omlib-fcsystest 0.2.6_0  is the latest installed
:debug:main omlib-fcsystest 0.2.6_0  is active
:debug:main Merging existing variants '' into variants
:debug:main new fully merged portvariants: 
:debug:main Changing to port directory: /opt/local/var/macports/sources/build.openmodelica.org/macports/lang/omlib-fcsystest
:debug:main OS darwin/15.6.0 (Mac OS X 10.11) arch i386
:debug:main universal_variant is false, so not adding the default universal variant
:debug:main Running callback portconfigure::add_automatic_compiler_dependencies
:debug:main Finished running callback portconfigure::add_automatic_compiler_dependencies
:debug:main Running callback portbuild::add_automatic_buildsystem_dependencies
:debug:main Finished running callback portbuild::add_automatic_buildsystem_dependencies
:debug:main No need to upgrade! omlib-fcsystest 0.2.6_0 >= omlib-fcsystest 0.2.6_0
:debug:main epoch: in tree: 0 installed: 0
:debug:main omlib-fastbuildings-0.0 0.0-20150111-223732~git~master_0 exists in the ports tree
:debug:main omlib-fastbuildings-0.0 0.0-20150111-223732~git~master_0  is the latest installed
:debug:main omlib-fastbuildings-0.0 0.0-20150111-223732~git~master_0  is active
:debug:main Merging existing variants '' into variants
:debug:main new fully merged portvariants: 
:debug:main Changing to port directory: /opt/local/var/macports/sources/build.openmodelica.org/macports/lang/omlib-fastbuildings-0.0
:debug:main OS darwin/15.6.0 (Mac OS X 10.11) arch i386
:debug:main universal_variant is false, so not adding the default universal variant
:debug:main Running callback portconfigure::add_automatic_compiler_dependencies
:debug:main Finished running callback portconfigure::add_automatic_compiler_dependencies
:debug:main Running callback portbuild::add_automatic_buildsystem_dependencies
:debug:main Finished running callback portbuild::add_automatic_buildsystem_dependencies
:debug:main No need to upgrade! omlib-fastbuildings-0.0 0.0-20150111-223732~git~master_0 >= omlib-fastbuildings-0.0 0.0-20150111-223732~git~master_0
:debug:main epoch: in tree: 0 installed: 0
:debug:main omlib-faulttriggering-0.6.5 0.6.5-20160715-154637~git~master_0 exists in the ports tree
:debug:main omlib-faulttriggering-0.6.5 0.6.5-20160715-154637~git~master_0  is the latest installed
:debug:main omlib-faulttriggering-0.6.5 0.6.5-20160715-154637~git~master_0  is active
:debug:main Merging existing variants '' into variants
:debug:main new fully merged portvariants: 
:debug:main Changing to port directory: /opt/local/var/macports/sources/build.openmodelica.org/macports/lang/omlib-faulttriggering-0.6.5
:debug:main OS darwin/15.6.0 (Mac OS X 10.11) arch i386
:debug:main universal_variant is false, so not adding the default universal variant
:debug:main Running callback portconfigure::add_automatic_compiler_dependencies
:debug:main Finished running callback portconfigure::add_automatic_compiler_dependencies
:debug:main Running callback portbuild::add_automatic_buildsystem_dependencies
:debug:main Finished running callback portbuild::add_automatic_buildsystem_dependencies
:debug:main No need to upgrade! omlib-faulttriggering-0.6.5 0.6.5-20160715-154637~git~master_0 >= omlib-faulttriggering-0.6.5 0.6.5-20160715-154637~git~master_0
:debug:main epoch: in tree: 0 installed: 0
:debug:main omlib-flight 20150119-093303~git~master_0 exists in the ports tree
:debug:main omlib-flight 20150119-093303~git~master_0  is the latest installed
:debug:main omlib-flight 20150119-093303~git~master_0  is active
:debug:main Merging existing variants '' into variants
:debug:main new fully merged portvariants: 
:debug:main Changing to port directory: /opt/local/var/macports/sources/build.openmodelica.org/macports/lang/omlib-flight
:debug:main OS darwin/15.6.0 (Mac OS X 10.11) arch i386
:debug:main universal_variant is false, so not adding the default universal variant
:debug:main Running callback portconfigure::add_automatic_compiler_dependencies
:debug:main Finished running callback portconfigure::add_automatic_compiler_dependencies
:debug:main Running callback portbuild::add_automatic_buildsystem_dependencies
:debug:main Finished running callback portbuild::add_automatic_buildsystem_dependencies
:debug:main No need to upgrade! omlib-flight 20150119-093303~git~master_0 >= omlib-flight 20150119-093303~git~master_0
:debug:main epoch: in tree: 0 installed: 0
:debug:main omlib-fractionalorder 20151007-174822~git~master_0 exists in the ports tree
:debug:main omlib-fractionalorder 20151007-174822~git~master_0  is the latest installed
:debug:main omlib-fractionalorder 20151007-174822~git~master_0  is active
:debug:main Merging existing variants '' into variants
:debug:main new fully merged portvariants: 
:debug:main Changing to port directory: /opt/local/var/macports/sources/build.openmodelica.org/macports/lang/omlib-fractionalorder
:debug:main OS darwin/15.6.0 (Mac OS X 10.11) arch i386
:debug:main universal_variant is false, so not adding the default universal variant
:debug:main Running callback portconfigure::add_automatic_compiler_dependencies
:debug:main Finished running callback portconfigure::add_automatic_compiler_dependencies
:debug:main Running callback portbuild::add_automatic_buildsystem_dependencies
:debug:main Finished running callback portbuild::add_automatic_buildsystem_dependencies
:debug:main No need to upgrade! omlib-fractionalorder 20151007-174822~git~master_0 >= omlib-fractionalorder 20151007-174822~git~master_0
:debug:main epoch: in tree: 0 installed: 0
:debug:main omlib-fuzzycontrol 20021101-080000~git~master_0 exists in the ports tree
:debug:main omlib-fuzzycontrol 20021101-080000~git~master_0  is the latest installed
:debug:main omlib-fuzzycontrol 20021101-080000~git~master_0  is active
:debug:main Merging existing variants '' into variants
:debug:main new fully merged portvariants: 
:debug:main Changing to port directory: /opt/local/var/macports/sources/build.openmodelica.org/macports/lang/omlib-fuzzycontrol
:debug:main OS darwin/15.6.0 (Mac OS X 10.11) arch i386
:debug:main universal_variant is false, so not adding the default universal variant
:debug:main Running callback portconfigure::add_automatic_compiler_dependencies
:debug:main Finished running callback portconfigure::add_automatic_compiler_dependencies
:debug:main Running callback portbuild::add_automatic_buildsystem_dependencies
:debug:main Finished running callback portbuild::add_automatic_buildsystem_dependencies
:debug:main No need to upgrade! omlib-fuzzycontrol 20021101-080000~git~master_0 >= omlib-fuzzycontrol 20021101-080000~git~master_0
:debug:main epoch: in tree: 0 installed: 0
:debug:main omlib-helmholtzmedia 20151110-095244~git~master_0 exists in the ports tree
:debug:main omlib-helmholtzmedia 20151110-095244~git~master_0  is the latest installed
:debug:main omlib-helmholtzmedia 20151110-095244~git~master_0  is active
:debug:main Merging existing variants '' into variants
:debug:main new fully merged portvariants: 
:debug:main Changing to port directory: /opt/local/var/macports/sources/build.openmodelica.org/macports/lang/omlib-helmholtzmedia
:debug:main OS darwin/15.6.0 (Mac OS X 10.11) arch i386
:debug:main universal_variant is false, so not adding the default universal variant
:debug:main Running callback portconfigure::add_automatic_compiler_dependencies
:debug:main Finished running callback portconfigure::add_automatic_compiler_dependencies
:debug:main Running callback portbuild::add_automatic_buildsystem_dependencies
:debug:main Finished running callback portbuild::add_automatic_buildsystem_dependencies
:debug:main No need to upgrade! omlib-helmholtzmedia 20151110-095244~git~master_0 >= omlib-helmholtzmedia 20151110-095244~git~master_0
:debug:main epoch: in tree: 0 installed: 0
:debug:main omlib-idealizedcontact-0.2.0 0.2.0-20150910-122235~git~master_0 exists in the ports tree
:debug:main omlib-idealizedcontact-0.2.0 0.2.0-20150910-122235~git~master_0  is the latest installed
:debug:main omlib-idealizedcontact-0.2.0 0.2.0-20150910-122235~git~master_0  is active
:debug:main Merging existing variants '' into variants
:debug:main new fully merged portvariants: 
:debug:main Changing to port directory: /opt/local/var/macports/sources/build.openmodelica.org/macports/lang/omlib-idealizedcontact-0.2.0
:debug:main OS darwin/15.6.0 (Mac OS X 10.11) arch i386
:debug:main universal_variant is false, so not adding the default universal variant
:debug:main Running callback portconfigure::add_automatic_compiler_dependencies
:debug:main Finished running callback portconfigure::add_automatic_compiler_dependencies
:debug:main Running callback portbuild::add_automatic_buildsystem_dependencies
:debug:main Finished running callback portbuild::add_automatic_buildsystem_dependencies
:debug:main No need to upgrade! omlib-idealizedcontact-0.2.0 0.2.0-20150910-122235~git~master_0 >= omlib-idealizedcontact-0.2.0 0.2.0-20150910-122235~git~master_0
:debug:main epoch: in tree: 0 installed: 0
:debug:main omlib-industrialcontrolsystems-1 1.0-7-g6a24143om1_0 exists in the ports tree
:debug:main omlib-industrialcontrolsystems-1 1.0-7-g6a24143om1_0  is the latest installed
:debug:main omlib-industrialcontrolsystems-1 1.0-7-g6a24143om1_0  is active
:debug:main Merging existing variants '' into variants
:debug:main new fully merged portvariants: 
:debug:main Changing to port directory: /opt/local/var/macports/sources/build.openmodelica.org/macports/lang/omlib-industrialcontrolsystems-1
:debug:main OS darwin/15.6.0 (Mac OS X 10.11) arch i386
:debug:main universal_variant is false, so not adding the default universal variant
:debug:main Running callback portconfigure::add_automatic_compiler_dependencies
:debug:main Finished running callback portconfigure::add_automatic_compiler_dependencies
:debug:main Running callback portbuild::add_automatic_buildsystem_dependencies
:debug:main Finished running callback portbuild::add_automatic_buildsystem_dependencies
:debug:main No need to upgrade! omlib-industrialcontrolsystems-1 1.0-7-g6a24143om1_0 >= omlib-industrialcontrolsystems-1 1.0-7-g6a24143om1_0
:debug:main epoch: in tree: 0 installed: 0
:debug:main omlib-instantaneoussymmetricalcomponents 7978_0 exists in the ports tree
:debug:main omlib-instantaneoussymmetricalcomponents 7978_0  is the latest installed
:debug:main omlib-instantaneoussymmetricalcomponents 7978_0  is active
:debug:main Merging existing variants '' into variants
:debug:main new fully merged portvariants: 
:debug:main Changing to port directory: /opt/local/var/macports/sources/build.openmodelica.org/macports/lang/omlib-instantaneoussymmetricalcomponents
:debug:main OS darwin/15.6.0 (Mac OS X 10.11) arch i386
:debug:main universal_variant is false, so not adding the default universal variant
:debug:main Running callback portconfigure::add_automatic_compiler_dependencies
:debug:main Finished running callback portconfigure::add_automatic_compiler_dependencies
:debug:main Running callback portbuild::add_automatic_buildsystem_dependencies
:debug:main Finished running callback portbuild::add_automatic_buildsystem_dependencies
:debug:main No need to upgrade! omlib-instantaneoussymmetricalcomponents 7978_0 >= omlib-instantaneoussymmetricalcomponents 7978_0
:debug:main epoch: in tree: 0 installed: 0
:debug:main omlib-keywordio-0.x.0 20160809-105352~git~master_0 exists in the ports tree
:debug:main omlib-keywordio-0.x.0 20160809-105352~git~master_0  is the latest installed
:debug:main omlib-keywordio-0.x.0 20160809-105352~git~master_0  is active
:debug:main Merging existing variants '' into variants
:debug:main new fully merged portvariants: 
:debug:main Changing to port directory: /opt/local/var/macports/sources/build.openmodelica.org/macports/lang/omlib-keywordio-0.x.0
:debug:main OS darwin/15.6.0 (Mac OS X 10.11) arch i386
:debug:main universal_variant is false, so not adding the default universal variant
:debug:main Running callback portconfigure::add_automatic_compiler_dependencies
:debug:main Finished running callback portconfigure::add_automatic_compiler_dependencies
:debug:main Running callback portbuild::add_automatic_buildsystem_dependencies
:debug:main Finished running callback portbuild::add_automatic_buildsystem_dependencies
:debug:main No need to upgrade! omlib-keywordio-0.x.0 20160809-105352~git~master_0 >= omlib-keywordio-0.x.0 20160809-105352~git~master_0
:debug:main epoch: in tree: 0 installed: 0
:debug:main omlib-linearmpc-1 1.0-2-g535e7ef_0 exists in the ports tree
:debug:main omlib-linearmpc-1 1.0-2-g535e7ef_0  is the latest installed
:debug:main omlib-linearmpc-1 1.0-2-g535e7ef_0  is active
:debug:main Merging existing variants '' into variants
:debug:main new fully merged portvariants: 
:debug:main Changing to port directory: /opt/local/var/macports/sources/build.openmodelica.org/macports/lang/omlib-linearmpc-1
:debug:main OS darwin/15.6.0 (Mac OS X 10.11) arch i386
:debug:main universal_variant is false, so not adding the default universal variant
:debug:main Running callback portconfigure::add_automatic_compiler_dependencies
:debug:main Finished running callback portconfigure::add_automatic_compiler_dependencies
:debug:main Running callback portbuild::add_automatic_buildsystem_dependencies
:debug:main Finished running callback portbuild::add_automatic_buildsystem_dependencies
:debug:main No need to upgrade! omlib-linearmpc-1 1.0-2-g535e7ef_0 >= omlib-linearmpc-1 1.0-2-g535e7ef_0
:debug:main epoch: in tree: 0 installed: 0
:debug:main omlib-mvemlib-1.0.1 1.0.1_0 exists in the ports tree
:debug:main omlib-mvemlib-1.0.1 1.0.1_0  is the latest installed
:debug:main omlib-mvemlib-1.0.1 1.0.1_0  is active
:debug:main Merging existing variants '' into variants
:debug:main new fully merged portvariants: 
:debug:main Changing to port directory: /opt/local/var/macports/sources/build.openmodelica.org/macports/lang/omlib-mvemlib-1.0.1
:debug:main OS darwin/15.6.0 (Mac OS X 10.11) arch i386
:debug:main universal_variant is false, so not adding the default universal variant
:debug:main Running callback portconfigure::add_automatic_compiler_dependencies
:debug:main Finished running callback portconfigure::add_automatic_compiler_dependencies
:debug:main Running callback portbuild::add_automatic_buildsystem_dependencies
:debug:main Finished running callback portbuild::add_automatic_buildsystem_dependencies
:debug:main No need to upgrade! omlib-mvemlib-1.0.1 1.0.1_0 >= omlib-mvemlib-1.0.1 1.0.1_0
:debug:main epoch: in tree: 0 installed: 0
:debug:main omlib-manualtracking 20150801-224607~git~master_0 exists in the ports tree
:debug:main omlib-manualtracking 20150801-224607~git~master_0  is the latest installed
:debug:main omlib-manualtracking 20150801-224607~git~master_0  is active
:debug:main Merging existing variants '' into variants
:debug:main new fully merged portvariants: 
:debug:main Changing to port directory: /opt/local/var/macports/sources/build.openmodelica.org/macports/lang/omlib-manualtracking
:debug:main OS darwin/15.6.0 (Mac OS X 10.11) arch i386
:debug:main universal_variant is false, so not adding the default universal variant
:debug:main Running callback portconfigure::add_automatic_compiler_dependencies
:debug:main Finished running callback portconfigure::add_automatic_compiler_dependencies
:debug:main Running callback portbuild::add_automatic_buildsystem_dependencies
:debug:main Finished running callback portbuild::add_automatic_buildsystem_dependencies
:debug:main No need to upgrade! omlib-manualtracking 20150801-224607~git~master_0 >= omlib-manualtracking 20150801-224607~git~master_0
:debug:main epoch: in tree: 0 installed: 0
:debug:main omlib-messagepack-0.1 0.1-37-g518bc34_0 exists in the ports tree
:debug:main omlib-messagepack-0.1 0.1-37-g518bc34_0  is the latest installed
:debug:main omlib-messagepack-0.1 0.1-37-g518bc34_0  is active
:debug:main Merging existing variants '' into variants
:debug:main new fully merged portvariants: 
:debug:main Changing to port directory: /opt/local/var/macports/sources/build.openmodelica.org/macports/lang/omlib-messagepack-0.1
:debug:main OS darwin/15.6.0 (Mac OS X 10.11) arch i386
:debug:main universal_variant is false, so not adding the default universal variant
:debug:main Running callback portconfigure::add_automatic_compiler_dependencies
:debug:main Finished running callback portconfigure::add_automatic_compiler_dependencies
:debug:main Running callback portbuild::add_automatic_buildsystem_dependencies
:debug:main Finished running callback portbuild::add_automatic_buildsystem_dependencies
:debug:main No need to upgrade! omlib-messagepack-0.1 0.1-37-g518bc34_0 >= omlib-messagepack-0.1 0.1-37-g518bc34_0
:debug:main epoch: in tree: 0 installed: 0
:debug:main omlib-modelica-1.6 1.6-om1_0 exists in the ports tree
:debug:main omlib-modelica-1.6 1.6-om1_0  is the latest installed
:debug:main omlib-modelica-1.6 1.6-om1_0  is active
:debug:main Merging existing variants '' into variants
:debug:main new fully merged portvariants: 
:debug:main Changing to port directory: /opt/local/var/macports/sources/build.openmodelica.org/macports/lang/omlib-modelica-1.6
:debug:main OS darwin/15.6.0 (Mac OS X 10.11) arch i386
:debug:main universal_variant is false, so not adding the default universal variant
:debug:main Running callback portconfigure::add_automatic_compiler_dependencies
:debug:main Finished running callback portconfigure::add_automatic_compiler_dependencies
:debug:main Running callback portbuild::add_automatic_buildsystem_dependencies
:debug:main Finished running callback portbuild::add_automatic_buildsystem_dependencies
:debug:main No need to upgrade! omlib-modelica-1.6 1.6-om1_0 >= omlib-modelica-1.6 1.6-om1_0
:debug:main epoch: in tree: 0 installed: 0
:debug:main omlib-modelica-2.2.2 2.2.2-20140315-143534~git~maint-2.2.2-om1_0 exists in the ports tree
:debug:main omlib-modelica-2.2.2 2.2.2-20140315-143534~git~maint-2.2.2-om1_0  is the latest installed
:debug:main omlib-modelica-2.2.2 2.2.2-20140315-143534~git~maint-2.2.2-om1_0  is active
:debug:main Merging existing variants '' into variants
:debug:main new fully merged portvariants: 
:debug:main Changing to port directory: /opt/local/var/macports/sources/build.openmodelica.org/macports/lang/omlib-modelica-2.2.2
:debug:main OS darwin/15.6.0 (Mac OS X 10.11) arch i386
:debug:main universal_variant is false, so not adding the default universal variant
:debug:main Running callback portconfigure::add_automatic_compiler_dependencies
:debug:main Finished running callback portconfigure::add_automatic_compiler_dependencies
:debug:main Running callback portbuild::add_automatic_buildsystem_dependencies
:debug:main Finished running callback portbuild::add_automatic_buildsystem_dependencies
:debug:main No need to upgrade! omlib-modelica-2.2.2 2.2.2-20140315-143534~git~maint-2.2.2-om1_0 >= omlib-modelica-2.2.2 2.2.2-20140315-143534~git~maint-2.2.2-om1_0
:debug:main epoch: in tree: 0 installed: 0
:debug:main omlib-modelica-3.1 3.1-20140322-174148~git~maint-3.1-om1_0 exists in the ports tree
:debug:main omlib-modelica-3.1 3.1-20140322-174148~git~maint-3.1-om1_0  is the latest installed
:debug:main omlib-modelica-3.1 3.1-20140322-174148~git~maint-3.1-om1_0  is active
:debug:main Merging existing variants '' into variants
:debug:main new fully merged portvariants: 
:debug:main Changing to port directory: /opt/local/var/macports/sources/build.openmodelica.org/macports/lang/omlib-modelica-3.1
:debug:main OS darwin/15.6.0 (Mac OS X 10.11) arch i386
:debug:main universal_variant is false, so not adding the default universal variant
:debug:main Running callback portconfigure::add_automatic_compiler_dependencies
:debug:main Finished running callback portconfigure::add_automatic_compiler_dependencies
:debug:main Running callback portbuild::add_automatic_buildsystem_dependencies
:debug:main Finished running callback portbuild::add_automatic_buildsystem_dependencies
:debug:main No need to upgrade! omlib-modelica-3.1 3.1-20140322-174148~git~maint-3.1-om1_0 >= omlib-modelica-3.1 3.1-20140322-174148~git~maint-3.1-om1_0
:debug:main epoch: in tree: 0 installed: 0
:debug:main omlib-modelica-3.2.1 3.2.1-20160405-075407~git~maint-3.2.1-om1_0 exists in the ports tree
:debug:main omlib-modelica-3.2.1 3.2.1-20160405-075407~git~maint-3.2.1-om1_0  is the latest installed
:debug:main omlib-modelica-3.2.1 3.2.1-20160405-075407~git~maint-3.2.1-om1_0  is active
:debug:main Merging existing variants '' into variants
:debug:main new fully merged portvariants: 
:debug:main Changing to port directory: /opt/local/var/macports/sources/build.openmodelica.org/macports/lang/omlib-modelica-3.2.1
:debug:main OS darwin/15.6.0 (Mac OS X 10.11) arch i386
:debug:main universal_variant is false, so not adding the default universal variant
:debug:main Running callback portconfigure::add_automatic_compiler_dependencies
:debug:main Finished running callback portconfigure::add_automatic_compiler_dependencies
:debug:main Running callback portbuild::add_automatic_buildsystem_dependencies
:debug:main Finished running callback portbuild::add_automatic_buildsystem_dependencies
:debug:main No need to upgrade! omlib-modelica-3.2.1 3.2.1-20160405-075407~git~maint-3.2.1-om1_0 >= omlib-modelica-3.2.1 3.2.1-20160405-075407~git~maint-3.2.1-om1_0
:debug:main epoch: in tree: 0 installed: 0
:debug:main omlib-modelica-3.2.2 3.2.2-20160923-100411~git~maint-3.2.2-om2_0 exists in the ports tree
:debug:main omlib-modelica-3.2.2 3.2.2-20160923-100411~git~maint-3.2.2-om2_0  is the latest installed
:debug:main omlib-modelica-3.2.2 3.2.2-20160923-100411~git~maint-3.2.2-om2_0  is active
:debug:main Merging existing variants '' into variants
:debug:main new fully merged portvariants: 
:debug:main Changing to port directory: /opt/local/var/macports/sources/build.openmodelica.org/macports/lang/omlib-modelica-3.2.2
:debug:main OS darwin/15.6.0 (Mac OS X 10.11) arch i386
:debug:main universal_variant is false, so not adding the default universal variant
:debug:main Running callback portconfigure::add_automatic_compiler_dependencies
:debug:main Finished running callback portconfigure::add_automatic_compiler_dependencies
:debug:main Running callback portbuild::add_automatic_buildsystem_dependencies
:debug:main Finished running callback portbuild::add_automatic_buildsystem_dependencies
:debug:main No need to upgrade! omlib-modelica-3.2.2 3.2.2-20160923-100411~git~maint-3.2.2-om2_0 >= omlib-modelica-3.2.2 3.2.2-20160923-100411~git~maint-3.2.2-om2_0
:debug:main epoch: in tree: 0 installed: 0
:debug:main omlib-modelica-trunk 20160923-100256~git~master-om1_0 exists in the ports tree
:debug:main omlib-modelica-trunk 20160923-100256~git~master-om1_0  is the latest installed
:debug:main omlib-modelica-trunk 20160923-100256~git~master-om1_0  is active
:debug:main Merging existing variants '' into variants
:debug:main new fully merged portvariants: 
:debug:main Changing to port directory: /opt/local/var/macports/sources/build.openmodelica.org/macports/lang/omlib-modelica-trunk
:debug:main OS darwin/15.6.0 (Mac OS X 10.11) arch i386
:debug:main universal_variant is false, so not adding the default universal variant
:debug:main Running callback portconfigure::add_automatic_compiler_dependencies
:debug:main Finished running callback portconfigure::add_automatic_compiler_dependencies
:debug:main Running callback portbuild::add_automatic_buildsystem_dependencies
:debug:main Finished running callback portbuild::add_automatic_buildsystem_dependencies
:debug:main No need to upgrade! omlib-modelica-trunk 20160923-100256~git~master-om1_0 >= omlib-modelica-trunk 20160923-100256~git~master-om1_0
:debug:main epoch: in tree: 0 installed: 0
:debug:main omlib-modelicaadditions-1.5 1.5_0 exists in the ports tree
:debug:main omlib-modelicaadditions-1.5 1.5_0  is the latest installed
:debug:main omlib-modelicaadditions-1.5 1.5_0  is active
:debug:main Merging existing variants '' into variants
:debug:main new fully merged portvariants: 
:debug:main Changing to port directory: /opt/local/var/macports/sources/build.openmodelica.org/macports/lang/omlib-modelicaadditions-1.5
:debug:main OS darwin/15.6.0 (Mac OS X 10.11) arch i386
:debug:main universal_variant is false, so not adding the default universal variant
:debug:main Running callback portconfigure::add_automatic_compiler_dependencies
:debug:main Finished running callback portconfigure::add_automatic_compiler_dependencies
:debug:main Running callback portbuild::add_automatic_buildsystem_dependencies
:debug:main Finished running callback portbuild::add_automatic_buildsystem_dependencies
:debug:main No need to upgrade! omlib-modelicaadditions-1.5 1.5_0 >= omlib-modelicaadditions-1.5 1.5_0
:debug:main epoch: in tree: 0 installed: 0
:debug:main omlib-modelicabyexample 20160921-114456~git~master_0 exists in the ports tree
:debug:main omlib-modelicabyexample 20160921-114456~git~master_0  is the latest installed
:debug:main omlib-modelicabyexample 20160921-114456~git~master_0  is active
:debug:main Merging existing variants '' into variants
:debug:main new fully merged portvariants: 
:debug:main Changing to port directory: /opt/local/var/macports/sources/build.openmodelica.org/macports/lang/omlib-modelicabyexample
:debug:main OS darwin/15.6.0 (Mac OS X 10.11) arch i386
:debug:main universal_variant is false, so not adding the default universal variant
:debug:main Running callback portconfigure::add_automatic_compiler_dependencies
:debug:main Finished running callback portconfigure::add_automatic_compiler_dependencies
:debug:main Running callback portbuild::add_automatic_buildsystem_dependencies
:debug:main Finished running callback portbuild::add_automatic_buildsystem_dependencies
:debug:main No need to upgrade! omlib-modelicabyexample 20160921-114456~git~master_0 >= omlib-modelicabyexample 20160921-114456~git~master_0
:debug:main epoch: in tree: 0 installed: 0
:debug:main omlib-modelicacompliance-3.2 3.2-20160711-152926~git~master_0 exists in the ports tree
:debug:main omlib-modelicacompliance-3.2 3.2-20160711-152926~git~master_0  is the latest installed
:debug:main omlib-modelicacompliance-3.2 3.2-20160711-152926~git~master_0  is active
:debug:main Merging existing variants '' into variants
:debug:main new fully merged portvariants: 
:debug:main Changing to port directory: /opt/local/var/macports/sources/build.openmodelica.org/macports/lang/omlib-modelicacompliance-3.2
:debug:main OS darwin/15.6.0 (Mac OS X 10.11) arch i386
:debug:main universal_variant is false, so not adding the default universal variant
:debug:main Running callback portconfigure::add_automatic_compiler_dependencies
:debug:main Finished running callback portconfigure::add_automatic_compiler_dependencies
:debug:main Running callback portbuild::add_automatic_buildsystem_dependencies
:debug:main Finished running callback portbuild::add_automatic_buildsystem_dependencies
:debug:main No need to upgrade! omlib-modelicacompliance-3.2 3.2-20160711-152926~git~master_0 >= omlib-modelicacompliance-3.2 3.2-20160711-152926~git~master_0
:debug:main epoch: in tree: 0 installed: 0
:debug:main omlib-modelicadevs-1 1.0_0 exists in the ports tree
:debug:main omlib-modelicadevs-1 1.0_0  is the latest installed
:debug:main omlib-modelicadevs-1 1.0_0  is active
:debug:main Merging existing variants '' into variants
:debug:main new fully merged portvariants: 
:debug:main Changing to port directory: /opt/local/var/macports/sources/build.openmodelica.org/macports/lang/omlib-modelicadevs-1
:debug:main OS darwin/15.6.0 (Mac OS X 10.11) arch i386
:debug:main universal_variant is false, so not adding the default universal variant
:debug:main Running callback portconfigure::add_automatic_compiler_dependencies
:debug:main Finished running callback portconfigure::add_automatic_compiler_dependencies
:debug:main Running callback portbuild::add_automatic_buildsystem_dependencies
:debug:main Finished running callback portbuild::add_automatic_buildsystem_dependencies
:debug:main No need to upgrade! omlib-modelicadevs-1 1.0_0 >= omlib-modelicadevs-1 1.0_0
:debug:main epoch: in tree: 0 installed: 0
:debug:main omlib-modelicareference-trunk 20160923-100256~git~master_0 exists in the ports tree
:debug:main omlib-modelicareference-trunk 20160923-100256~git~master_0  is the latest installed
:debug:main omlib-modelicareference-trunk 20160923-100256~git~master_0  is active
:debug:main Merging existing variants '' into variants
:debug:main new fully merged portvariants: 
:debug:main Changing to port directory: /opt/local/var/macports/sources/build.openmodelica.org/macports/lang/omlib-modelicareference-trunk
:debug:main OS darwin/15.6.0 (Mac OS X 10.11) arch i386
:debug:main universal_variant is false, so not adding the default universal variant
:debug:main Running callback portconfigure::add_automatic_compiler_dependencies
:debug:main Finished running callback portconfigure::add_automatic_compiler_dependencies
:debug:main Running callback portbuild::add_automatic_buildsystem_dependencies
:debug:main Finished running callback portbuild::add_automatic_buildsystem_dependencies
:debug:main No need to upgrade! omlib-modelicareference-trunk 20160923-100256~git~master_0 >= omlib-modelicareference-trunk 20160923-100256~git~master_0
:debug:main epoch: in tree: 0 installed: 0
:debug:main omlib-modelicareference 20160923-100411~git~maint-3.2.2_0 exists in the ports tree
:debug:main omlib-modelicareference 20160923-100411~git~maint-3.2.2_0  is the latest installed
:debug:main omlib-modelicareference 20160923-100411~git~maint-3.2.2_0  is active
:debug:main Merging existing variants '' into variants
:debug:main new fully merged portvariants: 
:debug:main Changing to port directory: /opt/local/var/macports/sources/build.openmodelica.org/macports/lang/omlib-modelicareference
:debug:main OS darwin/15.6.0 (Mac OS X 10.11) arch i386
:debug:main universal_variant is false, so not adding the default universal variant
:debug:main Running callback portconfigure::add_automatic_compiler_dependencies
:debug:main Finished running callback portconfigure::add_automatic_compiler_dependencies
:debug:main Running callback portbuild::add_automatic_buildsystem_dependencies
:debug:main Finished running callback portbuild::add_automatic_buildsystem_dependencies
:debug:main No need to upgrade! omlib-modelicareference 20160923-100411~git~maint-3.2.2_0 >= omlib-modelicareference 20160923-100411~git~maint-3.2.2_0
:debug:main epoch: in tree: 0 installed: 0
:debug:main omlib-modelicaservices-1.0 1.0-20140322-174148~git~maint-3.1-om1_0 exists in the ports tree
:debug:main omlib-modelicaservices-1.0 1.0-20140322-174148~git~maint-3.1-om1_0  is the latest installed
:debug:main omlib-modelicaservices-1.0 1.0-20140322-174148~git~maint-3.1-om1_0  is active
:debug:main Merging existing variants '' into variants
:debug:main new fully merged portvariants: 
:debug:main Changing to port directory: /opt/local/var/macports/sources/build.openmodelica.org/macports/lang/omlib-modelicaservices-1.0
:debug:main OS darwin/15.6.0 (Mac OS X 10.11) arch i386
:debug:main universal_variant is false, so not adding the default universal variant
:debug:main Running callback portconfigure::add_automatic_compiler_dependencies
:debug:main Finished running callback portconfigure::add_automatic_compiler_dependencies
:debug:main Running callback portbuild::add_automatic_buildsystem_dependencies
:debug:main Finished running callback portbuild::add_automatic_buildsystem_dependencies
:debug:main No need to upgrade! omlib-modelicaservices-1.0 1.0-20140322-174148~git~maint-3.1-om1_0 >= omlib-modelicaservices-1.0 1.0-20140322-174148~git~maint-3.1-om1_0
:debug:main epoch: in tree: 0 installed: 0
:debug:main omlib-modelicaservices-3.2.1-modelica3d 3.2.1-20160405-075407~git~maint-3.2.1-om1-m3d45-om3d78-p1_0 exists in the ports tree
:debug:main omlib-modelicaservices-3.2.1-modelica3d 3.2.1-20160405-075407~git~maint-3.2.1-om1-m3d45-om3d78-p1_0  is the latest installed
:debug:main omlib-modelicaservices-3.2.1-modelica3d 3.2.1-20160405-075407~git~maint-3.2.1-om1-m3d45-om3d78-p1_0  is active
:debug:main Merging existing variants '' into variants
:debug:main new fully merged portvariants: 
:debug:main Changing to port directory: /opt/local/var/macports/sources/build.openmodelica.org/macports/lang/omlib-modelicaservices-3.2.1-modelica3d
:debug:main OS darwin/15.6.0 (Mac OS X 10.11) arch i386
:debug:main universal_variant is false, so not adding the default universal variant
:debug:main Running callback portconfigure::add_automatic_compiler_dependencies
:debug:main Finished running callback portconfigure::add_automatic_compiler_dependencies
:debug:main Running callback portbuild::add_automatic_buildsystem_dependencies
:debug:main Finished running callback portbuild::add_automatic_buildsystem_dependencies
:debug:main No need to upgrade! omlib-modelicaservices-3.2.1-modelica3d 3.2.1-20160405-075407~git~maint-3.2.1-om1-m3d45-om3d78-p1_0 >= omlib-modelicaservices-3.2.1-modelica3d 3.2.1-20160405-075407~git~maint-3.2.1-om1-m3d45-om3d78-p1_0
:debug:main epoch: in tree: 0 installed: 0
:debug:main omlib-modelicaservices-3.2.1 3.2.1-20160405-075407~git~maint-3.2.1-om1_0 exists in the ports tree
:debug:main omlib-modelicaservices-3.2.1 3.2.1-20160405-075407~git~maint-3.2.1-om1_0  is the latest installed
:debug:main omlib-modelicaservices-3.2.1 3.2.1-20160405-075407~git~maint-3.2.1-om1_0  is active
:debug:main Merging existing variants '' into variants
:debug:main new fully merged portvariants: 
:debug:main Changing to port directory: /opt/local/var/macports/sources/build.openmodelica.org/macports/lang/omlib-modelicaservices-3.2.1
:debug:main OS darwin/15.6.0 (Mac OS X 10.11) arch i386
:debug:main universal_variant is false, so not adding the default universal variant
:debug:main Running callback portconfigure::add_automatic_compiler_dependencies
:debug:main Finished running callback portconfigure::add_automatic_compiler_dependencies
:debug:main Running callback portbuild::add_automatic_buildsystem_dependencies
:debug:main Finished running callback portbuild::add_automatic_buildsystem_dependencies
:debug:main No need to upgrade! omlib-modelicaservices-3.2.1 3.2.1-20160405-075407~git~maint-3.2.1-om1_0 >= omlib-modelicaservices-3.2.1 3.2.1-20160405-075407~git~maint-3.2.1-om1_0
:debug:main epoch: in tree: 0 installed: 0
:debug:main omlib-modelicaservices-3.2.2 3.2.2-20160923-100411~git~maint-3.2.2-om1_0 exists in the ports tree
:debug:main omlib-modelicaservices-3.2.2 3.2.2-20160923-100411~git~maint-3.2.2-om1_0  is the latest installed
:debug:main omlib-modelicaservices-3.2.2 3.2.2-20160923-100411~git~maint-3.2.2-om1_0  is active
:debug:main Merging existing variants '' into variants
:debug:main new fully merged portvariants: 
:debug:main Changing to port directory: /opt/local/var/macports/sources/build.openmodelica.org/macports/lang/omlib-modelicaservices-3.2.2
:debug:main OS darwin/15.6.0 (Mac OS X 10.11) arch i386
:debug:main universal_variant is false, so not adding the default universal variant
:debug:main Running callback portconfigure::add_automatic_compiler_dependencies
:debug:main Finished running callback portconfigure::add_automatic_compiler_dependencies
:debug:main Running callback portbuild::add_automatic_buildsystem_dependencies
:debug:main Finished running callback portbuild::add_automatic_buildsystem_dependencies
:debug:main No need to upgrade! omlib-modelicaservices-3.2.2 3.2.2-20160923-100411~git~maint-3.2.2-om1_0 >= omlib-modelicaservices-3.2.2 3.2.2-20160923-100411~git~maint-3.2.2-om1_0
:debug:main epoch: in tree: 0 installed: 0
:debug:main omlib-modelicaservices-trunk 20160923-100256~git~master-om1_0 exists in the ports tree
:debug:main omlib-modelicaservices-trunk 20160923-100256~git~master-om1_0  is the latest installed
:debug:main omlib-modelicaservices-trunk 20160923-100256~git~master-om1_0  is active
:debug:main Merging existing variants '' into variants
:debug:main new fully merged portvariants: 
:debug:main Changing to port directory: /opt/local/var/macports/sources/build.openmodelica.org/macports/lang/omlib-modelicaservices-trunk
:debug:main OS darwin/15.6.0 (Mac OS X 10.11) arch i386
:debug:main universal_variant is false, so not adding the default universal variant
:debug:main Running callback portconfigure::add_automatic_compiler_dependencies
:debug:main Finished running callback portconfigure::add_automatic_compiler_dependencies
:debug:main Running callback portbuild::add_automatic_buildsystem_dependencies
:debug:main Finished running callback portbuild::add_automatic_buildsystem_dependencies
:debug:main No need to upgrade! omlib-modelicaservices-trunk 20160923-100256~git~master-om1_0 >= omlib-modelicaservices-trunk 20160923-100256~git~master-om1_0
:debug:main epoch: in tree: 0 installed: 0
:debug:main omlib-modelicatest-3.2.1 3.2.1-20160405-075407~git~maint-3.2.1_0 exists in the ports tree
:debug:main omlib-modelicatest-3.2.1 3.2.1-20160405-075407~git~maint-3.2.1_0  is the latest installed
:debug:main omlib-modelicatest-3.2.1 3.2.1-20160405-075407~git~maint-3.2.1_0  is active
:debug:main Merging existing variants '' into variants
:debug:main new fully merged portvariants: 
:debug:main Changing to port directory: /opt/local/var/macports/sources/build.openmodelica.org/macports/lang/omlib-modelicatest-3.2.1
:debug:main OS darwin/15.6.0 (Mac OS X 10.11) arch i386
:debug:main universal_variant is false, so not adding the default universal variant
:debug:main Running callback portconfigure::add_automatic_compiler_dependencies
:debug:main Finished running callback portconfigure::add_automatic_compiler_dependencies
:debug:main Running callback portbuild::add_automatic_buildsystem_dependencies
:debug:main Finished running callback portbuild::add_automatic_buildsystem_dependencies
:debug:main No need to upgrade! omlib-modelicatest-3.2.1 3.2.1-20160405-075407~git~maint-3.2.1_0 >= omlib-modelicatest-3.2.1 3.2.1-20160405-075407~git~maint-3.2.1_0
:debug:main epoch: in tree: 0 installed: 0
:debug:main omlib-modelicatest-3.2.2 3.2.2-20160923-100411~git~maint-3.2.2_0 exists in the ports tree
:debug:main omlib-modelicatest-3.2.2 3.2.2-20160923-100411~git~maint-3.2.2_0  is the latest installed
:debug:main omlib-modelicatest-3.2.2 3.2.2-20160923-100411~git~maint-3.2.2_0  is active
:debug:main Merging existing variants '' into variants
:debug:main new fully merged portvariants: 
:debug:main Changing to port directory: /opt/local/var/macports/sources/build.openmodelica.org/macports/lang/omlib-modelicatest-3.2.2
:debug:main OS darwin/15.6.0 (Mac OS X 10.11) arch i386
:debug:main universal_variant is false, so not adding the default universal variant
:debug:main Running callback portconfigure::add_automatic_compiler_dependencies
:debug:main Finished running callback portconfigure::add_automatic_compiler_dependencies
:debug:main Running callback portbuild::add_automatic_buildsystem_dependencies
:debug:main Finished running callback portbuild::add_automatic_buildsystem_dependencies
:debug:main No need to upgrade! omlib-modelicatest-3.2.2 3.2.2-20160923-100411~git~maint-3.2.2_0 >= omlib-modelicatest-3.2.2 3.2.2-20160923-100411~git~maint-3.2.2_0
:debug:main epoch: in tree: 0 installed: 0
:debug:main omlib-modelicatest-trunk 20160923-100256~git~master-om11_0 exists in the ports tree
:debug:main omlib-modelicatest-trunk 20160923-100256~git~master-om11_0  is the latest installed
:debug:main omlib-modelicatest-trunk 20160923-100256~git~master-om11_0  is active
:debug:main Merging existing variants '' into variants
:debug:main new fully merged portvariants: 
:debug:main Changing to port directory: /opt/local/var/macports/sources/build.openmodelica.org/macports/lang/omlib-modelicatest-trunk
:debug:main OS darwin/15.6.0 (Mac OS X 10.11) arch i386
:debug:main universal_variant is false, so not adding the default universal variant
:debug:main Running callback portconfigure::add_automatic_compiler_dependencies
:debug:main Finished running callback portconfigure::add_automatic_compiler_dependencies
:debug:main Running callback portbuild::add_automatic_buildsystem_dependencies
:debug:main Finished running callback portbuild::add_automatic_buildsystem_dependencies
:debug:main No need to upgrade! omlib-modelicatest-trunk 20160923-100256~git~master-om11_0 >= omlib-modelicatest-trunk 20160923-100256~git~master-om11_0
:debug:main epoch: in tree: 0 installed: 0
:debug:main omlib-modelicatestoverdetermined-3.2.2 3.2.2-20160923-100411~git~maint-3.2.2_0 exists in the ports tree
:debug:main omlib-modelicatestoverdetermined-3.2.2 3.2.2-20160923-100411~git~maint-3.2.2_0  is the latest installed
:debug:main omlib-modelicatestoverdetermined-3.2.2 3.2.2-20160923-100411~git~maint-3.2.2_0  is active
:debug:main Merging existing variants '' into variants
:debug:main new fully merged portvariants: 
:debug:main Changing to port directory: /opt/local/var/macports/sources/build.openmodelica.org/macports/lang/omlib-modelicatestoverdetermined-3.2.2
:debug:main OS darwin/15.6.0 (Mac OS X 10.11) arch i386
:debug:main universal_variant is false, so not adding the default universal variant
:debug:main Running callback portconfigure::add_automatic_compiler_dependencies
:debug:main Finished running callback portconfigure::add_automatic_compiler_dependencies
:debug:main Running callback portbuild::add_automatic_buildsystem_dependencies
:debug:main Finished running callback portbuild::add_automatic_buildsystem_dependencies
:debug:main No need to upgrade! omlib-modelicatestoverdetermined-3.2.2 3.2.2-20160923-100411~git~maint-3.2.2_0 >= omlib-modelicatestoverdetermined-3.2.2 3.2.2-20160923-100411~git~maint-3.2.2_0
:debug:main epoch: in tree: 0 installed: 0
:debug:main omlib-modelica-devicedrivers-1.4.4 1.4.4-32-g07cd869_0 exists in the ports tree
:debug:main omlib-modelica-devicedrivers-1.4.4 1.4.4-32-g07cd869_0  is the latest installed
:debug:main omlib-modelica-devicedrivers-1.4.4 1.4.4-32-g07cd869_0  is active
:debug:main Merging existing variants '' into variants
:debug:main new fully merged portvariants: 
:debug:main Changing to port directory: /opt/local/var/macports/sources/build.openmodelica.org/macports/lang/omlib-modelica-devicedrivers-1.4.4
:debug:main OS darwin/15.6.0 (Mac OS X 10.11) arch i386
:debug:main universal_variant is false, so not adding the default universal variant
:debug:main Running callback portconfigure::add_automatic_compiler_dependencies
:debug:main Finished running callback portconfigure::add_automatic_compiler_dependencies
:debug:main Running callback portbuild::add_automatic_buildsystem_dependencies
:debug:main Finished running callback portbuild::add_automatic_buildsystem_dependencies
:debug:main No need to upgrade! omlib-modelica-devicedrivers-1.4.4 1.4.4-32-g07cd869_0 >= omlib-modelica-devicedrivers-1.4.4 1.4.4-32-g07cd869_0
:debug:main epoch: in tree: 0 installed: 0
:debug:main omlib-modelica-energystorages-3.2.1 3.2.1-20150806-142323~git~master_0 exists in the ports tree
:debug:main omlib-modelica-energystorages-3.2.1 3.2.1-20150806-142323~git~master_0  is the latest installed
:debug:main omlib-modelica-energystorages-3.2.1 3.2.1-20150806-142323~git~master_0  is active
:debug:main Merging existing variants '' into variants
:debug:main new fully merged portvariants: 
:debug:main Changing to port directory: /opt/local/var/macports/sources/build.openmodelica.org/macports/lang/omlib-modelica-energystorages-3.2.1
:debug:main OS darwin/15.6.0 (Mac OS X 10.11) arch i386
:debug:main universal_variant is false, so not adding the default universal variant
:debug:main Running callback portconfigure::add_automatic_compiler_dependencies
:debug:main Finished running callback portconfigure::add_automatic_compiler_dependencies
:debug:main Running callback portbuild::add_automatic_buildsystem_dependencies
:debug:main Finished running callback portbuild::add_automatic_buildsystem_dependencies
:debug:main No need to upgrade! omlib-modelica-energystorages-3.2.1 3.2.1-20150806-142323~git~master_0 >= omlib-modelica-energystorages-3.2.1 3.2.1-20150806-142323~git~master_0
:debug:main epoch: in tree: 0 installed: 0
:debug:main omlib-modelica-linearsystems2-2.3.4 2.3.4-20160311-134810~git~master_0 exists in the ports tree
:debug:main omlib-modelica-linearsystems2-2.3.4 2.3.4-20160311-134810~git~master_0  is the latest installed
:debug:main omlib-modelica-linearsystems2-2.3.4 2.3.4-20160311-134810~git~master_0  is active
:debug:main Merging existing variants '' into variants
:debug:main new fully merged portvariants: 
:debug:main Changing to port directory: /opt/local/var/macports/sources/build.openmodelica.org/macports/lang/omlib-modelica-linearsystems2-2.3.4
:debug:main OS darwin/15.6.0 (Mac OS X 10.11) arch i386
:debug:main universal_variant is false, so not adding the default universal variant
:debug:main Running callback portconfigure::add_automatic_compiler_dependencies
:debug:main Finished running callback portconfigure::add_automatic_compiler_dependencies
:debug:main Running callback portbuild::add_automatic_buildsystem_dependencies
:debug:main Finished running callback portbuild::add_automatic_buildsystem_dependencies
:debug:main No need to upgrade! omlib-modelica-linearsystems2-2.3.4 2.3.4-20160311-134810~git~master_0 >= omlib-modelica-linearsystems2-2.3.4 2.3.4-20160311-134810~git~master_0
:debug:main epoch: in tree: 0 installed: 0
:debug:main omlib-modelica-noise-1.0-beta.1 20160503-193343~git~master_0 exists in the ports tree
:debug:main omlib-modelica-noise-1.0-beta.1 20160503-193343~git~master_0  is the latest installed
:debug:main omlib-modelica-noise-1.0-beta.1 20160503-193343~git~master_0  is active
:debug:main Merging existing variants '' into variants
:debug:main new fully merged portvariants: 
:debug:main Changing to port directory: /opt/local/var/macports/sources/build.openmodelica.org/macports/lang/omlib-modelica-noise-1.0-beta.1
:debug:main OS darwin/15.6.0 (Mac OS X 10.11) arch i386
:debug:main universal_variant is false, so not adding the default universal variant
:debug:main Running callback portconfigure::add_automatic_compiler_dependencies
:debug:main Finished running callback portconfigure::add_automatic_compiler_dependencies
:debug:main Running callback portbuild::add_automatic_buildsystem_dependencies
:debug:main Finished running callback portbuild::add_automatic_buildsystem_dependencies
:debug:main No need to upgrade! omlib-modelica-noise-1.0-beta.1 20160503-193343~git~master_0 >= omlib-modelica-noise-1.0-beta.1 20160503-193343~git~master_0
:debug:main epoch: in tree: 0 installed: 0
:debug:main omlib-modelica-stategraph2-2.0.3 9206_0 exists in the ports tree
:debug:main omlib-modelica-stategraph2-2.0.3 9206_0  is the latest installed
:debug:main omlib-modelica-stategraph2-2.0.3 9206_0  is active
:debug:main Merging existing variants '' into variants
:debug:main new fully merged portvariants: 
:debug:main Changing to port directory: /opt/local/var/macports/sources/build.openmodelica.org/macports/lang/omlib-modelica-stategraph2-2.0.3
:debug:main OS darwin/15.6.0 (Mac OS X 10.11) arch i386
:debug:main universal_variant is false, so not adding the default universal variant
:debug:main Running callback portconfigure::add_automatic_compiler_dependencies
:debug:main Finished running callback portconfigure::add_automatic_compiler_dependencies
:debug:main Running callback portbuild::add_automatic_buildsystem_dependencies
:debug:main Finished running callback portbuild::add_automatic_buildsystem_dependencies
:debug:main No need to upgrade! omlib-modelica-stategraph2-2.0.3 9206_0 >= omlib-modelica-stategraph2-2.0.3 9206_0
:debug:main epoch: in tree: 0 installed: 0
:debug:main omlib-modelica-synchronous-0.92.1 0.92.1-20160530-151442~git~master_0 exists in the ports tree
:debug:main omlib-modelica-synchronous-0.92.1 0.92.1-20160530-151442~git~master_0  is the latest installed
:debug:main omlib-modelica-synchronous-0.92.1 0.92.1-20160530-151442~git~master_0  is active
:debug:main Merging existing variants '' into variants
:debug:main new fully merged portvariants: 
:debug:main Changing to port directory: /opt/local/var/macports/sources/build.openmodelica.org/macports/lang/omlib-modelica-synchronous-0.92.1
:debug:main OS darwin/15.6.0 (Mac OS X 10.11) arch i386
:debug:main universal_variant is false, so not adding the default universal variant
:debug:main Running callback portconfigure::add_automatic_compiler_dependencies
:debug:main Finished running callback portconfigure::add_automatic_compiler_dependencies
:debug:main Running callback portbuild::add_automatic_buildsystem_dependencies
:debug:main Finished running callback portbuild::add_automatic_buildsystem_dependencies
:debug:main No need to upgrade! omlib-modelica-synchronous-0.92.1 0.92.1-20160530-151442~git~master_0 >= omlib-modelica-synchronous-0.92.1 0.92.1-20160530-151442~git~master_0
:debug:main epoch: in tree: 0 installed: 0
:debug:main omlib-motorcycledynamics 20130416-040318~git~master_0 exists in the ports tree
:debug:main omlib-motorcycledynamics 20130416-040318~git~master_0  is the latest installed
:debug:main omlib-motorcycledynamics 20130416-040318~git~master_0  is active
:debug:main Merging existing variants '' into variants
:debug:main new fully merged portvariants: 
:debug:main Changing to port directory: /opt/local/var/macports/sources/build.openmodelica.org/macports/lang/omlib-motorcycledynamics
:debug:main OS darwin/15.6.0 (Mac OS X 10.11) arch i386
:debug:main universal_variant is false, so not adding the default universal variant
:debug:main Running callback portconfigure::add_automatic_compiler_dependencies
:debug:main Finished running callback portconfigure::add_automatic_compiler_dependencies
:debug:main Running callback portbuild::add_automatic_buildsystem_dependencies
:debug:main Finished running callback portbuild::add_automatic_buildsystem_dependencies
:debug:main No need to upgrade! omlib-motorcycledynamics 20130416-040318~git~master_0 >= omlib-motorcycledynamics 20130416-040318~git~master_0
:debug:main epoch: in tree: 0 installed: 0
:debug:main omlib-ncdatareader2-2.4.0 2.4.0-10-g26ba1cc_0 exists in the ports tree
:debug:main omlib-ncdatareader2-2.4.0 2.4.0-10-g26ba1cc_0  is the latest installed
:debug:main omlib-ncdatareader2-2.4.0 2.4.0-10-g26ba1cc_0  is active
:debug:main Merging existing variants '' into variants
:debug:main new fully merged portvariants: 
:debug:main Changing to port directory: /opt/local/var/macports/sources/build.openmodelica.org/macports/lang/omlib-ncdatareader2-2.4.0
:debug:main OS darwin/15.6.0 (Mac OS X 10.11) arch i386
:debug:main universal_variant is false, so not adding the default universal variant
:debug:main Running callback portconfigure::add_automatic_compiler_dependencies
:debug:main Finished running callback portconfigure::add_automatic_compiler_dependencies
:debug:main Running callback portbuild::add_automatic_buildsystem_dependencies
:debug:main Finished running callback portbuild::add_automatic_buildsystem_dependencies
:debug:main No need to upgrade! omlib-ncdatareader2-2.4.0 2.4.0-10-g26ba1cc_0 >= omlib-ncdatareader2-2.4.0 2.4.0-10-g26ba1cc_0
:debug:main epoch: in tree: 0 installed: 0
:debug:main omlib-neuralnetwork-1.0 1.0_0 exists in the ports tree
:debug:main omlib-neuralnetwork-1.0 1.0_0  is the latest installed
:debug:main omlib-neuralnetwork-1.0 1.0_0  is active
:debug:main Merging existing variants '' into variants
:debug:main new fully merged portvariants: 
:debug:main Changing to port directory: /opt/local/var/macports/sources/build.openmodelica.org/macports/lang/omlib-neuralnetwork-1.0
:debug:main OS darwin/15.6.0 (Mac OS X 10.11) arch i386
:debug:main universal_variant is false, so not adding the default universal variant
:debug:main Running callback portconfigure::add_automatic_compiler_dependencies
:debug:main Finished running callback portconfigure::add_automatic_compiler_dependencies
:debug:main Running callback portbuild::add_automatic_buildsystem_dependencies
:debug:main Finished running callback portbuild::add_automatic_buildsystem_dependencies
:debug:main No need to upgrade! omlib-neuralnetwork-1.0 1.0_0 >= omlib-neuralnetwork-1.0 1.0_0
:debug:main epoch: in tree: 0 installed: 0
:debug:main omlib-objectstab-1.1-dev 20150923-145139~git~master_0 exists in the ports tree
:debug:main omlib-objectstab-1.1-dev 20150923-145139~git~master_0  is the latest installed
:debug:main omlib-objectstab-1.1-dev 20150923-145139~git~master_0  is active
:debug:main Merging existing variants '' into variants
:debug:main new fully merged portvariants: 
:debug:main Changing to port directory: /opt/local/var/macports/sources/build.openmodelica.org/macports/lang/omlib-objectstab-1.1-dev
:debug:main OS darwin/15.6.0 (Mac OS X 10.11) arch i386
:debug:main universal_variant is false, so not adding the default universal variant
:debug:main Running callback portconfigure::add_automatic_compiler_dependencies
:debug:main Finished running callback portconfigure::add_automatic_compiler_dependencies
:debug:main Running callback portbuild::add_automatic_buildsystem_dependencies
:debug:main Finished running callback portbuild::add_automatic_buildsystem_dependencies
:debug:main No need to upgrade! omlib-objectstab-1.1-dev 20150923-145139~git~master_0 >= omlib-objectstab-1.1-dev 20150923-145139~git~master_0
:debug:main epoch: in tree: 0 installed: 0
:debug:main omlib-obsoletemodelica3 3.2.2-20160923-100411~git~maint-3.2.2_0 exists in the ports tree
:debug:main omlib-obsoletemodelica3 3.2.2-20160923-100411~git~maint-3.2.2_0  is the latest installed
:debug:main omlib-obsoletemodelica3 3.2.2-20160923-100411~git~maint-3.2.2_0  is active
:debug:main Merging existing variants '' into variants
:debug:main new fully merged portvariants: 
:debug:main Changing to port directory: /opt/local/var/macports/sources/build.openmodelica.org/macports/lang/omlib-obsoletemodelica3
:debug:main OS darwin/15.6.0 (Mac OS X 10.11) arch i386
:debug:main universal_variant is false, so not adding the default universal variant
:debug:main Running callback portconfigure::add_automatic_compiler_dependencies
:debug:main Finished running callback portconfigure::add_automatic_compiler_dependencies
:debug:main Running callback portbuild::add_automatic_buildsystem_dependencies
:debug:main Finished running callback portbuild::add_automatic_buildsystem_dependencies
:debug:main No need to upgrade! omlib-obsoletemodelica3 3.2.2-20160923-100411~git~maint-3.2.2_0 >= omlib-obsoletemodelica3 3.2.2-20160923-100411~git~maint-3.2.2_0
:debug:main epoch: in tree: 0 installed: 0
:debug:main omlib-openbldc 20151019-022608~git~master_0 exists in the ports tree
:debug:main omlib-openbldc 20151019-022608~git~master_0  is the latest installed
:debug:main omlib-openbldc 20151019-022608~git~master_0  is active
:debug:main Merging existing variants '' into variants
:debug:main new fully merged portvariants: 
:debug:main Changing to port directory: /opt/local/var/macports/sources/build.openmodelica.org/macports/lang/omlib-openbldc
:debug:main OS darwin/15.6.0 (Mac OS X 10.11) arch i386
:debug:main universal_variant is false, so not adding the default universal variant
:debug:main Running callback portconfigure::add_automatic_compiler_dependencies
:debug:main Finished running callback portconfigure::add_automatic_compiler_dependencies
:debug:main Running callback portbuild::add_automatic_buildsystem_dependencies
:debug:main Finished running callback portbuild::add_automatic_buildsystem_dependencies
:debug:main No need to upgrade! omlib-openbldc 20151019-022608~git~master_0 >= omlib-openbldc 20151019-022608~git~master_0
:debug:main epoch: in tree: 0 installed: 0
:debug:main omlib-openfdm 20120902-165856~git~master_0 exists in the ports tree
:debug:main omlib-openfdm 20120902-165856~git~master_0  is the latest installed
:debug:main omlib-openfdm 20120902-165856~git~master_0  is active
:debug:main Merging existing variants '' into variants
:debug:main new fully merged portvariants: 
:debug:main Changing to port directory: /opt/local/var/macports/sources/build.openmodelica.org/macports/lang/omlib-openfdm
:debug:main OS darwin/15.6.0 (Mac OS X 10.11) arch i386
:debug:main universal_variant is false, so not adding the default universal variant
:debug:main Running callback portconfigure::add_automatic_compiler_dependencies
:debug:main Finished running callback portconfigure::add_automatic_compiler_dependencies
:debug:main Running callback portbuild::add_automatic_buildsystem_dependencies
:debug:main Finished running callback portbuild::add_automatic_buildsystem_dependencies
:debug:main No need to upgrade! omlib-openfdm 20120902-165856~git~master_0 >= omlib-openfdm 20120902-165856~git~master_0
:debug:main epoch: in tree: 0 installed: 0
:debug:main omlib-openhydraulics-1.0 1.0.1-23-g3485cf4_0 exists in the ports tree
:debug:main omlib-openhydraulics-1.0 1.0.1-23-g3485cf4_0  is the latest installed
:debug:main omlib-openhydraulics-1.0 1.0.1-23-g3485cf4_0  is active
:debug:main Merging existing variants '' into variants
:debug:main new fully merged portvariants: 
:debug:main Changing to port directory: /opt/local/var/macports/sources/build.openmodelica.org/macports/lang/omlib-openhydraulics-1.0
:debug:main OS darwin/15.6.0 (Mac OS X 10.11) arch i386
:debug:main universal_variant is false, so not adding the default universal variant
:debug:main Running callback portconfigure::add_automatic_compiler_dependencies
:debug:main Finished running callback portconfigure::add_automatic_compiler_dependencies
:debug:main Running callback portbuild::add_automatic_buildsystem_dependencies
:debug:main Finished running callback portbuild::add_automatic_buildsystem_dependencies
:debug:main No need to upgrade! omlib-openhydraulics-1.0 1.0.1-23-g3485cf4_0 >= omlib-openhydraulics-1.0 1.0.1-23-g3485cf4_0
:debug:main epoch: in tree: 0 installed: 0
:debug:main omlib-pnlib-1.4 1.4-20160924-110349~git~master_0 exists in the ports tree
:debug:main omlib-pnlib-1.4 1.4-20160924-110349~git~master_0  is the latest installed
:debug:main omlib-pnlib-1.4 1.4-20160924-110349~git~master_0  is active
:debug:main Merging existing variants '' into variants
:debug:main new fully merged portvariants: 
:debug:main Changing to port directory: /opt/local/var/macports/sources/build.openmodelica.org/macports/lang/omlib-pnlib-1.4
:debug:main OS darwin/15.6.0 (Mac OS X 10.11) arch i386
:debug:main universal_variant is false, so not adding the default universal variant
:debug:main Running callback portconfigure::add_automatic_compiler_dependencies
:debug:main Finished running callback portconfigure::add_automatic_compiler_dependencies
:debug:main Running callback portbuild::add_automatic_buildsystem_dependencies
:debug:main Finished running callback portbuild::add_automatic_buildsystem_dependencies
:debug:main No need to upgrade! omlib-pnlib-1.4 1.4-20160924-110349~git~master_0 >= omlib-pnlib-1.4 1.4-20160924-110349~git~master_0
:debug:main epoch: in tree: 0 installed: 0
:debug:main omlib-physiolibrary-2.3.1 2.3.1-5-g3833a44_0 exists in the ports tree
:debug:main omlib-physiolibrary-2.3.1 2.3.1-5-g3833a44_0  is the latest installed
:debug:main omlib-physiolibrary-2.3.1 2.3.1-5-g3833a44_0  is active
:debug:main Merging existing variants '' into variants
:debug:main new fully merged portvariants: 
:debug:main Changing to port directory: /opt/local/var/macports/sources/build.openmodelica.org/macports/lang/omlib-physiolibrary-2.3.1
:debug:main OS darwin/15.6.0 (Mac OS X 10.11) arch i386
:debug:main universal_variant is false, so not adding the default universal variant
:debug:main Running callback portconfigure::add_automatic_compiler_dependencies
:debug:main Finished running callback portconfigure::add_automatic_compiler_dependencies
:debug:main Running callback portbuild::add_automatic_buildsystem_dependencies
:debug:main Finished running callback portbuild::add_automatic_buildsystem_dependencies
:debug:main No need to upgrade! omlib-physiolibrary-2.3.1 2.3.1-5-g3833a44_0 >= omlib-physiolibrary-2.3.1 2.3.1-5-g3833a44_0
:debug:main epoch: in tree: 0 installed: 0
:debug:main omlib-planarmechanics-1.4.0-development-version 20160916-103016~git~master_0 exists in the ports tree
:debug:main omlib-planarmechanics-1.4.0-development-version 20160916-103016~git~master_0  is the latest installed
:debug:main omlib-planarmechanics-1.4.0-development-version 20160916-103016~git~master_0  is active
:debug:main Merging existing variants '' into variants
:debug:main new fully merged portvariants: 
:debug:main Changing to port directory: /opt/local/var/macports/sources/build.openmodelica.org/macports/lang/omlib-planarmechanics-1.4.0-development-version
:debug:main OS darwin/15.6.0 (Mac OS X 10.11) arch i386
:debug:main universal_variant is false, so not adding the default universal variant
:debug:main Running callback portconfigure::add_automatic_compiler_dependencies
:debug:main Finished running callback portconfigure::add_automatic_compiler_dependencies
:debug:main Running callback portbuild::add_automatic_buildsystem_dependencies
:debug:main Finished running callback portbuild::add_automatic_buildsystem_dependencies
:debug:main No need to upgrade! omlib-planarmechanics-1.4.0-development-version 20160916-103016~git~master_0 >= omlib-planarmechanics-1.4.0-development-version 20160916-103016~git~master_0
:debug:main epoch: in tree: 0 installed: 0
:debug:main omlib-powerflow-0.3 3174_0 exists in the ports tree
:debug:main omlib-powerflow-0.3 3174_0  is the latest installed
:debug:main omlib-powerflow-0.3 3174_0  is active
:debug:main Merging existing variants '' into variants
:debug:main new fully merged portvariants: 
:debug:main Changing to port directory: /opt/local/var/macports/sources/build.openmodelica.org/macports/lang/omlib-powerflow-0.3
:debug:main OS darwin/15.6.0 (Mac OS X 10.11) arch i386
:debug:main universal_variant is false, so not adding the default universal variant
:debug:main Running callback portconfigure::add_automatic_compiler_dependencies
:debug:main Finished running callback portconfigure::add_automatic_compiler_dependencies
:debug:main Running callback portbuild::add_automatic_buildsystem_dependencies
:debug:main Finished running callback portbuild::add_automatic_buildsystem_dependencies
:debug:main No need to upgrade! omlib-powerflow-0.3 3174_0 >= omlib-powerflow-0.3 3174_0
:debug:main epoch: in tree: 0 installed: 0
:debug:main omlib-powersystems-0.5.0 0.5.0_0 exists in the ports tree
:debug:main omlib-powersystems-0.5.0 0.5.0_0  is the latest installed
:debug:main omlib-powersystems-0.5.0 0.5.0_0  is active
:debug:main Merging existing variants '' into variants
:debug:main new fully merged portvariants: 
:debug:main Changing to port directory: /opt/local/var/macports/sources/build.openmodelica.org/macports/lang/omlib-powersystems-0.5.0
:debug:main OS darwin/15.6.0 (Mac OS X 10.11) arch i386
:debug:main universal_variant is false, so not adding the default universal variant
:debug:main Running callback portconfigure::add_automatic_compiler_dependencies
:debug:main Finished running callback portconfigure::add_automatic_compiler_dependencies
:debug:main Running callback portbuild::add_automatic_buildsystem_dependencies
:debug:main Finished running callback portbuild::add_automatic_buildsystem_dependencies
:debug:main No need to upgrade! omlib-powersystems-0.5.0 0.5.0_0 >= omlib-powersystems-0.5.0 0.5.0_0
:debug:main epoch: in tree: 0 installed: 0
:debug:main omlib-powersystems-latest 20160920-082649~git~master_0 exists in the ports tree
:debug:main omlib-powersystems-latest 20160920-082649~git~master_0  is the latest installed
:debug:main omlib-powersystems-latest 20160920-082649~git~master_0  is active
:debug:main Merging existing variants '' into variants
:debug:main new fully merged portvariants: 
:debug:main Changing to port directory: /opt/local/var/macports/sources/build.openmodelica.org/macports/lang/omlib-powersystems-latest
:debug:main OS darwin/15.6.0 (Mac OS X 10.11) arch i386
:debug:main universal_variant is false, so not adding the default universal variant
:debug:main Running callback portconfigure::add_automatic_compiler_dependencies
:debug:main Finished running callback portconfigure::add_automatic_compiler_dependencies
:debug:main Running callback portbuild::add_automatic_buildsystem_dependencies
:debug:main Finished running callback portbuild::add_automatic_buildsystem_dependencies
:debug:main No need to upgrade! omlib-powersystems-latest 20160920-082649~git~master_0 >= omlib-powersystems-latest 20160920-082649~git~master_0
:debug:main epoch: in tree: 0 installed: 0
:debug:main omlib-praxissimulationstechnik 20151001-163027~git~master_0 exists in the ports tree
:debug:main omlib-praxissimulationstechnik 20151001-163027~git~master_0  is the latest installed
:debug:main omlib-praxissimulationstechnik 20151001-163027~git~master_0  is active
:debug:main Merging existing variants '' into variants
:debug:main new fully merged portvariants: 
:debug:main Changing to port directory: /opt/local/var/macports/sources/build.openmodelica.org/macports/lang/omlib-praxissimulationstechnik
:debug:main OS darwin/15.6.0 (Mac OS X 10.11) arch i386
:debug:main universal_variant is false, so not adding the default universal variant
:debug:main Running callback portconfigure::add_automatic_compiler_dependencies
:debug:main Finished running callback portconfigure::add_automatic_compiler_dependencies
:debug:main Running callback portbuild::add_automatic_buildsystem_dependencies
:debug:main Finished running callback portbuild::add_automatic_buildsystem_dependencies
:debug:main No need to upgrade! omlib-praxissimulationstechnik 20151001-163027~git~master_0 >= omlib-praxissimulationstechnik 20151001-163027~git~master_0
:debug:main epoch: in tree: 0 installed: 0
:debug:main omlib-qssfluidflow-1.0 1.0_0 exists in the ports tree
:debug:main omlib-qssfluidflow-1.0 1.0_0  is the latest installed
:debug:main omlib-qssfluidflow-1.0 1.0_0  is active
:debug:main Merging existing variants '' into variants
:debug:main new fully merged portvariants: 
:debug:main Changing to port directory: /opt/local/var/macports/sources/build.openmodelica.org/macports/lang/omlib-qssfluidflow-1.0
:debug:main OS darwin/15.6.0 (Mac OS X 10.11) arch i386
:debug:main universal_variant is false, so not adding the default universal variant
:debug:main Running callback portconfigure::add_automatic_compiler_dependencies
:debug:main Finished running callback portconfigure::add_automatic_compiler_dependencies
:debug:main Running callback portbuild::add_automatic_buildsystem_dependencies
:debug:main Finished running callback portbuild::add_automatic_buildsystem_dependencies
:debug:main No need to upgrade! omlib-qssfluidflow-1.0 1.0_0 >= omlib-qssfluidflow-1.0 1.0_0
:debug:main epoch: in tree: 0 installed: 0
:debug:main omlib-realtimecoordinationlibrary-1.0.4 1.0.4-20160203-174055~git~master_0 exists in the ports tree
:debug:main omlib-realtimecoordinationlibrary-1.0.4 1.0.4-20160203-174055~git~master_0  is the latest installed
:debug:main omlib-realtimecoordinationlibrary-1.0.4 1.0.4-20160203-174055~git~master_0  is active
:debug:main Merging existing variants '' into variants
:debug:main new fully merged portvariants: 
:debug:main Changing to port directory: /opt/local/var/macports/sources/build.openmodelica.org/macports/lang/omlib-realtimecoordinationlibrary-1.0.4
:debug:main OS darwin/15.6.0 (Mac OS X 10.11) arch i386
:debug:main universal_variant is false, so not adding the default universal variant
:debug:main Running callback portconfigure::add_automatic_compiler_dependencies
:debug:main Finished running callback portconfigure::add_automatic_compiler_dependencies
:debug:main Running callback portbuild::add_automatic_buildsystem_dependencies
:debug:main Finished running callback portbuild::add_automatic_buildsystem_dependencies
:debug:main No need to upgrade! omlib-realtimecoordinationlibrary-1.0.4 1.0.4-20160203-174055~git~master_0 >= omlib-realtimecoordinationlibrary-1.0.4 1.0.4-20160203-174055~git~master_0
:debug:main epoch: in tree: 0 installed: 0
:debug:main omlib-scalabletestsuite-1.8.2 1.8.2_0 exists in the ports tree
:debug:main omlib-scalabletestsuite-1.8.2 1.8.2_0  is the latest installed
:debug:main omlib-scalabletestsuite-1.8.2 1.8.2_0  is active
:debug:main Merging existing variants '' into variants
:debug:main new fully merged portvariants: 
:debug:main Changing to port directory: /opt/local/var/macports/sources/build.openmodelica.org/macports/lang/omlib-scalabletestsuite-1.8.2
:debug:main OS darwin/15.6.0 (Mac OS X 10.11) arch i386
:debug:main universal_variant is false, so not adding the default universal variant
:debug:main Running callback portconfigure::add_automatic_compiler_dependencies
:debug:main Finished running callback portconfigure::add_automatic_compiler_dependencies
:debug:main Running callback portbuild::add_automatic_buildsystem_dependencies
:debug:main Finished running callback portbuild::add_automatic_buildsystem_dependencies
:debug:main No need to upgrade! omlib-scalabletestsuite-1.8.2 1.8.2_0 >= omlib-scalabletestsuite-1.8.2 1.8.2_0
:debug:main epoch: in tree: 0 installed: 0
:debug:main omlib-servomechanisms-1.0 1.0-20150911-115859~git~master_0 exists in the ports tree
:debug:main omlib-servomechanisms-1.0 1.0-20150911-115859~git~master_0  is the latest installed
:debug:main omlib-servomechanisms-1.0 1.0-20150911-115859~git~master_0  is active
:debug:main Merging existing variants '' into variants
:debug:main new fully merged portvariants: 
:debug:main Changing to port directory: /opt/local/var/macports/sources/build.openmodelica.org/macports/lang/omlib-servomechanisms-1.0
:debug:main OS darwin/15.6.0 (Mac OS X 10.11) arch i386
:debug:main universal_variant is false, so not adding the default universal variant
:debug:main Running callback portconfigure::add_automatic_compiler_dependencies
:debug:main Finished running callback portconfigure::add_automatic_compiler_dependencies
:debug:main Running callback portbuild::add_automatic_buildsystem_dependencies
:debug:main Finished running callback portbuild::add_automatic_buildsystem_dependencies
:debug:main No need to upgrade! omlib-servomechanisms-1.0 1.0-20150911-115859~git~master_0 >= omlib-servomechanisms-1.0 1.0-20150911-115859~git~master_0
:debug:main epoch: in tree: 0 installed: 0
:debug:main omlib-siemenspower-2.1-beta 20150519-095758~git~2.1-beta_0 exists in the ports tree
:debug:main omlib-siemenspower-2.1-beta 20150519-095758~git~2.1-beta_0  is the latest installed
:debug:main omlib-siemenspower-2.1-beta 20150519-095758~git~2.1-beta_0  is active
:debug:main Merging existing variants '' into variants
:debug:main new fully merged portvariants: 
:debug:main Changing to port directory: /opt/local/var/macports/sources/build.openmodelica.org/macports/lang/omlib-siemenspower-2.1-beta
:debug:main OS darwin/15.6.0 (Mac OS X 10.11) arch i386
:debug:main universal_variant is false, so not adding the default universal variant
:debug:main Running callback portconfigure::add_automatic_compiler_dependencies
:debug:main Finished running callback portconfigure::add_automatic_compiler_dependencies
:debug:main Running callback portbuild::add_automatic_buildsystem_dependencies
:debug:main Finished running callback portbuild::add_automatic_buildsystem_dependencies
:debug:main No need to upgrade! omlib-siemenspower-2.1-beta 20150519-095758~git~2.1-beta_0 >= omlib-siemenspower-2.1-beta 20150519-095758~git~2.1-beta_0
:debug:main epoch: in tree: 0 installed: 0
:debug:main omlib-siemenspower-2.2 2.2-20160429-215511~git~master_0 exists in the ports tree
:debug:main omlib-siemenspower-2.2 2.2-20160429-215511~git~master_0  is the latest installed
:debug:main omlib-siemenspower-2.2 2.2-20160429-215511~git~master_0  is active
:debug:main Merging existing variants '' into variants
:debug:main new fully merged portvariants: 
:debug:main Changing to port directory: /opt/local/var/macports/sources/build.openmodelica.org/macports/lang/omlib-siemenspower-2.2
:debug:main OS darwin/15.6.0 (Mac OS X 10.11) arch i386
:debug:main universal_variant is false, so not adding the default universal variant
:debug:main Running callback portconfigure::add_automatic_compiler_dependencies
:debug:main Finished running callback portconfigure::add_automatic_compiler_dependencies
:debug:main Running callback portbuild::add_automatic_buildsystem_dependencies
:debug:main Finished running callback portbuild::add_automatic_buildsystem_dependencies
:debug:main No need to upgrade! omlib-siemenspower-2.2 2.2-20160429-215511~git~master_0 >= omlib-siemenspower-2.2 2.2-20160429-215511~git~master_0
:debug:main epoch: in tree: 0 installed: 0
:debug:main omlib-siemenspower-omctest 20150519-092836~git~omctest_0 exists in the ports tree
:debug:main omlib-siemenspower-omctest 20150519-092836~git~omctest_0  is the latest installed
:debug:main omlib-siemenspower-omctest 20150519-092836~git~omctest_0  is active
:debug:main Merging existing variants '' into variants
:debug:main new fully merged portvariants: 
:debug:main Changing to port directory: /opt/local/var/macports/sources/build.openmodelica.org/macports/lang/omlib-siemenspower-omctest
:debug:main OS darwin/15.6.0 (Mac OS X 10.11) arch i386
:debug:main universal_variant is false, so not adding the default universal variant
:debug:main Running callback portconfigure::add_automatic_compiler_dependencies
:debug:main Finished running callback portconfigure::add_automatic_compiler_dependencies
:debug:main Running callback portbuild::add_automatic_buildsystem_dependencies
:debug:main Finished running callback portbuild::add_automatic_buildsystem_dependencies
:debug:main No need to upgrade! omlib-siemenspower-omctest 20150519-092836~git~omctest_0 >= omlib-siemenspower-omctest 20150519-092836~git~omctest_0
:debug:main epoch: in tree: 0 installed: 0
:debug:main omlib-spot-0.706.1 0.706.1-20151216-135817~git~master_0 exists in the ports tree
:debug:main omlib-spot-0.706.1 0.706.1-20151216-135817~git~master_0  is the latest installed
:debug:main omlib-spot-0.706.1 0.706.1-20151216-135817~git~master_0  is active
:debug:main Merging existing variants '' into variants
:debug:main new fully merged portvariants: 
:debug:main Changing to port directory: /opt/local/var/macports/sources/build.openmodelica.org/macports/lang/omlib-spot-0.706.1
:debug:main OS darwin/15.6.0 (Mac OS X 10.11) arch i386
:debug:main universal_variant is false, so not adding the default universal variant
:debug:main Running callback portconfigure::add_automatic_compiler_dependencies
:debug:main Finished running callback portconfigure::add_automatic_compiler_dependencies
:debug:main Running callback portbuild::add_automatic_buildsystem_dependencies
:debug:main Finished running callback portbuild::add_automatic_buildsystem_dependencies
:debug:main No need to upgrade! omlib-spot-0.706.1 0.706.1-20151216-135817~git~master_0 >= omlib-spot-0.706.1 0.706.1-20151216-135817~git~master_0
:debug:main epoch: in tree: 0 installed: 0
:debug:main omlib-spotexamples-0.706.1 0.706.1-20151216-135817~git~master_0 exists in the ports tree
:debug:main omlib-spotexamples-0.706.1 0.706.1-20151216-135817~git~master_0  is the latest installed
:debug:main omlib-spotexamples-0.706.1 0.706.1-20151216-135817~git~master_0  is active
:debug:main Merging existing variants '' into variants
:debug:main new fully merged portvariants: 
:debug:main Changing to port directory: /opt/local/var/macports/sources/build.openmodelica.org/macports/lang/omlib-spotexamples-0.706.1
:debug:main OS darwin/15.6.0 (Mac OS X 10.11) arch i386
:debug:main universal_variant is false, so not adding the default universal variant
:debug:main Running callback portconfigure::add_automatic_compiler_dependencies
:debug:main Finished running callback portconfigure::add_automatic_compiler_dependencies
:debug:main Running callback portbuild::add_automatic_buildsystem_dependencies
:debug:main Finished running callback portbuild::add_automatic_buildsystem_dependencies
:debug:main No need to upgrade! omlib-spotexamples-0.706.1 0.706.1-20151216-135817~git~master_0 >= omlib-spotexamples-0.706.1 0.706.1-20151216-135817~git~master_0
:debug:main epoch: in tree: 0 installed: 0
:debug:main omlib-systemdynamics-2.1 2.1-7-gc58a26d_0 exists in the ports tree
:debug:main omlib-systemdynamics-2.1 2.1-7-gc58a26d_0  is the latest installed
:debug:main omlib-systemdynamics-2.1 2.1-7-gc58a26d_0  is active
:debug:main Merging existing variants '' into variants
:debug:main new fully merged portvariants: 
:debug:main Changing to port directory: /opt/local/var/macports/sources/build.openmodelica.org/macports/lang/omlib-systemdynamics-2.1
:debug:main OS darwin/15.6.0 (Mac OS X 10.11) arch i386
:debug:main universal_variant is false, so not adding the default universal variant
:debug:main Running callback portconfigure::add_automatic_compiler_dependencies
:debug:main Finished running callback portconfigure::add_automatic_compiler_dependencies
:debug:main Running callback portbuild::add_automatic_buildsystem_dependencies
:debug:main Finished running callback portbuild::add_automatic_buildsystem_dependencies
:debug:main No need to upgrade! omlib-systemdynamics-2.1 2.1-7-gc58a26d_0 >= omlib-systemdynamics-2.1 2.1-7-gc58a26d_0
:debug:main epoch: in tree: 0 installed: 0
:debug:main omlib-thermopower-3.1 3.1-20160922-125313~git~master_0 exists in the ports tree
:debug:main omlib-thermopower-3.1 3.1-20160922-125313~git~master_0  is the latest installed
:debug:main omlib-thermopower-3.1 3.1-20160922-125313~git~master_0  is active
:debug:main Merging existing variants '' into variants
:debug:main new fully merged portvariants: 
:debug:main Changing to port directory: /opt/local/var/macports/sources/build.openmodelica.org/macports/lang/omlib-thermopower-3.1
:debug:main OS darwin/15.6.0 (Mac OS X 10.11) arch i386
:debug:main universal_variant is false, so not adding the default universal variant
:debug:main Running callback portconfigure::add_automatic_compiler_dependencies
:debug:main Finished running callback portconfigure::add_automatic_compiler_dependencies
:debug:main Running callback portbuild::add_automatic_buildsystem_dependencies
:debug:main Finished running callback portbuild::add_automatic_buildsystem_dependencies
:debug:main No need to upgrade! omlib-thermopower-3.1 3.1-20160922-125313~git~master_0 >= omlib-thermopower-3.1 3.1-20160922-125313~git~master_0
:debug:main epoch: in tree: 0 installed: 0
:debug:main omlib-thermosyspro-3.0 3.0+OSR-21-gd4f9c3e_0 exists in the ports tree
:debug:main omlib-thermosyspro-3.0 3.0+OSR-21-gd4f9c3e_0  is the latest installed
:debug:main omlib-thermosyspro-3.0 3.0+OSR-21-gd4f9c3e_0  is active
:debug:main Merging existing variants '' into variants
:debug:main new fully merged portvariants: 
:debug:main Changing to port directory: /opt/local/var/macports/sources/build.openmodelica.org/macports/lang/omlib-thermosyspro-3.0
:debug:main OS darwin/15.6.0 (Mac OS X 10.11) arch i386
:debug:main universal_variant is false, so not adding the default universal variant
:debug:main Running callback portconfigure::add_automatic_compiler_dependencies
:debug:main Finished running callback portconfigure::add_automatic_compiler_dependencies
:debug:main Running callback portbuild::add_automatic_buildsystem_dependencies
:debug:main Finished running callback portbuild::add_automatic_buildsystem_dependencies
:debug:main No need to upgrade! omlib-thermosyspro-3.0 3.0+OSR-21-gd4f9c3e_0 >= omlib-thermosyspro-3.0 3.0+OSR-21-gd4f9c3e_0
:debug:main epoch: in tree: 0 installed: 0
:debug:main omlib-thermosyspro-3.1 3.1+OSR-10-g335e431_0 exists in the ports tree
:debug:main omlib-thermosyspro-3.1 3.1+OSR-10-g335e431_0  is the latest installed
:debug:main omlib-thermosyspro-3.1 3.1+OSR-10-g335e431_0  is active
:debug:main Merging existing variants '' into variants
:debug:main new fully merged portvariants: 
:debug:main Changing to port directory: /opt/local/var/macports/sources/build.openmodelica.org/macports/lang/omlib-thermosyspro-3.1
:debug:main OS darwin/15.6.0 (Mac OS X 10.11) arch i386
:debug:main universal_variant is false, so not adding the default universal variant
:debug:main Running callback portconfigure::add_automatic_compiler_dependencies
:debug:main Finished running callback portconfigure::add_automatic_compiler_dependencies
:debug:main Running callback portbuild::add_automatic_buildsystem_dependencies
:debug:main Finished running callback portbuild::add_automatic_buildsystem_dependencies
:debug:main No need to upgrade! omlib-thermosyspro-3.1 3.1+OSR-10-g335e431_0 >= omlib-thermosyspro-3.1 3.1+OSR-10-g335e431_0
:debug:main epoch: in tree: 0 installed: 0
:debug:main omlib-vehicleinterfaces-1.2.2 1.2.2_0 exists in the ports tree
:debug:main omlib-vehicleinterfaces-1.2.2 1.2.2_0  is the latest installed
:debug:main omlib-vehicleinterfaces-1.2.2 1.2.2_0  is active
:debug:main Merging existing variants '' into variants
:debug:main new fully merged portvariants: 
:debug:main Changing to port directory: /opt/local/var/macports/sources/build.openmodelica.org/macports/lang/omlib-vehicleinterfaces-1.2.2
:debug:main OS darwin/15.6.0 (Mac OS X 10.11) arch i386
:debug:main universal_variant is false, so not adding the default universal variant
:debug:main Running callback portconfigure::add_automatic_compiler_dependencies
:debug:main Finished running callback portconfigure::add_automatic_compiler_dependencies
:debug:main Running callback portbuild::add_automatic_buildsystem_dependencies
:debug:main Finished running callback portbuild::add_automatic_buildsystem_dependencies
:debug:main No need to upgrade! omlib-vehicleinterfaces-1.2.2 1.2.2_0 >= omlib-vehicleinterfaces-1.2.2 1.2.2_0
:debug:main epoch: in tree: 0 installed: 0
:debug:main omlib-wastewater-2.1.0 2.1.0-20151102-100529~git~master_0 exists in the ports tree
:debug:main omlib-wastewater-2.1.0 2.1.0-20151102-100529~git~master_0  is the latest installed
:debug:main omlib-wastewater-2.1.0 2.1.0-20151102-100529~git~master_0  is active
:debug:main Merging existing variants '' into variants
:debug:main new fully merged portvariants: 
:debug:main Changing to port directory: /opt/local/var/macports/sources/build.openmodelica.org/macports/lang/omlib-wastewater-2.1.0
:debug:main OS darwin/15.6.0 (Mac OS X 10.11) arch i386
:debug:main universal_variant is false, so not adding the default universal variant
:debug:main Running callback portconfigure::add_automatic_compiler_dependencies
:debug:main Finished running callback portconfigure::add_automatic_compiler_dependencies
:debug:main Running callback portbuild::add_automatic_buildsystem_dependencies
:debug:main Finished running callback portbuild::add_automatic_buildsystem_dependencies
:debug:main No need to upgrade! omlib-wastewater-2.1.0 2.1.0-20151102-100529~git~master_0 >= omlib-wastewater-2.1.0 2.1.0-20151102-100529~git~master_0
:debug:main epoch: in tree: 0 installed: 0
:debug:main omlib-windpowerplants-1.x.x 20160711-220355~git~master_0 exists in the ports tree
:debug:main omlib-windpowerplants-1.x.x 20160711-220355~git~master_0  is the latest installed
:debug:main omlib-windpowerplants-1.x.x 20160711-220355~git~master_0  is active
:debug:main Merging existing variants '' into variants
:debug:main new fully merged portvariants: 
:debug:main Changing to port directory: /opt/local/var/macports/sources/build.openmodelica.org/macports/lang/omlib-windpowerplants-1.x.x
:debug:main OS darwin/15.6.0 (Mac OS X 10.11) arch i386
:debug:main universal_variant is false, so not adding the default universal variant
:debug:main Running callback portconfigure::add_automatic_compiler_dependencies
:debug:main Finished running callback portconfigure::add_automatic_compiler_dependencies
:debug:main Running callback portbuild::add_automatic_buildsystem_dependencies
:debug:main Finished running callback portbuild::add_automatic_buildsystem_dependencies
:debug:main No need to upgrade! omlib-windpowerplants-1.x.x 20160711-220355~git~master_0 >= omlib-windpowerplants-1.x.x 20160711-220355~git~master_0
:debug:main epoch: in tree: 0 installed: 0
:debug:main omlib-xogenytest-1.1 1.1-20130127-131712~git~master_0 exists in the ports tree
:debug:main omlib-xogenytest-1.1 1.1-20130127-131712~git~master_0  is the latest installed
:debug:main omlib-xogenytest-1.1 1.1-20130127-131712~git~master_0  is active
:debug:main Merging existing variants '' into variants
:debug:main new fully merged portvariants: 
:debug:main Changing to port directory: /opt/local/var/macports/sources/build.openmodelica.org/macports/lang/omlib-xogenytest-1.1
:debug:main OS darwin/15.6.0 (Mac OS X 10.11) arch i386
:debug:main universal_variant is false, so not adding the default universal variant
:debug:main Running callback portconfigure::add_automatic_compiler_dependencies
:debug:main Finished running callback portconfigure::add_automatic_compiler_dependencies
:debug:main Running callback portbuild::add_automatic_buildsystem_dependencies
:debug:main Finished running callback portbuild::add_automatic_buildsystem_dependencies
:debug:main No need to upgrade! omlib-xogenytest-1.1 1.1-20130127-131712~git~master_0 >= omlib-xogenytest-1.1 1.1-20130127-131712~git~master_0
:debug:main epoch: in tree: 0 installed: 0
:debug:main omlib-ipsl-0.8.1 0.8.1-299-g3c2ca94_0 exists in the ports tree
:debug:main omlib-ipsl-0.8.1 0.8.1-299-g3c2ca94_0  is the latest installed
:debug:main omlib-ipsl-0.8.1 0.8.1-299-g3c2ca94_0  is active
:debug:main Merging existing variants '' into variants
:debug:main new fully merged portvariants: 
:debug:main Changing to port directory: /opt/local/var/macports/sources/build.openmodelica.org/macports/lang/omlib-ipsl-0.8.1
:debug:main OS darwin/15.6.0 (Mac OS X 10.11) arch i386
:debug:main universal_variant is false, so not adding the default universal variant
:debug:main Running callback portconfigure::add_automatic_compiler_dependencies
:debug:main Finished running callback portconfigure::add_automatic_compiler_dependencies
:debug:main Running callback portbuild::add_automatic_buildsystem_dependencies
:debug:main Finished running callback portbuild::add_automatic_buildsystem_dependencies
:debug:main No need to upgrade! omlib-ipsl-0.8.1 0.8.1-299-g3c2ca94_0 >= omlib-ipsl-0.8.1 0.8.1-299-g3c2ca94_0
:debug:main epoch: in tree: 0 installed: 0
:debug:main omlib-test 20120902-165856~git~master_0 exists in the ports tree
:debug:main omlib-test 20120902-165856~git~master_0  is the latest installed
:debug:main omlib-test 20120902-165856~git~master_0  is active
:debug:main Merging existing variants '' into variants
:debug:main new fully merged portvariants: 
:debug:main Changing to port directory: /opt/local/var/macports/sources/build.openmodelica.org/macports/lang/omlib-test
:debug:main OS darwin/15.6.0 (Mac OS X 10.11) arch i386
:debug:main universal_variant is false, so not adding the default universal variant
:debug:main Running callback portconfigure::add_automatic_compiler_dependencies
:debug:main Finished running callback portconfigure::add_automatic_compiler_dependencies
:debug:main Running callback portbuild::add_automatic_buildsystem_dependencies
:debug:main Finished running callback portbuild::add_automatic_buildsystem_dependencies
:debug:main No need to upgrade! omlib-test 20120902-165856~git~master_0 >= omlib-test 20120902-165856~git~master_0
:msg:main --->  Computing dependencies for openmodelica-devel:info:main .:debug:main openmodelica-devel has no conflicts
:debug:main Searching for dependency: gtime
:debug:main Found Dependency: receipt exists for gtime
:debug:main Searching for dependency: gsed
:debug:main Found Dependency: receipt exists for gsed
:debug:main Searching for dependency: cmake
:debug:main Found Dependency: receipt exists for cmake
:debug:main Searching for dependency: libtool
:debug:main Found Dependency: receipt exists for libtool
:debug:main Searching for dependency: automake
:debug:main Found Dependency: receipt exists for automake
:debug:main Searching for dependency: pkgconfig
:debug:main Found Dependency: receipt exists for pkgconfig
:debug:main Searching for dependency: autoconf
:debug:main Found Dependency: receipt exists for autoconf
:debug:main Searching for dependency: gcc5
:debug:main Found Dependency: receipt exists for gcc5
:debug:main Searching for dependency: lp_solve
:debug:main Found Dependency: receipt exists for lp_solve
:debug:main Searching for dependency: gettext
:debug:main Found Dependency: receipt exists for gettext
:debug:main Searching for dependency: omniorb
:debug:main Found Dependency: receipt exists for omniorb
:debug:main Searching for dependency: readline
:debug:main Found Dependency: receipt exists for readline
:debug:main Searching for dependency: qjson
:debug:main Found Dependency: receipt exists for qjson
:debug:main Searching for dependency: libgcc
:debug:main Found Dependency: receipt exists for libgcc
:debug:main Searching for dependency: sundials
:debug:main Found Dependency: receipt exists for sundials
:debug:main Searching for dependency: qt4-mac
:debug:main Found Dependency: receipt exists for qt4-mac
:debug:main Searching for dependency: qwt52
:debug:main Found Dependency: receipt exists for qwt52
:debug:main Searching for dependency: openmodelicalibraries
:debug:main Found Dependency: receipt exists for openmodelicalibraries
:msg:main 
:debug:main Executing org.macports.main (openmodelica-devel)
:debug:main changing euid/egid - current euid: 0 - current egid: 0
:debug:main egid changed to: 501
:debug:main euid changed to: 502
:debug:archivefetch archivefetch phase started at Fri Sep 30 11:23:24 MSK 2016
:msg:archivefetch --->  Fetching archive for openmodelica-devel
:debug:archivefetch Executing org.macports.archivefetch (openmodelica-devel)
:debug:archivefetch euid/egid changed to: 0/0
:debug:archivefetch chowned /opt/local/var/macports/incoming to macports
:debug:archivefetch euid/egid changed to: 502/501
:info:archivefetch --->  openmodelica-devel-1.11.0~dev-192-g1d441b1_0+gfortran5+libraries+omnotebook+qt+sundials.darwin_15.x86_64.tbz2 doesn't seem to exist in /opt/local/var/macports/incoming/verified
:msg:archivefetch --->  Attempting to fetch openmodelica-devel-1.11.0~dev-192-g1d441b1_0+gfortran5+libraries+omnotebook+qt+sundials.darwin_15.x86_64.tbz2 from http://nue.de.packages.macports.org/openmodelica-devel
:debug:archivefetch Fetching archive failed:: The requested URL returned error: 404 Not Found
:msg:archivefetch --->  Attempting to fetch openmodelica-devel-1.11.0~dev-192-g1d441b1_0+gfortran5+libraries+omnotebook+qt+sundials.darwin_15.x86_64.tbz2 from https://packages.macports.org/openmodelica-devel
:debug:archivefetch Fetching archive failed:: The requested URL returned error: 404 Not Found
:msg:archivefetch --->  Attempting to fetch openmodelica-devel-1.11.0~dev-192-g1d441b1_0+gfortran5+libraries+omnotebook+qt+sundials.darwin_15.x86_64.tbz2 from http://lil.fr.packages.macports.org/openmodelica-devel
:debug:archivefetch Fetching archive failed:: The requested URL returned error: 404 Not Found
:debug:archivefetch Privilege de-escalation not attempted as not running as root.
:debug:fetch fetch phase started at Fri Sep 30 11:23:25 MSK 2016
:notice:fetch --->  Fetching distfiles for openmodelica-devel
:debug:fetch Executing org.macports.fetch (openmodelica-devel)
:debug:fetch Privilege de-escalation not attempted as not running as root.
:debug:checksum checksum phase started at Fri Sep 30 11:23:25 MSK 2016
:notice:checksum --->  Verifying checksums for openmodelica-devel
:debug:checksum Executing org.macports.checksum (openmodelica-devel)
:info:checksum --->  Checksumming openmodelica_1.11.0~dev-192-g1d441b1.orig.tar.xz
:debug:checksum Calculated (md5) is e9235b01edbd6346cfd0555031401bcd
:debug:checksum Correct (md5) checksum for openmodelica_1.11.0~dev-192-g1d441b1.orig.tar.xz
:debug:checksum Calculated (sha1) is f7a9e0733eff91d5e9efb324499f17dd87d2b7a5
:debug:checksum Correct (sha1) checksum for openmodelica_1.11.0~dev-192-g1d441b1.orig.tar.xz
:debug:checksum Calculated (rmd160) is 5f819453efd3c658b25ab890df9a249c6975acf4
:debug:checksum Correct (rmd160) checksum for openmodelica_1.11.0~dev-192-g1d441b1.orig.tar.xz
:debug:checksum Privilege de-escalation not attempted as not running as root.
:debug:extract extract phase started at Fri Sep 30 11:23:25 MSK 2016
:notice:extract --->  Extracting openmodelica-devel
:debug:extract Executing proc-pre-org.macports.extract-extract-0
:debug:extract Executing org.macports.extract (openmodelica-devel)
:info:extract --->  Extracting openmodelica_1.11.0~dev-192-g1d441b1.orig.tar.xz
:debug:extract setting option extract.args to '/opt/local/var/macports/distfiles/openmodelica-devel/openmodelica_1.11.0~dev-192-g1d441b1.orig.tar.xz'
:debug:extract Environment: 
CC_PRINT_OPTIONS='YES'
CC_PRINT_OPTIONS_FILE='/opt/local/var/macports/build/_opt_local_var_macports_sources_build.openmodelica.org_macports_lang_openmodelica-devel/openmodelica-devel/work/.CC_PRINT_OPTIONS'
CPATH='/opt/local/include'
LIBRARY_PATH='/opt/local/lib'
MACOSX_DEPLOYMENT_TARGET='10.11'
:debug:extract Assembled command: 'cd "/opt/local/var/macports/build/_opt_local_var_macports_sources_build.openmodelica.org_macports_lang_openmodelica-devel/openmodelica-devel/work" && /usr/bin/gzip -dc '/opt/local/var/macports/distfiles/openmodelica-devel/openmodelica_1.11.0~dev-192-g1d441b1.orig.tar.xz' | /usr/bin/tar -xf -'
:debug:extract Executing command line:  cd "/opt/local/var/macports/build/_opt_local_var_macports_sources_build.openmodelica.org_macports_lang_openmodelica-devel/openmodelica-devel/work" && /usr/bin/gzip -dc '/opt/local/var/macports/distfiles/openmodelica-devel/openmodelica_1.11.0~dev-192-g1d441b1.orig.tar.xz' | /usr/bin/tar -xf - 
:debug:extract euid/egid changed to: 0/0
:debug:extract chowned /opt/local/var/macports/build/_opt_local_var_macports_sources_build.openmodelica.org_macports_lang_openmodelica-devel/openmodelica-devel/work to macports
:debug:extract euid/egid changed to: 502/501
:debug:extract Privilege de-escalation not attempted as not running as root.
:debug:patch patch phase started at Fri Sep 30 11:23:27 MSK 2016
:debug:patch Executing org.macports.patch (openmodelica-devel)
:debug:patch Privilege de-escalation not attempted as not running as root.
:debug:configure configure phase started at Fri Sep 30 11:23:27 MSK 2016
:notice:configure --->  Configuring openmodelica-devel
:debug:configure Using compiler 'Xcode Clang'
:debug:configure Executing org.macports.configure (openmodelica-devel)
:debug:configure Environment: 
CC_PRINT_OPTIONS='YES'
CC_PRINT_OPTIONS_FILE='/opt/local/var/macports/build/_opt_local_var_macports_sources_build.openmodelica.org_macports_lang_openmodelica-devel/openmodelica-devel/work/.CC_PRINT_OPTIONS'
CPATH='/opt/local/include'
LIBRARY_PATH='/opt/local/lib'
MACOSX_DEPLOYMENT_TARGET='10.11'
:debug:configure Assembled command: 'cd "/opt/local/var/macports/build/_opt_local_var_macports_sources_build.openmodelica.org_macports_lang_openmodelica-devel/openmodelica-devel/work/openmodelica_1.11.0~dev-192-g1d441b1" && autoconf --verbose'
:debug:configure Executing command line:  cd "/opt/local/var/macports/build/_opt_local_var_macports_sources_build.openmodelica.org_macports_lang_openmodelica-devel/openmodelica-devel/work/openmodelica_1.11.0~dev-192-g1d441b1" && autoconf --verbose 
:info:configure autoconf: running /opt/local/bin/autom4te --verbose --language=autoconf --output=configure configure.ac
:info:configure autom4te: the trace request object is:
:info:configure autom4te: $VAR1 = bless( [
:info:configure autom4te:                  '0',
:info:configure autom4te:                  0,
:info:configure autom4te:                  [
:info:configure autom4te:                    '/opt/local/share/autoconf'
:info:configure autom4te:                  ],
:info:configure autom4te:                  [
:info:configure autom4te:                    '/opt/local/share/autoconf/autoconf/autoconf.m4f',
:info:configure autom4te:                    'configure.ac'
:info:configure autom4te:                  ],
:info:configure autom4te:                  {
:info:configure autom4te:                    'AM_PATH_GUILE' => 1,
:info:configure autom4te:                    'AM_NLS' => 1,
:info:configure autom4te:                    'AC_DEFINE_TRACE_LITERAL' => 1,
:info:configure autom4te:                    'AC_FC_FREEFORM' => 1,
:info:configure autom4te:                    'AM_XGETTEXT_OPTION' => 1,
:info:configure autom4te:                    '_m4_warn' => 1,
:info:configure autom4te:                    'LT_CONFIG_LTDL_DIR' => 1,
:info:configure autom4te:                    'm4_sinclude' => 1,
:info:configure autom4te:                    '_LT_AC_TAGCONFIG' => 1,
:info:configure autom4te:                    'AM_ENABLE_MULTILIB' => 1,
:info:configure autom4te:                    'AH_OUTPUT' => 1,
:info:configure autom4te:                    'AC_FC_PP_SRCEXT' => 1,
:info:configure autom4te:                    'AC_REQUIRE_AUX_FILE' => 1,
:info:configure autom4te:                    'AM_MAINTAINER_MODE' => 1,
:info:configure autom4te:                    'sinclude' => 1,
:info:configure autom4te:                    'AC_CANONICAL_TARGET' => 1,
:info:configure autom4te:                    'AC_CONFIG_LINKS' => 1,
:info:configure autom4te:                    'AM_MAKEFILE_INCLUDE' => 1,
:info:configure autom4te:                    'm4_pattern_forbid' => 1,
:info:configure autom4te:                    'AC_SUBST_TRACE' => 1,
:info:configure autom4te:                    'AC_CONFIG_AUX_DIR' => 1,
:info:configure autom4te:                    'include' => 1,
:info:configure autom4te:                    'AC_CANONICAL_BUILD' => 1,
:info:configure autom4te:                    'AM_AUTOMAKE_VERSION' => 1,
:info:configure autom4te:                    'AM_PROG_MOC' => 1,
:info:configure autom4te:                    'AC_FC_PP_DEFINE' => 1,
:info:configure autom4te:                    'AC_CONFIG_HEADERS' => 1,
:info:configure autom4te:                    'AC_PROG_LIBTOOL' => 1,
:info:configure autom4te:                    'AM_PROG_CC_C_O' => 1,
:info:configure autom4te:                    '_AM_SUBST_NOTMAKE' => 1,
:info:configure autom4te:                    'AM_INIT_AUTOMAKE' => 1,
:info:configure autom4te:                    'AM_PROG_FC_C_O' => 1,
:info:configure autom4te:                    'AM_GNU_GETTEXT' => 1,
:info:configure autom4te:                    'AC_FC_SRCEXT' => 1,
:info:configure autom4te:                    'AM_PROG_CXX_C_O' => 1,
:info:configure autom4te:                    'AM_PROG_AR' => 1,
:info:configure autom4te:                    'AM_POT_TOOLS' => 1,
:info:configure autom4te:                    'AC_INIT' => 1,
:info:configure autom4te:                    'AM_SILENT_RULES' => 1,
:info:configure autom4te:                    'AC_CONFIG_SUBDIRS' => 1,
:info:configure autom4te:                    '_AM_COND_ELSE' => 1,
:info:configure autom4te:                    '_AM_COND_ENDIF' => 1,
:info:configure autom4te:                    'AC_CANONICAL_HOST' => 1,
:info:configure autom4te:                    'AM_GNU_GETTEXT_INTL_SUBDIR' => 1,
:info:configure autom4te:                    'AM_CONDITIONAL' => 1,
:info:configure autom4te:                    'AC_LIBSOURCE' => 1,
:info:configure autom4te:                    'AC_CANONICAL_SYSTEM' => 1,
:info:configure autom4te:                    'LT_SUPPORTED_TAG' => 1,
:info:configure autom4te:                    'LT_INIT' => 1,
:info:configure autom4te:                    '_AM_COND_IF' => 1,
:info:configure autom4te:                    '_AM_MAKEFILE_INCLUDE' => 1,
:info:configure autom4te:                    'm4_include' => 1,
:info:configure autom4te:                    'AM_PROG_F77_C_O' => 1,
:info:configure autom4te:                    'm4_pattern_allow' => 1,
:info:configure autom4te:                    'AC_SUBST' => 1,
:info:configure autom4te:                    'AC_CONFIG_FILES' => 1,
:info:configure autom4te:                    'AC_CONFIG_LIBOBJ_DIR' => 1
:info:configure autom4te:                  }
:info:configure autom4te:                ], 'Autom4te::Request' );
:info:configure autom4te: running: /usr/bin/m4 --nesting-limit=1024  --include=/opt/local/share/autoconf --debug=aflq --fatal-warning --error-output=autom4te.cache/traces.0t --trace=AC_CANONICAL_BUILD --trace=AC_CANONICAL_HOST --trace=AC_CANONICAL_SYSTEM --trace=AC_CANONICAL_TARGET --trace=AC_CONFIG_AUX_DIR --trace=AC_CONFIG_FILES --trace=AC_CONFIG_HEADERS --trace=AC_CONFIG_LIBOBJ_DIR --trace=AC_CONFIG_LINKS --trace=AC_CONFIG_SUBDIRS --trace=AC_DEFINE_TRACE_LITERAL --trace=AC_FC_FREEFORM --trace=AC_FC_PP_DEFINE --trace=AC_FC_PP_SRCEXT --trace=AC_FC_SRCEXT --trace=AC_INIT --trace=AC_LIBSOURCE --trace=AC_PROG_LIBTOOL --trace=AC_REQUIRE_AUX_FILE --trace=AC_SUBST --trace=AC_SUBST_TRACE --trace=AH_OUTPUT --trace=AM_AUTOMAKE_VERSION --trace=AM_CONDITIONAL --trace=AM_ENABLE_MULTILIB --trace=AM_GNU_GETTEXT --trace=AM_GNU_GETTEXT_INTL_SUBDIR --trace=AM_INIT_AUTOMAKE --trace=AM_MAINTAINER_MODE --trace=AM_MAKEFILE_INCLUDE --trace=AM_NLS --trace=AM_PATH_GUILE --trace=AM_POT_TOOLS --trace=AM_PROG_AR --trace=AM_PROG_CC_C_O --trace=AM_PROG_CXX_C_O --trace=AM_PROG_F77_C_O --trace=AM_PROG_FC_C_O --trace=AM_PROG_MOC --trace=AM_SILENT_RULES --trace=AM_XGETTEXT_OPTION --trace=LT_CONFIG_LTDL_DIR --trace=LT_INIT --trace=LT_SUPPORTED_TAG --trace=_AM_COND_ELSE --trace=_AM_COND_ENDIF --trace=_AM_COND_IF --trace=_AM_MAKEFILE_INCLUDE --trace=_AM_SUBST_NOTMAKE --trace=_LT_AC_TAGCONFIG --trace=_m4_warn --trace=include --trace=m4_include --trace=m4_pattern_allow --trace=m4_pattern_forbid --trace=m4_sinclude --trace=sinclude --reload-state=/opt/local/share/autoconf/autoconf/autoconf.m4f --undefine=__m4_version__ configure.ac > autom4te.cache/output.0t
:info:configure autom4te: formatting traces for `/opt/local/var/macports/build/_opt_local_var_macports_sources_build.openmodelica.org_macports_lang_openmodelica-devel/openmodelica-devel/work/.tmp/am4tjQUgTX/warnings': _m4_warn
:info:configure autom4te: reading /opt/local/var/macports/build/_opt_local_var_macports_sources_build.openmodelica.org_macports_lang_openmodelica-devel/openmodelica-devel/work/.tmp/am4tjQUgTX/warnings
:info:configure autom4te: creating configure
:info:configure autom4te: formatting traces for `/opt/local/var/macports/build/_opt_local_var_macports_sources_build.openmodelica.org_macports_lang_openmodelica-devel/openmodelica-devel/work/.tmp/am4tjQUgTX/patterns': m4_pattern_allow, m4_pattern_forbid
:info:configure autom4te: forbidden tokens: ^_?A[CHUM]_|_AC_|^LIBOBJS$|^_?m4_|^dnl$|^_?AS_
:info:configure autom4te: forbidden token : ^LIBOBJS$ => do not use LIBOBJS directly, use AC_LIBOBJ (see section `AC_LIBOBJ vs LIBOBJS'
:info:configure autom4te: allowed   tokens: ^AS_FLAGS$|^SHELL$|^PATH_SEPARATOR$|^PACKAGE_NAME$|^PACKAGE_TARNAME$|^PACKAGE_VERSION$|^PACKAGE_STRING$|^PACKAGE_BUGREPORT$|^PACKAGE_URL$|^exec_prefix$|^prefix$|^program_transform_name$|^bindir$|^sbindir$|^libexecdir$|^datarootdir$|^datadir$|^sysconfdir$|^sharedstatedir$|^localstatedir$|^includedir$|^oldincludedir$|^docdir$|^infodir$|^htmldir$|^dvidir$|^pdfdir$|^psdir$|^libdir$|^localedir$|^mandir$|^PACKAGE_NAME$|^PACKAGE_TARNAME$|^PACKAGE_VERSION$|^PACKAGE_STRING$|^PACKAGE_BUGREPORT$|^PACKAGE_URL$|^DEFS$|^ECHO_C$|^ECHO_N$|^ECHO_T$|^LIBS$|^build_alias$|^host_alias$|^target_alias$|^CC$|^CFLAGS$|^LDFLAGS$|^LIBS$|^CPPFLAGS$|^CC$|^CC$|^CC$|^CC$|^ac_ct_CC$|^EXEEXT$|^OBJEXT$|^OMBUILDDIR$|^build$|^build_cpu$|^build_vendor$|^build_os$|^host$|^host_cpu$|^host_vendor$|^host_os$|^target$|^target_cpu$|^target_vendor$|^target_os$|^host_short$|^OPENMODELICAHOME$|^RPATH_QMAKE$|^SHREXT$|^APP$|^OMC_TARGET$|^OMLIBRARY_TARGET$|^MODELICA3D_TARGET$|^CMAKE_LDFLAGS$|^USE_CORBA$|^QT_USE_CORBA$|^CORBA_QMAKE_INCLUDES$|^CORBACFLAGS$|^CORBALIBS$|^IDLCMD$|^USE_CORBA$|^IDLPATH$|^ALL_TARGETS$|^ALL_TARGETS$|^subdirs$|^subdirs$|^LIBOBJS$|^LTLIBOBJS$
:debug:configure Environment: 
ANTLRHOME='/opt/local'
CC='/usr/bin/clang'
CC_PRINT_OPTIONS='YES'
CC_PRINT_OPTIONS_FILE='/opt/local/var/macports/build/_opt_local_var_macports_sources_build.openmodelica.org_macports_lang_openmodelica-devel/openmodelica-devel/work/.CC_PRINT_OPTIONS'
CFLAGS='-pipe -Os -arch x86_64'
CPATH='/opt/local/include'
CPPFLAGS='-I/opt/local/include'
CXX='/usr/bin/clang++'
CXXFLAGS='-pipe -Os -arch x86_64 -stdlib=libc++'
F77='/opt/local/bin/gfortran-mp-5'
F77FLAGS='-m64'
F90='/opt/local/bin/gfortran-mp-5'
F90FLAGS='-pipe -Os -m64'
FC='/opt/local/bin/gfortran-mp-5'
FCFLAGS='-pipe -Os -m64'
FFLAGS='-pipe -Os'
INSTALL='/usr/bin/install -c'
LDFLAGS='-L/opt/local/lib -Wl,-headerpad_max_install_names -arch x86_64'
LIBRARY_PATH='/opt/local/lib'
MACOSX_DEPLOYMENT_TARGET='10.11'
MOC='/opt/local/libexec/qt4/bin/moc'
OBJC='/usr/bin/clang'
OBJCFLAGS='-pipe -Os -arch x86_64'
OBJCXX='/usr/bin/clang++'
OBJCXXFLAGS='-pipe -Os -arch x86_64 -stdlib=libc++'
PATH='/opt/local/libexec/qt4/bin:/opt/local/bin:/opt/local/sbin:/bin:/sbin:/usr/bin:/usr/sbin'
PKG_CONFIG_PATH='/opt/local/libexec/qt4/lib/pkgconfig'
QMAKE='/opt/local/libexec/qt4/bin/qmake'
QMAKESPEC='macx-g++'
QTDIR='/opt/local/libexec/qt4'
:debug:configure Assembled command: 'cd "/opt/local/var/macports/build/_opt_local_var_macports_sources_build.openmodelica.org_macports_lang_openmodelica-devel/openmodelica-devel/work/openmodelica_1.11.0~dev-192-g1d441b1" && ./configure --prefix=/opt/local --disable-python-interface --disable-modelica3d --with-lapack="-llapack -lblas" --without-omc --without-omlibrary OMPCC="/opt/local/bin/gcc-mp-5 -fopenmp -mno-avx" GNUCXX=/opt/local/bin/g++-mp-5 --with-omniORB=/opt/local'
:debug:configure Executing command line:  cd "/opt/local/var/macports/build/_opt_local_var_macports_sources_build.openmodelica.org_macports_lang_openmodelica-devel/openmodelica-devel/work/openmodelica_1.11.0~dev-192-g1d441b1" && ./configure --prefix=/opt/local --disable-python-interface --disable-modelica3d --with-lapack="-llapack -lblas" --without-omc --without-omlibrary OMPCC="/opt/local/bin/gcc-mp-5 -fopenmp -mno-avx" GNUCXX=/opt/local/bin/g++-mp-5 --with-omniORB=/opt/local 
:info:configure checking for gcc... /usr/bin/clang
:info:configure checking whether the C compiler works... yes
:info:configure checking for C compiler default output file name... a.out
:info:configure checking for suffix of executables... 
:info:configure checking whether we are cross compiling... no
:info:configure checking for suffix of object files... o
:info:configure checking whether we are using the GNU C compiler... yes
:info:configure checking whether /usr/bin/clang accepts -g... yes
:info:configure checking for /usr/bin/clang option to accept ISO C89... none needed
:info:configure checking build system type... x86_64-apple-darwin15.6.0
:info:configure checking host system type... x86_64-apple-darwin15.6.0
:info:configure checking target system type... x86_64-apple-darwin15.6.0
:info:configure build_short: x86_64-darwin15.6.0
:info:configure host_short: x86_64-darwin15.6.0
:info:configure checking if cppruntime is requested... no
:info:configure checking for omlibrary target... none
:info:configure checking if the user wants Modelica3D... no
:info:configure x86_64-apple-darwin15.6.0
:info:configure checking for /opt/local/bin/omniidl... /opt/local/bin/omniidl
:info:configure checking for CORBA... omniorb
:info:configure configure: "Subproject OMOptim does not exist"
:info:configure configure: creating ./config.status
:info:configure config.status: creating Makefile
:info:configure === configuring in OMCompiler (/opt/local/var/macports/build/_opt_local_var_macports_sources_build.openmodelica.org_macports_lang_openmodelica-devel/openmodelica-devel/work/openmodelica_1.11.0~dev-192-g1d441b1/OMCompiler)
:info:configure configure: running /bin/sh ./configure --disable-option-checking '--prefix=/opt/local'  '--disable-python-interface' '--disable-modelica3d' '--with-lapack=-llapack -lblas' '--without-omc' '--without-omlibrary' 'OMPCC=/opt/local/bin/gcc-mp-5 -fopenmp -mno-avx' 'GNUCXX=/opt/local/bin/g++-mp-5' '--with-omniORB=/opt/local' 'CC=/usr/bin/clang' 'CFLAGS=-pipe -Os -arch x86_64' 'LDFLAGS=-L/opt/local/lib -Wl,-headerpad_max_install_names -arch x86_64' 'CPPFLAGS=-I/opt/local/include' '--with-ombuilddir=/opt/local/var/macports/build/_opt_local_var_macports_sources_build.openmodelica.org_macports_lang_openmodelica-devel/openmodelica-devel/work/openmodelica_1.11.0~dev-192-g1d441b1/build' --cache-file=/dev/null --srcdir=.
:info:configure checking build system type... x86_64-apple-darwin15.6.0
:info:configure checking host system type... x86_64-apple-darwin15.6.0
:info:configure checking target system type... x86_64-apple-darwin15.6.0
:info:configure build_short: x86_64-darwin15.6.0
:info:configure host_short: x86_64-darwin15.6.0
:info:configure x86_64-apple-darwin15.6.0
:info:configure checking for gcc... /usr/bin/clang
:info:configure checking whether the C compiler works... yes
:info:configure checking for C compiler default output file name... a.out
:info:configure checking for suffix of executables... 
:info:configure checking whether we are cross compiling... no
:info:configure checking for suffix of object files... o
:info:configure checking whether we are using the GNU C compiler... yes
:info:configure checking whether /usr/bin/clang accepts -g... yes
:info:configure checking for /usr/bin/clang option to accept ISO C89... none needed
:info:configure checking whether we are using the GNU C++ compiler... yes
:info:configure checking whether /usr/bin/clang++ accepts -g... yes
:info:configure checking how to run the C preprocessor... /usr/bin/clang -E
:info:configure checking whether make sets $(MAKE)... yes
:info:configure checking whether we are using the GNU Fortran compiler... yes
:info:configure checking whether /opt/local/bin/gfortran-mp-5 accepts -g... yes
:info:configure checking if -Werror works... ok
:info:configure checking looking for --no-undefined... no
:info:configure checking whether /usr/bin/clang++ supports C++11 features by default... no
:info:configure checking whether /usr/bin/clang++ supports C++11 features with -std=c++11... yes
:info:configure checking for omc... building it through bootstrapping (you might end up unable to recompile omc if you modify source code)
:info:configure checking for grep that handles long lines and -e... /usr/bin/grep
:info:configure checking for egrep... /usr/bin/grep -E
:info:configure checking for ANSI C header files... yes
:info:configure checking for sys/types.h... yes
:info:configure checking for sys/stat.h... yes
:info:configure checking for stdlib.h... yes
:info:configure checking for string.h... yes
:info:configure checking for memory.h... yes
:info:configure checking for strings.h... yes
:info:configure checking for inttypes.h... yes
:info:configure checking for stdint.h... yes
:info:configure checking for unistd.h... yes
:info:configure checking sys/time.h usability... yes
:info:configure checking sys/time.h presence... yes
:info:configure checking for sys/time.h... yes
:info:configure checking for antlr.Tool support... ANTLR Parser Generator   Version 2.7.7 (20060906)   1989-2005
:info:configure yes
:info:configure checking expat.h usability... yes
:info:configure checking expat.h presence... yes
:info:configure checking for expat.h... yes
:info:configure checking for an ANSI C-conforming const... yes
:info:configure checking for size_t... yes
:info:configure checking for vprintf... yes
:info:configure checking for _doprnt... no
:info:configure checking for getcwd... yes
:info:configure checking for select... yes
:info:configure checking for strdup... yes
:info:configure checking for strerror... yes
:info:configure checking for scandir... no
:info:configure checking for OpenMP... configure: error: failed (user gave /opt/local/bin/gcc-mp-5 -fopenmp -mno-avx)
:info:configure configure: error: ./configure failed for OMCompiler
:info:configure Command failed:  cd "/opt/local/var/macports/build/_opt_local_var_macports_sources_build.openmodelica.org_macports_lang_openmodelica-devel/openmodelica-devel/work/openmodelica_1.11.0~dev-192-g1d441b1" && ./configure --prefix=/opt/local --disable-python-interface --disable-modelica3d --with-lapack="-llapack -lblas" --without-omc --without-omlibrary OMPCC="/opt/local/bin/gcc-mp-5 -fopenmp -mno-avx" GNUCXX=/opt/local/bin/g++-mp-5 --with-omniORB=/opt/local 
:info:configure Exit code: 1
:error:configure Failed to configure openmodelica-devel, consult /opt/local/var/macports/build/_opt_local_var_macports_sources_build.openmodelica.org_macports_lang_openmodelica-devel/openmodelica-devel/work/openmodelica_1.11.0~dev-192-g1d441b1/config.log
:error:configure org.macports.configure for port openmodelica-devel returned: configure failure: command execution failed
:debug:configure Error code: NONE
:debug:configure Backtrace: configure failure: command execution failed
    while executing
"portconfigure::configure_main org.macports.configure"
    ("eval" body line 1)
    invoked from within
"eval $procedure $targetname"
:info:configure Warning: targets not executed for openmodelica-devel: org.macports.activate org.macports.configure org.macports.build org.macports.destroot org.macports.install
:notice:configure Please see the log file for port openmodelica-devel for details:
    /opt/local/var/macports/logs/_opt_local_var_macports_sources_build.openmodelica.org_macports_lang_openmodelica-devel/openmodelica-devel/main.log
