version:1
:debug:main epoch: in tree: 0 installed: 0
:debug:main gtime 1.7_1 exists in the ports tree
:debug:main gtime 1.7_1  is the latest installed
:debug:main gtime 1.7_1  is active
:debug:main Merging existing variants '' into variants
:debug:main new fully merged portvariants: 
:debug:main Changing to port directory: /opt/local/var/macports/sources/rsync.macports.org/release/tarballs/ports/sysutils/gtime
:debug:main OS darwin/13.4.0 (Mac OS X 10.9) arch i386
:debug:main adding the default universal variant
:debug:main Reading variant descriptions from /opt/local/var/macports/sources/rsync.macports.org/release/tarballs/ports/_resources/port1.0/variant_descriptions.conf
:debug:main Running callback portconfigure::add_automatic_compiler_dependencies
:debug:main Finished running callback portconfigure::add_automatic_compiler_dependencies
:debug:main Running callback portbuild::add_automatic_buildsystem_dependencies
:debug:main Finished running callback portbuild::add_automatic_buildsystem_dependencies
:debug:main No need to upgrade! gtime 1.7_1 >= gtime 1.7_1
:debug:main epoch: in tree: 0 installed: 0
:debug:main cmake 3.0.2_1 exists in the ports tree
:debug:main cmake 3.0.2_1  is the latest installed
:debug:main cmake 3.0.2_1  is active
:debug:main Merging existing variants '' into variants
:debug:main new fully merged portvariants: 
:debug:main Changing to port directory: /opt/local/var/macports/sources/rsync.macports.org/release/tarballs/ports/devel/cmake
:debug:main OS darwin/13.4.0 (Mac OS X 10.9) arch i386
:debug:main Reading variant descriptions from /opt/local/var/macports/sources/rsync.macports.org/release/tarballs/ports/_resources/port1.0/variant_descriptions.conf
:debug:main Sourcing PortGroup muniversal 1.0 from /opt/local/var/macports/sources/rsync.macports.org/release/tarballs/ports/_resources/port1.0/group/muniversal-1.0.tcl
:debug:main universal variant already exists, so not adding the default one
:debug:main Running callback portconfigure::add_automatic_compiler_dependencies
:debug:main Finished running callback portconfigure::add_automatic_compiler_dependencies
:debug:main Running callback portbuild::add_automatic_buildsystem_dependencies
:debug:main Finished running callback portbuild::add_automatic_buildsystem_dependencies
:debug:main No need to upgrade! cmake 3.0.2_1 >= cmake 3.0.2_1
:debug:main epoch: in tree: 0 installed: 0
:debug:main libidn 1.29_0 exists in the ports tree
:debug:main libidn 1.29_0  is the latest installed
:debug:main libidn 1.29_0  is active
:debug:main Merging existing variants '' into variants
:debug:main new fully merged portvariants: 
:debug:main Changing to port directory: /opt/local/var/macports/sources/rsync.macports.org/release/tarballs/ports/mail/libidn
:debug:main OS darwin/13.4.0 (Mac OS X 10.9) arch i386
:debug:main Sourcing PortGroup conflicts_build 1.0 from /opt/local/var/macports/sources/rsync.macports.org/release/tarballs/ports/_resources/port1.0/group/conflicts_build-1.0.tcl
:debug:main adding the default universal variant
:debug:main Reading variant descriptions from /opt/local/var/macports/sources/rsync.macports.org/release/tarballs/ports/_resources/port1.0/variant_descriptions.conf
:debug:main Running callback portconfigure::add_automatic_compiler_dependencies
:debug:main Finished running callback portconfigure::add_automatic_compiler_dependencies
:debug:main Running callback portbuild::add_automatic_buildsystem_dependencies
:debug:main Finished running callback portbuild::add_automatic_buildsystem_dependencies
:debug:main No need to upgrade! libidn 1.29_0 >= libidn 1.29_0
:debug:main epoch: in tree: 0 installed: 0
:debug:main libiconv 1.14_0 exists in the ports tree
:debug:main libiconv 1.14_0  is the latest installed
:debug:main libiconv 1.14_0  is active
:debug:main Merging existing variants '' into variants
:debug:main new fully merged portvariants: 
:debug:main Changing to port directory: /opt/local/var/macports/sources/rsync.macports.org/release/tarballs/ports/textproc/libiconv
:debug:main OS darwin/13.4.0 (Mac OS X 10.9) arch i386
:debug:main Reading variant descriptions from /opt/local/var/macports/sources/rsync.macports.org/release/tarballs/ports/_resources/port1.0/variant_descriptions.conf
:debug:main Sourcing PortGroup muniversal 1.0 from /opt/local/var/macports/sources/rsync.macports.org/release/tarballs/ports/_resources/port1.0/group/muniversal-1.0.tcl
:debug:main universal variant already exists, so not adding the default one
:debug:main Running callback portconfigure::add_automatic_compiler_dependencies
:debug:main Finished running callback portconfigure::add_automatic_compiler_dependencies
:debug:main Running callback portbuild::add_automatic_buildsystem_dependencies
:debug:main Finished running callback portbuild::add_automatic_buildsystem_dependencies
:debug:main No need to upgrade! libiconv 1.14_0 >= libiconv 1.14_0
:debug:main epoch: in tree: 2 installed: 2
:debug:main gettext 0.19.4_0 exists in the ports tree
:debug:main gettext 0.19.4_0  is the latest installed
:debug:main gettext 0.19.4_0  is active
:debug:main Merging existing variants '' into variants
:debug:main new fully merged portvariants: 
:debug:main Changing to port directory: /opt/local/var/macports/sources/rsync.macports.org/release/tarballs/ports/devel/gettext
:debug:main OS darwin/13.4.0 (Mac OS X 10.9) arch i386
:debug:main Sourcing PortGroup compiler_blacklist_versions 1.0 from /opt/local/var/macports/sources/rsync.macports.org/release/tarballs/ports/_resources/port1.0/group/compiler_blacklist_versions-1.0.tcl
:debug:main Reading variant descriptions from /opt/local/var/macports/sources/rsync.macports.org/release/tarballs/ports/_resources/port1.0/variant_descriptions.conf
:debug:main Sourcing PortGroup muniversal 1.0 from /opt/local/var/macports/sources/rsync.macports.org/release/tarballs/ports/_resources/port1.0/group/muniversal-1.0.tcl
:debug:main compiler clang 600.0.56 not blacklisted because it doesn't match {clang < 211.10.1}
:debug:main universal variant already exists, so not adding the default one
:debug:main Running callback portconfigure::add_automatic_compiler_dependencies
:debug:main Finished running callback portconfigure::add_automatic_compiler_dependencies
:debug:main Running callback portbuild::add_automatic_buildsystem_dependencies
:debug:main Finished running callback portbuild::add_automatic_buildsystem_dependencies
:debug:main No need to upgrade! gettext 0.19.4_0 >= gettext 0.19.4_0
:debug:main epoch: in tree: 0 installed: 0
:debug:main expat 2.1.0_0 exists in the ports tree
:debug:main expat 2.1.0_0  is the latest installed
:debug:main expat 2.1.0_0  is active
:debug:main Merging existing variants '' into variants
:debug:main new fully merged portvariants: 
:debug:main Changing to port directory: /opt/local/var/macports/sources/rsync.macports.org/release/tarballs/ports/textproc/expat
:debug:main OS darwin/13.4.0 (Mac OS X 10.9) arch i386
:debug:main adding the default universal variant
:debug:main Reading variant descriptions from /opt/local/var/macports/sources/rsync.macports.org/release/tarballs/ports/_resources/port1.0/variant_descriptions.conf
:debug:main Running callback portconfigure::add_automatic_compiler_dependencies
:debug:main Finished running callback portconfigure::add_automatic_compiler_dependencies
:debug:main Running callback portbuild::add_automatic_buildsystem_dependencies
:debug:main Finished running callback portbuild::add_automatic_buildsystem_dependencies
:debug:main No need to upgrade! expat 2.1.0_0 >= expat 2.1.0_0
:debug:main epoch: in tree: 0 installed: 0
:debug:main ncurses 5.9_2 exists in the ports tree
:debug:main ncurses 5.9_2  is the latest installed
:debug:main ncurses 5.9_2  is active
:debug:main Merging existing variants '' into variants
:debug:main new fully merged portvariants: 
:debug:main Changing to port directory: /opt/local/var/macports/sources/rsync.macports.org/release/tarballs/ports/devel/ncurses
:debug:main OS darwin/13.4.0 (Mac OS X 10.9) arch i386
:debug:main adding the default universal variant
:debug:main Reading variant descriptions from /opt/local/var/macports/sources/rsync.macports.org/release/tarballs/ports/_resources/port1.0/variant_descriptions.conf
:debug:main Running callback portconfigure::add_automatic_compiler_dependencies
:debug:main Finished running callback portconfigure::add_automatic_compiler_dependencies
:debug:main Running callback portbuild::add_automatic_buildsystem_dependencies
:debug:main Finished running callback portbuild::add_automatic_buildsystem_dependencies
:debug:main No need to upgrade! ncurses 5.9_2 >= ncurses 5.9_2
:debug:main epoch: in tree: 1 installed: 1
:debug:main openssl 1.0.1j_0 exists in the ports tree
:debug:main openssl 1.0.1j_0  is the latest installed
:debug:main openssl 1.0.1j_0  is active
:debug:main Merging existing variants '' into variants
:debug:main new fully merged portvariants: 
:debug:main Changing to port directory: /opt/local/var/macports/sources/rsync.macports.org/release/tarballs/ports/devel/openssl
:debug:main OS darwin/13.4.0 (Mac OS X 10.9) arch i386
:debug:main Reading variant descriptions from /opt/local/var/macports/sources/rsync.macports.org/release/tarballs/ports/_resources/port1.0/variant_descriptions.conf
:debug:main Sourcing PortGroup muniversal 1.0 from /opt/local/var/macports/sources/rsync.macports.org/release/tarballs/ports/_resources/port1.0/group/muniversal-1.0.tcl
:debug:main universal variant already exists, so not adding the default one
:debug:main Running callback portconfigure::add_automatic_compiler_dependencies
:debug:main Finished running callback portconfigure::add_automatic_compiler_dependencies
:debug:main Running callback portbuild::add_automatic_buildsystem_dependencies
:debug:main Finished running callback portbuild::add_automatic_buildsystem_dependencies
:debug:main No need to upgrade! openssl 1.0.1j_0 >= openssl 1.0.1j_0
:debug:main epoch: in tree: 0 installed: 0
:debug:main zlib 1.2.8_0 exists in the ports tree
:debug:main zlib 1.2.8_0  is the latest installed
:debug:main zlib 1.2.8_0  is active
:debug:main Merging existing variants '' into variants
:debug:main new fully merged portvariants: 
:debug:main Changing to port directory: /opt/local/var/macports/sources/rsync.macports.org/release/tarballs/ports/archivers/zlib
:debug:main OS darwin/13.4.0 (Mac OS X 10.9) arch i386
:debug:main Sourcing PortGroup xcodeversion 1.0 from /opt/local/var/macports/sources/rsync.macports.org/release/tarballs/ports/_resources/port1.0/group/xcodeversion-1.0.tcl
:debug:main adding the default universal variant
:debug:main Reading variant descriptions from /opt/local/var/macports/sources/rsync.macports.org/release/tarballs/ports/_resources/port1.0/variant_descriptions.conf
:debug:main Running callback portconfigure::add_automatic_compiler_dependencies
:debug:main Finished running callback portconfigure::add_automatic_compiler_dependencies
:debug:main Running callback portbuild::add_automatic_buildsystem_dependencies
:debug:main Finished running callback portbuild::add_automatic_buildsystem_dependencies
:debug:main No need to upgrade! zlib 1.2.8_0 >= zlib 1.2.8_0
:debug:main epoch: in tree: 0 installed: 0
:debug:main curl 7.39.0_0 exists in the ports tree
:debug:main curl 7.39.0_0 +ssl is the latest installed
:debug:main curl 7.39.0_0 +ssl is active
:debug:main Merging existing variants '+ssl' into variants
:debug:main new fully merged portvariants: ssl +
:debug:main Changing to port directory: /opt/local/var/macports/sources/rsync.macports.org/release/tarballs/ports/net/curl
:debug:main OS darwin/13.4.0 (Mac OS X 10.9) arch i386
:debug:main Reading variant descriptions from /opt/local/var/macports/sources/rsync.macports.org/release/tarballs/ports/_resources/port1.0/variant_descriptions.conf
:debug:main Sourcing PortGroup muniversal 1.0 from /opt/local/var/macports/sources/rsync.macports.org/release/tarballs/ports/_resources/port1.0/group/muniversal-1.0.tcl
:debug:main universal variant already exists, so not adding the default one
:debug:main Executing variant ssl provides ssl
:debug:main Running callback portconfigure::add_automatic_compiler_dependencies
:debug:main Finished running callback portconfigure::add_automatic_compiler_dependencies
:debug:main Running callback portbuild::add_automatic_buildsystem_dependencies
:debug:main Finished running callback portbuild::add_automatic_buildsystem_dependencies
:debug:main No need to upgrade! curl 7.39.0_0 >= curl 7.39.0_0
:debug:main epoch: in tree: 0 installed: 0
:debug:main curl-ca-bundle 7.39.0_0 exists in the ports tree
:debug:main curl-ca-bundle 7.39.0_0  is the latest installed
:debug:main curl-ca-bundle 7.39.0_0  is active
:debug:main Merging existing variants '' into variants
:debug:main new fully merged portvariants: 
:debug:main Changing to port directory: /opt/local/var/macports/sources/rsync.macports.org/release/tarballs/ports/net/curl
:debug:main OS darwin/13.4.0 (Mac OS X 10.9) arch i386
:debug:main universal_variant is false, so not adding the default universal variant
:debug:main Running callback portconfigure::add_automatic_compiler_dependencies
:debug:main Finished running callback portconfigure::add_automatic_compiler_dependencies
:debug:main Running callback portbuild::add_automatic_buildsystem_dependencies
:debug:main Finished running callback portbuild::add_automatic_buildsystem_dependencies
:debug:main No need to upgrade! curl-ca-bundle 7.39.0_0 >= curl-ca-bundle 7.39.0_0
:debug:main epoch: in tree: 0 installed: 0
:debug:main bzip2 1.0.6_0 exists in the ports tree
:debug:main bzip2 1.0.6_0  is the latest installed
:debug:main bzip2 1.0.6_0  is active
:debug:main Merging existing variants '' into variants
:debug:main new fully merged portvariants: 
:debug:main Changing to port directory: /opt/local/var/macports/sources/rsync.macports.org/release/tarballs/ports/archivers/bzip2
:debug:main OS darwin/13.4.0 (Mac OS X 10.9) arch i386
:debug:main Reading variant descriptions from /opt/local/var/macports/sources/rsync.macports.org/release/tarballs/ports/_resources/port1.0/variant_descriptions.conf
:debug:main universal variant already exists, so not adding the default one
:debug:main Running callback portconfigure::add_automatic_compiler_dependencies
:debug:main Finished running callback portconfigure::add_automatic_compiler_dependencies
:debug:main Running callback portbuild::add_automatic_buildsystem_dependencies
:debug:main Finished running callback portbuild::add_automatic_buildsystem_dependencies
:debug:main No need to upgrade! bzip2 1.0.6_0 >= bzip2 1.0.6_0
:debug:main epoch: in tree: 0 installed: 0
:debug:main libarchive 3.1.2_0 exists in the ports tree
:debug:main libarchive 3.1.2_0  is the latest installed
:debug:main libarchive 3.1.2_0  is active
:debug:main Merging existing variants '' into variants
:debug:main new fully merged portvariants: 
:debug:main Changing to port directory: /opt/local/var/macports/sources/rsync.macports.org/release/tarballs/ports/archivers/libarchive
:debug:main OS darwin/13.4.0 (Mac OS X 10.9) arch i386
:debug:main adding the default universal variant
:debug:main Reading variant descriptions from /opt/local/var/macports/sources/rsync.macports.org/release/tarballs/ports/_resources/port1.0/variant_descriptions.conf
:debug:main Running callback portconfigure::add_automatic_compiler_dependencies
:debug:main Finished running callback portconfigure::add_automatic_compiler_dependencies
:debug:main Running callback portbuild::add_automatic_buildsystem_dependencies
:debug:main Finished running callback portbuild::add_automatic_buildsystem_dependencies
:debug:main No need to upgrade! libarchive 3.1.2_0 >= libarchive 3.1.2_0
:debug:main epoch: in tree: 0 installed: 0
:debug:main libxml2 2.9.2_1 exists in the ports tree
:debug:main libxml2 2.9.2_1  is the latest installed
:debug:main libxml2 2.9.2_1  is active
:debug:main Merging existing variants '' into variants
:debug:main new fully merged portvariants: 
:debug:main Changing to port directory: /opt/local/var/macports/sources/rsync.macports.org/release/tarballs/ports/textproc/libxml2
:debug:main OS darwin/13.4.0 (Mac OS X 10.9) arch i386
:debug:main adding the default universal variant
:debug:main Reading variant descriptions from /opt/local/var/macports/sources/rsync.macports.org/release/tarballs/ports/_resources/port1.0/variant_descriptions.conf
:debug:main Running callback portconfigure::add_automatic_compiler_dependencies
:debug:main Finished running callback portconfigure::add_automatic_compiler_dependencies
:debug:main Running callback portbuild::add_automatic_buildsystem_dependencies
:debug:main Finished running callback portbuild::add_automatic_buildsystem_dependencies
:debug:main No need to upgrade! libxml2 2.9.2_1 >= libxml2 2.9.2_1
:debug:main epoch: in tree: 0 installed: 0
:debug:main xz 5.0.7_0 exists in the ports tree
:debug:main xz 5.0.7_0  is the latest installed
:debug:main xz 5.0.7_0  is active
:debug:main Merging existing variants '' into variants
:debug:main new fully merged portvariants: 
:debug:main Changing to port directory: /opt/local/var/macports/sources/rsync.macports.org/release/tarballs/ports/archivers/xz
:debug:main OS darwin/13.4.0 (Mac OS X 10.9) arch i386
:debug:main adding the default universal variant
:debug:main Reading variant descriptions from /opt/local/var/macports/sources/rsync.macports.org/release/tarballs/ports/_resources/port1.0/variant_descriptions.conf
:debug:main Running callback portconfigure::add_automatic_compiler_dependencies
:debug:main Finished running callback portconfigure::add_automatic_compiler_dependencies
:debug:main Running callback portbuild::add_automatic_buildsystem_dependencies
:debug:main Finished running callback portbuild::add_automatic_buildsystem_dependencies
:debug:main No need to upgrade! xz 5.0.7_0 >= xz 5.0.7_0
:debug:main epoch: in tree: 0 installed: 0
:debug:main lzo2 2.08_0 exists in the ports tree
:debug:main lzo2 2.08_0  is the latest installed
:debug:main lzo2 2.08_0  is active
:debug:main Merging existing variants '' into variants
:debug:main new fully merged portvariants: 
:debug:main Changing to port directory: /opt/local/var/macports/sources/rsync.macports.org/release/tarballs/ports/archivers/lzo2
:debug:main OS darwin/13.4.0 (Mac OS X 10.9) arch i386
:debug:main Reading variant descriptions from /opt/local/var/macports/sources/rsync.macports.org/release/tarballs/ports/_resources/port1.0/variant_descriptions.conf
:debug:main Sourcing PortGroup muniversal 1.0 from /opt/local/var/macports/sources/rsync.macports.org/release/tarballs/ports/_resources/port1.0/group/muniversal-1.0.tcl
:debug:main universal variant already exists, so not adding the default one
:debug:main Running callback portconfigure::add_automatic_compiler_dependencies
:debug:main Finished running callback portconfigure::add_automatic_compiler_dependencies
:debug:main Running callback portbuild::add_automatic_buildsystem_dependencies
:debug:main Finished running callback portbuild::add_automatic_buildsystem_dependencies
:debug:main No need to upgrade! lzo2 2.08_0 >= lzo2 2.08_0
:debug:main epoch: in tree: 0 installed: 0
:debug:main libtool 2.4.4_0 exists in the ports tree
:debug:main libtool 2.4.4_0  is the latest installed
:debug:main libtool 2.4.4_0  is active
:debug:main Merging existing variants '' into variants
:debug:main new fully merged portvariants: 
:debug:main Changing to port directory: /opt/local/var/macports/sources/rsync.macports.org/release/tarballs/ports/devel/libtool
:debug:main OS darwin/13.4.0 (Mac OS X 10.9) arch i386
:debug:main adding the default universal variant
:debug:main Reading variant descriptions from /opt/local/var/macports/sources/rsync.macports.org/release/tarballs/ports/_resources/port1.0/variant_descriptions.conf
:debug:main Running callback portconfigure::add_automatic_compiler_dependencies
:debug:main Finished running callback portconfigure::add_automatic_compiler_dependencies
:debug:main Running callback portbuild::add_automatic_buildsystem_dependencies
:debug:main Finished running callback portbuild::add_automatic_buildsystem_dependencies
:debug:main No need to upgrade! libtool 2.4.4_0 >= libtool 2.4.4_0
:debug:main epoch: in tree: 0 installed: 0
:debug:main m4 1.4.17_0 exists in the ports tree
:debug:main m4 1.4.17_0  is the latest installed
:debug:main m4 1.4.17_0  is active
:debug:main Merging existing variants '' into variants
:debug:main new fully merged portvariants: 
:debug:main Changing to port directory: /opt/local/var/macports/sources/rsync.macports.org/release/tarballs/ports/devel/m4
:debug:main OS darwin/13.4.0 (Mac OS X 10.9) arch i386
:debug:main adding the default universal variant
:debug:main Reading variant descriptions from /opt/local/var/macports/sources/rsync.macports.org/release/tarballs/ports/_resources/port1.0/variant_descriptions.conf
:debug:main Running callback portconfigure::add_automatic_compiler_dependencies
:debug:main Finished running callback portconfigure::add_automatic_compiler_dependencies
:debug:main Running callback portbuild::add_automatic_buildsystem_dependencies
:debug:main Finished running callback portbuild::add_automatic_buildsystem_dependencies
:debug:main No need to upgrade! m4 1.4.17_0 >= m4 1.4.17_0
:debug:main epoch: in tree: 1 installed: 1
:debug:main autoconf 2.69_2 exists in the ports tree
:debug:main autoconf 2.69_2  is the latest installed
:debug:main autoconf 2.69_2  is active
:debug:main Merging existing variants '' into variants
:debug:main new fully merged portvariants: 
:debug:main Changing to port directory: /opt/local/var/macports/sources/rsync.macports.org/release/tarballs/ports/devel/autoconf
:debug:main OS darwin/13.4.0 (Mac OS X 10.9) arch i386
:debug:main only one arch supported, so not adding the default universal variant
:debug:main Running callback portconfigure::add_automatic_compiler_dependencies
:debug:main Finished running callback portconfigure::add_automatic_compiler_dependencies
:debug:main Running callback portbuild::add_automatic_buildsystem_dependencies
:debug:main Finished running callback portbuild::add_automatic_buildsystem_dependencies
:debug:main No need to upgrade! autoconf 2.69_2 >= autoconf 2.69_2
:debug:main epoch: in tree: 0 installed: 0
:debug:main perl5 5.12.4_0 exists in the ports tree
:debug:main perl5 5.12.4_0 +perl5_16 is the latest installed
:debug:main perl5 5.12.4_0 +perl5_16 is active
:debug:main Merging existing variants '+perl5_16' into variants
:debug:main new fully merged portvariants: perl5_16 +
:debug:main Changing to port directory: /opt/local/var/macports/sources/rsync.macports.org/release/tarballs/ports/lang/perl5
:debug:main OS darwin/13.4.0 (Mac OS X 10.9) arch i386
:debug:main universal_variant is false, so not adding the default universal variant
:debug:main Executing variant perl5_16 provides perl5_16
:debug:main Running callback portconfigure::add_automatic_compiler_dependencies
:debug:main Finished running callback portconfigure::add_automatic_compiler_dependencies
:debug:main Running callback portbuild::add_automatic_buildsystem_dependencies
:debug:main Finished running callback portbuild::add_automatic_buildsystem_dependencies
:debug:main No need to upgrade! perl5 5.12.4_0 >= perl5 5.12.4_0
:debug:main epoch: in tree: 0 installed: 0
:debug:main perl5.16 5.16.3_0 exists in the ports tree
:debug:main perl5.16 5.16.3_0  is the latest installed
:debug:main perl5.16 5.16.3_0  is active
:debug:main Merging existing variants '' into variants
:debug:main new fully merged portvariants: 
:debug:main Changing to port directory: /opt/local/var/macports/sources/rsync.macports.org/release/tarballs/ports/lang/perl5.16
:debug:main OS darwin/13.4.0 (Mac OS X 10.9) arch i386
:debug:main adding the default universal variant
:debug:main Reading variant descriptions from /opt/local/var/macports/sources/rsync.macports.org/release/tarballs/ports/_resources/port1.0/variant_descriptions.conf
:debug:main Running callback portconfigure::add_automatic_compiler_dependencies
:debug:main Finished running callback portconfigure::add_automatic_compiler_dependencies
:debug:main Running callback portbuild::add_automatic_buildsystem_dependencies
:debug:main Finished running callback portbuild::add_automatic_buildsystem_dependencies
:debug:main No need to upgrade! perl5.16 5.16.3_0 >= perl5.16 5.16.3_0
:debug:main epoch: in tree: 0 installed: 0
:debug:main gdbm 1.11_1 exists in the ports tree
:debug:main gdbm 1.11_1  is the latest installed
:debug:main gdbm 1.11_1  is active
:debug:main Merging existing variants '' into variants
:debug:main new fully merged portvariants: 
:debug:main Changing to port directory: /opt/local/var/macports/sources/rsync.macports.org/release/tarballs/ports/databases/gdbm
:debug:main OS darwin/13.4.0 (Mac OS X 10.9) arch i386
:debug:main adding the default universal variant
:debug:main Reading variant descriptions from /opt/local/var/macports/sources/rsync.macports.org/release/tarballs/ports/_resources/port1.0/variant_descriptions.conf
:debug:main Running callback portconfigure::add_automatic_compiler_dependencies
:debug:main Finished running callback portconfigure::add_automatic_compiler_dependencies
:debug:main Running callback portbuild::add_automatic_buildsystem_dependencies
:debug:main Finished running callback portbuild::add_automatic_buildsystem_dependencies
:debug:main No need to upgrade! gdbm 1.11_1 >= gdbm 1.11_1
:debug:main epoch: in tree: 0 installed: 0
:debug:main automake 1.14.1_2 exists in the ports tree
:debug:main automake 1.14.1_2  is the latest installed
:debug:main automake 1.14.1_2  is active
:debug:main Merging existing variants '' into variants
:debug:main new fully merged portvariants: 
:debug:main Changing to port directory: /opt/local/var/macports/sources/rsync.macports.org/release/tarballs/ports/devel/automake
:debug:main OS darwin/13.4.0 (Mac OS X 10.9) arch i386
:debug:main only one arch supported, so not adding the default universal variant
:debug:main Running callback portconfigure::add_automatic_compiler_dependencies
:debug:main Finished running callback portconfigure::add_automatic_compiler_dependencies
:debug:main Running callback portbuild::add_automatic_buildsystem_dependencies
:debug:main Finished running callback portbuild::add_automatic_buildsystem_dependencies
:debug:main No need to upgrade! automake 1.14.1_2 >= automake 1.14.1_2
:debug:main epoch: in tree: 2 installed: 2
:debug:main gcc48 4.8.3_4 exists in the ports tree
:debug:main gcc48 4.8.3_4  is the latest installed
:debug:main gcc48 4.8.3_4  is active
:debug:main Merging existing variants '' into variants
:debug:main new fully merged portvariants: 
:debug:main Changing to port directory: /opt/local/var/macports/sources/rsync.macports.org/release/tarballs/ports/lang/gcc48
:debug:main OS darwin/13.4.0 (Mac OS X 10.9) arch i386
:debug:main Sourcing PortGroup select 1.0 from /opt/local/var/macports/sources/rsync.macports.org/release/tarballs/ports/_resources/port1.0/group/select-1.0.tcl
:debug:main Sourcing PortGroup compiler_blacklist_versions 1.0 from /opt/local/var/macports/sources/rsync.macports.org/release/tarballs/ports/_resources/port1.0/group/compiler_blacklist_versions-1.0.tcl
:debug:main compiler llvm-gcc-4.2 blacklisted because it's not installed or it doesn't work
:debug:main Reading variant descriptions from /opt/local/var/macports/sources/rsync.macports.org/release/tarballs/ports/_resources/port1.0/variant_descriptions.conf
:debug:main universal variant already exists, so not adding the default one
:debug:main Running callback portconfigure::add_automatic_compiler_dependencies
:debug:main Finished running callback portconfigure::add_automatic_compiler_dependencies
:debug:main Running callback portbuild::add_automatic_buildsystem_dependencies
:debug:main Finished running callback portbuild::add_automatic_buildsystem_dependencies
:debug:main No need to upgrade! gcc48 4.8.3_4 >= gcc48 4.8.3_4
:debug:main epoch: in tree: 0 installed: 0
:debug:main cctools 855_1 exists in the ports tree
:debug:main cctools 855_1 +llvm35 is the latest installed
:debug:main cctools 855_1 +llvm35 is active
:debug:main Merging existing variants '+llvm35' into variants
:debug:main new fully merged portvariants: llvm35 +
:debug:main Changing to port directory: /opt/local/var/macports/sources/rsync.macports.org/release/tarballs/ports/devel/cctools
:debug:main OS darwin/13.4.0 (Mac OS X 10.9) arch i386
:debug:main Reading variant descriptions from /opt/local/var/macports/sources/rsync.macports.org/release/tarballs/ports/_resources/port1.0/variant_descriptions.conf
:debug:main universal variant already exists, so not adding the default one
:debug:main Executing variant llvm35 provides llvm35
:debug:main Running callback portconfigure::add_automatic_compiler_dependencies
:debug:main Finished running callback portconfigure::add_automatic_compiler_dependencies
:debug:main Running callback portbuild::add_automatic_buildsystem_dependencies
:debug:main Finished running callback portbuild::add_automatic_buildsystem_dependencies
:debug:main No need to upgrade! cctools 855_1 >= cctools 855_1
:debug:main epoch: in tree: 0 installed: 0
:debug:main cctools-headers 855_0 exists in the ports tree
:debug:main cctools-headers 855_0  is the latest installed
:debug:main cctools-headers 855_0  is active
:debug:main Merging existing variants '' into variants
:debug:main new fully merged portvariants: 
:debug:main Changing to port directory: /opt/local/var/macports/sources/rsync.macports.org/release/tarballs/ports/devel/cctools-headers
:debug:main OS darwin/13.4.0 (Mac OS X 10.9) arch i386
:debug:main universal_variant is false, so not adding the default universal variant
:debug:main Running callback portconfigure::add_automatic_compiler_dependencies
:debug:main Finished running callback portconfigure::add_automatic_compiler_dependencies
:debug:main Running callback portbuild::add_automatic_buildsystem_dependencies
:debug:main Finished running callback portbuild::add_automatic_buildsystem_dependencies
:debug:main No need to upgrade! cctools-headers 855_0 >= cctools-headers 855_0
:debug:main epoch: in tree: 1 installed: 1
:debug:main llvm-3.5 3.5.0_1 exists in the ports tree
:debug:main llvm-3.5 3.5.0_1  is the latest installed
:debug:main llvm-3.5 3.5.0_1  is active
:debug:main Merging existing variants '' into variants
:debug:main new fully merged portvariants: 
:debug:main Changing to port directory: /opt/local/var/macports/sources/rsync.macports.org/release/tarballs/ports/lang/llvm-3.5
:debug:main OS darwin/13.4.0 (Mac OS X 10.9) arch i386
:debug:main Sourcing PortGroup select 1.0 from /opt/local/var/macports/sources/rsync.macports.org/release/tarballs/ports/_resources/port1.0/group/select-1.0.tcl
:debug:main Sourcing PortGroup compiler_blacklist_versions 1.0 from /opt/local/var/macports/sources/rsync.macports.org/release/tarballs/ports/_resources/port1.0/group/compiler_blacklist_versions-1.0.tcl
:debug:main compiler clang 600.0.56 not blacklisted because it doesn't match {clang < 425.0.24}
:debug:main Reading variant descriptions from /opt/local/var/macports/sources/rsync.macports.org/release/tarballs/ports/_resources/port1.0/variant_descriptions.conf
:debug:main universal variant already exists, so not adding the default one
:debug:main Running callback portconfigure::add_automatic_compiler_dependencies
:debug:main Finished running callback portconfigure::add_automatic_compiler_dependencies
:debug:main Running callback portbuild::add_automatic_buildsystem_dependencies
:debug:main Finished running callback portbuild::add_automatic_buildsystem_dependencies
:debug:main No need to upgrade! llvm-3.5 3.5.0_1 >= llvm-3.5 3.5.0_1
:debug:main epoch: in tree: 20090923 installed: 20090923
:debug:main libedit 20140620-3.1_0 exists in the ports tree
:debug:main libedit 20140620-3.1_0  is the latest installed
:debug:main libedit 20140620-3.1_0  is active
:debug:main Merging existing variants '' into variants
:debug:main new fully merged portvariants: 
:debug:main Changing to port directory: /opt/local/var/macports/sources/rsync.macports.org/release/tarballs/ports/devel/libedit
:debug:main OS darwin/13.4.0 (Mac OS X 10.9) arch i386
:debug:main Reading variant descriptions from /opt/local/var/macports/sources/rsync.macports.org/release/tarballs/ports/_resources/port1.0/variant_descriptions.conf
:debug:main Sourcing PortGroup muniversal 1.0 from /opt/local/var/macports/sources/rsync.macports.org/release/tarballs/ports/_resources/port1.0/group/muniversal-1.0.tcl
:debug:main universal variant already exists, so not adding the default one
:debug:main Running callback portconfigure::add_automatic_compiler_dependencies
:debug:main Finished running callback portconfigure::add_automatic_compiler_dependencies
:debug:main Running callback portbuild::add_automatic_buildsystem_dependencies
:debug:main Finished running callback portbuild::add_automatic_buildsystem_dependencies
:debug:main No need to upgrade! libedit 20140620-3.1_0 >= libedit 20140620-3.1_0
:debug:main epoch: in tree: 0 installed: 0
:debug:main libffi 3.2.1_0 exists in the ports tree
:debug:main libffi 3.2.1_0  is the latest installed
:debug:main libffi 3.2.1_0  is active
:debug:main Merging existing variants '' into variants
:debug:main new fully merged portvariants: 
:debug:main Changing to port directory: /opt/local/var/macports/sources/rsync.macports.org/release/tarballs/ports/devel/libffi
:debug:main OS darwin/13.4.0 (Mac OS X 10.9) arch i386
:debug:main Reading variant descriptions from /opt/local/var/macports/sources/rsync.macports.org/release/tarballs/ports/_resources/port1.0/variant_descriptions.conf
:debug:main Sourcing PortGroup muniversal 1.0 from /opt/local/var/macports/sources/rsync.macports.org/release/tarballs/ports/_resources/port1.0/group/muniversal-1.0.tcl
:debug:main universal variant already exists, so not adding the default one
:debug:main Running callback portconfigure::add_automatic_compiler_dependencies
:debug:main Finished running callback portconfigure::add_automatic_compiler_dependencies
:debug:main Running callback portbuild::add_automatic_buildsystem_dependencies
:debug:main Finished running callback portbuild::add_automatic_buildsystem_dependencies
:debug:main No need to upgrade! libffi 3.2.1_0 >= libffi 3.2.1_0
:debug:main epoch: in tree: 1 installed: 1
:debug:main libcxx 3.5.0_0 exists in the ports tree
:debug:main libcxx 3.5.0_0  is the latest installed
:debug:main libcxx 3.5.0_0  is active
:debug:main Merging existing variants '' into variants
:debug:main new fully merged portvariants: 
:debug:main Changing to port directory: /opt/local/var/macports/sources/rsync.macports.org/release/tarballs/ports/lang/libcxx
:debug:main OS darwin/13.4.0 (Mac OS X 10.9) arch i386
:debug:main Sourcing PortGroup compiler_blacklist_versions 1.0 from /opt/local/var/macports/sources/rsync.macports.org/release/tarballs/ports/_resources/port1.0/group/compiler_blacklist_versions-1.0.tcl
:debug:main Reading variant descriptions from /opt/local/var/macports/sources/rsync.macports.org/release/tarballs/ports/_resources/port1.0/variant_descriptions.conf
:debug:main universal variant already exists, so not adding the default one
:debug:main Running callback portconfigure::add_automatic_compiler_dependencies
:debug:main Finished running callback portconfigure::add_automatic_compiler_dependencies
:debug:main Running callback portbuild::add_automatic_buildsystem_dependencies
:debug:main Finished running callback portbuild::add_automatic_buildsystem_dependencies
:debug:main No need to upgrade! libcxx 3.5.0_0 >= libcxx 3.5.0_0
:debug:main epoch: in tree: 0 installed: 0
:debug:main llvm_select 1.0_0 exists in the ports tree
:debug:main llvm_select 1.0_0  is the latest installed
:debug:main llvm_select 1.0_0  is active
:debug:main Merging existing variants '' into variants
:debug:main new fully merged portvariants: 
:debug:main Changing to port directory: /opt/local/var/macports/sources/rsync.macports.org/release/tarballs/ports/sysutils/llvm_select
:debug:main OS darwin/13.4.0 (Mac OS X 10.9) arch i386
:debug:main Sourcing PortGroup select 1.0 from /opt/local/var/macports/sources/rsync.macports.org/release/tarballs/ports/_resources/port1.0/group/select-1.0.tcl
:debug:main universal_variant is false, so not adding the default universal variant
:debug:main Running callback portconfigure::add_automatic_compiler_dependencies
:debug:main Finished running callback portconfigure::add_automatic_compiler_dependencies
:debug:main Running callback portbuild::add_automatic_buildsystem_dependencies
:debug:main Finished running callback portbuild::add_automatic_buildsystem_dependencies
:debug:main No need to upgrade! llvm_select 1.0_0 >= llvm_select 1.0_0
:debug:main epoch: in tree: 1 installed: 1
:debug:main cloog 0.18.2_2 exists in the ports tree
:debug:main cloog 0.18.2_2  is the latest installed
:debug:main cloog 0.18.2_2  is active
:debug:main Merging existing variants '' into variants
:debug:main new fully merged portvariants: 
:debug:main Changing to port directory: /opt/local/var/macports/sources/rsync.macports.org/release/tarballs/ports/devel/cloog
:debug:main OS darwin/13.4.0 (Mac OS X 10.9) arch i386
:debug:main Reading variant descriptions from /opt/local/var/macports/sources/rsync.macports.org/release/tarballs/ports/_resources/port1.0/variant_descriptions.conf
:debug:main Sourcing PortGroup muniversal 1.0 from /opt/local/var/macports/sources/rsync.macports.org/release/tarballs/ports/_resources/port1.0/group/muniversal-1.0.tcl
:debug:main universal variant already exists, so not adding the default one
:debug:main Running callback portconfigure::add_automatic_compiler_dependencies
:debug:main Finished running callback portconfigure::add_automatic_compiler_dependencies
:debug:main Running callback portbuild::add_automatic_buildsystem_dependencies
:debug:main Finished running callback portbuild::add_automatic_buildsystem_dependencies
:debug:main No need to upgrade! cloog 0.18.2_2 >= cloog 0.18.2_2
:debug:main epoch: in tree: 0 installed: 0
:debug:main gmp 6.0.0_1 exists in the ports tree
:debug:main gmp 6.0.0_1  is the latest installed
:debug:main gmp 6.0.0_1  is active
:debug:main Merging existing variants '' into variants
:debug:main new fully merged portvariants: 
:debug:main Changing to port directory: /opt/local/var/macports/sources/rsync.macports.org/release/tarballs/ports/devel/gmp
:debug:main OS darwin/13.4.0 (Mac OS X 10.9) arch i386
:debug:main Reading variant descriptions from /opt/local/var/macports/sources/rsync.macports.org/release/tarballs/ports/_resources/port1.0/variant_descriptions.conf
:debug:main Sourcing PortGroup muniversal 1.0 from /opt/local/var/macports/sources/rsync.macports.org/release/tarballs/ports/_resources/port1.0/group/muniversal-1.0.tcl
:debug:main universal variant already exists, so not adding the default one
:debug:main Running callback portconfigure::add_automatic_compiler_dependencies
:debug:main Finished running callback portconfigure::add_automatic_compiler_dependencies
:debug:main Running callback portbuild::add_automatic_buildsystem_dependencies
:debug:main Finished running callback portbuild::add_automatic_buildsystem_dependencies
:debug:main No need to upgrade! gmp 6.0.0_1 >= gmp 6.0.0_1
:debug:main epoch: in tree: 2 installed: 2
:debug:main isl 0.14_2 exists in the ports tree
:debug:main isl 0.14_2  is the latest installed
:debug:main isl 0.14_2  is active
:debug:main Merging existing variants '' into variants
:debug:main new fully merged portvariants: 
:debug:main Changing to port directory: /opt/local/var/macports/sources/rsync.macports.org/release/tarballs/ports/devel/isl
:debug:main OS darwin/13.4.0 (Mac OS X 10.9) arch i386
:debug:main Reading variant descriptions from /opt/local/var/macports/sources/rsync.macports.org/release/tarballs/ports/_resources/port1.0/variant_descriptions.conf
:debug:main Sourcing PortGroup muniversal 1.0 from /opt/local/var/macports/sources/rsync.macports.org/release/tarballs/ports/_resources/port1.0/group/muniversal-1.0.tcl
:debug:main universal variant already exists, so not adding the default one
:debug:main Running callback portconfigure::add_automatic_compiler_dependencies
:debug:main Finished running callback portconfigure::add_automatic_compiler_dependencies
:debug:main Running callback portbuild::add_automatic_buildsystem_dependencies
:debug:main Finished running callback portbuild::add_automatic_buildsystem_dependencies
:debug:main No need to upgrade! isl 0.14_2 >= isl 0.14_2
:debug:main epoch: in tree: 1 installed: 1
:debug:main ld64 236.3_1 exists in the ports tree
:debug:main ld64 236.3_1 +llvm35 is the latest installed
:debug:main ld64 236.3_1 +llvm35 is active
:debug:main Merging existing variants '+llvm35' into variants
:debug:main new fully merged portvariants: llvm35 +
:debug:main Changing to port directory: /opt/local/var/macports/sources/rsync.macports.org/release/tarballs/ports/devel/ld64
:debug:main OS darwin/13.4.0 (Mac OS X 10.9) arch i386
:debug:main Reading variant descriptions from /opt/local/var/macports/sources/rsync.macports.org/release/tarballs/ports/_resources/port1.0/variant_descriptions.conf
:debug:main universal variant already exists, so not adding the default one
:debug:main Executing variant llvm35 provides llvm35
:debug:main Running callback portconfigure::add_automatic_compiler_dependencies
:debug:main Finished running callback portconfigure::add_automatic_compiler_dependencies
:debug:main Running callback portbuild::add_automatic_buildsystem_dependencies
:debug:main Finished running callback portbuild::add_automatic_buildsystem_dependencies
:debug:main No need to upgrade! ld64 236.3_1 >= ld64 236.3_1
:debug:main epoch: in tree: 2 installed: 2
:debug:main libgcc 4.9.2_1 exists in the ports tree
:debug:main libgcc 4.9.2_1  is the latest installed
:debug:main libgcc 4.9.2_1  is active
:debug:main Merging existing variants '' into variants
:debug:main new fully merged portvariants: 
:debug:main Changing to port directory: /opt/local/var/macports/sources/rsync.macports.org/release/tarballs/ports/lang/gcc49
:debug:main OS darwin/13.4.0 (Mac OS X 10.9) arch i386
:debug:main Sourcing PortGroup select 1.0 from /opt/local/var/macports/sources/rsync.macports.org/release/tarballs/ports/_resources/port1.0/group/select-1.0.tcl
:debug:main Sourcing PortGroup compiler_blacklist_versions 1.0 from /opt/local/var/macports/sources/rsync.macports.org/release/tarballs/ports/_resources/port1.0/group/compiler_blacklist_versions-1.0.tcl
:debug:main compiler llvm-gcc-4.2 blacklisted because it's not installed or it doesn't work
:debug:main Reading variant descriptions from /opt/local/var/macports/sources/rsync.macports.org/release/tarballs/ports/_resources/port1.0/variant_descriptions.conf
:debug:main universal variant already exists, so not adding the default one
:debug:main Running callback portconfigure::add_automatic_compiler_dependencies
:debug:main Finished running callback portconfigure::add_automatic_compiler_dependencies
:debug:main Running callback portbuild::add_automatic_buildsystem_dependencies
:debug:main Finished running callback portbuild::add_automatic_buildsystem_dependencies
:debug:main No need to upgrade! libgcc 4.9.2_1 >= libgcc 4.9.2_1
:debug:main epoch: in tree: 0 installed: 0
:debug:main libmpc 1.0.2_1 exists in the ports tree
:debug:main libmpc 1.0.2_1  is the latest installed
:debug:main libmpc 1.0.2_1  is active
:debug:main Merging existing variants '' into variants
:debug:main new fully merged portvariants: 
:debug:main Changing to port directory: /opt/local/var/macports/sources/rsync.macports.org/release/tarballs/ports/devel/libmpc
:debug:main OS darwin/13.4.0 (Mac OS X 10.9) arch i386
:debug:main adding the default universal variant
:debug:main Reading variant descriptions from /opt/local/var/macports/sources/rsync.macports.org/release/tarballs/ports/_resources/port1.0/variant_descriptions.conf
:debug:main Running callback portconfigure::add_automatic_compiler_dependencies
:debug:main Finished running callback portconfigure::add_automatic_compiler_dependencies
:debug:main Running callback portbuild::add_automatic_buildsystem_dependencies
:debug:main Finished running callback portbuild::add_automatic_buildsystem_dependencies
:debug:main No need to upgrade! libmpc 1.0.2_1 >= libmpc 1.0.2_1
:debug:main epoch: in tree: 0 installed: 0
:debug:main mpfr 3.1.2-p10_3 exists in the ports tree
:debug:main mpfr 3.1.2-p10_3  is the latest installed
:debug:main mpfr 3.1.2-p10_3  is active
:debug:main Merging existing variants '' into variants
:debug:main new fully merged portvariants: 
:debug:main Changing to port directory: /opt/local/var/macports/sources/rsync.macports.org/release/tarballs/ports/devel/mpfr
:debug:main OS darwin/13.4.0 (Mac OS X 10.9) arch i386
:debug:main Reading variant descriptions from /opt/local/var/macports/sources/rsync.macports.org/release/tarballs/ports/_resources/port1.0/variant_descriptions.conf
:debug:main Sourcing PortGroup muniversal 1.0 from /opt/local/var/macports/sources/rsync.macports.org/release/tarballs/ports/_resources/port1.0/group/muniversal-1.0.tcl
:debug:main Sourcing PortGroup compiler_blacklist_versions 1.0 from /opt/local/var/macports/sources/rsync.macports.org/release/tarballs/ports/_resources/port1.0/group/compiler_blacklist_versions-1.0.tcl
:debug:main compiler clang 600.0.56 not blacklisted because it doesn't match {clang == 211.10.1}
:debug:main universal variant already exists, so not adding the default one
:debug:main Running callback portconfigure::add_automatic_compiler_dependencies
:debug:main Finished running callback portconfigure::add_automatic_compiler_dependencies
:debug:main Running callback portbuild::add_automatic_buildsystem_dependencies
:debug:main Finished running callback portbuild::add_automatic_buildsystem_dependencies
:debug:main No need to upgrade! mpfr 3.1.2-p10_3 >= mpfr 3.1.2-p10_3
:debug:main epoch: in tree: 0 installed: 0
:debug:main gcc_select 0.1_8 exists in the ports tree
:debug:main gcc_select 0.1_8  is the latest installed
:debug:main gcc_select 0.1_8  is active
:debug:main Merging existing variants '' into variants
:debug:main new fully merged portvariants: 
:debug:main Changing to port directory: /opt/local/var/macports/sources/rsync.macports.org/release/tarballs/ports/sysutils/gcc_select
:debug:main OS darwin/13.4.0 (Mac OS X 10.9) arch i386
:debug:main Sourcing PortGroup select 1.0 from /opt/local/var/macports/sources/rsync.macports.org/release/tarballs/ports/_resources/port1.0/group/select-1.0.tcl
:debug:main universal_variant is false, so not adding the default universal variant
:debug:main Running callback portconfigure::add_automatic_compiler_dependencies
:debug:main Finished running callback portconfigure::add_automatic_compiler_dependencies
:debug:main Running callback portbuild::add_automatic_buildsystem_dependencies
:debug:main Finished running callback portbuild::add_automatic_buildsystem_dependencies
:debug:main No need to upgrade! gcc_select 0.1_8 >= gcc_select 0.1_8
:debug:main epoch: in tree: 1 installed: 1
:debug:main clang-3.3 3.3_5 exists in the ports tree
:debug:main clang-3.3 3.3_5 +analyzer+arm_runtime+python27 is the latest installed
:debug:main clang-3.3 3.3_5 +analyzer+arm_runtime+python27 is active
:debug:main Merging existing variants '+analyzer+arm_runtime+python27' into variants
:debug:main new fully merged portvariants: analyzer + python27 + arm_runtime +
:debug:main Changing to port directory: /opt/local/var/macports/sources/rsync.macports.org/release/tarballs/ports/lang/llvm-3.3
:debug:main OS darwin/13.4.0 (Mac OS X 10.9) arch i386
:debug:main Sourcing PortGroup select 1.0 from /opt/local/var/macports/sources/rsync.macports.org/release/tarballs/ports/_resources/port1.0/group/select-1.0.tcl
:debug:main Reading variant descriptions from /opt/local/var/macports/sources/rsync.macports.org/release/tarballs/ports/_resources/port1.0/variant_descriptions.conf
:debug:main universal variant already exists, so not adding the default one
:debug:main Executing variant arm_runtime provides arm_runtime
:debug:main Executing variant python27 provides python27
:debug:main Executing variant analyzer provides analyzer
:debug:main Running callback portconfigure::add_automatic_compiler_dependencies
:debug:main Finished running callback portconfigure::add_automatic_compiler_dependencies
:debug:main Running callback portbuild::add_automatic_buildsystem_dependencies
:debug:main Finished running callback portbuild::add_automatic_buildsystem_dependencies
:debug:main No need to upgrade! clang-3.3 3.3_5 >= clang-3.3 3.3_5
:debug:main epoch: in tree: 1 installed: 1
:debug:main llvm-3.3 3.3_4 exists in the ports tree
:debug:main llvm-3.3 3.3_4  is the latest installed
:debug:main llvm-3.3 3.3_4  is active
:debug:main Merging existing variants '' into variants
:debug:main new fully merged portvariants: 
:debug:main Changing to port directory: /opt/local/var/macports/sources/rsync.macports.org/release/tarballs/ports/lang/llvm-3.3
:debug:main OS darwin/13.4.0 (Mac OS X 10.9) arch i386
:debug:main Sourcing PortGroup select 1.0 from /opt/local/var/macports/sources/rsync.macports.org/release/tarballs/ports/_resources/port1.0/group/select-1.0.tcl
:debug:main Reading variant descriptions from /opt/local/var/macports/sources/rsync.macports.org/release/tarballs/ports/_resources/port1.0/variant_descriptions.conf
:debug:main universal variant already exists, so not adding the default one
:debug:main Running callback portconfigure::add_automatic_compiler_dependencies
:debug:main Finished running callback portconfigure::add_automatic_compiler_dependencies
:debug:main Running callback portbuild::add_automatic_buildsystem_dependencies
:debug:main Finished running callback portbuild::add_automatic_buildsystem_dependencies
:debug:main No need to upgrade! llvm-3.3 3.3_4 >= llvm-3.3 3.3_4
:debug:main epoch: in tree: 0 installed: 0
:debug:main clang_select 1.0_0 exists in the ports tree
:debug:main clang_select 1.0_0  is the latest installed
:debug:main clang_select 1.0_0  is active
:debug:main Merging existing variants '' into variants
:debug:main new fully merged portvariants: 
:debug:main Changing to port directory: /opt/local/var/macports/sources/rsync.macports.org/release/tarballs/ports/sysutils/clang_select
:debug:main OS darwin/13.4.0 (Mac OS X 10.9) arch i386
:debug:main Sourcing PortGroup select 1.0 from /opt/local/var/macports/sources/rsync.macports.org/release/tarballs/ports/_resources/port1.0/group/select-1.0.tcl
:debug:main universal_variant is false, so not adding the default universal variant
:debug:main Running callback portconfigure::add_automatic_compiler_dependencies
:debug:main Finished running callback portconfigure::add_automatic_compiler_dependencies
:debug:main Running callback portbuild::add_automatic_buildsystem_dependencies
:debug:main Finished running callback portbuild::add_automatic_buildsystem_dependencies
:debug:main No need to upgrade! clang_select 1.0_0 >= clang_select 1.0_0
:debug:main epoch: in tree: 2 installed: 2
:debug:main python27 2.7.9_0 exists in the ports tree
:debug:main python27 2.7.9_0  is the latest installed
:debug:main python27 2.7.9_0  is active
:debug:main Merging existing variants '' into variants
:debug:main new fully merged portvariants: 
:debug:main Changing to port directory: /opt/local/var/macports/sources/rsync.macports.org/release/tarballs/ports/lang/python27
:debug:main OS darwin/13.4.0 (Mac OS X 10.9) arch i386
:debug:main Sourcing PortGroup select 1.0 from /opt/local/var/macports/sources/rsync.macports.org/release/tarballs/ports/_resources/port1.0/group/select-1.0.tcl
:debug:main Reading variant descriptions from /opt/local/var/macports/sources/rsync.macports.org/release/tarballs/ports/_resources/port1.0/variant_descriptions.conf
:debug:main universal variant already exists, so not adding the default one
:debug:main Running callback portconfigure::add_automatic_compiler_dependencies
:debug:main Finished running callback portconfigure::add_automatic_compiler_dependencies
:debug:main Running callback portbuild::add_automatic_buildsystem_dependencies
:debug:main Finished running callback portbuild::add_automatic_buildsystem_dependencies
:debug:main No need to upgrade! python27 2.7.9_0 >= python27 2.7.9_0
:debug:main epoch: in tree: 0 installed: 0
:debug:main sqlite3 3.8.7.4_0 exists in the ports tree
:debug:main sqlite3 3.8.7.4_0  is the latest installed
:debug:main sqlite3 3.8.7.4_0  is active
:debug:main Merging existing variants '' into variants
:debug:main new fully merged portvariants: 
:debug:main Changing to port directory: /opt/local/var/macports/sources/rsync.macports.org/release/tarballs/ports/databases/sqlite3
:debug:main OS darwin/13.4.0 (Mac OS X 10.9) arch i386
:debug:main adding the default universal variant
:debug:main Reading variant descriptions from /opt/local/var/macports/sources/rsync.macports.org/release/tarballs/ports/_resources/port1.0/variant_descriptions.conf
:debug:main Running callback portconfigure::add_automatic_compiler_dependencies
:debug:main Finished running callback portconfigure::add_automatic_compiler_dependencies
:debug:main Running callback portbuild::add_automatic_buildsystem_dependencies
:debug:main Finished running callback portbuild::add_automatic_buildsystem_dependencies
:debug:main No need to upgrade! sqlite3 3.8.7.4_0 >= sqlite3 3.8.7.4_0
:debug:main epoch: in tree: 0 installed: 0
:debug:main db48 4.8.30_4 exists in the ports tree
:debug:main db48 4.8.30_4  is the latest installed
:debug:main db48 4.8.30_4  is active
:debug:main Merging existing variants '' into variants
:debug:main new fully merged portvariants: 
:debug:main Changing to port directory: /opt/local/var/macports/sources/rsync.macports.org/release/tarballs/ports/databases/db48
:debug:main OS darwin/13.4.0 (Mac OS X 10.9) arch i386
:debug:main Reading variant descriptions from /opt/local/var/macports/sources/rsync.macports.org/release/tarballs/ports/_resources/port1.0/variant_descriptions.conf
:debug:main Sourcing PortGroup muniversal 1.0 from /opt/local/var/macports/sources/rsync.macports.org/release/tarballs/ports/_resources/port1.0/group/muniversal-1.0.tcl
:debug:main Sourcing PortGroup select 1.0 from /opt/local/var/macports/sources/rsync.macports.org/release/tarballs/ports/_resources/port1.0/group/select-1.0.tcl
:debug:main universal variant already exists, so not adding the default one
:debug:main Running callback portconfigure::add_automatic_compiler_dependencies
:debug:main Finished running callback portconfigure::add_automatic_compiler_dependencies
:debug:main Running callback portbuild::add_automatic_buildsystem_dependencies
:debug:main Finished running callback portbuild::add_automatic_buildsystem_dependencies
:debug:main No need to upgrade! db48 4.8.30_4 >= db48 4.8.30_4
:debug:main epoch: in tree: 0 installed: 0
:debug:main db_select 0.1_2 exists in the ports tree
:debug:main db_select 0.1_2  is the latest installed
:debug:main db_select 0.1_2  is active
:debug:main Merging existing variants '' into variants
:debug:main new fully merged portvariants: 
:debug:main Changing to port directory: /opt/local/var/macports/sources/rsync.macports.org/release/tarballs/ports/sysutils/db_select
:debug:main OS darwin/13.4.0 (Mac OS X 10.9) arch i386
:debug:main Sourcing PortGroup select 1.0 from /opt/local/var/macports/sources/rsync.macports.org/release/tarballs/ports/_resources/port1.0/group/select-1.0.tcl
:debug:main universal_variant is false, so not adding the default universal variant
:debug:main Running callback portconfigure::add_automatic_compiler_dependencies
:debug:main Finished running callback portconfigure::add_automatic_compiler_dependencies
:debug:main Running callback portbuild::add_automatic_buildsystem_dependencies
:debug:main Finished running callback portbuild::add_automatic_buildsystem_dependencies
:debug:main No need to upgrade! db_select 0.1_2 >= db_select 0.1_2
:debug:main epoch: in tree: 0 installed: 0
:debug:main python_select 0.3_4 exists in the ports tree
:debug:main python_select 0.3_4  is the latest installed
:debug:main python_select 0.3_4  is active
:debug:main Merging existing variants '' into variants
:debug:main new fully merged portvariants: 
:debug:main Changing to port directory: /opt/local/var/macports/sources/rsync.macports.org/release/tarballs/ports/sysutils/python_select
:debug:main OS darwin/13.4.0 (Mac OS X 10.9) arch i386
:debug:main Sourcing PortGroup select 1.0 from /opt/local/var/macports/sources/rsync.macports.org/release/tarballs/ports/_resources/port1.0/group/select-1.0.tcl
:debug:main universal_variant is false, so not adding the default universal variant
:debug:main Running callback portconfigure::add_automatic_compiler_dependencies
:debug:main Finished running callback portconfigure::add_automatic_compiler_dependencies
:debug:main Running callback portbuild::add_automatic_buildsystem_dependencies
:debug:main Finished running callback portbuild::add_automatic_buildsystem_dependencies
:debug:main No need to upgrade! python_select 0.3_4 >= python_select 0.3_4
:debug:main epoch: in tree: 0 installed: 0
:debug:main lp_solve 5.5.2.0_0 exists in the ports tree
:debug:main lp_solve 5.5.2.0_0  is the latest installed
:debug:main lp_solve 5.5.2.0_0  is active
:debug:main Merging existing variants '' into variants
:debug:main new fully merged portvariants: 
:debug:main Changing to port directory: /opt/local/var/macports/sources/rsync.macports.org/release/tarballs/ports/math/lp_solve
:debug:main OS darwin/13.4.0 (Mac OS X 10.9) arch i386
:debug:main Reading variant descriptions from /opt/local/var/macports/sources/rsync.macports.org/release/tarballs/ports/_resources/port1.0/variant_descriptions.conf
:debug:main Sourcing PortGroup muniversal 1.0 from /opt/local/var/macports/sources/rsync.macports.org/release/tarballs/ports/_resources/port1.0/group/muniversal-1.0.tcl
:debug:main universal variant already exists, so not adding the default one
:debug:main Running callback portconfigure::add_automatic_compiler_dependencies
:debug:main Finished running callback portconfigure::add_automatic_compiler_dependencies
:debug:main Running callback portbuild::add_automatic_buildsystem_dependencies
:debug:main Finished running callback portbuild::add_automatic_buildsystem_dependencies
:debug:main No need to upgrade! lp_solve 5.5.2.0_0 >= lp_solve 5.5.2.0_0
:debug:main epoch: in tree: 0 installed: 0
:debug:main omniORB 4.2.0_1 exists in the ports tree
:debug:main omniORB 4.2.0_1  is the latest installed
:debug:main omniORB 4.2.0_1  is active
:debug:main Merging existing variants '' into variants
:debug:main new fully merged portvariants: 
:debug:main Changing to port directory: /opt/local/var/macports/sources/rsync.macports.org/release/tarballs/ports/devel/omniORB
:debug:main OS darwin/13.4.0 (Mac OS X 10.9) arch i386
:debug:main Sourcing PortGroup conflicts_build 1.0 from /opt/local/var/macports/sources/rsync.macports.org/release/tarballs/ports/_resources/port1.0/group/conflicts_build-1.0.tcl
:debug:main universal_variant is false, so not adding the default universal variant
:debug:main Running callback portconfigure::add_automatic_compiler_dependencies
:debug:main Finished running callback portconfigure::add_automatic_compiler_dependencies
:debug:main Running callback portbuild::add_automatic_buildsystem_dependencies
:debug:main Finished running callback portbuild::add_automatic_buildsystem_dependencies
:debug:main No need to upgrade! omniORB 4.2.0_1 >= omniORB 4.2.0_1
:debug:main epoch: in tree: 0 installed: 0
:debug:main readline 6.3.003_0 exists in the ports tree
:debug:main readline 6.3.003_0  is the latest installed
:debug:main readline 6.3.003_0  is active
:debug:main Merging existing variants '' into variants
:debug:main new fully merged portvariants: 
:debug:main Changing to port directory: /opt/local/var/macports/sources/rsync.macports.org/release/tarballs/ports/devel/readline
:debug:main OS darwin/13.4.0 (Mac OS X 10.9) arch i386
:debug:main Reading variant descriptions from /opt/local/var/macports/sources/rsync.macports.org/release/tarballs/ports/_resources/port1.0/variant_descriptions.conf
:debug:main Sourcing PortGroup muniversal 1.0 from /opt/local/var/macports/sources/rsync.macports.org/release/tarballs/ports/_resources/port1.0/group/muniversal-1.0.tcl
:debug:main universal variant already exists, so not adding the default one
:debug:main Running callback portconfigure::add_automatic_compiler_dependencies
:debug:main Finished running callback portconfigure::add_automatic_compiler_dependencies
:debug:main Running callback portbuild::add_automatic_buildsystem_dependencies
:debug:main Finished running callback portbuild::add_automatic_buildsystem_dependencies
:debug:main No need to upgrade! readline 6.3.003_0 >= readline 6.3.003_0
:debug:main epoch: in tree: 0 installed: 0
:debug:main sundials 2.5.0_1 exists in the ports tree
:debug:main sundials 2.5.0_1 +mpich is the latest installed
:debug:main sundials 2.5.0_1 +mpich is active
:debug:main Merging existing variants '+mpich' into variants
:debug:main new fully merged portvariants: mpich +
:debug:main Changing to port directory: /opt/local/var/macports/sources/rsync.macports.org/release/tarballs/ports/math/sundials
:debug:main OS darwin/13.4.0 (Mac OS X 10.9) arch i386
:debug:main Sourcing PortGroup active_variants 1.1 from /opt/local/var/macports/sources/rsync.macports.org/release/tarballs/ports/_resources/port1.0/group/active_variants-1.1.tcl
:debug:main Sourcing PortGroup compilers 1.0 from /opt/local/var/macports/sources/rsync.macports.org/release/tarballs/ports/_resources/port1.0/group/compilers-1.0.tcl
:debug:main Sourcing PortGroup mpi 1.0 from /opt/local/var/macports/sources/rsync.macports.org/release/tarballs/ports/_resources/port1.0/group/mpi-1.0.tcl
:debug:main adding the default universal variant
:debug:main Reading variant descriptions from /opt/local/var/macports/sources/rsync.macports.org/release/tarballs/ports/_resources/port1.0/variant_descriptions.conf
:debug:main Executing variant mpich provides mpich
:debug:main Running callback portconfigure::add_automatic_compiler_dependencies
:debug:main Finished running callback portconfigure::add_automatic_compiler_dependencies
:debug:main Running callback portbuild::add_automatic_buildsystem_dependencies
:debug:main Finished running callback portbuild::add_automatic_buildsystem_dependencies
:debug:main No need to upgrade! sundials 2.5.0_1 >= sundials 2.5.0_1
:debug:main epoch: in tree: 0 installed: 0
:debug:main mpich-default 3.1.3_0 exists in the ports tree
:debug:main mpich-default 3.1.3_0 +gcc48 is the latest installed
:debug:main mpich-default 3.1.3_0 +gcc48 is active
:debug:main Merging existing variants '+gcc48' into variants
:debug:main new fully merged portvariants: gcc48 +
:debug:main Changing to port directory: /opt/local/var/macports/sources/rsync.macports.org/release/tarballs/ports/science/mpich
:debug:main OS darwin/13.4.0 (Mac OS X 10.9) arch i386
:debug:main Sourcing PortGroup compiler_blacklist_versions 1.0 from /opt/local/var/macports/sources/rsync.macports.org/release/tarballs/ports/_resources/port1.0/group/compiler_blacklist_versions-1.0.tcl
:debug:main Sourcing PortGroup select 1.0 from /opt/local/var/macports/sources/rsync.macports.org/release/tarballs/ports/_resources/port1.0/group/select-1.0.tcl
:debug:main compiler clang 600.0.56 not blacklisted because it doesn't match {clang >= 421.11.66 < 425.0.24}
:debug:main universal_variant is false, so not adding the default universal variant
:debug:main Executing variant gcc48 provides gcc48
:debug:main Running callback portconfigure::add_automatic_compiler_dependencies
:debug:main Finished running callback portconfigure::add_automatic_compiler_dependencies
:debug:main Running callback portbuild::add_automatic_buildsystem_dependencies
:debug:main Finished running callback portbuild::add_automatic_buildsystem_dependencies
:debug:main No need to upgrade! mpich-default 3.1.3_0 >= mpich-default 3.1.3_0
:debug:main epoch: in tree: 0 installed: 0
:debug:main mpi_select 0.0_3 exists in the ports tree
:debug:main mpi_select 0.0_3  is the latest installed
:debug:main mpi_select 0.0_3  is active
:debug:main Merging existing variants '' into variants
:debug:main new fully merged portvariants: 
:debug:main Changing to port directory: /opt/local/var/macports/sources/rsync.macports.org/release/tarballs/ports/sysutils/mpi_select
:debug:main OS darwin/13.4.0 (Mac OS X 10.9) arch i386
:debug:main Sourcing PortGroup select 1.0 from /opt/local/var/macports/sources/rsync.macports.org/release/tarballs/ports/_resources/port1.0/group/select-1.0.tcl
:debug:main universal_variant is false, so not adding the default universal variant
:debug:main Running callback portconfigure::add_automatic_compiler_dependencies
:debug:main Finished running callback portconfigure::add_automatic_compiler_dependencies
:debug:main Running callback portbuild::add_automatic_buildsystem_dependencies
:debug:main Finished running callback portbuild::add_automatic_buildsystem_dependencies
:debug:main No need to upgrade! mpi_select 0.0_3 >= mpi_select 0.0_3
:debug:main epoch: in tree: 0 installed: 0
:debug:main mpi-doc 3.1.3_0 exists in the ports tree
:debug:main mpi-doc 3.1.3_0  is the latest installed
:debug:main mpi-doc 3.1.3_0  is active
:debug:main Merging existing variants '' into variants
:debug:main new fully merged portvariants: 
:debug:main Changing to port directory: /opt/local/var/macports/sources/rsync.macports.org/release/tarballs/ports/science/mpi-doc
:debug:main OS darwin/13.4.0 (Mac OS X 10.9) arch i386
:debug:main universal_variant is false, so not adding the default universal variant
:debug:main Running callback portconfigure::add_automatic_compiler_dependencies
:debug:main Finished running callback portconfigure::add_automatic_compiler_dependencies
:debug:main Running callback portbuild::add_automatic_buildsystem_dependencies
:debug:main Finished running callback portbuild::add_automatic_buildsystem_dependencies
:debug:main No need to upgrade! mpi-doc 3.1.3_0 >= mpi-doc 3.1.3_0
:debug:main epoch: in tree: 0 installed: 0
:debug:main gmake 4.1_0 exists in the ports tree
:debug:main gmake 4.1_0  is the latest installed
:debug:main gmake 4.1_0  is active
:debug:main Merging existing variants '' into variants
:debug:main new fully merged portvariants: 
:debug:main Changing to port directory: /opt/local/var/macports/sources/rsync.macports.org/release/tarballs/ports/devel/gmake
:debug:main OS darwin/13.4.0 (Mac OS X 10.9) arch i386
:debug:main adding the default universal variant
:debug:main Reading variant descriptions from /opt/local/var/macports/sources/rsync.macports.org/release/tarballs/ports/_resources/port1.0/variant_descriptions.conf
:debug:main Running callback portconfigure::add_automatic_compiler_dependencies
:debug:main Finished running callback portconfigure::add_automatic_compiler_dependencies
:debug:main Running callback portbuild::add_automatic_buildsystem_dependencies
:debug:main Finished running callback portbuild::add_automatic_buildsystem_dependencies
:debug:main No need to upgrade! gmake 4.1_0 >= gmake 4.1_0
:debug:main epoch: in tree: 0 installed: 0
:debug:main openmodelicalibraries 20150102-190228_0 exists in the ports tree
:debug:main openmodelicalibraries 20150102-190228_0  is the latest installed
:debug:main openmodelicalibraries 20150102-190228_0  is active
:debug:main Merging existing variants '' into variants
:debug:main new fully merged portvariants: 
:debug:main Changing to port directory: /opt/local/var/macports/sources/build.openmodelica.org/macports/lang/openmodelicalibraries
:debug:main OS darwin/13.4.0 (Mac OS X 10.9) arch i386
:debug:main universal_variant is false, so not adding the default universal variant
:debug:main Running callback portconfigure::add_automatic_compiler_dependencies
:debug:main Finished running callback portconfigure::add_automatic_compiler_dependencies
:debug:main Running callback portbuild::add_automatic_buildsystem_dependencies
:debug:main Finished running callback portbuild::add_automatic_buildsystem_dependencies
:debug:main No need to upgrade! openmodelicalibraries 20150102-190228_0 >= openmodelicalibraries 20150102-190228_0
:debug:main epoch: in tree: 0 installed: 0
:debug:main omlib-adgenkinetics 20120827-080000~git~master_0 exists in the ports tree
:debug:main omlib-adgenkinetics 20120827-080000~git~master_0  is the latest installed
:debug:main omlib-adgenkinetics 20120827-080000~git~master_0  is active
:debug:main Merging existing variants '' into variants
:debug:main new fully merged portvariants: 
:debug:main Changing to port directory: /opt/local/var/macports/sources/build.openmodelica.org/macports/lang/omlib-adgenkinetics
:debug:main OS darwin/13.4.0 (Mac OS X 10.9) arch i386
:debug:main universal_variant is false, so not adding the default universal variant
:debug:main Running callback portconfigure::add_automatic_compiler_dependencies
:debug:main Finished running callback portconfigure::add_automatic_compiler_dependencies
:debug:main Running callback portbuild::add_automatic_buildsystem_dependencies
:debug:main Finished running callback portbuild::add_automatic_buildsystem_dependencies
:debug:main No need to upgrade! omlib-adgenkinetics 20120827-080000~git~master_0 >= omlib-adgenkinetics 20120827-080000~git~master_0
:debug:main epoch: in tree: 0 installed: 0
:debug:main omlib-admsl 20140309-171025~git~master_0 exists in the ports tree
:debug:main omlib-admsl 20140309-171025~git~master_0  is the latest installed
:debug:main omlib-admsl 20140309-171025~git~master_0  is active
:debug:main Merging existing variants '' into variants
:debug:main new fully merged portvariants: 
:debug:main Changing to port directory: /opt/local/var/macports/sources/build.openmodelica.org/macports/lang/omlib-admsl
:debug:main OS darwin/13.4.0 (Mac OS X 10.9) arch i386
:debug:main universal_variant is false, so not adding the default universal variant
:debug:main Running callback portconfigure::add_automatic_compiler_dependencies
:debug:main Finished running callback portconfigure::add_automatic_compiler_dependencies
:debug:main Running callback portbuild::add_automatic_buildsystem_dependencies
:debug:main Finished running callback portbuild::add_automatic_buildsystem_dependencies
:debug:main No need to upgrade! omlib-admsl 20140309-171025~git~master_0 >= omlib-admsl 20140309-171025~git~master_0
:debug:main epoch: in tree: 0 installed: 0
:debug:main omlib-annex60-0.1 20141216-065905~git~master_0 exists in the ports tree
:debug:main omlib-annex60-0.1 20141216-065905~git~master_0  is the latest installed
:debug:main omlib-annex60-0.1 20141216-065905~git~master_0  is active
:debug:main Merging existing variants '' into variants
:debug:main new fully merged portvariants: 
:debug:main Changing to port directory: /opt/local/var/macports/sources/build.openmodelica.org/macports/lang/omlib-annex60-0.1
:debug:main OS darwin/13.4.0 (Mac OS X 10.9) arch i386
:debug:main universal_variant is false, so not adding the default universal variant
:debug:main Running callback portconfigure::add_automatic_compiler_dependencies
:debug:main Finished running callback portconfigure::add_automatic_compiler_dependencies
:debug:main Running callback portbuild::add_automatic_buildsystem_dependencies
:debug:main Finished running callback portbuild::add_automatic_buildsystem_dependencies
:debug:main No need to upgrade! omlib-annex60-0.1 20141216-065905~git~master_0 >= omlib-annex60-0.1 20141216-065905~git~master_0
:debug:main epoch: in tree: 0 installed: 0
:debug:main omlib-biochem-1.0.1 20140505-103150~git~master_0 exists in the ports tree
:debug:main omlib-biochem-1.0.1 20140505-103150~git~master_0  is the latest installed
:debug:main omlib-biochem-1.0.1 20140505-103150~git~master_0  is active
:debug:main Merging existing variants '' into variants
:debug:main new fully merged portvariants: 
:debug:main Changing to port directory: /opt/local/var/macports/sources/build.openmodelica.org/macports/lang/omlib-biochem-1.0.1
:debug:main OS darwin/13.4.0 (Mac OS X 10.9) arch i386
:debug:main universal_variant is false, so not adding the default universal variant
:debug:main Running callback portconfigure::add_automatic_compiler_dependencies
:debug:main Finished running callback portconfigure::add_automatic_compiler_dependencies
:debug:main Running callback portbuild::add_automatic_buildsystem_dependencies
:debug:main Finished running callback portbuild::add_automatic_buildsystem_dependencies
:debug:main No need to upgrade! omlib-biochem-1.0.1 20140505-103150~git~master_0 >= omlib-biochem-1.0.1 20140505-103150~git~master_0
:debug:main epoch: in tree: 0 installed: 0
:debug:main omlib-bondgraph 20131202-150206~git~master_0 exists in the ports tree
:debug:main omlib-bondgraph 20131202-150206~git~master_0  is the latest installed
:debug:main omlib-bondgraph 20131202-150206~git~master_0  is active
:debug:main Merging existing variants '' into variants
:debug:main new fully merged portvariants: 
:debug:main Changing to port directory: /opt/local/var/macports/sources/build.openmodelica.org/macports/lang/omlib-bondgraph
:debug:main OS darwin/13.4.0 (Mac OS X 10.9) arch i386
:debug:main universal_variant is false, so not adding the default universal variant
:debug:main Running callback portconfigure::add_automatic_compiler_dependencies
:debug:main Finished running callback portconfigure::add_automatic_compiler_dependencies
:debug:main Running callback portbuild::add_automatic_buildsystem_dependencies
:debug:main Finished running callback portbuild::add_automatic_buildsystem_dependencies
:debug:main No need to upgrade! omlib-bondgraph 20131202-150206~git~master_0 >= omlib-bondgraph 20131202-150206~git~master_0
:debug:main epoch: in tree: 0 installed: 0
:debug:main omlib-bondlib-2.3 20070927-080000~git~release_0 exists in the ports tree
:debug:main omlib-bondlib-2.3 20070927-080000~git~release_0  is the latest installed
:debug:main omlib-bondlib-2.3 20070927-080000~git~release_0  is active
:debug:main Merging existing variants '' into variants
:debug:main new fully merged portvariants: 
:debug:main Changing to port directory: /opt/local/var/macports/sources/build.openmodelica.org/macports/lang/omlib-bondlib-2.3
:debug:main OS darwin/13.4.0 (Mac OS X 10.9) arch i386
:debug:main universal_variant is false, so not adding the default universal variant
:debug:main Running callback portconfigure::add_automatic_compiler_dependencies
:debug:main Finished running callback portconfigure::add_automatic_compiler_dependencies
:debug:main Running callback portbuild::add_automatic_buildsystem_dependencies
:debug:main Finished running callback portbuild::add_automatic_buildsystem_dependencies
:debug:main No need to upgrade! omlib-bondlib-2.3 20070927-080000~git~release_0 >= omlib-bondlib-2.3 20070927-080000~git~release_0
:debug:main epoch: in tree: 0 installed: 0
:debug:main omlib-brineprop-0.4.0 20141210-151148~git~master_0 exists in the ports tree
:debug:main omlib-brineprop-0.4.0 20141210-151148~git~master_0  is the latest installed
:debug:main omlib-brineprop-0.4.0 20141210-151148~git~master_0  is active
:debug:main Merging existing variants '' into variants
:debug:main new fully merged portvariants: 
:debug:main Changing to port directory: /opt/local/var/macports/sources/build.openmodelica.org/macports/lang/omlib-brineprop-0.4.0
:debug:main OS darwin/13.4.0 (Mac OS X 10.9) arch i386
:debug:main universal_variant is false, so not adding the default universal variant
:debug:main Running callback portconfigure::add_automatic_compiler_dependencies
:debug:main Finished running callback portconfigure::add_automatic_compiler_dependencies
:debug:main Running callback portbuild::add_automatic_buildsystem_dependencies
:debug:main Finished running callback portbuild::add_automatic_buildsystem_dependencies
:debug:main No need to upgrade! omlib-brineprop-0.4.0 20141210-151148~git~master_0 >= omlib-brineprop-0.4.0 20141210-151148~git~master_0
:debug:main epoch: in tree: 0 installed: 0
:debug:main omlib-buildings-1.6 20140620-113443~git~release_0 exists in the ports tree
:debug:main omlib-buildings-1.6 20140620-113443~git~release_0  is the latest installed
:debug:main omlib-buildings-1.6 20140620-113443~git~release_0  is active
:debug:main Merging existing variants '' into variants
:debug:main new fully merged portvariants: 
:debug:main Changing to port directory: /opt/local/var/macports/sources/build.openmodelica.org/macports/lang/omlib-buildings-1.6
:debug:main OS darwin/13.4.0 (Mac OS X 10.9) arch i386
:debug:main universal_variant is false, so not adding the default universal variant
:debug:main Running callback portconfigure::add_automatic_compiler_dependencies
:debug:main Finished running callback portconfigure::add_automatic_compiler_dependencies
:debug:main Running callback portbuild::add_automatic_buildsystem_dependencies
:debug:main Finished running callback portbuild::add_automatic_buildsystem_dependencies
:debug:main No need to upgrade! omlib-buildings-1.6 20140620-113443~git~release_0 >= omlib-buildings-1.6 20140620-113443~git~release_0
:debug:main epoch: in tree: 0 installed: 0
:debug:main omlib-buildings-latest 20141212-220306~git~master_0 exists in the ports tree
:debug:main omlib-buildings-latest 20141212-220306~git~master_0  is the latest installed
:debug:main omlib-buildings-latest 20141212-220306~git~master_0  is active
:debug:main Merging existing variants '' into variants
:debug:main new fully merged portvariants: 
:debug:main Changing to port directory: /opt/local/var/macports/sources/build.openmodelica.org/macports/lang/omlib-buildings-latest
:debug:main OS darwin/13.4.0 (Mac OS X 10.9) arch i386
:debug:main universal_variant is false, so not adding the default universal variant
:debug:main Running callback portconfigure::add_automatic_compiler_dependencies
:debug:main Finished running callback portconfigure::add_automatic_compiler_dependencies
:debug:main Running callback portbuild::add_automatic_buildsystem_dependencies
:debug:main Finished running callback portbuild::add_automatic_buildsystem_dependencies
:debug:main No need to upgrade! omlib-buildings-latest 20141212-220306~git~master_0 >= omlib-buildings-latest 20141212-220306~git~master_0
:debug:main epoch: in tree: 0 installed: 0
:debug:main omlib-complex-3.2.1 6931-om1_0 exists in the ports tree
:debug:main omlib-complex-3.2.1 6931-om1_0  is the latest installed
:debug:main omlib-complex-3.2.1 6931-om1_0  is active
:debug:main Merging existing variants '' into variants
:debug:main new fully merged portvariants: 
:debug:main Changing to port directory: /opt/local/var/macports/sources/build.openmodelica.org/macports/lang/omlib-complex-3.2.1
:debug:main OS darwin/13.4.0 (Mac OS X 10.9) arch i386
:debug:main universal_variant is false, so not adding the default universal variant
:debug:main Running callback portconfigure::add_automatic_compiler_dependencies
:debug:main Finished running callback portconfigure::add_automatic_compiler_dependencies
:debug:main Running callback portbuild::add_automatic_buildsystem_dependencies
:debug:main Finished running callback portbuild::add_automatic_buildsystem_dependencies
:debug:main No need to upgrade! omlib-complex-3.2.1 6931-om1_0 >= omlib-complex-3.2.1 6931-om1_0
:debug:main epoch: in tree: 0 installed: 0
:debug:main omlib-complex-trunk 6931-om1_0 exists in the ports tree
:debug:main omlib-complex-trunk 6931-om1_0  is the latest installed
:debug:main omlib-complex-trunk 6931-om1_0  is active
:debug:main Merging existing variants '' into variants
:debug:main new fully merged portvariants: 
:debug:main Changing to port directory: /opt/local/var/macports/sources/build.openmodelica.org/macports/lang/omlib-complex-trunk
:debug:main OS darwin/13.4.0 (Mac OS X 10.9) arch i386
:debug:main universal_variant is false, so not adding the default universal variant
:debug:main Running callback portconfigure::add_automatic_compiler_dependencies
:debug:main Finished running callback portconfigure::add_automatic_compiler_dependencies
:debug:main Running callback portbuild::add_automatic_buildsystem_dependencies
:debug:main Finished running callback portbuild::add_automatic_buildsystem_dependencies
:debug:main No need to upgrade! omlib-complex-trunk 6931-om1_0 >= omlib-complex-trunk 6931-om1_0
:debug:main epoch: in tree: 0 installed: 0
:debug:main omlib-complexlib 20080518-080000~git~master_0 exists in the ports tree
:debug:main omlib-complexlib 20080518-080000~git~master_0  is the latest installed
:debug:main omlib-complexlib 20080518-080000~git~master_0  is active
:debug:main Merging existing variants '' into variants
:debug:main new fully merged portvariants: 
:debug:main Changing to port directory: /opt/local/var/macports/sources/build.openmodelica.org/macports/lang/omlib-complexlib
:debug:main OS darwin/13.4.0 (Mac OS X 10.9) arch i386
:debug:main universal_variant is false, so not adding the default universal variant
:debug:main Running callback portconfigure::add_automatic_compiler_dependencies
:debug:main Finished running callback portconfigure::add_automatic_compiler_dependencies
:debug:main Running callback portbuild::add_automatic_buildsystem_dependencies
:debug:main Finished running callback portbuild::add_automatic_buildsystem_dependencies
:debug:main No need to upgrade! omlib-complexlib 20080518-080000~git~master_0 >= omlib-complexlib 20080518-080000~git~master_0
:debug:main epoch: in tree: 0 installed: 0
:debug:main omlib-deslib-1.6.1 20130201-080000~git~release_0 exists in the ports tree
:debug:main omlib-deslib-1.6.1 20130201-080000~git~release_0  is the latest installed
:debug:main omlib-deslib-1.6.1 20130201-080000~git~release_0  is active
:debug:main Merging existing variants '' into variants
:debug:main new fully merged portvariants: 
:debug:main Changing to port directory: /opt/local/var/macports/sources/build.openmodelica.org/macports/lang/omlib-deslib-1.6.1
:debug:main OS darwin/13.4.0 (Mac OS X 10.9) arch i386
:debug:main universal_variant is false, so not adding the default universal variant
:debug:main Running callback portconfigure::add_automatic_compiler_dependencies
:debug:main Finished running callback portconfigure::add_automatic_compiler_dependencies
:debug:main Running callback portbuild::add_automatic_buildsystem_dependencies
:debug:main Finished running callback portbuild::add_automatic_buildsystem_dependencies
:debug:main No need to upgrade! omlib-deslib-1.6.1 20130201-080000~git~release_0 >= omlib-deslib-1.6.1 20130201-080000~git~release_0
:debug:main epoch: in tree: 0 installed: 0
:debug:main omlib-extendedpetrinets-1.0 20020411-080000~git~release_0 exists in the ports tree
:debug:main omlib-extendedpetrinets-1.0 20020411-080000~git~release_0  is the latest installed
:debug:main omlib-extendedpetrinets-1.0 20020411-080000~git~release_0  is active
:debug:main Merging existing variants '' into variants
:debug:main new fully merged portvariants: 
:debug:main Changing to port directory: /opt/local/var/macports/sources/build.openmodelica.org/macports/lang/omlib-extendedpetrinets-1.0
:debug:main OS darwin/13.4.0 (Mac OS X 10.9) arch i386
:debug:main universal_variant is false, so not adding the default universal variant
:debug:main Running callback portconfigure::add_automatic_compiler_dependencies
:debug:main Finished running callback portconfigure::add_automatic_compiler_dependencies
:debug:main Running callback portbuild::add_automatic_buildsystem_dependencies
:debug:main Finished running callback portbuild::add_automatic_buildsystem_dependencies
:debug:main No need to upgrade! omlib-extendedpetrinets-1.0 20020411-080000~git~release_0 >= omlib-extendedpetrinets-1.0 20020411-080000~git~release_0
:debug:main epoch: in tree: 0 installed: 0
:debug:main omlib-fcsys-0.2.6 20140125-064308~git~master_0 exists in the ports tree
:debug:main omlib-fcsys-0.2.6 20140125-064308~git~master_0  is the latest installed
:debug:main omlib-fcsys-0.2.6 20140125-064308~git~master_0  is active
:debug:main Merging existing variants '' into variants
:debug:main new fully merged portvariants: 
:debug:main Changing to port directory: /opt/local/var/macports/sources/build.openmodelica.org/macports/lang/omlib-fcsys-0.2.6
:debug:main OS darwin/13.4.0 (Mac OS X 10.9) arch i386
:debug:main universal_variant is false, so not adding the default universal variant
:debug:main Running callback portconfigure::add_automatic_compiler_dependencies
:debug:main Finished running callback portconfigure::add_automatic_compiler_dependencies
:debug:main Running callback portbuild::add_automatic_buildsystem_dependencies
:debug:main Finished running callback portbuild::add_automatic_buildsystem_dependencies
:debug:main No need to upgrade! omlib-fcsys-0.2.6 20140125-064308~git~master_0 >= omlib-fcsys-0.2.6 20140125-064308~git~master_0
:debug:main epoch: in tree: 0 installed: 0
:debug:main omlib-fcsystest 20140125-064308~git~master_0 exists in the ports tree
:debug:main omlib-fcsystest 20140125-064308~git~master_0  is the latest installed
:debug:main omlib-fcsystest 20140125-064308~git~master_0  is active
:debug:main Merging existing variants '' into variants
:debug:main new fully merged portvariants: 
:debug:main Changing to port directory: /opt/local/var/macports/sources/build.openmodelica.org/macports/lang/omlib-fcsystest
:debug:main OS darwin/13.4.0 (Mac OS X 10.9) arch i386
:debug:main universal_variant is false, so not adding the default universal variant
:debug:main Running callback portconfigure::add_automatic_compiler_dependencies
:debug:main Finished running callback portconfigure::add_automatic_compiler_dependencies
:debug:main Running callback portbuild::add_automatic_buildsystem_dependencies
:debug:main Finished running callback portbuild::add_automatic_buildsystem_dependencies
:debug:main No need to upgrade! omlib-fcsystest 20140125-064308~git~master_0 >= omlib-fcsystest 20140125-064308~git~master_0
:debug:main epoch: in tree: 0 installed: 0
:debug:main omlib-fastbuildings-0.0 20140305-162838~git~master_0 exists in the ports tree
:debug:main omlib-fastbuildings-0.0 20140305-162838~git~master_0  is the latest installed
:debug:main omlib-fastbuildings-0.0 20140305-162838~git~master_0  is active
:debug:main Merging existing variants '' into variants
:debug:main new fully merged portvariants: 
:debug:main Changing to port directory: /opt/local/var/macports/sources/build.openmodelica.org/macports/lang/omlib-fastbuildings-0.0
:debug:main OS darwin/13.4.0 (Mac OS X 10.9) arch i386
:debug:main universal_variant is false, so not adding the default universal variant
:debug:main Running callback portconfigure::add_automatic_compiler_dependencies
:debug:main Finished running callback portconfigure::add_automatic_compiler_dependencies
:debug:main Running callback portbuild::add_automatic_buildsystem_dependencies
:debug:main Finished running callback portbuild::add_automatic_buildsystem_dependencies
:debug:main No need to upgrade! omlib-fastbuildings-0.0 20140305-162838~git~master_0 >= omlib-fastbuildings-0.0 20140305-162838~git~master_0
:debug:main epoch: in tree: 0 installed: 0
:debug:main omlib-faulttriggering-0.5.0 20140627-110908~git~master_0 exists in the ports tree
:debug:main omlib-faulttriggering-0.5.0 20140627-110908~git~master_0  is the latest installed
:debug:main omlib-faulttriggering-0.5.0 20140627-110908~git~master_0  is active
:debug:main Merging existing variants '' into variants
:debug:main new fully merged portvariants: 
:debug:main Changing to port directory: /opt/local/var/macports/sources/build.openmodelica.org/macports/lang/omlib-faulttriggering-0.5.0
:debug:main OS darwin/13.4.0 (Mac OS X 10.9) arch i386
:debug:main universal_variant is false, so not adding the default universal variant
:debug:main Running callback portconfigure::add_automatic_compiler_dependencies
:debug:main Finished running callback portconfigure::add_automatic_compiler_dependencies
:debug:main Running callback portbuild::add_automatic_buildsystem_dependencies
:debug:main Finished running callback portbuild::add_automatic_buildsystem_dependencies
:debug:main No need to upgrade! omlib-faulttriggering-0.5.0 20140627-110908~git~master_0 >= omlib-faulttriggering-0.5.0 20140627-110908~git~master_0
:debug:main epoch: in tree: 0 installed: 0
:debug:main omlib-fuzzycontrol 20021101-080000~git~master_0 exists in the ports tree
:debug:main omlib-fuzzycontrol 20021101-080000~git~master_0  is the latest installed
:debug:main omlib-fuzzycontrol 20021101-080000~git~master_0  is active
:debug:main Merging existing variants '' into variants
:debug:main new fully merged portvariants: 
:debug:main Changing to port directory: /opt/local/var/macports/sources/build.openmodelica.org/macports/lang/omlib-fuzzycontrol
:debug:main OS darwin/13.4.0 (Mac OS X 10.9) arch i386
:debug:main universal_variant is false, so not adding the default universal variant
:debug:main Running callback portconfigure::add_automatic_compiler_dependencies
:debug:main Finished running callback portconfigure::add_automatic_compiler_dependencies
:debug:main Running callback portbuild::add_automatic_buildsystem_dependencies
:debug:main Finished running callback portbuild::add_automatic_buildsystem_dependencies
:debug:main No need to upgrade! omlib-fuzzycontrol 20021101-080000~git~master_0 >= omlib-fuzzycontrol 20021101-080000~git~master_0
:debug:main epoch: in tree: 0 installed: 0
:debug:main omlib-helmholtzmedia 20141216-165452~git~master_0 exists in the ports tree
:debug:main omlib-helmholtzmedia 20141216-165452~git~master_0  is the latest installed
:debug:main omlib-helmholtzmedia 20141216-165452~git~master_0  is active
:debug:main Merging existing variants '' into variants
:debug:main new fully merged portvariants: 
:debug:main Changing to port directory: /opt/local/var/macports/sources/build.openmodelica.org/macports/lang/omlib-helmholtzmedia
:debug:main OS darwin/13.4.0 (Mac OS X 10.9) arch i386
:debug:main universal_variant is false, so not adding the default universal variant
:debug:main Running callback portconfigure::add_automatic_compiler_dependencies
:debug:main Finished running callback portconfigure::add_automatic_compiler_dependencies
:debug:main Running callback portbuild::add_automatic_buildsystem_dependencies
:debug:main Finished running callback portbuild::add_automatic_buildsystem_dependencies
:debug:main No need to upgrade! omlib-helmholtzmedia 20141216-165452~git~master_0 >= omlib-helmholtzmedia 20141216-165452~git~master_0
:debug:main epoch: in tree: 0 installed: 0
:debug:main omlib-idealizedcontact-0.2.0 20141128-111515~git~master_0 exists in the ports tree
:debug:main omlib-idealizedcontact-0.2.0 20141128-111515~git~master_0  is the latest installed
:debug:main omlib-idealizedcontact-0.2.0 20141128-111515~git~master_0  is active
:debug:main Merging existing variants '' into variants
:debug:main new fully merged portvariants: 
:debug:main Changing to port directory: /opt/local/var/macports/sources/build.openmodelica.org/macports/lang/omlib-idealizedcontact-0.2.0
:debug:main OS darwin/13.4.0 (Mac OS X 10.9) arch i386
:debug:main universal_variant is false, so not adding the default universal variant
:debug:main Running callback portconfigure::add_automatic_compiler_dependencies
:debug:main Finished running callback portconfigure::add_automatic_compiler_dependencies
:debug:main Running callback portbuild::add_automatic_buildsystem_dependencies
:debug:main Finished running callback portbuild::add_automatic_buildsystem_dependencies
:debug:main No need to upgrade! omlib-idealizedcontact-0.2.0 20141128-111515~git~master_0 >= omlib-idealizedcontact-0.2.0 20141128-111515~git~master_0
:debug:main epoch: in tree: 0 installed: 0
:debug:main omlib-industrialcontrolsystems-1 20130831-171712~git~masterom1_0 exists in the ports tree
:debug:main omlib-industrialcontrolsystems-1 20130831-171712~git~masterom1_0  is the latest installed
:debug:main omlib-industrialcontrolsystems-1 20130831-171712~git~masterom1_0  is active
:debug:main Merging existing variants '' into variants
:debug:main new fully merged portvariants: 
:debug:main Changing to port directory: /opt/local/var/macports/sources/build.openmodelica.org/macports/lang/omlib-industrialcontrolsystems-1
:debug:main OS darwin/13.4.0 (Mac OS X 10.9) arch i386
:debug:main universal_variant is false, so not adding the default universal variant
:debug:main Running callback portconfigure::add_automatic_compiler_dependencies
:debug:main Finished running callback portconfigure::add_automatic_compiler_dependencies
:debug:main Running callback portbuild::add_automatic_buildsystem_dependencies
:debug:main Finished running callback portbuild::add_automatic_buildsystem_dependencies
:debug:main No need to upgrade! omlib-industrialcontrolsystems-1 20130831-171712~git~masterom1_0 >= omlib-industrialcontrolsystems-1 20130831-171712~git~masterom1_0
:debug:main epoch: in tree: 0 installed: 0
:debug:main omlib-instantaneoussymmetricalcomponents 7978_0 exists in the ports tree
:debug:main omlib-instantaneoussymmetricalcomponents 7978_0  is the latest installed
:debug:main omlib-instantaneoussymmetricalcomponents 7978_0  is active
:debug:main Merging existing variants '' into variants
:debug:main new fully merged portvariants: 
:debug:main Changing to port directory: /opt/local/var/macports/sources/build.openmodelica.org/macports/lang/omlib-instantaneoussymmetricalcomponents
:debug:main OS darwin/13.4.0 (Mac OS X 10.9) arch i386
:debug:main universal_variant is false, so not adding the default universal variant
:debug:main Running callback portconfigure::add_automatic_compiler_dependencies
:debug:main Finished running callback portconfigure::add_automatic_compiler_dependencies
:debug:main Running callback portbuild::add_automatic_buildsystem_dependencies
:debug:main Finished running callback portbuild::add_automatic_buildsystem_dependencies
:debug:main No need to upgrade! omlib-instantaneoussymmetricalcomponents 7978_0 >= omlib-instantaneoussymmetricalcomponents 7978_0
:debug:main epoch: in tree: 0 installed: 0
:debug:main omlib-linearmpc-1 20130321-122007~git~master_0 exists in the ports tree
:debug:main omlib-linearmpc-1 20130321-122007~git~master_0  is the latest installed
:debug:main omlib-linearmpc-1 20130321-122007~git~master_0  is active
:debug:main Merging existing variants '' into variants
:debug:main new fully merged portvariants: 
:debug:main Changing to port directory: /opt/local/var/macports/sources/build.openmodelica.org/macports/lang/omlib-linearmpc-1
:debug:main OS darwin/13.4.0 (Mac OS X 10.9) arch i386
:debug:main universal_variant is false, so not adding the default universal variant
:debug:main Running callback portconfigure::add_automatic_compiler_dependencies
:debug:main Finished running callback portconfigure::add_automatic_compiler_dependencies
:debug:main Running callback portbuild::add_automatic_buildsystem_dependencies
:debug:main Finished running callback portbuild::add_automatic_buildsystem_dependencies
:debug:main No need to upgrade! omlib-linearmpc-1 20130321-122007~git~master_0 >= omlib-linearmpc-1 20130321-122007~git~master_0
:debug:main epoch: in tree: 0 installed: 0
:debug:main omlib-messagepack-0.1 20140623-144412~git~master_0 exists in the ports tree
:debug:main omlib-messagepack-0.1 20140623-144412~git~master_0  is the latest installed
:debug:main omlib-messagepack-0.1 20140623-144412~git~master_0  is active
:debug:main Merging existing variants '' into variants
:debug:main new fully merged portvariants: 
:debug:main Changing to port directory: /opt/local/var/macports/sources/build.openmodelica.org/macports/lang/omlib-messagepack-0.1
:debug:main OS darwin/13.4.0 (Mac OS X 10.9) arch i386
:debug:main universal_variant is false, so not adding the default universal variant
:debug:main Running callback portconfigure::add_automatic_compiler_dependencies
:debug:main Finished running callback portconfigure::add_automatic_compiler_dependencies
:debug:main Running callback portbuild::add_automatic_buildsystem_dependencies
:debug:main Finished running callback portbuild::add_automatic_buildsystem_dependencies
:debug:main No need to upgrade! omlib-messagepack-0.1 20140623-144412~git~master_0 >= omlib-messagepack-0.1 20140623-144412~git~master_0
:debug:main epoch: in tree: 0 installed: 0
:debug:main omlib-modelica-1.6 939-om1_0 exists in the ports tree
:debug:main omlib-modelica-1.6 939-om1_0  is the latest installed
:debug:main omlib-modelica-1.6 939-om1_0  is active
:debug:main Merging existing variants '' into variants
:debug:main new fully merged portvariants: 
:debug:main Changing to port directory: /opt/local/var/macports/sources/build.openmodelica.org/macports/lang/omlib-modelica-1.6
:debug:main OS darwin/13.4.0 (Mac OS X 10.9) arch i386
:debug:main universal_variant is false, so not adding the default universal variant
:debug:main Running callback portconfigure::add_automatic_compiler_dependencies
:debug:main Finished running callback portconfigure::add_automatic_compiler_dependencies
:debug:main Running callback portbuild::add_automatic_buildsystem_dependencies
:debug:main Finished running callback portbuild::add_automatic_buildsystem_dependencies
:debug:main No need to upgrade! omlib-modelica-1.6 939-om1_0 >= omlib-modelica-1.6 939-om1_0
:debug:main epoch: in tree: 0 installed: 0
:debug:main omlib-modelica-2.2.2 7415-om1_0 exists in the ports tree
:debug:main omlib-modelica-2.2.2 7415-om1_0  is the latest installed
:debug:main omlib-modelica-2.2.2 7415-om1_0  is active
:debug:main Merging existing variants '' into variants
:debug:main new fully merged portvariants: 
:debug:main Changing to port directory: /opt/local/var/macports/sources/build.openmodelica.org/macports/lang/omlib-modelica-2.2.2
:debug:main OS darwin/13.4.0 (Mac OS X 10.9) arch i386
:debug:main universal_variant is false, so not adding the default universal variant
:debug:main Running callback portconfigure::add_automatic_compiler_dependencies
:debug:main Finished running callback portconfigure::add_automatic_compiler_dependencies
:debug:main Running callback portbuild::add_automatic_buildsystem_dependencies
:debug:main Finished running callback portbuild::add_automatic_buildsystem_dependencies
:debug:main No need to upgrade! omlib-modelica-2.2.2 7415-om1_0 >= omlib-modelica-2.2.2 7415-om1_0
:debug:main epoch: in tree: 0 installed: 0
:debug:main omlib-modelica-3.1 7446-om1_0 exists in the ports tree
:debug:main omlib-modelica-3.1 7446-om1_0  is the latest installed
:debug:main omlib-modelica-3.1 7446-om1_0  is active
:debug:main Merging existing variants '' into variants
:debug:main new fully merged portvariants: 
:debug:main Changing to port directory: /opt/local/var/macports/sources/build.openmodelica.org/macports/lang/omlib-modelica-3.1
:debug:main OS darwin/13.4.0 (Mac OS X 10.9) arch i386
:debug:main universal_variant is false, so not adding the default universal variant
:debug:main Running callback portconfigure::add_automatic_compiler_dependencies
:debug:main Finished running callback portconfigure::add_automatic_compiler_dependencies
:debug:main Running callback portbuild::add_automatic_buildsystem_dependencies
:debug:main Finished running callback portbuild::add_automatic_buildsystem_dependencies
:debug:main No need to upgrade! omlib-modelica-3.1 7446-om1_0 >= omlib-modelica-3.1 7446-om1_0
:debug:main epoch: in tree: 0 installed: 0
:debug:main omlib-modelica-3.2.1 8004-om1_0 exists in the ports tree
:debug:main omlib-modelica-3.2.1 8004-om1_0  is the latest installed
:debug:main omlib-modelica-3.2.1 8004-om1_0  is active
:debug:main Merging existing variants '' into variants
:debug:main new fully merged portvariants: 
:debug:main Changing to port directory: /opt/local/var/macports/sources/build.openmodelica.org/macports/lang/omlib-modelica-3.2.1
:debug:main OS darwin/13.4.0 (Mac OS X 10.9) arch i386
:debug:main universal_variant is false, so not adding the default universal variant
:debug:main Running callback portconfigure::add_automatic_compiler_dependencies
:debug:main Finished running callback portconfigure::add_automatic_compiler_dependencies
:debug:main Running callback portbuild::add_automatic_buildsystem_dependencies
:debug:main Finished running callback portbuild::add_automatic_buildsystem_dependencies
:debug:main No need to upgrade! omlib-modelica-3.2.1 8004-om1_0 >= omlib-modelica-3.2.1 8004-om1_0
:debug:main epoch: in tree: 0 installed: 0
:debug:main omlib-modelica-trunk 8005-om1_0 exists in the ports tree
:debug:main omlib-modelica-trunk 8005-om1_0  is the latest installed
:debug:main omlib-modelica-trunk 8005-om1_0  is active
:debug:main Merging existing variants '' into variants
:debug:main new fully merged portvariants: 
:debug:main Changing to port directory: /opt/local/var/macports/sources/build.openmodelica.org/macports/lang/omlib-modelica-trunk
:debug:main OS darwin/13.4.0 (Mac OS X 10.9) arch i386
:debug:main universal_variant is false, so not adding the default universal variant
:debug:main Running callback portconfigure::add_automatic_compiler_dependencies
:debug:main Finished running callback portconfigure::add_automatic_compiler_dependencies
:debug:main Running callback portbuild::add_automatic_buildsystem_dependencies
:debug:main Finished running callback portbuild::add_automatic_buildsystem_dependencies
:debug:main No need to upgrade! omlib-modelica-trunk 8005-om1_0 >= omlib-modelica-trunk 8005-om1_0
:debug:main epoch: in tree: 0 installed: 0
:debug:main omlib-modelicabyexample 20141212-091353~git~master_0 exists in the ports tree
:debug:main omlib-modelicabyexample 20141212-091353~git~master_0  is the latest installed
:debug:main omlib-modelicabyexample 20141212-091353~git~master_0  is active
:debug:main Merging existing variants '' into variants
:debug:main new fully merged portvariants: 
:debug:main Changing to port directory: /opt/local/var/macports/sources/build.openmodelica.org/macports/lang/omlib-modelicabyexample
:debug:main OS darwin/13.4.0 (Mac OS X 10.9) arch i386
:debug:main universal_variant is false, so not adding the default universal variant
:debug:main Running callback portconfigure::add_automatic_compiler_dependencies
:debug:main Finished running callback portconfigure::add_automatic_compiler_dependencies
:debug:main Running callback portbuild::add_automatic_buildsystem_dependencies
:debug:main Finished running callback portbuild::add_automatic_buildsystem_dependencies
:debug:main No need to upgrade! omlib-modelicabyexample 20141212-091353~git~master_0 >= omlib-modelicabyexample 20141212-091353~git~master_0
:debug:main epoch: in tree: 0 installed: 0
:debug:main omlib-modelicacompliance-3.2 20141109-202008~git~master_0 exists in the ports tree
:debug:main omlib-modelicacompliance-3.2 20141109-202008~git~master_0  is the latest installed
:debug:main omlib-modelicacompliance-3.2 20141109-202008~git~master_0  is active
:debug:main Merging existing variants '' into variants
:debug:main new fully merged portvariants: 
:debug:main Changing to port directory: /opt/local/var/macports/sources/build.openmodelica.org/macports/lang/omlib-modelicacompliance-3.2
:debug:main OS darwin/13.4.0 (Mac OS X 10.9) arch i386
:debug:main universal_variant is false, so not adding the default universal variant
:debug:main Running callback portconfigure::add_automatic_compiler_dependencies
:debug:main Finished running callback portconfigure::add_automatic_compiler_dependencies
:debug:main Running callback portbuild::add_automatic_buildsystem_dependencies
:debug:main Finished running callback portbuild::add_automatic_buildsystem_dependencies
:debug:main No need to upgrade! omlib-modelicacompliance-3.2 20141109-202008~git~master_0 >= omlib-modelicacompliance-3.2 20141109-202008~git~master_0
:debug:main epoch: in tree: 0 installed: 0
:debug:main omlib-modelicadevs-1 1_0 exists in the ports tree
:debug:main omlib-modelicadevs-1 1_0  is the latest installed
:debug:main omlib-modelicadevs-1 1_0  is active
:debug:main Merging existing variants '' into variants
:debug:main new fully merged portvariants: 
:debug:main Changing to port directory: /opt/local/var/macports/sources/build.openmodelica.org/macports/lang/omlib-modelicadevs-1
:debug:main OS darwin/13.4.0 (Mac OS X 10.9) arch i386
:debug:main universal_variant is false, so not adding the default universal variant
:debug:main Running callback portconfigure::add_automatic_compiler_dependencies
:debug:main Finished running callback portconfigure::add_automatic_compiler_dependencies
:debug:main Running callback portbuild::add_automatic_buildsystem_dependencies
:debug:main Finished running callback portbuild::add_automatic_buildsystem_dependencies
:debug:main No need to upgrade! omlib-modelicadevs-1 1_0 >= omlib-modelicadevs-1 1_0
:debug:main epoch: in tree: 0 installed: 0
:debug:main omlib-modelicareference-trunk 7509_0 exists in the ports tree
:debug:main omlib-modelicareference-trunk 7509_0  is the latest installed
:debug:main omlib-modelicareference-trunk 7509_0  is active
:debug:main Merging existing variants '' into variants
:debug:main new fully merged portvariants: 
:debug:main Changing to port directory: /opt/local/var/macports/sources/build.openmodelica.org/macports/lang/omlib-modelicareference-trunk
:debug:main OS darwin/13.4.0 (Mac OS X 10.9) arch i386
:debug:main universal_variant is false, so not adding the default universal variant
:debug:main Running callback portconfigure::add_automatic_compiler_dependencies
:debug:main Finished running callback portconfigure::add_automatic_compiler_dependencies
:debug:main Running callback portbuild::add_automatic_buildsystem_dependencies
:debug:main Finished running callback portbuild::add_automatic_buildsystem_dependencies
:debug:main No need to upgrade! omlib-modelicareference-trunk 7509_0 >= omlib-modelicareference-trunk 7509_0
:debug:main epoch: in tree: 0 installed: 0
:debug:main omlib-modelicareference 7510_0 exists in the ports tree
:debug:main omlib-modelicareference 7510_0  is the latest installed
:debug:main omlib-modelicareference 7510_0  is active
:debug:main Merging existing variants '' into variants
:debug:main new fully merged portvariants: 
:debug:main Changing to port directory: /opt/local/var/macports/sources/build.openmodelica.org/macports/lang/omlib-modelicareference
:debug:main OS darwin/13.4.0 (Mac OS X 10.9) arch i386
:debug:main universal_variant is false, so not adding the default universal variant
:debug:main Running callback portconfigure::add_automatic_compiler_dependencies
:debug:main Finished running callback portconfigure::add_automatic_compiler_dependencies
:debug:main Running callback portbuild::add_automatic_buildsystem_dependencies
:debug:main Finished running callback portbuild::add_automatic_buildsystem_dependencies
:debug:main No need to upgrade! omlib-modelicareference 7510_0 >= omlib-modelicareference 7510_0
:debug:main epoch: in tree: 0 installed: 0
:debug:main omlib-modelicaservices-1.0 3120-om1_0 exists in the ports tree
:debug:main omlib-modelicaservices-1.0 3120-om1_0  is the latest installed
:debug:main omlib-modelicaservices-1.0 3120-om1_0  is active
:debug:main Merging existing variants '' into variants
:debug:main new fully merged portvariants: 
:debug:main Changing to port directory: /opt/local/var/macports/sources/build.openmodelica.org/macports/lang/omlib-modelicaservices-1.0
:debug:main OS darwin/13.4.0 (Mac OS X 10.9) arch i386
:debug:main universal_variant is false, so not adding the default universal variant
:debug:main Running callback portconfigure::add_automatic_compiler_dependencies
:debug:main Finished running callback portconfigure::add_automatic_compiler_dependencies
:debug:main Running callback portbuild::add_automatic_buildsystem_dependencies
:debug:main Finished running callback portbuild::add_automatic_buildsystem_dependencies
:debug:main No need to upgrade! omlib-modelicaservices-1.0 3120-om1_0 >= omlib-modelicaservices-1.0 3120-om1_0
:debug:main epoch: in tree: 0 installed: 0
:debug:main omlib-modelicaservices-3.2.1-modelica3d 6931-om1-m3d33-om3d62-p1_0 exists in the ports tree
:debug:main omlib-modelicaservices-3.2.1-modelica3d 6931-om1-m3d33-om3d62-p1_0  is the latest installed
:debug:main omlib-modelicaservices-3.2.1-modelica3d 6931-om1-m3d33-om3d62-p1_0  is active
:debug:main Merging existing variants '' into variants
:debug:main new fully merged portvariants: 
:debug:main Changing to port directory: /opt/local/var/macports/sources/build.openmodelica.org/macports/lang/omlib-modelicaservices-3.2.1-modelica3d
:debug:main OS darwin/13.4.0 (Mac OS X 10.9) arch i386
:debug:main universal_variant is false, so not adding the default universal variant
:debug:main Running callback portconfigure::add_automatic_compiler_dependencies
:debug:main Finished running callback portconfigure::add_automatic_compiler_dependencies
:debug:main Running callback portbuild::add_automatic_buildsystem_dependencies
:debug:main Finished running callback portbuild::add_automatic_buildsystem_dependencies
:debug:main No need to upgrade! omlib-modelicaservices-3.2.1-modelica3d 6931-om1-m3d33-om3d62-p1_0 >= omlib-modelicaservices-3.2.1-modelica3d 6931-om1-m3d33-om3d62-p1_0
:debug:main epoch: in tree: 0 installed: 0
:debug:main omlib-modelicaservices-3.2.1 6931-om1_0 exists in the ports tree
:debug:main omlib-modelicaservices-3.2.1 6931-om1_0  is the latest installed
:debug:main omlib-modelicaservices-3.2.1 6931-om1_0  is active
:debug:main Merging existing variants '' into variants
:debug:main new fully merged portvariants: 
:debug:main Changing to port directory: /opt/local/var/macports/sources/build.openmodelica.org/macports/lang/omlib-modelicaservices-3.2.1
:debug:main OS darwin/13.4.0 (Mac OS X 10.9) arch i386
:debug:main universal_variant is false, so not adding the default universal variant
:debug:main Running callback portconfigure::add_automatic_compiler_dependencies
:debug:main Finished running callback portconfigure::add_automatic_compiler_dependencies
:debug:main Running callback portbuild::add_automatic_buildsystem_dependencies
:debug:main Finished running callback portbuild::add_automatic_buildsystem_dependencies
:debug:main No need to upgrade! omlib-modelicaservices-3.2.1 6931-om1_0 >= omlib-modelicaservices-3.2.1 6931-om1_0
:debug:main epoch: in tree: 0 installed: 0
:debug:main omlib-modelicaservices-trunk 6931-om1_0 exists in the ports tree
:debug:main omlib-modelicaservices-trunk 6931-om1_0  is the latest installed
:debug:main omlib-modelicaservices-trunk 6931-om1_0  is active
:debug:main Merging existing variants '' into variants
:debug:main new fully merged portvariants: 
:debug:main Changing to port directory: /opt/local/var/macports/sources/build.openmodelica.org/macports/lang/omlib-modelicaservices-trunk
:debug:main OS darwin/13.4.0 (Mac OS X 10.9) arch i386
:debug:main universal_variant is false, so not adding the default universal variant
:debug:main Running callback portconfigure::add_automatic_compiler_dependencies
:debug:main Finished running callback portconfigure::add_automatic_compiler_dependencies
:debug:main Running callback portbuild::add_automatic_buildsystem_dependencies
:debug:main Finished running callback portbuild::add_automatic_buildsystem_dependencies
:debug:main No need to upgrade! omlib-modelicaservices-trunk 6931-om1_0 >= omlib-modelicaservices-trunk 6931-om1_0
:debug:main epoch: in tree: 0 installed: 0
:debug:main omlib-modelicatest-3.2.1 7996_0 exists in the ports tree
:debug:main omlib-modelicatest-3.2.1 7996_0  is the latest installed
:debug:main omlib-modelicatest-3.2.1 7996_0  is active
:debug:main Merging existing variants '' into variants
:debug:main new fully merged portvariants: 
:debug:main Changing to port directory: /opt/local/var/macports/sources/build.openmodelica.org/macports/lang/omlib-modelicatest-3.2.1
:debug:main OS darwin/13.4.0 (Mac OS X 10.9) arch i386
:debug:main universal_variant is false, so not adding the default universal variant
:debug:main Running callback portconfigure::add_automatic_compiler_dependencies
:debug:main Finished running callback portconfigure::add_automatic_compiler_dependencies
:debug:main Running callback portbuild::add_automatic_buildsystem_dependencies
:debug:main Finished running callback portbuild::add_automatic_buildsystem_dependencies
:debug:main No need to upgrade! omlib-modelicatest-3.2.1 7996_0 >= omlib-modelicatest-3.2.1 7996_0
:debug:main epoch: in tree: 0 installed: 0
:debug:main omlib-modelicatest-trunk 7995-om3_0 exists in the ports tree
:debug:main omlib-modelicatest-trunk 7995-om3_0  is the latest installed
:debug:main omlib-modelicatest-trunk 7995-om3_0  is active
:debug:main Merging existing variants '' into variants
:debug:main new fully merged portvariants: 
:debug:main Changing to port directory: /opt/local/var/macports/sources/build.openmodelica.org/macports/lang/omlib-modelicatest-trunk
:debug:main OS darwin/13.4.0 (Mac OS X 10.9) arch i386
:debug:main universal_variant is false, so not adding the default universal variant
:debug:main Running callback portconfigure::add_automatic_compiler_dependencies
:debug:main Finished running callback portconfigure::add_automatic_compiler_dependencies
:debug:main Running callback portbuild::add_automatic_buildsystem_dependencies
:debug:main Finished running callback portbuild::add_automatic_buildsystem_dependencies
:debug:main No need to upgrade! omlib-modelicatest-trunk 7995-om3_0 >= omlib-modelicatest-trunk 7995-om3_0
:debug:main epoch: in tree: 0 installed: 0
:debug:main omlib-modelica-devicedrivers-1.3 20140519-134323~git~release_0 exists in the ports tree
:debug:main omlib-modelica-devicedrivers-1.3 20140519-134323~git~release_0  is the latest installed
:debug:main omlib-modelica-devicedrivers-1.3 20140519-134323~git~release_0  is active
:debug:main Merging existing variants '' into variants
:debug:main new fully merged portvariants: 
:debug:main Changing to port directory: /opt/local/var/macports/sources/build.openmodelica.org/macports/lang/omlib-modelica-devicedrivers-1.3
:debug:main OS darwin/13.4.0 (Mac OS X 10.9) arch i386
:debug:main universal_variant is false, so not adding the default universal variant
:debug:main Running callback portconfigure::add_automatic_compiler_dependencies
:debug:main Finished running callback portconfigure::add_automatic_compiler_dependencies
:debug:main Running callback portbuild::add_automatic_buildsystem_dependencies
:debug:main Finished running callback portbuild::add_automatic_buildsystem_dependencies
:debug:main No need to upgrade! omlib-modelica-devicedrivers-1.3 20140519-134323~git~release_0 >= omlib-modelica-devicedrivers-1.3 20140519-134323~git~release_0
:debug:main epoch: in tree: 0 installed: 0
:debug:main omlib-modelica-energystorages-3.2.1 20131009-113139~git~master_0 exists in the ports tree
:debug:main omlib-modelica-energystorages-3.2.1 20131009-113139~git~master_0  is the latest installed
:debug:main omlib-modelica-energystorages-3.2.1 20131009-113139~git~master_0  is active
:debug:main Merging existing variants '' into variants
:debug:main new fully merged portvariants: 
:debug:main Changing to port directory: /opt/local/var/macports/sources/build.openmodelica.org/macports/lang/omlib-modelica-energystorages-3.2.1
:debug:main OS darwin/13.4.0 (Mac OS X 10.9) arch i386
:debug:main universal_variant is false, so not adding the default universal variant
:debug:main Running callback portconfigure::add_automatic_compiler_dependencies
:debug:main Finished running callback portconfigure::add_automatic_compiler_dependencies
:debug:main Running callback portbuild::add_automatic_buildsystem_dependencies
:debug:main Finished running callback portbuild::add_automatic_buildsystem_dependencies
:debug:main No need to upgrade! omlib-modelica-energystorages-3.2.1 20131009-113139~git~master_0 >= omlib-modelica-energystorages-3.2.1 20131009-113139~git~master_0
:debug:main epoch: in tree: 0 installed: 0
:debug:main omlib-modelica-linearsystems2-2.3.2 7861_0 exists in the ports tree
:debug:main omlib-modelica-linearsystems2-2.3.2 7861_0  is the latest installed
:debug:main omlib-modelica-linearsystems2-2.3.2 7861_0  is active
:debug:main Merging existing variants '' into variants
:debug:main new fully merged portvariants: 
:debug:main Changing to port directory: /opt/local/var/macports/sources/build.openmodelica.org/macports/lang/omlib-modelica-linearsystems2-2.3.2
:debug:main OS darwin/13.4.0 (Mac OS X 10.9) arch i386
:debug:main universal_variant is false, so not adding the default universal variant
:debug:main Running callback portconfigure::add_automatic_compiler_dependencies
:debug:main Finished running callback portconfigure::add_automatic_compiler_dependencies
:debug:main Running callback portbuild::add_automatic_buildsystem_dependencies
:debug:main Finished running callback portbuild::add_automatic_buildsystem_dependencies
:debug:main No need to upgrade! omlib-modelica-linearsystems2-2.3.2 7861_0 >= omlib-modelica-linearsystems2-2.3.2 7861_0
:debug:main epoch: in tree: 0 installed: 0
:debug:main omlib-modelica-stategraph2-2.0.2 7117_0 exists in the ports tree
:debug:main omlib-modelica-stategraph2-2.0.2 7117_0  is the latest installed
:debug:main omlib-modelica-stategraph2-2.0.2 7117_0  is active
:debug:main Merging existing variants '' into variants
:debug:main new fully merged portvariants: 
:debug:main Changing to port directory: /opt/local/var/macports/sources/build.openmodelica.org/macports/lang/omlib-modelica-stategraph2-2.0.2
:debug:main OS darwin/13.4.0 (Mac OS X 10.9) arch i386
:debug:main universal_variant is false, so not adding the default universal variant
:debug:main Running callback portconfigure::add_automatic_compiler_dependencies
:debug:main Finished running callback portconfigure::add_automatic_compiler_dependencies
:debug:main Running callback portbuild::add_automatic_buildsystem_dependencies
:debug:main Finished running callback portbuild::add_automatic_buildsystem_dependencies
:debug:main No need to upgrade! omlib-modelica-stategraph2-2.0.2 7117_0 >= omlib-modelica-stategraph2-2.0.2 7117_0
:debug:main epoch: in tree: 0 installed: 0
:debug:main omlib-modelica-synchronous-0.92 7155_0 exists in the ports tree
:debug:main omlib-modelica-synchronous-0.92 7155_0  is the latest installed
:debug:main omlib-modelica-synchronous-0.92 7155_0  is active
:debug:main Merging existing variants '' into variants
:debug:main new fully merged portvariants: 
:debug:main Changing to port directory: /opt/local/var/macports/sources/build.openmodelica.org/macports/lang/omlib-modelica-synchronous-0.92
:debug:main OS darwin/13.4.0 (Mac OS X 10.9) arch i386
:debug:main universal_variant is false, so not adding the default universal variant
:debug:main Running callback portconfigure::add_automatic_compiler_dependencies
:debug:main Finished running callback portconfigure::add_automatic_compiler_dependencies
:debug:main Running callback portbuild::add_automatic_buildsystem_dependencies
:debug:main Finished running callback portbuild::add_automatic_buildsystem_dependencies
:debug:main No need to upgrade! omlib-modelica-synchronous-0.92 7155_0 >= omlib-modelica-synchronous-0.92 7155_0
:debug:main epoch: in tree: 0 installed: 0
:debug:main omlib-motorcycledynamics 7_0 exists in the ports tree
:debug:main omlib-motorcycledynamics 7_0  is the latest installed
:debug:main omlib-motorcycledynamics 7_0  is active
:debug:main Merging existing variants '' into variants
:debug:main new fully merged portvariants: 
:debug:main Changing to port directory: /opt/local/var/macports/sources/build.openmodelica.org/macports/lang/omlib-motorcycledynamics
:debug:main OS darwin/13.4.0 (Mac OS X 10.9) arch i386
:debug:main universal_variant is false, so not adding the default universal variant
:debug:main Running callback portconfigure::add_automatic_compiler_dependencies
:debug:main Finished running callback portconfigure::add_automatic_compiler_dependencies
:debug:main Running callback portbuild::add_automatic_buildsystem_dependencies
:debug:main Finished running callback portbuild::add_automatic_buildsystem_dependencies
:debug:main No need to upgrade! omlib-motorcycledynamics 7_0 >= omlib-motorcycledynamics 7_0
:debug:main epoch: in tree: 0 installed: 0
:debug:main omlib-neuralnetwork-1.0 1_0 exists in the ports tree
:debug:main omlib-neuralnetwork-1.0 1_0  is the latest installed
:debug:main omlib-neuralnetwork-1.0 1_0  is active
:debug:main Merging existing variants '' into variants
:debug:main new fully merged portvariants: 
:debug:main Changing to port directory: /opt/local/var/macports/sources/build.openmodelica.org/macports/lang/omlib-neuralnetwork-1.0
:debug:main OS darwin/13.4.0 (Mac OS X 10.9) arch i386
:debug:main universal_variant is false, so not adding the default universal variant
:debug:main Running callback portconfigure::add_automatic_compiler_dependencies
:debug:main Finished running callback portconfigure::add_automatic_compiler_dependencies
:debug:main Running callback portbuild::add_automatic_buildsystem_dependencies
:debug:main Finished running callback portbuild::add_automatic_buildsystem_dependencies
:debug:main No need to upgrade! omlib-neuralnetwork-1.0 1_0 >= omlib-neuralnetwork-1.0 1_0
:debug:main epoch: in tree: 0 installed: 0
:debug:main omlib-noise-0.2 20140626-165844~git~master_0 exists in the ports tree
:debug:main omlib-noise-0.2 20140626-165844~git~master_0  is the latest installed
:debug:main omlib-noise-0.2 20140626-165844~git~master_0  is active
:debug:main Merging existing variants '' into variants
:debug:main new fully merged portvariants: 
:debug:main Changing to port directory: /opt/local/var/macports/sources/build.openmodelica.org/macports/lang/omlib-noise-0.2
:debug:main OS darwin/13.4.0 (Mac OS X 10.9) arch i386
:debug:main universal_variant is false, so not adding the default universal variant
:debug:main Running callback portconfigure::add_automatic_compiler_dependencies
:debug:main Finished running callback portconfigure::add_automatic_compiler_dependencies
:debug:main Running callback portbuild::add_automatic_buildsystem_dependencies
:debug:main Finished running callback portbuild::add_automatic_buildsystem_dependencies
:debug:main No need to upgrade! omlib-noise-0.2 20140626-165844~git~master_0 >= omlib-noise-0.2 20140626-165844~git~master_0
:debug:main epoch: in tree: 0 installed: 0
:debug:main omlib-objectstab-1.1-dev 20140730-162300~git~master_0 exists in the ports tree
:debug:main omlib-objectstab-1.1-dev 20140730-162300~git~master_0  is the latest installed
:debug:main omlib-objectstab-1.1-dev 20140730-162300~git~master_0  is active
:debug:main Merging existing variants '' into variants
:debug:main new fully merged portvariants: 
:debug:main Changing to port directory: /opt/local/var/macports/sources/build.openmodelica.org/macports/lang/omlib-objectstab-1.1-dev
:debug:main OS darwin/13.4.0 (Mac OS X 10.9) arch i386
:debug:main universal_variant is false, so not adding the default universal variant
:debug:main Running callback portconfigure::add_automatic_compiler_dependencies
:debug:main Finished running callback portconfigure::add_automatic_compiler_dependencies
:debug:main Running callback portbuild::add_automatic_buildsystem_dependencies
:debug:main Finished running callback portbuild::add_automatic_buildsystem_dependencies
:debug:main No need to upgrade! omlib-objectstab-1.1-dev 20140730-162300~git~master_0 >= omlib-objectstab-1.1-dev 20140730-162300~git~master_0
:debug:main epoch: in tree: 0 installed: 0
:debug:main omlib-obsoletemodelica3 6852_0 exists in the ports tree
:debug:main omlib-obsoletemodelica3 6852_0  is the latest installed
:debug:main omlib-obsoletemodelica3 6852_0  is active
:debug:main Merging existing variants '' into variants
:debug:main new fully merged portvariants: 
:debug:main Changing to port directory: /opt/local/var/macports/sources/build.openmodelica.org/macports/lang/omlib-obsoletemodelica3
:debug:main OS darwin/13.4.0 (Mac OS X 10.9) arch i386
:debug:main universal_variant is false, so not adding the default universal variant
:debug:main Running callback portconfigure::add_automatic_compiler_dependencies
:debug:main Finished running callback portconfigure::add_automatic_compiler_dependencies
:debug:main Running callback portbuild::add_automatic_buildsystem_dependencies
:debug:main Finished running callback portbuild::add_automatic_buildsystem_dependencies
:debug:main No need to upgrade! omlib-obsoletemodelica3 6852_0 >= omlib-obsoletemodelica3 6852_0
:debug:main epoch: in tree: 0 installed: 0
:debug:main omlib-openbldc 20141216-020315~git~master_0 exists in the ports tree
:debug:main omlib-openbldc 20141216-020315~git~master_0  is the latest installed
:debug:main omlib-openbldc 20141216-020315~git~master_0  is active
:debug:main Merging existing variants '' into variants
:debug:main new fully merged portvariants: 
:debug:main Changing to port directory: /opt/local/var/macports/sources/build.openmodelica.org/macports/lang/omlib-openbldc
:debug:main OS darwin/13.4.0 (Mac OS X 10.9) arch i386
:debug:main universal_variant is false, so not adding the default universal variant
:debug:main Running callback portconfigure::add_automatic_compiler_dependencies
:debug:main Finished running callback portconfigure::add_automatic_compiler_dependencies
:debug:main Running callback portbuild::add_automatic_buildsystem_dependencies
:debug:main Finished running callback portbuild::add_automatic_buildsystem_dependencies
:debug:main No need to upgrade! omlib-openbldc 20141216-020315~git~master_0 >= omlib-openbldc 20141216-020315~git~master_0
:debug:main epoch: in tree: 0 installed: 0
:debug:main omlib-openhydraulics-1.0 20140507-044938~git~master_0 exists in the ports tree
:debug:main omlib-openhydraulics-1.0 20140507-044938~git~master_0  is the latest installed
:debug:main omlib-openhydraulics-1.0 20140507-044938~git~master_0  is active
:debug:main Merging existing variants '' into variants
:debug:main new fully merged portvariants: 
:debug:main Changing to port directory: /opt/local/var/macports/sources/build.openmodelica.org/macports/lang/omlib-openhydraulics-1.0
:debug:main OS darwin/13.4.0 (Mac OS X 10.9) arch i386
:debug:main universal_variant is false, so not adding the default universal variant
:debug:main Running callback portconfigure::add_automatic_compiler_dependencies
:debug:main Finished running callback portconfigure::add_automatic_compiler_dependencies
:debug:main Running callback portbuild::add_automatic_buildsystem_dependencies
:debug:main Finished running callback portbuild::add_automatic_buildsystem_dependencies
:debug:main No need to upgrade! omlib-openhydraulics-1.0 20140507-044938~git~master_0 >= omlib-openhydraulics-1.0 20140507-044938~git~master_0
:debug:main epoch: in tree: 0 installed: 0
:debug:main omlib-physiolibrary-2.3.0-beta 20141231-123550~git~master_0 exists in the ports tree
:debug:main omlib-physiolibrary-2.3.0-beta 20141231-123550~git~master_0  is the latest installed
:debug:main omlib-physiolibrary-2.3.0-beta 20141231-123550~git~master_0  is active
:debug:main Merging existing variants '' into variants
:debug:main new fully merged portvariants: 
:debug:main Changing to port directory: /opt/local/var/macports/sources/build.openmodelica.org/macports/lang/omlib-physiolibrary-2.3.0-beta
:debug:main OS darwin/13.4.0 (Mac OS X 10.9) arch i386
:debug:main universal_variant is false, so not adding the default universal variant
:debug:main Running callback portconfigure::add_automatic_compiler_dependencies
:debug:main Finished running callback portconfigure::add_automatic_compiler_dependencies
:debug:main Running callback portbuild::add_automatic_buildsystem_dependencies
:debug:main Finished running callback portbuild::add_automatic_buildsystem_dependencies
:debug:main No need to upgrade! omlib-physiolibrary-2.3.0-beta 20141231-123550~git~master_0 >= omlib-physiolibrary-2.3.0-beta 20141231-123550~git~master_0
:debug:main epoch: in tree: 0 installed: 0
:debug:main omlib-planarmechanics-1.4.0-development-version 20141126-112923~git~master_0 exists in the ports tree
:debug:main omlib-planarmechanics-1.4.0-development-version 20141126-112923~git~master_0  is the latest installed
:debug:main omlib-planarmechanics-1.4.0-development-version 20141126-112923~git~master_0  is active
:debug:main Merging existing variants '' into variants
:debug:main new fully merged portvariants: 
:debug:main Changing to port directory: /opt/local/var/macports/sources/build.openmodelica.org/macports/lang/omlib-planarmechanics-1.4.0-development-version
:debug:main OS darwin/13.4.0 (Mac OS X 10.9) arch i386
:debug:main universal_variant is false, so not adding the default universal variant
:debug:main Running callback portconfigure::add_automatic_compiler_dependencies
:debug:main Finished running callback portconfigure::add_automatic_compiler_dependencies
:debug:main Running callback portbuild::add_automatic_buildsystem_dependencies
:debug:main Finished running callback portbuild::add_automatic_buildsystem_dependencies
:debug:main No need to upgrade! omlib-planarmechanics-1.4.0-development-version 20141126-112923~git~master_0 >= omlib-planarmechanics-1.4.0-development-version 20141126-112923~git~master_0
:debug:main epoch: in tree: 0 installed: 0
:debug:main omlib-powerflow-0.3 3174_0 exists in the ports tree
:debug:main omlib-powerflow-0.3 3174_0  is the latest installed
:debug:main omlib-powerflow-0.3 3174_0  is active
:debug:main Merging existing variants '' into variants
:debug:main new fully merged portvariants: 
:debug:main Changing to port directory: /opt/local/var/macports/sources/build.openmodelica.org/macports/lang/omlib-powerflow-0.3
:debug:main OS darwin/13.4.0 (Mac OS X 10.9) arch i386
:debug:main universal_variant is false, so not adding the default universal variant
:debug:main Running callback portconfigure::add_automatic_compiler_dependencies
:debug:main Finished running callback portconfigure::add_automatic_compiler_dependencies
:debug:main Running callback portbuild::add_automatic_buildsystem_dependencies
:debug:main Finished running callback portbuild::add_automatic_buildsystem_dependencies
:debug:main No need to upgrade! omlib-powerflow-0.3 3174_0 >= omlib-powerflow-0.3 3174_0
:debug:main epoch: in tree: 0 installed: 0
:debug:main omlib-powersystems-0.3 20141020-213251~git~release_0 exists in the ports tree
:debug:main omlib-powersystems-0.3 20141020-213251~git~release_0  is the latest installed
:debug:main omlib-powersystems-0.3 20141020-213251~git~release_0  is active
:debug:main Merging existing variants '' into variants
:debug:main new fully merged portvariants: 
:debug:main Changing to port directory: /opt/local/var/macports/sources/build.openmodelica.org/macports/lang/omlib-powersystems-0.3
:debug:main OS darwin/13.4.0 (Mac OS X 10.9) arch i386
:debug:main universal_variant is false, so not adding the default universal variant
:debug:main Running callback portconfigure::add_automatic_compiler_dependencies
:debug:main Finished running callback portconfigure::add_automatic_compiler_dependencies
:debug:main Running callback portbuild::add_automatic_buildsystem_dependencies
:debug:main Finished running callback portbuild::add_automatic_buildsystem_dependencies
:debug:main No need to upgrade! omlib-powersystems-0.3 20141020-213251~git~release_0 >= omlib-powersystems-0.3 20141020-213251~git~release_0
:debug:main epoch: in tree: 0 installed: 0
:debug:main omlib-powersystems-latest 20141110-072925~git~master_0 exists in the ports tree
:debug:main omlib-powersystems-latest 20141110-072925~git~master_0  is the latest installed
:debug:main omlib-powersystems-latest 20141110-072925~git~master_0  is active
:debug:main Merging existing variants '' into variants
:debug:main new fully merged portvariants: 
:debug:main Changing to port directory: /opt/local/var/macports/sources/build.openmodelica.org/macports/lang/omlib-powersystems-latest
:debug:main OS darwin/13.4.0 (Mac OS X 10.9) arch i386
:debug:main universal_variant is false, so not adding the default universal variant
:debug:main Running callback portconfigure::add_automatic_compiler_dependencies
:debug:main Finished running callback portconfigure::add_automatic_compiler_dependencies
:debug:main Running callback portbuild::add_automatic_buildsystem_dependencies
:debug:main Finished running callback portbuild::add_automatic_buildsystem_dependencies
:debug:main No need to upgrade! omlib-powersystems-latest 20141110-072925~git~master_0 >= omlib-powersystems-latest 20141110-072925~git~master_0
:debug:main epoch: in tree: 0 installed: 0
:debug:main omlib-praxissimulationstechnik 20141030-170906~git~master_0 exists in the ports tree
:debug:main omlib-praxissimulationstechnik 20141030-170906~git~master_0  is the latest installed
:debug:main omlib-praxissimulationstechnik 20141030-170906~git~master_0  is active
:debug:main Merging existing variants '' into variants
:debug:main new fully merged portvariants: 
:debug:main Changing to port directory: /opt/local/var/macports/sources/build.openmodelica.org/macports/lang/omlib-praxissimulationstechnik
:debug:main OS darwin/13.4.0 (Mac OS X 10.9) arch i386
:debug:main universal_variant is false, so not adding the default universal variant
:debug:main Running callback portconfigure::add_automatic_compiler_dependencies
:debug:main Finished running callback portconfigure::add_automatic_compiler_dependencies
:debug:main Running callback portbuild::add_automatic_buildsystem_dependencies
:debug:main Finished running callback portbuild::add_automatic_buildsystem_dependencies
:debug:main No need to upgrade! omlib-praxissimulationstechnik 20141030-170906~git~master_0 >= omlib-praxissimulationstechnik 20141030-170906~git~master_0
:debug:main epoch: in tree: 0 installed: 0
:debug:main omlib-qcalc 20140908-083611~git~master_0 exists in the ports tree
:debug:main omlib-qcalc 20140908-083611~git~master_0  is the latest installed
:debug:main omlib-qcalc 20140908-083611~git~master_0  is active
:debug:main Merging existing variants '' into variants
:debug:main new fully merged portvariants: 
:debug:main Changing to port directory: /opt/local/var/macports/sources/build.openmodelica.org/macports/lang/omlib-qcalc
:debug:main OS darwin/13.4.0 (Mac OS X 10.9) arch i386
:debug:main universal_variant is false, so not adding the default universal variant
:debug:main Running callback portconfigure::add_automatic_compiler_dependencies
:debug:main Finished running callback portconfigure::add_automatic_compiler_dependencies
:debug:main Running callback portbuild::add_automatic_buildsystem_dependencies
:debug:main Finished running callback portbuild::add_automatic_buildsystem_dependencies
:debug:main No need to upgrade! omlib-qcalc 20140908-083611~git~master_0 >= omlib-qcalc 20140908-083611~git~master_0
:debug:main epoch: in tree: 0 installed: 0
:debug:main omlib-qcalctests 20140908-083611~git~master_0 exists in the ports tree
:debug:main omlib-qcalctests 20140908-083611~git~master_0  is the latest installed
:debug:main omlib-qcalctests 20140908-083611~git~master_0  is active
:debug:main Merging existing variants '' into variants
:debug:main new fully merged portvariants: 
:debug:main Changing to port directory: /opt/local/var/macports/sources/build.openmodelica.org/macports/lang/omlib-qcalctests
:debug:main OS darwin/13.4.0 (Mac OS X 10.9) arch i386
:debug:main universal_variant is false, so not adding the default universal variant
:debug:main Running callback portconfigure::add_automatic_compiler_dependencies
:debug:main Finished running callback portconfigure::add_automatic_compiler_dependencies
:debug:main Running callback portbuild::add_automatic_buildsystem_dependencies
:debug:main Finished running callback portbuild::add_automatic_buildsystem_dependencies
:debug:main No need to upgrade! omlib-qcalctests 20140908-083611~git~master_0 >= omlib-qcalctests 20140908-083611~git~master_0
:debug:main epoch: in tree: 0 installed: 0
:debug:main omlib-qssfluidflow-1.0 1_0 exists in the ports tree
:debug:main omlib-qssfluidflow-1.0 1_0  is the latest installed
:debug:main omlib-qssfluidflow-1.0 1_0  is active
:debug:main Merging existing variants '' into variants
:debug:main new fully merged portvariants: 
:debug:main Changing to port directory: /opt/local/var/macports/sources/build.openmodelica.org/macports/lang/omlib-qssfluidflow-1.0
:debug:main OS darwin/13.4.0 (Mac OS X 10.9) arch i386
:debug:main universal_variant is false, so not adding the default universal variant
:debug:main Running callback portconfigure::add_automatic_compiler_dependencies
:debug:main Finished running callback portconfigure::add_automatic_compiler_dependencies
:debug:main Running callback portbuild::add_automatic_buildsystem_dependencies
:debug:main Finished running callback portbuild::add_automatic_buildsystem_dependencies
:debug:main No need to upgrade! omlib-qssfluidflow-1.0 1_0 >= omlib-qssfluidflow-1.0 1_0
:debug:main epoch: in tree: 0 installed: 0
:debug:main omlib-realtimecoordinationlibrary-1.0.2 20141107-112420~git~master_0 exists in the ports tree
:debug:main omlib-realtimecoordinationlibrary-1.0.2 20141107-112420~git~master_0  is the latest installed
:debug:main omlib-realtimecoordinationlibrary-1.0.2 20141107-112420~git~master_0  is active
:debug:main Merging existing variants '' into variants
:debug:main new fully merged portvariants: 
:debug:main Changing to port directory: /opt/local/var/macports/sources/build.openmodelica.org/macports/lang/omlib-realtimecoordinationlibrary-1.0.2
:debug:main OS darwin/13.4.0 (Mac OS X 10.9) arch i386
:debug:main universal_variant is false, so not adding the default universal variant
:debug:main Running callback portconfigure::add_automatic_compiler_dependencies
:debug:main Finished running callback portconfigure::add_automatic_compiler_dependencies
:debug:main Running callback portbuild::add_automatic_buildsystem_dependencies
:debug:main Finished running callback portbuild::add_automatic_buildsystem_dependencies
:debug:main No need to upgrade! omlib-realtimecoordinationlibrary-1.0.2 20141107-112420~git~master_0 >= omlib-realtimecoordinationlibrary-1.0.2 20141107-112420~git~master_0
:debug:main epoch: in tree: 0 installed: 0
:debug:main omlib-servomechanisms-1.0 20140129-215129~git~master_0 exists in the ports tree
:debug:main omlib-servomechanisms-1.0 20140129-215129~git~master_0  is the latest installed
:debug:main omlib-servomechanisms-1.0 20140129-215129~git~master_0  is active
:debug:main Merging existing variants '' into variants
:debug:main new fully merged portvariants: 
:debug:main Changing to port directory: /opt/local/var/macports/sources/build.openmodelica.org/macports/lang/omlib-servomechanisms-1.0
:debug:main OS darwin/13.4.0 (Mac OS X 10.9) arch i386
:debug:main universal_variant is false, so not adding the default universal variant
:debug:main Running callback portconfigure::add_automatic_compiler_dependencies
:debug:main Finished running callback portconfigure::add_automatic_compiler_dependencies
:debug:main Running callback portbuild::add_automatic_buildsystem_dependencies
:debug:main Finished running callback portbuild::add_automatic_buildsystem_dependencies
:debug:main No need to upgrade! omlib-servomechanisms-1.0 20140129-215129~git~master_0 >= omlib-servomechanisms-1.0 20140129-215129~git~master_0
:debug:main epoch: in tree: 0 installed: 0
:debug:main omlib-spot-0.706.1 20140409-130654~git~master_0 exists in the ports tree
:debug:main omlib-spot-0.706.1 20140409-130654~git~master_0  is the latest installed
:debug:main omlib-spot-0.706.1 20140409-130654~git~master_0  is active
:debug:main Merging existing variants '' into variants
:debug:main new fully merged portvariants: 
:debug:main Changing to port directory: /opt/local/var/macports/sources/build.openmodelica.org/macports/lang/omlib-spot-0.706.1
:debug:main OS darwin/13.4.0 (Mac OS X 10.9) arch i386
:debug:main universal_variant is false, so not adding the default universal variant
:debug:main Running callback portconfigure::add_automatic_compiler_dependencies
:debug:main Finished running callback portconfigure::add_automatic_compiler_dependencies
:debug:main Running callback portbuild::add_automatic_buildsystem_dependencies
:debug:main Finished running callback portbuild::add_automatic_buildsystem_dependencies
:debug:main No need to upgrade! omlib-spot-0.706.1 20140409-130654~git~master_0 >= omlib-spot-0.706.1 20140409-130654~git~master_0
:debug:main epoch: in tree: 0 installed: 0
:debug:main omlib-spotexamples-0.706.1 20140409-130654~git~master_0 exists in the ports tree
:debug:main omlib-spotexamples-0.706.1 20140409-130654~git~master_0  is the latest installed
:debug:main omlib-spotexamples-0.706.1 20140409-130654~git~master_0  is active
:debug:main Merging existing variants '' into variants
:debug:main new fully merged portvariants: 
:debug:main Changing to port directory: /opt/local/var/macports/sources/build.openmodelica.org/macports/lang/omlib-spotexamples-0.706.1
:debug:main OS darwin/13.4.0 (Mac OS X 10.9) arch i386
:debug:main universal_variant is false, so not adding the default universal variant
:debug:main Running callback portconfigure::add_automatic_compiler_dependencies
:debug:main Finished running callback portconfigure::add_automatic_compiler_dependencies
:debug:main Running callback portbuild::add_automatic_buildsystem_dependencies
:debug:main Finished running callback portbuild::add_automatic_buildsystem_dependencies
:debug:main No need to upgrade! omlib-spotexamples-0.706.1 20140409-130654~git~master_0 >= omlib-spotexamples-0.706.1 20140409-130654~git~master_0
:debug:main epoch: in tree: 0 installed: 0
:debug:main omlib-systemdynamics-2.1 20140306-225035~git~master_0 exists in the ports tree
:debug:main omlib-systemdynamics-2.1 20140306-225035~git~master_0  is the latest installed
:debug:main omlib-systemdynamics-2.1 20140306-225035~git~master_0  is active
:debug:main Merging existing variants '' into variants
:debug:main new fully merged portvariants: 
:debug:main Changing to port directory: /opt/local/var/macports/sources/build.openmodelica.org/macports/lang/omlib-systemdynamics-2.1
:debug:main OS darwin/13.4.0 (Mac OS X 10.9) arch i386
:debug:main universal_variant is false, so not adding the default universal variant
:debug:main Running callback portconfigure::add_automatic_compiler_dependencies
:debug:main Finished running callback portconfigure::add_automatic_compiler_dependencies
:debug:main Running callback portbuild::add_automatic_buildsystem_dependencies
:debug:main Finished running callback portbuild::add_automatic_buildsystem_dependencies
:debug:main No need to upgrade! omlib-systemdynamics-2.1 20140306-225035~git~master_0 >= omlib-systemdynamics-2.1 20140306-225035~git~master_0
:debug:main epoch: in tree: 0 installed: 0
:debug:main omlib-thermopower-3.1 307_0 exists in the ports tree
:debug:main omlib-thermopower-3.1 307_0  is the latest installed
:debug:main omlib-thermopower-3.1 307_0  is active
:debug:main Merging existing variants '' into variants
:debug:main new fully merged portvariants: 
:debug:main Changing to port directory: /opt/local/var/macports/sources/build.openmodelica.org/macports/lang/omlib-thermopower-3.1
:debug:main OS darwin/13.4.0 (Mac OS X 10.9) arch i386
:debug:main universal_variant is false, so not adding the default universal variant
:debug:main Running callback portconfigure::add_automatic_compiler_dependencies
:debug:main Finished running callback portconfigure::add_automatic_compiler_dependencies
:debug:main Running callback portbuild::add_automatic_buildsystem_dependencies
:debug:main Finished running callback portbuild::add_automatic_buildsystem_dependencies
:debug:main No need to upgrade! omlib-thermopower-3.1 307_0 >= omlib-thermopower-3.1 307_0
:debug:main epoch: in tree: 0 installed: 0
:debug:main omlib-thermosyspro-3.1 21164_0 exists in the ports tree
:debug:main omlib-thermosyspro-3.1 21164_0  is the latest installed
:debug:main omlib-thermosyspro-3.1 21164_0  is active
:debug:main Merging existing variants '' into variants
:debug:main new fully merged portvariants: 
:debug:main Changing to port directory: /opt/local/var/macports/sources/build.openmodelica.org/macports/lang/omlib-thermosyspro-3.1
:debug:main OS darwin/13.4.0 (Mac OS X 10.9) arch i386
:debug:main universal_variant is false, so not adding the default universal variant
:debug:main Running callback portconfigure::add_automatic_compiler_dependencies
:debug:main Finished running callback portconfigure::add_automatic_compiler_dependencies
:debug:main Running callback portbuild::add_automatic_buildsystem_dependencies
:debug:main Finished running callback portbuild::add_automatic_buildsystem_dependencies
:debug:main No need to upgrade! omlib-thermosyspro-3.1 21164_0 >= omlib-thermosyspro-3.1 21164_0
:debug:main epoch: in tree: 0 installed: 0
:debug:main omlib-vehicleinterfaces-1.2.2 20140630-174808~git~release_0 exists in the ports tree
:debug:main omlib-vehicleinterfaces-1.2.2 20140630-174808~git~release_0  is the latest installed
:debug:main omlib-vehicleinterfaces-1.2.2 20140630-174808~git~release_0  is active
:debug:main Merging existing variants '' into variants
:debug:main new fully merged portvariants: 
:debug:main Changing to port directory: /opt/local/var/macports/sources/build.openmodelica.org/macports/lang/omlib-vehicleinterfaces-1.2.2
:debug:main OS darwin/13.4.0 (Mac OS X 10.9) arch i386
:debug:main universal_variant is false, so not adding the default universal variant
:debug:main Running callback portconfigure::add_automatic_compiler_dependencies
:debug:main Finished running callback portconfigure::add_automatic_compiler_dependencies
:debug:main Running callback portbuild::add_automatic_buildsystem_dependencies
:debug:main Finished running callback portbuild::add_automatic_buildsystem_dependencies
:debug:main No need to upgrade! omlib-vehicleinterfaces-1.2.2 20140630-174808~git~release_0 >= omlib-vehicleinterfaces-1.2.2 20140630-174808~git~release_0
:debug:main epoch: in tree: 0 installed: 0
:debug:main omlib-wastewater 5_0 exists in the ports tree
:debug:main omlib-wastewater 5_0  is the latest installed
:debug:main omlib-wastewater 5_0  is active
:debug:main Merging existing variants '' into variants
:debug:main new fully merged portvariants: 
:debug:main Changing to port directory: /opt/local/var/macports/sources/build.openmodelica.org/macports/lang/omlib-wastewater
:debug:main OS darwin/13.4.0 (Mac OS X 10.9) arch i386
:debug:main universal_variant is false, so not adding the default universal variant
:debug:main Running callback portconfigure::add_automatic_compiler_dependencies
:debug:main Finished running callback portconfigure::add_automatic_compiler_dependencies
:debug:main Running callback portbuild::add_automatic_buildsystem_dependencies
:debug:main Finished running callback portbuild::add_automatic_buildsystem_dependencies
:debug:main No need to upgrade! omlib-wastewater 5_0 >= omlib-wastewater 5_0
:debug:main epoch: in tree: 0 installed: 0
:debug:main omlib-xogenytest-1.1 20130127-131712~git~master_0 exists in the ports tree
:debug:main omlib-xogenytest-1.1 20130127-131712~git~master_0  is the latest installed
:debug:main omlib-xogenytest-1.1 20130127-131712~git~master_0  is active
:debug:main Merging existing variants '' into variants
:debug:main new fully merged portvariants: 
:debug:main Changing to port directory: /opt/local/var/macports/sources/build.openmodelica.org/macports/lang/omlib-xogenytest-1.1
:debug:main OS darwin/13.4.0 (Mac OS X 10.9) arch i386
:debug:main universal_variant is false, so not adding the default universal variant
:debug:main Running callback portconfigure::add_automatic_compiler_dependencies
:debug:main Finished running callback portconfigure::add_automatic_compiler_dependencies
:debug:main Running callback portbuild::add_automatic_buildsystem_dependencies
:debug:main Finished running callback portbuild::add_automatic_buildsystem_dependencies
:debug:main No need to upgrade! omlib-xogenytest-1.1 20130127-131712~git~master_0 >= omlib-xogenytest-1.1 20130127-131712~git~master_0
:msg:main --->  Computing dependencies for openmodelica-devel:info:main .:debug:main openmodelica-devel has no conflicts
:debug:main Searching for dependency: gtime
:debug:main Found Dependency: receipt exists for gtime
:debug:main Searching for dependency: cmake
:debug:main Found Dependency: receipt exists for cmake
:debug:main Searching for dependency: libtool
:debug:main Found Dependency: receipt exists for libtool
:debug:main Searching for dependency: autoconf
:debug:main Found Dependency: receipt exists for autoconf
:debug:main Searching for dependency: automake
:debug:main Found Dependency: receipt exists for automake
:debug:main Searching for dependency: gcc48
:debug:main Found Dependency: receipt exists for gcc48
:debug:main Searching for dependency: clang-3.3
:debug:main Found Dependency: receipt exists for clang-3.3
:debug:main Searching for dependency: lp_solve
:debug:main Found Dependency: receipt exists for lp_solve
:debug:main Searching for dependency: gettext
:debug:main Found Dependency: receipt exists for gettext
:debug:main Searching for dependency: omniorb
:debug:main Found Dependency: receipt exists for omniorb
:debug:main Searching for dependency: readline
:debug:main Found Dependency: receipt exists for readline
:debug:main Searching for dependency: libgcc
:debug:main Found Dependency: receipt exists for libgcc
:debug:main Searching for dependency: sundials
:debug:main Found Dependency: receipt exists for sundials
:debug:main Searching for dependency: gmake
:debug:main Found Dependency: receipt exists for gmake
:debug:main Searching for dependency: openmodelicalibraries
:debug:main Found Dependency: receipt exists for openmodelicalibraries
:msg:main 
:debug:main Executing org.macports.main (openmodelica-devel)
:debug:main changing euid/egid - current euid: 0 - current egid: 0
:debug:main egid changed to: 501
:debug:main euid changed to: 504
:debug:archivefetch archivefetch phase started at Tue Jan  6 08:08:46 PST 2015
:msg:archivefetch --->  Fetching archive for openmodelica-devel
:debug:archivefetch Executing org.macports.archivefetch (openmodelica-devel)
:debug:archivefetch euid/egid changed to: 0/0
:debug:archivefetch chowned /opt/local/var/macports/incoming to macports
:debug:archivefetch euid/egid changed to: 504/501
:info:archivefetch --->  openmodelica-devel-23929_0+clang+gfortran48+libraries+sundials.darwin_13.x86_64.tbz2 doesn't seem to exist in /opt/local/var/macports/incoming/verified
:msg:archivefetch --->  Attempting to fetch openmodelica-devel-23929_0+clang+gfortran48+libraries+sundials.darwin_13.x86_64.tbz2 from http://packages.macports.org/openmodelica-devel
:debug:archivefetch Fetching archive failed:: The requested URL returned error: 404 Not Found
:msg:archivefetch --->  Attempting to fetch openmodelica-devel-23929_0+clang+gfortran48+libraries+sundials.darwin_13.x86_64.tbz2 from http://mse.uk.packages.macports.org/sites/packages.macports.org/openmodelica-devel
:debug:archivefetch Fetching archive failed:: The requested URL returned error: 404 Not Found
:msg:archivefetch --->  Attempting to fetch openmodelica-devel-23929_0+clang+gfortran48+libraries+sundials.darwin_13.x86_64.tbz2 from http://jog.id.packages.macports.org/macports/packages/openmodelica-devel
:debug:archivefetch Fetching archive failed:: The requested URL returned error: 404 Not Found
:debug:archivefetch Privilege de-escalation not attempted as not running as root.
:debug:fetch fetch phase started at Tue Jan  6 08:08:51 PST 2015
:notice:fetch --->  Fetching distfiles for openmodelica-devel
:debug:fetch Executing org.macports.fetch (openmodelica-devel)
:debug:fetch Privilege de-escalation not attempted as not running as root.
:debug:checksum checksum phase started at Tue Jan  6 08:08:51 PST 2015
:notice:checksum --->  Verifying checksums for openmodelica-devel
:debug:checksum Executing org.macports.checksum (openmodelica-devel)
:info:checksum --->  Checksumming openmodelica_23929.orig.tar.gz
:debug:checksum Calculated (md5) is a876aad9df20cbd6ccb820dec14bb38d
:debug:checksum Correct (md5) checksum for openmodelica_23929.orig.tar.gz
:debug:checksum Calculated (sha1) is 3d327d96c46bc7f8375efb696a299bece3d668dd
:debug:checksum Correct (sha1) checksum for openmodelica_23929.orig.tar.gz
:debug:checksum Calculated (rmd160) is 52e39278bb5b590031aa93bd81fdfda7e79ddbd1
:debug:checksum Correct (rmd160) checksum for openmodelica_23929.orig.tar.gz
:debug:checksum Privilege de-escalation not attempted as not running as root.
:debug:extract extract phase started at Tue Jan  6 08:08:52 PST 2015
:notice:extract --->  Extracting openmodelica-devel
:debug:extract Executing org.macports.extract (openmodelica-devel)
:info:extract --->  Extracting openmodelica_23929.orig.tar.gz
:debug:extract setting option extract.args to '/opt/local/var/macports/distfiles/openmodelica-devel/openmodelica_23929.orig.tar.gz'
:debug:extract Environment: 
CC_PRINT_OPTIONS='YES'
CC_PRINT_OPTIONS_FILE='/opt/local/var/macports/build/_opt_local_var_macports_sources_build.openmodelica.org_macports_lang_openmodelica-devel/openmodelica-devel/work/.CC_PRINT_OPTIONS'
CPATH='/opt/local/include'
LIBRARY_PATH='/opt/local/lib'
MACOSX_DEPLOYMENT_TARGET='10.9'
:debug:extract Assembled command: 'cd "/opt/local/var/macports/build/_opt_local_var_macports_sources_build.openmodelica.org_macports_lang_openmodelica-devel/openmodelica-devel/work" && /usr/bin/gzip -dc '/opt/local/var/macports/distfiles/openmodelica-devel/openmodelica_23929.orig.tar.gz' | /usr/bin/tar -xf -'
:debug:extract Executing command line:  cd "/opt/local/var/macports/build/_opt_local_var_macports_sources_build.openmodelica.org_macports_lang_openmodelica-devel/openmodelica-devel/work" && /usr/bin/gzip -dc '/opt/local/var/macports/distfiles/openmodelica-devel/openmodelica_23929.orig.tar.gz' | /usr/bin/tar -xf - 
:debug:extract euid/egid changed to: 0/0
:debug:extract chowned /opt/local/var/macports/build/_opt_local_var_macports_sources_build.openmodelica.org_macports_lang_openmodelica-devel/openmodelica-devel/work to macports
:debug:extract euid/egid changed to: 504/501
:debug:extract Privilege de-escalation not attempted as not running as root.
:debug:patch patch phase started at Tue Jan  6 08:08:55 PST 2015
:debug:patch Executing org.macports.patch (openmodelica-devel)
:debug:patch Privilege de-escalation not attempted as not running as root.
:debug:configure configure phase started at Tue Jan  6 08:08:55 PST 2015
:notice:configure --->  Configuring openmodelica-devel
:debug:configure Using compiler 'MacPorts Clang 3.3'
:debug:configure Executing org.macports.configure (openmodelica-devel)
:debug:configure Environment: 
CC_PRINT_OPTIONS='YES'
CC_PRINT_OPTIONS_FILE='/opt/local/var/macports/build/_opt_local_var_macports_sources_build.openmodelica.org_macports_lang_openmodelica-devel/openmodelica-devel/work/.CC_PRINT_OPTIONS'
CPATH='/opt/local/include'
LIBRARY_PATH='/opt/local/lib'
MACOSX_DEPLOYMENT_TARGET='10.9'
:debug:configure Assembled command: 'cd "/opt/local/var/macports/build/_opt_local_var_macports_sources_build.openmodelica.org_macports_lang_openmodelica-devel/openmodelica-devel/work/openmodelica_23929" && autoconf --verbose'
:debug:configure Executing command line:  cd "/opt/local/var/macports/build/_opt_local_var_macports_sources_build.openmodelica.org_macports_lang_openmodelica-devel/openmodelica-devel/work/openmodelica_23929" && autoconf --verbose 
:info:configure autoconf: running /opt/local/bin/autom4te --verbose --language=autoconf --output=configure configure.in
:info:configure autom4te: the trace request object is:
:info:configure autom4te: $VAR1 = bless( [
:info:configure autom4te:                  '0',
:info:configure autom4te:                  0,
:info:configure autom4te:                  [
:info:configure autom4te:                    '/opt/local/share/autoconf'
:info:configure autom4te:                  ],
:info:configure autom4te:                  [
:info:configure autom4te:                    '/opt/local/share/autoconf/autoconf/autoconf.m4f',
:info:configure autom4te:                    'configure.in'
:info:configure autom4te:                  ],
:info:configure autom4te:                  {
:info:configure autom4te:                    '_LT_AC_TAGCONFIG' => 1,
:info:configure autom4te:                    'AM_PROG_F77_C_O' => 1,
:info:configure autom4te:                    'AC_INIT' => 1,
:info:configure autom4te:                    'm4_pattern_forbid' => 1,
:info:configure autom4te:                    '_AM_COND_IF' => 1,
:info:configure autom4te:                    'AC_CANONICAL_TARGET' => 1,
:info:configure autom4te:                    'AC_SUBST' => 1,
:info:configure autom4te:                    'AC_CONFIG_LIBOBJ_DIR' => 1,
:info:configure autom4te:                    'AC_FC_SRCEXT' => 1,
:info:configure autom4te:                    'AC_CANONICAL_HOST' => 1,
:info:configure autom4te:                    'AC_PROG_LIBTOOL' => 1,
:info:configure autom4te:                    'AM_INIT_AUTOMAKE' => 1,
:info:configure autom4te:                    'AM_PATH_GUILE' => 1,
:info:configure autom4te:                    'AC_CONFIG_SUBDIRS' => 1,
:info:configure autom4te:                    'AM_AUTOMAKE_VERSION' => 1,
:info:configure autom4te:                    'LT_CONFIG_LTDL_DIR' => 1,
:info:configure autom4te:                    'AC_REQUIRE_AUX_FILE' => 1,
:info:configure autom4te:                    'AC_CONFIG_LINKS' => 1,
:info:configure autom4te:                    'm4_sinclude' => 1,
:info:configure autom4te:                    'LT_SUPPORTED_TAG' => 1,
:info:configure autom4te:                    'AM_MAINTAINER_MODE' => 1,
:info:configure autom4te:                    'AM_NLS' => 1,
:info:configure autom4te:                    'AC_FC_PP_DEFINE' => 1,
:info:configure autom4te:                    'AM_GNU_GETTEXT_INTL_SUBDIR' => 1,
:info:configure autom4te:                    'AM_MAKEFILE_INCLUDE' => 1,
:info:configure autom4te:                    '_m4_warn' => 1,
:info:configure autom4te:                    'AM_PROG_CXX_C_O' => 1,
:info:configure autom4te:                    '_AM_COND_ENDIF' => 1,
:info:configure autom4te:                    '_AM_MAKEFILE_INCLUDE' => 1,
:info:configure autom4te:                    'AM_ENABLE_MULTILIB' => 1,
:info:configure autom4te:                    'AM_SILENT_RULES' => 1,
:info:configure autom4te:                    'AM_PROG_MOC' => 1,
:info:configure autom4te:                    'AC_CONFIG_FILES' => 1,
:info:configure autom4te:                    'include' => 1,
:info:configure autom4te:                    'LT_INIT' => 1,
:info:configure autom4te:                    'AM_PROG_AR' => 1,
:info:configure autom4te:                    'AM_GNU_GETTEXT' => 1,
:info:configure autom4te:                    'AC_LIBSOURCE' => 1,
:info:configure autom4te:                    'AM_PROG_FC_C_O' => 1,
:info:configure autom4te:                    'AC_CANONICAL_BUILD' => 1,
:info:configure autom4te:                    'AC_FC_FREEFORM' => 1,
:info:configure autom4te:                    'AH_OUTPUT' => 1,
:info:configure autom4te:                    'AC_FC_PP_SRCEXT' => 1,
:info:configure autom4te:                    '_AM_SUBST_NOTMAKE' => 1,
:info:configure autom4te:                    'AC_CONFIG_AUX_DIR' => 1,
:info:configure autom4te:                    'sinclude' => 1,
:info:configure autom4te:                    'AM_PROG_CC_C_O' => 1,
:info:configure autom4te:                    'm4_pattern_allow' => 1,
:info:configure autom4te:                    'AM_XGETTEXT_OPTION' => 1,
:info:configure autom4te:                    'AC_CANONICAL_SYSTEM' => 1,
:info:configure autom4te:                    'AM_CONDITIONAL' => 1,
:info:configure autom4te:                    'AC_CONFIG_HEADERS' => 1,
:info:configure autom4te:                    'AC_DEFINE_TRACE_LITERAL' => 1,
:info:configure autom4te:                    'AM_POT_TOOLS' => 1,
:info:configure autom4te:                    'm4_include' => 1,
:info:configure autom4te:                    '_AM_COND_ELSE' => 1,
:info:configure autom4te:                    'AC_SUBST_TRACE' => 1
:info:configure autom4te:                  }
:info:configure autom4te:                ], 'Autom4te::Request' );
:info:configure autom4te: running: /opt/local/bin/gm4 --nesting-limit=1024 --gnu --include=/opt/local/share/autoconf --debug=aflq --fatal-warning --debugfile=autom4te.cache/traces.0t --trace=AC_CANONICAL_BUILD --trace=AC_CANONICAL_HOST --trace=AC_CANONICAL_SYSTEM --trace=AC_CANONICAL_TARGET --trace=AC_CONFIG_AUX_DIR --trace=AC_CONFIG_FILES --trace=AC_CONFIG_HEADERS --trace=AC_CONFIG_LIBOBJ_DIR --trace=AC_CONFIG_LINKS --trace=AC_CONFIG_SUBDIRS --trace=AC_DEFINE_TRACE_LITERAL --trace=AC_FC_FREEFORM --trace=AC_FC_PP_DEFINE --trace=AC_FC_PP_SRCEXT --trace=AC_FC_SRCEXT --trace=AC_INIT --trace=AC_LIBSOURCE --trace=AC_PROG_LIBTOOL --trace=AC_REQUIRE_AUX_FILE --trace=AC_SUBST --trace=AC_SUBST_TRACE --trace=AH_OUTPUT --trace=AM_AUTOMAKE_VERSION --trace=AM_CONDITIONAL --trace=AM_ENABLE_MULTILIB --trace=AM_GNU_GETTEXT --trace=AM_GNU_GETTEXT_INTL_SUBDIR --trace=AM_INIT_AUTOMAKE --trace=AM_MAINTAINER_MODE --trace=AM_MAKEFILE_INCLUDE --trace=AM_NLS --trace=AM_PATH_GUILE --trace=AM_POT_TOOLS --trace=AM_PROG_AR --trace=AM_PROG_CC_C_O --trace=AM_PROG_CXX_C_O --trace=AM_PROG_F77_C_O --trace=AM_PROG_FC_C_O --trace=AM_PROG_MOC --trace=AM_SILENT_RULES --trace=AM_XGETTEXT_OPTION --trace=LT_CONFIG_LTDL_DIR --trace=LT_INIT --trace=LT_SUPPORTED_TAG --trace=_AM_COND_ELSE --trace=_AM_COND_ENDIF --trace=_AM_COND_IF --trace=_AM_MAKEFILE_INCLUDE --trace=_AM_SUBST_NOTMAKE --trace=_LT_AC_TAGCONFIG --trace=_m4_warn --trace=include --trace=m4_include --trace=m4_pattern_allow --trace=m4_pattern_forbid --trace=m4_sinclude --trace=sinclude --reload-state=/opt/local/share/autoconf/autoconf/autoconf.m4f --undefine=__m4_version__ configure.in > autom4te.cache/output.0t
:info:configure autom4te: formatting traces for `/opt/local/var/macports/build/_opt_local_var_macports_sources_build.openmodelica.org_macports_lang_openmodelica-devel/openmodelica-devel/work/.tmp/am4tObXT7Z/warnings': _m4_warn
:info:configure autom4te: reading /opt/local/var/macports/build/_opt_local_var_macports_sources_build.openmodelica.org_macports_lang_openmodelica-devel/openmodelica-devel/work/.tmp/am4tObXT7Z/warnings
:info:configure autom4te: creating configure
:info:configure autom4te: formatting traces for `/opt/local/var/macports/build/_opt_local_var_macports_sources_build.openmodelica.org_macports_lang_openmodelica-devel/openmodelica-devel/work/.tmp/am4tObXT7Z/patterns': m4_pattern_allow, m4_pattern_forbid
:info:configure autom4te: forbidden tokens: ^_?A[CHUM]_|_AC_|^LIBOBJS$|^_?m4_|^dnl$|^_?AS_
:info:configure autom4te: forbidden token : ^LIBOBJS$ => do not use LIBOBJS directly, use AC_LIBOBJ (see section `AC_LIBOBJ vs LIBOBJS'
:info:configure autom4te: allowed   tokens: ^AS_FLAGS$|^SHELL$|^PATH_SEPARATOR$|^PACKAGE_NAME$|^PACKAGE_TARNAME$|^PACKAGE_VERSION$|^PACKAGE_STRING$|^PACKAGE_BUGREPORT$|^PACKAGE_URL$|^exec_prefix$|^prefix$|^program_transform_name$|^bindir$|^sbindir$|^libexecdir$|^datarootdir$|^datadir$|^sysconfdir$|^sharedstatedir$|^localstatedir$|^includedir$|^oldincludedir$|^docdir$|^infodir$|^htmldir$|^dvidir$|^pdfdir$|^psdir$|^libdir$|^localedir$|^mandir$|^PACKAGE_NAME$|^PACKAGE_TARNAME$|^PACKAGE_VERSION$|^PACKAGE_STRING$|^PACKAGE_BUGREPORT$|^PACKAGE_URL$|^DEFS$|^ECHO_C$|^ECHO_N$|^ECHO_T$|^LIBS$|^build_alias$|^host_alias$|^target_alias$|^date$|^omc_antlr_jar$|^antlrinc$|^antlrlib$|^with_paradiseo$|^with_paradiseo_include$|^with_paradiseo_lib$|^with_qwt$|^with_qwt_suffix$|^EXTRA_CFLAGS_GENERATED_CODE$|^LIBSOCKET$|^LIBNSL$|^LIBLPSOLVE55$|^LPSOLVEINC$|^MODELICA3D$|^USE_CORBA$|^QT_USE_CORBA$|^CORBA_QMAKE_INCLUDES$|^CORBACFLAGS$|^CORBALIBS$|^IDLCMD$|^OPENCL$|^IDLPYTHONCMD$|^USE_GRAPH$|^USE_METIS$|^USE_PATOH$|^GRAPHLIB$|^GENERATED_AUTOCONF_FILES$|^RT_LDFLAGS$|^RT_LDFLAGS_SIM$|^RT_LDFLAGS_GENERATED_CODE$|^RT_LDFLAGS_GENERATED_CODE_SIM$|^SUNDIALS_LDFLAGS$|^IPOPT_LDFLAGS$|^IPOPT_CFLAGS$|^QMAKE$|^EXE$|^SOURCE_REVISION$|^LIBF2C$|^OMSHELL_TERMINAL$|^MODELICA_SPEC_PLATFORM$|^OPENMODELICA_SPEC_PLATFORM$|^OMC_LIBS$|^OMPCC$|^RUNTIMECC$|^RUNTIMECFLAGS$|^MAKE$|^LIBREADLINE$|^LD_LAPACK$|^PYTHON_INTERFACE$|^WITH_SUNDIALS$|^WITH_IPOPT$|^UMFPACK_TARGET$|^OMNOTEBOOK$|^FPMATHFORTRAN$|^OMOPTIM_CC$|^OMOPTIM_CXX$|^LIBGC$|^LIBSIMULATION$|^LIBRUNTIME$|^LIBFMIRUNTIME$|^LIBFMILIB$|^FMILIB_SHARED$|^LIBCMINPACKLIB$|^CMINPACKLIB_SHARED$|^SHREXT$|^LINK$|^RPATH$|^RPATH_QMAKE$|^MSL_EXTRA_ARGS$|^WITH_HWLOC$|^OS_TARGET$|^LIS_LDFLAGS$|^LAPACK_TARGET$|^CONFIG_WITH_OPENMP$|^OPENBLAS_EXTRA_ARGS$|^AR$|^AR_SH$|^CPPFLAGS_F2C$|^LDFLAGS_SOCKET$|^APP$|^OMC$|^OMCTARGET$|^BOOTSTRAP_STATIC$|^LIBDL$|^build$|^build_cpu$|^build_vendor$|^build_os$|^host$|^host_cpu$|^host_vendor$|^host_os$|^target$|^target_cpu$|^target_vendor$|^target_os$|^CC$|^CFLAGS$|^LDFLAGS$|^LIBS$|^CPPFLAGS$|^CC$|^CC$|^CC$|^CC$|^ac_ct_CC$|^EXEEXT$|^OBJEXT$|^CXX$|^CXXFLAGS$|^LDFLAGS$|^LIBS$|^CPPFLAGS$|^CXX$|^ac_ct_CXX$|^CPP$|^CPPFLAGS$|^CPP$|^SET_MAKE$|^LEX$|^LEX_OUTPUT_ROOT$|^LEXLIB$|^YYTEXT_POINTER$|^FC$|^FCFLAGS$|^LDFLAGS$|^LIBS$|^FC$|^ac_ct_FC$|^GREP$|^EGREP$|^STDC_HEADERS$|^HAVE_SYS_TIME_H$|^const$|^size_t$|^HAVE_VPRINTF$|^HAVE_DOPRNT$|^HAVE_SCANDIR$|^OMPCC$|^RUNTIMECC$|^RUNTIMECFLAGS$|^HAVE_LIBSQLITE3$|^HAVE_HWLOC_H$|^USE_CORBA$|^IDLPATH$|^QMAKE$|^LRELEASE$|^LIBOBJS$|^LTLIBOBJS$
:debug:configure Environment: 
ANTLRHOME='/opt/local'
CC='/opt/local/bin/clang-mp-3.3'
CC_PRINT_OPTIONS='YES'
CC_PRINT_OPTIONS_FILE='/opt/local/var/macports/build/_opt_local_var_macports_sources_build.openmodelica.org_macports_lang_openmodelica-devel/openmodelica-devel/work/.CC_PRINT_OPTIONS'
CFLAGS='-pipe -Os -arch x86_64'
CPATH='/opt/local/include'
CPPFLAGS='-I/opt/local/include'
CXX='/opt/local/bin/clang++-mp-3.3'
CXXFLAGS='-pipe -Os -arch x86_64 -stdlib=libc++'
F77='/opt/local/bin/gfortran-mp-4.8'
F77FLAGS='-m64'
F90='/opt/local/bin/gfortran-mp-4.8'
F90FLAGS='-pipe -Os -m64'
FC='/opt/local/bin/gfortran-mp-4.8'
FCFLAGS='-pipe -Os -m64'
FFLAGS='-pipe -Os'
INSTALL='/usr/bin/install -c'
LDFLAGS='-L/opt/local/lib -Wl,-headerpad_max_install_names -arch x86_64'
LIBRARY_PATH='/opt/local/lib'
MACOSX_DEPLOYMENT_TARGET='10.9'
OBJC='/opt/local/bin/clang-mp-3.3'
OBJCFLAGS='-pipe -Os -arch x86_64'
OBJCXX='/opt/local/bin/clang++-mp-3.3'
OBJCXXFLAGS='-pipe -Os -arch x86_64 -stdlib=libc++'
RMLHOME='/opt/local'
:debug:configure Assembled command: 'cd "/opt/local/var/macports/build/_opt_local_var_macports_sources_build.openmodelica.org_macports_lang_openmodelica-devel/openmodelica-devel/work/openmodelica_23929" && ./configure --prefix=/opt/local --with-omniORB=/opt/local --disable-python-interface --disable-modelica3d --without-paradiseo --disable-omnotebook --with-lapack="-llapack -lblas" --without-rml --without-omc MAKE="/opt/local/bin/gmake"'
:debug:configure Executing command line:  cd "/opt/local/var/macports/build/_opt_local_var_macports_sources_build.openmodelica.org_macports_lang_openmodelica-devel/openmodelica-devel/work/openmodelica_23929" && ./configure --prefix=/opt/local --with-omniORB=/opt/local --disable-python-interface --disable-modelica3d --without-paradiseo --disable-omnotebook --with-lapack="-llapack -lblas" --without-rml --without-omc MAKE="/opt/local/bin/gmake" 
:info:configure configure: WARNING: unrecognized options: --without-rml
:info:configure checking build system type... x86_64-apple-darwin13.4.0
:info:configure checking host system type... x86_64-apple-darwin13.4.0
:info:configure checking target system type... x86_64-apple-darwin13.4.0
:info:configure x86_64-apple-darwin13.4.0
:info:configure checking for gcc... /opt/local/bin/clang-mp-3.3
:info:configure checking whether the C compiler works... yes
:info:configure checking for C compiler default output file name... a.out
:info:configure checking for suffix of executables... 
:info:configure checking whether we are cross compiling... no
:info:configure checking for suffix of object files... o
:info:configure checking whether we are using the GNU C compiler... yes
:info:configure checking whether /opt/local/bin/clang-mp-3.3 accepts -g... yes
:info:configure checking for /opt/local/bin/clang-mp-3.3 option to accept ISO C89... none needed
:info:configure checking whether we are using the GNU C++ compiler... yes
:info:configure checking whether /opt/local/bin/clang++-mp-3.3 accepts -g... yes
:info:configure checking how to run the C preprocessor... /opt/local/bin/clang-mp-3.3 -E
:info:configure checking whether /opt/local/bin/gmake sets $(MAKE)... yes
:info:configure checking for flex... flex
:info:configure checking lex output file root... lex.yy
:info:configure checking lex library... -ll
:info:configure checking whether yytext is a pointer... yes
:info:configure checking whether we are using the GNU Fortran compiler... yes
:info:configure checking whether /opt/local/bin/gfortran-mp-4.8 accepts -g... yes
:info:configure checking if -Werror works... ok
:info:configure checking for omc... building it through bootstrapping (you might end up unable to recompile omc if you modify source code)
:info:configure checking for grep that handles long lines and -e... /usr/bin/grep
:info:configure checking for egrep... /usr/bin/grep -E
:info:configure checking for ANSI C header files... yes
:info:configure checking for sys/types.h... yes
:info:configure checking for sys/stat.h... yes
:info:configure checking for stdlib.h... yes
:info:configure checking for string.h... yes
:info:configure checking for memory.h... yes
:info:configure checking for strings.h... yes
:info:configure checking for inttypes.h... yes
:info:configure checking for stdint.h... yes
:info:configure checking for unistd.h... yes
:info:configure checking sys/time.h usability... yes
:info:configure checking sys/time.h presence... yes
:info:configure checking for sys/time.h... yes
:info:configure checking for antlr.Tool support... ANTLR Parser Generator   Version 2.7.7 (20060906)   1989-2005
:info:configure yes
:info:configure checking if the user wants to compile OMShell-terminal... yes
:info:configure checking readline/readline.h usability... yes
:info:configure checking readline/readline.h presence... yes
:info:configure checking for readline/readline.h... yes
:info:configure checking readline/history.h usability... yes
:info:configure checking readline/history.h presence... yes
:info:configure checking for readline/history.h... yes
:info:configure checking for library containing readline... -lreadline
:info:configure checking expat.h usability... yes
:info:configure checking expat.h presence... yes
:info:configure checking for expat.h... yes
:info:configure checking for an ANSI C-conforming const... yes
:info:configure checking for size_t... yes
:info:configure checking for vprintf... yes
:info:configure checking for _doprnt... no
:info:configure checking for getcwd... yes
:info:configure checking for select... yes
:info:configure checking for strdup... yes
:info:configure checking for strerror... yes
:info:configure checking for scandir... no
:info:configure checking for OpenMP... no
:info:configure checking runtime compiler... /opt/local/bin/clang-mp-3.3 ok
:info:configure checking runtime compiler CFLAGS... 
:info:configure checking for library containing dlopen... none required
:info:configure checking for library containing dlopen... (cached) none required
:info:configure checking for library containing sqrt... none required
:info:configure checking for library containing colamd... no
:info:configure checking for library containing make_lp... -llpsolve55
:info:configure checking lp_lib.h usability... no
:info:configure checking lp_lib.h presence... no
:info:configure checking for lp_lib.h... no
:info:configure checking lpsolve/lp_lib.h usability... yes
:info:configure checking lpsolve/lp_lib.h presence... yes
:info:configure checking for lpsolve/lp_lib.h... yes
:info:configure checking for socket... yes
:info:configure checking for gethostbyname... yes
:info:configure checking LAPACK/BLAS flags... -llapack -lblas
:info:configure checking kinsol/kinsol.h usability... yes
:info:configure checking kinsol/kinsol.h presence... yes
:info:configure checking for kinsol/kinsol.h... yes
:info:configure checking kinsol/kinsol_dense.h usability... yes
:info:configure checking kinsol/kinsol_dense.h presence... yes
:info:configure checking for kinsol/kinsol_dense.h... yes
:info:configure checking nvector/nvector_serial.h usability... yes
:info:configure checking nvector/nvector_serial.h presence... yes
:info:configure checking for nvector/nvector_serial.h... yes
:info:configure checking sundials/sundials_types.h usability... yes
:info:configure checking sundials/sundials_types.h presence... yes
:info:configure checking for sundials/sundials_types.h... yes
:info:configure checking sundials/sundials_math.h usability... yes
:info:configure checking sundials/sundials_math.h presence... yes
:info:configure checking for sundials/sundials_math.h... yes
:info:configure checking Sundials linking... ok
:info:configure checking locale.h usability... yes
:info:configure checking locale.h presence... yes
:info:configure checking for locale.h... yes
:info:configure checking libintl.h usability... yes
:info:configure checking libintl.h presence... yes
:info:configure checking for libintl.h... yes
:info:configure checking gettext linking... in intl
:info:configure checking hwloc.h usability... no
:info:configure checking hwloc.h presence... no
:info:configure checking for hwloc.h... no
:info:configure checking for pthread_self in -lpthread... yes
:info:configure checking for /opt/local/bin/omniidl... /opt/local/bin/omniidl
:info:configure checking for CORBA... omniorb
:info:configure checking if the user wants to use the Python interface... no
:info:configure checking if the user wants Modelica3D... no
:info:configure checking for OpenCL... checking CL/cl.h usability... no
:info:configure checking CL/cl.h presence... no
:info:configure checking for CL/cl.h... no
:info:configure checking OpenCL/cl.h usability... yes
:info:configure checking OpenCL/cl.h presence... yes
:info:configure checking for OpenCL/cl.h... yes
:info:configure checking for qmake-qt4... no
:info:configure checking for qmake-mac... no
:info:configure checking for qmake... qmake
:info:configure checking for lrelease-qt4... no
:info:configure checking for lrelease... lrelease
:info:configure checking for qmake arguments... sh /opt/local/var/macports/build/_opt_local_var_macports_sources_build.openmodelica.org_macports_lang_openmodelica-devel/openmodelica-devel/work/openmodelica_23929/qmake.sh
:info:configure checking if the user wants OMNotebook... no
:info:configure checking for paradisEO... disabled
:info:configure ./configure: line 6813: OMC_LIBS: command not found
:info:configure checking for revision... 23929
:info:configure checking for OpenModelica platform name... x86_64-apple-darwin13.4.0
:info:configure checking for Modelica platform name... x86_64-apple-darwin13.4.0
:info:configure configure: creating ./config.status
:info:configure config.status: creating Makefile
:info:configure config.status: creating Compiler/Makefile
:info:configure config.status: creating Compiler/Script/Makefile
:info:configure config.status: creating Compiler/Template/Makefile
:info:configure config.status: creating Compiler/runtime/Makefile
:info:configure config.status: creating Compiler/runtime/config.unix.h
:info:configure config.status: creating PythonInterface/Makefile
:info:configure config.status: creating PythonInterface/OMPython/OMConfig.py
:info:configure config.status: creating Parser/Makefile
:info:configure config.status: creating 3rdParty/qwt/Makefile.unix
:info:configure config.status: creating OMNotebook/OMNotebookGUI/OMNotebook.config
:info:configure config.status: creating OMNotebook/OMNotebookGUI/Makefile.unix
:info:configure config.status: creating OMShell/OMShellGUI/OMShell.config
:info:configure config.status: creating OMShell/OMShellGUI/Makefile.unix
:info:configure config.status: creating OMEdit/OMEditGUI/Makefile.unix
:info:configure config.status: creating OMEdit/OMEditGUI/OMEdit.config
:info:configure config.status: creating OMEdit/OMEditGUI/Debugger/Parser/Makefile.unix
:info:configure config.status: creating OMEdit/OMEditGUI/Debugger/Parser/Makefile.lib.unix
:info:configure config.status: creating OMPlot/OMPlotGUI/Makefile.unix
:info:configure config.status: creating OMPlot/OMPlotGUI/OMPlotGUI.config
:info:configure config.status: creating OMOptim/build/Makefile.unix
:info:configure config.status: creating OMOptim/build/OMOptim.config
:info:configure config.status: creating OMOptimBasis/build/Makefile.unix
:info:configure config.status: creating OMOptimBasis/build/OMOptimBasis.config
:info:configure config.status: creating OMVisualize/OMVisualizeGUI/OMVisualizeGUI.config
:info:configure config.status: creating SimulationRuntime/c/Makefile
:info:configure config.status: creating SimulationRuntime/c/simulation/libf2c/makefile.u
:info:configure config.status: creating SimulationRuntime/ParModelica/explicit/openclrt/Makefile
:info:configure config.status: creating SimulationRuntime/interactive/Makefile
:info:configure config.status: creating mosh/src/Makefile
:info:configure config.status: creating Compiler/boot/Makefile
:info:configure config.status: executing config.unix.h.fix commands
:info:configure configure: WARNING: unrecognized options: --without-rml
:info:configure -e 
:info:configure Configured OpenModelica successfully using the following options:
:info:configure Simulations may use sundials suite: Yes
:info:configure Simulations may use IPOPT: Yes
:info:configure ParModelica: Yes
:info:configure Build OMNotebook: No
:debug:configure Privilege de-escalation not attempted as not running as root.
:debug:build build phase started at Tue Jan  6 08:09:04 PST 2015
:notice:build --->  Building openmodelica-devel
:debug:build Executing org.macports.build (openmodelica-devel)
:debug:build Environment: 
CC_PRINT_OPTIONS='YES'
CC_PRINT_OPTIONS_FILE='/opt/local/var/macports/build/_opt_local_var_macports_sources_build.openmodelica.org_macports_lang_openmodelica-devel/openmodelica-devel/work/.CC_PRINT_OPTIONS'
CPATH='/opt/local/include'
LIBRARY_PATH='/opt/local/lib'
MACOSX_DEPLOYMENT_TARGET='10.9'
:debug:build Assembled command: 'cd "/opt/local/var/macports/build/_opt_local_var_macports_sources_build.openmodelica.org_macports_lang_openmodelica-devel/openmodelica-devel/work/openmodelica_23929" && /usr/bin/make -j8 -w omc mosh NOLIBRARIES=Yes'
:debug:build Executing command line:  cd "/opt/local/var/macports/build/_opt_local_var_macports_sources_build.openmodelica.org_macports_lang_openmodelica-devel/openmodelica-devel/work/openmodelica_23929" && /usr/bin/make -j8 -w omc mosh NOLIBRARIES=Yes 
:info:build make: Entering directory `/opt/local/var/macports/build/_opt_local_var_macports_sources_build.openmodelica.org_macports_lang_openmodelica-devel/openmodelica-devel/work/openmodelica_23929'
:info:build /Applications/Xcode.app/Contents/Developer/usr/bin/make bootstrap-dependencies
:info:build /Applications/Xcode.app/Contents/Developer/usr/bin/make -C mosh/src -f Makefile
:info:build make[1]: Entering directory `/opt/local/var/macports/build/_opt_local_var_macports_sources_build.openmodelica.org_macports_lang_openmodelica-devel/openmodelica-devel/work/openmodelica_23929'
:info:build if [ ".app" = ".app" ]; then mkdir -p ./build/Applications/; fi
:info:build make[1]: Entering directory `/opt/local/var/macports/build/_opt_local_var_macports_sources_build.openmodelica.org_macports_lang_openmodelica-devel/openmodelica-devel/work/openmodelica_23929/mosh/src'
:info:build /opt/local/bin/omniidl -bcxx -Wbh=.h -Wbs=.cc ../../Compiler/runtime//omc_communication.idl
:info:build (cd 3rdParty/gc && autoreconf -vif && automake --add-missing && ./configure "--host=x86_64-apple-darwin13.4.0" --enable-threads=posix --enable-parallel-mark --disable-gcj-support --disable-java-finalization --enable-large-config CC="/opt/local/bin/clang-mp-3.3" CXX="/opt/local/bin/clang++-mp-3.3" CFLAGS="-pipe -Os -arch x86_64 -fno-stack-protector" CPPFLAGS="-I/opt/local/include -DLARGE_CONFIG -DTHREAD_LOCAL_ALLOC")
:info:build test -d 3rdParty/FMIL
:info:build rm -rf libraries/Resources
:info:build /opt/local/bin/clang++-mp-3.3 -pipe -Os -arch x86_64 -fno-stack-protector -Wall -DUSE_CORBA -DUSE_OMNIORB -I/opt/local/include -I/opt/local/include  -c -o options.o options.cpp
:info:build mkdir -p 3rdParty/FMIL/build
:info:build (cd libraries && cp -a "Modelica 3.2.1/Modelica/Resources" ".")
:info:build mkdir -p ./build/bin
:info:build (cd 3rdParty/FMIL/build && test -f Makefile || CC="/opt/local/bin/clang-mp-3.3" CXX="/opt/local/bin/clang++-mp-3.3" CFLAGS="-pipe -Os -arch x86_64 -fno-stack-protector -g" CPPFLAGS="-I/opt/local/include" CC="/opt/local/bin/clang-mp-3.3" CXX="/opt/local/bin/clang++-mp-3.3" CFLAGS="-pipe -Os -arch x86_64 -fno-stack-protector" CPPFLAGS="-I/opt/local/include" cmake -D CMAKE_AR:String="ar" -D FMILIB_BUILD_SHARED_LIB:Bool=ON -D FMILIB_BUILD_TESTS:Bool=OFF -D FMILIB_GENERATE_DOXYGEN_DOC:Bool=OFF -DCMAKE_COLOR_MAKEFILE:Bool=OFF -DFMILIB_INSTALL_PREFIX:String=../install .. -G "Unix Makefiles")
:info:build # Configure and build lis
:info:build mkdir -p ./build/lib/omc/emcc
:info:build test -d 3rdParty/Cdaskr/solver
:info:build mkdir -p ./build/include/omc/c/
:info:build if ! test -f 3rdParty/lis-1.4.12/Makefile; then cd 3rdParty/lis-1.4.12 && ./configure "--host=x86_64-apple-darwin13.4.0" --enable-shared --disable-static MPICC="false" CC="/opt/local/bin/clang-mp-3.3" CXX="/opt/local/bin/clang++-mp-3.3" CFLAGS="-pipe -Os -arch x86_64 -fno-stack-protector" CPPFLAGS="-I/opt/local/include" LDFLAGS="-L/opt/local/lib -Wl,-headerpad_max_install_names -arch x86_64 -Wl,-install_name,@rpath/liblis.dylib" && /Applications/Xcode.app/Contents/Developer/usr/bin/make clean; fi
:info:build mkdir -p ./build/include/omc/c/linearization/
:info:build (cd 3rdParty/Cdaskr/solver && CC="/opt/local/bin/clang-mp-3.3" CFLAGS="-pipe -Os -arch x86_64 -fno-stack-protector" make -f Makefile)
:info:build mkdir -p ./build/include/omc/c/optimization/
:info:build mkdir -p ./build/include/omc/c/simulation/
:info:build mkdir -p ./build/include/omc/c/simulation/results/
:info:build mkdir -p ./build/include/omc/c/simulation/solver/
:info:build mkdir -p ./build/include/omc/c/simulation/solver/initialization/
:info:build make[2]: Entering directory `/opt/local/var/macports/build/_opt_local_var_macports_sources_build.openmodelica.org_macports_lang_openmodelica-devel/openmodelica-devel/work/openmodelica_23929/3rdParty/Cdaskr/solver'
:info:build /opt/local/bin/clang-mp-3.3 -c -o daux.o daux.c -pipe -Os -arch x86_64 -fno-stack-protector
:info:build mkdir -p ./build/include/omc/c/meta/
:info:build mkdir -p ./build/include/omc/c/meta/gc/
:info:build mkdir -p ./build/include/omc/c/util/
:info:build mkdir -p ./build/include/omc/c/fmi1/
:info:build mkdir -p ./build/include/omc/c/fmi2/
:info:build mkdir -p ./build/share/omc/java/
:info:build mkdir -p ./build/share//omc/scripts/OpenTurns/
:info:build mkdir -p ./build/share/doc/omc/testmodels
:info:build mkdir -p ./build/share/doc/omc/SimulationRuntime/IntegrationAlgorithms
:info:build mkdir -p ./build/share/man//man1/
:info:build test -d 3rdParty/CMinpack
:info:build mkdir -p 3rdParty/CMinpack/build
:info:build (cd 3rdParty/CMinpack/build && test -f Makefile || CC="/opt/local/bin/clang-mp-3.3" CXX="/opt/local/bin/clang++-mp-3.3" CFLAGS="-pipe -Os -arch x86_64 -fno-stack-protector" CPPFLAGS="-I/opt/local/include" CC="/opt/local/bin/clang-mp-3.3" CXX="/opt/local/bin/clang++-mp-3.3" CFLAGS="-pipe -Os -arch x86_64 -fno-stack-protector" CPPFLAGS="-I/opt/local/include" cmake -D CMAKE_AR:String="ar" -DCMAKE_COLOR_MAKEFILE:Bool=OFF -DSHARED_LIBS=ON -DCMAKE_INSTALL_PREFIX:String=../install .. -G "Unix Makefiles")
:info:build /opt/local/bin/clang-mp-3.3 -c -o ddaskr.o ddaskr.c -pipe -Os -arch x86_64 -fno-stack-protector
:info:build ddaskr.c:9273:15: warning: operator '<<' has lower precedence than '-'; '-' will be evaluated first [-Wshift-op-parentheses]
:info:build             i__ = (j - 1 << 1) + 1;
:info:build                    ~~^~~ ~~
:info:build ddaskr.c:9273:15: note: place parentheses around the '-' expression to silence this warning
:info:build             i__ = (j - 1 << 1) + 1;
:info:build                      ^
:info:build                    (    )
:info:build ddaskr.c:9329:11: warning: operator '<<' has lower precedence than '-'; '-' will be evaluated first [-Wshift-op-parentheses]
:info:build         i__ = (k - 1 << 1) + 1;
:info:build                ~~^~~ ~~
:info:build ddaskr.c:9329:11: note: place parentheses around the '-' expression to silence this warning
:info:build         i__ = (k - 1 << 1) + 1;
:info:build                  ^
:info:build                (    )
:info:build ddaskr.c:9457:10: warning: operator '<<' has lower precedence than '-'; '-' will be evaluated first [-Wshift-op-parentheses]
:info:build         iq = (k - 1 << 1) + 1;
:info:build               ~~^~~ ~~
:info:build ddaskr.c:9457:10: note: place parentheses around the '-' expression to silence this warning
:info:build         iq = (k - 1 << 1) + 1;
:info:build                 ^
:info:build               (    )
:info:build -- The C compiler identification is Clang 3.3.0
:info:build -- The C compiler identification is Clang 3.3.0
:info:build checking build system type... -- The CXX compiler identification is Clang 3.3.0
:info:build -- The CXX compiler identification is Clang 3.3.0
:info:build (cd 3rdParty/Ipopt-3.11.6 && ./configure --with-pic "CC=/opt/local/bin/clang-mp-3.3" CXX="/opt/local/bin/clang++-mp-3.3" F77="/opt/local/bin/gfortran-mp-4.8" LDFLAGS="-L/opt/local/var/macports/build/_opt_local_var_macports_sources_build.openmodelica.org_macports_lang_openmodelica-devel/openmodelica-devel/work/openmodelica_23929/build/lib/omc -L/opt/local/lib -Wl,-headerpad_max_install_names -arch x86_64" --with-lapack-lib="-llapack -lblas" --with-blas-lib="-llapack -lblas" --without-metis --without-HSLold --without-HSL)
:info:build x86_64-apple-darwin13.4.0
:info:build checking host system type... x86_64-apple-darwin13.4.0
:info:build checking target system type... x86_64-apple-darwin13.4.0
:info:build checking for a BSD-compatible install... /usr/bin/install -c
:info:build checking whether build environment is sane... -- Check for working C compiler: /opt/local/bin/clang-mp-3.3
:info:build -- Check for working C compiler: /opt/local/bin/clang-mp-3.3
:info:build cp SimulationRuntime/c/ModelicaUtilities.h libraries/Resources//C-Sources/
:info:build touch libraries/link-external-libs
:info:build /Applications/Xcode.app/Contents/Developer/usr/bin/make -C Compiler/Translation release
:info:build make[2]: Entering directory `/opt/local/var/macports/build/_opt_local_var_macports_sources_build.openmodelica.org_macports_lang_openmodelica-devel/openmodelica-devel/work/openmodelica_23929/Compiler/Translation'
:info:build for locale in de sv es; do mkdir -p ../../build/share/locale//$locale/LC_MESSAGES && msgfmt -o../../build/share/locale//$locale/LC_MESSAGES/openmodelica.mo $locale.po; done
:info:build autoreconf: Entering directory `.'
:info:build autoreconf: configure.ac: not using Gettext
:info:build make[2]: Leaving directory `/opt/local/var/macports/build/_opt_local_var_macports_sources_build.openmodelica.org_macports_lang_openmodelica-devel/openmodelica-devel/work/openmodelica_23929/Compiler/Translation'
:info:build (cp -p doc/*.pdf doc/OpenModelicaAPI-Howto/*.pdf ./build/share/doc/omc)
:info:build (cp -p doc/SimulationRuntime/IntegrationAlgorithms/IntegrationAlgorithms.pdf ./build/share/doc/omc/SimulationRuntime/IntegrationAlgorithms)
:info:build (cp -p Examples/*.* ./build/share/doc/omc/testmodels/)
:info:build rm -f ./build/share/doc/omc/testmodels/CMake*.txt
:info:build cp -p ./SimulationRuntime/interactive/README.txt ./build/share/doc/omc/OpenModelica-InteractiveSimulation-README.txt
:info:build # man pages
:info:build (cd doc/manpages/ && for f in *.1; do cp -p $f ../.././build/share/man//man1/ && gzip -f ../.././build/share/man//man1/$f ; done)
:info:build 3 warnings generated.
:info:build /opt/local/bin/clang-mp-3.3 -c -o dlinpk.o dlinpk.c -pipe -Os -arch x86_64 -fno-stack-protector
:info:build -- Check for working C compiler: /opt/local/bin/clang-mp-3.3 -- works
:info:build -- Check for working C compiler: /opt/local/bin/clang-mp-3.3 -- works
:info:build -- Detecting C compiler ABI info
:info:build -- Detecting C compiler ABI info
:info:build /Applications/Xcode.app/Contents/Developer/usr/bin/make -C SimulationRuntime/ParModelica/explicit/openclrt -f Makefile
:info:build make[2]: Entering directory `/opt/local/var/macports/build/_opt_local_var_macports_sources_build.openmodelica.org_macports_lang_openmodelica-devel/openmodelica-devel/work/openmodelica_23929/SimulationRuntime/ParModelica/explicit/openclrt'
:info:build /opt/local/bin/clang++-mp-3.3  -I/opt/local/include -I. -I"../../../c" -fPIC  -c -o omc_ocl_memory_ops.o omc_ocl_memory_ops.cpp
:info:build ar r libcdaskr.a daux.o ddaskr.o dlinpk.o 
:info:build ar: creating archive libcdaskr.a
:info:build /opt/local/bin/clang++-mp-3.3 -pipe -Os -arch x86_64 -fno-stack-protector -Wall -DUSE_CORBA -DUSE_OMNIORB -I/opt/local/include -I/opt/local/include  -c -o mosh.o mosh.cpp
:info:build make[2]: Leaving directory `/opt/local/var/macports/build/_opt_local_var_macports_sources_build.openmodelica.org_macports_lang_openmodelica-devel/openmodelica-devel/work/openmodelica_23929/3rdParty/Cdaskr/solver'
:info:build if test -f 3rdParty/graphstream/org.omc.graphstream.jar; then cp -p 3rdParty/graphstream/org.omc.graphstream.jar build/share/omc/java/.; fi
:info:build /opt/local/bin/clang++-mp-3.3  -I/opt/local/include -I. -I"../../../c" -fPIC  -c -o omc_ocl_interface.o omc_ocl_interface.cpp
:info:build /Applications/Xcode.app/Contents/Developer/usr/bin/make -C testsuite/ -f Makefile omc-diff
:info:build make[2]: Entering directory `/opt/local/var/macports/build/_opt_local_var_macports_sources_build.openmodelica.org_macports_lang_openmodelica-devel/openmodelica-devel/work/openmodelica_23929/testsuite'
:info:build make[2]: Nothing to be done for `omc-diff'.
:info:build make[2]: Leaving directory `/opt/local/var/macports/build/_opt_local_var_macports_sources_build.openmodelica.org_macports_lang_openmodelica-devel/openmodelica-devel/work/openmodelica_23929/testsuite'
:info:build /opt/local/bin/clang++-mp-3.3 -pipe -Os -arch x86_64 -fno-stack-protector -Wall -DUSE_CORBA -DUSE_OMNIORB -I/opt/local/include -I/opt/local/include  -c -o omc_communication.o omc_communication.cc
:info:build -- Detecting C compiler ABI info - done
:info:build -- Detecting C compiler ABI info - done
:info:build -- Check for working CXX compiler: /opt/local/bin/clang++-mp-3.3
:info:build -- Check for working CXX compiler: /opt/local/bin/clang++-mp-3.3
:info:build checking build system type... /opt/local/bin/clang++-mp-3.3  -I/opt/local/include -I. -I"../../../c" -fPIC  -c -o omc_ocl_builtin_kernels.o omc_ocl_builtin_kernels.cpp
:info:build i386-apple-darwin13.4.0
:info:build checking whether we want to compile in debug mode... no
:info:build checking for C compiler default output file name... -- Check for working CXX compiler: /opt/local/bin/clang++-mp-3.3 -- works
:info:build -- Check for working CXX compiler: /opt/local/bin/clang++-mp-3.3 -- works
:info:build -- Detecting CXX compiler ABI info
:info:build -- Detecting CXX compiler ABI info
:info:build /opt/local/bin/clang++-mp-3.3  -I/opt/local/include -I. -I"../../../c" -fPIC  -c -o omc_ocl_util.o omc_ocl_util.cpp
:info:build a.out
:info:build checking whether the C compiler works... yes
:info:build checking whether we are cross compiling... no
:info:build checking for suffix of executables... In file included from omc_communication.cc:3:
:info:build In file included from ./omc_communication.h:6:
:info:build In file included from /opt/local/include/omniORB4/CORBA.h:165:
:info:build /opt/local/include/omniORB4/pollable_defs.hh:178:16: warning: 'CORBA::DIIPollable::_PR_copy_state' hides overloaded virtual function [-Woverloaded-virtual]
:info:build   virtual void _PR_copy_state(DIIPollable*);
:info:build                ^
:info:build /opt/local/include/omniORB4/pollable_defs.hh:96:16: note: hidden overloaded virtual function 'CORBA::Pollable::_PR_copy_state' declared here: type mismatch at 1st parameter ('CORBA::Pollable *' vs 'CORBA::DIIPollable *')
:info:build   virtual void _PR_copy_state(Pollable*);
:info:build                ^
:info:build 
:info:build checking for suffix of object files... omc_ocl_util.cpp:154:53: warning: invalid conversion specifier 'I' [-Wformat-invalid-specifier]
:info:build             printf("%d CL_DEVICE_LOCAL_MEM_SIZE :\t%I64d KB\n", i, mem2/1024);
:info:build                                                    ~^
:info:build omc_ocl_util.cpp:156:52: warning: invalid conversion specifier 'I' [-Wformat-invalid-specifier]
:info:build             printf("%d CL_DEVICE_GLOBAL_MEM_SIZE: %I64d MB\n", i, mem2/1024/1024);
:info:build                                                   ~^
:info:build omc_ocl_util.cpp:158:55: warning: invalid conversion specifier 'I' [-Wformat-invalid-specifier]
:info:build             printf("%d CL_DEVICE_MAX_MEM_ALLOC_SIZE: %I64d MB\n", i, mem2/1024/1024);
:info:build                                                      ~^
:info:build omc_ocl_util.cpp:160:67: warning: format specifies type 'int' but the argument has type 'size_t' (aka 'unsigned long') [-Wformat]
:info:build             printf("%d CL_DEVICE_MAX_PARAMETER_SIZE: %d MB\n", i, arg_nr);
:info:build                                                      ~~           ^~~~~~
:info:build                                                      %lu
:info:build omc_ocl_util.cpp:163:66: warning: format specifies type 'int' but the argument has type 'size_t' (aka 'unsigned long') [-Wformat]
:info:build             printf("%d CL_DEVICE_MAX_WORK_GROUP_SIZE: %d \n", i, arg_nr);
:info:build                                                       ~~         ^~~~~~
:info:build                                                       %lu
:info:build o
:info:build checking whether we are using the GNU C compiler... 5 warnings generated.
:info:build -- Detecting CXX compiler ABI info - done
:info:build -- Detecting CXX compiler ABI info - done
:info:build yes
:info:build ar -rcs libOMOCLRuntime.a omc_ocl_memory_ops.o omc_ocl_interface.o omc_ocl_builtin_kernels.o omc_ocl_util.o
:info:build checking for x86_64-apple-darwin13.4.0-strip... no
:info:build checking for strip... strip
:info:build checking for a thread-safe mkdir -p... mkdir -p ../../../../build//include/omc/c//ParModelica/explicit/openclrt/
:info:build -- Operating system is generic Unix
:info:build -- Building shared libraries.
:info:build cp -rp omc_ocl_interface.h ../../../../build//include/omc/c//ParModelica/explicit/openclrt/
:info:build config/install-sh -c -d
:info:build checking for gawk... no
:info:build checking for mawk... no
:info:build checking for nawk... cp -rp omc_ocl_common_header.h ../../../../build//include/omc/c//ParModelica/explicit/openclrt/
:info:build no
:info:build checking for awk... awk
:info:build checking whether make sets $(MAKE)... cp -rp omc_ocl_memory_ops.h ../../../../build//include/omc/c//ParModelica/explicit/openclrt/
:info:build cp -rp libOMOCLRuntime.a ../../../../build//lib/omc/
:info:build cp -rp ParModelicaBuiltin.mo ../../../../build//lib/omc/
:info:build -- Looking for include file stdarg.h
:info:build -- Configuring done
:info:build cp -rp OCLRuntimeUtil.cl ../../../../build//include/omc/c//ParModelica/explicit/openclrt/
:info:build In file included from omc_communication.cc:3:
:info:build In file included from ./omc_communication.h:6:
:info:build In file included from /opt/local/include/omniORB4/CORBA.h:285:
:info:build /opt/local/include/omniORB4/messaging.hh:252:18: warning: 'Messaging::Poller::_PR_copy_state' hides overloaded virtual function [-Woverloaded-virtual]
:info:build     virtual void _PR_copy_state(Poller*);
:info:build                  ^
:info:build /opt/local/include/omniORB4/pollable_defs.hh:96:16: note: hidden overloaded virtual function 'CORBA::Pollable::_PR_copy_state' declared here: type mismatch at 1st parameter ('CORBA::Pollable *' vs 'Messaging::Poller *')
:info:build   virtual void _PR_copy_state(Pollable*);
:info:build                ^
:info:build make[2]: Leaving directory `/opt/local/var/macports/build/_opt_local_var_macports_sources_build.openmodelica.org_macports_lang_openmodelica-devel/openmodelica-devel/work/openmodelica_23929/SimulationRuntime/ParModelica/explicit/openclrt'
:info:build cp -pPR 3rdParty/gc/include/gc.h build/include/omc/c/gc.h
:info:build cp -pPR 3rdParty/gc/include/gc_config_macros.h build/include/omc/c/gc_config_macros.h
:info:build yes
:info:build cp -pPR 3rdParty/gc/include/gc_version.h build/include/omc/c/gc_version.h
:info:build cp -pPR 3rdParty/gc/include/gc_pthread_redirects.h build/include/omc/c/gc_pthread_redirects.h
:info:build yes
:info:build CMake Warning (dev):
:info:build   Policy CMP0042 is not set: MACOSX_RPATH is enabled by default.  Run "cmake
:info:build   --help-policy CMP0042" for policy details.  Use the cmake_policy command to
:info:build   set the policy and suppress this warning.
:info:build 
:info:build   MACOSX_RPATH is not specified for the following targets:
:info:build 
:info:build    cminpack
:info:build 
:info:build This wachecking whether /opt/local/bin/clang-mp-3.3 accepts -g... rning is for project developers.  Use -Wno-dev to suppress it.
:info:build 
:info:build -- Generating done
:info:build checking whether to enable maintainer-specific portions of Makefiles... no
:info:build checking for a library suffix to use... (cd "libraries/Resources//BuildProjects/autotools" && (test -f Makefile || ./autogen.sh))
:info:build checking for x86_64-apple-darwin13.4.0-icc... /opt/local/bin/clang-mp-3.3
:info:build -- Build files have been written to: /opt/local/var/macports/build/_opt_local_var_macports_sources_build.openmodelica.org_macports_lang_openmodelica-devel/openmodelica-devel/work/openmodelica_23929/3rdParty/CMinpack/build
:info:build test -f 3rdParty/CMinpack/install/lib*/libcminpack.dylib* || /Applications/Xcode.app/Contents/Developer/usr/bin/make -C 3rdParty/CMinpack/build
:info:build make[2]: Entering directory `/opt/local/var/macports/build/_opt_local_var_macports_sources_build.openmodelica.org_macports_lang_openmodelica-devel/openmodelica-devel/work/openmodelica_23929/3rdParty/CMinpack/build'
:info:build omc_communication.cc:13:20: warning: unused variable '_0RL_library_version' [-Wunused-variable]
:info:build static const char* _0RL_library_version = omniORB_4_2;
:info:build                    ^
:info:build autoreconf: running: aclocal --force -I m4
:info:build make[3]: Entering directory `/opt/local/var/macports/build/_opt_local_var_macports_sources_build.openmodelica.org_macports_lang_openmodelica-devel/openmodelica-devel/work/openmodelica_23929/3rdParty/CMinpack/build'
:info:build make[4]: Entering directory `/opt/local/var/macports/build/_opt_local_var_macports_sources_build.openmodelica.org_macports_lang_openmodelica-devel/openmodelica-devel/work/openmodelica_23929/3rdParty/CMinpack/build'
:info:build yes
:info:build checking for /opt/local/bin/clang-mp-3.3 option to accept ANSI C... checking whether the C compiler works... Scanning dependencies of target cminpack
:info:build make[4]: Leaving directory `/opt/local/var/macports/build/_opt_local_var_macports_sources_build.openmodelica.org_macports_lang_openmodelica-devel/openmodelica-devel/work/openmodelica_23929/3rdParty/CMinpack/build'
:info:build -- Looking for include file stdarg.h - found
:info:build -- Looking for include file stdlib.h
:info:build make[4]: Entering directory `/opt/local/var/macports/build/_opt_local_var_macports_sources_build.openmodelica.org_macports_lang_openmodelica-devel/openmodelica-devel/work/openmodelica_23929/3rdParty/CMinpack/build'
:info:build yes
:info:build checking for C compiler default output file name... a.out
:info:build checking for suffix of executables... [  2%] Building C object CMakeFiles/cminpack.dir/chkder.c.o
:info:build none needed
:info:build 3 warnings generated.
:info:build 
:info:build if test -f 3rdParty/graphstream/Makefile; then /Applications/Xcode.app/Contents/Developer/usr/bin/make CC="/opt/local/bin/clang-mp-3.3" CXX="/opt/local/bin/clang++-mp-3.3" CFLAGS="-pipe -Os -arch x86_64 -fno-stack-protector" -C 3rdParty/graphstream/; fi
:info:build make[2]: Entering directory `/opt/local/var/macports/build/_opt_local_var_macports_sources_build.openmodelica.org_macports_lang_openmodelica-devel/openmodelica-devel/work/openmodelica_23929/3rdParty/graphstream'
:info:build /Applications/Xcode.app/Contents/Developer/usr/bin/make CC="/opt/local/bin/clang-mp-3.3" CXX="/opt/local/bin/clang++-mp-3.3" CFLAGS="-pipe -Os -arch x86_64 -fno-stack-protector" -C gs-netstream/c++ all
:info:build checking whether we are cross compiling... make[3]: Entering directory `/opt/local/var/macports/build/_opt_local_var_macports_sources_build.openmodelica.org_macports_lang_openmodelica-devel/openmodelica-devel/work/openmodelica_23929/3rdParty/graphstream/gs-netstream/c++'
:info:build mkdir -p obj
:info:build configure: Overruling autoconf; cl does not recognise -g.
:info:build /opt/local/bin/clang++-mp-3.3 -pipe -Os -arch x86_64 -fno-stack-protector -c src/netstream-storage.cpp -o obj/netstream-storage.o
:info:build no
:info:build checking for suffix of object files... [  4%] Building C object CMakeFiles/cminpack.dir/enorm.c.o
:info:build o
:info:build checking whether we are using the GNU C compiler... [  6%] Building C object CMakeFiles/cminpack.dir/hybrd1.c.o
:info:build yes
:info:build checking whether /opt/local/bin/clang-mp-3.3 accepts -g... configure: C compiler options are: -O3 -pipe -DNDEBUG -Wimplicit -Wparentheses -Wsequence-point -Wreturn-type -Wcast-qual -Wall -Wno-unknown-pragmas -Wno-long-long  
:info:build [  8%] Building C object CMakeFiles/cminpack.dir/hybrj.c.o
:info:build yes
:info:build checking for /opt/local/bin/clang-mp-3.3 option to accept ISO C89... checking whether we are using the GNU C++ compiler... none needed
:info:build checking for style of include used by make... GNU
:info:build checking dependency style of /opt/local/bin/clang-mp-3.3... none
:info:build yes
:info:build checking whether /opt/local/bin/clang++-mp-3.3 accepts -g... [ 10%] Building C object CMakeFiles/cminpack.dir/lmdif1.c.o
:info:build -- Looking for include file stdlib.h - found
:info:build -- Looking for include file stddef.h
:info:build [ 12%] In file included from mosh.cpp:55:
:info:build In file included from ./omc_communication.h:6:
:info:build In file included from /opt/local/include/omniORB4/CORBA.h:165:
:info:build /opt/local/include/omniORB4/pollable_defs.hh:178:16: warning: 'CORBA::DIIPollable::_PR_copy_state' hides overloaded virtual function [-Woverloaded-virtual]
:info:build   virtual void _PR_copy_state(DIIPollable*);
:info:build                ^
:info:build /opt/local/include/omniORB4/pollable_defs.hh:96:16: note: hidden overloaded virtual function 'CORBA::Pollable::_PR_copy_state' declared here: type mismatch at 1st parameter ('CORBA::Pollable *' vs 'CORBA::DIIPollable *')
:info:build   virtual void _PR_copy_state(Pollable*);
:info:build                ^
:info:build yes
:info:build Building C object CMakeFiles/cminpack.dir/lmstr1.c.o
:info:build [ 14%] Building C object CMakeFiles/cminpack.dir/qrfac.c.o
:info:build checking for C compiler vendor... gnu
:info:build checking how to get verbose linking output from C... [ 16%] -- Looking for include file stddef.h - found
:info:build -- Looking for include file stdint.h
:info:build Building C object CMakeFiles/cminpack.dir/r1updt.c.o
:info:build In file included from mosh.cpp:55:
:info:build In file included from ./omc_communication.h:6:
:info:build In file included from /opt/local/include/omniORB4/CORBA.h:285:
:info:build /opt/local/include/omniORB4/messaging.hh:252:18: warning: 'Messaging::Poller::_PR_copy_state' hides overloaded virtual function [-Woverloaded-virtual]
:info:build     virtual void _PR_copy_state(Poller*);
:info:build                  ^
:info:build /opt/local/include/omniORB4/pollable_defs.hh:96:16: note: hidden overloaded virtual function 'CORBA::Pollable::_PR_copy_state' declared here: type mismatch at 1st parameter ('CORBA::Pollable *' vs 'Messaging::Poller *')
:info:build   virtual void _PR_copy_state(Pollable*);
:info:build                ^
:info:build [ 18%] Building C object CMakeFiles/cminpack.dir/dogleg.c.o
:info:build [ 20%] Building C object CMakeFiles/cminpack.dir/fdjac1.c.o
:info:build -- Looking for include file stdint.h - found
:info:build -- Looking for include file inttypes.h
:info:build [ 22%] Building C object CMakeFiles/cminpack.dir/hybrd.c.o
:info:build configure: WARNING: cannot determine how to obtain linking information from C
:info:build 
:info:build checking for C libraries... 2 warnings generated.
:info:build /opt/local/bin/clang++-mp-3.3 -o OMShell-terminal mosh.o options.o omc_communication.o  -L/opt/local/lib -Wl,-headerpad_max_install_names -arch x86_64 -lreadline  -lncurses -lomniORB4 -lomnithread -lpthread -lm -lpthread
:info:build cp OMShell-terminal ../../build/bin/
:info:build make[1]: Leaving directory `/opt/local/var/macports/build/_opt_local_var_macports_sources_build.openmodelica.org_macports_lang_openmodelica-devel/openmodelica-devel/work/openmodelica_23929/mosh/src'
:info:build mkdir -p obj
:info:build [ 24%] /opt/local/bin/clang++-mp-3.3 -pipe -Os -arch x86_64 -fno-stack-protector -c src/netstream-socket.cpp -o obj/netstream-socket.o
:info:build 
:info:build Building C object CMakeFiles/cminpack.dir/lmder1.c.o
:info:build -- Looking for include file inttypes.h - found
:info:build -- Looking for include file locale.h
:info:build checking whether C++ compiler /opt/local/bin/clang++-mp-3.3 works... [ 26%] Building C object CMakeFiles/cminpack.dir/lmdif.c.o
:info:build yes
:info:build configure: Overruling autoconf; cl does not recognise -g.
:info:build [ 28%] Building C object CMakeFiles/cminpack.dir/lmstr.c.o
:info:build -- Looking for include file locale.h - found
:info:build -- Looking for vsnprintf
:info:build configure: C++ compiler options are: -O3 -pipe -DNDEBUG -Wparentheses -Wreturn-type -Wcast-qual -Wall -Wpointer-arith -Wwrite-strings -Wconversion -Wno-unknown-pragmas -Wno-long-long  
:info:build configure: Trying to determine Fortran compiler name
:info:build checking for Fortran compiler vendor... 
:info:build checking for x87 FPU... yes
:info:build checking how to run the C preprocessor... checking whether we are using the GNU Fortran 77 compiler... yes
:info:build checking whether /opt/local/bin/gfortran-mp-4.8 accepts -g... [ 30%] Building C object CMakeFiles/cminpack.dir/qrsolv.c.o
:info:build /opt/local/bin/clang-mp-3.3 -E
:info:build -- Looking for vsnprintf - found
:info:build -- Looking for snprintf
:info:build yes
:info:build [ 32%] checking for grep that handles long lines and -e... Building C object CMakeFiles/cminpack.dir/rwupdt.c.o
:info:build [ 34%] Building C object CMakeFiles/cminpack.dir/dpmpar.c.o
:info:build [ 36%] Building C object CMakeFiles/cminpack.dir/fdjac2.c.o
:info:build mkdir -p obj
:info:build /opt/local/bin/clang++-mp-3.3 -pipe -Os -arch x86_64 -fno-stack-protector -c src/netstream-sender.cpp -o obj/netstream-sender.o
:info:build configure: Fortran compiler options are: -O3 -pipe  
:info:build -- Looking for snprintf - found
:info:build -- Looking for vasprintf
:info:build [ 38%] Building C object CMakeFiles/cminpack.dir/hybrj1.c.o
:info:build checking for egrep... grep -E
:info:build checking whether ln -s works... yes
:info:build checking for a BSD-compatible install... /usr/bin/install -c
:info:build checking whether build environment is sane... [ 40%] Building C object CMakeFiles/cminpack.dir/lmder.c.o
:info:build /usr/bin/grep
:info:build checking for egrep... /usr/bin/grep -E
:info:build checking for ANSI C header files... -- Looking for vasprintf - found
:info:build -- Looking for asprintf
:info:build [ 42%] Building C object CMakeFiles/cminpack.dir/lmpar.c.o
:info:build [ 44%] Building C object CMakeFiles/cminpack.dir/qform.c.o
:info:build -- Looking for asprintf - found
:info:build -- Looking for localeconv
:info:build yes
:info:build checking for sys/types.h... [ 46%] Building C object CMakeFiles/cminpack.dir/r1mpyq.c.o
:info:build [ 48%] yes
:info:build Building C object CMakeFiles/cminpack.dir/covar.c.o
:info:build mkdir -p obj
:info:build /opt/local/bin/clang++-mp-3.3 -pipe -Os -arch x86_64 -fno-stack-protector -c src/netstream-main.cpp -o obj/netstream-main.o
:info:build checking for sys/stat.h... -- Looking for localeconv - found
:info:build [ 51%] Building C object CMakeFiles/cminpack.dir/covar1.c.o
:info:build yes
:info:build checking for stdlib.h... -- Looking for sys/types.h
:info:build [ 53%] Building C object CMakeFiles/cminpack.dir/chkder_.c.o
:info:build yes
:info:build checking for string.h... [ 55%] Building C object CMakeFiles/cminpack.dir/enorm_.c.o
:info:build yes
:info:build checking for memory.h... [ 57%] Building C object CMakeFiles/cminpack.dir/hybrd1_.c.o
:info:build -- Looking for sys/types.h - found
:info:build -- Check size of long double
:info:build [ 59%] Building C object CMakeFiles/cminpack.dir/hybrj_.c.o
:info:build yes
:info:build checking for strings.h... [ 61%] Building C object CMakeFiles/cminpack.dir/lmdif1_.c.o
:info:build yes
:info:build [ 63%] Building C object CMakeFiles/cminpack.dir/lmstr1_.c.o
:info:build checking for inttypes.h... [ 65%] Building C object CMakeFiles/cminpack.dir/qrfac_.c.o
:info:build -- Check size of long double - done
:info:build -- Check size of long long int
:info:build yes
:info:build [ 67%] Building C object CMakeFiles/cminpack.dir/r1updt_.c.o
:info:build checking for gawk... no
:info:build checking for mawk... no
:info:build checking for nawk... no
:info:build checking for awk... awk
:info:build checking whether make sets $(MAKE)... [ 69%] yes
:info:build yes
:info:build Building C object CMakeFiles/cminpack.dir/dogleg_.c.o
:info:build checking for style of include used by make... checking for stdint.h... GNU
:info:build [ 71%] Building C object CMakeFiles/cminpack.dir/fdjac1_.c.o
:info:build checking dependency style of /opt/local/bin/clang-mp-3.3... [ 73%] Building C object CMakeFiles/cminpack.dir/hybrd_.c.o
:info:build yes
:info:build [ 75%] checking for unistd.h... Building C object CMakeFiles/cminpack.dir/lmder1_.c.o
:info:build -- Check size of long long int - done
:info:build -- Check size of unsigned long long int
:info:build gcc3
:info:build checking dependency style of /opt/local/bin/clang++-mp-3.3... [ 77%] Building C object CMakeFiles/cminpack.dir/lmdif_.c.o
:info:build [ 79%] yes
:info:build Building C object CMakeFiles/cminpack.dir/lmstr_.c.o
:info:build checking size of int... gcc3
:info:build checking whether to enable maintainer-specific portions of Makefiles... no
:info:build checking host system type... [ 81%] Building C object CMakeFiles/cminpack.dir/qrsolv_.c.o
:info:build i386-apple-darwin13.4.0
:info:build checking for a sed that does not truncate output... -- Check size of unsigned long long int - done
:info:build -- Check size of struct lconv
:info:build 4
:info:build checking size of long... [ 83%] Building C object CMakeFiles/cminpack.dir/rwupdt_.c.o
:info:build [ 85%] Building C object CMakeFiles/cminpack.dir/dpmpar_.c.o
:info:build [ 87%] Building C object CMakeFiles/cminpack.dir/fdjac2_.c.o
:info:build [ 89%] Building C object CMakeFiles/cminpack.dir/hybrj1_.c.o
:info:build [ 91%] 8
:info:build Building C object CMakeFiles/cminpack.dir/lmder_.c.o
:info:build checking size of long long... [ 93%] Building C object CMakeFiles/cminpack.dir/lmpar_.c.o
:info:build -- Check size of struct lconv - done
:info:build -- Performing Test HAVE_LCONV_DECIMAL_POINT
:info:build [ 95%] 8
:info:build [ 97%] Building C object CMakeFiles/cminpack.dir/qform_.c.o
:info:build checking size of float... Building C object CMakeFiles/cminpack.dir/r1mpyq_.c.o
:info:build /usr/bin/sed
:info:build checking for ld used by /opt/local/bin/clang-mp-3.3... /opt/local/libexec/llvm-3.3/bin/ld
:info:build checking if the linker (/opt/local/libexec/llvm-3.3/bin/ld) is GNU ld... no
:info:build checking for /opt/local/libexec/llvm-3.3/bin/ld option to reload object files... -r
:info:build checking for BSD-compatible nm... [100%] Building C object CMakeFiles/cminpack.dir/covar_.c.o
:info:build /opt/local/bin/nm
:info:build checking how to recognise dependent libraries... pass_all
:info:build checking how to run the C preprocessor... -- Performing Test HAVE_LCONV_DECIMAL_POINT - Success
:info:build -- Performing Test HAVE_LCONV_THOUSANDS_SEP
:info:build 4
:info:build checking size of double... Linking C shared library libcminpack.dylib
:info:build /opt/local/bin/clang-mp-3.3 -E
:info:build make[4]: Leaving directory `/opt/local/var/macports/build/_opt_local_var_macports_sources_build.openmodelica.org_macports_lang_openmodelica-devel/openmodelica-devel/work/openmodelica_23929/3rdParty/CMinpack/build'
:info:build [100%] Built target cminpack
:info:build make[3]: Leaving directory `/opt/local/var/macports/build/_opt_local_var_macports_sources_build.openmodelica.org_macports_lang_openmodelica-devel/openmodelica-devel/work/openmodelica_23929/3rdParty/CMinpack/build'
:info:build make[2]: Leaving directory `/opt/local/var/macports/build/_opt_local_var_macports_sources_build.openmodelica.org_macports_lang_openmodelica-devel/openmodelica-devel/work/openmodelica_23929/3rdParty/CMinpack/build'
:info:build test -d 3rdParty/CMinpack/install || /Applications/Xcode.app/Contents/Developer/usr/bin/make -C 3rdParty/CMinpack/build install
:info:build 8
:info:build checking size of long double... make[2]: Entering directory `/opt/local/var/macports/build/_opt_local_var_macports_sources_build.openmodelica.org_macports_lang_openmodelica-devel/openmodelica-devel/work/openmodelica_23929/3rdParty/CMinpack/build'
:info:build -- Performing Test HAVE_LCONV_THOUSANDS_SEP - Success
:info:build -- Check size of intmax_t
:info:build make[3]: Entering directory `/opt/local/var/macports/build/_opt_local_var_macports_sources_build.openmodelica.org_macports_lang_openmodelica-devel/openmodelica-devel/work/openmodelica_23929/3rdParty/CMinpack/build'
:info:build checking for ANSI C header files... make[4]: Entering directory `/opt/local/var/macports/build/_opt_local_var_macports_sources_build.openmodelica.org_macports_lang_openmodelica-devel/openmodelica-devel/work/openmodelica_23929/3rdParty/CMinpack/build'
:info:build make[4]: Leaving directory `/opt/local/var/macports/build/_opt_local_var_macports_sources_build.openmodelica.org_macports_lang_openmodelica-devel/openmodelica-devel/work/openmodelica_23929/3rdParty/CMinpack/build'
:info:build [100%] Built target cminpack
:info:build make[3]: Leaving directory `/opt/local/var/macports/build/_opt_local_var_macports_sources_build.openmodelica.org_macports_lang_openmodelica-devel/openmodelica-devel/work/openmodelica_23929/3rdParty/CMinpack/build'
:info:build 16
:info:build checking size of size_t... Install the project...
:info:build -- Install configuration: ""
:info:build -- Installing: /opt/local/var/macports/build/_opt_local_var_macports_sources_build.openmodelica.org_macports_lang_openmodelica-devel/openmodelica-devel/work/openmodelica_23929/3rdParty/CMinpack/build/../install/lib/libcminpack.1.3.2.dylib
:info:build -- Installing: /opt/local/var/macports/build/_opt_local_var_macports_sources_build.openmodelica.org_macports_lang_openmodelica-devel/openmodelica-devel/work/openmodelica_23929/3rdParty/CMinpack/build/../install/lib/libcminpack.1.dylib
:info:build -- Installing: /opt/local/var/macports/build/_opt_local_var_macports_sources_build.openmodelica.org_macports_lang_openmodelica-devel/openmodelica-devel/work/openmodelica_23929/3rdParty/CMinpack/build/../install/lib/libcminpack.dylib
:info:build -- Installing: /opt/local/var/macports/build/_opt_local_var_macports_sources_build.openmodelica.org_macports_lang_openmodelica-devel/openmodelica-devel/work/openmodelica_23929/3rdParty/CMinpack/build/../install/include/cminpack-1/cminpack.h
:info:build -- Installing: /opt/local/var/macports/build/_opt_local_var_macports_sources_build.openmodelica.org_macports_lang_openmodelica-devel/openmodelica-devel/work/openmodelica_23929/3rdParty/CMinpack/build/../install/include/cminpack-1/minpack.h
:info:build -- Installing: /opt/local/var/macports/build/_opt_local_var_macports_sources_build.openmodelica.org_macports_lang_openmodelica-devel/openmodelica-devel/work/openmodelica_23929/3rdParty/CMinpack/build/../install/lib/pkgconfig/cminpack.pc
:info:build make[2]: Leaving directory `/opt/local/var/macports/build/_opt_local_var_macports_sources_build.openmodelica.org_macports_lang_openmodelica-devel/openmodelica-devel/work/openmodelica_23929/3rdParty/CMinpack/build'
:info:build /opt/local/bin/clang++-mp-3.3 -pipe -Os -arch x86_64 -fno-stack-protector -Iinclude obj/netstream-storage.o obj/netstream-socket.o obj/netstream-sender.o obj/netstream-main.o  -o netstream-main 
:info:build test ! `uname` = Darwin || install_name_tool -id @rpath/libcminpack.dylib 3rdParty/CMinpack/install/lib/libcminpack.dylib
:info:build libtool -static -o libnetstream.a  obj/netstream-storage.o obj/netstream-socket.o obj/netstream-sender.o obj/netstream-main.o  
:info:build # copy dll/so to lib/omc/ folders
:info:build (cp -af 3rdParty/CMinpack/install/lib*/libcminpack.dylib* ./build/lib/omc)
:info:build # Darwin has to be special always
:info:build (test ! `uname` = Darwin || cp -af 3rdParty/CMinpack/install/lib*/*.dylib ./build/lib/omc)
:info:build make[3]: Leaving directory `/opt/local/var/macports/build/_opt_local_var_macports_sources_build.openmodelica.org_macports_lang_openmodelica-devel/openmodelica-devel/work/openmodelica_23929/3rdParty/graphstream/gs-netstream/c++'
:info:build make[2]: Leaving directory `/opt/local/var/macports/build/_opt_local_var_macports_sources_build.openmodelica.org_macports_lang_openmodelica-devel/openmodelica-devel/work/openmodelica_23929/3rdParty/graphstream'
:info:build -- Check size of intmax_t - done
:info:build -- Check size of uintmax_t
:info:build 8
:info:build checking size of void *... yes
:info:build checking for sys/types.h... 8
:info:build checking for a sed that does not truncate output... -- Check size of uintmax_t - done
:info:build -- Check size of uintptr_t
:info:build yes
:info:build checking for sys/stat.h... yes
:info:build checking for stdlib.h... -- Check size of uintptr_t - done
:info:build /usr/bin/sed
:info:build -- Check size of ptrdiff_t
:info:build checking for fgrep... /usr/bin/grep -F
:info:build checking for ld used by /opt/local/bin/clang-mp-3.3... /opt/local/libexec/llvm-3.3/bin/ld
:info:build checking if the linker (/opt/local/libexec/llvm-3.3/bin/ld) is GNU ld... no
:info:build checking for BSD- or MS-compatible name lister (nm)... /opt/local/bin/nm
:info:build checking the name lister (/opt/local/bin/nm) interface... yes
:info:build checking for string.h... BSD nm
:info:build checking whether ln -s works... yes
:info:build checking the maximum length of command line arguments... 196608
:info:build checking whether the shell understands some XSI constructs... yes
:info:build checking whether the shell understands "+="... yes
:info:build checking for /opt/local/libexec/llvm-3.3/bin/ld option to reload object files... -r
:info:build checking for x86_64-apple-darwin13.4.0-objdump... no
:info:build checking for objdump... no
:info:build checking how to recognize dependent libraries... pass_all
:info:build checking for x86_64-apple-darwin13.4.0-ar... no
:info:build checking for ar... ar
:info:build checking for x86_64-apple-darwin13.4.0-strip... strip
:info:build checking for x86_64-apple-darwin13.4.0-ranlib... no
:info:build checking for ranlib... ranlib
:info:build checking command to parse /opt/local/bin/nm output from /opt/local/bin/clang-mp-3.3 object... -- Check size of ptrdiff_t - done
:info:build -- Looking for va_copy
:info:build yes
:info:build checking for memory.h... autoreconf: configure.ac: tracing
:info:build yes
:info:build ok
:info:build checking for x86_64-apple-darwin13.4.0-dsymutil... no
:info:build checking for dsymutil... dsymutil
:info:build checking for x86_64-apple-darwin13.4.0-nmedit... no
:info:build checking for nmedit... nmedit
:info:build checking for x86_64-apple-darwin13.4.0-lipo... no
:info:build checking for lipo... lipo
:info:build checking for x86_64-apple-darwin13.4.0-otool... no
:info:build checking for otool... otool
:info:build checking for x86_64-apple-darwin13.4.0-otool64... no
:info:build checking for otool64... no
:info:build checking for -single_module linker flag... checking for strings.h... -- Looking for va_copy - found
:info:build -- Looking for __va_copy
:info:build yes
:info:build checking for -exported_symbols_list linker flag... yes
:info:build yes
:info:build checking for dlfcn.h... checking for inttypes.h... -- Looking for __va_copy - found
:info:build CMake Warning (dev) at CMakeLists.txt:183 (include):
:info:build   Syntax Warning in cmake code at
:info:build 
:info:build     /opt/local/var/macports/build/_opt_local_var_macports_sources_build.openmodelica.org_macports_lang_openmodelica-devel/openmodelica-devel/work/openmodelica_23929/3rdParty/FMIL/Config.cmake/fmixml.cmake:115:67
:info:build 
:info:build   Argument not separated from preceding token by whitespace.
:info:build This warning is for project developers.  Use -Wno-dev to suppress it.
:info:build 
:info:build yes
:info:build checking for x86_64-apple-darwin13.4.0-g77... no
:info:build checking for x86_64-apple-darwin13.4.0-xlf... no
:info:build checking for x86_64-apple-darwin13.4.0-f77... no
:info:build checking for x86_64-apple-darwin13.4.0-frt... no
:info:build checking for x86_64-apple-darwin13.4.0-pgf77... no
:info:build checking for x86_64-apple-darwin13.4.0-cf77... no
:info:build checking for x86_64-apple-darwin13.4.0-fort77... no
:info:build checking for x86_64-apple-darwin13.4.0-fl32... no
:info:build checking for x86_64-apple-darwin13.4.0-af77... no
:info:build checking for x86_64-apple-darwin13.4.0-xlf90... no
:info:build checking for x86_64-apple-darwin13.4.0-f90... no
:info:build checking for x86_64-apple-darwin13.4.0-pgf90... no
:info:build checking for x86_64-apple-darwin13.4.0-pghpf... no
:info:build checking for x86_64-apple-darwin13.4.0-epcf90... no
:info:build checking for x86_64-apple-darwin13.4.0-gfortran... no
:info:build checking for x86_64-apple-darwin13.4.0-g95... no
:info:build checking for x86_64-apple-darwin13.4.0-xlf95... no
:info:build checking for x86_64-apple-darwin13.4.0-f95... no
:info:build checking for x86_64-apple-darwin13.4.0-fort... no
:info:build checking for x86_64-apple-darwin13.4.0-ifort... no
:info:build checking for x86_64-apple-darwin13.4.0-ifc... no
:info:build checking for x86_64-apple-darwin13.4.0-efc... no
:info:build checking for x86_64-apple-darwin13.4.0-pgfortran... no
:info:build checking for x86_64-apple-darwin13.4.0-pgf95... no
:info:build checking for x86_64-apple-darwin13.4.0-lf95... no
:info:build checking for x86_64-apple-darwin13.4.0-ftn... no
:info:build checking for x86_64-apple-darwin13.4.0-nagfor... no
:info:build checking for g77... no
:info:build checking for xlf... no
:info:build checking for f77... no
:info:build checking for frt... no
:info:build checking for pgf77... no
:info:build checking for cf77... no
:info:build checking for fort77... no
:info:build checking for fl32... no
:info:build checking for af77... yes
:info:build no
:info:build checking for xlf90... no
:info:build checking for f90... no
:info:build checking for pgf90... no
:info:build checking for pghpf... no
:info:build checking for epcf90... no
:info:build checking for gfortran... no
:info:build checking for g95... no
:info:build checking for xlf95... no
:info:build checking for f95... no
:info:build checking for fort... no
:info:build checking for ifort... no
:info:build checking for ifc... no
:info:build checking for efc... no
:info:build checking for pgfortran... no
:info:build checking for pgf95... no
:info:build checking for lf95... no
:info:build checking for ftn... no
:info:build checking for nagfor... no
:info:build checking for stdint.h... checking whether we are using the GNU Fortran 77 compiler... no
:info:build checking whether  accepts -g... no
:info:build checking for x86_64-apple-darwin13.4.0-gfortran... no
:info:build checking for x86_64-apple-darwin13.4.0-g95... no
:info:build checking for x86_64-apple-darwin13.4.0-xlf95... no
:info:build checking for x86_64-apple-darwin13.4.0-f95... no
:info:build checking for x86_64-apple-darwin13.4.0-fort... no
:info:build checking for x86_64-apple-darwin13.4.0-ifort... no
:info:build checking for x86_64-apple-darwin13.4.0-ifc... no
:info:build checking for x86_64-apple-darwin13.4.0-efc... no
:info:build checking for x86_64-apple-darwin13.4.0-pgfortran... no
:info:build checking for x86_64-apple-darwin13.4.0-pgf95... no
:info:build checking for x86_64-apple-darwin13.4.0-lf95... no
:info:build checking for x86_64-apple-darwin13.4.0-ftn... no
:info:build checking for x86_64-apple-darwin13.4.0-nagfor... no
:info:build checking for x86_64-apple-darwin13.4.0-xlf90... no
:info:build checking for x86_64-apple-darwin13.4.0-f90... no
:info:build checking for x86_64-apple-darwin13.4.0-pgf90... no
:info:build checking for x86_64-apple-darwin13.4.0-pghpf... no
:info:build checking for x86_64-apple-darwin13.4.0-epcf90... no
:info:build checking for x86_64-apple-darwin13.4.0-g77... no
:info:build checking for x86_64-apple-darwin13.4.0-xlf... no
:info:build checking for x86_64-apple-darwin13.4.0-f77... no
:info:build checking for x86_64-apple-darwin13.4.0-frt... no
:info:build checking for x86_64-apple-darwin13.4.0-pgf77... no
:info:build checking for x86_64-apple-darwin13.4.0-cf77... no
:info:build checking for x86_64-apple-darwin13.4.0-fort77... no
:info:build checking for x86_64-apple-darwin13.4.0-fl32... no
:info:build checking for x86_64-apple-darwin13.4.0-af77... no
:info:build checking for gfortran... no
:info:build checking for g95... no
:info:build checking for xlf95... no
:info:build checking for f95... yes
:info:build no
:info:build checking for fort... no
:info:build checking for ifort... no
:info:build checking for ifc... no
:info:build checking for efc... no
:info:build checking for pgfortran... no
:info:build checking for pgf95... no
:info:build checking for lf95... no
:info:build checking for ftn... no
:info:build checking for nagfor... no
:info:build checking for xlf90... no
:info:build checking for f90... no
:info:build checking for pgf90... no
:info:build checking for pghpf... no
:info:build checking for epcf90... no
:info:build checking for g77... no
:info:build checking for xlf... no
:info:build checking for f77... no
:info:build checking for frt... no
:info:build checking for pgf77... no
:info:build checking for cf77... no
:info:build checking for fort77... no
:info:build checking for fl32... no
:info:build checking for af77... no
:info:build -- Check size of off64_t
:info:build checking for unistd.h... checking whether we are using the GNU Fortran compiler... no
:info:build checking whether  accepts -g... no
:info:build checking for objdir... .libs
:info:build yes
:info:build checking dlfcn.h usability... -- Check size of off64_t - failed
:info:build -- Looking for fseeko
:info:build checking if /opt/local/bin/clang-mp-3.3 supports -fno-rtti -fno-exceptions... yes
:info:build checking dlfcn.h presence... yes
:info:build checking for /opt/local/bin/clang-mp-3.3 option to produce PIC... -fno-common -DPIC
:info:build checking if /opt/local/bin/clang-mp-3.3 PIC flag -fno-common -DPIC works... yes
:info:build checking for dlfcn.h... yes
:info:build -- Looking for fseeko - found
:info:build -- Looking for unistd.h
:info:build yes
:info:build checking if /opt/local/bin/clang-mp-3.3 static flag -static works... checking how to run the C++ preprocessor... no
:info:build checking if /opt/local/bin/clang-mp-3.3 supports -c -o file.o... autoreconf: configure.ac: adding subdirectory libatomic_ops to autoreconf
:info:build autoreconf: Entering directory `libatomic_ops'
:info:build /opt/local/bin/clang++-mp-3.3 -E
:info:build yes
:info:build checking if /opt/local/bin/clang-mp-3.3 supports -c -o file.o... (cached) yes
:info:build checking whether the /opt/local/bin/clang-mp-3.3 linker (/opt/local/libexec/llvm-3.3/bin/ld) supports shared libraries... yes
:info:build checking dynamic linker characteristics... darwin13.4.0 dyld
:info:build checking how to hardcode library paths into programs... immediate
:info:build checking whether stripping libraries is possible... yes
:info:build checking if libtool supports shared libraries... yes
:info:build checking whether to build shared libraries... yes
:info:build checking whether to build static libraries... no
:info:build checking for ANSI C header files... (cached) yes
:info:build checking malloc.h usability... -- Looking for unistd.h - found
:info:build checking the maximum length of command line arguments... 196608
:info:build checking command to parse /opt/local/bin/nm output from /opt/local/bin/clang-mp-3.3 object... CMake Warning (dev) at Config.cmake/fmiimport.cmake:17 (include):
:info:build   Syntax Warning in cmake code at
:info:build 
:info:build     /opt/local/var/macports/build/_opt_local_var_macports_sources_build.openmodelica.org_macports_lang_openmodelica-devel/openmodelica-devel/work/openmodelica_23929/3rdParty/FMIL/Config.cmake/fmixml.cmake:115:67
:info:build 
:info:build   Argument not separated from preceding token by whitespace.
:info:build Call Stack (most recent call first):
:info:build   CMakeLists.txt:186 (include)
:info:build This warning is for project developers.  Use -Wno-dev to suppress it.
:info:build 
:info:build CMake Warning (dev) at Config.cmake/mergestaticlibs.cmake:43 (get_target_property):
:info:build   Policy CMP0026 is not set: Disallow use of the LOCATION target property.
:info:build   Run "cmake --help-policy CMP0026" for policy details.  Use the cmake_policy
:info:build   command to set the policy and suppress this warning.
:info:build 
:info:build   The LOCATION property should not be read from target "fmiimport".  Use the
:info:build   target name directly with add_custom_command, or use the generator
:info:build   expression $<TARGET_FILE>, as appropriate.
:info:build 
:info:build Call Stack (most recent call first):
:info:build   CMakeLists.txt:276 (merge_static_libs)
:info:build This warning is for project developers.  Use -Wno-dev to suppress it.
:info:build 
:info:build CMake Warning (dev) at Config.cmake/mergestaticlibs.cmake:43 (get_target_property):
:info:build   Policy CMP0026 is not set: Disallow use of the LOCATION target property.
:info:build   Run "cmake --help-policy CMP0026" for policy details.  Use the cmake_policy
:info:build   command to set the policy and suppress this warning.
:info:build 
:info:build   The LOCATION property should not be read from target "jmutils".  Use the
:info:build   target name directly with add_custom_command, or use the generator
:info:build   expression $<TARGET_FILE>, as appropriate.
:info:build 
:info:build Call Stack (most recent call first):
:info:build   CMakeLists.txt:276 (merge_static_libs)
:info:build This warning is for project developers.  Use -Wno-dev to suppress it.
:info:build 
:info:build CMake Warning (dev) at Config.cmake/mergestaticlibs.cmake:43 (get_target_property):
:info:build   Policy CMP0026 is not set: Disallow use of the LOCATION target property.
:info:build   Run "cmake --help-policy CMP0026" for policy details.  Use the cmake_policy
:info:build   command to set the policy and suppress this warning.
:info:build 
:info:build   The LOCATION property should not be read from target "fmixml".  Use the
:info:build   target name directly with add_custom_command, or use the generator
:info:build   expression $<TARGET_FILE>, as appropriate.
:info:build 
:info:build Call Stack (most recent call first):
:info:build   CMakeLists.txt:276 (merge_static_libs)
:info:build This warning is for project developers.  Use -Wno-dev to suppress it.
:info:build 
:info:build CMake Warning (dev) at Config.cmake/mergestaticlibs.cmake:43 (get_target_property):
:info:build   Policy CMP0026 is not set: Disallow use of the LOCATION target property.
:info:build   Run "cmake --help-policy CMP0026" for policy details.  Use the cmake_policy
:info:build   command to set the policy and suppress this warning.
:info:build 
:info:build   The LOCATION property should not be read from target "fmizip".  Use the
:info:build   target name directly with add_custom_command, or use the generator
:info:build   expression $<TARGET_FILE>, as appropriate.
:info:build 
:info:build Call Stack (most recent call first):
:info:build   CMakeLists.txt:276 (merge_static_libs)
:info:build This warning is for project developers.  Use -Wno-dev to suppress it.
:info:build 
:info:build CMake Warning (dev) at Config.cmake/mergestaticlibs.cmake:43 (get_target_property):
:info:build   Policy CMP0026 is not set: Disallow use of the LOCATION target property.
:info:build   Run "cmake --help-policy CMP0026" for policy details.  Use the cmake_policy
:info:build   command to set the policy and suppress this warning.
:info:build 
:info:build   The LOCATION property should not be read from target "fmicapi".  Use the
:info:build   target name directly with add_custom_command, or use the generator
:info:build   expression $<TARGET_FILE>, as appropriate.
:info:build 
:info:build Call Stack (most recent call first):
:info:build   CMakeLists.txt:276 (merge_static_libs)
:info:build This warning is for project developers.  Use -Wno-dev to suppress it.
:info:build 
:info:build CMake Warning (dev) at Config.cmake/mergestaticlibs.cmake:43 (get_target_property):
:info:build   Policy CMP0026 is not set: Disallow use of the LOCATION target property.
:info:build   Run "cmake --help-policy CMP0026" for policy details.  Use the cmake_policy
:info:build   command to set the policy and suppress this warning.
:info:build 
:info:build   The LOCATION property should not be read from target "minizip".  Use the
:info:build   target name directly with add_custom_command, or use the generator
:info:build   expression $<TARGET_FILE>, as appropriate.
:info:build 
:info:build Call Stack (most recent call first):
:info:build   CMakeLists.txt:276 (merge_static_libs)
:info:build This warning is for project developers.  Use -Wno-dev to suppress it.
:info:build 
:info:build CMake Warning (dev) at Config.cmake/mergestaticlibs.cmake:43 (get_target_property):
:info:build   Policy CMP0026 is not set: Disallow use of the LOCATION target property.
:info:build   Run "cmake --help-policy CMP0026" for policy details.  Use the cmake_policy
:info:build   command to set the policy and suppress this warning.
:info:build 
:info:build   The LOCATION property should not be read from target "zlib".  Use the
:info:build   target name directly with add_custom_command, or use the generator
:info:build   expression $<TARGET_FILE>, as appropriate.
:info:build 
:info:build Call Stack (most recent call first):
:info:build   CMakeLists.txt:276 (merge_static_libs)
:info:build This warning is for project developers.  Use -Wno-dev to suppress it.
:info:build 
:info:build CMake Warning (dev) at Config.cmake/mergestaticlibs.cmake:43 (get_target_property):
:info:build   Policy CMP0026 is not set: Disallow use of the LOCATION target property.
:info:build   Run "cmake --help-policy CMP0026" for policy details.  Use the cmake_policy
:info:build   command to set the policy and suppress this warning.
:info:build 
:info:build   The LOCATION property should not be read from target "c99snprintf".  Use
:info:build   the target name directly with add_custom_command, or use the generator
:info:build   expression $<TARGET_FILE>, as appropriate.
:info:build 
:info:build Call Stack (most recent call first):
:info:build   CMakeLists.txt:276 (merge_static_libs)
:info:build This warning is for project developers.  Use -Wno-dev to suppress it.
:info:build 
:info:build -- will be merging /opt/local/var/macports/build/_opt_local_var_macports_sources_build.openmodelica.org_macports_lang_openmodelica-devel/openmodelica-devel/work/openmodelica_23929/3rdParty/FMIL/build//libfmiimport.a;/opt/local/var/macports/build/_opt_local_var_macports_sources_build.openmodelica.org_macports_lang_openmodelica-devel/openmodelica-devel/work/openmodelica_23929/3rdParty/FMIL/build//libjmutils.a;/opt/local/var/macports/build/_opt_local_var_macports_sources_build.openmodelica.org_macports_lang_openmodelica-devel/openmodelica-devel/work/openmodelica_23929/3rdParty/FMIL/build//libfmixml.a;/opt/local/var/macports/build/_opt_local_var_macports_sources_build.openmodelica.org_macports_lang_openmodelica-devel/openmodelica-devel/work/openmodelica_23929/3rdParty/FMIL/build//libfmizip.a;/opt/local/var/macports/build/_opt_local_var_macports_sources_build.openmodelica.org_macports_lang_openmodelica-devel/openmodelica-devel/work/openmodelica_23929/3rdParty/FMIL/build//libfmicapi.a;/opt/local/var/macports/build/_opt_local_var_macports_sources_build.openmodelica.org_macports_lang_openmodelica-devel/openmodelica-devel/work/openmodelica_23929/3rdParty/FMIL/build/ExpatEx/./libexpat.a;/opt/local/var/macports/build/_opt_local_var_macports_sources_build.openmodelica.org_macports_lang_openmodelica-devel/openmodelica-devel/work/openmodelica_23929/3rdParty/FMIL/build/Config.cmake/Minizip//libminizip.a;/opt/local/var/macports/build/_opt_local_var_macports_sources_build.openmodelica.org_macports_lang_openmodelica-devel/openmodelica-devel/work/openmodelica_23929/3rdParty/FMIL/build/zlib//libz.a;/opt/local/var/macports/build/_opt_local_var_macports_sources_build.openmodelica.org_macports_lang_openmodelica-devel/openmodelica-devel/work/openmodelica_23929/3rdParty/FMIL/build/ThirdParty/c99_snprintf//libc99snprintf.a
:info:build CMake Warning (dev) at Config.cmake/mergestaticlibs.cmake:74 (get_target_property):
:info:build   Policy CMP0026 is not set: Disallow use of the LOCATION target property.
:info:build   Run "cmake --help-policy CMP0026" for policy details.  Use the cmake_policy
:info:build   command to set the policy and suppress this warning.
:info:build 
:info:build   The LOCATION property should not be read from target "fmilib".  Use the
:info:build   target name directly with add_custom_command, or use the generator
:info:build   expression $<TARGET_FILE>, as appropriate.
:info:build 
:info:build Call Stack (most recent call first):
:info:build   CMakeLists.txt:276 (merge_static_libs)
:info:build This warning is for project developers.  Use -Wno-dev to suppress it.
:info:build 
:info:build -- Configuring done
:info:build CMake Warning (dev) at Config.cmake/fmixml.cmake:121 (add_dependencies):
:info:build   Policy CMP0046 is not set: Error on non-existent dependency in
:info:build   add_dependencies.  Run "cmake --help-policy CMP0046" for policy details.
:info:build   Use the cmake_policy command to set the policy and suppress this warning.
:info:build 
:info:build   The dependency target
:info:build   "/opt/local/var/macports/build/_opt_local_var_macports_sources_build.openmodelica.org_macports_lang_openmodelica-devel/openmodelica-devel/work/openmodelica_23929/3rdParty/FMIL/CMakeLists.txt"
:info:build   of target "expatex" does not exist.
:info:build Call Stack (most recent call first):
:info:build   CMakeLists.txt:183 (include)
:info:build This warning is for project developers.  Use -Wno-dev to suppress it.
:info:build 
:info:build CMake Warning (dev) at Config.cmake/fmixml.cmake:121 (add_dependencies):
:info:build   Policy CMP0046 is not set: Error on non-existent dependency in
:info:build   add_dependencies.  Run "cmake --help-policy CMP0046" for policy details.
:info:build   Use the cmake_policy command to set the policy and suppress this warning.
:info:build 
:info:build   The dependency target
:info:build   "/opt/local/var/macports/build/_opt_local_var_macports_sources_build.openmodelica.org_macports_lang_openmodelica-devel/openmodelica-devel/work/openmodelica_23929/3rdParty/FMIL/build/CMakeCache.txt"
:info:build   of target "expatex" does not exist.
:info:build Call Stack (most recent call first):
:info:build   CMakeLists.txt:183 (include)
:info:build This warning is for project developers.  Use -Wno-dev to suppress it.
:info:build 
:info:build no
:info:build checking malloc.h presence... no
:info:build checking for malloc.h... no
:info:build checking for stdlib.h... (cached) yes
:info:build checking for string.h... (cached) yes
:info:build checking sys/time.h usability... CMake Warning (dev):
:info:build   Policy CMP0042 is not set: MACOSX_RPATH is enabled by default.  Run "cmake
:info:build   --help-policy CMP0042" for policy details.  Use the cmake_policy command to
:info:build   set the policy and suppress this warning.
:info:build 
:info:build   MACOSX_RPATH is not specified for the following targets:
:info:build 
:info:build    fmilib_shared
:info:build 
:info:build This warning is for project developers.  Use -Wno-dev to suppress it.
:info:build 
:info:build -- Generating done
:info:build -- Build files have been written to: /opt/local/var/macports/build/_opt_local_var_macports_sources_build.openmodelica.org_macports_lang_openmodelica-devel/openmodelica-devel/work/openmodelica_23929/3rdParty/FMIL/build
:info:build test -f 3rdParty/FMIL/build/libfmilib_shared.dylib || /Applications/Xcode.app/Contents/Developer/usr/bin/make -C 3rdParty/FMIL/build
:info:build ok
:info:build checking for objdir... .libs
:info:build checking for ar... ar
:info:build checking for ranlib... ranlib
:info:build checking for strip... strip
:info:build yes
:info:build checking sys/time.h presence... make[2]: Entering directory `/opt/local/var/macports/build/_opt_local_var_macports_sources_build.openmodelica.org_macports_lang_openmodelica-devel/openmodelica-devel/work/openmodelica_23929/3rdParty/FMIL/build'
:info:build make[3]: Entering directory `/opt/local/var/macports/build/_opt_local_var_macports_sources_build.openmodelica.org_macports_lang_openmodelica-devel/openmodelica-devel/work/openmodelica_23929/3rdParty/FMIL/build'
:info:build make[4]: Entering directory `/opt/local/var/macports/build/_opt_local_var_macports_sources_build.openmodelica.org_macports_lang_openmodelica-devel/openmodelica-devel/work/openmodelica_23929/3rdParty/FMIL/build'
:info:build glibtoolize: putting auxiliary files in '.'.
:info:build glibtoolize: copying file './ltmain.sh'
:info:build make[4]: Entering directory `/opt/local/var/macports/build/_opt_local_var_macports_sources_build.openmodelica.org_macports_lang_openmodelica-devel/openmodelica-devel/work/openmodelica_23929/3rdParty/FMIL/build'
:info:build make[4]: Entering directory `/opt/local/var/macports/build/_opt_local_var_macports_sources_build.openmodelica.org_macports_lang_openmodelica-devel/openmodelica-devel/work/openmodelica_23929/3rdParty/FMIL/build'
:info:build yes
:info:build checking for sys/time.h... yes
:info:build checking for an ANSI C-conforming const... Scanning dependencies of target expatex
:info:build make[4]: Leaving directory `/opt/local/var/macports/build/_opt_local_var_macports_sources_build.openmodelica.org_macports_lang_openmodelica-devel/openmodelica-devel/work/openmodelica_23929/3rdParty/FMIL/build'
:info:build Scanning dependencies of target c99snprintf
:info:build make[4]: Leaving directory `/opt/local/var/macports/build/_opt_local_var_macports_sources_build.openmodelica.org_macports_lang_openmodelica-devel/openmodelica-devel/work/openmodelica_23929/3rdParty/FMIL/build'
:info:build make[4]: Entering directory `/opt/local/var/macports/build/_opt_local_var_macports_sources_build.openmodelica.org_macports_lang_openmodelica-devel/openmodelica-devel/work/openmodelica_23929/3rdParty/FMIL/build'
:info:build make[4]: Entering directory `/opt/local/var/macports/build/_opt_local_var_macports_sources_build.openmodelica.org_macports_lang_openmodelica-devel/openmodelica-devel/work/openmodelica_23929/3rdParty/FMIL/build'
:info:build [  1%] [  1%] Creating directories for 'expatex'
:info:build Building C object ThirdParty/c99_snprintf/CMakeFiles/c99snprintf.dir/c99-snprintf_1.1/snprintf.c.o
:info:build yes
:info:build checking for size_t... Scanning dependencies of target zlib
:info:build make[4]: Leaving directory `/opt/local/var/macports/build/_opt_local_var_macports_sources_build.openmodelica.org_macports_lang_openmodelica-devel/openmodelica-devel/work/openmodelica_23929/3rdParty/FMIL/build'
:info:build checking if /opt/local/bin/clang-mp-3.3 supports -fno-rtti -fno-exceptions... make[4]: Entering directory `/opt/local/var/macports/build/_opt_local_var_macports_sources_build.openmodelica.org_macports_lang_openmodelica-devel/openmodelica-devel/work/openmodelica_23929/3rdParty/FMIL/build'
:info:build [  2%] glibtoolize: putting macros in AC_CONFIG_MACRO_DIRS, 'm4'.
:info:build glibtoolize: copying file 'm4/libtool.m4'
:info:build [  3%] Building C object zlib/CMakeFiles/zlib.dir/adler32.o
:info:build Building C object zlib/CMakeFiles/zlib.dir/compress.o
:info:build yes
:info:build checking for /opt/local/bin/clang-mp-3.3 option to produce PIC... -fno-common
:info:build checking if /opt/local/bin/clang-mp-3.3 PIC flag -fno-common works... [  4%] No download step for 'expatex'
:info:build glibtoolize: copying file 'm4/ltoptions.m4'
:info:build yes
:info:build checking if /opt/local/bin/clang-mp-3.3 static flag -static works... [  5%] No patch step for 'expatex'
:info:build [  6%] [  7%] Building C object zlib/CMakeFiles/zlib.dir/crc32.o
:info:build No update step for 'expatex'
:info:build no
:info:build checking if /opt/local/bin/clang-mp-3.3 supports -c -o file.o... glibtoolize: copying file 'm4/ltsugar.m4'
:info:build [  8%] Performing configure step for 'expatex'
:info:build [  9%] Building C object zlib/CMakeFiles/zlib.dir/deflate.o
:info:build loading initial cache file /opt/local/var/macports/build/_opt_local_var_macports_sources_build.openmodelica.org_macports_lang_openmodelica-devel/openmodelica-devel/work/openmodelica_23929/3rdParty/FMIL/build/ExpatEx/tmp/expatex-cache.cmake
:info:build yes
:info:build glibtoolize: copying file 'm4/ltversion.m4'
:info:build yes
:info:build checking whether the /opt/local/bin/clang-mp-3.3 linker (/opt/local/libexec/llvm-3.3/bin/ld) supports shared libraries... yes
:info:build checking dynamic linker characteristics... configure: creating ./config.status
:info:build darwin13.4.0 dyld
:info:build checking how to hardcode library paths into programs... immediate
:info:build checking whether stripping libraries is possible... yes
:info:build checking if libtool supports shared libraries... yes
:info:build checking whether to build shared libraries... yes
:info:build checking whether to build static libraries... no
:info:build glibtoolize: copying file 'm4/lt~obsolete.m4'
:info:build Linking C static library libc99snprintf.a
:info:build -- The C compiler identification is AppleClang 6.0.0.6000056
:info:build [  9%] Building C object zlib/CMakeFiles/zlib.dir/gzclose.o
:info:build make[4]: Leaving directory `/opt/local/var/macports/build/_opt_local_var_macports_sources_build.openmodelica.org_macports_lang_openmodelica-devel/openmodelica-devel/work/openmodelica_23929/3rdParty/FMIL/build'
:info:build [  9%] glibtoolize: Consider adding '-I m4' to ACLOCAL_AMFLAGS in Makefile.am.
:info:build -- The CXX compiler identification is AppleClang 6.0.0.6000056
:info:build Built target c99snprintf
:info:build [ 10%] Building C object zlib/CMakeFiles/zlib.dir/gzlib.o
:info:build -- Check for working C compiler: /usr/bin/cc
:info:build [ 11%] Building C object zlib/CMakeFiles/zlib.dir/gzread.o
:info:build [ 12%] configure: creating libtool
:info:build Building C object zlib/CMakeFiles/zlib.dir/gzwrite.o
:info:build -- Check for working C compiler: /usr/bin/cc -- works
:info:build -- Detecting C compiler ABI info
:info:build [ 13%] Building C object zlib/CMakeFiles/zlib.dir/inflate.o
:info:build [ 14%] Building C object zlib/CMakeFiles/zlib.dir/infback.o
:info:build appending configuration tag "CXX" to libtool
:info:build -- Detecting C compiler ABI info - done
:info:build checking for ld used by /opt/local/bin/clang++-mp-3.3... [ 15%] Building C object zlib/CMakeFiles/zlib.dir/inftrees.o
:info:build -- Check for working CXX compiler: /usr/bin/c++
:info:build /opt/local/libexec/llvm-3.3/bin/ld
:info:build checking if the linker (/opt/local/libexec/llvm-3.3/bin/ld) is GNU ld... no
:info:build checking whether the /opt/local/bin/clang++-mp-3.3 linker (/opt/local/libexec/llvm-3.3/bin/ld) supports shared libraries... yes
:info:build checking for /opt/local/bin/clang++-mp-3.3 option to produce PIC... -fno-common
:info:build checking if /opt/local/bin/clang++-mp-3.3 PIC flag -fno-common works... [ 16%] yes
:info:build checking if /opt/local/bin/clang++-mp-3.3 static flag -static works... [ 17%] Building C object zlib/CMakeFiles/zlib.dir/inffast.o
:info:build Building C object zlib/CMakeFiles/zlib.dir/trees.o
:info:build -- Check for working CXX compiler: /usr/bin/c++ -- works
:info:build -- Detecting CXX compiler ABI info
:info:build no
:info:build checking if /opt/local/bin/clang++-mp-3.3 supports -c -o file.o... yes
:info:build checking whether the /opt/local/bin/clang++-mp-3.3 linker (/opt/local/libexec/llvm-3.3/bin/ld) supports shared libraries... yes
:info:build checking dynamic linker characteristics... darwin13.4.0 dyld
:info:build checking how to hardcode library paths into programs... immediate
:info:build [ 18%] -- Detecting CXX compiler ABI info - done
:info:build Building C object zlib/CMakeFiles/zlib.dir/uncompr.o
:info:build -- Looking for dlfcn.h
:info:build [ 19%] Building C object zlib/CMakeFiles/zlib.dir/zutil.o
:info:build make[4]: Entering directory `/opt/local/var/macports/build/_opt_local_var_macports_sources_build.openmodelica.org_macports_lang_openmodelica-devel/openmodelica-devel/work/openmodelica_23929/3rdParty/FMIL/build'
:info:build Scanning dependencies of target jmutils
:info:build make[4]: Leaving directory `/opt/local/var/macports/build/_opt_local_var_macports_sources_build.openmodelica.org_macports_lang_openmodelica-devel/openmodelica-devel/work/openmodelica_23929/3rdParty/FMIL/build'
:info:build make[4]: Entering directory `/opt/local/var/macports/build/_opt_local_var_macports_sources_build.openmodelica.org_macports_lang_openmodelica-devel/openmodelica-devel/work/openmodelica_23929/3rdParty/FMIL/build'
:info:build [ 20%] Linking C static library libz.a
:info:build [ 21%] Building C object CMakeFiles/jmutils.dir/src/Util/src/JM/jm_callbacks.c.o
:info:build Building C object CMakeFiles/jmutils.dir/src/Util/src/JM/jm_templates_inst.c.o
:info:build -- Looking for dlfcn.h - found
:info:build -- Looking for fcntl.h
:info:build make[4]: Leaving directory `/opt/local/var/macports/build/_opt_local_var_macports_sources_build.openmodelica.org_macports_lang_openmodelica-devel/openmodelica-devel/work/openmodelica_23929/3rdParty/FMIL/build'
:info:build [ 21%] Built target zlib
:info:build make[4]: Entering directory `/opt/local/var/macports/build/_opt_local_var_macports_sources_build.openmodelica.org_macports_lang_openmodelica-devel/openmodelica-devel/work/openmodelica_23929/3rdParty/FMIL/build'
:info:build [ 22%] Building C object CMakeFiles/jmutils.dir/src/Util/src/JM/jm_named_ptr.c.o
:info:build Scanning dependencies of target minizip
:info:build make[4]: Leaving directory `/opt/local/var/macports/build/_opt_local_var_macports_sources_build.openmodelica.org_macports_lang_openmodelica-devel/openmodelica-devel/work/openmodelica_23929/3rdParty/FMIL/build'
:info:build appending configuration tag "F77" to libtool
:info:build make[4]: Entering directory `/opt/local/var/macports/build/_opt_local_var_macports_sources_build.openmodelica.org_macports_lang_openmodelica-devel/openmodelica-devel/work/openmodelica_23929/3rdParty/FMIL/build'
:info:build [ 23%] Building C object Config.cmake/Minizip/CMakeFiles/minizip.dir/__/__/ThirdParty/Minizip/minizip/ioapi.c.o
:info:build -- Looking for fcntl.h - found
:info:build -- Looking for inttypes.h
:info:build checking if libtool supports shared libraries... yes
:info:build checking whether to build shared libraries... yes
:info:build checking whether to build static libraries... no
:info:build checking for /opt/local/bin/gfortran-mp-4.8 option to produce PIC... -fno-common
:info:build checking if /opt/local/bin/gfortran-mp-4.8 PIC flag -fno-common works... [ 24%] Building C object CMakeFiles/jmutils.dir/src/Util/src/JM/jm_portability.c.o
:info:build [ 25%] Building C object Config.cmake/Minizip/CMakeFiles/minizip.dir/__/__/ThirdParty/Minizip/minizip/miniunz.c.o
:info:build yes
:info:build checking if /opt/local/bin/gfortran-mp-4.8 static flag -static works... no
:info:build checking if /opt/local/bin/gfortran-mp-4.8 supports -c -o file.o... -- Looking for inttypes.h - found
:info:build -- Looking for memory.h
:info:build /opt/local/var/macports/build/_opt_local_var_macports_sources_build.openmodelica.org_macports_lang_openmodelica-devel/openmodelica-devel/work/openmodelica_23929/3rdParty/FMIL/ThirdParty/Minizip/minizip/miniunz.c:110:13: warning: extra tokens at end of #ifdef directive [-Wextra-tokens]
:info:build #ifdef unix || __APPLE__
:info:build             ^
:info:build             //
:info:build /opt/local/var/macports/build/_opt_local_var_macports_sources_build.openmodelica.org_macports_lang_openmodelica-devel/openmodelica-devel/work/openmodelica_23929/3rdParty/FMIL/ThirdParty/Minizip/minizip/miniunz.c:143:11: warning: implicit declaration of function 'mkdir' is invalid in C99 [-Wimplicit-function-declaration]
:info:build     ret = mkdir (dirname,0775);
:info:build           ^
:info:build /opt/local/var/macports/build/_opt_local_var_macports_sources_build.openmodelica.org_macports_lang_openmodelica-devel/openmodelica-devel/work/openmodelica_23929/3rdParty/FMIL/ThirdParty/Minizip/minizip/miniunz.c:432:25: warning: passing 'const char *' to parameter of type 'char *' discards qualifiers [-Wincompatible-pointer-types-discards-qualifiers]
:info:build                 makedir(write_filename);
:info:build                         ^~~~~~~~~~~~~~
:info:build [ 26%] yes
:info:build checking whether the /opt/local/bin/gfortran-mp-4.8 linker (/opt/local/libexec/llvm-3.3/bin/ld) supports shared libraries... Building C object CMakeFiles/jmutils.dir/src/Util/src/FMI/fmi_version.c.o
:info:build yes
:info:build checking dynamic linker characteristics... darwin13.4.0 dyld
:info:build checking how to hardcode library paths into programs... immediate
:info:build 3 warnings generated.
:info:build [ 28%] [ 28%] [ 28%] Building C object Config.cmake/Minizip/CMakeFiles/minizip.dir/__/__/ThirdParty/Minizip/minizip/minizip.c.o
:info:build Building C object CMakeFiles/jmutils.dir/src/Util/src/FMI/fmi_util.c.o
:info:build Building C object CMakeFiles/jmutils.dir/src/Util/src/FMI1/fmi1_enums.c.o
:info:build [ 29%] [ 30%] Building C object CMakeFiles/jmutils.dir/src/Util/src/FMI2/fmi2_enums.c.o
:info:build Building C object Config.cmake/Minizip/CMakeFiles/minizip.dir/__/__/ThirdParty/Minizip/minizip/unzip.c.o
:info:build -- Looking for memory.h - found
:info:build -- Looking for stdint.h
:info:build /opt/local/var/macports/build/_opt_local_var_macports_sources_build.openmodelica.org_macports_lang_openmodelica-devel/openmodelica-devel/work/openmodelica_23929/3rdParty/FMIL/ThirdParty/Minizip/minizip/minizip.c:104:13: warning: extra tokens at end of #ifdef directive [-Wextra-tokens]
:info:build #ifdef unix || __APPLE__
:info:build             ^
:info:build             //
:info:build /opt/local/var/macports/build/_opt_local_var_macports_sources_build.openmodelica.org_macports_lang_openmodelica-devel/openmodelica-devel/work/openmodelica_23929/3rdParty/FMIL/ThirdParty/Minizip/minizip/minizip.c:421:26: warning: passing 'const char *' to parameter of type 'char *' discards qualifiers [-Wincompatible-pointer-types-discards-qualifiers]
:info:build                 filetime(filenameinzip,&zi.tmz_date,&zi.dosDate);
:info:build                          ^~~~~~~~~~~~~
:info:build 2 warnings generated.
:info:build Linking C static library libjmutils.a
:info:build [ 31%] Building C object Config.cmake/Minizip/CMakeFiles/minizip.dir/__/__/ThirdParty/Minizip/minizip/zip.c.o
:info:build make[4]: Leaving directory `/opt/local/var/macports/build/_opt_local_var_macports_sources_build.openmodelica.org_macports_lang_openmodelica-devel/openmodelica-devel/work/openmodelica_23929/3rdParty/FMIL/build'
:info:build [ 31%] Built target jmutils
:info:build make[4]: Entering directory `/opt/local/var/macports/build/_opt_local_var_macports_sources_build.openmodelica.org_macports_lang_openmodelica-devel/openmodelica-devel/work/openmodelica_23929/3rdParty/FMIL/build'
:info:build -- Looking for stdint.h - found
:info:build -- Looking for stdlib.h
:info:build Scanning dependencies of target fmicapi
:info:build make[4]: Leaving directory `/opt/local/var/macports/build/_opt_local_var_macports_sources_build.openmodelica.org_macports_lang_openmodelica-devel/openmodelica-devel/work/openmodelica_23929/3rdParty/FMIL/build'
:info:build /opt/local/var/macports/build/_opt_local_var_macports_sources_build.openmodelica.org_macports_lang_openmodelica-devel/openmodelica-devel/work/openmodelica_23929/3rdParty/FMIL/ThirdParty/Minizip/minizip/zip.c:1118:15: warning: equality comparison with extraneous parentheses [-Wparentheses-equality]
:info:build     if ((level==2))
:info:build          ~~~~~^~~
:info:build /opt/local/var/macports/build/_opt_local_var_macports_sources_build.openmodelica.org_macports_lang_openmodelica-devel/openmodelica-devel/work/openmodelica_23929/3rdParty/FMIL/ThirdParty/Minizip/minizip/zip.c:1118:15: note: remove extraneous parentheses around the comparison to silence this warning
:info:build     if ((level==2))
:info:build         ~     ^  ~
:info:build /opt/local/var/macports/build/_opt_local_var_macports_sources_build.openmodelica.org_macports_lang_openmodelica-devel/openmodelica-devel/work/openmodelica_23929/3rdParty/FMIL/ThirdParty/Minizip/minizip/zip.c:1118:15: note: use '=' to turn this equality comparison into an assignment
:info:build     if ((level==2))
:info:build               ^~
:info:build               =
:info:build /opt/local/var/macports/build/_opt_local_var_macports_sources_build.openmodelica.org_macports_lang_openmodelica-devel/openmodelica-devel/work/openmodelica_23929/3rdParty/FMIL/ThirdParty/Minizip/minizip/zip.c:1120:15: warning: equality comparison with extraneous parentheses [-Wparentheses-equality]
:info:build     if ((level==1))
:info:build          ~~~~~^~~
:info:build /opt/local/var/macports/build/_opt_local_var_macports_sources_build.openmodelica.org_macports_lang_openmodelica-devel/openmodelica-devel/work/openmodelica_23929/3rdParty/FMIL/ThirdParty/Minizip/minizip/zip.c:1120:15: note: remove extraneous parentheses around the comparison to silence this warning
:info:build     if ((level==1))
:info:build         ~     ^  ~
:info:build /opt/local/var/macports/build/_opt_local_var_macports_sources_build.openmodelica.org_macports_lang_openmodelica-devel/openmodelica-devel/work/openmodelica_23929/3rdParty/FMIL/ThirdParty/Minizip/minizip/zip.c:1120:15: note: use '=' to turn this equality comparison into an assignment
:info:build     if ((level==1))
:info:build               ^~
:info:build               =
:info:build make[4]: Entering directory `/opt/local/var/macports/build/_opt_local_var_macports_sources_build.openmodelica.org_macports_lang_openmodelica-devel/openmodelica-devel/work/openmodelica_23929/3rdParty/FMIL/build'
:info:build [ 32%] Building C object CMakeFiles/fmicapi.dir/src/CAPI/src/FMI1/fmi1_capi_cs.c.o
:info:build config.status: creating Makefile
:info:build configure: Build is "i386-apple-darwin13.4.0".
:info:build configure: Applying patches to libtool for Darwin
:info:build config.status: creating src/Makefile
:info:build [ 32%] checking if library version is set... no
:info:build Building C object CMakeFiles/fmicapi.dir/src/CAPI/src/FMI1/fmi1_capi_me.c.o
:info:build checking whether source of project ASL is available and should be compiled... no, source file ./ThirdParty/ASL/solvers/asl.h not available
:info:build checking whether source of project Blas is available and should be compiled... no, --with-blas-lib has been specified
:info:build checking whether source of project Lapack is available and should be compiled... no, --with-lapack-lib has been specified
:info:build checking whether source of project Metis is available and should be compiled... no, --without-metis has been specified
:info:build checking whether source of project HSL is available and should be compiled... config.status: creating src/matrix/Makefile
:info:build no, source file ./ThirdParty/HSL/coinhsl/common/deps.f not available
:info:build checking whether source of project HSLold is available and should be compiled... yes, source in ThirdParty/HSLold
:info:build checking whether source of project Mumps is available and should be compiled... yes, source in ThirdParty/Mumps
:info:build checking whether source of project Ipopt is available and should be compiled... yes, source in Ipopt
:info:build configure: configuring doxygen documentation options
:info:build checking for doxygen... no
:info:build checking for dot... NO
:info:build checking which command should be used to link input files... cp
:info:build config.status: creating src/vector/Makefile
:info:build configure: creating ./config.status
:info:build -- Looking for stdlib.h - found
:info:build -- Looking for strings.h
:info:build [ 33%] Building C object CMakeFiles/fmicapi.dir/src/CAPI/src/FMI1/fmi1_capi.c.o
:info:build config.status: creating src/matvec/Makefile
:info:build [ 34%] Building C object CMakeFiles/fmicapi.dir/src/CAPI/src/FMI2/fmi2_capi_cs.c.o
:info:build config.status: creating src/solver/Makefile
:info:build [ 35%] Building C object CMakeFiles/fmicapi.dir/src/CAPI/src/FMI2/fmi2_capi_me.c.o
:info:build config.status: creating src/esolver/Makefile
:info:build -- Looking for strings.h - found
:info:build config.status: creating src/precon/Makefile
:info:build -- Looking for string.h
:info:build 2 warnings generated.
:info:build [ 36%] Linking C static library libminizip.a
:info:build Building C object CMakeFiles/fmicapi.dir/src/CAPI/src/FMI2/fmi2_capi.c.o
:info:build config.status: creating src/system/Makefile
:info:build make[4]: Leaving directory `/opt/local/var/macports/build/_opt_local_var_macports_sources_build.openmodelica.org_macports_lang_openmodelica-devel/openmodelica-devel/work/openmodelica_23929/3rdParty/FMIL/build'
:info:build config.status: creating Makefile
:info:build config.status: creating src/precision/Makefile
:info:build [ 36%] Built target minizip
:info:build make[4]: Entering directory `/opt/local/var/macports/build/_opt_local_var_macports_sources_build.openmodelica.org_macports_lang_openmodelica-devel/openmodelica-devel/work/openmodelica_23929/3rdParty/FMIL/build'
:info:build Scanning dependencies of target fmizip
:info:build make[4]: Leaving directory `/opt/local/var/macports/build/_opt_local_var_macports_sources_build.openmodelica.org_macports_lang_openmodelica-devel/openmodelica-devel/work/openmodelica_23929/3rdParty/FMIL/build'
:info:build config.status: creating src/fortran/Makefile
:info:build make[4]: Entering directory `/opt/local/var/macports/build/_opt_local_var_macports_sources_build.openmodelica.org_macports_lang_openmodelica-devel/openmodelica-devel/work/openmodelica_23929/3rdParty/FMIL/build'
:info:build config.status: creating doxydoc/doxygen.conf
:info:build [ 37%] [ 38%] Building C object CMakeFiles/fmizip.dir/src/ZIP/src/fmi_zip_unzip.c.o
:info:build Building C object CMakeFiles/fmizip.dir/src/ZIP/src/fmi_zip_zip.c.o
:info:build -- Looking for string.h - found
:info:build -- Looking for sys/stat.h
:info:build config.status: creating src/fortran/amg/Makefile
:info:build config.status: executing depfiles commands
:info:build Linking C static library libfmicapi.a
:info:build config.status: creating include/Makefile
:info:build configure: configuring in ThirdParty/HSLold
:info:build make[4]: Leaving directory `/opt/local/var/macports/build/_opt_local_var_macports_sources_build.openmodelica.org_macports_lang_openmodelica-devel/openmodelica-devel/work/openmodelica_23929/3rdParty/FMIL/build'
:info:build Linking C static library libfmizip.a
:info:build [ 38%] Built target fmicapi
:info:build configure: running /bin/sh './configure' --prefix=/opt/local/var/macports/build/_opt_local_var_macports_sources_build.openmodelica.org_macports_lang_openmodelica-devel/openmodelica-devel/work/openmodelica_23929/3rdParty/Ipopt-3.11.6  '--with-pic' 'CC=/opt/local/bin/clang-mp-3.3' 'CXX=/opt/local/bin/clang++-mp-3.3' 'F77=/opt/local/bin/gfortran-mp-4.8' 'LDFLAGS=-L/opt/local/var/macports/build/_opt_local_var_macports_sources_build.openmodelica.org_macports_lang_openmodelica-devel/openmodelica-devel/work/openmodelica_23929/build/lib/omc -L/opt/local/lib -Wl,-headerpad_max_install_names -arch x86_64' '--with-lapack-lib=-llapack -lblas' '--with-blas-lib=-llapack -lblas' '--without-metis' '--without-HSLold' '--without-HSL' --cache-file=/dev/null --srcdir=.
:info:build config.status: creating test/Makefile
:info:build make[4]: Leaving directory `/opt/local/var/macports/build/_opt_local_var_macports_sources_build.openmodelica.org_macports_lang_openmodelica-devel/openmodelica-devel/work/openmodelica_23929/3rdParty/FMIL/build'
:info:build [ 38%] Built target fmizip
:info:build config.status: creating include/lisf.h
:info:build -- Looking for sys/stat.h - found
:info:build -- Looking for sys/types.h
:info:build config.status: creating include/lis_config.h
:info:build config.status: executing depfiles commands
:info:build config.status: executing libtool commands
:info:build 
:info:build   Build with OpenMP library                  = no
:info:build   Build with MPI library                     = no
:info:build   Build Fortran interface                    = no
:info:build   Build SA-AMG preconditioner                = no
:info:build   Build with double double precision support = no
:info:build   Build with long double precision support   = no
:info:build   Build with 64bit integer support           = no
:info:build   Enable dynamic linking                     = yes
:info:build   Enable profiling                           = no
:info:build 
:info:build   C compiler        = /opt/local/bin/clang-mp-3.3
:info:build   C flags           = -O3 -fomit-frame-pointer -pipe -Os -arch x86_64 -fno-stack-protector -DHAVE_CONFIG_H  
:info:build   C libraries       = -lm  
:info:build 
:info:build -- Looking for sys/types.h - found
:info:build -- Looking for unistd.h
:info:build make[2]: Entering directory `/opt/local/var/macports/build/_opt_local_var_macports_sources_build.openmodelica.org_macports_lang_openmodelica-devel/openmodelica-devel/work/openmodelica_23929/3rdParty/lis-1.4.12'
:info:build Making clean in test
:info:build make[3]: Entering directory `/opt/local/var/macports/build/_opt_local_var_macports_sources_build.openmodelica.org_macports_lang_openmodelica-devel/openmodelica-devel/work/openmodelica_23929/3rdParty/lis-1.4.12/test'
:info:build test -z "*.il" || rm -f *.il
:info:build rm -rf .libs _libs
:info:build rm -f *.o
:info:build  rm -f lsolve esolve spmvtest1 spmvtest2 spmvtest3 spmvtest4 spmvtest5
:info:build rm -f *.lo
:info:build  rm -f test1 test2 test3 test4 test5 test6 etest1 etest2 etest3 etest4 etest5 etest6 spmvtest1 spmvtest2 spmvtest3 spmvtest4 spmvtest5
:info:build make[3]: Leaving directory `/opt/local/var/macports/build/_opt_local_var_macports_sources_build.openmodelica.org_macports_lang_openmodelica-devel/openmodelica-devel/work/openmodelica_23929/3rdParty/lis-1.4.12/test'
:info:build Making clean in include
:info:build make[3]: Entering directory `/opt/local/var/macports/build/_opt_local_var_macports_sources_build.openmodelica.org_macports_lang_openmodelica-devel/openmodelica-devel/work/openmodelica_23929/3rdParty/lis-1.4.12/include'
:info:build rm -rf .libs _libs
:info:build rm -f *.lo
:info:build make[3]: Leaving directory `/opt/local/var/macports/build/_opt_local_var_macports_sources_build.openmodelica.org_macports_lang_openmodelica-devel/openmodelica-devel/work/openmodelica_23929/3rdParty/lis-1.4.12/include'
:info:build Making clean in src
:info:build make[3]: Entering directory `/opt/local/var/macports/build/_opt_local_var_macports_sources_build.openmodelica.org_macports_lang_openmodelica-devel/openmodelica-devel/work/openmodelica_23929/3rdParty/lis-1.4.12/src'
:info:build Making clean in precision
:info:build make[4]: Entering directory `/opt/local/var/macports/build/_opt_local_var_macports_sources_build.openmodelica.org_macports_lang_openmodelica-devel/openmodelica-devel/work/openmodelica_23929/3rdParty/lis-1.4.12/src/precision'
:info:build test -z "*.il" || rm -f *.il
:info:build rm -rf .libs _libs
:info:build test -z "libprecision.la" || rm -f libprecision.la
:info:build rm -f *.o
:info:build rm -f *.lo
:info:build rm -f "./so_locations"
:info:build make[4]: Leaving directory `/opt/local/var/macports/build/_opt_local_var_macports_sources_build.openmodelica.org_macports_lang_openmodelica-devel/openmodelica-devel/work/openmodelica_23929/3rdParty/lis-1.4.12/src/precision'
:info:build Making clean in system
:info:build make[4]: Entering directory `/opt/local/var/macports/build/_opt_local_var_macports_sources_build.openmodelica.org_macports_lang_openmodelica-devel/openmodelica-devel/work/openmodelica_23929/3rdParty/lis-1.4.12/src/system'
:info:build test -z "*.il" || rm -f *.il
:info:build rm -rf .libs _libs
:info:build test -z "libsystem.la" || rm -f libsystem.la
:info:build rm -f *.o
:info:build rm -f *.lo
:info:build rm -f "./so_locations"
:info:build make[4]: Leaving directory `/opt/local/var/macports/build/_opt_local_var_macports_sources_build.openmodelica.org_macports_lang_openmodelica-devel/openmodelica-devel/work/openmodelica_23929/3rdParty/lis-1.4.12/src/system'
:info:build -- Looking for unistd.h - found
:info:build Making clean in esolver
:info:build -- Looking for getpagesize
:info:build make[4]: Entering directory `/opt/local/var/macports/build/_opt_local_var_macports_sources_build.openmodelica.org_macports_lang_openmodelica-devel/openmodelica-devel/work/openmodelica_23929/3rdParty/lis-1.4.12/src/esolver'
:info:build test -z "*.il" || rm -f *.il
:info:build rm -rf .libs _libs
:info:build test -z "libesolver.la" || rm -f libesolver.la
:info:build rm -f *.o
:info:build rm -f *.lo
:info:build rm -f "./so_locations"
:info:build make[4]: Leaving directory `/opt/local/var/macports/build/_opt_local_var_macports_sources_build.openmodelica.org_macports_lang_openmodelica-devel/openmodelica-devel/work/openmodelica_23929/3rdParty/lis-1.4.12/src/esolver'
:info:build Making clean in solver
:info:build make[4]: Entering directory `/opt/local/var/macports/build/_opt_local_var_macports_sources_build.openmodelica.org_macports_lang_openmodelica-devel/openmodelica-devel/work/openmodelica_23929/3rdParty/lis-1.4.12/src/solver'
:info:build test -z "*.il" || rm -f *.il
:info:build rm -rf .libs _libs
:info:build test -z "libsolver.la" || rm -f libsolver.la
:info:build rm -f *.o
:info:build rm -f *.lo
:info:build rm -f "./so_locations"
:info:build make[4]: Leaving directory `/opt/local/var/macports/build/_opt_local_var_macports_sources_build.openmodelica.org_macports_lang_openmodelica-devel/openmodelica-devel/work/openmodelica_23929/3rdParty/lis-1.4.12/src/solver'
:info:build Making clean in precon
:info:build make[4]: Entering directory `/opt/local/var/macports/build/_opt_local_var_macports_sources_build.openmodelica.org_macports_lang_openmodelica-devel/openmodelica-devel/work/openmodelica_23929/3rdParty/lis-1.4.12/src/precon'
:info:build test -z "*.il" || rm -f *.il
:info:build rm -rf .libs _libs
:info:build test -z "libprecon.la" || rm -f libprecon.la
:info:build rm -f *.o
:info:build rm -f *.lo
:info:build rm -f "./so_locations"
:info:build make[4]: Leaving directory `/opt/local/var/macports/build/_opt_local_var_macports_sources_build.openmodelica.org_macports_lang_openmodelica-devel/openmodelica-devel/work/openmodelica_23929/3rdParty/lis-1.4.12/src/precon'
:info:build Making clean in matvec
:info:build make[4]: Entering directory `/opt/local/var/macports/build/_opt_local_var_macports_sources_build.openmodelica.org_macports_lang_openmodelica-devel/openmodelica-devel/work/openmodelica_23929/3rdParty/lis-1.4.12/src/matvec'
:info:build test -z "*.il" || rm -f *.il
:info:build rm -rf .libs _libs
:info:build test -z "libmatvec.la" || rm -f libmatvec.la
:info:build rm -f *.o
:info:build rm -f *.lo
:info:build rm -f "./so_locations"
:info:build make[4]: Leaving directory `/opt/local/var/macports/build/_opt_local_var_macports_sources_build.openmodelica.org_macports_lang_openmodelica-devel/openmodelica-devel/work/openmodelica_23929/3rdParty/lis-1.4.12/src/matvec'
:info:build Making clean in vector
:info:build checking for svnversion... yes
:info:build make[4]: Entering directory `/opt/local/var/macports/build/_opt_local_var_macports_sources_build.openmodelica.org_macports_lang_openmodelica-devel/openmodelica-devel/work/openmodelica_23929/3rdParty/lis-1.4.12/src/vector'
:info:build test -z "*.il" || rm -f *.il
:info:build rm -rf .libs _libs
:info:build test -z "libvector.la" || rm -f libvector.la
:info:build rm -f *.o
:info:build rm -f *.lo
:info:build rm -f "./so_locations"
:info:build -- Looking for getpagesize - found
:info:build make[4]: Leaving directory `/opt/local/var/macports/build/_opt_local_var_macports_sources_build.openmodelica.org_macports_lang_openmodelica-devel/openmodelica-devel/work/openmodelica_23929/3rdParty/lis-1.4.12/src/vector'
:info:build -- Looking for bcopy
:info:build Making clean in matrix
:info:build make[4]: Entering directory `/opt/local/var/macports/build/_opt_local_var_macports_sources_build.openmodelica.org_macports_lang_openmodelica-devel/openmodelica-devel/work/openmodelica_23929/3rdParty/lis-1.4.12/src/matrix'
:info:build test -z "*.il" || rm -f *.il
:info:build rm -rf .libs _libs
:info:build test -z "libmatrix.la" || rm -f libmatrix.la
:info:build rm -f *.o
:info:build rm -f *.lo
:info:build rm -f "./so_locations"
:info:build make[4]: Leaving directory `/opt/local/var/macports/build/_opt_local_var_macports_sources_build.openmodelica.org_macports_lang_openmodelica-devel/openmodelica-devel/work/openmodelica_23929/3rdParty/lis-1.4.12/src/matrix'
:info:build Making clean in .
:info:build make[4]: Entering directory `/opt/local/var/macports/build/_opt_local_var_macports_sources_build.openmodelica.org_macports_lang_openmodelica-devel/openmodelica-devel/work/openmodelica_23929/3rdParty/lis-1.4.12/src'
:info:build test -z "liblis.la" || rm -f liblis.la
:info:build rm -rf .libs _libs
:info:build rm -f *.o
:info:build rm -f *.lo
:info:build rm -f "./so_locations"
:info:build make[4]: Leaving directory `/opt/local/var/macports/build/_opt_local_var_macports_sources_build.openmodelica.org_macports_lang_openmodelica-devel/openmodelica-devel/work/openmodelica_23929/3rdParty/lis-1.4.12/src'
:info:build make[3]: Leaving directory `/opt/local/var/macports/build/_opt_local_var_macports_sources_build.openmodelica.org_macports_lang_openmodelica-devel/openmodelica-devel/work/openmodelica_23929/3rdParty/lis-1.4.12/src'
:info:build Making clean in .
:info:build make[3]: Entering directory `/opt/local/var/macports/build/_opt_local_var_macports_sources_build.openmodelica.org_macports_lang_openmodelica-devel/openmodelica-devel/work/openmodelica_23929/3rdParty/lis-1.4.12'
:info:build rm -rf .libs _libs
:info:build rm -f *.lo
:info:build make[3]: Leaving directory `/opt/local/var/macports/build/_opt_local_var_macports_sources_build.openmodelica.org_macports_lang_openmodelica-devel/openmodelica-devel/work/openmodelica_23929/3rdParty/lis-1.4.12'
:info:build make[2]: Leaving directory `/opt/local/var/macports/build/_opt_local_var_macports_sources_build.openmodelica.org_macports_lang_openmodelica-devel/openmodelica-devel/work/openmodelica_23929/3rdParty/lis-1.4.12'
:info:build checking build system type... Building Lis from sources
:info:build /Applications/Xcode.app/Contents/Developer/usr/bin/make -C 3rdParty/lis-1.4.12
:info:build make[2]: Entering directory `/opt/local/var/macports/build/_opt_local_var_macports_sources_build.openmodelica.org_macports_lang_openmodelica-devel/openmodelica-devel/work/openmodelica_23929/3rdParty/lis-1.4.12'
:info:build Making all in src
:info:build make[3]: Entering directory `/opt/local/var/macports/build/_opt_local_var_macports_sources_build.openmodelica.org_macports_lang_openmodelica-devel/openmodelica-devel/work/openmodelica_23929/3rdParty/lis-1.4.12/src'
:info:build Making all in matrix
:info:build make[4]: Entering directory `/opt/local/var/macports/build/_opt_local_var_macports_sources_build.openmodelica.org_macports_lang_openmodelica-devel/openmodelica-devel/work/openmodelica_23929/3rdParty/lis-1.4.12/src/matrix'
:info:build /bin/sh ../../libtool --mode=compile --tag=CC /opt/local/bin/clang-mp-3.3  -DHAVE_CONFIG_H -I. -I../../include   -I/opt/local/include -I../../include  -O3 -fomit-frame-pointer -pipe -Os -arch x86_64 -fno-stack-protector -c -o lis_matrix.lo lis_matrix.c
:info:build /bin/sh ../../libtool --mode=compile --tag=CC /opt/local/bin/clang-mp-3.3  -DHAVE_CONFIG_H -I. -I../../include   -I/opt/local/include -I../../include  -O3 -fomit-frame-pointer -pipe -Os -arch x86_64 -fno-stack-protector -c -o lis_matrix_bsc.lo lis_matrix_bsc.c
:info:build /bin/sh ../../libtool --mode=compile --tag=CC /opt/local/bin/clang-mp-3.3  -DHAVE_CONFIG_H -I. -I../../include   -I/opt/local/include -I../../include  -O3 -fomit-frame-pointer -pipe -Os -arch x86_64 -fno-stack-protector -c -o lis_matrix_bsr.lo lis_matrix_bsr.c
:info:build /bin/sh ../../libtool --mode=compile --tag=CC /opt/local/bin/clang-mp-3.3  -DHAVE_CONFIG_H -I. -I../../include   -I/opt/local/include -I../../include  -O3 -fomit-frame-pointer -pipe -Os -arch x86_64 -fno-stack-protector -c -o lis_matrix_csc.lo lis_matrix_csc.c
:info:build i386-apple-darwin13.4.0
:info:build checking whether we want to compile in debug mode... no
:info:build -- Looking for bcopy - found
:info:build -- Looking for memmove
:info:build libtool: compile:  /opt/local/bin/clang-mp-3.3 -DHAVE_CONFIG_H -I. -I../../include -I/opt/local/include -I../../include -O3 -fomit-frame-pointer -pipe -Os -arch x86_64 -fno-stack-protector -c lis_matrix.c  -fno-common -DPIC -o .libs/lis_matrix.o
:info:build libtool: compile:  /opt/local/bin/clang-mp-3.3 -DHAVE_CONFIG_H -I. -I../../include -I/opt/local/include -I../../include -O3 -fomit-frame-pointer -pipe -Os -arch x86_64 -fno-stack-protector -c lis_matrix_bsc.c  -fno-common -DPIC -o .libs/lis_matrix_bsc.o
:info:build libtool: compile:  /opt/local/bin/clang-mp-3.3 -DHAVE_CONFIG_H -I. -I../../include -I/opt/local/include -I../../include -O3 -fomit-frame-pointer -pipe -Os -arch x86_64 -fno-stack-protector -c lis_matrix_csc.c  -fno-common -DPIC -o .libs/lis_matrix_csc.o
:info:build libtool: compile:  /opt/local/bin/clang-mp-3.3 -DHAVE_CONFIG_H -I. -I../../include -I/opt/local/include -I../../include -O3 -fomit-frame-pointer -pipe -Os -arch x86_64 -fno-stack-protector -c lis_matrix_bsr.c  -fno-common -DPIC -o .libs/lis_matrix_bsr.o
:info:build checking for C compiler default output file name... a.out
:info:build checking whether the C compiler works... yes
:info:build checking whether we are cross compiling... no
:info:build checking for suffix of executables... -- Looking for memmove - found
:info:build -- Looking for mmap
:info:build 
:info:build /bin/sh ../../libtool --mode=compile --tag=CC /opt/local/bin/clang-mp-3.3  -DHAVE_CONFIG_H -I. -I../../include   -I/opt/local/include -I../../include  -O3 -fomit-frame-pointer -pipe -Os -arch x86_64 -fno-stack-protector -c -o lis_matrix_coo.lo lis_matrix_coo.c
:info:build checking for suffix of object files... libtool: compile:  /opt/local/bin/clang-mp-3.3 -DHAVE_CONFIG_H -I. -I../../include -I/opt/local/include -I../../include -O3 -fomit-frame-pointer -pipe -Os -arch x86_64 -fno-stack-protector -c lis_matrix_coo.c  -fno-common -DPIC -o .libs/lis_matrix_coo.o
:info:build o
:info:build checking whether we are using the GNU C compiler... /bin/sh ../../libtool --mode=compile --tag=CC /opt/local/bin/clang-mp-3.3  -DHAVE_CONFIG_H -I. -I../../include   -I/opt/local/include -I../../include  -O3 -fomit-frame-pointer -pipe -Os -arch x86_64 -fno-stack-protector -c -o lis_matrix_csr.lo lis_matrix_csr.c
:info:build yes
:info:build checking whether /opt/local/bin/clang-mp-3.3 accepts -g... libtool: compile:  /opt/local/bin/clang-mp-3.3 -DHAVE_CONFIG_H -I. -I../../include -I/opt/local/include -I../../include -O3 -fomit-frame-pointer -pipe -Os -arch x86_64 -fno-stack-protector -c lis_matrix_csr.c  -fno-common -DPIC -o .libs/lis_matrix_csr.o
:info:build -- Looking for mmap - found
:info:build -- Looking for 4 include files stdlib.h, ..., float.h
:info:build yes
:info:build checking for /opt/local/bin/clang-mp-3.3 option to accept ANSI C... /bin/sh ../../libtool --mode=compile --tag=CC /opt/local/bin/clang-mp-3.3  -DHAVE_CONFIG_H -I. -I../../include   -I/opt/local/include -I../../include  -O3 -fomit-frame-pointer -pipe -Os -arch x86_64 -fno-stack-protector -c -o lis_matrix_dia.lo lis_matrix_dia.c
:info:build none needed
:info:build libtool: compile:  /opt/local/bin/clang-mp-3.3 -DHAVE_CONFIG_H -I. -I../../include -I/opt/local/include -I../../include -O3 -fomit-frame-pointer -pipe -Os -arch x86_64 -fno-stack-protector -c lis_matrix_dia.c  -fno-common -DPIC -o .libs/lis_matrix_dia.o
:info:build -- Looking for 4 include files stdlib.h, ..., float.h - found
:info:build -- Check if the system is big endian
:info:build -- Searching 16 bit integer
:info:build -- Looking for stddef.h
:info:build configure: Overruling autoconf; cl does not recognise -g.
:info:build /bin/sh ../../libtool --mode=compile --tag=CC /opt/local/bin/clang-mp-3.3  -DHAVE_CONFIG_H -I. -I../../include   -I/opt/local/include -I../../include  -O3 -fomit-frame-pointer -pipe -Os -arch x86_64 -fno-stack-protector -c -o lis_matrix_diag.lo lis_matrix_diag.c
:info:build configure: C compiler options are: -O3 -pipe -DNDEBUG -Wimplicit -Wparentheses -Wsequence-point -Wreturn-type -Wcast-qual -Wall -Wno-unknown-pragmas -Wno-long-long   -DCOINHSL_BUILD
:info:build configure: Trying to determine Fortran compiler name
:info:build -- Looking for stddef.h - found
:info:build -- Check size of unsigned short
:info:build libtool: compile:  /opt/local/bin/clang-mp-3.3 -DHAVE_CONFIG_H -I. -I../../include -I/opt/local/include -I../../include -O3 -fomit-frame-pointer -pipe -Os -arch x86_64 -fno-stack-protector -c lis_matrix_diag.c  -fno-common -DPIC -o .libs/lis_matrix_diag.o
:info:build checking whether we are using the GNU Fortran 77 compiler... yes
:info:build checking whether /opt/local/bin/gfortran-mp-4.8 accepts -g... /bin/sh ../../libtool --mode=compile --tag=CC /opt/local/bin/clang-mp-3.3  -DHAVE_CONFIG_H -I. -I../../include   -I/opt/local/include -I../../include  -O3 -fomit-frame-pointer -pipe -Os -arch x86_64 -fno-stack-protector -c -o lis_matrix_dns.lo lis_matrix_dns.c
:info:build yes
:info:build libtool: compile:  /opt/local/bin/clang-mp-3.3 -DHAVE_CONFIG_H -I. -I../../include -I/opt/local/include -I../../include -O3 -fomit-frame-pointer -pipe -Os -arch x86_64 -fno-stack-protector -c lis_matrix_dns.c  -fno-common -DPIC -o .libs/lis_matrix_dns.o
:info:build /bin/sh ../../libtool --mode=compile --tag=CC /opt/local/bin/clang-mp-3.3  -DHAVE_CONFIG_H -I. -I../../include   -I/opt/local/include -I../../include  -O3 -fomit-frame-pointer -pipe -Os -arch x86_64 -fno-stack-protector -c -o lis_matrix_ell.lo lis_matrix_ell.c
:info:build -- Check size of unsigned short - done
:info:build -- Using unsigned short
:info:build libtool: compile:  /opt/local/bin/clang-mp-3.3 -DHAVE_CONFIG_H -I. -I../../include -I/opt/local/include -I../../include -O3 -fomit-frame-pointer -pipe -Os -arch x86_64 -fno-stack-protector -c lis_matrix_ell.c  -fno-common -DPIC -o .libs/lis_matrix_ell.o
:info:build /bin/sh ../../libtool --mode=compile --tag=CC /opt/local/bin/clang-mp-3.3  -DHAVE_CONFIG_H -I. -I../../include   -I/opt/local/include -I../../include  -O3 -fomit-frame-pointer -pipe -Os -arch x86_64 -fno-stack-protector -c -o lis_matrix_ilu.lo lis_matrix_ilu.c
:info:build configure: Fortran compiler options are: -O3 -pipe  
:info:build /bin/sh ../../libtool --mode=compile --tag=CC /opt/local/bin/clang-mp-3.3  -DHAVE_CONFIG_H -I. -I../../include   -I/opt/local/include -I../../include  -O3 -fomit-frame-pointer -pipe -Os -arch x86_64 -fno-stack-protector -c -o lis_matrix_jad.lo lis_matrix_jad.c
:info:build checking how to get verbose linking output from /opt/local/bin/gfortran-mp-4.8... libtool: compile:  /opt/local/bin/clang-mp-3.3 -DHAVE_CONFIG_H -I. -I../../include -I/opt/local/include -I../../include -O3 -fomit-frame-pointer -pipe -Os -arch x86_64 -fno-stack-protector -c lis_matrix_ilu.c  -fno-common -DPIC -o .libs/lis_matrix_ilu.o
:info:build libtool: compile:  /opt/local/bin/clang-mp-3.3 -DHAVE_CONFIG_H -I. -I../../include -I/opt/local/include -I../../include -O3 -fomit-frame-pointer -pipe -Os -arch x86_64 -fno-stack-protector -c lis_matrix_jad.c  -fno-common -DPIC -o .libs/lis_matrix_jad.o
:info:build -- Check if the system is big endian - little endian
:info:build -- Looking for off_t
:info:build -v
:info:build checking for Fortran libraries of /opt/local/bin/gfortran-mp-4.8... /bin/sh ../../libtool --mode=compile --tag=CC /opt/local/bin/clang-mp-3.3  -DHAVE_CONFIG_H -I. -I../../include   -I/opt/local/include -I../../include  -O3 -fomit-frame-pointer -pipe -Os -arch x86_64 -fno-stack-protector -c -o lis_matrix_mpi.lo lis_matrix_mpi.c
:info:build /bin/sh ../../libtool --mode=compile --tag=CC /opt/local/bin/clang-mp-3.3  -DHAVE_CONFIG_H -I. -I../../include   -I/opt/local/include -I../../include  -O3 -fomit-frame-pointer -pipe -Os -arch x86_64 -fno-stack-protector -c -o lis_matrix_msr.lo lis_matrix_msr.c
:info:build libtool: compile:  /opt/local/bin/clang-mp-3.3 -DHAVE_CONFIG_H -I. -I../../include -I/opt/local/include -I../../include -O3 -fomit-frame-pointer -pipe -Os -arch x86_64 -fno-stack-protector -c lis_matrix_mpi.c  -fno-common -DPIC -o .libs/lis_matrix_mpi.o
:info:build libtool: compile:  /opt/local/bin/clang-mp-3.3 -DHAVE_CONFIG_H -I. -I../../include -I/opt/local/include -I../../include -O3 -fomit-frame-pointer -pipe -Os -arch x86_64 -fno-stack-protector -c lis_matrix_msr.c  -fno-common -DPIC -o .libs/lis_matrix_msr.o
:info:build /bin/sh ../../libtool --mode=compile --tag=CC /opt/local/bin/clang-mp-3.3  -DHAVE_CONFIG_H -I. -I../../include   -I/opt/local/include -I../../include  -O3 -fomit-frame-pointer -pipe -Os -arch x86_64 -fno-stack-protector -c -o lis_matrix_ops.lo lis_matrix_ops.c
:info:build -- Looking for off_t - not found
:info:build  -L/opt/local/var/macports/build/_opt_local_var_macports_sources_build.openmodelica.org_macports_lang_openmodelica-devel/openmodelica-devel/work/openmodelica_23929/build/lib/omc -L/opt/local/lib -L/opt/local/lib/gcc48/gcc/x86_64-apple-darwin13/4.8.3 -L/opt/local/lib/gcc48/gcc/x86_64-apple-darwin13/4.8.3/../../.. -lgfortran -lSystem -lgcc_ext.10.5 -lquadmath -lm
:info:build checking for dummy main to link with Fortran libraries... -- Looking for size_t
:info:build libtool: compile:  /opt/local/bin/clang-mp-3.3 -DHAVE_CONFIG_H -I. -I../../include -I/opt/local/include -I../../include -O3 -fomit-frame-pointer -pipe -Os -arch x86_64 -fno-stack-protector -c lis_matrix_ops.c  -fno-common -DPIC -o .libs/lis_matrix_ops.o
:info:build /bin/sh ../../libtool --mode=compile --tag=CC /opt/local/bin/clang-mp-3.3  -DHAVE_CONFIG_H -I. -I../../include   -I/opt/local/include -I../../include  -O3 -fomit-frame-pointer -pipe -Os -arch x86_64 -fno-stack-protector -c -o lis_matrix_rco.lo lis_matrix_rco.c
:info:build libtool: compile:  /opt/local/bin/clang-mp-3.3 -DHAVE_CONFIG_H -I. -I../../include -I/opt/local/include -I../../include -O3 -fomit-frame-pointer -pipe -Os -arch x86_64 -fno-stack-protector -c lis_matrix_rco.c  -fno-common -DPIC -o .libs/lis_matrix_rco.o
:info:build none
:info:build checking for Fortran name-mangling scheme... -- Looking for size_t - not found
:info:build -- Configuring done
:info:build -- Generating done
:info:build -- Build files have been written to: /opt/local/var/macports/build/_opt_local_var_macports_sources_build.openmodelica.org_macports_lang_openmodelica-devel/openmodelica-devel/work/openmodelica_23929/3rdParty/FMIL/build/ExpatEx
:info:build /bin/sh ../../libtool --mode=compile --tag=CC /opt/local/bin/clang-mp-3.3  -DHAVE_CONFIG_H -I. -I../../include   -I/opt/local/include -I../../include  -O3 -fomit-frame-pointer -pipe -Os -arch x86_64 -fno-stack-protector -c -o lis_matrix_vbr.lo lis_matrix_vbr.c
:info:build [ 39%] autoreconf: running: glibtoolize --copy --force
:info:build Performing dependent_reconfigure step for 'expatex'
:info:build libtool: compile:  /opt/local/bin/clang-mp-3.3 -DHAVE_CONFIG_H -I. -I../../include -I/opt/local/include -I../../include -O3 -fomit-frame-pointer -pipe -Os -arch x86_64 -fno-stack-protector -c lis_matrix_vbr.c  -fno-common -DPIC -o .libs/lis_matrix_vbr.o
:info:build Running:  /opt/local/bin/cmake -G  Unix Makefiles"  -DBUILD_tools:BOOLEAN=OFF -DBUILD_examples:BOOLEAN=OFF -DBUILD_tests:BOOLEAN=OFF -DBUILD_shared:BOOLEAN=OFF -DXML_DTD:BOOLEAN=OFF -DXML_NS:BOOLEAN=OFF -DCMAKE_BUILD_TYPE:STRING=Release -DCMAKE_C_FLAGS:STRING=-pipe -Os -arch x86_64 -fno-stack-protector  -DXML_STATIC -DFMI_XML_QUERY -DCMAKE_C_FLAGS_DEBUG:STRING=-g -DCMAKE_C_FLAGS_RELEASE:STRING=-O3 -DNDEBUG -DCMAKE_C_FLAGS_MINSIZEREL:STRING=-Os -DNDEBUG -DCMAKE_C_FLAGS_RELWITHDEBINFO:STRING=-O2 -g -DNDEBUG -DCMAKE_EXE_LINKER_FLAGS:STRING=  -DCMAKE_LINK_LIBRARY_FLAG:STRING=-l -DCMAKE_MODULE_LINKER_FLAGS:STRING=  -DCMAKE_SHARED_LINKER_FLAGS:STRING=  -DCMAKE_INSTALL_PREFIX:PATH=/opt/local/var/macports/build/_opt_local_var_macports_sources_build.openmodelica.org_macports_lang_openmodelica-devel/openmodelica-devel/work/openmodelica_23929/3rdParty/FMIL/build/ExpatEx/install /opt/local/var/macports/build/_opt_local_var_macports_sources_build.openmodelica.org_macports_lang_openmodelica-devel/openmodelica-devel/work/openmodelica_23929/3rdParty/FMIL/ThirdParty/Expat/expat-2.1.0"
:info:build -- Configuring done
:info:build -- Generating done
:info:build -- Build files have been written to: /opt/local/var/macports/build/_opt_local_var_macports_sources_build.openmodelica.org_macports_lang_openmodelica-devel/openmodelica-devel/work/openmodelica_23929/3rdParty/FMIL/build/ExpatEx
:info:build [ 40%] Performing build step for 'expatex'
:info:build make[5]: Entering directory `/opt/local/var/macports/build/_opt_local_var_macports_sources_build.openmodelica.org_macports_lang_openmodelica-devel/openmodelica-devel/work/openmodelica_23929/3rdParty/FMIL/build/ExpatEx'
:info:build make[6]: Entering directory `/opt/local/var/macports/build/_opt_local_var_macports_sources_build.openmodelica.org_macports_lang_openmodelica-devel/openmodelica-devel/work/openmodelica_23929/3rdParty/FMIL/build/ExpatEx'
:info:build make[7]: Entering directory `/opt/local/var/macports/build/_opt_local_var_macports_sources_build.openmodelica.org_macports_lang_openmodelica-devel/openmodelica-devel/work/openmodelica_23929/3rdParty/FMIL/build/ExpatEx'
:info:build Scanning dependencies of target expat
:info:build make[7]: Leaving directory `/opt/local/var/macports/build/_opt_local_var_macports_sources_build.openmodelica.org_macports_lang_openmodelica-devel/openmodelica-devel/work/openmodelica_23929/3rdParty/FMIL/build/ExpatEx'
:info:build make[7]: Entering directory `/opt/local/var/macports/build/_opt_local_var_macports_sources_build.openmodelica.org_macports_lang_openmodelica-devel/openmodelica-devel/work/openmodelica_23929/3rdParty/FMIL/build/ExpatEx'
:info:build lower case, underscore, no extra underscore
:info:build [ 20%] checking for egrep... [ 40%] [ 60%] grep -E
:info:build Building C object CMakeFiles/expat.dir/lib/xmlparse.c.o
:info:build Building C object CMakeFiles/expat.dir/lib/xmlrole.c.o
:info:build Building C object CMakeFiles/expat.dir/lib/xmltok.c.o
:info:build [ 80%] checking whether we are using the GNU Fortran compiler... Building C object CMakeFiles/expat.dir/lib/xmltok_impl.c.o
:info:build /bin/sh ../../libtool --tag=CC   --mode=link /opt/local/bin/clang-mp-3.3 -I../../include  -O3 -fomit-frame-pointer -pipe -Os -arch x86_64 -fno-stack-protector  -L/opt/local/lib -Wl,-headerpad_max_install_names -arch x86_64 -Wl,-install_name,@rpath/liblis.dylib -o libmatrix.la  lis_matrix.lo lis_matrix_bsc.lo lis_matrix_bsr.lo lis_matrix_csc.lo lis_matrix_coo.lo lis_matrix_csr.lo lis_matrix_dia.lo lis_matrix_diag.lo lis_matrix_dns.lo lis_matrix_ell.lo lis_matrix_ilu.lo lis_matrix_jad.lo lis_matrix_mpi.lo lis_matrix_msr.lo lis_matrix_ops.lo lis_matrix_rco.lo lis_matrix_vbr.lo  -lm 
:info:build [100%] yes
:info:build checking whether /opt/local/bin/gfortran-mp-4.8 accepts -g... Building C object CMakeFiles/expat.dir/lib/xmltok_ns.c.o
:info:build glibtoolize: putting auxiliary files in AC_CONFIG_AUX_DIR, '.'.
:info:build glibtoolize: copying file './ltmain.sh'
:info:build yes
:info:build glibtoolize: putting macros in AC_CONFIG_MACRO_DIRS, 'm4'.
:info:build glibtoolize: copying file 'm4/libtool.m4'
:info:build checking whether ln -s works... yes
:info:build checking for a BSD-compatible install... /usr/bin/install -c
:info:build checking whether build environment is sane... libtool: link: ar cru .libs/libmatrix.a .libs/lis_matrix.o .libs/lis_matrix_bsc.o .libs/lis_matrix_bsr.o .libs/lis_matrix_csc.o .libs/lis_matrix_coo.o .libs/lis_matrix_csr.o .libs/lis_matrix_dia.o .libs/lis_matrix_diag.o .libs/lis_matrix_dns.o .libs/lis_matrix_ell.o .libs/lis_matrix_ilu.o .libs/lis_matrix_jad.o .libs/lis_matrix_mpi.o .libs/lis_matrix_msr.o .libs/lis_matrix_ops.o .libs/lis_matrix_rco.o .libs/lis_matrix_vbr.o 
:info:build glibtoolize: copying file 'm4/ltoptions.m4'
:info:build libtool: link: ranlib .libs/libmatrix.a
:info:build libtool: link: ( cd ".libs" && rm -f "libmatrix.la" && ln -s "../libmatrix.la" "libmatrix.la" )
:info:build make[4]: Leaving directory `/opt/local/var/macports/build/_opt_local_var_macports_sources_build.openmodelica.org_macports_lang_openmodelica-devel/openmodelica-devel/work/openmodelica_23929/3rdParty/lis-1.4.12/src/matrix'
:info:build Making all in vector
:info:build make[4]: Entering directory `/opt/local/var/macports/build/_opt_local_var_macports_sources_build.openmodelica.org_macports_lang_openmodelica-devel/openmodelica-devel/work/openmodelica_23929/3rdParty/lis-1.4.12/src/vector'
:info:build /bin/sh ../../libtool --mode=compile --tag=CC /opt/local/bin/clang-mp-3.3  -DHAVE_CONFIG_H -I. -I../../include   -I/opt/local/include -I../../include -O3 -fomit-frame-pointer -pipe -Os -arch x86_64 -fno-stack-protector -c -o lis_vector.lo lis_vector.c
:info:build /bin/sh ../../libtool --mode=compile --tag=CC /opt/local/bin/clang-mp-3.3  -DHAVE_CONFIG_H -I. -I../../include   -I/opt/local/include -I../../include -O3 -fomit-frame-pointer -pipe -Os -arch x86_64 -fno-stack-protector -c -o lis_vector_ops.lo lis_vector_ops.c
:info:build /bin/sh ../../libtool --mode=compile --tag=CC /opt/local/bin/clang-mp-3.3  -DHAVE_CONFIG_H -I. -I../../include   -I/opt/local/include -I../../include -O3 -fomit-frame-pointer -pipe -Os -arch x86_64 -fno-stack-protector -c -o lis_vector_opv.lo lis_vector_opv.c
:info:build glibtoolize: copying file 'm4/ltsugar.m4'
:info:build libtool: compile:  /opt/local/bin/clang-mp-3.3 -DHAVE_CONFIG_H -I. -I../../include -I/opt/local/include -I../../include -O3 -fomit-frame-pointer -pipe -Os -arch x86_64 -fno-stack-protector -c lis_vector_ops.c  -fno-common -DPIC -o .libs/lis_vector_ops.o
:info:build libtool: compile:  /opt/local/bin/clang-mp-3.3 -DHAVE_CONFIG_H -I. -I../../include -I/opt/local/include -I../../include -O3 -fomit-frame-pointer -pipe -Os -arch x86_64 -fno-stack-protector -c lis_vector.c  -fno-common -DPIC -o .libs/lis_vector.o
:info:build libtool: compile:  /opt/local/bin/clang-mp-3.3 -DHAVE_CONFIG_H -I. -I../../include -I/opt/local/include -I../../include -O3 -fomit-frame-pointer -pipe -Os -arch x86_64 -fno-stack-protector -c lis_vector_opv.c  -fno-common -DPIC -o .libs/lis_vector_opv.o
:info:build glibtoolize: copying file 'm4/ltversion.m4'
:info:build glibtoolize: copying file 'm4/lt~obsolete.m4'
:info:build /bin/sh ../../libtool --tag=CC   --mode=link /opt/local/bin/clang-mp-3.3 -I../../include -O3 -fomit-frame-pointer -pipe -Os -arch x86_64 -fno-stack-protector  -L/opt/local/lib -Wl,-headerpad_max_install_names -arch x86_64 -Wl,-install_name,@rpath/liblis.dylib -o libvector.la  lis_vector.lo lis_vector_ops.lo lis_vector_opv.lo  -lm 
:info:build libtool: link: ar cru .libs/libvector.a .libs/lis_vector.o .libs/lis_vector_ops.o .libs/lis_vector_opv.o 
:info:build libtool: link: ranlib .libs/libvector.a
:info:build libtool: link: ( cd ".libs" && rm -f "libvector.la" && ln -s "../libvector.la" "libvector.la" )
:info:build make[4]: Leaving directory `/opt/local/var/macports/build/_opt_local_var_macports_sources_build.openmodelica.org_macports_lang_openmodelica-devel/openmodelica-devel/work/openmodelica_23929/3rdParty/lis-1.4.12/src/vector'
:info:build Making all in matvec
:info:build make[4]: Entering directory `/opt/local/var/macports/build/_opt_local_var_macports_sources_build.openmodelica.org_macports_lang_openmodelica-devel/openmodelica-devel/work/openmodelica_23929/3rdParty/lis-1.4.12/src/matvec'
:info:build /bin/sh ../../libtool --mode=compile --tag=CC /opt/local/bin/clang-mp-3.3  -DHAVE_CONFIG_H -I. -I../../include   -I/opt/local/include -I../../include -O3 -fomit-frame-pointer -pipe -Os -arch x86_64 -fno-stack-protector -c -o lis_matvec.lo lis_matvec.c
:info:build /bin/sh ../../libtool --mode=compile --tag=CC /opt/local/bin/clang-mp-3.3  -DHAVE_CONFIG_H -I. -I../../include   -I/opt/local/include -I../../include -O3 -fomit-frame-pointer -pipe -Os -arch x86_64 -fno-stack-protector -c -o lis_matvec_bsc.lo lis_matvec_bsc.c
:info:build /bin/sh ../../libtool --mode=compile --tag=CC /opt/local/bin/clang-mp-3.3  -DHAVE_CONFIG_H -I. -I../../include   -I/opt/local/include -I../../include -O3 -fomit-frame-pointer -pipe -Os -arch x86_64 -fno-stack-protector -c -o lis_matvec_bsr.lo lis_matvec_bsr.c
:info:build libtool: compile:  /opt/local/bin/clang-mp-3.3 -DHAVE_CONFIG_H -I. -I../../include -I/opt/local/include -I../../include -O3 -fomit-frame-pointer -pipe -Os -arch x86_64 -fno-stack-protector -c lis_matvec.c  -fno-common -DPIC -o .libs/lis_matvec.o
:info:build libtool: compile:  /opt/local/bin/clang-mp-3.3 -DHAVE_CONFIG_H -I. -I../../include -I/opt/local/include -I../../include -O3 -fomit-frame-pointer -pipe -Os -arch x86_64 -fno-stack-protector -c lis_matvec_bsc.c  -fno-common -DPIC -o .libs/lis_matvec_bsc.o
:info:build libtool: compile:  /opt/local/bin/clang-mp-3.3 -DHAVE_CONFIG_H -I. -I../../include -I/opt/local/include -I../../include -O3 -fomit-frame-pointer -pipe -Os -arch x86_64 -fno-stack-protector -c lis_matvec_bsr.c  -fno-common -DPIC -o .libs/lis_matvec_bsr.o
:info:build configure.ac:9: installing './compile'
:info:build configure.ac:12: installing './config.guess'
:info:build configure.ac:12: installing './config.sub'
:info:build configure.ac:5: installing './install-sh'
:info:build configure.ac:5: installing './missing'
:info:build Makefile.am: installing './INSTALL'
:info:build Makefile.am: installing './depcomp'
:info:build /bin/sh ../../libtool --mode=compile --tag=CC /opt/local/bin/clang-mp-3.3  -DHAVE_CONFIG_H -I. -I../../include   -I/opt/local/include -I../../include -O3 -fomit-frame-pointer -pipe -Os -arch x86_64 -fno-stack-protector -c -o lis_matvec_csc.lo lis_matvec_csc.c
:info:build libtool: compile:  /opt/local/bin/clang-mp-3.3 -DHAVE_CONFIG_H -I. -I../../include -I/opt/local/include -I../../include -O3 -fomit-frame-pointer -pipe -Os -arch x86_64 -fno-stack-protector -c lis_matvec_csc.c  -fno-common -DPIC -o .libs/lis_matvec_csc.o
:info:build /bin/sh ../../libtool --mode=compile --tag=CC /opt/local/bin/clang-mp-3.3  -DHAVE_CONFIG_H -I. -I../../include   -I/opt/local/include -I../../include -O3 -fomit-frame-pointer -pipe -Os -arch x86_64 -fno-stack-protector -c -o lis_matvec_coo.lo lis_matvec_coo.c
:info:build (cd "libraries/Resources//BuildProjects/autotools" && (test -f Makefile || (./configure "--host=x86_64-apple-darwin13.4.0" --libdir="`cd ../../../../build/lib/omc/ && pwd -P || echo ERROR-BAD-INSTALL-PATH`" CC="/opt/local/bin/clang-mp-3.3" CFLAGS="-pipe -Os -arch x86_64 -fno-stack-protector" CPPFLAGS="-I/opt/local/include" LDFLAGS="-L/opt/local/lib -Wl,-headerpad_max_install_names -arch x86_64" --disable-hdf5 --enable-static-zlib --enable-static --disable-shared && /Applications/Xcode.app/Contents/Developer/usr/bin/make clean)))
:info:build libtool: compile:  /opt/local/bin/clang-mp-3.3 -DHAVE_CONFIG_H -I. -I../../include -I/opt/local/include -I../../include -O3 -fomit-frame-pointer -pipe -Os -arch x86_64 -fno-stack-protector -c lis_matvec_coo.c  -fno-common -DPIC -o .libs/lis_matvec_coo.o
:info:build /bin/sh ../../libtool --mode=compile --tag=CC /opt/local/bin/clang-mp-3.3  -DHAVE_CONFIG_H -I. -I../../include   -I/opt/local/include -I../../include -O3 -fomit-frame-pointer -pipe -Os -arch x86_64 -fno-stack-protector -c -o lis_matvec_csr.lo lis_matvec_csr.c
:info:build Linking C static library libexpat.a
:info:build libtool: compile:  /opt/local/bin/clang-mp-3.3 -DHAVE_CONFIG_H -I. -I../../include -I/opt/local/include -I../../include -O3 -fomit-frame-pointer -pipe -Os -arch x86_64 -fno-stack-protector -c lis_matvec_csr.c  -fno-common -DPIC -o .libs/lis_matvec_csr.o
:info:build /bin/sh ../../libtool --mode=compile --tag=CC /opt/local/bin/clang-mp-3.3  -DHAVE_CONFIG_H -I. -I../../include   -I/opt/local/include -I../../include -O3 -fomit-frame-pointer -pipe -Os -arch x86_64 -fno-stack-protector -c -o lis_matvec_dia.lo lis_matvec_dia.c
:info:build /bin/sh ../../libtool --mode=compile --tag=CC /opt/local/bin/clang-mp-3.3  -DHAVE_CONFIG_H -I. -I../../include   -I/opt/local/include -I../../include -O3 -fomit-frame-pointer -pipe -Os -arch x86_64 -fno-stack-protector -c -o lis_matvec_dns.lo lis_matvec_dns.c
:info:build /Applications/Xcode.app/Contents/Developer/Toolchains/XcodeDefault.xctoolchain/usr/bin/ranlib: file: libexpat.a(xmltok_impl.c.o) has no symbols
:info:build /Applications/Xcode.app/Contents/Developer/Toolchains/XcodeDefault.xctoolchain/usr/bin/ranlib: file: libexpat.a(xmltok_ns.c.o) has no symbols
:info:build /Applications/Xcode.app/Contents/Developer/Toolchains/XcodeDefault.xctoolchain/usr/bin/ranlib: file: libexpat.a(xmltok_impl.c.o) has no symbols
:info:build /Applications/Xcode.app/Contents/Developer/Toolchains/XcodeDefault.xctoolchain/usr/bin/ranlib: file: libexpat.a(xmltok_ns.c.o) has no symbols
:info:build make[7]: Leaving directory `/opt/local/var/macports/build/_opt_local_var_macports_sources_build.openmodelica.org_macports_lang_openmodelica-devel/openmodelica-devel/work/openmodelica_23929/3rdParty/FMIL/build/ExpatEx'
:info:build libtool: compile:  /opt/local/bin/clang-mp-3.3 -DHAVE_CONFIG_H -I. -I../../include -I/opt/local/include -I../../include -O3 -fomit-frame-pointer -pipe -Os -arch x86_64 -fno-stack-protector -c lis_matvec_dia.c  -fno-common -DPIC -o .libs/lis_matvec_dia.o
:info:build libtool: compile:  /opt/local/bin/clang-mp-3.3 -DHAVE_CONFIG_H -I. -I../../include -I/opt/local/include -I../../include -O3 -fomit-frame-pointer -pipe -Os -arch x86_64 -fno-stack-protector -c lis_matvec_dns.c  -fno-common -DPIC -o .libs/lis_matvec_dns.o
:info:build /bin/sh ../../libtool --mode=compile --tag=CC /opt/local/bin/clang-mp-3.3  -DHAVE_CONFIG_H -I. -I../../include   -I/opt/local/include -I../../include -O3 -fomit-frame-pointer -pipe -Os -arch x86_64 -fno-stack-protector -c -o lis_matvec_ell.lo lis_matvec_ell.c
:info:build [100%] Built target expat
:info:build make[6]: Leaving directory `/opt/local/var/macports/build/_opt_local_var_macports_sources_build.openmodelica.org_macports_lang_openmodelica-devel/openmodelica-devel/work/openmodelica_23929/3rdParty/FMIL/build/ExpatEx'
:info:build make[5]: Leaving directory `/opt/local/var/macports/build/_opt_local_var_macports_sources_build.openmodelica.org_macports_lang_openmodelica-devel/openmodelica-devel/work/openmodelica_23929/3rdParty/FMIL/build/ExpatEx'
:info:build libtool: compile:  /opt/local/bin/clang-mp-3.3 -DHAVE_CONFIG_H -I. -I../../include -I/opt/local/include -I../../include -O3 -fomit-frame-pointer -pipe -Os -arch x86_64 -fno-stack-protector -c lis_matvec_ell.c  -fno-common -DPIC -o .libs/lis_matvec_ell.o
:info:build [ 41%] Performing install step for 'expatex'
:info:build /bin/sh ../../libtool --mode=compile --tag=CC /opt/local/bin/clang-mp-3.3  -DHAVE_CONFIG_H -I. -I../../include   -I/opt/local/include -I../../include -O3 -fomit-frame-pointer -pipe -Os -arch x86_64 -fno-stack-protector -c -o lis_matvec_jad.lo lis_matvec_jad.c
:info:build make[5]: Entering directory `/opt/local/var/macports/build/_opt_local_var_macports_sources_build.openmodelica.org_macports_lang_openmodelica-devel/openmodelica-devel/work/openmodelica_23929/3rdParty/FMIL/build/ExpatEx'
:info:build yes
:info:build libtool: compile:  /opt/local/bin/clang-mp-3.3 -DHAVE_CONFIG_H -I. -I../../include -I/opt/local/include -I../../include -O3 -fomit-frame-pointer -pipe -Os -arch x86_64 -fno-stack-protector -c lis_matvec_jad.c  -fno-common -DPIC -o .libs/lis_matvec_jad.o
:info:build checking for gawk... no
:info:build checking for mawk... no
:info:build checking for nawk... no
:info:build checking for awk... awk
:info:build checking whether make sets $(MAKE)... make[6]: Entering directory `/opt/local/var/macports/build/_opt_local_var_macports_sources_build.openmodelica.org_macports_lang_openmodelica-devel/openmodelica-devel/work/openmodelica_23929/3rdParty/FMIL/build/ExpatEx'
:info:build /bin/sh ../../libtool --mode=compile --tag=CC /opt/local/bin/clang-mp-3.3  -DHAVE_CONFIG_H -I. -I../../include   -I/opt/local/include -I../../include -O3 -fomit-frame-pointer -pipe -Os -arch x86_64 -fno-stack-protector -c -o lis_matvec_msr.lo lis_matvec_msr.c
:info:build make[7]: Entering directory `/opt/local/var/macports/build/_opt_local_var_macports_sources_build.openmodelica.org_macports_lang_openmodelica-devel/openmodelica-devel/work/openmodelica_23929/3rdParty/FMIL/build/ExpatEx'
:info:build checking for a BSD-compatible install... yes
:info:build make[7]: Leaving directory `/opt/local/var/macports/build/_opt_local_var_macports_sources_build.openmodelica.org_macports_lang_openmodelica-devel/openmodelica-devel/work/openmodelica_23929/3rdParty/FMIL/build/ExpatEx'
:info:build /bin/sh ../../libtool --mode=compile --tag=CC /opt/local/bin/clang-mp-3.3  -DHAVE_CONFIG_H -I. -I../../include   -I/opt/local/include -I../../include -O3 -fomit-frame-pointer -pipe -Os -arch x86_64 -fno-stack-protector -c -o lis_matvec_vbr.lo lis_matvec_vbr.c
:info:build checking for style of include used by make... libtool: compile:  /opt/local/bin/clang-mp-3.3 -DHAVE_CONFIG_H -I. -I../../include -I/opt/local/include -I../../include -O3 -fomit-frame-pointer -pipe -Os -arch x86_64 -fno-stack-protector -c lis_matvec_msr.c  -fno-common -DPIC -o .libs/lis_matvec_msr.o
:info:build /usr/bin/install -c
:info:build checking whether build environment is sane... [100%] GNU
:info:build yes
:info:build Built target expat
:info:build make[6]: Leaving directory `/opt/local/var/macports/build/_opt_local_var_macports_sources_build.openmodelica.org_macports_lang_openmodelica-devel/openmodelica-devel/work/openmodelica_23929/3rdParty/FMIL/build/ExpatEx'
:info:build checking dependency style of /opt/local/bin/clang-mp-3.3... libtool: compile:  /opt/local/bin/clang-mp-3.3 -DHAVE_CONFIG_H -I. -I../../include -I/opt/local/include -I../../include -O3 -fomit-frame-pointer -pipe -Os -arch x86_64 -fno-stack-protector -c lis_matvec_vbr.c  -fno-common -DPIC -o .libs/lis_matvec_vbr.o
:info:build checking for x86_64-apple-darwin13.4.0-strip... no
:info:build checking for strip... strip
:info:build checking for a thread-safe mkdir -p... ./install-sh -c -d
:info:build checking for gawk... no
:info:build checking for mawk... no
:info:build checking for nawk... no
:info:build checking for awk... awk
:info:build checking whether make sets $(MAKE)... Install the project...
:info:build -- Install configuration: "Release"
:info:build -- Installing: /opt/local/var/macports/build/_opt_local_var_macports_sources_build.openmodelica.org_macports_lang_openmodelica-devel/openmodelica-devel/work/openmodelica_23929/3rdParty/FMIL/build/ExpatEx/install/lib/libexpat.a
:info:build /Applications/Xcode.app/Contents/Developer/Toolchains/XcodeDefault.xctoolchain/usr/bin/ranlib: file: /opt/local/var/macports/build/_opt_local_var_macports_sources_build.openmodelica.org_macports_lang_openmodelica-devel/openmodelica-devel/work/openmodelica_23929/3rdParty/FMIL/build/ExpatEx/install/lib/libexpat.a(xmltok_impl.c.o) has no symbols
:info:build /Applications/Xcode.app/Contents/Developer/Toolchains/XcodeDefault.xctoolchain/usr/bin/ranlib: file: /opt/local/var/macports/build/_opt_local_var_macports_sources_build.openmodelica.org_macports_lang_openmodelica-devel/openmodelica-devel/work/openmodelica_23929/3rdParty/FMIL/build/ExpatEx/install/lib/libexpat.a(xmltok_ns.c.o) has no symbols
:info:build -- Installing: /opt/local/var/macports/build/_opt_local_var_macports_sources_build.openmodelica.org_macports_lang_openmodelica-devel/openmodelica-devel/work/openmodelica_23929/3rdParty/FMIL/build/ExpatEx/install/include/expat.h
:info:build yes
:info:build -- Installing: /opt/local/var/macports/build/_opt_local_var_macports_sources_build.openmodelica.org_macports_lang_openmodelica-devel/openmodelica-devel/work/openmodelica_23929/3rdParty/FMIL/build/ExpatEx/install/include/expat_external.h
:info:build -- Installing: /opt/local/var/macports/build/_opt_local_var_macports_sources_build.openmodelica.org_macports_lang_openmodelica-devel/openmodelica-devel/work/openmodelica_23929/3rdParty/FMIL/build/ExpatEx/install/lib/pkgconfig/expat.pc
:info:build make[5]: Leaving directory `/opt/local/var/macports/build/_opt_local_var_macports_sources_build.openmodelica.org_macports_lang_openmodelica-devel/openmodelica-devel/work/openmodelica_23929/3rdParty/FMIL/build/ExpatEx'
:info:build checking whether make supports nested variables... yes
:info:build [ 42%] Completed 'expatex'
:info:build checking for x86_64-apple-darwin13.4.0-gcc... /opt/local/bin/clang-mp-3.3
:info:build make[4]: Leaving directory `/opt/local/var/macports/build/_opt_local_var_macports_sources_build.openmodelica.org_macports_lang_openmodelica-devel/openmodelica-devel/work/openmodelica_23929/3rdParty/FMIL/build'
:info:build [ 42%] gcc3
:info:build checking whether to enable maintainer-specific portions of Makefiles... no
:info:build configure: Using libtool script in directory ../..
:info:build Built target expatex
:info:build make[4]: Entering directory `/opt/local/var/macports/build/_opt_local_var_macports_sources_build.openmodelica.org_macports_lang_openmodelica-devel/openmodelica-devel/work/openmodelica_23929/3rdParty/FMIL/build'
:info:build checking whether the C compiler works... Scanning dependencies of target fmixml
:info:build make[4]: Leaving directory `/opt/local/var/macports/build/_opt_local_var_macports_sources_build.openmodelica.org_macports_lang_openmodelica-devel/openmodelica-devel/work/openmodelica_23929/3rdParty/FMIL/build'
:info:build make[4]: Entering directory `/opt/local/var/macports/build/_opt_local_var_macports_sources_build.openmodelica.org_macports_lang_openmodelica-devel/openmodelica-devel/work/openmodelica_23929/3rdParty/FMIL/build'
:info:build [ 43%] [ 44%] [ 44%] Building C object CMakeFiles/fmixml.dir/src/XML/src/FMI/fmi_xml_context.c.o
:info:build [ 45%] Building C object CMakeFiles/fmixml.dir/src/XML/src/FMI1/fmi1_xml_parser.c.o
:info:build Building C object CMakeFiles/fmixml.dir/src/XML/src/FMI1/fmi1_xml_model_description.c.o
:info:build Building C object CMakeFiles/fmixml.dir/src/XML/src/FMI1/fmi1_xml_type.c.o
:info:build yes
:info:build checking for C compiler default output file name... a.out
:info:build checking for suffix of executables... 
:info:build checking whether we are cross compiling... checking if library version is set... 4:6:3
:info:build checking whether we can compile Fortran 90 code... [ 46%] Building C object CMakeFiles/fmixml.dir/src/XML/src/FMI1/fmi1_xml_unit.c.o
:info:build no
:info:build checking for suffix of object files... [ 47%] yes
:info:build checking for COIN-OR package Metis... skipping
:info:build Building C object CMakeFiles/fmixml.dir/src/XML/src/FMI1/fmi1_xml_vendor_annotations.c.o
:info:build checking which command should be used to link input files... cp
:info:build o
:info:build checking whether we are using the GNU C compiler... [ 48%] Building C object CMakeFiles/fmixml.dir/src/XML/src/FMI1/fmi1_xml_variable.c.o
:info:build yes
:info:build checking whether /opt/local/bin/clang-mp-3.3 accepts -g... configure: creating ./config.status
:info:build [ 49%] Building C object CMakeFiles/fmixml.dir/src/XML/src/FMI1/fmi1_xml_capabilities.c.o
:info:build yes
:info:build checking for /opt/local/bin/clang-mp-3.3 option to accept ISO C89... [ 50%] [ 51%] Building C object CMakeFiles/fmixml.dir/src/XML/src/FMI1/fmi1_xml_cosim.c.o
:info:build Building C object CMakeFiles/fmixml.dir/src/XML/src/FMI2/fmi2_xml_parser.c.o
:info:build none needed
:info:build checking whether /opt/local/bin/clang-mp-3.3 understands -c and -o together... [ 52%] Building C object CMakeFiles/fmixml.dir/src/XML/src/FMI2/fmi2_xml_model_description.c.o
:info:build yes
:info:build checking for style of include used by make... GNU
:info:build checking dependency style of /opt/local/bin/clang-mp-3.3... [ 53%] Building C object CMakeFiles/fmixml.dir/src/XML/src/FMI2/fmi2_xml_model_structure.c.o
:info:build gcc3
:info:build checking how to run the C preprocessor... [ 54%] Building C object CMakeFiles/fmixml.dir/src/XML/src/FMI2/fmi2_xml_type.c.o
:info:build /opt/local/bin/clang-mp-3.3 -E
:info:build [ 54%] Building C object CMakeFiles/fmixml.dir/src/XML/src/FMI2/fmi2_xml_unit.c.o
:info:build [ 55%] Building C object CMakeFiles/fmixml.dir/src/XML/src/FMI2/fmi2_xml_vendor_annotations.c.o
:info:build [ 56%] Building C object CMakeFiles/fmixml.dir/src/XML/src/FMI2/fmi2_xml_variable.c.o
:info:build config.status: creating Makefile
:info:build checking whether make sets $(MAKE)... (cached) yes
:info:build checking build system type... config.status: executing depfiles commands
:info:build x86_64-apple-darwin13.4.0
:info:build checking host system type... configure: In case of trouble, first consult the troubleshooting page at https://projects.coin-or.org/BuildTools/wiki/user-troubleshooting
:info:build configure: Configuration of ThirdPartyHSL successful
:info:build x86_64-apple-darwin13.4.0
:info:build checking how to print strings... printf
:info:build checking for a sed that does not truncate output... /bin/sh ../../libtool --tag=CC   --mode=link /opt/local/bin/clang-mp-3.3 -I../../include -O3 -fomit-frame-pointer -pipe -Os -arch x86_64 -fno-stack-protector  -L/opt/local/lib -Wl,-headerpad_max_install_names -arch x86_64 -Wl,-install_name,@rpath/liblis.dylib -o libmatvec.la  lis_matvec.lo lis_matvec_bsc.lo lis_matvec_bsr.lo lis_matvec_csc.lo lis_matvec_coo.lo lis_matvec_csr.lo lis_matvec_dia.lo lis_matvec_dns.lo lis_matvec_ell.lo lis_matvec_jad.lo lis_matvec_msr.lo lis_matvec_vbr.lo  -lm 
:info:build Linking C static library libfmixml.a
:info:build make[4]: Leaving directory `/opt/local/var/macports/build/_opt_local_var_macports_sources_build.openmodelica.org_macports_lang_openmodelica-devel/openmodelica-devel/work/openmodelica_23929/3rdParty/FMIL/build'
:info:build [ 56%] Built target fmixml
:info:build make[4]: Entering directory `/opt/local/var/macports/build/_opt_local_var_macports_sources_build.openmodelica.org_macports_lang_openmodelica-devel/openmodelica-devel/work/openmodelica_23929/3rdParty/FMIL/build'
:info:build make[4]: Entering directory `/opt/local/var/macports/build/_opt_local_var_macports_sources_build.openmodelica.org_macports_lang_openmodelica-devel/openmodelica-devel/work/openmodelica_23929/3rdParty/FMIL/build'
:info:build libtool: link: ar cru .libs/libmatvec.a .libs/lis_matvec.o .libs/lis_matvec_bsc.o .libs/lis_matvec_bsr.o .libs/lis_matvec_csc.o .libs/lis_matvec_coo.o .libs/lis_matvec_csr.o .libs/lis_matvec_dia.o .libs/lis_matvec_dns.o .libs/lis_matvec_ell.o .libs/lis_matvec_jad.o .libs/lis_matvec_msr.o .libs/lis_matvec_vbr.o 
:info:build libtool: link: ranlib .libs/libmatvec.a
:info:build Scanning dependencies of target fmiimport
:info:build make[4]: Leaving directory `/opt/local/var/macports/build/_opt_local_var_macports_sources_build.openmodelica.org_macports_lang_openmodelica-devel/openmodelica-devel/work/openmodelica_23929/3rdParty/FMIL/build'
:info:build Scanning dependencies of target fmilib_shared
:info:build make[4]: Leaving directory `/opt/local/var/macports/build/_opt_local_var_macports_sources_build.openmodelica.org_macports_lang_openmodelica-devel/openmodelica-devel/work/openmodelica_23929/3rdParty/FMIL/build'
:info:build libtool: link: ( cd ".libs" && rm -f "libmatvec.la" && ln -s "../libmatvec.la" "libmatvec.la" )
:info:build make[4]: Entering directory `/opt/local/var/macports/build/_opt_local_var_macports_sources_build.openmodelica.org_macports_lang_openmodelica-devel/openmodelica-devel/work/openmodelica_23929/3rdParty/FMIL/build'
:info:build make[4]: Leaving directory `/opt/local/var/macports/build/_opt_local_var_macports_sources_build.openmodelica.org_macports_lang_openmodelica-devel/openmodelica-devel/work/openmodelica_23929/3rdParty/lis-1.4.12/src/matvec'
:info:build Making all in precon
:info:build make[4]: Entering directory `/opt/local/var/macports/build/_opt_local_var_macports_sources_build.openmodelica.org_macports_lang_openmodelica-devel/openmodelica-devel/work/openmodelica_23929/3rdParty/FMIL/build'
:info:build [ 57%] make[4]: Entering directory `/opt/local/var/macports/build/_opt_local_var_macports_sources_build.openmodelica.org_macports_lang_openmodelica-devel/openmodelica-devel/work/openmodelica_23929/3rdParty/lis-1.4.12/src/precon'
:info:build /bin/sh ../../libtool --mode=compile --tag=CC /opt/local/bin/clang-mp-3.3  -DHAVE_CONFIG_H -I. -I../../include   -I/opt/local/include -I../../include -O3 -fomit-frame-pointer -pipe -Os -arch x86_64 -fno-stack-protector -c -o lis_precon.lo lis_precon.c
:info:build [ 58%] /usr/bin/sed
:info:build Building C object CMakeFiles/fmiimport.dir/src/Import/src/FMI/fmi_import_context.c.o
:info:build [ 59%] checking for grep that handles long lines and -e... Building C object CMakeFiles/fmiimport.dir/src/Import/src/FMI/fmi_import_util.c.o
:info:build [ 60%] Building C object CMakeFiles/fmiimport.dir/src/Import/src/FMI1/fmi1_import_cosim.c.o
:info:build Building C object CMakeFiles/fmilib_shared.dir/src/Import/src/FMI/fmi_import_context.c.o
:info:build configure: configuring in ThirdParty/Mumps
:info:build libtool: compile:  /opt/local/bin/clang-mp-3.3 -DHAVE_CONFIG_H -I. -I../../include -I/opt/local/include -I../../include -O3 -fomit-frame-pointer -pipe -Os -arch x86_64 -fno-stack-protector -c lis_precon.c  -fno-common -DPIC -o .libs/lis_precon.o
:info:build configure: running /bin/sh './configure' --prefix=/opt/local/var/macports/build/_opt_local_var_macports_sources_build.openmodelica.org_macports_lang_openmodelica-devel/openmodelica-devel/work/openmodelica_23929/3rdParty/Ipopt-3.11.6  '--with-pic' 'CC=/opt/local/bin/clang-mp-3.3' 'CXX=/opt/local/bin/clang++-mp-3.3' 'F77=/opt/local/bin/gfortran-mp-4.8' 'LDFLAGS=-L/opt/local/var/macports/build/_opt_local_var_macports_sources_build.openmodelica.org_macports_lang_openmodelica-devel/openmodelica-devel/work/openmodelica_23929/build/lib/omc -L/opt/local/lib -Wl,-headerpad_max_install_names -arch x86_64' '--with-lapack-lib=-llapack -lblas' '--with-blas-lib=-llapack -lblas' '--without-metis' '--without-HSLold' '--without-HSL' --cache-file=/dev/null --srcdir=.
:info:build /bin/sh ../../libtool --mode=compile --tag=CC /opt/local/bin/clang-mp-3.3  -DHAVE_CONFIG_H -I. -I../../include   -I/opt/local/include -I../../include -O3 -fomit-frame-pointer -pipe -Os -arch x86_64 -fno-stack-protector -c -o lis_precon_ads.lo lis_precon_ads.c
:info:build /bin/sh ../../libtool --mode=compile --tag=CC /opt/local/bin/clang-mp-3.3  -DHAVE_CONFIG_H -I. -I../../include   -I/opt/local/include -I../../include -O3 -fomit-frame-pointer -pipe -Os -arch x86_64 -fno-stack-protector -c -o lis_precon_hybrid.lo lis_precon_hybrid.c
:info:build libtool: compile:  /opt/local/bin/clang-mp-3.3 -DHAVE_CONFIG_H -I. -I../../include -I/opt/local/include -I../../include -O3 -fomit-frame-pointer -pipe -Os -arch x86_64 -fno-stack-protector -c lis_precon_ads.c  -fno-common -DPIC -o .libs/lis_precon_ads.o
:info:build [ 61%] [ 62%] Building C object CMakeFiles/fmilib_shared.dir/src/Import/src/FMI/fmi_import_util.c.o
:info:build Building C object CMakeFiles/fmiimport.dir/src/Import/src/FMI1/fmi1_import_capi.c.o
:info:build libtool: compile:  /opt/local/bin/clang-mp-3.3 -DHAVE_CONFIG_H -I. -I../../include -I/opt/local/include -I../../include -O3 -fomit-frame-pointer -pipe -Os -arch x86_64 -fno-stack-protector -c lis_precon_hybrid.c  -fno-common -DPIC -o .libs/lis_precon_hybrid.o
:info:build /bin/sh ../../libtool --mode=compile --tag=CC /opt/local/bin/clang-mp-3.3  -DHAVE_CONFIG_H -I. -I../../include   -I/opt/local/include -I../../include -O3 -fomit-frame-pointer -pipe -Os -arch x86_64 -fno-stack-protector -c -o lis_precon_iluc.lo lis_precon_iluc.c
:info:build libtool: compile:  /opt/local/bin/clang-mp-3.3 -DHAVE_CONFIG_H -I. -I../../include -I/opt/local/include -I../../include -O3 -fomit-frame-pointer -pipe -Os -arch x86_64 -fno-stack-protector -c lis_precon_iluc.c  -fno-common -DPIC -o .libs/lis_precon_iluc.o
:info:build [ 63%] /usr/bin/grep
:info:build checking for egrep... Building C object CMakeFiles/fmilib_shared.dir/src/Import/src/FMI1/fmi1_import_cosim.c.o
:info:build /usr/bin/grep -E
:info:build checking for fgrep... /bin/sh ../../libtool --mode=compile --tag=CC /opt/local/bin/clang-mp-3.3  -DHAVE_CONFIG_H -I. -I../../include   -I/opt/local/include -I../../include -O3 -fomit-frame-pointer -pipe -Os -arch x86_64 -fno-stack-protector -c -o lis_precon_iluk.lo lis_precon_iluk.c
:info:build /bin/sh ../../libtool --mode=compile --tag=CC /opt/local/bin/clang-mp-3.3  -DHAVE_CONFIG_H -I. -I../../include   -I/opt/local/include -I../../include -O3 -fomit-frame-pointer -pipe -Os -arch x86_64 -fno-stack-protector -c -o lis_precon_ilut.lo lis_precon_ilut.c
:info:build /usr/bin/grep -F
:info:build checking for ld used by /opt/local/bin/clang-mp-3.3... /opt/local/libexec/llvm-3.3/bin/ld
:info:build checking if the linker (/opt/local/libexec/llvm-3.3/bin/ld) is GNU ld... no
:info:build checking for BSD- or MS-compatible name lister (nm)... libtool: compile:  /opt/local/bin/clang-mp-3.3 -DHAVE_CONFIG_H -I. -I../../include -I/opt/local/include -I../../include -O3 -fomit-frame-pointer -pipe -Os -arch x86_64 -fno-stack-protector -c lis_precon_iluk.c  -fno-common -DPIC -o .libs/lis_precon_iluk.o
:info:build libtool: compile:  /opt/local/bin/clang-mp-3.3 -DHAVE_CONFIG_H -I. -I../../include -I/opt/local/include -I../../include -O3 -fomit-frame-pointer -pipe -Os -arch x86_64 -fno-stack-protector -c lis_precon_ilut.c  -fno-common -DPIC -o .libs/lis_precon_ilut.o
:info:build /opt/local/bin/nm
:info:build checking the name lister (/opt/local/bin/nm) interface... [ 64%] Building C object CMakeFiles/fmiimport.dir/src/Import/src/FMI1/fmi1_import_type.c.o
:info:build BSD nm
:info:build checking whether ln -s works... yes
:info:build [ 65%] checking the maximum length of command line arguments... Building C object CMakeFiles/fmilib_shared.dir/src/Import/src/FMI1/fmi1_import_capi.c.o
:info:build 196608
:info:build checking how to convert x86_64-apple-darwin13.4.0 file names to x86_64-apple-darwin13.4.0 format... func_convert_file_noop
:info:build checking how to convert x86_64-apple-darwin13.4.0 file names to toolchain format... func_convert_file_noop
:info:build checking for /opt/local/libexec/llvm-3.3/bin/ld option to reload object files... -r
:info:build checking for x86_64-apple-darwin13.4.0-objdump... no
:info:build checking for objdump... no
:info:build checking how to recognize dependent libraries... pass_all
:info:build checking for x86_64-apple-darwin13.4.0-dlltool... no
:info:build checking for dlltool... no
:info:build checking how to associate runtime and link libraries... printf %s\n
:info:build checking for x86_64-apple-darwin13.4.0-ar... no
:info:build checking for ar... ar
:info:build checking for archiver @FILE support... no
:info:build checking for x86_64-apple-darwin13.4.0-strip... strip
:info:build checking for x86_64-apple-darwin13.4.0-ranlib... no
:info:build checking for ranlib... ranlib
:info:build checking command to parse /opt/local/bin/nm output from /opt/local/bin/clang-mp-3.3 object... [ 66%] Building C object CMakeFiles/fmiimport.dir/src/Import/src/FMI1/fmi1_import_unit.c.o
:info:build [ 67%] Building C object CMakeFiles/fmilib_shared.dir/src/Import/src/FMI1/fmi1_import_type.c.o
:info:build [ 67%] Building C object CMakeFiles/fmiimport.dir/src/Import/src/FMI1/fmi1_import_variable.c.o
:info:build /bin/sh ../../libtool --mode=compile --tag=CC /opt/local/bin/clang-mp-3.3  -DHAVE_CONFIG_H -I. -I../../include   -I/opt/local/include -I../../include -O3 -fomit-frame-pointer -pipe -Os -arch x86_64 -fno-stack-protector -c -o lis_precon_is.lo lis_precon_is.c
:info:build libtool: compile:  /opt/local/bin/clang-mp-3.3 -DHAVE_CONFIG_H -I. -I../../include -I/opt/local/include -I../../include -O3 -fomit-frame-pointer -pipe -Os -arch x86_64 -fno-stack-protector -c lis_precon_is.c  -fno-common -DPIC -o .libs/lis_precon_is.o
:info:build ok
:info:build checking for sysroot... no
:info:build checking for a working dd... /bin/sh ../../libtool --mode=compile --tag=CC /opt/local/bin/clang-mp-3.3  -DHAVE_CONFIG_H -I. -I../../include   -I/opt/local/include -I../../include -O3 -fomit-frame-pointer -pipe -Os -arch x86_64 -fno-stack-protector -c -o lis_precon_jacobi.lo lis_precon_jacobi.c
:info:build /bin/dd
:info:build checking how to truncate binary pipes... /bin/dd bs=4096 count=1
:info:build checking for x86_64-apple-darwin13.4.0-mt... no
:info:build checking for mt... no
:info:build checking if : is a manifest tool... [ 68%] checking for svnversion... Building C object CMakeFiles/fmilib_shared.dir/src/Import/src/FMI1/fmi1_import_unit.c.o
:info:build yes
:info:build no
:info:build checking for x86_64-apple-darwin13.4.0-dsymutil... libtool: compile:  /opt/local/bin/clang-mp-3.3 -DHAVE_CONFIG_H -I. -I../../include -I/opt/local/include -I../../include -O3 -fomit-frame-pointer -pipe -Os -arch x86_64 -fno-stack-protector -c lis_precon_jacobi.c  -fno-common -DPIC -o .libs/lis_precon_jacobi.o
:info:build no
:info:build checking for dsymutil... dsymutil
:info:build checking for x86_64-apple-darwin13.4.0-nmedit... no
:info:build checking for nmedit... nmedit
:info:build checking for x86_64-apple-darwin13.4.0-lipo... no
:info:build checking for lipo... lipo
:info:build checking for x86_64-apple-darwin13.4.0-otool... no
:info:build checking for otool... otool
:info:build checking for x86_64-apple-darwin13.4.0-otool64... no
:info:build checking for otool64... no
:info:build checking for -single_module linker flag... [ 69%] Building C object CMakeFiles/fmiimport.dir/src/Import/src/FMI1/fmi1_import_variable_list.c.o
:info:build checking build system type... yes
:info:build checking for -exported_symbols_list linker flag... i386-apple-darwin13.4.0
:info:build /bin/sh ../../libtool --mode=compile --tag=CC /opt/local/bin/clang-mp-3.3  -DHAVE_CONFIG_H -I. -I../../include   -I/opt/local/include -I../../include -O3 -fomit-frame-pointer -pipe -Os -arch x86_64 -fno-stack-protector -c -o lis_precon_saamg.lo lis_precon_saamg.c
:info:build /bin/sh ../../libtool --mode=compile --tag=CC /opt/local/bin/clang-mp-3.3  -DHAVE_CONFIG_H -I. -I../../include   -I/opt/local/include -I../../include -O3 -fomit-frame-pointer -pipe -Os -arch x86_64 -fno-stack-protector -c -o lis_precon_sainv.lo lis_precon_sainv.c
:info:build checking whether we want to compile in debug mode... no
:info:build [ 70%] Building C object CMakeFiles/fmilib_shared.dir/src/Import/src/FMI1/fmi1_import_variable.c.o
:info:build yes
:info:build checking for -force_load linker flag... libtool: compile:  /opt/local/bin/clang-mp-3.3 -DHAVE_CONFIG_H -I. -I../../include -I/opt/local/include -I../../include -O3 -fomit-frame-pointer -pipe -Os -arch x86_64 -fno-stack-protector -c lis_precon_saamg.c  -fno-common -DPIC -o .libs/lis_precon_saamg.o
:info:build libtool: compile:  /opt/local/bin/clang-mp-3.3 -DHAVE_CONFIG_H -I. -I../../include -I/opt/local/include -I../../include -O3 -fomit-frame-pointer -pipe -Os -arch x86_64 -fno-stack-protector -c lis_precon_sainv.c  -fno-common -DPIC -o .libs/lis_precon_sainv.o
:info:build [ 71%] checking for C compiler default output file name... Building C object CMakeFiles/fmiimport.dir/src/Import/src/FMI1/fmi1_import_vendor_annotations.c.o
:info:build a.out
:info:build checking whether the C compiler works... [ 71%] yes
:info:build checking for ANSI C header files... Building C object CMakeFiles/fmilib_shared.dir/src/Import/src/FMI1/fmi1_import_variable_list.c.o
:info:build yes
:info:build checking whether we are cross compiling... no
:info:build checking for suffix of executables... [ 72%] Building C object CMakeFiles/fmiimport.dir/src/Import/src/FMI1/fmi1_import.c.o
:info:build 
:info:build [ 73%] checking for suffix of object files... Building C object CMakeFiles/fmilib_shared.dir/src/Import/src/FMI1/fmi1_import_vendor_annotations.c.o
:info:build /bin/sh ../../libtool --mode=compile --tag=CC /opt/local/bin/clang-mp-3.3  -DHAVE_CONFIG_H -I. -I../../include   -I/opt/local/include -I../../include -O3 -fomit-frame-pointer -pipe -Os -arch x86_64 -fno-stack-protector -c -o lis_precon_ssor.lo lis_precon_ssor.c
:info:build libtool: compile:  /opt/local/bin/clang-mp-3.3 -DHAVE_CONFIG_H -I. -I../../include -I/opt/local/include -I../../include -O3 -fomit-frame-pointer -pipe -Os -arch x86_64 -fno-stack-protector -c lis_precon_ssor.c  -fno-common -DPIC -o .libs/lis_precon_ssor.o
:info:build o
:info:build checking whether we are using the GNU C compiler... [ 74%] Building C object CMakeFiles/fmilib_shared.dir/src/Import/src/FMI1/fmi1_import.c.o
:info:build yes
:info:build checking whether /opt/local/bin/clang-mp-3.3 accepts -g... [ 75%] Building C object CMakeFiles/fmilib_shared.dir/src/Import/src/FMI1/fmi1_import_capabilities.c.o
:info:build [ 76%] [ 77%] Building C object CMakeFiles/fmiimport.dir/src/Import/src/FMI1/fmi1_import_capabilities.c.o
:info:build Building C object CMakeFiles/fmilib_shared.dir/src/Import/src/FMI1/fmi1_import_convenience.c.o
:info:build /bin/sh ../../libtool --tag=CC   --mode=link /opt/local/bin/clang-mp-3.3 -I../../include -O3 -fomit-frame-pointer -pipe -Os -arch x86_64 -fno-stack-protector  -L/opt/local/lib -Wl,-headerpad_max_install_names -arch x86_64 -Wl,-install_name,@rpath/liblis.dylib -o libprecon.la  lis_precon.lo lis_precon_ads.lo lis_precon_hybrid.lo lis_precon_iluc.lo lis_precon_iluk.lo lis_precon_ilut.lo lis_precon_is.lo lis_precon_jacobi.lo lis_precon_saamg.lo lis_precon_sainv.lo lis_precon_ssor.lo  -lm 
:info:build yes
:info:build checking for /opt/local/bin/clang-mp-3.3 option to accept ANSI C... yes
:info:build checking for sys/types.h... [ 78%] Building C object CMakeFiles/fmiimport.dir/src/Import/src/FMI1/fmi1_import_convenience.c.o
:info:build [ 79%] Building C object CMakeFiles/fmilib_shared.dir/src/Import/src/FMI2/fmi2_import_capi.c.o
:info:build [ 80%] none needed
:info:build Building C object CMakeFiles/fmilib_shared.dir/src/Import/src/FMI2/fmi2_import_type.c.o
:info:build yes
:info:build checking for sys/stat.h... [ 81%] Building C object CMakeFiles/fmiimport.dir/src/Import/src/FMI2/fmi2_import_capi.c.o
:info:build configure: Overruling autoconf; cl does not recognise -g.
:info:build libtool: link: ar cru .libs/libprecon.a .libs/lis_precon.o .libs/lis_precon_ads.o .libs/lis_precon_hybrid.o .libs/lis_precon_iluc.o .libs/lis_precon_iluk.o .libs/lis_precon_ilut.o .libs/lis_precon_is.o .libs/lis_precon_jacobi.o .libs/lis_precon_saamg.o .libs/lis_precon_sainv.o .libs/lis_precon_ssor.o 
:info:build libtool: link: ranlib .libs/libprecon.a
:info:build yes
:info:build libtool: link: ( cd ".libs" && rm -f "libprecon.la" && ln -s "../libprecon.la" "libprecon.la" )
:info:build make[4]: Leaving directory `/opt/local/var/macports/build/_opt_local_var_macports_sources_build.openmodelica.org_macports_lang_openmodelica-devel/openmodelica-devel/work/openmodelica_23929/3rdParty/lis-1.4.12/src/precon'
:info:build Making all in solver
:info:build make[4]: Entering directory `/opt/local/var/macports/build/_opt_local_var_macports_sources_build.openmodelica.org_macports_lang_openmodelica-devel/openmodelica-devel/work/openmodelica_23929/3rdParty/lis-1.4.12/src/solver'
:info:build /bin/sh ../../libtool --mode=compile --tag=CC /opt/local/bin/clang-mp-3.3  -DHAVE_CONFIG_H -I. -I../../include   -I/opt/local/include -I../../include -O3 -fomit-frame-pointer -pipe -Os -arch x86_64 -fno-stack-protector -c -o lis_solver.lo lis_solver.c
:info:build checking for stdlib.h... [ 82%] [ 83%] Building C object CMakeFiles/fmiimport.dir/src/Import/src/FMI2/fmi2_import_type.c.o
:info:build Building C object CMakeFiles/fmilib_shared.dir/src/Import/src/FMI2/fmi2_import_unit.c.o
:info:build configure: C compiler options are: -O3 -pipe -DNDEBUG    -DMUMPS_BUILD
:info:build configure: Trying to determine Fortran compiler name
:info:build libtool: compile:  /opt/local/bin/clang-mp-3.3 -DHAVE_CONFIG_H -I. -I../../include -I/opt/local/include -I../../include -O3 -fomit-frame-pointer -pipe -Os -arch x86_64 -fno-stack-protector -c lis_solver.c  -fno-common -DPIC -o .libs/lis_solver.o
:info:build [ 84%] Building C object CMakeFiles/fmilib_shared.dir/src/Import/src/FMI2/fmi2_import_variable.c.o
:info:build checking whether we are using the GNU Fortran 77 compiler... yes
:info:build /bin/sh ../../libtool --mode=compile --tag=CC /opt/local/bin/clang-mp-3.3  -DHAVE_CONFIG_H -I. -I../../include   -I/opt/local/include -I../../include -O3 -fomit-frame-pointer -pipe -Os -arch x86_64 -fno-stack-protector -c -o lis_solver_bicg.lo lis_solver_bicg.c
:info:build checking for string.h... lis_solver.c:721:21: warning: expression result unused [-Wunused-value]
:info:build       if( output ) ("CONV_COND : ||r||_2 <= %6.1e*||r_0||_2\n", tol); 
:info:build                     ^~~~~~~~~~~~~~~~~~~~~~~~~~~~~~~~~~~~~~~~~~
:info:build lis_solver.c:721:65: warning: expression result unused [-Wunused-value]
:info:build       if( output ) ("CONV_COND : ||r||_2 <= %6.1e*||r_0||_2\n", tol); 
:info:build                                                                 ^~~
:info:build yes
:info:build checking whether /opt/local/bin/gfortran-mp-4.8 accepts -g... libtool: compile:  /opt/local/bin/clang-mp-3.3 -DHAVE_CONFIG_H -I. -I../../include -I/opt/local/include -I../../include -O3 -fomit-frame-pointer -pipe -Os -arch x86_64 -fno-stack-protector -c lis_solver_bicg.c  -fno-common -DPIC -o .libs/lis_solver_bicg.o
:info:build autoreconf: running: /opt/local/bin/autoconf --force
:info:build [ 85%] Building C object CMakeFiles/fmilib_shared.dir/src/Import/src/FMI2/fmi2_import_variable_list.c.o
:info:build [ 86%] Building C object CMakeFiles/fmiimport.dir/src/Import/src/FMI2/fmi2_import_unit.c.o
:info:build yes
:info:build [ 87%] yes
:info:build checking for memory.h... Building C object CMakeFiles/fmilib_shared.dir/src/Import/src/FMI2/fmi2_import.c.o
:info:build 2 warnings generated.
:info:build /bin/sh ../../libtool --mode=compile --tag=CC /opt/local/bin/clang-mp-3.3  -DHAVE_CONFIG_H -I. -I../../include   -I/opt/local/include -I../../include -O3 -fomit-frame-pointer -pipe -Os -arch x86_64 -fno-stack-protector -c -o lis_solver_bicgsafe.lo lis_solver_bicgsafe.c
:info:build [ 88%] Building C object CMakeFiles/fmiimport.dir/src/Import/src/FMI2/fmi2_import_variable.c.o
:info:build yes
:info:build configure: Fortran compiler options are: -O3 -pipe  
:info:build checking how to get verbose linking output from /opt/local/bin/gfortran-mp-4.8... libtool: compile:  /opt/local/bin/clang-mp-3.3 -DHAVE_CONFIG_H -I. -I../../include -I/opt/local/include -I../../include -O3 -fomit-frame-pointer -pipe -Os -arch x86_64 -fno-stack-protector -c lis_solver_bicgsafe.c  -fno-common -DPIC -o .libs/lis_solver_bicgsafe.o
:info:build [ 89%] Building C object CMakeFiles/fmiimport.dir/src/Import/src/FMI2/fmi2_import_variable_list.c.o
:info:build checking for strings.h... /bin/sh ../../libtool --mode=compile --tag=CC /opt/local/bin/clang-mp-3.3  -DHAVE_CONFIG_H -I. -I../../include   -I/opt/local/include -I../../include -O3 -fomit-frame-pointer -pipe -Os -arch x86_64 -fno-stack-protector -c -o lis_solver_bicgstab.lo lis_solver_bicgstab.c
:info:build libtool: compile:  /opt/local/bin/clang-mp-3.3 -DHAVE_CONFIG_H -I. -I../../include -I/opt/local/include -I../../include -O3 -fomit-frame-pointer -pipe -Os -arch x86_64 -fno-stack-protector -c lis_solver_bicgstab.c  -fno-common -DPIC -o .libs/lis_solver_bicgstab.o
:info:build yes
:info:build checking for inttypes.h... [ 89%] [ 89%] Building C object CMakeFiles/fmilib_shared.dir/src/Import/src/FMI2/fmi2_import_convenience.c.o
:info:build /bin/sh ../../libtool --mode=compile --tag=CC /opt/local/bin/clang-mp-3.3  -DHAVE_CONFIG_H -I. -I../../include   -I/opt/local/include -I../../include -O3 -fomit-frame-pointer -pipe -Os -arch x86_64 -fno-stack-protector -c -o lis_solver_bicgstabl.lo lis_solver_bicgstabl.c
:info:build Building C object CMakeFiles/fmiimport.dir/src/Import/src/FMI2/fmi2_import.c.o
:info:build -v
:info:build checking for Fortran libraries of /opt/local/bin/gfortran-mp-4.8... [ 90%] libtool: compile:  /opt/local/bin/clang-mp-3.3 -DHAVE_CONFIG_H -I. -I../../include -I/opt/local/include -I../../include -O3 -fomit-frame-pointer -pipe -Os -arch x86_64 -fno-stack-protector -c lis_solver_bicgstabl.c  -fno-common -DPIC -o .libs/lis_solver_bicgstabl.o
:info:build Building C object CMakeFiles/fmiimport.dir/src/Import/src/FMI2/fmi2_import_convenience.c.o
:info:build /bin/sh ../../libtool --mode=compile --tag=CC /opt/local/bin/clang-mp-3.3  -DHAVE_CONFIG_H -I. -I../../include   -I/opt/local/include -I../../include -O3 -fomit-frame-pointer -pipe -Os -arch x86_64 -fno-stack-protector -c -o lis_solver_cg.lo lis_solver_cg.c
:info:build yes
:info:build checking for stdint.h... libtool: compile:  /opt/local/bin/clang-mp-3.3 -DHAVE_CONFIG_H -I. -I../../include -I/opt/local/include -I../../include -O3 -fomit-frame-pointer -pipe -Os -arch x86_64 -fno-stack-protector -c lis_solver_cg.c  -fno-common -DPIC -o .libs/lis_solver_cg.o
:info:build  -L/opt/local/var/macports/build/_opt_local_var_macports_sources_build.openmodelica.org_macports_lang_openmodelica-devel/openmodelica-devel/work/openmodelica_23929/build/lib/omc -L/opt/local/lib -L/opt/local/lib/gcc48/gcc/x86_64-apple-darwin13/4.8.3 -L/opt/local/lib/gcc48/gcc/x86_64-apple-darwin13/4.8.3/../../.. -lgfortran -lSystem -lgcc_ext.10.5 -lquadmath -lm
:info:build configure: Corrected Fortran libraries:  -L/opt/local/var/macports/build/_opt_local_var_macports_sources_build.openmodelica.org_macports_lang_openmodelica-devel/openmodelica-devel/work/openmodelica_23929/build/lib/omc -L/opt/local/lib -L/opt/local/lib/gcc48/gcc/x86_64-apple-darwin13/4.8.3 -L/opt/local/lib/gcc48/gcc/x86_64-apple-darwin13/4.8.3/../../.. -lgfortran -lSystem -lquadmath -lm
:info:build checking for dummy main to link with Fortran libraries... [ 91%] yes
:info:build Building C object CMakeFiles/fmilib_shared.dir/src/Util/src/JM/jm_callbacks.c.o
:info:build checking for unistd.h... /bin/sh ../../libtool --mode=compile --tag=CC /opt/local/bin/clang-mp-3.3  -DHAVE_CONFIG_H -I. -I../../include   -I/opt/local/include -I../../include -O3 -fomit-frame-pointer -pipe -Os -arch x86_64 -fno-stack-protector -c -o lis_solver_cgs.lo lis_solver_cgs.c
:info:build [ 92%] /bin/sh ../../libtool --mode=compile --tag=CC /opt/local/bin/clang-mp-3.3  -DHAVE_CONFIG_H -I. -I../../include   -I/opt/local/include -I../../include -O3 -fomit-frame-pointer -pipe -Os -arch x86_64 -fno-stack-protector -c -o lis_solver_gmres.lo lis_solver_gmres.c
:info:build Building C object CMakeFiles/fmilib_shared.dir/src/Util/src/JM/jm_templates_inst.c.o
:info:build none
:info:build checking for Fortran name-mangling scheme... Linking C static library libfmiimport.a
:info:build libtool: compile:  /opt/local/bin/clang-mp-3.3 -DHAVE_CONFIG_H -I. -I../../include -I/opt/local/include -I../../include -O3 -fomit-frame-pointer -pipe -Os -arch x86_64 -fno-stack-protector -c lis_solver_cgs.c  -fno-common -DPIC -o .libs/lis_solver_cgs.o
:info:build libtool: compile:  /opt/local/bin/clang-mp-3.3 -DHAVE_CONFIG_H -I. -I../../include -I/opt/local/include -I../../include -O3 -fomit-frame-pointer -pipe -Os -arch x86_64 -fno-stack-protector -c lis_solver_gmres.c  -fno-common -DPIC -o .libs/lis_solver_gmres.o
:info:build yes
:info:build make[4]: Leaving directory `/opt/local/var/macports/build/_opt_local_var_macports_sources_build.openmodelica.org_macports_lang_openmodelica-devel/openmodelica-devel/work/openmodelica_23929/3rdParty/FMIL/build'
:info:build [ 93%] checking for dlfcn.h... Building C object CMakeFiles/fmilib_shared.dir/src/Util/src/JM/jm_named_ptr.c.o
:info:build [ 93%] Built target fmiimport
:info:build make[4]: Entering directory `/opt/local/var/macports/build/_opt_local_var_macports_sources_build.openmodelica.org_macports_lang_openmodelica-devel/openmodelica-devel/work/openmodelica_23929/3rdParty/FMIL/build'
:info:build [ 94%] Generating fmilib_dummy.c
:info:build Scanning dependencies of target fmilib
:info:build make[4]: Leaving directory `/opt/local/var/macports/build/_opt_local_var_macports_sources_build.openmodelica.org_macports_lang_openmodelica-devel/openmodelica-devel/work/openmodelica_23929/3rdParty/FMIL/build'
:info:build [ 95%] make[4]: Entering directory `/opt/local/var/macports/build/_opt_local_var_macports_sources_build.openmodelica.org_macports_lang_openmodelica-devel/openmodelica-devel/work/openmodelica_23929/3rdParty/FMIL/build'
:info:build Building C object CMakeFiles/fmilib_shared.dir/src/Util/src/JM/jm_portability.c.o
:info:build [ 96%] yes
:info:build Building C object CMakeFiles/fmilib.dir/fmilib_dummy.c.o
:info:build checking for objdir... .libs
:info:build Linking C static library libfmilib.a
:info:build /bin/sh ../../libtool --mode=compile --tag=CC /opt/local/bin/clang-mp-3.3  -DHAVE_CONFIG_H -I. -I../../include   -I/opt/local/include -I../../include -O3 -fomit-frame-pointer -pipe -Os -arch x86_64 -fno-stack-protector -c -o lis_solver_gpbicg.lo lis_solver_gpbicg.c
:info:build [ 97%] libtool: compile:  /opt/local/bin/clang-mp-3.3 -DHAVE_CONFIG_H -I. -I../../include -I/opt/local/include -I../../include -O3 -fomit-frame-pointer -pipe -Os -arch x86_64 -fno-stack-protector -c lis_solver_gpbicg.c  -fno-common -DPIC -o .libs/lis_solver_gpbicg.o
:info:build Building C object CMakeFiles/fmilib_shared.dir/src/Util/src/FMI/fmi_version.c.o
:info:build /Applications/Xcode.app/Contents/Developer/Toolchains/XcodeDefault.xctoolchain/usr/bin/libtool: file: /opt/local/var/macports/build/_opt_local_var_macports_sources_build.openmodelica.org_macports_lang_openmodelica-devel/openmodelica-devel/work/openmodelica_23929/3rdParty/FMIL/build/ExpatEx/./libexpat.a(xmltok_impl.c.o) has no symbols
:info:build /Applications/Xcode.app/Contents/Developer/Toolchains/XcodeDefault.xctoolchain/usr/bin/libtool: file: /opt/local/var/macports/build/_opt_local_var_macports_sources_build.openmodelica.org_macports_lang_openmodelica-devel/openmodelica-devel/work/openmodelica_23929/3rdParty/FMIL/build/ExpatEx/./libexpat.a(xmltok_ns.c.o) has no symbols
:info:build [ 98%] checking if /opt/local/bin/clang-mp-3.3 supports -fno-rtti -fno-exceptions... make[4]: Leaving directory `/opt/local/var/macports/build/_opt_local_var_macports_sources_build.openmodelica.org_macports_lang_openmodelica-devel/openmodelica-devel/work/openmodelica_23929/3rdParty/FMIL/build'
:info:build Building C object CMakeFiles/fmilib_shared.dir/src/Util/src/FMI/fmi_util.c.o
:info:build [ 99%] [ 99%] Building C object CMakeFiles/fmilib_shared.dir/src/Util/src/FMI1/fmi1_enums.c.o
:info:build Built target fmilib
:info:build /bin/sh ../../libtool --mode=compile --tag=CC /opt/local/bin/clang-mp-3.3  -DHAVE_CONFIG_H -I. -I../../include   -I/opt/local/include -I../../include -O3 -fomit-frame-pointer -pipe -Os -arch x86_64 -fno-stack-protector -c -o lis_solver_gs.lo lis_solver_gs.c
:info:build lower case, underscore, no extra underscore
:info:build yes
:info:build checking for /opt/local/bin/clang-mp-3.3 option to produce PIC... -fno-common -DPIC
:info:build checking if /opt/local/bin/clang-mp-3.3 PIC flag -fno-common -DPIC works... checking how to run the C preprocessor... libtool: compile:  /opt/local/bin/clang-mp-3.3 -DHAVE_CONFIG_H -I. -I../../include -I/opt/local/include -I../../include -O3 -fomit-frame-pointer -pipe -Os -arch x86_64 -fno-stack-protector -c lis_solver_gs.c  -fno-common -DPIC -o .libs/lis_solver_gs.o
:info:build [100%] /bin/sh ../../libtool --mode=compile --tag=CC /opt/local/bin/clang-mp-3.3  -DHAVE_CONFIG_H -I. -I../../include   -I/opt/local/include -I../../include -O3 -fomit-frame-pointer -pipe -Os -arch x86_64 -fno-stack-protector -c -o lis_solver_idrs.lo lis_solver_idrs.c
:info:build Building C object CMakeFiles/fmilib_shared.dir/src/Util/src/FMI2/fmi2_enums.c.o
:info:build autoreconf: running: /opt/local/bin/autoheader --force
:info:build yes
:info:build checking if /opt/local/bin/clang-mp-3.3 static flag -static works... /bin/sh ../../libtool --mode=compile --tag=CC /opt/local/bin/clang-mp-3.3  -DHAVE_CONFIG_H -I. -I../../include   -I/opt/local/include -I../../include -O3 -fomit-frame-pointer -pipe -Os -arch x86_64 -fno-stack-protector -c -o lis_solver_jacobi.lo lis_solver_jacobi.c
:info:build libtool: compile:  /opt/local/bin/clang-mp-3.3 -DHAVE_CONFIG_H -I. -I../../include -I/opt/local/include -I../../include -O3 -fomit-frame-pointer -pipe -Os -arch x86_64 -fno-stack-protector -c lis_solver_idrs.c  -fno-common -DPIC -o .libs/lis_solver_idrs.o
:info:build no
:info:build checking if /opt/local/bin/clang-mp-3.3 supports -c -o file.o... libtool: compile:  /opt/local/bin/clang-mp-3.3 -DHAVE_CONFIG_H -I. -I../../include -I/opt/local/include -I../../include -O3 -fomit-frame-pointer -pipe -Os -arch x86_64 -fno-stack-protector -c lis_solver_jacobi.c  -fno-common -DPIC -o .libs/lis_solver_jacobi.o
:info:build /bin/sh ../../libtool --mode=compile --tag=CC /opt/local/bin/clang-mp-3.3  -DHAVE_CONFIG_H -I. -I../../include   -I/opt/local/include -I../../include -O3 -fomit-frame-pointer -pipe -Os -arch x86_64 -fno-stack-protector -c -o lis_solver_minres.lo lis_solver_minres.c
:info:build /bin/sh ../../libtool --mode=compile --tag=CC /opt/local/bin/clang-mp-3.3  -DHAVE_CONFIG_H -I. -I../../include   -I/opt/local/include -I../../include -O3 -fomit-frame-pointer -pipe -Os -arch x86_64 -fno-stack-protector -c -o lis_solver_orthomin.lo lis_solver_orthomin.c
:info:build /opt/local/bin/clang-mp-3.3 -E
:info:build Linking C shared library libfmilib_shared.dylib
:info:build libtool: compile:  /opt/local/bin/clang-mp-3.3 -DHAVE_CONFIG_H -I. -I../../include -I/opt/local/include -I../../include -O3 -fomit-frame-pointer -pipe -Os -arch x86_64 -fno-stack-protector -c lis_solver_minres.c  -fno-common -DPIC -o .libs/lis_solver_minres.o
:info:build libtool: compile:  /opt/local/bin/clang-mp-3.3 -DHAVE_CONFIG_H -I. -I../../include -I/opt/local/include -I../../include -O3 -fomit-frame-pointer -pipe -Os -arch x86_64 -fno-stack-protector -c lis_solver_orthomin.c  -fno-common -DPIC -o .libs/lis_solver_orthomin.o
:info:build yes
:info:build checking if /opt/local/bin/clang-mp-3.3 supports -c -o file.o... (cached) yes
:info:build checking whether the /opt/local/bin/clang-mp-3.3 linker (/opt/local/libexec/llvm-3.3/bin/ld) supports shared libraries... yes
:info:build checking dynamic linker characteristics... make[4]: Leaving directory `/opt/local/var/macports/build/_opt_local_var_macports_sources_build.openmodelica.org_macports_lang_openmodelica-devel/openmodelica-devel/work/openmodelica_23929/3rdParty/FMIL/build'
:info:build darwin13.4.0 dyld
:info:build checking how to hardcode library paths into programs... immediate
:info:build checking whether stripping libraries is possible... yes
:info:build checking if libtool supports shared libraries... [100%] yes
:info:build checking whether to build shared libraries... no
:info:build checking whether to build static libraries... yes
:info:build checking for library containing floor... /bin/sh ../../libtool --mode=compile --tag=CC /opt/local/bin/clang-mp-3.3  -DHAVE_CONFIG_H -I. -I../../include   -I/opt/local/include -I../../include -O3 -fomit-frame-pointer -pipe -Os -arch x86_64 -fno-stack-protector -c -o lis_solver_qmr.lo lis_solver_qmr.c
:info:build Built target fmilib_shared
:info:build make[3]: Leaving directory `/opt/local/var/macports/build/_opt_local_var_macports_sources_build.openmodelica.org_macports_lang_openmodelica-devel/openmodelica-devel/work/openmodelica_23929/3rdParty/FMIL/build'
:info:build checking for egrep... make[2]: Leaving directory `/opt/local/var/macports/build/_opt_local_var_macports_sources_build.openmodelica.org_macports_lang_openmodelica-devel/openmodelica-devel/work/openmodelica_23929/3rdParty/FMIL/build'
:info:build test -d 3rdParty/FMIL/install || /Applications/Xcode.app/Contents/Developer/usr/bin/make -C 3rdParty/FMIL/build install
:info:build grep -E
:info:build checking for ANSI C header files... libtool: compile:  /opt/local/bin/clang-mp-3.3 -DHAVE_CONFIG_H -I. -I../../include -I/opt/local/include -I../../include -O3 -fomit-frame-pointer -pipe -Os -arch x86_64 -fno-stack-protector -c lis_solver_qmr.c  -fno-common -DPIC -o .libs/lis_solver_qmr.o
:info:build make[2]: Entering directory `/opt/local/var/macports/build/_opt_local_var_macports_sources_build.openmodelica.org_macports_lang_openmodelica-devel/openmodelica-devel/work/openmodelica_23929/3rdParty/FMIL/build'
:info:build /bin/sh ../../libtool --mode=compile --tag=CC /opt/local/bin/clang-mp-3.3  -DHAVE_CONFIG_H -I. -I../../include   -I/opt/local/include -I../../include -O3 -fomit-frame-pointer -pipe -Os -arch x86_64 -fno-stack-protector -c -o lis_solver_sor.lo lis_solver_sor.c
:info:build make[3]: Entering directory `/opt/local/var/macports/build/_opt_local_var_macports_sources_build.openmodelica.org_macports_lang_openmodelica-devel/openmodelica-devel/work/openmodelica_23929/3rdParty/FMIL/build'
:info:build none required
:info:build checking zlib.h usability... make[4]: Entering directory `/opt/local/var/macports/build/_opt_local_var_macports_sources_build.openmodelica.org_macports_lang_openmodelica-devel/openmodelica-devel/work/openmodelica_23929/3rdParty/FMIL/build'
:info:build libtool: compile:  /opt/local/bin/clang-mp-3.3 -DHAVE_CONFIG_H -I. -I../../include -I/opt/local/include -I../../include -O3 -fomit-frame-pointer -pipe -Os -arch x86_64 -fno-stack-protector -c lis_solver_sor.c  -fno-common -DPIC -o .libs/lis_solver_sor.o
:info:build make[4]: Entering directory `/opt/local/var/macports/build/_opt_local_var_macports_sources_build.openmodelica.org_macports_lang_openmodelica-devel/openmodelica-devel/work/openmodelica_23929/3rdParty/FMIL/build'
:info:build make[4]: Entering directory `/opt/local/var/macports/build/_opt_local_var_macports_sources_build.openmodelica.org_macports_lang_openmodelica-devel/openmodelica-devel/work/openmodelica_23929/3rdParty/FMIL/build'
:info:build make[4]: Leaving directory `/opt/local/var/macports/build/_opt_local_var_macports_sources_build.openmodelica.org_macports_lang_openmodelica-devel/openmodelica-devel/work/openmodelica_23929/3rdParty/FMIL/build'
:info:build make[4]: Leaving directory `/opt/local/var/macports/build/_opt_local_var_macports_sources_build.openmodelica.org_macports_lang_openmodelica-devel/openmodelica-devel/work/openmodelica_23929/3rdParty/FMIL/build'
:info:build make[4]: Leaving directory `/opt/local/var/macports/build/_opt_local_var_macports_sources_build.openmodelica.org_macports_lang_openmodelica-devel/openmodelica-devel/work/openmodelica_23929/3rdParty/FMIL/build'
:info:build [  9%] [  9%] Built target expatex
:info:build Built target c99snprintf
:info:build [ 23%] Built target zlib
:info:build make[4]: Entering directory `/opt/local/var/macports/build/_opt_local_var_macports_sources_build.openmodelica.org_macports_lang_openmodelica-devel/openmodelica-devel/work/openmodelica_23929/3rdParty/FMIL/build'
:info:build make[4]: Entering directory `/opt/local/var/macports/build/_opt_local_var_macports_sources_build.openmodelica.org_macports_lang_openmodelica-devel/openmodelica-devel/work/openmodelica_23929/3rdParty/FMIL/build'
:info:build make[4]: Leaving directory `/opt/local/var/macports/build/_opt_local_var_macports_sources_build.openmodelica.org_macports_lang_openmodelica-devel/openmodelica-devel/work/openmodelica_23929/3rdParty/FMIL/build'
:info:build make[4]: Leaving directory `/opt/local/var/macports/build/_opt_local_var_macports_sources_build.openmodelica.org_macports_lang_openmodelica-devel/openmodelica-devel/work/openmodelica_23929/3rdParty/FMIL/build'
:info:build [ 30%] Built target jmutils
:info:build [ 35%] yes
:info:build checking zlib.h presence... Built target minizip
:info:build make[4]: Entering directory `/opt/local/var/macports/build/_opt_local_var_macports_sources_build.openmodelica.org_macports_lang_openmodelica-devel/openmodelica-devel/work/openmodelica_23929/3rdParty/FMIL/build'
:info:build make[4]: Entering directory `/opt/local/var/macports/build/_opt_local_var_macports_sources_build.openmodelica.org_macports_lang_openmodelica-devel/openmodelica-devel/work/openmodelica_23929/3rdParty/FMIL/build'
:info:build make[4]: Entering directory `/opt/local/var/macports/build/_opt_local_var_macports_sources_build.openmodelica.org_macports_lang_openmodelica-devel/openmodelica-devel/work/openmodelica_23929/3rdParty/FMIL/build'
:info:build /bin/sh ../../libtool --tag=CC   --mode=link /opt/local/bin/clang-mp-3.3 -I../../include -O3 -fomit-frame-pointer -pipe -Os -arch x86_64 -fno-stack-protector  -L/opt/local/lib -Wl,-headerpad_max_install_names -arch x86_64 -Wl,-install_name,@rpath/liblis.dylib -o libsolver.la  lis_solver.lo lis_solver_bicg.lo lis_solver_bicgsafe.lo lis_solver_bicgstab.lo lis_solver_bicgstabl.lo lis_solver_cg.lo lis_solver_cgs.lo lis_solver_gmres.lo lis_solver_gpbicg.lo lis_solver_gs.lo lis_solver_idrs.lo lis_solver_jacobi.lo lis_solver_minres.lo lis_solver_orthomin.lo lis_solver_qmr.lo lis_solver_sor.lo  -lm 
:info:build make[4]: Leaving directory `/opt/local/var/macports/build/_opt_local_var_macports_sources_build.openmodelica.org_macports_lang_openmodelica-devel/openmodelica-devel/work/openmodelica_23929/3rdParty/FMIL/build'
:info:build make[4]: Leaving directory `/opt/local/var/macports/build/_opt_local_var_macports_sources_build.openmodelica.org_macports_lang_openmodelica-devel/openmodelica-devel/work/openmodelica_23929/3rdParty/FMIL/build'
:info:build make[4]: Leaving directory `/opt/local/var/macports/build/_opt_local_var_macports_sources_build.openmodelica.org_macports_lang_openmodelica-devel/openmodelica-devel/work/openmodelica_23929/3rdParty/FMIL/build'
:info:build [ 40%] [ 42%] Built target fmicapi
:info:build Built target fmizip
:info:build [ 56%] yes
:info:build checking for zlib.h... yes
:info:build Built target fmixml
:info:build checking for library containing gzclose... make[4]: Entering directory `/opt/local/var/macports/build/_opt_local_var_macports_sources_build.openmodelica.org_macports_lang_openmodelica-devel/openmodelica-devel/work/openmodelica_23929/3rdParty/FMIL/build'
:info:build make[4]: Entering directory `/opt/local/var/macports/build/_opt_local_var_macports_sources_build.openmodelica.org_macports_lang_openmodelica-devel/openmodelica-devel/work/openmodelica_23929/3rdParty/FMIL/build'
:info:build make[4]: Leaving directory `/opt/local/var/macports/build/_opt_local_var_macports_sources_build.openmodelica.org_macports_lang_openmodelica-devel/openmodelica-devel/work/openmodelica_23929/3rdParty/FMIL/build'
:info:build make[4]: Leaving directory `/opt/local/var/macports/build/_opt_local_var_macports_sources_build.openmodelica.org_macports_lang_openmodelica-devel/openmodelica-devel/work/openmodelica_23929/3rdParty/FMIL/build'
:info:build [ 73%] [ 98%] Built target fmiimport
:info:build yes
:info:build Built target fmilib_shared
:info:build make[4]: Entering directory `/opt/local/var/macports/build/_opt_local_var_macports_sources_build.openmodelica.org_macports_lang_openmodelica-devel/openmodelica-devel/work/openmodelica_23929/3rdParty/FMIL/build'
:info:build checking for sys/types.h... make[4]: Leaving directory `/opt/local/var/macports/build/_opt_local_var_macports_sources_build.openmodelica.org_macports_lang_openmodelica-devel/openmodelica-devel/work/openmodelica_23929/3rdParty/FMIL/build'
:info:build [100%] Built target fmilib
:info:build make[3]: Leaving directory `/opt/local/var/macports/build/_opt_local_var_macports_sources_build.openmodelica.org_macports_lang_openmodelica-devel/openmodelica-devel/work/openmodelica_23929/3rdParty/FMIL/build'
:info:build libtool: link: ar cru .libs/libsolver.a .libs/lis_solver.o .libs/lis_solver_bicg.o .libs/lis_solver_bicgsafe.o .libs/lis_solver_bicgstab.o .libs/lis_solver_bicgstabl.o .libs/lis_solver_cg.o .libs/lis_solver_cgs.o .libs/lis_solver_gmres.o .libs/lis_solver_gpbicg.o .libs/lis_solver_gs.o .libs/lis_solver_idrs.o .libs/lis_solver_jacobi.o .libs/lis_solver_minres.o .libs/lis_solver_orthomin.o .libs/lis_solver_qmr.o .libs/lis_solver_sor.o 
:info:build Install the project...
:info:build -lz
:info:build checking for mpicc... no
:info:build checking hdf5.h... libtool: link: ranlib .libs/libsolver.a
:info:build -- Install configuration: "Release"
:info:build -- Installing: /opt/local/var/macports/build/_opt_local_var_macports_sources_build.openmodelica.org_macports_lang_openmodelica-devel/openmodelica-devel/work/openmodelica_23929/3rdParty/FMIL/build/../install/lib/libfmilib.a
:info:build /opt/local/bin/ranlib: file: ../install/lib/libfmilib.a(xmltok_impl.c.o) has no symbols
:info:build /opt/local/bin/ranlib: file: ../install/lib/libfmilib.a(xmltok_ns.c.o) has no symbols
:info:build -- Installing: /opt/local/var/macports/build/_opt_local_var_macports_sources_build.openmodelica.org_macports_lang_openmodelica-devel/openmodelica-devel/work/openmodelica_23929/3rdParty/FMIL/build/../install/lib/libfmilib_shared.dylib
:info:build yes
:info:build libtool: link: ( cd ".libs" && rm -f "libsolver.la" && ln -s "../libsolver.la" "libsolver.la" )
:info:build -- Installing: /opt/local/var/macports/build/_opt_local_var_macports_sources_build.openmodelica.org_macports_lang_openmodelica-devel/openmodelica-devel/work/openmodelica_23929/3rdParty/FMIL/build/../install/doc/FMILIB_Readme.txt
:info:build -- Installing: /opt/local/var/macports/build/_opt_local_var_macports_sources_build.openmodelica.org_macports_lang_openmodelica-devel/openmodelica-devel/work/openmodelica_23929/3rdParty/FMIL/build/../install/doc/FMILIB_License.txt
:info:build make[4]: Leaving directory `/opt/local/var/macports/build/_opt_local_var_macports_sources_build.openmodelica.org_macports_lang_openmodelica-devel/openmodelica-devel/work/openmodelica_23929/3rdParty/lis-1.4.12/src/solver'
:info:build -- Installing: /opt/local/var/macports/build/_opt_local_var_macports_sources_build.openmodelica.org_macports_lang_openmodelica-devel/openmodelica-devel/work/openmodelica_23929/3rdParty/FMIL/build/../install/doc/FMILIB_Acknowledgements.txt
:info:build Making all in esolver
:info:build -- Installing: /opt/local/var/macports/build/_opt_local_var_macports_sources_build.openmodelica.org_macports_lang_openmodelica-devel/openmodelica-devel/work/openmodelica_23929/3rdParty/FMIL/build/../install/include/fmilib_config.h
:info:build -- Installing: /opt/local/var/macports/build/_opt_local_var_macports_sources_build.openmodelica.org_macports_lang_openmodelica-devel/openmodelica-devel/work/openmodelica_23929/3rdParty/FMIL/build/../install/include/fmilib.h
:info:build -- Installing: /opt/local/var/macports/build/_opt_local_var_macports_sources_build.openmodelica.org_macports_lang_openmodelica-devel/openmodelica-devel/work/openmodelica_23929/3rdParty/FMIL/build/../install/./include
:info:build -- Installing: /opt/local/var/macports/build/_opt_local_var_macports_sources_build.openmodelica.org_macports_lang_openmodelica-devel/openmodelica-devel/work/openmodelica_23929/3rdParty/FMIL/build/../install/./include/FMI
:info:build -- Installing: /opt/local/var/macports/build/_opt_local_var_macports_sources_build.openmodelica.org_macports_lang_openmodelica-devel/openmodelica-devel/work/openmodelica_23929/3rdParty/FMIL/build/../install/./include/FMI/fmi_import_context.h
:info:build -- Installing: /opt/local/var/macports/build/_opt_local_var_macports_sources_build.openmodelica.org_macports_lang_openmodelica-devel/openmodelica-devel/work/openmodelica_23929/3rdParty/FMIL/build/../install/./include/FMI/fmi_import_util.h
:info:build -- Installing: /opt/local/var/macports/build/_opt_local_var_macports_sources_build.openmodelica.org_macports_lang_openmodelica-devel/openmodelica-devel/work/openmodelica_23929/3rdParty/FMIL/build/../install/./include/FMI1
:info:build -- Installing: /opt/local/var/macports/build/_opt_local_var_macports_sources_build.openmodelica.org_macports_lang_openmodelica-devel/openmodelica-devel/work/openmodelica_23929/3rdParty/FMIL/build/../install/./include/FMI1/fmi1_import.h
:info:build -- Installing: /opt/local/var/macports/build/_opt_local_var_macports_sources_build.openmodelica.org_macports_lang_openmodelica-devel/openmodelica-devel/work/openmodelica_23929/3rdParty/FMIL/build/../install/./include/FMI1/fmi1_import_capabilities.h
:info:build -- Installing: /opt/local/var/macports/build/_opt_local_var_macports_sources_build.openmodelica.org_macports_lang_openmodelica-devel/openmodelica-devel/work/openmodelica_23929/3rdParty/FMIL/build/../install/./include/FMI1/fmi1_import_capi.h
:info:build failed
:info:build -- Installing: /opt/local/var/macports/build/_opt_local_var_macports_sources_build.openmodelica.org_macports_lang_openmodelica-devel/openmodelica-devel/work/openmodelica_23929/3rdParty/FMIL/build/../install/./include/FMI1/fmi1_import_convenience.h
:info:build -- Installing: /opt/local/var/macports/build/_opt_local_var_macports_sources_build.openmodelica.org_macports_lang_openmodelica-devel/openmodelica-devel/work/openmodelica_23929/3rdParty/FMIL/build/../install/./include/FMI1/fmi1_import_cosim.h
:info:build make[4]: Entering directory `/opt/local/var/macports/build/_opt_local_var_macports_sources_build.openmodelica.org_macports_lang_openmodelica-devel/openmodelica-devel/work/openmodelica_23929/3rdParty/lis-1.4.12/src/esolver'
:info:build /bin/sh ../../libtool --mode=compile --tag=CC /opt/local/bin/clang-mp-3.3  -DHAVE_CONFIG_H -I. -I../../include   -I/opt/local/include -I../../include -O3 -fomit-frame-pointer -pipe -Os -arch x86_64 -fno-stack-protector -c -o lis_esolver.lo lis_esolver.c
:info:build -- Installing: /opt/local/var/macports/build/_opt_local_var_macports_sources_build.openmodelica.org_macports_lang_openmodelica-devel/openmodelica-devel/work/openmodelica_23929/3rdParty/FMIL/build/../install/./include/FMI1/fmi1_import_type.h
:info:build -- Installing: /opt/local/var/macports/build/_opt_local_var_macports_sources_build.openmodelica.org_macports_lang_openmodelica-devel/openmodelica-devel/work/openmodelica_23929/3rdParty/FMIL/build/../install/./include/FMI1/fmi1_import_unit.h
:info:build -- Installing: /opt/local/var/macports/build/_opt_local_var_macports_sources_build.openmodelica.org_macports_lang_openmodelica-devel/openmodelica-devel/work/openmodelica_23929/3rdParty/FMIL/build/../install/./include/FMI1/fmi1_import_variable.h
:info:build /bin/sh ../../libtool --mode=compile --tag=CC /opt/local/bin/clang-mp-3.3  -DHAVE_CONFIG_H -I. -I../../include   -I/opt/local/include -I../../include -O3 -fomit-frame-pointer -pipe -Os -arch x86_64 -fno-stack-protector -c -o lis_esolver_pi.lo lis_esolver_pi.c
:info:build -- Installing: /opt/local/var/macports/build/_opt_local_var_macports_sources_build.openmodelica.org_macports_lang_openmodelica-devel/openmodelica-devel/work/openmodelica_23929/3rdParty/FMIL/build/../install/./include/FMI1/fmi1_import_variable_list.h
:info:build Modelica Standard Tables may use ZLIB: Yes
:info:build Modelica Standard Tables may use HDF5: No
:info:build Modelica Standard Tables may use MAT7.3: No
:info:build /bin/sh ../../libtool --mode=compile --tag=CC /opt/local/bin/clang-mp-3.3  -DHAVE_CONFIG_H -I. -I../../include   -I/opt/local/include -I../../include -O3 -fomit-frame-pointer -pipe -Os -arch x86_64 -fno-stack-protector -c -o lis_esolver_ii.lo lis_esolver_ii.c
:info:build -- Installing: /opt/local/var/macports/build/_opt_local_var_macports_sources_build.openmodelica.org_macports_lang_openmodelica-devel/openmodelica-devel/work/openmodelica_23929/3rdParty/FMIL/build/../install/./include/FMI1/fmi1_import_vendor_annotations.h
:info:build -- Installing: /opt/local/var/macports/build/_opt_local_var_macports_sources_build.openmodelica.org_macports_lang_openmodelica-devel/openmodelica-devel/work/openmodelica_23929/3rdParty/FMIL/build/../install/./include/FMI2
:info:build -- Installing: /opt/local/var/macports/build/_opt_local_var_macports_sources_build.openmodelica.org_macports_lang_openmodelica-devel/openmodelica-devel/work/openmodelica_23929/3rdParty/FMIL/build/../install/./include/FMI2/fmi2_import.h
:info:build checking for sys/stat.h... -- Installing: /opt/local/var/macports/build/_opt_local_var_macports_sources_build.openmodelica.org_macports_lang_openmodelica-devel/openmodelica-devel/work/openmodelica_23929/3rdParty/FMIL/build/../install/./include/FMI2/fmi2_import_capi.h
:info:build /bin/sh ../../libtool --mode=compile --tag=CC /opt/local/bin/clang-mp-3.3  -DHAVE_CONFIG_H -I. -I../../include   -I/opt/local/include -I../../include -O3 -fomit-frame-pointer -pipe -Os -arch x86_64 -fno-stack-protector -c -o lis_esolver_aii.lo lis_esolver_aii.c
:info:build -- Installing: /opt/local/var/macports/build/_opt_local_var_macports_sources_build.openmodelica.org_macports_lang_openmodelica-devel/openmodelica-devel/work/openmodelica_23929/3rdParty/FMIL/build/../install/./include/FMI2/fmi2_import_convenience.h
:info:build -- Installing: /opt/local/var/macports/build/_opt_local_var_macports_sources_build.openmodelica.org_macports_lang_openmodelica-devel/openmodelica-devel/work/openmodelica_23929/3rdParty/FMIL/build/../install/./include/FMI2/fmi2_import_type.h
:info:build -- Installing: /opt/local/var/macports/build/_opt_local_var_macports_sources_build.openmodelica.org_macports_lang_openmodelica-devel/openmodelica-devel/work/openmodelica_23929/3rdParty/FMIL/build/../install/./include/FMI2/fmi2_import_unit.h
:info:build -- Installing: /opt/local/var/macports/build/_opt_local_var_macports_sources_build.openmodelica.org_macports_lang_openmodelica-devel/openmodelica-devel/work/openmodelica_23929/3rdParty/FMIL/build/../install/./include/FMI2/fmi2_import_variable.h
:info:build -- Installing: /opt/local/var/macports/build/_opt_local_var_macports_sources_build.openmodelica.org_macports_lang_openmodelica-devel/openmodelica-devel/work/openmodelica_23929/3rdParty/FMIL/build/../install/./include/FMI2/fmi2_import_variable_list.h
:info:build -- Installing: /opt/local/var/macports/build/_opt_local_var_macports_sources_build.openmodelica.org_macports_lang_openmodelica-devel/openmodelica-devel/work/openmodelica_23929/3rdParty/FMIL/build/../install/./include
:info:build -- Installing: /opt/local/var/macports/build/_opt_local_var_macports_sources_build.openmodelica.org_macports_lang_openmodelica-devel/openmodelica-devel/work/openmodelica_23929/3rdParty/FMIL/build/../install/./include/FMI
:info:build -- Installing: /opt/local/var/macports/build/_opt_local_var_macports_sources_build.openmodelica.org_macports_lang_openmodelica-devel/openmodelica-devel/work/openmodelica_23929/3rdParty/FMIL/build/../install/./include/FMI/fmi_util.h
:info:build -- Installing: /opt/local/var/macports/build/_opt_local_var_macports_sources_build.openmodelica.org_macports_lang_openmodelica-devel/openmodelica-devel/work/openmodelica_23929/3rdParty/FMIL/build/../install/./include/FMI/fmi_version.h
:info:build -- Installing: /opt/local/var/macports/build/_opt_local_var_macports_sources_build.openmodelica.org_macports_lang_openmodelica-devel/openmodelica-devel/work/openmodelica_23929/3rdParty/FMIL/build/../install/./include/FMI1
:info:build -- Installing: /opt/local/var/macports/build/_opt_local_var_macports_sources_build.openmodelica.org_macports_lang_openmodelica-devel/openmodelica-devel/work/openmodelica_23929/3rdParty/FMIL/build/../install/./include/FMI1/fmi1_enums.h
:info:build -- Installing: /opt/local/var/macports/build/_opt_local_var_macports_sources_build.openmodelica.org_macports_lang_openmodelica-devel/openmodelica-devel/work/openmodelica_23929/3rdParty/FMIL/build/../install/./include/FMI1/fmi1_functions.h
:info:build -- Installing: /opt/local/var/macports/build/_opt_local_var_macports_sources_build.openmodelica.org_macports_lang_openmodelica-devel/openmodelica-devel/work/openmodelica_23929/3rdParty/FMIL/build/../install/./include/FMI1/fmi1_types.h
:info:build -- Installing: /opt/local/var/macports/build/_opt_local_var_macports_sources_build.openmodelica.org_macports_lang_openmodelica-devel/openmodelica-devel/work/openmodelica_23929/3rdParty/FMIL/build/../install/./include/FMI2
:info:build -- Installing: /opt/local/var/macports/build/_opt_local_var_macports_sources_build.openmodelica.org_macports_lang_openmodelica-devel/openmodelica-devel/work/openmodelica_23929/3rdParty/FMIL/build/../install/./include/FMI2/fmi2_enums.h
:info:build -- Installing: /opt/local/var/macports/build/_opt_local_var_macports_sources_build.openmodelica.org_macports_lang_openmodelica-devel/openmodelica-devel/work/openmodelica_23929/3rdParty/FMIL/build/../install/./include/FMI2/fmi2_functions.h
:info:build -- Installing: /opt/local/var/macports/build/_opt_local_var_macports_sources_build.openmodelica.org_macports_lang_openmodelica-devel/openmodelica-devel/work/openmodelica_23929/3rdParty/FMIL/build/../install/./include/FMI2/fmi2_types.h
:info:build -- Installing: /opt/local/var/macports/build/_opt_local_var_macports_sources_build.openmodelica.org_macports_lang_openmodelica-devel/openmodelica-devel/work/openmodelica_23929/3rdParty/FMIL/build/../install/./include/FMI2/fmi2_xml_callbacks.h
:info:build -- Installing: /opt/local/var/macports/build/_opt_local_var_macports_sources_build.openmodelica.org_macports_lang_openmodelica-devel/openmodelica-devel/work/openmodelica_23929/3rdParty/FMIL/build/../install/./include/JM
:info:build -- Installing: /opt/local/var/macports/build/_opt_local_var_macports_sources_build.openmodelica.org_macports_lang_openmodelica-devel/openmodelica-devel/work/openmodelica_23929/3rdParty/FMIL/build/../install/./include/JM/jm_callbacks.h
:info:build -- Installing: /opt/local/var/macports/build/_opt_local_var_macports_sources_build.openmodelica.org_macports_lang_openmodelica-devel/openmodelica-devel/work/openmodelica_23929/3rdParty/FMIL/build/../install/./include/JM/jm_named_ptr.h
:info:build -- Installing: /opt/local/var/macports/build/_opt_local_var_macports_sources_build.openmodelica.org_macports_lang_openmodelica-devel/openmodelica-devel/work/openmodelica_23929/3rdParty/FMIL/build/../install/./include/JM/jm_portability.h
:info:build -- Installing: /opt/local/var/macports/build/_opt_local_var_macports_sources_build.openmodelica.org_macports_lang_openmodelica-devel/openmodelica-devel/work/openmodelica_23929/3rdParty/FMIL/build/../install/./include/JM/jm_stack.h
:info:build -- Installing: /opt/local/var/macports/build/_opt_local_var_macports_sources_build.openmodelica.org_macports_lang_openmodelica-devel/openmodelica-devel/work/openmodelica_23929/3rdParty/FMIL/build/../install/./include/JM/jm_string_set.h
:info:build -- Installing: /opt/local/var/macports/build/_opt_local_var_macports_sources_build.openmodelica.org_macports_lang_openmodelica-devel/openmodelica-devel/work/openmodelica_23929/3rdParty/FMIL/build/../install/./include/JM/jm_types.h
:info:build -- Installing: /opt/local/var/macports/build/_opt_local_var_macports_sources_build.openmodelica.org_macports_lang_openmodelica-devel/openmodelica-devel/work/openmodelica_23929/3rdParty/FMIL/build/../install/./include/JM/jm_vector.h
:info:build -- Installing: /opt/local/var/macports/build/_opt_local_var_macports_sources_build.openmodelica.org_macports_lang_openmodelica-devel/openmodelica-devel/work/openmodelica_23929/3rdParty/FMIL/build/../install/./include/JM/jm_vector_template.h
:info:build -- Installing: /opt/local/var/macports/build/_opt_local_var_macports_sources_build.openmodelica.org_macports_lang_openmodelica-devel/openmodelica-devel/work/openmodelica_23929/3rdParty/FMIL/build/../install/include/FMI1
:info:build -- Installing: /opt/local/var/macports/build/_opt_local_var_macports_sources_build.openmodelica.org_macports_lang_openmodelica-devel/openmodelica-devel/work/openmodelica_23929/3rdParty/FMIL/build/../install/include/FMI1/fmiFunctions.h
:info:build -- Installing: /opt/local/var/macports/build/_opt_local_var_macports_sources_build.openmodelica.org_macports_lang_openmodelica-devel/openmodelica-devel/work/openmodelica_23929/3rdParty/FMIL/build/../install/include/FMI1/fmiModelFunctions.h
:info:build -- Installing: /opt/local/var/macports/build/_opt_local_var_macports_sources_build.openmodelica.org_macports_lang_openmodelica-devel/openmodelica-devel/work/openmodelica_23929/3rdParty/FMIL/build/../install/include/FMI1/fmiModelTypes.h
:info:build -- Installing: /opt/local/var/macports/build/_opt_local_var_macports_sources_build.openmodelica.org_macports_lang_openmodelica-devel/openmodelica-devel/work/openmodelica_23929/3rdParty/FMIL/build/../install/include/FMI1/fmiPlatformTypes.h
:info:build -- Installing: /opt/local/var/macports/build/_opt_local_var_macports_sources_build.openmodelica.org_macports_lang_openmodelica-devel/openmodelica-devel/work/openmodelica_23929/3rdParty/FMIL/build/../install/include/FMI2
:info:build -- Installing: /opt/local/var/macports/build/_opt_local_var_macports_sources_build.openmodelica.org_macports_lang_openmodelica-devel/openmodelica-devel/work/openmodelica_23929/3rdParty/FMIL/build/../install/include/FMI2/fmi2Functions.h
:info:build -- Installing: /opt/local/var/macports/build/_opt_local_var_macports_sources_build.openmodelica.org_macports_lang_openmodelica-devel/openmodelica-devel/work/openmodelica_23929/3rdParty/FMIL/build/../install/include/FMI2/fmi2FunctionTypes.h
:info:build -- Installing: /opt/local/var/macports/build/_opt_local_var_macports_sources_build.openmodelica.org_macports_lang_openmodelica-devel/openmodelica-devel/work/openmodelica_23929/3rdParty/FMIL/build/../install/include/FMI2/fmi2TypesPlatform.h
:info:build -- Installing: /opt/local/var/macports/build/_opt_local_var_macports_sources_build.openmodelica.org_macports_lang_openmodelica-devel/openmodelica-devel/work/openmodelica_23929/3rdParty/FMIL/build/../install/include/FMI2/fmiFunctions.h
:info:build -- Installing: /opt/local/var/macports/build/_opt_local_var_macports_sources_build.openmodelica.org_macports_lang_openmodelica-devel/openmodelica-devel/work/openmodelica_23929/3rdParty/FMIL/build/../install/include/FMI2/fmiFunctionTypes.h
:info:build -- Installing: /opt/local/var/macports/build/_opt_local_var_macports_sources_build.openmodelica.org_macports_lang_openmodelica-devel/openmodelica-devel/work/openmodelica_23929/3rdParty/FMIL/build/../install/include/FMI2/fmiTypesPlatform.h
:info:build libtool: compile:  /opt/local/bin/clang-mp-3.3 -DHAVE_CONFIG_H -I. -I../../include -I/opt/local/include -I../../include -O3 -fomit-frame-pointer -pipe -Os -arch x86_64 -fno-stack-protector -c lis_esolver.c  -fno-common -DPIC -o .libs/lis_esolver.o
:info:build libtool: compile:  /opt/local/bin/clang-mp-3.3 -DHAVE_CONFIG_H -I. -I../../include -I/opt/local/include -I../../include -O3 -fomit-frame-pointer -pipe -Os -arch x86_64 -fno-stack-protector -c lis_esolver_pi.c  -fno-common -DPIC -o .libs/lis_esolver_pi.o
:info:build libtool: compile:  /opt/local/bin/clang-mp-3.3 -DHAVE_CONFIG_H -I. -I../../include -I/opt/local/include -I../../include -O3 -fomit-frame-pointer -pipe -Os -arch x86_64 -fno-stack-protector -c lis_esolver_ii.c  -fno-common -DPIC -o .libs/lis_esolver_ii.o
:info:build libtool: compile:  /opt/local/bin/clang-mp-3.3 -DHAVE_CONFIG_H -I. -I../../include -I/opt/local/include -I../../include -O3 -fomit-frame-pointer -pipe -Os -arch x86_64 -fno-stack-protector -c lis_esolver_aii.c  -fno-common -DPIC -o .libs/lis_esolver_aii.o
:info:build make[2]: Leaving directory `/opt/local/var/macports/build/_opt_local_var_macports_sources_build.openmodelica.org_macports_lang_openmodelica-devel/openmodelica-devel/work/openmodelica_23929/3rdParty/FMIL/build'
:info:build test "(" ! `uname` = Darwin ")" -o "(" ! -f 3rdParty/FMIL/build/libfmilib_shared.dylib ")" || install_name_tool -id @rpath/libfmilib_shared.dylib 3rdParty/FMIL/build/libfmilib_shared.dylib
:info:build checking that generated files are newer than configure... done
:info:build configure: creating ./config.status
:info:build cp -pPR 3rdParty/FMIL/build/libfmilib_shared.dylib ./build/lib/omc/
:info:build test ! -f build/lib/omc/libfmilib_shared.dylib || ln -sf libfmilib_shared.dylib build/lib/omc/libfmilib.dylib
:info:build #TODO: Only copy required headers, add them in omc/fmi subfolder, and do not copy c/txt-files
:info:build #cp -rp 3rdParty/FMIL/install/include/* ./build/include/omc
:info:build /bin/sh ../../libtool --mode=compile --tag=CC /opt/local/bin/clang-mp-3.3  -DHAVE_CONFIG_H -I. -I../../include   -I/opt/local/include -I../../include -O3 -fomit-frame-pointer -pipe -Os -arch x86_64 -fno-stack-protector -c -o lis_esolver_li.lo lis_esolver_li.c
:info:build autoreconf: running: automake --add-missing --copy --force-missing
:info:build yes
:info:build libtool: compile:  /opt/local/bin/clang-mp-3.3 -DHAVE_CONFIG_H -I. -I../../include -I/opt/local/include -I../../include -O3 -fomit-frame-pointer -pipe -Os -arch x86_64 -fno-stack-protector -c lis_esolver_li.c  -fno-common -DPIC -o .libs/lis_esolver_li.o
:info:build /bin/sh ../../libtool --mode=compile --tag=CC /opt/local/bin/clang-mp-3.3  -DHAVE_CONFIG_H -I. -I../../include   -I/opt/local/include -I../../include -O3 -fomit-frame-pointer -pipe -Os -arch x86_64 -fno-stack-protector -c -o lis_esolver_cg.lo lis_esolver_cg.c
:info:build /bin/sh ../../libtool --mode=compile --tag=CC /opt/local/bin/clang-mp-3.3  -DHAVE_CONFIG_H -I. -I../../include   -I/opt/local/include -I../../include -O3 -fomit-frame-pointer -pipe -Os -arch x86_64 -fno-stack-protector -c -o lis_esolver_si.lo lis_esolver_si.c
:info:build checking for stdlib.h... /bin/sh ../../libtool --mode=compile --tag=CC /opt/local/bin/clang-mp-3.3  -DHAVE_CONFIG_H -I. -I../../include   -I/opt/local/include -I../../include -O3 -fomit-frame-pointer -pipe -Os -arch x86_64 -fno-stack-protector -c -o lis_esolver_rqi.lo lis_esolver_rqi.c
:info:build libtool: compile:  /opt/local/bin/clang-mp-3.3 -DHAVE_CONFIG_H -I. -I../../include -I/opt/local/include -I../../include -O3 -fomit-frame-pointer -pipe -Os -arch x86_64 -fno-stack-protector -c lis_esolver_cg.c  -fno-common -DPIC -o .libs/lis_esolver_cg.o
:info:build libtool: compile:  /opt/local/bin/clang-mp-3.3 -DHAVE_CONFIG_H -I. -I../../include -I/opt/local/include -I../../include -O3 -fomit-frame-pointer -pipe -Os -arch x86_64 -fno-stack-protector -c lis_esolver_si.c  -fno-common -DPIC -o .libs/lis_esolver_si.o
:info:build libtool: compile:  /opt/local/bin/clang-mp-3.3 -DHAVE_CONFIG_H -I. -I../../include -I/opt/local/include -I../../include -O3 -fomit-frame-pointer -pipe -Os -arch x86_64 -fno-stack-protector -c lis_esolver_rqi.c  -fno-common -DPIC -o .libs/lis_esolver_rqi.o
:info:build yes
:info:build checking for string.h... /bin/sh ../../libtool --tag=CC   --mode=link /opt/local/bin/clang-mp-3.3 -I../../include -O3 -fomit-frame-pointer -pipe -Os -arch x86_64 -fno-stack-protector  -L/opt/local/lib -Wl,-headerpad_max_install_names -arch x86_64 -Wl,-install_name,@rpath/liblis.dylib -o libesolver.la  lis_esolver.lo lis_esolver_pi.lo lis_esolver_ii.lo lis_esolver_aii.lo lis_esolver_li.lo lis_esolver_cg.lo lis_esolver_si.lo lis_esolver_rqi.lo  -lm 
:info:build yes
:info:build checking for memory.h... libtool: link: ar cru .libs/libesolver.a .libs/lis_esolver.o .libs/lis_esolver_pi.o .libs/lis_esolver_ii.o .libs/lis_esolver_aii.o .libs/lis_esolver_li.o .libs/lis_esolver_cg.o .libs/lis_esolver_si.o .libs/lis_esolver_rqi.o 
:info:build libtool: link: ranlib .libs/libesolver.a
:info:build yes
:info:build libtool: link: ( cd ".libs" && rm -f "libesolver.la" && ln -s "../libesolver.la" "libesolver.la" )
:info:build checking for strings.h... make[4]: Leaving directory `/opt/local/var/macports/build/_opt_local_var_macports_sources_build.openmodelica.org_macports_lang_openmodelica-devel/openmodelica-devel/work/openmodelica_23929/3rdParty/lis-1.4.12/src/esolver'
:info:build Making all in system
:info:build make[4]: Entering directory `/opt/local/var/macports/build/_opt_local_var_macports_sources_build.openmodelica.org_macports_lang_openmodelica-devel/openmodelica-devel/work/openmodelica_23929/3rdParty/lis-1.4.12/src/system'
:info:build /bin/sh ../../libtool --mode=compile --tag=CC /opt/local/bin/clang-mp-3.3  -DHAVE_CONFIG_H -I. -I../../include   -I/opt/local/include -I../../include -O3 -fomit-frame-pointer -pipe -Os -arch x86_64 -fno-stack-protector -c -o lis_error.lo lis_error.c
:info:build /bin/sh ../../libtool --mode=compile --tag=CC /opt/local/bin/clang-mp-3.3  -DHAVE_CONFIG_H -I. -I../../include   -I/opt/local/include -I../../include -O3 -fomit-frame-pointer -pipe -Os -arch x86_64 -fno-stack-protector -c -o lis_hash.lo lis_hash.c
:info:build /bin/sh ../../libtool --mode=compile --tag=CC /opt/local/bin/clang-mp-3.3  -DHAVE_CONFIG_H -I. -I../../include   -I/opt/local/include -I../../include -O3 -fomit-frame-pointer -pipe -Os -arch x86_64 -fno-stack-protector -c -o lis_init.lo lis_init.c
:info:build /bin/sh ../../libtool --mode=compile --tag=CC /opt/local/bin/clang-mp-3.3  -DHAVE_CONFIG_H -I. -I../../include   -I/opt/local/include -I../../include -O3 -fomit-frame-pointer -pipe -Os -arch x86_64 -fno-stack-protector -c -o lis_input.lo lis_input.c
:info:build /bin/sh ../../libtool --mode=compile --tag=CC /opt/local/bin/clang-mp-3.3  -DHAVE_CONFIG_H -I. -I../../include   -I/opt/local/include -I../../include -O3 -fomit-frame-pointer -pipe -Os -arch x86_64 -fno-stack-protector -c -o lis_input_hb.lo lis_input_hb.c
:info:build libtool: compile:  /opt/local/bin/clang-mp-3.3 -DHAVE_CONFIG_H -I. -I../../include -I/opt/local/include -I../../include -O3 -fomit-frame-pointer -pipe -Os -arch x86_64 -fno-stack-protector -c lis_error.c  -fno-common -DPIC -o .libs/lis_error.o
:info:build libtool: compile:  /opt/local/bin/clang-mp-3.3 -DHAVE_CONFIG_H -I. -I../../include -I/opt/local/include -I../../include -O3 -fomit-frame-pointer -pipe -Os -arch x86_64 -fno-stack-protector -c lis_hash.c  -fno-common -DPIC -o .libs/lis_hash.o
:info:build libtool: compile:  /opt/local/bin/clang-mp-3.3 -DHAVE_CONFIG_H -I. -I../../include -I/opt/local/include -I../../include -O3 -fomit-frame-pointer -pipe -Os -arch x86_64 -fno-stack-protector -c lis_init.c  -fno-common -DPIC -o .libs/lis_init.o
:info:build libtool: compile:  /opt/local/bin/clang-mp-3.3 -DHAVE_CONFIG_H -I. -I../../include -I/opt/local/include -I../../include -O3 -fomit-frame-pointer -pipe -Os -arch x86_64 -fno-stack-protector -c lis_input.c  -fno-common -DPIC -o .libs/lis_input.o
:info:build libtool: compile:  /opt/local/bin/clang-mp-3.3 -DHAVE_CONFIG_H -I. -I../../include -I/opt/local/include -I../../include -O3 -fomit-frame-pointer -pipe -Os -arch x86_64 -fno-stack-protector -c lis_input_hb.c  -fno-common -DPIC -o .libs/lis_input_hb.o
:info:build yes
:info:build checking for inttypes.h... /bin/sh ../../libtool --mode=compile --tag=CC /opt/local/bin/clang-mp-3.3  -DHAVE_CONFIG_H -I. -I../../include   -I/opt/local/include -I../../include -O3 -fomit-frame-pointer -pipe -Os -arch x86_64 -fno-stack-protector -c -o lis_input_mm.lo lis_input_mm.c
:info:build /bin/sh ../../libtool --mode=compile --tag=CC /opt/local/bin/clang-mp-3.3  -DHAVE_CONFIG_H -I. -I../../include   -I/opt/local/include -I../../include -O3 -fomit-frame-pointer -pipe -Os -arch x86_64 -fno-stack-protector -c -o lis_memory.lo lis_memory.c
:info:build /bin/sh ../../libtool --mode=compile --tag=CC /opt/local/bin/clang-mp-3.3  -DHAVE_CONFIG_H -I. -I../../include   -I/opt/local/include -I../../include -O3 -fomit-frame-pointer -pipe -Os -arch x86_64 -fno-stack-protector -c -o lis_output.lo lis_output.c
:info:build libtool: compile:  /opt/local/bin/clang-mp-3.3 -DHAVE_CONFIG_H -I. -I../../include -I/opt/local/include -I../../include -O3 -fomit-frame-pointer -pipe -Os -arch x86_64 -fno-stack-protector -c lis_input_mm.c  -fno-common -DPIC -o .libs/lis_input_mm.o
:info:build /bin/sh ../../libtool --mode=compile --tag=CC /opt/local/bin/clang-mp-3.3  -DHAVE_CONFIG_H -I. -I../../include   -I/opt/local/include -I../../include -O3 -fomit-frame-pointer -pipe -Os -arch x86_64 -fno-stack-protector -c -o lis_output_mm.lo lis_output_mm.c
:info:build /bin/sh ../../libtool --mode=compile --tag=CC /opt/local/bin/clang-mp-3.3  -DHAVE_CONFIG_H -I. -I../../include   -I/opt/local/include -I../../include -O3 -fomit-frame-pointer -pipe -Os -arch x86_64 -fno-stack-protector -c -o lis_sort.lo lis_sort.c
:info:build libtool: compile:  /opt/local/bin/clang-mp-3.3 -DHAVE_CONFIG_H -I. -I../../include -I/opt/local/include -I../../include -O3 -fomit-frame-pointer -pipe -Os -arch x86_64 -fno-stack-protector -c lis_memory.c  -fno-common -DPIC -o .libs/lis_memory.o
:info:build libtool: compile:  /opt/local/bin/clang-mp-3.3 -DHAVE_CONFIG_H -I. -I../../include -I/opt/local/include -I../../include -O3 -fomit-frame-pointer -pipe -Os -arch x86_64 -fno-stack-protector -c lis_output.c  -fno-common -DPIC -o .libs/lis_output.o
:info:build libtool: compile:  /opt/local/bin/clang-mp-3.3 -DHAVE_CONFIG_H -I. -I../../include -I/opt/local/include -I../../include -O3 -fomit-frame-pointer -pipe -Os -arch x86_64 -fno-stack-protector -c lis_output_mm.c  -fno-common -DPIC -o .libs/lis_output_mm.o
:info:build libtool: compile:  /opt/local/bin/clang-mp-3.3 -DHAVE_CONFIG_H -I. -I../../include -I/opt/local/include -I../../include -O3 -fomit-frame-pointer -pipe -Os -arch x86_64 -fno-stack-protector -c lis_sort.c  -fno-common -DPIC -o .libs/lis_sort.o
:info:build yes
:info:build checking for stdint.h... /bin/sh ../../libtool --mode=compile --tag=CC /opt/local/bin/clang-mp-3.3  -DHAVE_CONFIG_H -I. -I../../include   -I/opt/local/include -I../../include -O3 -fomit-frame-pointer -pipe -Os -arch x86_64 -fno-stack-protector -c -o lis_times.lo lis_times.c
:info:build /bin/sh ../../libtool --mode=compile --tag=CC /opt/local/bin/clang-mp-3.3  -DHAVE_CONFIG_H -I. -I../../include   -I/opt/local/include -I../../include -O3 -fomit-frame-pointer -pipe -Os -arch x86_64 -fno-stack-protector -c -o mt19937ar.lo mt19937ar.c
:info:build libtool: compile:  /opt/local/bin/clang-mp-3.3 -DHAVE_CONFIG_H -I. -I../../include -I/opt/local/include -I../../include -O3 -fomit-frame-pointer -pipe -Os -arch x86_64 -fno-stack-protector -c lis_times.c  -fno-common -DPIC -o .libs/lis_times.o
:info:build libtool: compile:  /opt/local/bin/clang-mp-3.3 -DHAVE_CONFIG_H -I. -I../../include -I/opt/local/include -I../../include -O3 -fomit-frame-pointer -pipe -Os -arch x86_64 -fno-stack-protector -c mt19937ar.c  -fno-common -DPIC -o .libs/mt19937ar.o
:info:build yes
:info:build checking for unistd.h... /bin/sh ../../libtool --tag=CC   --mode=link /opt/local/bin/clang-mp-3.3 -I../../include -O3 -fomit-frame-pointer -pipe -Os -arch x86_64 -fno-stack-protector  -L/opt/local/lib -Wl,-headerpad_max_install_names -arch x86_64 -Wl,-install_name,@rpath/liblis.dylib -o libsystem.la  lis_error.lo lis_hash.lo lis_init.lo lis_input.lo lis_input_hb.lo lis_input_mm.lo lis_memory.lo lis_output.lo lis_output_mm.lo lis_sort.lo lis_times.lo mt19937ar.lo  -lm 
:info:build yes
:info:build checking pthread.h usability... config.status: creating Makefile
:info:build libtool: link: ar cru .libs/libsystem.a .libs/lis_error.o .libs/lis_hash.o .libs/lis_init.o .libs/lis_input.o .libs/lis_input_hb.o .libs/lis_input_mm.o .libs/lis_memory.o .libs/lis_output.o .libs/lis_output_mm.o .libs/lis_sort.o .libs/lis_times.o .libs/mt19937ar.o 
:info:build yes
:info:build checking pthread.h presence... libtool: link: ranlib .libs/libsystem.a
:info:build config.status: executing depfiles commands
:info:build libtool: link: ( cd ".libs" && rm -f "libsystem.la" && ln -s "../libsystem.la" "libsystem.la" )
:info:build make[4]: Leaving directory `/opt/local/var/macports/build/_opt_local_var_macports_sources_build.openmodelica.org_macports_lang_openmodelica-devel/openmodelica-devel/work/openmodelica_23929/3rdParty/lis-1.4.12/src/system'
:info:build Making all in precision
:info:build make[4]: Entering directory `/opt/local/var/macports/build/_opt_local_var_macports_sources_build.openmodelica.org_macports_lang_openmodelica-devel/openmodelica-devel/work/openmodelica_23929/3rdParty/lis-1.4.12/src/precision'
:info:build /bin/sh ../../libtool --mode=compile --tag=CC /opt/local/bin/clang-mp-3.3  -DHAVE_CONFIG_H -I. -I../../include   -I/opt/local/include -I../../include  -O3 -fomit-frame-pointer -pipe -Os -arch x86_64 -fno-stack-protector -c -o lis_precision.lo lis_precision.c
:info:build /bin/sh ../../libtool --mode=compile --tag=CC /opt/local/bin/clang-mp-3.3  -DHAVE_CONFIG_H -I. -I../../include   -I/opt/local/include -I../../include  -O3 -fomit-frame-pointer -pipe -Os -arch x86_64 -fno-stack-protector -c -o lis_precision_vec.lo lis_precision_vec.c
:info:build /bin/sh ../../libtool --mode=compile --tag=CC /opt/local/bin/clang-mp-3.3  -DHAVE_CONFIG_H -I. -I../../include   -I/opt/local/include -I../../include  -O3 -fomit-frame-pointer -pipe -Os -arch x86_64 -fno-stack-protector -c -o lis_precision_matvec.lo lis_precision_matvec.c
:info:build yes
:info:build checking for pthread.h... configure.ac:15: installing './compile'
:info:build yes
:info:build configure.ac:5: installing './config.guess'
:info:build configure.ac:5: installing './config.sub'
:info:build configure.ac:9: installing './install-sh'
:info:build checking for pthread_create in -lpthread... libtool: compile:  /opt/local/bin/clang-mp-3.3 -DHAVE_CONFIG_H -I. -I../../include -I/opt/local/include -I../../include -O3 -fomit-frame-pointer -pipe -Os -arch x86_64 -fno-stack-protector -c lis_precision.c  -fno-common -DPIC -o .libs/lis_precision.o
:info:build configure.ac:9: installing './missing'
:info:build libtool: compile:  /opt/local/bin/clang-mp-3.3 -DHAVE_CONFIG_H -I. -I../../include -I/opt/local/include -I../../include -O3 -fomit-frame-pointer -pipe -Os -arch x86_64 -fno-stack-protector -c lis_precision_vec.c  -fno-common -DPIC -o .libs/lis_precision_vec.o
:info:build libtool: compile:  /opt/local/bin/clang-mp-3.3 -DHAVE_CONFIG_H -I. -I../../include -I/opt/local/include -I../../include -O3 -fomit-frame-pointer -pipe -Os -arch x86_64 -fno-stack-protector -c lis_precision_matvec.c  -fno-common -DPIC -o .libs/lis_precision_matvec.o
:info:build config.status: executing libtool commands
:info:build yes
:info:build /bin/sh ../../libtool --tag=CC   --mode=link /opt/local/bin/clang-mp-3.3 -I../../include  -O3 -fomit-frame-pointer -pipe -Os -arch x86_64 -fno-stack-protector  -L/opt/local/lib -Wl,-headerpad_max_install_names -arch x86_64 -Wl,-install_name,@rpath/liblis.dylib -o libprecision.la  lis_precision.lo lis_precision_vec.lo lis_precision_matvec.lo  -lm 
:info:build checking whether ln -s works... yes
:info:build checking for a BSD-compatible install... /usr/bin/install -c
:info:build checking whether build environment is sane... src/Makefile.am: installing './depcomp'
:info:build make[2]: Entering directory `/opt/local/var/macports/build/_opt_local_var_macports_sources_build.openmodelica.org_macports_lang_openmodelica-devel/openmodelica-devel/work/openmodelica_23929/libraries/Resources/BuildProjects/autotools'
:info:build test -z "libModelicaExternalC.la libModelicaStandardTables.la" || rm -f libModelicaExternalC.la libModelicaStandardTables.la
:info:build rm -rf .libs _libs
:info:build rm -f *.o
:info:build rm -f *.lo
:info:build rm -rf ../../C-Sources/.libs ../../C-Sources/_libs
:info:build rm -rf ../../C-Sources/zlib/.libs ../../C-Sources/zlib/_libs
:info:build rm -f ../../C-Sources/*.o
:info:build rm -f ../../C-Sources/*.lo
:info:build rm -f ./so_locations
:info:build libtool: link: ar cru .libs/libprecision.a .libs/lis_precision.o .libs/lis_precision_vec.o .libs/lis_precision_matvec.o 
:info:build rm -f ../../C-Sources/zlib/*.o
:info:build rm -f ../../C-Sources/zlib/*.lo
:info:build /opt/local/bin/ranlib: file: .libs/libprecision.a(lis_precision.o) has no symbols
:info:build /opt/local/bin/ranlib: file: .libs/libprecision.a(lis_precision_vec.o) has no symbols
:info:build /opt/local/bin/ranlib: file: .libs/libprecision.a(lis_precision_matvec.o) has no symbols
:info:build libtool: link: ranlib .libs/libprecision.a
:info:build make[2]: Leaving directory `/opt/local/var/macports/build/_opt_local_var_macports_sources_build.openmodelica.org_macports_lang_openmodelica-devel/openmodelica-devel/work/openmodelica_23929/libraries/Resources/BuildProjects/autotools'
:info:build /Applications/Xcode.app/Contents/Developer/usr/bin/make -C "libraries/Resources//BuildProjects/autotools"
:info:build ranlib: file: .libs/libprecision.a(lis_precision.o) has no symbols
:info:build ranlib: file: .libs/libprecision.a(lis_precision_vec.o) has no symbols
:info:build ranlib: file: .libs/libprecision.a(lis_precision_matvec.o) has no symbols
:info:build warning: ranlib: warning for library: .libs/libprecision.a the table of contents is empty (no object file members in the library define global symbols)
:info:build libtool: link: ( cd ".libs" && rm -f "libprecision.la" && ln -s "../libprecision.la" "libprecision.la" )
:info:build make[4]: Leaving directory `/opt/local/var/macports/build/_opt_local_var_macports_sources_build.openmodelica.org_macports_lang_openmodelica-devel/openmodelica-devel/work/openmodelica_23929/3rdParty/lis-1.4.12/src/precision'
:info:build make[2]: Entering directory `/opt/local/var/macports/build/_opt_local_var_macports_sources_build.openmodelica.org_macports_lang_openmodelica-devel/openmodelica-devel/work/openmodelica_23929/libraries/Resources/BuildProjects/autotools'
:info:build make[4]: Entering directory `/opt/local/var/macports/build/_opt_local_var_macports_sources_build.openmodelica.org_macports_lang_openmodelica-devel/openmodelica-devel/work/openmodelica_23929/3rdParty/lis-1.4.12/src'
:info:build /bin/sh ../libtool --tag=CC   --mode=link /opt/local/bin/clang-mp-3.3  -O3 -fomit-frame-pointer -pipe -Os -arch x86_64 -fno-stack-protector  -L/opt/local/lib -Wl,-headerpad_max_install_names -arch x86_64 -Wl,-install_name,@rpath/liblis.dylib -o liblis.la -rpath /usr/local/lib  matrix/libmatrix.la vector/libvector.la matvec/libmatvec.la precon/libprecon.la solver/libsolver.la esolver/libesolver.la system/libsystem.la precision/libprecision.la   -lm 
:info:build depbase=`echo ../../C-Sources/ModelicaInternal.lo | sed 's|[^/]*$|.deps/&|;s|\.lo$||'`;\
:info:build 	/bin/sh ./libtool  --tag=CC   --mode=compile /opt/local/bin/clang-mp-3.3 -DPACKAGE_NAME=\"Modelica\ Standard\ Library\ Tables\" -DPACKAGE_TARNAME=\"libmodelicastandardtables\" -DPACKAGE_VERSION=\"3.2.1\" -DPACKAGE_STRING=\"Modelica\ Standard\ Library\ Tables\ 3.2.1\" -DPACKAGE_BUGREPORT=\"https://trac.modelica.org/Modelica\" -DPACKAGE_URL=\"https://modelica.org\" -DPACKAGE=\"libmodelicastandardtables\" -DVERSION=\"3.2.1\" -DSTDC_HEADERS=1 -DHAVE_SYS_TYPES_H=1 -DHAVE_SYS_STAT_H=1 -DHAVE_STDLIB_H=1 -DHAVE_STRING_H=1 -DHAVE_MEMORY_H=1 -DHAVE_STRINGS_H=1 -DHAVE_INTTYPES_H=1 -DHAVE_STDINT_H=1 -DHAVE_UNISTD_H=1 -DHAVE_DLFCN_H=1 -DLT_OBJDIR=\".libs/\" -DHAVE_ZLIB_H=1 -I.   -I/opt/local/include -DDUMMY_FUNCTION_USERTAB -DHAVE_ZLIB=1  -pipe -Os -arch x86_64 -fno-stack-protector -O0 -g -MT ../../C-Sources/ModelicaInternal.lo -MD -MP -MF $depbase.Tpo -c -o ../../C-Sources/ModelicaInternal.lo ../../C-Sources/ModelicaInternal.c &&\
:info:build 	mv -f $depbase.Tpo $depbase.Plo
:info:build depbase=`echo ../../C-Sources/ModelicaStrings.lo | sed 's|[^/]*$|.deps/&|;s|\.lo$||'`;\
:info:build 	/bin/sh ./libtool  --tag=CC   --mode=compile /opt/local/bin/clang-mp-3.3 -DPACKAGE_NAME=\"Modelica\ Standard\ Library\ Tables\" -DPACKAGE_TARNAME=\"libmodelicastandardtables\" -DPACKAGE_VERSION=\"3.2.1\" -DPACKAGE_STRING=\"Modelica\ Standard\ Library\ Tables\ 3.2.1\" -DPACKAGE_BUGREPORT=\"https://trac.modelica.org/Modelica\" -DPACKAGE_URL=\"https://modelica.org\" -DPACKAGE=\"libmodelicastandardtables\" -DVERSION=\"3.2.1\" -DSTDC_HEADERS=1 -DHAVE_SYS_TYPES_H=1 -DHAVE_SYS_STAT_H=1 -DHAVE_STDLIB_H=1 -DHAVE_STRING_H=1 -DHAVE_MEMORY_H=1 -DHAVE_STRINGS_H=1 -DHAVE_INTTYPES_H=1 -DHAVE_STDINT_H=1 -DHAVE_UNISTD_H=1 -DHAVE_DLFCN_H=1 -DLT_OBJDIR=\".libs/\" -DHAVE_ZLIB_H=1 -I.   -I/opt/local/include -DDUMMY_FUNCTION_USERTAB -DHAVE_ZLIB=1  -pipe -Os -arch x86_64 -fno-stack-protector -O0 -g -MT ../../C-Sources/ModelicaStrings.lo -MD -MP -MF $depbase.Tpo -c -o ../../C-Sources/ModelicaStrings.lo ../../C-Sources/ModelicaStrings.c &&\
:info:build 	mv -f $depbase.Tpo $depbase.Plo
:info:build depbase=`echo ../../C-Sources/ModelicaStandardTables.lo | sed 's|[^/]*$|.deps/&|;s|\.lo$||'`;\
:info:build 	/bin/sh ./libtool  --tag=CC   --mode=compile /opt/local/bin/clang-mp-3.3 -DPACKAGE_NAME=\"Modelica\ Standard\ Library\ Tables\" -DPACKAGE_TARNAME=\"libmodelicastandardtables\" -DPACKAGE_VERSION=\"3.2.1\" -DPACKAGE_STRING=\"Modelica\ Standard\ Library\ Tables\ 3.2.1\" -DPACKAGE_BUGREPORT=\"https://trac.modelica.org/Modelica\" -DPACKAGE_URL=\"https://modelica.org\" -DPACKAGE=\"libmodelicastandardtables\" -DVERSION=\"3.2.1\" -DSTDC_HEADERS=1 -DHAVE_SYS_TYPES_H=1 -DHAVE_SYS_STAT_H=1 -DHAVE_STDLIB_H=1 -DHAVE_STRING_H=1 -DHAVE_MEMORY_H=1 -DHAVE_STRINGS_H=1 -DHAVE_INTTYPES_H=1 -DHAVE_STDINT_H=1 -DHAVE_UNISTD_H=1 -DHAVE_DLFCN_H=1 -DLT_OBJDIR=\".libs/\" -DHAVE_ZLIB_H=1 -I.   -I/opt/local/include -DDUMMY_FUNCTION_USERTAB -DHAVE_ZLIB=1  -pipe -Os -arch x86_64 -fno-stack-protector -O0 -g -MT ../../C-Sources/ModelicaStandardTables.lo -MD -MP -MF $depbase.Tpo -c -o ../../C-Sources/ModelicaStandardTables.lo ../../C-Sources/ModelicaStandardTables.c &&\
:info:build 	mv -f $depbase.Tpo $depbase.Plo
:info:build depbase=`echo ../../C-Sources/ModelicaMatIO.lo | sed 's|[^/]*$|.deps/&|;s|\.lo$||'`;\
:info:build 	/bin/sh ./libtool  --tag=CC   --mode=compile /opt/local/bin/clang-mp-3.3 -DPACKAGE_NAME=\"Modelica\ Standard\ Library\ Tables\" -DPACKAGE_TARNAME=\"libmodelicastandardtables\" -DPACKAGE_VERSION=\"3.2.1\" -DPACKAGE_STRING=\"Modelica\ Standard\ Library\ Tables\ 3.2.1\" -DPACKAGE_BUGREPORT=\"https://trac.modelica.org/Modelica\" -DPACKAGE_URL=\"https://modelica.org\" -DPACKAGE=\"libmodelicastandardtables\" -DVERSION=\"3.2.1\" -DSTDC_HEADERS=1 -DHAVE_SYS_TYPES_H=1 -DHAVE_SYS_STAT_H=1 -DHAVE_STDLIB_H=1 -DHAVE_STRING_H=1 -DHAVE_MEMORY_H=1 -DHAVE_STRINGS_H=1 -DHAVE_INTTYPES_H=1 -DHAVE_STDINT_H=1 -DHAVE_UNISTD_H=1 -DHAVE_DLFCN_H=1 -DLT_OBJDIR=\".libs/\" -DHAVE_ZLIB_H=1 -I.   -I/opt/local/include -DDUMMY_FUNCTION_USERTAB -DHAVE_ZLIB=1  -pipe -Os -arch x86_64 -fno-stack-protector -O0 -g -MT ../../C-Sources/ModelicaMatIO.lo -MD -MP -MF $depbase.Tpo -c -o ../../C-Sources/ModelicaMatIO.lo ../../C-Sources/ModelicaMatIO.c &&\
:info:build 	mv -f $depbase.Tpo $depbase.Plo
:info:build depbase=`echo ../../C-Sources/zlib/adler32.lo | sed 's|[^/]*$|.deps/&|;s|\.lo$||'`;\
:info:build 	/bin/sh ./libtool  --tag=CC   --mode=compile /opt/local/bin/clang-mp-3.3 -DPACKAGE_NAME=\"Modelica\ Standard\ Library\ Tables\" -DPACKAGE_TARNAME=\"libmodelicastandardtables\" -DPACKAGE_VERSION=\"3.2.1\" -DPACKAGE_STRING=\"Modelica\ Standard\ Library\ Tables\ 3.2.1\" -DPACKAGE_BUGREPORT=\"https://trac.modelica.org/Modelica\" -DPACKAGE_URL=\"https://modelica.org\" -DPACKAGE=\"libmodelicastandardtables\" -DVERSION=\"3.2.1\" -DSTDC_HEADERS=1 -DHAVE_SYS_TYPES_H=1 -DHAVE_SYS_STAT_H=1 -DHAVE_STDLIB_H=1 -DHAVE_STRING_H=1 -DHAVE_MEMORY_H=1 -DHAVE_STRINGS_H=1 -DHAVE_INTTYPES_H=1 -DHAVE_STDINT_H=1 -DHAVE_UNISTD_H=1 -DHAVE_DLFCN_H=1 -DLT_OBJDIR=\".libs/\" -DHAVE_ZLIB_H=1 -I.   -I/opt/local/include -DDUMMY_FUNCTION_USERTAB -DHAVE_ZLIB=1  -pipe -Os -arch x86_64 -fno-stack-protector -O0 -g -MT ../../C-Sources/zlib/adler32.lo -MD -MP -MF $depbase.Tpo -c -o ../../C-Sources/zlib/adler32.lo ../../C-Sources/zlib/adler32.c &&\
:info:build 	mv -f $depbase.Tpo $depbase.Plo
:info:build parallel-tests: installing './test-driver'
:info:build autoreconf: Leaving directory `libatomic_ops'
:info:build libtool: link: (cd .libs/liblis.lax/libmatrix.a && ar x "/opt/local/var/macports/build/_opt_local_var_macports_sources_build.openmodelica.org_macports_lang_openmodelica-devel/openmodelica-devel/work/openmodelica_23929/3rdParty/lis-1.4.12/src/matrix/.libs/libmatrix.a")
:info:build libtool: link: (cd .libs/liblis.lax/libvector.a && ar x "/opt/local/var/macports/build/_opt_local_var_macports_sources_build.openmodelica.org_macports_lang_openmodelica-devel/openmodelica-devel/work/openmodelica_23929/3rdParty/lis-1.4.12/src/vector/.libs/libvector.a")
:info:build libtool: link: (cd .libs/liblis.lax/libmatvec.a && ar x "/opt/local/var/macports/build/_opt_local_var_macports_sources_build.openmodelica.org_macports_lang_openmodelica-devel/openmodelica-devel/work/openmodelica_23929/3rdParty/lis-1.4.12/src/matvec/.libs/libmatvec.a")
:info:build glibtoolize: putting auxiliary files in AC_CONFIG_AUX_DIR, '.'.
:info:build glibtoolize: copying file './ltmain.sh'
:info:build libtool: link: (cd .libs/liblis.lax/libprecon.a && ar x "/opt/local/var/macports/build/_opt_local_var_macports_sources_build.openmodelica.org_macports_lang_openmodelica-devel/openmodelica-devel/work/openmodelica_23929/3rdParty/lis-1.4.12/src/precon/.libs/libprecon.a")
:info:build libtool: link: (cd .libs/liblis.lax/libsolver.a && ar x "/opt/local/var/macports/build/_opt_local_var_macports_sources_build.openmodelica.org_macports_lang_openmodelica-devel/openmodelica-devel/work/openmodelica_23929/3rdParty/lis-1.4.12/src/solver/.libs/libsolver.a")
:info:build yes
:info:build glibtoolize: putting macros in AC_CONFIG_MACRO_DIRS, 'm4'.
:info:build glibtoolize: copying file 'm4/libtool.m4'
:info:build checking for gawk... no
:info:build checking for mawk... no
:info:build checking for nawk... no
:info:build checking for awk... awk
:info:build checking whether make sets $(MAKE)... libtool: link: (cd .libs/liblis.lax/libesolver.a && ar x "/opt/local/var/macports/build/_opt_local_var_macports_sources_build.openmodelica.org_macports_lang_openmodelica-devel/openmodelica-devel/work/openmodelica_23929/3rdParty/lis-1.4.12/src/esolver/.libs/libesolver.a")
:info:build yes
:info:build checking for style of include used by make... GNU
:info:build checking dependency style of /opt/local/bin/clang-mp-3.3... libtool: link: (cd .libs/liblis.lax/libsystem.a && ar x "/opt/local/var/macports/build/_opt_local_var_macports_sources_build.openmodelica.org_macports_lang_openmodelica-devel/openmodelica-devel/work/openmodelica_23929/3rdParty/lis-1.4.12/src/system/.libs/libsystem.a")
:info:build glibtoolize: copying file 'm4/ltoptions.m4'
:info:build libtool: link: (cd .libs/liblis.lax/libprecision.a && ar x "/opt/local/var/macports/build/_opt_local_var_macports_sources_build.openmodelica.org_macports_lang_openmodelica-devel/openmodelica-devel/work/openmodelica_23929/3rdParty/lis-1.4.12/src/precision/.libs/libprecision.a")
:info:build libtool: link: /opt/local/bin/clang-mp-3.3 -dynamiclib -Wl,-undefined -Wl,dynamic_lookup -o .libs/liblis.0.dylib   .libs/liblis.lax/libmatrix.a/lis_matrix.o .libs/liblis.lax/libmatrix.a/lis_matrix_bsc.o .libs/liblis.lax/libmatrix.a/lis_matrix_bsr.o .libs/liblis.lax/libmatrix.a/lis_matrix_coo.o .libs/liblis.lax/libmatrix.a/lis_matrix_csc.o .libs/liblis.lax/libmatrix.a/lis_matrix_csr.o .libs/liblis.lax/libmatrix.a/lis_matrix_dia.o .libs/liblis.lax/libmatrix.a/lis_matrix_diag.o .libs/liblis.lax/libmatrix.a/lis_matrix_dns.o .libs/liblis.lax/libmatrix.a/lis_matrix_ell.o .libs/liblis.lax/libmatrix.a/lis_matrix_ilu.o .libs/liblis.lax/libmatrix.a/lis_matrix_jad.o .libs/liblis.lax/libmatrix.a/lis_matrix_mpi.o .libs/liblis.lax/libmatrix.a/lis_matrix_msr.o .libs/liblis.lax/libmatrix.a/lis_matrix_ops.o .libs/liblis.lax/libmatrix.a/lis_matrix_rco.o .libs/liblis.lax/libmatrix.a/lis_matrix_vbr.o  .libs/liblis.lax/libvector.a/lis_vector.o .libs/liblis.lax/libvector.a/lis_vector_ops.o .libs/liblis.lax/libvector.a/lis_vector_opv.o  .libs/liblis.lax/libmatvec.a/lis_matvec.o .libs/liblis.lax/libmatvec.a/lis_matvec_bsc.o .libs/liblis.lax/libmatvec.a/lis_matvec_bsr.o .libs/liblis.lax/libmatvec.a/lis_matvec_coo.o .libs/liblis.lax/libmatvec.a/lis_matvec_csc.o .libs/liblis.lax/libmatvec.a/lis_matvec_csr.o .libs/liblis.lax/libmatvec.a/lis_matvec_dia.o .libs/liblis.lax/libmatvec.a/lis_matvec_dns.o .libs/liblis.lax/libmatvec.a/lis_matvec_ell.o .libs/liblis.lax/libmatvec.a/lis_matvec_jad.o .libs/liblis.lax/libmatvec.a/lis_matvec_msr.o .libs/liblis.lax/libmatvec.a/lis_matvec_vbr.o  .libs/liblis.lax/libprecon.a/lis_precon.o .libs/liblis.lax/libprecon.a/lis_precon_ads.o .libs/liblis.lax/libprecon.a/lis_precon_hybrid.o .libs/liblis.lax/libprecon.a/lis_precon_iluc.o .libs/liblis.lax/libprecon.a/lis_precon_iluk.o .libs/liblis.lax/libprecon.a/lis_precon_ilut.o .libs/liblis.lax/libprecon.a/lis_precon_is.o .libs/liblis.lax/libprecon.a/lis_precon_jacobi.o .libs/liblis.lax/libprecon.a/lis_precon_saamg.o .libs/liblis.lax/libprecon.a/lis_precon_sainv.o .libs/liblis.lax/libprecon.a/lis_precon_ssor.o  .libs/liblis.lax/libsolver.a/lis_solver.o .libs/liblis.lax/libsolver.a/lis_solver_bicg.o .libs/liblis.lax/libsolver.a/lis_solver_bicgsafe.o .libs/liblis.lax/libsolver.a/lis_solver_bicgstab.o .libs/liblis.lax/libsolver.a/lis_solver_bicgstabl.o .libs/liblis.lax/libsolver.a/lis_solver_cg.o .libs/liblis.lax/libsolver.a/lis_solver_cgs.o .libs/liblis.lax/libsolver.a/lis_solver_gmres.o .libs/liblis.lax/libsolver.a/lis_solver_gpbicg.o .libs/liblis.lax/libsolver.a/lis_solver_gs.o .libs/liblis.lax/libsolver.a/lis_solver_idrs.o .libs/liblis.lax/libsolver.a/lis_solver_jacobi.o .libs/liblis.lax/libsolver.a/lis_solver_minres.o .libs/liblis.lax/libsolver.a/lis_solver_orthomin.o .libs/liblis.lax/libsolver.a/lis_solver_qmr.o .libs/liblis.lax/libsolver.a/lis_solver_sor.o  .libs/liblis.lax/libesolver.a/lis_esolver.o .libs/liblis.lax/libesolver.a/lis_esolver_aii.o .libs/liblis.lax/libesolver.a/lis_esolver_cg.o .libs/liblis.lax/libesolver.a/lis_esolver_ii.o .libs/liblis.lax/libesolver.a/lis_esolver_li.o .libs/liblis.lax/libesolver.a/lis_esolver_pi.o .libs/liblis.lax/libesolver.a/lis_esolver_rqi.o .libs/liblis.lax/libesolver.a/lis_esolver_si.o  .libs/liblis.lax/libsystem.a/lis_error.o .libs/liblis.lax/libsystem.a/lis_hash.o .libs/liblis.lax/libsystem.a/lis_init.o .libs/liblis.lax/libsystem.a/lis_input.o .libs/liblis.lax/libsystem.a/lis_input_hb.o .libs/liblis.lax/libsystem.a/lis_input_mm.o .libs/liblis.lax/libsystem.a/lis_memory.o .libs/liblis.lax/libsystem.a/lis_output.o .libs/liblis.lax/libsystem.a/lis_output_mm.o .libs/liblis.lax/libsystem.a/lis_sort.o .libs/liblis.lax/libsystem.a/lis_times.o .libs/liblis.lax/libsystem.a/mt19937ar.o  .libs/liblis.lax/libprecision.a/lis_precision.o .libs/liblis.lax/libprecision.a/lis_precision_matvec.o .libs/liblis.lax/libprecision.a/lis_precision_vec.o   -L/opt/local/lib -lm  -arch x86_64 -Wl,-headerpad_max_install_names -arch x86_64 -Wl,-install_name -Wl,@rpath/liblis.dylib   -install_name  /usr/local/lib/liblis.0.dylib -compatibility_version 1 -current_version 1.0 -Wl,-single_module
:info:build glibtoolize: copying file 'm4/ltsugar.m4'
:info:build gcc3
:info:build checking whether to enable maintainer-specific portions of Makefiles... no
:info:build configure: Using libtool script in directory ../..
:info:build libtool: link: dsymutil .libs/liblis.0.dylib || :
:info:build warning: no debug symbols in executable (-arch x86_64)
:info:build libtool: link: (cd ".libs" && rm -f "liblis.dylib" && ln -s "liblis.0.dylib" "liblis.dylib")
:info:build libtool: link: rm -fr .libs/liblis.lax
:info:build glibtoolize: copying file 'm4/ltversion.m4'
:info:build libtool: link: ( cd ".libs" && rm -f "liblis.la" && ln -s "../liblis.la" "liblis.la" )
:info:build make[4]: Leaving directory `/opt/local/var/macports/build/_opt_local_var_macports_sources_build.openmodelica.org_macports_lang_openmodelica-devel/openmodelica-devel/work/openmodelica_23929/3rdParty/lis-1.4.12/src'
:info:build make[3]: Leaving directory `/opt/local/var/macports/build/_opt_local_var_macports_sources_build.openmodelica.org_macports_lang_openmodelica-devel/openmodelica-devel/work/openmodelica_23929/3rdParty/lis-1.4.12/src'
:info:build Making all in include
:info:build make[3]: Entering directory `/opt/local/var/macports/build/_opt_local_var_macports_sources_build.openmodelica.org_macports_lang_openmodelica-devel/openmodelica-devel/work/openmodelica_23929/3rdParty/lis-1.4.12/include'
:info:build /Applications/Xcode.app/Contents/Developer/usr/bin/make  all-am
:info:build make[4]: Entering directory `/opt/local/var/macports/build/_opt_local_var_macports_sources_build.openmodelica.org_macports_lang_openmodelica-devel/openmodelica-devel/work/openmodelica_23929/3rdParty/lis-1.4.12/include'
:info:build make[4]: Nothing to be done for `all-am'.
:info:build make[4]: Leaving directory `/opt/local/var/macports/build/_opt_local_var_macports_sources_build.openmodelica.org_macports_lang_openmodelica-devel/openmodelica-devel/work/openmodelica_23929/3rdParty/lis-1.4.12/include'
:info:build make[3]: Leaving directory `/opt/local/var/macports/build/_opt_local_var_macports_sources_build.openmodelica.org_macports_lang_openmodelica-devel/openmodelica-devel/work/openmodelica_23929/3rdParty/lis-1.4.12/include'
:info:build Making all in test
:info:build make[3]: Entering directory `/opt/local/var/macports/build/_opt_local_var_macports_sources_build.openmodelica.org_macports_lang_openmodelica-devel/openmodelica-devel/work/openmodelica_23929/3rdParty/lis-1.4.12/test'
:info:build /opt/local/bin/clang-mp-3.3  -DHAVE_CONFIG_H -I. -I../include  -I.. -I../include -I/opt/local/include  -O3 -fomit-frame-pointer -pipe -Os -arch x86_64 -fno-stack-protector -c test1.c
:info:build glibtoolize: copying file 'm4/lt~obsolete.m4'
:info:build libtool: compile:  /opt/local/bin/clang-mp-3.3 "-DPACKAGE_NAME=\"Modelica Standard Library Tables\"" -DPACKAGE_TARNAME=\"libmodelicastandardtables\" -DPACKAGE_VERSION=\"3.2.1\" "-DPACKAGE_STRING=\"Modelica Standard Library Tables 3.2.1\"" -DPACKAGE_BUGREPORT=\"https://trac.modelica.org/Modelica\" -DPACKAGE_URL=\"https://modelica.org\" -DPACKAGE=\"libmodelicastandardtables\" -DVERSION=\"3.2.1\" -DSTDC_HEADERS=1 -DHAVE_SYS_TYPES_H=1 -DHAVE_SYS_STAT_H=1 -DHAVE_STDLIB_H=1 -DHAVE_STRING_H=1 -DHAVE_MEMORY_H=1 -DHAVE_STRINGS_H=1 -DHAVE_INTTYPES_H=1 -DHAVE_STDINT_H=1 -DHAVE_UNISTD_H=1 -DHAVE_DLFCN_H=1 -DLT_OBJDIR=\".libs/\" -DHAVE_ZLIB_H=1 -I. -I/opt/local/include -DDUMMY_FUNCTION_USERTAB -DHAVE_ZLIB=1 -pipe -Os -arch x86_64 -fno-stack-protector -O0 -g -MT ../../C-Sources/zlib/adler32.lo -MD -MP -MF ../../C-Sources/zlib/.deps/adler32.Tpo -c ../../C-Sources/zlib/adler32.c -o ../../C-Sources/zlib/adler32.o
:info:build libtool: compile:  /opt/local/bin/clang-mp-3.3 "-DPACKAGE_NAME=\"Modelica Standard Library Tables\"" -DPACKAGE_TARNAME=\"libmodelicastandardtables\" -DPACKAGE_VERSION=\"3.2.1\" "-DPACKAGE_STRING=\"Modelica Standard Library Tables 3.2.1\"" -DPACKAGE_BUGREPORT=\"https://trac.modelica.org/Modelica\" -DPACKAGE_URL=\"https://modelica.org\" -DPACKAGE=\"libmodelicastandardtables\" -DVERSION=\"3.2.1\" -DSTDC_HEADERS=1 -DHAVE_SYS_TYPES_H=1 -DHAVE_SYS_STAT_H=1 -DHAVE_STDLIB_H=1 -DHAVE_STRING_H=1 -DHAVE_MEMORY_H=1 -DHAVE_STRINGS_H=1 -DHAVE_INTTYPES_H=1 -DHAVE_STDINT_H=1 -DHAVE_UNISTD_H=1 -DHAVE_DLFCN_H=1 -DLT_OBJDIR=\".libs/\" -DHAVE_ZLIB_H=1 -I. -I/opt/local/include -DDUMMY_FUNCTION_USERTAB -DHAVE_ZLIB=1 -pipe -Os -arch x86_64 -fno-stack-protector -O0 -g -MT ../../C-Sources/ModelicaStrings.lo -MD -MP -MF ../../C-Sources/.deps/ModelicaStrings.Tpo -c ../../C-Sources/ModelicaStrings.c -o ../../C-Sources/ModelicaStrings.o
:info:build libtool: compile:  /opt/local/bin/clang-mp-3.3 "-DPACKAGE_NAME=\"Modelica Standard Library Tables\"" -DPACKAGE_TARNAME=\"libmodelicastandardtables\" -DPACKAGE_VERSION=\"3.2.1\" "-DPACKAGE_STRING=\"Modelica Standard Library Tables 3.2.1\"" -DPACKAGE_BUGREPORT=\"https://trac.modelica.org/Modelica\" -DPACKAGE_URL=\"https://modelica.org\" -DPACKAGE=\"libmodelicastandardtables\" -DVERSION=\"3.2.1\" -DSTDC_HEADERS=1 -DHAVE_SYS_TYPES_H=1 -DHAVE_SYS_STAT_H=1 -DHAVE_STDLIB_H=1 -DHAVE_STRING_H=1 -DHAVE_MEMORY_H=1 -DHAVE_STRINGS_H=1 -DHAVE_INTTYPES_H=1 -DHAVE_STDINT_H=1 -DHAVE_UNISTD_H=1 -DHAVE_DLFCN_H=1 -DLT_OBJDIR=\".libs/\" -DHAVE_ZLIB_H=1 -I. -I/opt/local/include -DDUMMY_FUNCTION_USERTAB -DHAVE_ZLIB=1 -pipe -Os -arch x86_64 -fno-stack-protector -O0 -g -MT ../../C-Sources/ModelicaStandardTables.lo -MD -MP -MF ../../C-Sources/.deps/ModelicaStandardTables.Tpo -c ../../C-Sources/ModelicaStandardTables.c -o ../../C-Sources/ModelicaStandardTables.o
:info:build libtool: compile:  /opt/local/bin/clang-mp-3.3 "-DPACKAGE_NAME=\"Modelica Standard Library Tables\"" -DPACKAGE_TARNAME=\"libmodelicastandardtables\" -DPACKAGE_VERSION=\"3.2.1\" "-DPACKAGE_STRING=\"Modelica Standard Library Tables 3.2.1\"" -DPACKAGE_BUGREPORT=\"https://trac.modelica.org/Modelica\" -DPACKAGE_URL=\"https://modelica.org\" -DPACKAGE=\"libmodelicastandardtables\" -DVERSION=\"3.2.1\" -DSTDC_HEADERS=1 -DHAVE_SYS_TYPES_H=1 -DHAVE_SYS_STAT_H=1 -DHAVE_STDLIB_H=1 -DHAVE_STRING_H=1 -DHAVE_MEMORY_H=1 -DHAVE_STRINGS_H=1 -DHAVE_INTTYPES_H=1 -DHAVE_STDINT_H=1 -DHAVE_UNISTD_H=1 -DHAVE_DLFCN_H=1 -DLT_OBJDIR=\".libs/\" -DHAVE_ZLIB_H=1 -I. -I/opt/local/include -DDUMMY_FUNCTION_USERTAB -DHAVE_ZLIB=1 -pipe -Os -arch x86_64 -fno-stack-protector -O0 -g -MT ../../C-Sources/ModelicaMatIO.lo -MD -MP -MF ../../C-Sources/.deps/ModelicaMatIO.Tpo -c ../../C-Sources/ModelicaMatIO.c -o ../../C-Sources/ModelicaMatIO.o
:info:build libtool: compile:  /opt/local/bin/clang-mp-3.3 "-DPACKAGE_NAME=\"Modelica Standard Library Tables\"" -DPACKAGE_TARNAME=\"libmodelicastandardtables\" -DPACKAGE_VERSION=\"3.2.1\" "-DPACKAGE_STRING=\"Modelica Standard Library Tables 3.2.1\"" -DPACKAGE_BUGREPORT=\"https://trac.modelica.org/Modelica\" -DPACKAGE_URL=\"https://modelica.org\" -DPACKAGE=\"libmodelicastandardtables\" -DVERSION=\"3.2.1\" -DSTDC_HEADERS=1 -DHAVE_SYS_TYPES_H=1 -DHAVE_SYS_STAT_H=1 -DHAVE_STDLIB_H=1 -DHAVE_STRING_H=1 -DHAVE_MEMORY_H=1 -DHAVE_STRINGS_H=1 -DHAVE_INTTYPES_H=1 -DHAVE_STDINT_H=1 -DHAVE_UNISTD_H=1 -DHAVE_DLFCN_H=1 -DLT_OBJDIR=\".libs/\" -DHAVE_ZLIB_H=1 -I. -I/opt/local/include -DDUMMY_FUNCTION_USERTAB -DHAVE_ZLIB=1 -pipe -Os -arch x86_64 -fno-stack-protector -O0 -g -MT ../../C-Sources/ModelicaInternal.lo -MD -MP -MF ../../C-Sources/.deps/ModelicaInternal.Tpo -c ../../C-Sources/ModelicaInternal.c -o ../../C-Sources/ModelicaInternal.o
:info:build checking if library version is set... 5:11:4
:info:build /opt/local/bin/clang-mp-3.3  -DHAVE_CONFIG_H -I. -I../include  -I.. -I../include -I/opt/local/include  -O3 -fomit-frame-pointer -pipe -Os -arch x86_64 -fno-stack-protector -c etest5.c
:info:build checking for COIN-OR package Blas... yes
:info:build checking for COIN-OR package Metis... skipping
:info:build checking whether we can compile Fortran 90 code... depbase=`echo ../../C-Sources/zlib/compress.lo | sed 's|[^/]*$|.deps/&|;s|\.lo$||'`;\
:info:build 	/bin/sh ./libtool  --tag=CC   --mode=compile /opt/local/bin/clang-mp-3.3 -DPACKAGE_NAME=\"Modelica\ Standard\ Library\ Tables\" -DPACKAGE_TARNAME=\"libmodelicastandardtables\" -DPACKAGE_VERSION=\"3.2.1\" -DPACKAGE_STRING=\"Modelica\ Standard\ Library\ Tables\ 3.2.1\" -DPACKAGE_BUGREPORT=\"https://trac.modelica.org/Modelica\" -DPACKAGE_URL=\"https://modelica.org\" -DPACKAGE=\"libmodelicastandardtables\" -DVERSION=\"3.2.1\" -DSTDC_HEADERS=1 -DHAVE_SYS_TYPES_H=1 -DHAVE_SYS_STAT_H=1 -DHAVE_STDLIB_H=1 -DHAVE_STRING_H=1 -DHAVE_MEMORY_H=1 -DHAVE_STRINGS_H=1 -DHAVE_INTTYPES_H=1 -DHAVE_STDINT_H=1 -DHAVE_UNISTD_H=1 -DHAVE_DLFCN_H=1 -DLT_OBJDIR=\".libs/\" -DHAVE_ZLIB_H=1 -I.   -I/opt/local/include -DDUMMY_FUNCTION_USERTAB -DHAVE_ZLIB=1  -pipe -Os -arch x86_64 -fno-stack-protector -O0 -g -MT ../../C-Sources/zlib/compress.lo -MD -MP -MF $depbase.Tpo -c -o ../../C-Sources/zlib/compress.lo ../../C-Sources/zlib/compress.c &&\
:info:build 	mv -f $depbase.Tpo $depbase.Plo
:info:build /opt/local/bin/clang-mp-3.3  -DHAVE_CONFIG_H -I. -I../include  -I.. -I../include -I/opt/local/include  -O3 -fomit-frame-pointer -pipe -Os -arch x86_64 -fno-stack-protector -c spmvtest1.c
:info:build depbase=`echo ../../C-Sources/zlib/crc32.lo | sed 's|[^/]*$|.deps/&|;s|\.lo$||'`;\
:info:build 	/bin/sh ./libtool  --tag=CC   --mode=compile /opt/local/bin/clang-mp-3.3 -DPACKAGE_NAME=\"Modelica\ Standard\ Library\ Tables\" -DPACKAGE_TARNAME=\"libmodelicastandardtables\" -DPACKAGE_VERSION=\"3.2.1\" -DPACKAGE_STRING=\"Modelica\ Standard\ Library\ Tables\ 3.2.1\" -DPACKAGE_BUGREPORT=\"https://trac.modelica.org/Modelica\" -DPACKAGE_URL=\"https://modelica.org\" -DPACKAGE=\"libmodelicastandardtables\" -DVERSION=\"3.2.1\" -DSTDC_HEADERS=1 -DHAVE_SYS_TYPES_H=1 -DHAVE_SYS_STAT_H=1 -DHAVE_STDLIB_H=1 -DHAVE_STRING_H=1 -DHAVE_MEMORY_H=1 -DHAVE_STRINGS_H=1 -DHAVE_INTTYPES_H=1 -DHAVE_STDINT_H=1 -DHAVE_UNISTD_H=1 -DHAVE_DLFCN_H=1 -DLT_OBJDIR=\".libs/\" -DHAVE_ZLIB_H=1 -I.   -I/opt/local/include -DDUMMY_FUNCTION_USERTAB -DHAVE_ZLIB=1  -pipe -Os -arch x86_64 -fno-stack-protector -O0 -g -MT ../../C-Sources/zlib/crc32.lo -MD -MP -MF $depbase.Tpo -c -o ../../C-Sources/zlib/crc32.lo ../../C-Sources/zlib/crc32.c &&\
:info:build 	mv -f $depbase.Tpo $depbase.Plo
:info:build ../../C-Sources/ModelicaInternal.c:552:22: warning: 'tmpnam' is deprecated: This function is provided for compatibility reasons only.  Due to security concerns inherent in the design of tmpnam(3), it is highly recommended that you use mkstemp(3) instead. [-Wdeprecated-declarations]
:info:build     char* tempName = tmpnam(NULL);
:info:build                      ^
:info:build /usr/include/stdio.h:274:7: note: 'tmpnam' declared here
:info:build char    *tmpnam(char *);
:info:build          ^
:info:build yes
:info:build checking for additional preprocessor C flags... -DAdd_ -DALLOW_NON_INIT -DMUMPS_ARITH=MUMPS_ARITH_d
:info:build checking for additional preprocessor Fortran flags... 
:info:build checking which command should be used to link input files... cp
:info:build 1 warning generated.
:info:build depbase=`echo ../../C-Sources/zlib/deflate.lo | sed 's|[^/]*$|.deps/&|;s|\.lo$||'`;\
:info:build 	/bin/sh ./libtool  --tag=CC   --mode=compile /opt/local/bin/clang-mp-3.3 -DPACKAGE_NAME=\"Modelica\ Standard\ Library\ Tables\" -DPACKAGE_TARNAME=\"libmodelicastandardtables\" -DPACKAGE_VERSION=\"3.2.1\" -DPACKAGE_STRING=\"Modelica\ Standard\ Library\ Tables\ 3.2.1\" -DPACKAGE_BUGREPORT=\"https://trac.modelica.org/Modelica\" -DPACKAGE_URL=\"https://modelica.org\" -DPACKAGE=\"libmodelicastandardtables\" -DVERSION=\"3.2.1\" -DSTDC_HEADERS=1 -DHAVE_SYS_TYPES_H=1 -DHAVE_SYS_STAT_H=1 -DHAVE_STDLIB_H=1 -DHAVE_STRING_H=1 -DHAVE_MEMORY_H=1 -DHAVE_STRINGS_H=1 -DHAVE_INTTYPES_H=1 -DHAVE_STDINT_H=1 -DHAVE_UNISTD_H=1 -DHAVE_DLFCN_H=1 -DLT_OBJDIR=\".libs/\" -DHAVE_ZLIB_H=1 -I.   -I/opt/local/include -DDUMMY_FUNCTION_USERTAB -DHAVE_ZLIB=1  -pipe -Os -arch x86_64 -fno-stack-protector -O0 -g -MT ../../C-Sources/zlib/deflate.lo -MD -MP -MF $depbase.Tpo -c -o ../../C-Sources/zlib/deflate.lo ../../C-Sources/zlib/deflate.c &&\
:info:build 	mv -f $depbase.Tpo $depbase.Plo
:info:build configure: creating ./config.status
:info:build /opt/local/bin/clang-mp-3.3  -DHAVE_CONFIG_H -I. -I../include  -I.. -I../include -I/opt/local/include  -O3 -fomit-frame-pointer -pipe -Os -arch x86_64 -fno-stack-protector -c spmvtest2.c
:info:build /opt/local/bin/clang-mp-3.3  -DHAVE_CONFIG_H -I. -I../include  -I.. -I../include -I/opt/local/include  -O3 -fomit-frame-pointer -pipe -Os -arch x86_64 -fno-stack-protector -c spmvtest3.c
:info:build depbase=`echo ../../C-Sources/zlib/gzclose.lo | sed 's|[^/]*$|.deps/&|;s|\.lo$||'`;\
:info:build 	/bin/sh ./libtool  --tag=CC   --mode=compile /opt/local/bin/clang-mp-3.3 -DPACKAGE_NAME=\"Modelica\ Standard\ Library\ Tables\" -DPACKAGE_TARNAME=\"libmodelicastandardtables\" -DPACKAGE_VERSION=\"3.2.1\" -DPACKAGE_STRING=\"Modelica\ Standard\ Library\ Tables\ 3.2.1\" -DPACKAGE_BUGREPORT=\"https://trac.modelica.org/Modelica\" -DPACKAGE_URL=\"https://modelica.org\" -DPACKAGE=\"libmodelicastandardtables\" -DVERSION=\"3.2.1\" -DSTDC_HEADERS=1 -DHAVE_SYS_TYPES_H=1 -DHAVE_SYS_STAT_H=1 -DHAVE_STDLIB_H=1 -DHAVE_STRING_H=1 -DHAVE_MEMORY_H=1 -DHAVE_STRINGS_H=1 -DHAVE_INTTYPES_H=1 -DHAVE_STDINT_H=1 -DHAVE_UNISTD_H=1 -DHAVE_DLFCN_H=1 -DLT_OBJDIR=\".libs/\" -DHAVE_ZLIB_H=1 -I.   -I/opt/local/include -DDUMMY_FUNCTION_USERTAB -DHAVE_ZLIB=1  -pipe -Os -arch x86_64 -fno-stack-protector -O0 -g -MT ../../C-Sources/zlib/gzclose.lo -MD -MP -MF $depbase.Tpo -c -o ../../C-Sources/zlib/gzclose.lo ../../C-Sources/zlib/gzclose.c &&\
:info:build 	mv -f $depbase.Tpo $depbase.Plo
:info:build /opt/local/bin/clang-mp-3.3  -DHAVE_CONFIG_H -I. -I../include  -I.. -I../include -I/opt/local/include  -O3 -fomit-frame-pointer -pipe -Os -arch x86_64 -fno-stack-protector -c spmvtest4.c
:info:build /opt/local/bin/clang-mp-3.3  -DHAVE_CONFIG_H -I. -I../include  -I.. -I../include -I/opt/local/include  -O3 -fomit-frame-pointer -pipe -Os -arch x86_64 -fno-stack-protector -c spmvtest5.c
:info:build config.status: creating Makefile
:info:build /bin/sh ../libtool --mode=link /opt/local/bin/clang-mp-3.3  -L/opt/local/lib -Wl,-headerpad_max_install_names -arch x86_64 -Wl,-install_name,@rpath/liblis.dylib -o test1 -lm  test1.o -L../src -llis -lm 
:info:build config.status: creating coinmumps.pc
:info:build config.status: creating coinmumps-uninstalled.pc
:info:build config.status: executing depfiles commands
:info:build libtool: link: /opt/local/bin/clang-mp-3.3 -Wl,-headerpad_max_install_names -arch x86_64 -Wl,-install_name -Wl,@rpath/liblis.dylib -o .libs/test1 test1.o  -L/opt/local/lib -L/opt/local/var/macports/build/_opt_local_var_macports_sources_build.openmodelica.org_macports_lang_openmodelica-devel/openmodelica-devel/work/openmodelica_23929/3rdParty/lis-1.4.12/src /opt/local/var/macports/build/_opt_local_var_macports_sources_build.openmodelica.org_macports_lang_openmodelica-devel/openmodelica-devel/work/openmodelica_23929/3rdParty/lis-1.4.12/src/.libs/liblis.dylib -lm
:info:build /opt/local/bin/clang-mp-3.3  -DHAVE_CONFIG_H -I. -I../include  -I.. -I../include -I/opt/local/include  -O3 -fomit-frame-pointer -pipe -Os -arch x86_64 -fno-stack-protector -c test2.c
:info:build configure: In case of trouble, first consult the troubleshooting page at https://projects.coin-or.org/BuildTools/wiki/user-troubleshooting
:info:build configure: Configuration of ThirdPartyMumps successful
:info:build depbase=`echo ../../C-Sources/zlib/gzlib.lo | sed 's|[^/]*$|.deps/&|;s|\.lo$||'`;\
:info:build 	/bin/sh ./libtool  --tag=CC   --mode=compile /opt/local/bin/clang-mp-3.3 -DPACKAGE_NAME=\"Modelica\ Standard\ Library\ Tables\" -DPACKAGE_TARNAME=\"libmodelicastandardtables\" -DPACKAGE_VERSION=\"3.2.1\" -DPACKAGE_STRING=\"Modelica\ Standard\ Library\ Tables\ 3.2.1\" -DPACKAGE_BUGREPORT=\"https://trac.modelica.org/Modelica\" -DPACKAGE_URL=\"https://modelica.org\" -DPACKAGE=\"libmodelicastandardtables\" -DVERSION=\"3.2.1\" -DSTDC_HEADERS=1 -DHAVE_SYS_TYPES_H=1 -DHAVE_SYS_STAT_H=1 -DHAVE_STDLIB_H=1 -DHAVE_STRING_H=1 -DHAVE_MEMORY_H=1 -DHAVE_STRINGS_H=1 -DHAVE_INTTYPES_H=1 -DHAVE_STDINT_H=1 -DHAVE_UNISTD_H=1 -DHAVE_DLFCN_H=1 -DLT_OBJDIR=\".libs/\" -DHAVE_ZLIB_H=1 -I.   -I/opt/local/include -DDUMMY_FUNCTION_USERTAB -DHAVE_ZLIB=1  -pipe -Os -arch x86_64 -fno-stack-protector -O0 -g -MT ../../C-Sources/zlib/gzlib.lo -MD -MP -MF $depbase.Tpo -c -o ../../C-Sources/zlib/gzlib.lo ../../C-Sources/zlib/gzlib.c &&\
:info:build 	mv -f $depbase.Tpo $depbase.Plo
:info:build /opt/local/bin/clang-mp-3.3  -DHAVE_CONFIG_H -I. -I../include  -I.. -I../include -I/opt/local/include  -O3 -fomit-frame-pointer -pipe -Os -arch x86_64 -fno-stack-protector -c test3.c
:info:build /opt/local/bin/clang-mp-3.3  -DHAVE_CONFIG_H -I. -I../include  -I.. -I../include -I/opt/local/include  -O3 -fomit-frame-pointer -pipe -Os -arch x86_64 -fno-stack-protector -c test4.c
:info:build /opt/local/bin/clang-mp-3.3  -DHAVE_CONFIG_H -I. -I../include  -I.. -I../include -I/opt/local/include  -O3 -fomit-frame-pointer -pipe -Os -arch x86_64 -fno-stack-protector -c test5.c
:info:build configure: configuring in Ipopt
:info:build /opt/local/bin/clang-mp-3.3  -DHAVE_CONFIG_H -I. -I../include  -I.. -I../include -I/opt/local/include  -O3 -fomit-frame-pointer -pipe -Os -arch x86_64 -fno-stack-protector -c test6.c
:info:build configure: running /bin/sh './configure' --prefix=/opt/local/var/macports/build/_opt_local_var_macports_sources_build.openmodelica.org_macports_lang_openmodelica-devel/openmodelica-devel/work/openmodelica_23929/3rdParty/Ipopt-3.11.6  '--with-pic' 'CC=/opt/local/bin/clang-mp-3.3' 'CXX=/opt/local/bin/clang++-mp-3.3' 'F77=/opt/local/bin/gfortran-mp-4.8' 'LDFLAGS=-L/opt/local/var/macports/build/_opt_local_var_macports_sources_build.openmodelica.org_macports_lang_openmodelica-devel/openmodelica-devel/work/openmodelica_23929/build/lib/omc -L/opt/local/lib -Wl,-headerpad_max_install_names -arch x86_64' '--with-lapack-lib=-llapack -lblas' '--with-blas-lib=-llapack -lblas' '--without-metis' '--without-HSLold' '--without-HSL' --cache-file=/dev/null --srcdir=.
:info:build libtool: compile:  /opt/local/bin/clang-mp-3.3 "-DPACKAGE_NAME=\"Modelica Standard Library Tables\"" -DPACKAGE_TARNAME=\"libmodelicastandardtables\" -DPACKAGE_VERSION=\"3.2.1\" "-DPACKAGE_STRING=\"Modelica Standard Library Tables 3.2.1\"" -DPACKAGE_BUGREPORT=\"https://trac.modelica.org/Modelica\" -DPACKAGE_URL=\"https://modelica.org\" -DPACKAGE=\"libmodelicastandardtables\" -DVERSION=\"3.2.1\" -DSTDC_HEADERS=1 -DHAVE_SYS_TYPES_H=1 -DHAVE_SYS_STAT_H=1 -DHAVE_STDLIB_H=1 -DHAVE_STRING_H=1 -DHAVE_MEMORY_H=1 -DHAVE_STRINGS_H=1 -DHAVE_INTTYPES_H=1 -DHAVE_STDINT_H=1 -DHAVE_UNISTD_H=1 -DHAVE_DLFCN_H=1 -DLT_OBJDIR=\".libs/\" -DHAVE_ZLIB_H=1 -I. -I/opt/local/include -DDUMMY_FUNCTION_USERTAB -DHAVE_ZLIB=1 -pipe -Os -arch x86_64 -fno-stack-protector -O0 -g -MT ../../C-Sources/zlib/compress.lo -MD -MP -MF ../../C-Sources/zlib/.deps/compress.Tpo -c ../../C-Sources/zlib/compress.c -o ../../C-Sources/zlib/compress.o
:info:build libtool: compile:  /opt/local/bin/clang-mp-3.3 "-DPACKAGE_NAME=\"Modelica Standard Library Tables\"" -DPACKAGE_TARNAME=\"libmodelicastandardtables\" -DPACKAGE_VERSION=\"3.2.1\" "-DPACKAGE_STRING=\"Modelica Standard Library Tables 3.2.1\"" -DPACKAGE_BUGREPORT=\"https://trac.modelica.org/Modelica\" -DPACKAGE_URL=\"https://modelica.org\" -DPACKAGE=\"libmodelicastandardtables\" -DVERSION=\"3.2.1\" -DSTDC_HEADERS=1 -DHAVE_SYS_TYPES_H=1 -DHAVE_SYS_STAT_H=1 -DHAVE_STDLIB_H=1 -DHAVE_STRING_H=1 -DHAVE_MEMORY_H=1 -DHAVE_STRINGS_H=1 -DHAVE_INTTYPES_H=1 -DHAVE_STDINT_H=1 -DHAVE_UNISTD_H=1 -DHAVE_DLFCN_H=1 -DLT_OBJDIR=\".libs/\" -DHAVE_ZLIB_H=1 -I. -I/opt/local/include -DDUMMY_FUNCTION_USERTAB -DHAVE_ZLIB=1 -pipe -Os -arch x86_64 -fno-stack-protector -O0 -g -MT ../../C-Sources/zlib/crc32.lo -MD -MP -MF ../../C-Sources/zlib/.deps/crc32.Tpo -c ../../C-Sources/zlib/crc32.c -o ../../C-Sources/zlib/crc32.o
:info:build /opt/local/bin/clang-mp-3.3  -DHAVE_CONFIG_H -I. -I../include  -I.. -I../include -I/opt/local/include  -O3 -fomit-frame-pointer -pipe -Os -arch x86_64 -fno-stack-protector -c etest1.c
:info:build libtool: compile:  /opt/local/bin/clang-mp-3.3 "-DPACKAGE_NAME=\"Modelica Standard Library Tables\"" -DPACKAGE_TARNAME=\"libmodelicastandardtables\" -DPACKAGE_VERSION=\"3.2.1\" "-DPACKAGE_STRING=\"Modelica Standard Library Tables 3.2.1\"" -DPACKAGE_BUGREPORT=\"https://trac.modelica.org/Modelica\" -DPACKAGE_URL=\"https://modelica.org\" -DPACKAGE=\"libmodelicastandardtables\" -DVERSION=\"3.2.1\" -DSTDC_HEADERS=1 -DHAVE_SYS_TYPES_H=1 -DHAVE_SYS_STAT_H=1 -DHAVE_STDLIB_H=1 -DHAVE_STRING_H=1 -DHAVE_MEMORY_H=1 -DHAVE_STRINGS_H=1 -DHAVE_INTTYPES_H=1 -DHAVE_STDINT_H=1 -DHAVE_UNISTD_H=1 -DHAVE_DLFCN_H=1 -DLT_OBJDIR=\".libs/\" -DHAVE_ZLIB_H=1 -I. -I/opt/local/include -DDUMMY_FUNCTION_USERTAB -DHAVE_ZLIB=1 -pipe -Os -arch x86_64 -fno-stack-protector -O0 -g -MT ../../C-Sources/zlib/deflate.lo -MD -MP -MF ../../C-Sources/zlib/.deps/deflate.Tpo -c ../../C-Sources/zlib/deflate.c -o ../../C-Sources/zlib/deflate.o
:info:build /opt/local/bin/clang-mp-3.3  -DHAVE_CONFIG_H -I. -I../include  -I.. -I../include -I/opt/local/include  -O3 -fomit-frame-pointer -pipe -Os -arch x86_64 -fno-stack-protector -c etest2.c
:info:build /opt/local/bin/clang-mp-3.3  -DHAVE_CONFIG_H -I. -I../include  -I.. -I../include -I/opt/local/include  -O3 -fomit-frame-pointer -pipe -Os -arch x86_64 -fno-stack-protector -c etest3.c
:info:build /opt/local/bin/clang-mp-3.3  -DHAVE_CONFIG_H -I. -I../include  -I.. -I../include -I/opt/local/include  -O3 -fomit-frame-pointer -pipe -Os -arch x86_64 -fno-stack-protector -c etest4.c
:info:build /bin/sh ../libtool --mode=link /opt/local/bin/clang-mp-3.3  -L/opt/local/lib -Wl,-headerpad_max_install_names -arch x86_64 -Wl,-install_name,@rpath/liblis.dylib -o etest5 -lm  etest5.o -L../src -llis -lm 
:info:build /opt/local/bin/clang-mp-3.3  -DHAVE_CONFIG_H -I. -I../include  -I.. -I../include -I/opt/local/include  -O3 -fomit-frame-pointer -pipe -Os -arch x86_64 -fno-stack-protector -c etest6.c
:info:build /bin/sh ../libtool --mode=link /opt/local/bin/clang-mp-3.3  -L/opt/local/lib -Wl,-headerpad_max_install_names -arch x86_64 -Wl,-install_name,@rpath/liblis.dylib -o lsolve -lm  test1.o -L../src -llis -lm 
:info:build depbase=`echo ../../C-Sources/zlib/gzread.lo | sed 's|[^/]*$|.deps/&|;s|\.lo$||'`;\
:info:build 	/bin/sh ./libtool  --tag=CC   --mode=compile /opt/local/bin/clang-mp-3.3 -DPACKAGE_NAME=\"Modelica\ Standard\ Library\ Tables\" -DPACKAGE_TARNAME=\"libmodelicastandardtables\" -DPACKAGE_VERSION=\"3.2.1\" -DPACKAGE_STRING=\"Modelica\ Standard\ Library\ Tables\ 3.2.1\" -DPACKAGE_BUGREPORT=\"https://trac.modelica.org/Modelica\" -DPACKAGE_URL=\"https://modelica.org\" -DPACKAGE=\"libmodelicastandardtables\" -DVERSION=\"3.2.1\" -DSTDC_HEADERS=1 -DHAVE_SYS_TYPES_H=1 -DHAVE_SYS_STAT_H=1 -DHAVE_STDLIB_H=1 -DHAVE_STRING_H=1 -DHAVE_MEMORY_H=1 -DHAVE_STRINGS_H=1 -DHAVE_INTTYPES_H=1 -DHAVE_STDINT_H=1 -DHAVE_UNISTD_H=1 -DHAVE_DLFCN_H=1 -DLT_OBJDIR=\".libs/\" -DHAVE_ZLIB_H=1 -I.   -I/opt/local/include -DDUMMY_FUNCTION_USERTAB -DHAVE_ZLIB=1  -pipe -Os -arch x86_64 -fno-stack-protector -O0 -g -MT ../../C-Sources/zlib/gzread.lo -MD -MP -MF $depbase.Tpo -c -o ../../C-Sources/zlib/gzread.lo ../../C-Sources/zlib/gzread.c &&\
:info:build 	mv -f $depbase.Tpo $depbase.Plo
:info:build libtool: compile:  /opt/local/bin/clang-mp-3.3 "-DPACKAGE_NAME=\"Modelica Standard Library Tables\"" -DPACKAGE_TARNAME=\"libmodelicastandardtables\" -DPACKAGE_VERSION=\"3.2.1\" "-DPACKAGE_STRING=\"Modelica Standard Library Tables 3.2.1\"" -DPACKAGE_BUGREPORT=\"https://trac.modelica.org/Modelica\" -DPACKAGE_URL=\"https://modelica.org\" -DPACKAGE=\"libmodelicastandardtables\" -DVERSION=\"3.2.1\" -DSTDC_HEADERS=1 -DHAVE_SYS_TYPES_H=1 -DHAVE_SYS_STAT_H=1 -DHAVE_STDLIB_H=1 -DHAVE_STRING_H=1 -DHAVE_MEMORY_H=1 -DHAVE_STRINGS_H=1 -DHAVE_INTTYPES_H=1 -DHAVE_STDINT_H=1 -DHAVE_UNISTD_H=1 -DHAVE_DLFCN_H=1 -DLT_OBJDIR=\".libs/\" -DHAVE_ZLIB_H=1 -I. -I/opt/local/include -DDUMMY_FUNCTION_USERTAB -DHAVE_ZLIB=1 -pipe -Os -arch x86_64 -fno-stack-protector -O0 -g -MT ../../C-Sources/zlib/gzclose.lo -MD -MP -MF ../../C-Sources/zlib/.deps/gzclose.Tpo -c ../../C-Sources/zlib/gzclose.c -o ../../C-Sources/zlib/gzclose.o
:info:build /bin/sh ../libtool --mode=link /opt/local/bin/clang-mp-3.3  -L/opt/local/lib -Wl,-headerpad_max_install_names -arch x86_64 -Wl,-install_name,@rpath/liblis.dylib -o esolve -lm  etest5.o -L../src -llis -lm 
:info:build depbase=`echo ../../C-Sources/zlib/gzwrite.lo | sed 's|[^/]*$|.deps/&|;s|\.lo$||'`;\
:info:build 	/bin/sh ./libtool  --tag=CC   --mode=compile /opt/local/bin/clang-mp-3.3 -DPACKAGE_NAME=\"Modelica\ Standard\ Library\ Tables\" -DPACKAGE_TARNAME=\"libmodelicastandardtables\" -DPACKAGE_VERSION=\"3.2.1\" -DPACKAGE_STRING=\"Modelica\ Standard\ Library\ Tables\ 3.2.1\" -DPACKAGE_BUGREPORT=\"https://trac.modelica.org/Modelica\" -DPACKAGE_URL=\"https://modelica.org\" -DPACKAGE=\"libmodelicastandardtables\" -DVERSION=\"3.2.1\" -DSTDC_HEADERS=1 -DHAVE_SYS_TYPES_H=1 -DHAVE_SYS_STAT_H=1 -DHAVE_STDLIB_H=1 -DHAVE_STRING_H=1 -DHAVE_MEMORY_H=1 -DHAVE_STRINGS_H=1 -DHAVE_INTTYPES_H=1 -DHAVE_STDINT_H=1 -DHAVE_UNISTD_H=1 -DHAVE_DLFCN_H=1 -DLT_OBJDIR=\".libs/\" -DHAVE_ZLIB_H=1 -I.   -I/opt/local/include -DDUMMY_FUNCTION_USERTAB -DHAVE_ZLIB=1  -pipe -Os -arch x86_64 -fno-stack-protector -O0 -g -MT ../../C-Sources/zlib/gzwrite.lo -MD -MP -MF $depbase.Tpo -c -o ../../C-Sources/zlib/gzwrite.lo ../../C-Sources/zlib/gzwrite.c &&\
:info:build 	mv -f $depbase.Tpo $depbase.Plo
:info:build libtool: link: /opt/local/bin/clang-mp-3.3 -Wl,-headerpad_max_install_names -arch x86_64 -Wl,-install_name -Wl,@rpath/liblis.dylib -o .libs/etest5 etest5.o  -L/opt/local/lib -L/opt/local/var/macports/build/_opt_local_var_macports_sources_build.openmodelica.org_macports_lang_openmodelica-devel/openmodelica-devel/work/openmodelica_23929/3rdParty/lis-1.4.12/src /opt/local/var/macports/build/_opt_local_var_macports_sources_build.openmodelica.org_macports_lang_openmodelica-devel/openmodelica-devel/work/openmodelica_23929/3rdParty/lis-1.4.12/src/.libs/liblis.dylib -lm
:info:build libtool: link: /opt/local/bin/clang-mp-3.3 -Wl,-headerpad_max_install_names -arch x86_64 -Wl,-install_name -Wl,@rpath/liblis.dylib -o .libs/lsolve test1.o  -L/opt/local/lib -L/opt/local/var/macports/build/_opt_local_var_macports_sources_build.openmodelica.org_macports_lang_openmodelica-devel/openmodelica-devel/work/openmodelica_23929/3rdParty/lis-1.4.12/src /opt/local/var/macports/build/_opt_local_var_macports_sources_build.openmodelica.org_macports_lang_openmodelica-devel/openmodelica-devel/work/openmodelica_23929/3rdParty/lis-1.4.12/src/.libs/liblis.dylib -lm
:info:build /bin/sh ../libtool --mode=link /opt/local/bin/clang-mp-3.3  -L/opt/local/lib -Wl,-headerpad_max_install_names -arch x86_64 -Wl,-install_name,@rpath/liblis.dylib -o spmvtest1 -lm  spmvtest1.o -L../src -llis -lm 
:info:build libtool: link: /opt/local/bin/clang-mp-3.3 -Wl,-headerpad_max_install_names -arch x86_64 -Wl,-install_name -Wl,@rpath/liblis.dylib -o .libs/esolve etest5.o  -L/opt/local/lib -L/opt/local/var/macports/build/_opt_local_var_macports_sources_build.openmodelica.org_macports_lang_openmodelica-devel/openmodelica-devel/work/openmodelica_23929/3rdParty/lis-1.4.12/src /opt/local/var/macports/build/_opt_local_var_macports_sources_build.openmodelica.org_macports_lang_openmodelica-devel/openmodelica-devel/work/openmodelica_23929/3rdParty/lis-1.4.12/src/.libs/liblis.dylib -lm
:info:build /bin/sh ../libtool --mode=link /opt/local/bin/clang-mp-3.3  -L/opt/local/lib -Wl,-headerpad_max_install_names -arch x86_64 -Wl,-install_name,@rpath/liblis.dylib -o spmvtest2 -lm  spmvtest2.o -L../src -llis -lm 
:info:build depbase=`echo ../../C-Sources/zlib/infback.lo | sed 's|[^/]*$|.deps/&|;s|\.lo$||'`;\
:info:build 	/bin/sh ./libtool  --tag=CC   --mode=compile /opt/local/bin/clang-mp-3.3 -DPACKAGE_NAME=\"Modelica\ Standard\ Library\ Tables\" -DPACKAGE_TARNAME=\"libmodelicastandardtables\" -DPACKAGE_VERSION=\"3.2.1\" -DPACKAGE_STRING=\"Modelica\ Standard\ Library\ Tables\ 3.2.1\" -DPACKAGE_BUGREPORT=\"https://trac.modelica.org/Modelica\" -DPACKAGE_URL=\"https://modelica.org\" -DPACKAGE=\"libmodelicastandardtables\" -DVERSION=\"3.2.1\" -DSTDC_HEADERS=1 -DHAVE_SYS_TYPES_H=1 -DHAVE_SYS_STAT_H=1 -DHAVE_STDLIB_H=1 -DHAVE_STRING_H=1 -DHAVE_MEMORY_H=1 -DHAVE_STRINGS_H=1 -DHAVE_INTTYPES_H=1 -DHAVE_STDINT_H=1 -DHAVE_UNISTD_H=1 -DHAVE_DLFCN_H=1 -DLT_OBJDIR=\".libs/\" -DHAVE_ZLIB_H=1 -I.   -I/opt/local/include -DDUMMY_FUNCTION_USERTAB -DHAVE_ZLIB=1  -pipe -Os -arch x86_64 -fno-stack-protector -O0 -g -MT ../../C-Sources/zlib/infback.lo -MD -MP -MF $depbase.Tpo -c -o ../../C-Sources/zlib/infback.lo ../../C-Sources/zlib/infback.c &&\
:info:build 	mv -f $depbase.Tpo $depbase.Plo
:info:build libtool: link: /opt/local/bin/clang-mp-3.3 -Wl,-headerpad_max_install_names -arch x86_64 -Wl,-install_name -Wl,@rpath/liblis.dylib -o .libs/spmvtest1 spmvtest1.o  -L/opt/local/lib -L/opt/local/var/macports/build/_opt_local_var_macports_sources_build.openmodelica.org_macports_lang_openmodelica-devel/openmodelica-devel/work/openmodelica_23929/3rdParty/lis-1.4.12/src /opt/local/var/macports/build/_opt_local_var_macports_sources_build.openmodelica.org_macports_lang_openmodelica-devel/openmodelica-devel/work/openmodelica_23929/3rdParty/lis-1.4.12/src/.libs/liblis.dylib -lm
:info:build libtool: link: /opt/local/bin/clang-mp-3.3 -Wl,-headerpad_max_install_names -arch x86_64 -Wl,-install_name -Wl,@rpath/liblis.dylib -o .libs/spmvtest2 spmvtest2.o  -L/opt/local/lib -L/opt/local/var/macports/build/_opt_local_var_macports_sources_build.openmodelica.org_macports_lang_openmodelica-devel/openmodelica-devel/work/openmodelica_23929/3rdParty/lis-1.4.12/src /opt/local/var/macports/build/_opt_local_var_macports_sources_build.openmodelica.org_macports_lang_openmodelica-devel/openmodelica-devel/work/openmodelica_23929/3rdParty/lis-1.4.12/src/.libs/liblis.dylib -lm
:info:build depbase=`echo ../../C-Sources/zlib/inffast.lo | sed 's|[^/]*$|.deps/&|;s|\.lo$||'`;\
:info:build 	/bin/sh ./libtool  --tag=CC   --mode=compile /opt/local/bin/clang-mp-3.3 -DPACKAGE_NAME=\"Modelica\ Standard\ Library\ Tables\" -DPACKAGE_TARNAME=\"libmodelicastandardtables\" -DPACKAGE_VERSION=\"3.2.1\" -DPACKAGE_STRING=\"Modelica\ Standard\ Library\ Tables\ 3.2.1\" -DPACKAGE_BUGREPORT=\"https://trac.modelica.org/Modelica\" -DPACKAGE_URL=\"https://modelica.org\" -DPACKAGE=\"libmodelicastandardtables\" -DVERSION=\"3.2.1\" -DSTDC_HEADERS=1 -DHAVE_SYS_TYPES_H=1 -DHAVE_SYS_STAT_H=1 -DHAVE_STDLIB_H=1 -DHAVE_STRING_H=1 -DHAVE_MEMORY_H=1 -DHAVE_STRINGS_H=1 -DHAVE_INTTYPES_H=1 -DHAVE_STDINT_H=1 -DHAVE_UNISTD_H=1 -DHAVE_DLFCN_H=1 -DLT_OBJDIR=\".libs/\" -DHAVE_ZLIB_H=1 -I.   -I/opt/local/include -DDUMMY_FUNCTION_USERTAB -DHAVE_ZLIB=1  -pipe -Os -arch x86_64 -fno-stack-protector -O0 -g -MT ../../C-Sources/zlib/inffast.lo -MD -MP -MF $depbase.Tpo -c -o ../../C-Sources/zlib/inffast.lo ../../C-Sources/zlib/inffast.c &&\
:info:build 	mv -f $depbase.Tpo $depbase.Plo
:info:build /bin/sh ../libtool --mode=link /opt/local/bin/clang-mp-3.3  -L/opt/local/lib -Wl,-headerpad_max_install_names -arch x86_64 -Wl,-install_name,@rpath/liblis.dylib -o spmvtest3 -lm  spmvtest3.o -L../src -llis -lm 
:info:build checking build system type... i386-apple-darwin13.4.0
:info:build libtool: compile:  /opt/local/bin/clang-mp-3.3 "-DPACKAGE_NAME=\"Modelica Standard Library Tables\"" -DPACKAGE_TARNAME=\"libmodelicastandardtables\" -DPACKAGE_VERSION=\"3.2.1\" "-DPACKAGE_STRING=\"Modelica Standard Library Tables 3.2.1\"" -DPACKAGE_BUGREPORT=\"https://trac.modelica.org/Modelica\" -DPACKAGE_URL=\"https://modelica.org\" -DPACKAGE=\"libmodelicastandardtables\" -DVERSION=\"3.2.1\" -DSTDC_HEADERS=1 -DHAVE_SYS_TYPES_H=1 -DHAVE_SYS_STAT_H=1 -DHAVE_STDLIB_H=1 -DHAVE_STRING_H=1 -DHAVE_MEMORY_H=1 -DHAVE_STRINGS_H=1 -DHAVE_INTTYPES_H=1 -DHAVE_STDINT_H=1 -DHAVE_UNISTD_H=1 -DHAVE_DLFCN_H=1 -DLT_OBJDIR=\".libs/\" -DHAVE_ZLIB_H=1 -I. -I/opt/local/include -DDUMMY_FUNCTION_USERTAB -DHAVE_ZLIB=1 -pipe -Os -arch x86_64 -fno-stack-protector -O0 -g -MT ../../C-Sources/zlib/gzlib.lo -MD -MP -MF ../../C-Sources/zlib/.deps/gzlib.Tpo -c ../../C-Sources/zlib/gzlib.c -o ../../C-Sources/zlib/gzlib.o
:info:build checking for svnversion... yes
:info:build checking whether we want to compile in debug mode... no
:info:build checking for egrep... grep -E
:info:build checking whether ln -s works... yes
:info:build libtool: link: /opt/local/bin/clang-mp-3.3 -Wl,-headerpad_max_install_names -arch x86_64 -Wl,-install_name -Wl,@rpath/liblis.dylib -o .libs/spmvtest3 spmvtest3.o  -L/opt/local/lib -L/opt/local/var/macports/build/_opt_local_var_macports_sources_build.openmodelica.org_macports_lang_openmodelica-devel/openmodelica-devel/work/openmodelica_23929/3rdParty/lis-1.4.12/src /opt/local/var/macports/build/_opt_local_var_macports_sources_build.openmodelica.org_macports_lang_openmodelica-devel/openmodelica-devel/work/openmodelica_23929/3rdParty/lis-1.4.12/src/.libs/liblis.dylib -lm
:info:build checking for C compiler default output file name... /bin/sh ../libtool --mode=link /opt/local/bin/clang-mp-3.3  -L/opt/local/lib -Wl,-headerpad_max_install_names -arch x86_64 -Wl,-install_name,@rpath/liblis.dylib -o spmvtest4 -lm  spmvtest4.o -L../src -llis -lm 
:info:build /bin/sh ../libtool --mode=link /opt/local/bin/clang-mp-3.3  -L/opt/local/lib -Wl,-headerpad_max_install_names -arch x86_64 -Wl,-install_name,@rpath/liblis.dylib -o spmvtest5 -lm  spmvtest5.o -L../src -llis -lm 
:info:build a.out
:info:build checking whether the C compiler works... yes
:info:build checking whether we are cross compiling... no
:info:build checking for suffix of executables... 
:info:build checking for suffix of object files... libtool: link: /opt/local/bin/clang-mp-3.3 -Wl,-headerpad_max_install_names -arch x86_64 -Wl,-install_name -Wl,@rpath/liblis.dylib -o .libs/spmvtest4 spmvtest4.o  -L/opt/local/lib -L/opt/local/var/macports/build/_opt_local_var_macports_sources_build.openmodelica.org_macports_lang_openmodelica-devel/openmodelica-devel/work/openmodelica_23929/3rdParty/lis-1.4.12/src /opt/local/var/macports/build/_opt_local_var_macports_sources_build.openmodelica.org_macports_lang_openmodelica-devel/openmodelica-devel/work/openmodelica_23929/3rdParty/lis-1.4.12/src/.libs/liblis.dylib -lm
:info:build libtool: link: /opt/local/bin/clang-mp-3.3 -Wl,-headerpad_max_install_names -arch x86_64 -Wl,-install_name -Wl,@rpath/liblis.dylib -o .libs/spmvtest5 spmvtest5.o  -L/opt/local/lib -L/opt/local/var/macports/build/_opt_local_var_macports_sources_build.openmodelica.org_macports_lang_openmodelica-devel/openmodelica-devel/work/openmodelica_23929/3rdParty/lis-1.4.12/src /opt/local/var/macports/build/_opt_local_var_macports_sources_build.openmodelica.org_macports_lang_openmodelica-devel/openmodelica-devel/work/openmodelica_23929/3rdParty/lis-1.4.12/src/.libs/liblis.dylib -lm
:info:build o
:info:build checking whether we are using the GNU C compiler... /bin/sh ../libtool --mode=link /opt/local/bin/clang-mp-3.3  -L/opt/local/lib -Wl,-headerpad_max_install_names -arch x86_64 -Wl,-install_name,@rpath/liblis.dylib -o test2 -lm  test2.o -L../src -llis -lm 
:info:build yes
:info:build checking whether /opt/local/bin/clang-mp-3.3 accepts -g... /bin/sh ../libtool --mode=link /opt/local/bin/clang-mp-3.3  -L/opt/local/lib -Wl,-headerpad_max_install_names -arch x86_64 -Wl,-install_name,@rpath/liblis.dylib -o test3 -lm  test3.o -L../src -llis -lm 
:info:build yes
:info:build checking for /opt/local/bin/clang-mp-3.3 option to accept ANSI C... libtool: compile:  /opt/local/bin/clang-mp-3.3 "-DPACKAGE_NAME=\"Modelica Standard Library Tables\"" -DPACKAGE_TARNAME=\"libmodelicastandardtables\" -DPACKAGE_VERSION=\"3.2.1\" "-DPACKAGE_STRING=\"Modelica Standard Library Tables 3.2.1\"" -DPACKAGE_BUGREPORT=\"https://trac.modelica.org/Modelica\" -DPACKAGE_URL=\"https://modelica.org\" -DPACKAGE=\"libmodelicastandardtables\" -DVERSION=\"3.2.1\" -DSTDC_HEADERS=1 -DHAVE_SYS_TYPES_H=1 -DHAVE_SYS_STAT_H=1 -DHAVE_STDLIB_H=1 -DHAVE_STRING_H=1 -DHAVE_MEMORY_H=1 -DHAVE_STRINGS_H=1 -DHAVE_INTTYPES_H=1 -DHAVE_STDINT_H=1 -DHAVE_UNISTD_H=1 -DHAVE_DLFCN_H=1 -DLT_OBJDIR=\".libs/\" -DHAVE_ZLIB_H=1 -I. -I/opt/local/include -DDUMMY_FUNCTION_USERTAB -DHAVE_ZLIB=1 -pipe -Os -arch x86_64 -fno-stack-protector -O0 -g -MT ../../C-Sources/zlib/gzread.lo -MD -MP -MF ../../C-Sources/zlib/.deps/gzread.Tpo -c ../../C-Sources/zlib/gzread.c -o ../../C-Sources/zlib/gzread.o
:info:build libtool: link: /opt/local/bin/clang-mp-3.3 -Wl,-headerpad_max_install_names -arch x86_64 -Wl,-install_name -Wl,@rpath/liblis.dylib -o .libs/test2 test2.o  -L/opt/local/lib -L/opt/local/var/macports/build/_opt_local_var_macports_sources_build.openmodelica.org_macports_lang_openmodelica-devel/openmodelica-devel/work/openmodelica_23929/3rdParty/lis-1.4.12/src /opt/local/var/macports/build/_opt_local_var_macports_sources_build.openmodelica.org_macports_lang_openmodelica-devel/openmodelica-devel/work/openmodelica_23929/3rdParty/lis-1.4.12/src/.libs/liblis.dylib -lm
:info:build libtool: link: /opt/local/bin/clang-mp-3.3 -Wl,-headerpad_max_install_names -arch x86_64 -Wl,-install_name -Wl,@rpath/liblis.dylib -o .libs/test3 test3.o  -L/opt/local/lib -L/opt/local/var/macports/build/_opt_local_var_macports_sources_build.openmodelica.org_macports_lang_openmodelica-devel/openmodelica-devel/work/openmodelica_23929/3rdParty/lis-1.4.12/src /opt/local/var/macports/build/_opt_local_var_macports_sources_build.openmodelica.org_macports_lang_openmodelica-devel/openmodelica-devel/work/openmodelica_23929/3rdParty/lis-1.4.12/src/.libs/liblis.dylib -lm
:info:build none needed
:info:build libtool: compile:  /opt/local/bin/clang-mp-3.3 "-DPACKAGE_NAME=\"Modelica Standard Library Tables\"" -DPACKAGE_TARNAME=\"libmodelicastandardtables\" -DPACKAGE_VERSION=\"3.2.1\" "-DPACKAGE_STRING=\"Modelica Standard Library Tables 3.2.1\"" -DPACKAGE_BUGREPORT=\"https://trac.modelica.org/Modelica\" -DPACKAGE_URL=\"https://modelica.org\" -DPACKAGE=\"libmodelicastandardtables\" -DVERSION=\"3.2.1\" -DSTDC_HEADERS=1 -DHAVE_SYS_TYPES_H=1 -DHAVE_SYS_STAT_H=1 -DHAVE_STDLIB_H=1 -DHAVE_STRING_H=1 -DHAVE_MEMORY_H=1 -DHAVE_STRINGS_H=1 -DHAVE_INTTYPES_H=1 -DHAVE_STDINT_H=1 -DHAVE_UNISTD_H=1 -DHAVE_DLFCN_H=1 -DLT_OBJDIR=\".libs/\" -DHAVE_ZLIB_H=1 -I. -I/opt/local/include -DDUMMY_FUNCTION_USERTAB -DHAVE_ZLIB=1 -pipe -Os -arch x86_64 -fno-stack-protector -O0 -g -MT ../../C-Sources/zlib/gzwrite.lo -MD -MP -MF ../../C-Sources/zlib/.deps/gzwrite.Tpo -c ../../C-Sources/zlib/gzwrite.c -o ../../C-Sources/zlib/gzwrite.o
:info:build depbase=`echo ../../C-Sources/zlib/inflate.lo | sed 's|[^/]*$|.deps/&|;s|\.lo$||'`;\
:info:build 	/bin/sh ./libtool  --tag=CC   --mode=compile /opt/local/bin/clang-mp-3.3 -DPACKAGE_NAME=\"Modelica\ Standard\ Library\ Tables\" -DPACKAGE_TARNAME=\"libmodelicastandardtables\" -DPACKAGE_VERSION=\"3.2.1\" -DPACKAGE_STRING=\"Modelica\ Standard\ Library\ Tables\ 3.2.1\" -DPACKAGE_BUGREPORT=\"https://trac.modelica.org/Modelica\" -DPACKAGE_URL=\"https://modelica.org\" -DPACKAGE=\"libmodelicastandardtables\" -DVERSION=\"3.2.1\" -DSTDC_HEADERS=1 -DHAVE_SYS_TYPES_H=1 -DHAVE_SYS_STAT_H=1 -DHAVE_STDLIB_H=1 -DHAVE_STRING_H=1 -DHAVE_MEMORY_H=1 -DHAVE_STRINGS_H=1 -DHAVE_INTTYPES_H=1 -DHAVE_STDINT_H=1 -DHAVE_UNISTD_H=1 -DHAVE_DLFCN_H=1 -DLT_OBJDIR=\".libs/\" -DHAVE_ZLIB_H=1 -I.   -I/opt/local/include -DDUMMY_FUNCTION_USERTAB -DHAVE_ZLIB=1  -pipe -Os -arch x86_64 -fno-stack-protector -O0 -g -MT ../../C-Sources/zlib/inflate.lo -MD -MP -MF $depbase.Tpo -c -o ../../C-Sources/zlib/inflate.lo ../../C-Sources/zlib/inflate.c &&\
:info:build 	mv -f $depbase.Tpo $depbase.Plo
:info:build depbase=`echo ../../C-Sources/zlib/inftrees.lo | sed 's|[^/]*$|.deps/&|;s|\.lo$||'`;\
:info:build 	/bin/sh ./libtool  --tag=CC   --mode=compile /opt/local/bin/clang-mp-3.3 -DPACKAGE_NAME=\"Modelica\ Standard\ Library\ Tables\" -DPACKAGE_TARNAME=\"libmodelicastandardtables\" -DPACKAGE_VERSION=\"3.2.1\" -DPACKAGE_STRING=\"Modelica\ Standard\ Library\ Tables\ 3.2.1\" -DPACKAGE_BUGREPORT=\"https://trac.modelica.org/Modelica\" -DPACKAGE_URL=\"https://modelica.org\" -DPACKAGE=\"libmodelicastandardtables\" -DVERSION=\"3.2.1\" -DSTDC_HEADERS=1 -DHAVE_SYS_TYPES_H=1 -DHAVE_SYS_STAT_H=1 -DHAVE_STDLIB_H=1 -DHAVE_STRING_H=1 -DHAVE_MEMORY_H=1 -DHAVE_STRINGS_H=1 -DHAVE_INTTYPES_H=1 -DHAVE_STDINT_H=1 -DHAVE_UNISTD_H=1 -DHAVE_DLFCN_H=1 -DLT_OBJDIR=\".libs/\" -DHAVE_ZLIB_H=1 -I.   -I/opt/local/include -DDUMMY_FUNCTION_USERTAB -DHAVE_ZLIB=1  -pipe -Os -arch x86_64 -fno-stack-protector -O0 -g -MT ../../C-Sources/zlib/inftrees.lo -MD -MP -MF $depbase.Tpo -c -o ../../C-Sources/zlib/inftrees.lo ../../C-Sources/zlib/inftrees.c &&\
:info:build 	mv -f $depbase.Tpo $depbase.Plo
:info:build configure: Overruling autoconf; cl does not recognise -g.
:info:build /bin/sh ../libtool --mode=link /opt/local/bin/clang-mp-3.3  -L/opt/local/lib -Wl,-headerpad_max_install_names -arch x86_64 -Wl,-install_name,@rpath/liblis.dylib -o test4 -lm  test4.o -L../src -llis -lm 
:info:build depbase=`echo ../../C-Sources/zlib/trees.lo | sed 's|[^/]*$|.deps/&|;s|\.lo$||'`;\
:info:build 	/bin/sh ./libtool  --tag=CC   --mode=compile /opt/local/bin/clang-mp-3.3 -DPACKAGE_NAME=\"Modelica\ Standard\ Library\ Tables\" -DPACKAGE_TARNAME=\"libmodelicastandardtables\" -DPACKAGE_VERSION=\"3.2.1\" -DPACKAGE_STRING=\"Modelica\ Standard\ Library\ Tables\ 3.2.1\" -DPACKAGE_BUGREPORT=\"https://trac.modelica.org/Modelica\" -DPACKAGE_URL=\"https://modelica.org\" -DPACKAGE=\"libmodelicastandardtables\" -DVERSION=\"3.2.1\" -DSTDC_HEADERS=1 -DHAVE_SYS_TYPES_H=1 -DHAVE_SYS_STAT_H=1 -DHAVE_STDLIB_H=1 -DHAVE_STRING_H=1 -DHAVE_MEMORY_H=1 -DHAVE_STRINGS_H=1 -DHAVE_INTTYPES_H=1 -DHAVE_STDINT_H=1 -DHAVE_UNISTD_H=1 -DHAVE_DLFCN_H=1 -DLT_OBJDIR=\".libs/\" -DHAVE_ZLIB_H=1 -I.   -I/opt/local/include -DDUMMY_FUNCTION_USERTAB -DHAVE_ZLIB=1  -pipe -Os -arch x86_64 -fno-stack-protector -O0 -g -MT ../../C-Sources/zlib/trees.lo -MD -MP -MF $depbase.Tpo -c -o ../../C-Sources/zlib/trees.lo ../../C-Sources/zlib/trees.c &&\
:info:build 	mv -f $depbase.Tpo $depbase.Plo
:info:build configure: C compiler options are: -O3 -pipe -DNDEBUG -Wimplicit -Wparentheses -Wsequence-point -Wreturn-type -Wcast-qual -Wall -Wno-unknown-pragmas -Wno-long-long   -DIPOPT_BUILD
:info:build checking whether we are using the GNU C++ compiler... libtool: link: /opt/local/bin/clang-mp-3.3 -Wl,-headerpad_max_install_names -arch x86_64 -Wl,-install_name -Wl,@rpath/liblis.dylib -o .libs/test4 test4.o  -L/opt/local/lib -L/opt/local/var/macports/build/_opt_local_var_macports_sources_build.openmodelica.org_macports_lang_openmodelica-devel/openmodelica-devel/work/openmodelica_23929/3rdParty/lis-1.4.12/src /opt/local/var/macports/build/_opt_local_var_macports_sources_build.openmodelica.org_macports_lang_openmodelica-devel/openmodelica-devel/work/openmodelica_23929/3rdParty/lis-1.4.12/src/.libs/liblis.dylib -lm
:info:build libtool: compile:  /opt/local/bin/clang-mp-3.3 "-DPACKAGE_NAME=\"Modelica Standard Library Tables\"" -DPACKAGE_TARNAME=\"libmodelicastandardtables\" -DPACKAGE_VERSION=\"3.2.1\" "-DPACKAGE_STRING=\"Modelica Standard Library Tables 3.2.1\"" -DPACKAGE_BUGREPORT=\"https://trac.modelica.org/Modelica\" -DPACKAGE_URL=\"https://modelica.org\" -DPACKAGE=\"libmodelicastandardtables\" -DVERSION=\"3.2.1\" -DSTDC_HEADERS=1 -DHAVE_SYS_TYPES_H=1 -DHAVE_SYS_STAT_H=1 -DHAVE_STDLIB_H=1 -DHAVE_STRING_H=1 -DHAVE_MEMORY_H=1 -DHAVE_STRINGS_H=1 -DHAVE_INTTYPES_H=1 -DHAVE_STDINT_H=1 -DHAVE_UNISTD_H=1 -DHAVE_DLFCN_H=1 -DLT_OBJDIR=\".libs/\" -DHAVE_ZLIB_H=1 -I. -I/opt/local/include -DDUMMY_FUNCTION_USERTAB -DHAVE_ZLIB=1 -pipe -Os -arch x86_64 -fno-stack-protector -O0 -g -MT ../../C-Sources/zlib/infback.lo -MD -MP -MF ../../C-Sources/zlib/.deps/infback.Tpo -c ../../C-Sources/zlib/infback.c -o ../../C-Sources/zlib/infback.o
:info:build yes
:info:build checking whether /opt/local/bin/clang++-mp-3.3 accepts -g... /bin/sh ../libtool --mode=link /opt/local/bin/clang-mp-3.3  -L/opt/local/lib -Wl,-headerpad_max_install_names -arch x86_64 -Wl,-install_name,@rpath/liblis.dylib -o test5 -lm  test5.o -L../src -llis -lm 
:info:build yes
:info:build depbase=`echo ../../C-Sources/zlib/uncompr.lo | sed 's|[^/]*$|.deps/&|;s|\.lo$||'`;\
:info:build 	/bin/sh ./libtool  --tag=CC   --mode=compile /opt/local/bin/clang-mp-3.3 -DPACKAGE_NAME=\"Modelica\ Standard\ Library\ Tables\" -DPACKAGE_TARNAME=\"libmodelicastandardtables\" -DPACKAGE_VERSION=\"3.2.1\" -DPACKAGE_STRING=\"Modelica\ Standard\ Library\ Tables\ 3.2.1\" -DPACKAGE_BUGREPORT=\"https://trac.modelica.org/Modelica\" -DPACKAGE_URL=\"https://modelica.org\" -DPACKAGE=\"libmodelicastandardtables\" -DVERSION=\"3.2.1\" -DSTDC_HEADERS=1 -DHAVE_SYS_TYPES_H=1 -DHAVE_SYS_STAT_H=1 -DHAVE_STDLIB_H=1 -DHAVE_STRING_H=1 -DHAVE_MEMORY_H=1 -DHAVE_STRINGS_H=1 -DHAVE_INTTYPES_H=1 -DHAVE_STDINT_H=1 -DHAVE_UNISTD_H=1 -DHAVE_DLFCN_H=1 -DLT_OBJDIR=\".libs/\" -DHAVE_ZLIB_H=1 -I.   -I/opt/local/include -DDUMMY_FUNCTION_USERTAB -DHAVE_ZLIB=1  -pipe -Os -arch x86_64 -fno-stack-protector -O0 -g -MT ../../C-Sources/zlib/uncompr.lo -MD -MP -MF $depbase.Tpo -c -o ../../C-Sources/zlib/uncompr.lo ../../C-Sources/zlib/uncompr.c &&\
:info:build 	mv -f $depbase.Tpo $depbase.Plo
:info:build libtool: compile:  /opt/local/bin/clang-mp-3.3 "-DPACKAGE_NAME=\"Modelica Standard Library Tables\"" -DPACKAGE_TARNAME=\"libmodelicastandardtables\" -DPACKAGE_VERSION=\"3.2.1\" "-DPACKAGE_STRING=\"Modelica Standard Library Tables 3.2.1\"" -DPACKAGE_BUGREPORT=\"https://trac.modelica.org/Modelica\" -DPACKAGE_URL=\"https://modelica.org\" -DPACKAGE=\"libmodelicastandardtables\" -DVERSION=\"3.2.1\" -DSTDC_HEADERS=1 -DHAVE_SYS_TYPES_H=1 -DHAVE_SYS_STAT_H=1 -DHAVE_STDLIB_H=1 -DHAVE_STRING_H=1 -DHAVE_MEMORY_H=1 -DHAVE_STRINGS_H=1 -DHAVE_INTTYPES_H=1 -DHAVE_STDINT_H=1 -DHAVE_UNISTD_H=1 -DHAVE_DLFCN_H=1 -DLT_OBJDIR=\".libs/\" -DHAVE_ZLIB_H=1 -I. -I/opt/local/include -DDUMMY_FUNCTION_USERTAB -DHAVE_ZLIB=1 -pipe -Os -arch x86_64 -fno-stack-protector -O0 -g -MT ../../C-Sources/zlib/inffast.lo -MD -MP -MF ../../C-Sources/zlib/.deps/inffast.Tpo -c ../../C-Sources/zlib/inffast.c -o ../../C-Sources/zlib/inffast.o
:info:build libtool: link: /opt/local/bin/clang-mp-3.3 -Wl,-headerpad_max_install_names -arch x86_64 -Wl,-install_name -Wl,@rpath/liblis.dylib -o .libs/test5 test5.o  -L/opt/local/lib -L/opt/local/var/macports/build/_opt_local_var_macports_sources_build.openmodelica.org_macports_lang_openmodelica-devel/openmodelica-devel/work/openmodelica_23929/3rdParty/lis-1.4.12/src /opt/local/var/macports/build/_opt_local_var_macports_sources_build.openmodelica.org_macports_lang_openmodelica-devel/openmodelica-devel/work/openmodelica_23929/3rdParty/lis-1.4.12/src/.libs/liblis.dylib -lm
:info:build depbase=`echo ../../C-Sources/zlib/zutil.lo | sed 's|[^/]*$|.deps/&|;s|\.lo$||'`;\
:info:build 	/bin/sh ./libtool  --tag=CC   --mode=compile /opt/local/bin/clang-mp-3.3 -DPACKAGE_NAME=\"Modelica\ Standard\ Library\ Tables\" -DPACKAGE_TARNAME=\"libmodelicastandardtables\" -DPACKAGE_VERSION=\"3.2.1\" -DPACKAGE_STRING=\"Modelica\ Standard\ Library\ Tables\ 3.2.1\" -DPACKAGE_BUGREPORT=\"https://trac.modelica.org/Modelica\" -DPACKAGE_URL=\"https://modelica.org\" -DPACKAGE=\"libmodelicastandardtables\" -DVERSION=\"3.2.1\" -DSTDC_HEADERS=1 -DHAVE_SYS_TYPES_H=1 -DHAVE_SYS_STAT_H=1 -DHAVE_STDLIB_H=1 -DHAVE_STRING_H=1 -DHAVE_MEMORY_H=1 -DHAVE_STRINGS_H=1 -DHAVE_INTTYPES_H=1 -DHAVE_STDINT_H=1 -DHAVE_UNISTD_H=1 -DHAVE_DLFCN_H=1 -DLT_OBJDIR=\".libs/\" -DHAVE_ZLIB_H=1 -I.   -I/opt/local/include -DDUMMY_FUNCTION_USERTAB -DHAVE_ZLIB=1  -pipe -Os -arch x86_64 -fno-stack-protector -O0 -g -MT ../../C-Sources/zlib/zutil.lo -MD -MP -MF $depbase.Tpo -c -o ../../C-Sources/zlib/zutil.lo ../../C-Sources/zlib/zutil.c &&\
:info:build 	mv -f $depbase.Tpo $depbase.Plo
:info:build /bin/sh ../libtool --mode=link /opt/local/bin/clang-mp-3.3  -L/opt/local/lib -Wl,-headerpad_max_install_names -arch x86_64 -Wl,-install_name,@rpath/liblis.dylib -o test6 -lm  test6.o -L../src -llis -lm 
:info:build libtool: link: /opt/local/bin/clang-mp-3.3 -Wl,-headerpad_max_install_names -arch x86_64 -Wl,-install_name -Wl,@rpath/liblis.dylib -o .libs/test6 test6.o  -L/opt/local/lib -L/opt/local/var/macports/build/_opt_local_var_macports_sources_build.openmodelica.org_macports_lang_openmodelica-devel/openmodelica-devel/work/openmodelica_23929/3rdParty/lis-1.4.12/src /opt/local/var/macports/build/_opt_local_var_macports_sources_build.openmodelica.org_macports_lang_openmodelica-devel/openmodelica-devel/work/openmodelica_23929/3rdParty/lis-1.4.12/src/.libs/liblis.dylib -lm
:info:build /bin/sh ../libtool --mode=link /opt/local/bin/clang-mp-3.3  -L/opt/local/lib -Wl,-headerpad_max_install_names -arch x86_64 -Wl,-install_name,@rpath/liblis.dylib -o etest1 -lm  etest1.o -L../src -llis -lm 
:info:build checking whether C++ compiler /opt/local/bin/clang++-mp-3.3 works... yes
:info:build libtool: link: /opt/local/bin/clang-mp-3.3 -Wl,-headerpad_max_install_names -arch x86_64 -Wl,-install_name -Wl,@rpath/liblis.dylib -o .libs/etest1 etest1.o  -L/opt/local/lib -L/opt/local/var/macports/build/_opt_local_var_macports_sources_build.openmodelica.org_macports_lang_openmodelica-devel/openmodelica-devel/work/openmodelica_23929/3rdParty/lis-1.4.12/src /opt/local/var/macports/build/_opt_local_var_macports_sources_build.openmodelica.org_macports_lang_openmodelica-devel/openmodelica-devel/work/openmodelica_23929/3rdParty/lis-1.4.12/src/.libs/liblis.dylib -lm
:info:build configure: Overruling autoconf; cl does not recognise -g.
:info:build /bin/sh ../libtool --mode=link /opt/local/bin/clang-mp-3.3  -L/opt/local/lib -Wl,-headerpad_max_install_names -arch x86_64 -Wl,-install_name,@rpath/liblis.dylib -o etest2 -lm  etest2.o -L../src -llis -lm 
:info:build configure: C++ compiler options are: -O3 -pipe -DNDEBUG -Wparentheses -Wreturn-type -Wcast-qual -Wall -Wpointer-arith -Wwrite-strings -Wconversion -Wno-unknown-pragmas -Wno-long-long   -DIPOPT_BUILD
:info:build libtool: compile:  /opt/local/bin/clang-mp-3.3 "-DPACKAGE_NAME=\"Modelica Standard Library Tables\"" -DPACKAGE_TARNAME=\"libmodelicastandardtables\" -DPACKAGE_VERSION=\"3.2.1\" "-DPACKAGE_STRING=\"Modelica Standard Library Tables 3.2.1\"" -DPACKAGE_BUGREPORT=\"https://trac.modelica.org/Modelica\" -DPACKAGE_URL=\"https://modelica.org\" -DPACKAGE=\"libmodelicastandardtables\" -DVERSION=\"3.2.1\" -DSTDC_HEADERS=1 -DHAVE_SYS_TYPES_H=1 -DHAVE_SYS_STAT_H=1 -DHAVE_STDLIB_H=1 -DHAVE_STRING_H=1 -DHAVE_MEMORY_H=1 -DHAVE_STRINGS_H=1 -DHAVE_INTTYPES_H=1 -DHAVE_STDINT_H=1 -DHAVE_UNISTD_H=1 -DHAVE_DLFCN_H=1 -DLT_OBJDIR=\".libs/\" -DHAVE_ZLIB_H=1 -I. -I/opt/local/include -DDUMMY_FUNCTION_USERTAB -DHAVE_ZLIB=1 -pipe -Os -arch x86_64 -fno-stack-protector -O0 -g -MT ../../C-Sources/zlib/inflate.lo -MD -MP -MF ../../C-Sources/zlib/.deps/inflate.Tpo -c ../../C-Sources/zlib/inflate.c -o ../../C-Sources/zlib/inflate.o
:info:build libtool: compile:  /opt/local/bin/clang-mp-3.3 "-DPACKAGE_NAME=\"Modelica Standard Library Tables\"" -DPACKAGE_TARNAME=\"libmodelicastandardtables\" -DPACKAGE_VERSION=\"3.2.1\" "-DPACKAGE_STRING=\"Modelica Standard Library Tables 3.2.1\"" -DPACKAGE_BUGREPORT=\"https://trac.modelica.org/Modelica\" -DPACKAGE_URL=\"https://modelica.org\" -DPACKAGE=\"libmodelicastandardtables\" -DVERSION=\"3.2.1\" -DSTDC_HEADERS=1 -DHAVE_SYS_TYPES_H=1 -DHAVE_SYS_STAT_H=1 -DHAVE_STDLIB_H=1 -DHAVE_STRING_H=1 -DHAVE_MEMORY_H=1 -DHAVE_STRINGS_H=1 -DHAVE_INTTYPES_H=1 -DHAVE_STDINT_H=1 -DHAVE_UNISTD_H=1 -DHAVE_DLFCN_H=1 -DLT_OBJDIR=\".libs/\" -DHAVE_ZLIB_H=1 -I. -I/opt/local/include -DDUMMY_FUNCTION_USERTAB -DHAVE_ZLIB=1 -pipe -Os -arch x86_64 -fno-stack-protector -O0 -g -MT ../../C-Sources/zlib/inftrees.lo -MD -MP -MF ../../C-Sources/zlib/.deps/inftrees.Tpo -c ../../C-Sources/zlib/inftrees.c -o ../../C-Sources/zlib/inftrees.o
:info:build configure: Assuming that CXXLIBS is "-lc++".
:info:build configure: Trying to determine Fortran compiler name
:info:build checking whether we are using the GNU Fortran 77 compiler... libtool: compile:  /opt/local/bin/clang-mp-3.3 "-DPACKAGE_NAME=\"Modelica Standard Library Tables\"" -DPACKAGE_TARNAME=\"libmodelicastandardtables\" -DPACKAGE_VERSION=\"3.2.1\" "-DPACKAGE_STRING=\"Modelica Standard Library Tables 3.2.1\"" -DPACKAGE_BUGREPORT=\"https://trac.modelica.org/Modelica\" -DPACKAGE_URL=\"https://modelica.org\" -DPACKAGE=\"libmodelicastandardtables\" -DVERSION=\"3.2.1\" -DSTDC_HEADERS=1 -DHAVE_SYS_TYPES_H=1 -DHAVE_SYS_STAT_H=1 -DHAVE_STDLIB_H=1 -DHAVE_STRING_H=1 -DHAVE_MEMORY_H=1 -DHAVE_STRINGS_H=1 -DHAVE_INTTYPES_H=1 -DHAVE_STDINT_H=1 -DHAVE_UNISTD_H=1 -DHAVE_DLFCN_H=1 -DLT_OBJDIR=\".libs/\" -DHAVE_ZLIB_H=1 -I. -I/opt/local/include -DDUMMY_FUNCTION_USERTAB -DHAVE_ZLIB=1 -pipe -Os -arch x86_64 -fno-stack-protector -O0 -g -MT ../../C-Sources/zlib/trees.lo -MD -MP -MF ../../C-Sources/zlib/.deps/trees.Tpo -c ../../C-Sources/zlib/trees.c -o ../../C-Sources/zlib/trees.o
:info:build libtool: link: /opt/local/bin/clang-mp-3.3 -Wl,-headerpad_max_install_names -arch x86_64 -Wl,-install_name -Wl,@rpath/liblis.dylib -o .libs/etest2 etest2.o  -L/opt/local/lib -L/opt/local/var/macports/build/_opt_local_var_macports_sources_build.openmodelica.org_macports_lang_openmodelica-devel/openmodelica-devel/work/openmodelica_23929/3rdParty/lis-1.4.12/src /opt/local/var/macports/build/_opt_local_var_macports_sources_build.openmodelica.org_macports_lang_openmodelica-devel/openmodelica-devel/work/openmodelica_23929/3rdParty/lis-1.4.12/src/.libs/liblis.dylib -lm
:info:build /bin/sh ../libtool --mode=link /opt/local/bin/clang-mp-3.3  -L/opt/local/lib -Wl,-headerpad_max_install_names -arch x86_64 -Wl,-install_name,@rpath/liblis.dylib -o etest3 -lm  etest3.o -L../src -llis -lm 
:info:build yes
:info:build checking whether /opt/local/bin/gfortran-mp-4.8 accepts -g... /bin/sh ./libtool  --tag=CC   --mode=link /opt/local/bin/clang-mp-3.3  -pipe -Os -arch x86_64 -fno-stack-protector -O0 -g  -L/opt/local/lib -Wl,-headerpad_max_install_names -arch x86_64 -o libModelicaExternalC.la -rpath /opt/local/var/macports/build/_opt_local_var_macports_sources_build.openmodelica.org_macports_lang_openmodelica-devel/openmodelica-devel/work/openmodelica_23929/build/lib/omc ../../C-Sources/ModelicaInternal.lo ../../C-Sources/ModelicaStrings.lo  -lz 
:info:build /bin/sh ../libtool --mode=link /opt/local/bin/clang-mp-3.3  -L/opt/local/lib -Wl,-headerpad_max_install_names -arch x86_64 -Wl,-install_name,@rpath/liblis.dylib -o etest4 -lm  etest4.o -L../src -llis -lm 
:info:build yes
:info:build /bin/sh ../libtool --mode=link /opt/local/bin/clang-mp-3.3  -L/opt/local/lib -Wl,-headerpad_max_install_names -arch x86_64 -Wl,-install_name,@rpath/liblis.dylib -o etest6 -lm  etest6.o -L../src -llis -lm 
:info:build libtool: link: /opt/local/bin/clang-mp-3.3 -Wl,-headerpad_max_install_names -arch x86_64 -Wl,-install_name -Wl,@rpath/liblis.dylib -o .libs/etest3 etest3.o  -L/opt/local/lib -L/opt/local/var/macports/build/_opt_local_var_macports_sources_build.openmodelica.org_macports_lang_openmodelica-devel/openmodelica-devel/work/openmodelica_23929/3rdParty/lis-1.4.12/src /opt/local/var/macports/build/_opt_local_var_macports_sources_build.openmodelica.org_macports_lang_openmodelica-devel/openmodelica-devel/work/openmodelica_23929/3rdParty/lis-1.4.12/src/.libs/liblis.dylib -lm
:info:build configure: Fortran compiler options are: -O3 -pipe  
:info:build checking how to get verbose linking output from /opt/local/bin/gfortran-mp-4.8... libtool: compile:  /opt/local/bin/clang-mp-3.3 "-DPACKAGE_NAME=\"Modelica Standard Library Tables\"" -DPACKAGE_TARNAME=\"libmodelicastandardtables\" -DPACKAGE_VERSION=\"3.2.1\" "-DPACKAGE_STRING=\"Modelica Standard Library Tables 3.2.1\"" -DPACKAGE_BUGREPORT=\"https://trac.modelica.org/Modelica\" -DPACKAGE_URL=\"https://modelica.org\" -DPACKAGE=\"libmodelicastandardtables\" -DVERSION=\"3.2.1\" -DSTDC_HEADERS=1 -DHAVE_SYS_TYPES_H=1 -DHAVE_SYS_STAT_H=1 -DHAVE_STDLIB_H=1 -DHAVE_STRING_H=1 -DHAVE_MEMORY_H=1 -DHAVE_STRINGS_H=1 -DHAVE_INTTYPES_H=1 -DHAVE_STDINT_H=1 -DHAVE_UNISTD_H=1 -DHAVE_DLFCN_H=1 -DLT_OBJDIR=\".libs/\" -DHAVE_ZLIB_H=1 -I. -I/opt/local/include -DDUMMY_FUNCTION_USERTAB -DHAVE_ZLIB=1 -pipe -Os -arch x86_64 -fno-stack-protector -O0 -g -MT ../../C-Sources/zlib/uncompr.lo -MD -MP -MF ../../C-Sources/zlib/.deps/uncompr.Tpo -c ../../C-Sources/zlib/uncompr.c -o ../../C-Sources/zlib/uncompr.o
:info:build libtool: link: /opt/local/bin/clang-mp-3.3 -Wl,-headerpad_max_install_names -arch x86_64 -Wl,-install_name -Wl,@rpath/liblis.dylib -o .libs/etest4 etest4.o  -L/opt/local/lib -L/opt/local/var/macports/build/_opt_local_var_macports_sources_build.openmodelica.org_macports_lang_openmodelica-devel/openmodelica-devel/work/openmodelica_23929/3rdParty/lis-1.4.12/src /opt/local/var/macports/build/_opt_local_var_macports_sources_build.openmodelica.org_macports_lang_openmodelica-devel/openmodelica-devel/work/openmodelica_23929/3rdParty/lis-1.4.12/src/.libs/liblis.dylib -lm
:info:build libtool: link: /opt/local/bin/clang-mp-3.3 -Wl,-headerpad_max_install_names -arch x86_64 -Wl,-install_name -Wl,@rpath/liblis.dylib -o .libs/etest6 etest6.o  -L/opt/local/lib -L/opt/local/var/macports/build/_opt_local_var_macports_sources_build.openmodelica.org_macports_lang_openmodelica-devel/openmodelica-devel/work/openmodelica_23929/3rdParty/lis-1.4.12/src /opt/local/var/macports/build/_opt_local_var_macports_sources_build.openmodelica.org_macports_lang_openmodelica-devel/openmodelica-devel/work/openmodelica_23929/3rdParty/lis-1.4.12/src/.libs/liblis.dylib -lm
:info:build libtool: compile:  /opt/local/bin/clang-mp-3.3 "-DPACKAGE_NAME=\"Modelica Standard Library Tables\"" -DPACKAGE_TARNAME=\"libmodelicastandardtables\" -DPACKAGE_VERSION=\"3.2.1\" "-DPACKAGE_STRING=\"Modelica Standard Library Tables 3.2.1\"" -DPACKAGE_BUGREPORT=\"https://trac.modelica.org/Modelica\" -DPACKAGE_URL=\"https://modelica.org\" -DPACKAGE=\"libmodelicastandardtables\" -DVERSION=\"3.2.1\" -DSTDC_HEADERS=1 -DHAVE_SYS_TYPES_H=1 -DHAVE_SYS_STAT_H=1 -DHAVE_STDLIB_H=1 -DHAVE_STRING_H=1 -DHAVE_MEMORY_H=1 -DHAVE_STRINGS_H=1 -DHAVE_INTTYPES_H=1 -DHAVE_STDINT_H=1 -DHAVE_UNISTD_H=1 -DHAVE_DLFCN_H=1 -DLT_OBJDIR=\".libs/\" -DHAVE_ZLIB_H=1 -I. -I/opt/local/include -DDUMMY_FUNCTION_USERTAB -DHAVE_ZLIB=1 -pipe -Os -arch x86_64 -fno-stack-protector -O0 -g -MT ../../C-Sources/zlib/zutil.lo -MD -MP -MF ../../C-Sources/zlib/.deps/zutil.Tpo -c ../../C-Sources/zlib/zutil.c -o ../../C-Sources/zlib/zutil.o
:info:build -v
:info:build checking for Fortran libraries of /opt/local/bin/gfortran-mp-4.8... make[3]: Leaving directory `/opt/local/var/macports/build/_opt_local_var_macports_sources_build.openmodelica.org_macports_lang_openmodelica-devel/openmodelica-devel/work/openmodelica_23929/3rdParty/lis-1.4.12/test'
:info:build make[3]: Entering directory `/opt/local/var/macports/build/_opt_local_var_macports_sources_build.openmodelica.org_macports_lang_openmodelica-devel/openmodelica-devel/work/openmodelica_23929/3rdParty/lis-1.4.12'
:info:build make[3]: Nothing to be done for `all-am'.
:info:build make[3]: Leaving directory `/opt/local/var/macports/build/_opt_local_var_macports_sources_build.openmodelica.org_macports_lang_openmodelica-devel/openmodelica-devel/work/openmodelica_23929/3rdParty/lis-1.4.12'
:info:build make[2]: Leaving directory `/opt/local/var/macports/build/_opt_local_var_macports_sources_build.openmodelica.org_macports_lang_openmodelica-devel/openmodelica-devel/work/openmodelica_23929/3rdParty/lis-1.4.12'
:info:build # Copy the library; not headers (as they are not used by the runtime system)
:info:build cp -Pp 3rdParty/lis-1.4.12/src/.libs/liblis.dylib* build/lib/omc/
:info:build ! test -f build/lib/omc/liblis.so.0.0 -a ! -f build/lib/omc/liblis.so.0 || ln -s liblis.so.0.0 build/lib/omc/liblis.so.0
:info:build ! test -f build/lib/omc/liblis.so.0.0 -a ! -f build/lib/omc/liblis.so || ln -s liblis.so.0.0 build/lib/omc/liblis.so
:info:build /bin/sh ./libtool  --tag=CC   --mode=link /opt/local/bin/clang-mp-3.3  -pipe -Os -arch x86_64 -fno-stack-protector -O0 -g  -L/opt/local/lib -Wl,-headerpad_max_install_names -arch x86_64 -o libModelicaStandardTables.la -rpath /opt/local/var/macports/build/_opt_local_var_macports_sources_build.openmodelica.org_macports_lang_openmodelica-devel/openmodelica-devel/work/openmodelica_23929/build/lib/omc ../../C-Sources/ModelicaStandardTables.lo ../../C-Sources/ModelicaMatIO.lo ../../C-Sources/zlib/adler32.lo ../../C-Sources/zlib/compress.lo ../../C-Sources/zlib/crc32.lo ../../C-Sources/zlib/deflate.lo ../../C-Sources/zlib/gzclose.lo ../../C-Sources/zlib/gzlib.lo ../../C-Sources/zlib/gzread.lo ../../C-Sources/zlib/gzwrite.lo ../../C-Sources/zlib/infback.lo ../../C-Sources/zlib/inffast.lo ../../C-Sources/zlib/inflate.lo ../../C-Sources/zlib/inftrees.lo ../../C-Sources/zlib/trees.lo ../../C-Sources/zlib/uncompr.lo ../../C-Sources/zlib/zutil.lo  -lz 
:info:build  -L/opt/local/var/macports/build/_opt_local_var_macports_sources_build.openmodelica.org_macports_lang_openmodelica-devel/openmodelica-devel/work/openmodelica_23929/build/lib/omc -L/opt/local/lib -L/opt/local/lib/gcc48/gcc/x86_64-apple-darwin13/4.8.3 -L/opt/local/lib/gcc48/gcc/x86_64-apple-darwin13/4.8.3/../../.. -lgfortran -lSystem -lgcc_ext.10.5 -lquadmath -lm
:info:build configure: Corrected Fortran libraries:  -L/opt/local/var/macports/build/_opt_local_var_macports_sources_build.openmodelica.org_macports_lang_openmodelica-devel/openmodelica-devel/work/openmodelica_23929/build/lib/omc -L/opt/local/lib -L/opt/local/lib/gcc48/gcc/x86_64-apple-darwin13/4.8.3 -L/opt/local/lib/gcc48/gcc/x86_64-apple-darwin13/4.8.3/../../.. -lgfortran -lSystem -lquadmath -lm
:info:build checking for dummy main to link with Fortran libraries... libtool: link: ar cru .libs/libModelicaExternalC.a  ../../C-Sources/ModelicaInternal.o ../../C-Sources/ModelicaStrings.o
:info:build libtool: link: ranlib .libs/libModelicaExternalC.a
:info:build libtool: link: ( cd ".libs" && rm -f "libModelicaExternalC.la" && ln -s "../libModelicaExternalC.la" "libModelicaExternalC.la" )
:info:build none
:info:build checking for Fortran name-mangling scheme... lower case, underscore, no extra underscore
:info:build checking for a BSD-compatible install... libtool: link: ar cru .libs/libModelicaStandardTables.a  ../../C-Sources/ModelicaStandardTables.o ../../C-Sources/ModelicaMatIO.o ../../C-Sources/zlib/adler32.o ../../C-Sources/zlib/compress.o ../../C-Sources/zlib/crc32.o ../../C-Sources/zlib/deflate.o ../../C-Sources/zlib/gzclose.o ../../C-Sources/zlib/gzlib.o ../../C-Sources/zlib/gzread.o ../../C-Sources/zlib/gzwrite.o ../../C-Sources/zlib/infback.o ../../C-Sources/zlib/inffast.o ../../C-Sources/zlib/inflate.o ../../C-Sources/zlib/inftrees.o ../../C-Sources/zlib/trees.o ../../C-Sources/zlib/uncompr.o ../../C-Sources/zlib/zutil.o
:info:build /usr/bin/install -c
:info:build checking whether build environment is sane... libtool: link: ranlib .libs/libModelicaStandardTables.a
:info:build libtool: link: ( cd ".libs" && rm -f "libModelicaStandardTables.la" && ln -s "../libModelicaStandardTables.la" "libModelicaStandardTables.la" )
:info:build make[2]: Leaving directory `/opt/local/var/macports/build/_opt_local_var_macports_sources_build.openmodelica.org_macports_lang_openmodelica-devel/openmodelica-devel/work/openmodelica_23929/libraries/Resources/BuildProjects/autotools'
:info:build /Applications/Xcode.app/Contents/Developer/usr/bin/make -C "libraries/Resources//BuildProjects/autotools" install
:info:build make[2]: Entering directory `/opt/local/var/macports/build/_opt_local_var_macports_sources_build.openmodelica.org_macports_lang_openmodelica-devel/openmodelica-devel/work/openmodelica_23929/libraries/Resources/BuildProjects/autotools'
:info:build make[3]: Entering directory `/opt/local/var/macports/build/_opt_local_var_macports_sources_build.openmodelica.org_macports_lang_openmodelica-devel/openmodelica-devel/work/openmodelica_23929/libraries/Resources/BuildProjects/autotools'
:info:build make[3]: Nothing to be done for `install-data-am'.
:info:build  ./install-sh -c -d '/opt/local/var/macports/build/_opt_local_var_macports_sources_build.openmodelica.org_macports_lang_openmodelica-devel/openmodelica-devel/work/openmodelica_23929/build/lib/omc'
:info:build  /bin/sh ./libtool   --mode=install /usr/bin/install -c   libModelicaExternalC.la libModelicaStandardTables.la '/opt/local/var/macports/build/_opt_local_var_macports_sources_build.openmodelica.org_macports_lang_openmodelica-devel/openmodelica-devel/work/openmodelica_23929/build/lib/omc'
:info:build libtool: install: /usr/bin/install -c .libs/libModelicaExternalC.lai /opt/local/var/macports/build/_opt_local_var_macports_sources_build.openmodelica.org_macports_lang_openmodelica-devel/openmodelica-devel/work/openmodelica_23929/build/lib/omc/libModelicaExternalC.la
:info:build libtool: install: /usr/bin/install -c .libs/libModelicaStandardTables.lai /opt/local/var/macports/build/_opt_local_var_macports_sources_build.openmodelica.org_macports_lang_openmodelica-devel/openmodelica-devel/work/openmodelica_23929/build/lib/omc/libModelicaStandardTables.la
:info:build libtool: install: /usr/bin/install -c .libs/libModelicaExternalC.a /opt/local/var/macports/build/_opt_local_var_macports_sources_build.openmodelica.org_macports_lang_openmodelica-devel/openmodelica-devel/work/openmodelica_23929/build/lib/omc/libModelicaExternalC.a
:info:build libtool: install: chmod 644 /opt/local/var/macports/build/_opt_local_var_macports_sources_build.openmodelica.org_macports_lang_openmodelica-devel/openmodelica-devel/work/openmodelica_23929/build/lib/omc/libModelicaExternalC.a
:info:build libtool: install: ranlib /opt/local/var/macports/build/_opt_local_var_macports_sources_build.openmodelica.org_macports_lang_openmodelica-devel/openmodelica-devel/work/openmodelica_23929/build/lib/omc/libModelicaExternalC.a
:info:build libtool: install: /usr/bin/install -c .libs/libModelicaStandardTables.a /opt/local/var/macports/build/_opt_local_var_macports_sources_build.openmodelica.org_macports_lang_openmodelica-devel/openmodelica-devel/work/openmodelica_23929/build/lib/omc/libModelicaStandardTables.a
:info:build libtool: install: chmod 644 /opt/local/var/macports/build/_opt_local_var_macports_sources_build.openmodelica.org_macports_lang_openmodelica-devel/openmodelica-devel/work/openmodelica_23929/build/lib/omc/libModelicaStandardTables.a
:info:build libtool: install: ranlib /opt/local/var/macports/build/_opt_local_var_macports_sources_build.openmodelica.org_macports_lang_openmodelica-devel/openmodelica-devel/work/openmodelica_23929/build/lib/omc/libModelicaStandardTables.a
:info:build make[3]: Leaving directory `/opt/local/var/macports/build/_opt_local_var_macports_sources_build.openmodelica.org_macports_lang_openmodelica-devel/openmodelica-devel/work/openmodelica_23929/libraries/Resources/BuildProjects/autotools'
:info:build make[2]: Leaving directory `/opt/local/var/macports/build/_opt_local_var_macports_sources_build.openmodelica.org_macports_lang_openmodelica-devel/openmodelica-devel/work/openmodelica_23929/libraries/Resources/BuildProjects/autotools'
:info:build touch libraries/msl-external-libs
:info:build yes
:info:build checking for gawk... no
:info:build checking for mawk... no
:info:build checking for nawk... no
:info:build checking for awk... awk
:info:build checking whether make sets $(MAKE)... yes
:info:build checking for style of include used by make... GNU
:info:build checking dependency style of /opt/local/bin/clang-mp-3.3... gcc3
:info:build checking dependency style of /opt/local/bin/clang++-mp-3.3... gcc3
:info:build checking whether to enable maintainer-specific portions of Makefiles... no
:info:build configure: Using libtool script in directory ..
:info:build checking if library version is set... 10:6:9
:info:build configure: configuring doxygen documentation options
:info:build checking for doxygen... no
:info:build checking for dot... NO
:info:build checking for COIN-OR package Blas... yes
:info:build checking for COIN-OR package Lapack... yes
:info:build checking for COIN-OR package ASL... skipped check via pkg-config, redirect to fallback
:info:build checking for COIN-OR package ASL (fallback)... no, dependency coinasl not available
:info:build checking for COIN-OR package HSL... skipped check via pkg-config, redirect to fallback
:info:build checking for COIN-OR package HSL (fallback)... no, dependency coinhsl not available
:info:build checking for COIN-OR package Mumps... skipped check via pkg-config, redirect to fallback
:info:build checking for COIN-OR package Mumps (fallback)... yes
:info:build checking for int *... yes
:info:build checking size of int *... 8
:info:build configure: Using CXXAR="ar cru".
:info:build checking cmath usability... yes
:info:build checking cmath presence... yes
:info:build checking for cmath... yes
:info:build checking cctype usability... yes
:info:build checking cctype presence... yes
:info:build checking for cctype... yes
:info:build checking cassert usability... yes
:info:build checking cassert presence... yes
:info:build checking for cassert... yes
:info:build checking cstdio usability... yes
:info:build checking cstdio presence... yes
:info:build checking for cstdio... yes
:info:build checking cstdlib usability... configure.ac:30: installing './compile'
:info:build configure.ac:19: installing './config.guess'
:info:build configure.ac:19: installing './config.sub'
:info:build configure.ac:23: installing './install-sh'
:info:build configure.ac:23: installing './missing'
:info:build yes
:info:build checking cstdlib presence... Makefile.am: installing './depcomp'
:info:build yes
:info:build checking for cstdlib... yes
:info:build checking cstdarg usability... parallel-tests: installing './test-driver'
:info:build autoreconf: Leaving directory `.'
:info:build yes
:info:build checking cstdarg presence... yes
:info:build checking for cstdarg... yes
:info:build checking cstring usability... yes
:info:build checking cstring presence... yes
:info:build checking for cstring... yes
:info:build checking cfloat usability... yes
:info:build checking cfloat presence... yes
:info:build checking for cfloat... yes
:info:build checking ctime usability... yes
:info:build checking ctime presence... yes
:info:build checking for ctime... yes
:info:build checking cstddef usability... yes
:info:build checking cstddef presence... yes
:info:build checking for cstddef... yes
:info:build checking for cmath... (cached) yes
:info:build checking for cfloat... (cached) yes
:info:build checking cieeefp usability... no
:info:build checking cieeefp presence... no
:info:build checking for cieeefp... no
:info:build checking ieeefp.h usability... no
:info:build checking ieeefp.h presence... no
:info:build checking for ieeefp.h... no
:info:build checking whether isfinite is declared... checking build system type... no
:info:build checking whether finite is declared... x86_64-apple-darwin13.4.0
:info:build checking host system type... x86_64-apple-darwin13.4.0
:info:build checking target system type... x86_64-apple-darwin13.4.0
:info:build checking GC version numbers... major=7 minor=5                 micro=0
:info:build checking for a BSD-compatible install... yes
:info:build checking whether va_copy is declared... /usr/bin/install -c
:info:build checking whether build environment is sane... yes
:info:build checking for x86_64-apple-darwin13.4.0-strip... no
:info:build checking for strip... strip
:info:build checking for a thread-safe mkdir -p... ./install-sh -c -d
:info:build checking for gawk... no
:info:build checking for mawk... no
:info:build checking for nawk... no
:info:build checking for awk... awk
:info:build checking whether make sets $(MAKE)... yes
:info:build checking whether make supports nested variables... yes
:info:build checking whether drand48 is declared... yes
:info:build checking whether to enable maintainer-specific portions of Makefiles... no
:info:build checking for style of include used by make... GNU
:info:build checking for x86_64-apple-darwin13.4.0-gcc... /opt/local/bin/clang-mp-3.3
:info:build yes
:info:build checking whether rand is declared... checking whether the C compiler works... yes
:info:build yes
:info:build checking for C compiler default output file name... a.out
:info:build checking for suffix of executables... checking whether srand is declared... 
:info:build checking whether we are cross compiling... yes
:info:build checking whether this is a VPATH configuration... no
:info:build checking for matlab installation... no
:info:build checking whether the linear solver loader should be compiled... yes
:info:build no
:info:build checking for suffix of object files... checking windows.h usability... o
:info:build checking whether we are using the GNU C compiler... yes
:info:build checking whether /opt/local/bin/clang-mp-3.3 accepts -g... no
:info:build checking windows.h presence... yes
:info:build checking for /opt/local/bin/clang-mp-3.3 option to accept ISO C89... no
:info:build checking for windows.h... no
:info:build checking dlfcn.h usability... none needed
:info:build checking whether /opt/local/bin/clang-mp-3.3 understands -c and -o together... yes
:info:build checking dependency style of /opt/local/bin/clang-mp-3.3... yes
:info:build checking dlfcn.h presence... yes
:info:build checking for dlfcn.h... yes
:info:build gcc3
:info:build checking for dlopen in -ldl... checking whether we are using the GNU C++ compiler... yes
:info:build checking for snprintf... yes
:info:build checking whether /opt/local/bin/clang++-mp-3.3 accepts -g... yes
:info:build checking dependency style of /opt/local/bin/clang++-mp-3.3... yes
:info:build checking for vsnprintf... gcc3
:info:build checking dependency style of /opt/local/bin/clang-mp-3.3... yes
:info:build checking which command should be used to link input files... cp
:info:build gcc3
:info:build checking how to print strings... printf
:info:build checking for a sed that does not truncate output... configure: creating ./config.status
:info:build /usr/bin/sed
:info:build checking for grep that handles long lines and -e... config.status: creating Makefile
:info:build /usr/bin/grep
:info:build checking for egrep... /usr/bin/grep -E
:info:build checking for fgrep... /usr/bin/grep -F
:info:build checking for ld used by /opt/local/bin/clang-mp-3.3... config.status: creating src/Common/Makefile
:info:build /opt/local/libexec/llvm-3.3/bin/ld
:info:build checking if the linker (/opt/local/libexec/llvm-3.3/bin/ld) is GNU ld... no
:info:build checking for BSD- or MS-compatible name lister (nm)... /opt/local/bin/nm
:info:build checking the name lister (/opt/local/bin/nm) interface... config.status: creating src/LinAlg/Makefile
:info:build BSD nm
:info:build checking whether ln -s works... yes
:info:build checking the maximum length of command line arguments... 196608
:info:build config.status: creating src/LinAlg/TMatrices/Makefile
:info:build checking how to convert x86_64-apple-darwin13.4.0 file names to x86_64-apple-darwin13.4.0 format... func_convert_file_noop
:info:build checking how to convert x86_64-apple-darwin13.4.0 file names to toolchain format... func_convert_file_noop
:info:build checking for /opt/local/libexec/llvm-3.3/bin/ld option to reload object files... -r
:info:build checking for x86_64-apple-darwin13.4.0-objdump... no
:info:build checking for objdump... no
:info:build checking how to recognize dependent libraries... pass_all
:info:build checking for x86_64-apple-darwin13.4.0-dlltool... no
:info:build checking for dlltool... no
:info:build checking how to associate runtime and link libraries... printf %s\n
:info:build checking for x86_64-apple-darwin13.4.0-ar... no
:info:build checking for ar... ar
:info:build checking for archiver @FILE support... no
:info:build checking for x86_64-apple-darwin13.4.0-strip... strip
:info:build checking for x86_64-apple-darwin13.4.0-ranlib... no
:info:build checking for ranlib... ranlib
:info:build checking command to parse /opt/local/bin/nm output from /opt/local/bin/clang-mp-3.3 object... config.status: creating src/Interfaces/Makefile
:info:build config.status: creating src/Algorithm/Makefile
:info:build config.status: creating src/Algorithm/LinearSolvers/Makefile
:info:build ok
:info:build checking for sysroot... no
:info:build checking for a working dd... /bin/dd
:info:build checking how to truncate binary pipes... /bin/dd bs=4096 count=1
:info:build checking for x86_64-apple-darwin13.4.0-mt... no
:info:build checking for mt... no
:info:build checking if : is a manifest tool... config.status: creating src/Algorithm/Inexact/Makefile
:info:build no
:info:build checking for x86_64-apple-darwin13.4.0-dsymutil... no
:info:build checking for dsymutil... dsymutil
:info:build checking for x86_64-apple-darwin13.4.0-nmedit... no
:info:build checking for nmedit... nmedit
:info:build checking for x86_64-apple-darwin13.4.0-lipo... no
:info:build checking for lipo... lipo
:info:build checking for x86_64-apple-darwin13.4.0-otool... no
:info:build checking for otool... otool
:info:build checking for x86_64-apple-darwin13.4.0-otool64... no
:info:build checking for otool64... no
:info:build checking for -single_module linker flag... config.status: creating src/contrib/CGPenalty/Makefile
:info:build yes
:info:build checking for -exported_symbols_list linker flag... yes
:info:build checking for -force_load linker flag... config.status: creating src/contrib/LinearSolverLoader/Makefile
:info:build config.status: creating src/Apps/Makefile
:info:build yes
:info:build checking how to run the C preprocessor... config.status: creating src/Apps/AmplSolver/Makefile
:info:build /opt/local/bin/clang-mp-3.3 -E
:info:build config.status: creating src/Apps/CUTErInterface/Makefile
:info:build checking for ANSI C header files... config.status: creating examples/hs071_f/Makefile
:info:build config.status: creating examples/hs071_f/hs071_f.f
:info:build config.status: creating examples/Cpp_example/Makefile
:info:build config.status: creating examples/hs071_cpp/Makefile
:info:build config.status: creating examples/hs071_c/Makefile
:info:build config.status: creating examples/ScalableProblems/Makefile
:info:build config.status: creating tutorial/CodingExercise/C/1-skeleton/Makefile
:info:build yes
:info:build checking for sys/types.h... config.status: creating tutorial/CodingExercise/C/2-mistake/Makefile
:info:build config.status: creating tutorial/CodingExercise/C/3-solution/Makefile
:info:build yes
:info:build checking for sys/stat.h... config.status: creating tutorial/CodingExercise/Cpp/1-skeleton/Makefile
:info:build config.status: creating tutorial/CodingExercise/Cpp/2-mistake/Makefile
:info:build yes
:info:build checking for stdlib.h... config.status: creating tutorial/CodingExercise/Cpp/3-solution/Makefile
:info:build config.status: creating tutorial/CodingExercise/Matlab/1-skeleton/startup.m
:info:build yes
:info:build checking for string.h... config.status: creating tutorial/CodingExercise/Matlab/2-mistake/startup.m
:info:build config.status: creating tutorial/CodingExercise/Matlab/3-solution/startup.m
:info:build yes
:info:build checking for memory.h... config.status: creating tutorial/CodingExercise/Fortran/1-skeleton/TutorialFortran.f
:info:build config.status: creating tutorial/CodingExercise/Fortran/2-mistake/TutorialFortran.f
:info:build yes
:info:build checking for strings.h... config.status: creating tutorial/CodingExercise/Fortran/3-solution/TutorialFortran.f
:info:build config.status: creating tutorial/CodingExercise/Fortran/1-skeleton/Makefile
:info:build yes
:info:build config.status: creating tutorial/CodingExercise/Fortran/2-mistake/Makefile
:info:build checking for inttypes.h... config.status: creating tutorial/CodingExercise/Fortran/3-solution/Makefile
:info:build config.status: creating test/Makefile
:info:build yes
:info:build checking for stdint.h... config.status: creating test/run_unitTests
:info:build yes
:info:build config.status: creating contrib/MatlabInterface/src/Makefile
:info:build checking for unistd.h... config.status: creating contrib/MatlabInterface/examples/startup.m
:info:build yes
:info:build config.status: creating contrib/JavaInterface/Makefile
:info:build checking for dlfcn.h... config.status: creating contrib/sIPOPT/Makefile
:info:build config.status: creating contrib/sIPOPT/AmplSolver/Makefile
:info:build yes
:info:build checking for objdir... .libs
:info:build config.status: creating contrib/sIPOPT/examples/parametric_cpp/Makefile
:info:build config.status: creating contrib/sIPOPT/examples/redhess_cpp/Makefile
:info:build checking if /opt/local/bin/clang-mp-3.3 supports -fno-rtti -fno-exceptions... config.status: creating contrib/sIPOPT/src/Makefile
:info:build yes
:info:build checking for /opt/local/bin/clang-mp-3.3 option to produce PIC... -fno-common -DPIC
:info:build checking if /opt/local/bin/clang-mp-3.3 PIC flag -fno-common -DPIC works... config.status: creating ipopt.pc
:info:build config.status: creating ipopt-uninstalled.pc
:info:build yes
:info:build checking if /opt/local/bin/clang-mp-3.3 static flag -static works... config.status: creating doxydoc/doxygen.conf
:info:build no
:info:build checking if /opt/local/bin/clang-mp-3.3 supports -c -o file.o... config.status: creating contrib/RInterface/src/Makevars
:info:build config.status: creating src/Common/config.h
:info:build yes
:info:build checking if /opt/local/bin/clang-mp-3.3 supports -c -o file.o... (cached) yes
:info:build checking whether the /opt/local/bin/clang-mp-3.3 linker (/opt/local/libexec/llvm-3.3/bin/ld) supports shared libraries... yes
:info:build checking dynamic linker characteristics... darwin13.4.0 dyld
:info:build checking how to hardcode library paths into programs... immediate
:info:build checking whether stripping libraries is possible... config.status: creating src/Common/config_ipopt.h
:info:build yes
:info:build checking if libtool supports shared libraries... yes
:info:build checking whether to build shared libraries... yes
:info:build checking whether to build static libraries... yes
:info:build checking how to run the C++ preprocessor... config.status: creating examples/ScalableProblems/config.h
:info:build /opt/local/bin/clang++-mp-3.3 -E
:info:build config.status: linking ./examples/hs071_cpp/hs071_main.cpp to test/hs071_main.cpp
:info:build config.status: linking ./examples/hs071_cpp/hs071_nlp.cpp to test/hs071_nlp.cpp
:info:build config.status: linking ./examples/hs071_cpp/hs071_nlp.hpp to test/hs071_nlp.hpp
:info:build config.status: linking ./examples/hs071_c/hs071_c.c to test/hs071_c.c
:info:build config.status: executing depfiles commands
:info:build checking for ld used by /opt/local/bin/clang++-mp-3.3... /opt/local/libexec/llvm-3.3/bin/ld
:info:build checking if the linker (/opt/local/libexec/llvm-3.3/bin/ld) is GNU ld... no
:info:build checking whether the /opt/local/bin/clang++-mp-3.3 linker (/opt/local/libexec/llvm-3.3/bin/ld) supports shared libraries... yes
:info:build checking for /opt/local/bin/clang++-mp-3.3 option to produce PIC... -fno-common -DPIC
:info:build checking if /opt/local/bin/clang++-mp-3.3 PIC flag -fno-common -DPIC works... yes
:info:build checking if /opt/local/bin/clang++-mp-3.3 static flag -static works... no
:info:build checking if /opt/local/bin/clang++-mp-3.3 supports -c -o file.o... yes
:info:build checking if /opt/local/bin/clang++-mp-3.3 supports -c -o file.o... (cached) yes
:info:build checking whether the /opt/local/bin/clang++-mp-3.3 linker (/opt/local/libexec/llvm-3.3/bin/ld) supports shared libraries... yes
:info:build checking dynamic linker characteristics... darwin13.4.0 dyld
:info:build checking how to hardcode library paths into programs... immediate
:info:build checking for inline... inline
:info:build checking for pthread_self in -lpthread... yes
:info:build configure: WARNING: "Explicit GC_INIT() calls may be required."
:info:build checking for gcc -Wextra... yes
:info:build checking for xlc... no
:info:build checking whether gcc supports -fno-strict-aliasing... yes
:info:build checking whether to build shared libraries... yes
:info:build checking which machine-dependent code should be used... 
:info:build checking whether Solaris gcc optimization fix is necessary... no
:info:build checking for dladdr... yes
:info:build checking sys/dg_sys_info.h usability... no
:info:build checking sys/dg_sys_info.h presence... no
:info:build checking for sys/dg_sys_info.h... no
:info:build ./configure: line 17477: syntax error near unexpected token `ATOMIC_OPS,'
:info:build ./configure: line 17477: `   PKG_CHECK_MODULES(ATOMIC_OPS, atomic_ops, ,'
:info:build make[1]: *** [3rdParty/gc/Makefile] Error 2
:info:build make[1]: *** Waiting for unfinished jobs....
:info:build configure: In case of trouble, first consult the troubleshooting page at https://projects.coin-or.org/BuildTools/wiki/user-troubleshooting
:info:build configure: Configuration of Ipopt successful
:info:build configure: In case of trouble, first consult the troubleshooting page at https://projects.coin-or.org/BuildTools/wiki/user-troubleshooting
:info:build configure: Main configuration of Ipopt successful
:info:build make[1]: Leaving directory `/opt/local/var/macports/build/_opt_local_var_macports_sources_build.openmodelica.org_macports_lang_openmodelica-devel/openmodelica-devel/work/openmodelica_23929'
:info:build make: *** [omc-bootstrapped] Error 2
:info:build make: Leaving directory `/opt/local/var/macports/build/_opt_local_var_macports_sources_build.openmodelica.org_macports_lang_openmodelica-devel/openmodelica-devel/work/openmodelica_23929'
:info:build Command failed:  cd "/opt/local/var/macports/build/_opt_local_var_macports_sources_build.openmodelica.org_macports_lang_openmodelica-devel/openmodelica-devel/work/openmodelica_23929" && /usr/bin/make -j8 -w omc mosh NOLIBRARIES=Yes 
:info:build Exit code: 2
:error:build org.macports.build for port openmodelica-devel returned: command execution failed
:debug:build Error code: CHILDSTATUS 23127 2
:debug:build Backtrace: command execution failed
    while executing
"system -nice 0 $fullcmdstring"
    ("eval" body line 1)
    invoked from within
"eval system $notty $nice \$fullcmdstring"
    invoked from within
"command_exec build"
    (procedure "portbuild::build_main" line 8)
    invoked from within
"portbuild::build_main org.macports.build"
    ("eval" body line 1)
    invoked from within
"eval $procedure $targetname"
:info:build Warning: targets not executed for openmodelica-devel: org.macports.activate org.macports.build org.macports.destroot org.macports.install
:notice:build Please see the log file for port openmodelica-devel for details:
    /opt/local/var/macports/logs/_opt_local_var_macports_sources_build.openmodelica.org_macports_lang_openmodelica-devel/openmodelica-devel/main.log
