version:1
:msg:main --->  Computing dependencies for openmodelica-devel:info:main .:debug:main openmodelica-devel has no conflicts
:debug:main Searching for dependency: rml-mmc
:debug:main Found Dependency: receipt exists for rml-mmc
:debug:main Searching for dependency: omniorb
:debug:main Found Dependency: receipt exists for omniorb
:debug:main Searching for dependency: sqlite3
:debug:main Found Dependency: receipt exists for sqlite3
:debug:main Searching for dependency: gtime
:debug:main Found Dependency: receipt exists for gtime
:debug:main Searching for dependency: autoconf
:debug:main Found Dependency: receipt exists for autoconf
:debug:main Searching for dependency: automake
:debug:main Found Dependency: receipt exists for automake
:debug:main Searching for dependency: libtool
:debug:main Found Dependency: receipt exists for libtool
:debug:main Searching for dependency: paradiseo
:debug:main Found Dependency: receipt exists for paradiseo
:debug:main Searching for dependency: lp_solve
:debug:main Found Dependency: receipt exists for lp_solve
:debug:main Searching for dependency: qt4-mac
:debug:main Found Dependency: receipt exists for qt4-mac
:debug:main Searching for dependency: qwt52
:debug:main Found Dependency: receipt exists for qwt52
:msg:main 
:debug:main Executing org.macports.main (openmodelica-devel)
:debug:main changing euid/egid - current euid: 0 - current egid: 0
:debug:main egid changed to: 501
:debug:main euid changed to: 502
:debug:archivefetch archivefetch phase started at Sat Jul 28 07:50:51 CEST 2012
:msg:archivefetch --->  Fetching archive for openmodelica-devel
:debug:archivefetch Executing org.macports.archivefetch (openmodelica-devel)
:debug:archivefetch euid/egid changed to: 0/0
:debug:archivefetch chowned /opt/local/var/macports/incoming to macports
:debug:archivefetch euid/egid changed to: 502/501
:info:archivefetch --->  openmodelica-devel-12369_0+qt.darwin_11.x86_64.tbz2 doesn't seem to exist in /opt/local/var/macports/incoming/verified
:msg:archivefetch --->  Attempting to fetch openmodelica-devel-12369_0+qt.darwin_11.x86_64.tbz2 from http://packages.macports.org/openmodelica-devel
:debug:archivefetch Fetching archive failed:: The requested URL returned error: 404
:debug:archivefetch Privilege de-escalation not attempted as not running as root.
:debug:fetch fetch phase started at Sat Jul 28 07:50:52 CEST 2012
:notice:fetch --->  Fetching distfiles for openmodelica-devel
:debug:fetch Executing org.macports.fetch (openmodelica-devel)
:info:fetch --->  openmodelica_12369.orig.tar.gz doesn't seem to exist in /opt/local/var/macports/distfiles/openmodelica-devel
:notice:fetch --->  Attempting to fetch openmodelica_12369.orig.tar.gz from http://lil.fr.distfiles.macports.org/openmodelica-devel
:debug:fetch Fetching distfile failed:: Failed to connect to 2001:41d0:1:678e:1::2: No route to host
:notice:fetch --->  Attempting to fetch openmodelica_12369.orig.tar.gz from http://build.openmodelica.org/apt/pool/contrib/
:debug:fetch Privilege de-escalation not attempted as not running as root.
:debug:checksum checksum phase started at Sat Jul 28 07:51:48 CEST 2012
:notice:checksum --->  Verifying checksum(s) for openmodelica-devel
:debug:checksum Executing org.macports.checksum (openmodelica-devel)
:info:checksum --->  Checksumming openmodelica_12369.orig.tar.gz
:debug:checksum Correct (md5) checksum for openmodelica_12369.orig.tar.gz
:debug:checksum Correct (sha1) checksum for openmodelica_12369.orig.tar.gz
:debug:checksum Correct (rmd160) checksum for openmodelica_12369.orig.tar.gz
:debug:checksum Privilege de-escalation not attempted as not running as root.
:debug:extract extract phase started at Sat Jul 28 07:51:51 CEST 2012
:notice:extract --->  Extracting openmodelica-devel
:debug:extract Executing org.macports.extract (openmodelica-devel)
:info:extract --->  Extracting openmodelica_12369.orig.tar.gz
:debug:extract setting option extract.args to '/opt/local/var/macports/distfiles/openmodelica-devel/openmodelica_12369.orig.tar.gz'
:debug:extract Environment: CPATH='/opt/local/include' CC_PRINT_OPTIONS_FILE='/opt/local/var/macports/build/_opt_local_var_macports_sources_build.openmodelica.org_macports_lang_openmodelica-devel/openmodelica-devel/work/.CC_PRINT_OPTIONS' LIBRARY_PATH='/opt/local/lib' CC_PRINT_OPTIONS='YES' MACOSX_DEPLOYMENT_TARGET='10.7'
:debug:extract Assembled command: 'cd "/opt/local/var/macports/build/_opt_local_var_macports_sources_build.openmodelica.org_macports_lang_openmodelica-devel/openmodelica-devel/work" && /usr/bin/gzip -dc '/opt/local/var/macports/distfiles/openmodelica-devel/openmodelica_12369.orig.tar.gz' | /usr/bin/gnutar --no-same-owner -xf -'
:debug:extract Executing command line:  cd "/opt/local/var/macports/build/_opt_local_var_macports_sources_build.openmodelica.org_macports_lang_openmodelica-devel/openmodelica-devel/work" && /usr/bin/gzip -dc '/opt/local/var/macports/distfiles/openmodelica-devel/openmodelica_12369.orig.tar.gz' | /usr/bin/gnutar --no-same-owner -xf - 
:debug:extract euid/egid changed to: 0/0
:debug:extract chowned /opt/local/var/macports/build/_opt_local_var_macports_sources_build.openmodelica.org_macports_lang_openmodelica-devel/openmodelica-devel/work to macports
:debug:extract euid/egid changed to: 502/501
:debug:extract Privilege de-escalation not attempted as not running as root.
:debug:patch patch phase started at Sat Jul 28 07:52:32 CEST 2012
:debug:patch Executing org.macports.patch (openmodelica-devel)
:debug:patch Privilege de-escalation not attempted as not running as root.
:debug:configure configure phase started at Sat Jul 28 07:52:32 CEST 2012
:notice:configure --->  Configuring openmodelica-devel
:debug:configure Using compiler 'Mac OS X clang'
:debug:configure Executing org.macports.configure (openmodelica-devel)
:debug:configure Environment: CPATH='/opt/local/include' CC_PRINT_OPTIONS_FILE='/opt/local/var/macports/build/_opt_local_var_macports_sources_build.openmodelica.org_macports_lang_openmodelica-devel/openmodelica-devel/work/.CC_PRINT_OPTIONS' LIBRARY_PATH='/opt/local/lib' CC_PRINT_OPTIONS='YES' MACOSX_DEPLOYMENT_TARGET='10.7'
:debug:configure Assembled command: 'cd "/opt/local/var/macports/build/_opt_local_var_macports_sources_build.openmodelica.org_macports_lang_openmodelica-devel/openmodelica-devel/work/openmodelica_12369" && autoconf'
:debug:configure Executing command line:  cd "/opt/local/var/macports/build/_opt_local_var_macports_sources_build.openmodelica.org_macports_lang_openmodelica-devel/openmodelica-devel/work/openmodelica_12369" && autoconf 
:debug:configure Environment: CPATH='/opt/local/include' CFLAGS='-pipe -O2 -arch x86_64' CPPFLAGS='-I/opt/local/include' CXXFLAGS='-pipe -O2 -arch x86_64' LIBRARY_PATH='/opt/local/lib' MACOSX_DEPLOYMENT_TARGET='10.7' ANTLRHOME='/opt/local' CXX='/usr/bin/clang++' CC_PRINT_OPTIONS_FILE='/opt/local/var/macports/build/_opt_local_var_macports_sources_build.openmodelica.org_macports_lang_openmodelica-devel/openmodelica-devel/work/.CC_PRINT_OPTIONS' F90FLAGS='-pipe -O2 -m64' RMLHOME='/opt/local' LDFLAGS='-L/opt/local/lib -arch x86_64' FCFLAGS='-pipe -O2 -m64' OBJC='/usr/bin/clang' INSTALL='/usr/bin/install -c' OBJCFLAGS='-pipe -O2 -arch x86_64' FFLAGS='-pipe -O2 -m64' CC_PRINT_OPTIONS='YES' CC='/usr/bin/clang'
:debug:configure Assembled command: 'cd "/opt/local/var/macports/build/_opt_local_var_macports_sources_build.openmodelica.org_macports_lang_openmodelica-devel/openmodelica-devel/work/openmodelica_12369" && ./configure --prefix=/opt/local --with-omniORB=/opt/local --disable-python-interface'
:debug:configure Executing command line:  cd "/opt/local/var/macports/build/_opt_local_var_macports_sources_build.openmodelica.org_macports_lang_openmodelica-devel/openmodelica-devel/work/openmodelica_12369" && ./configure --prefix=/opt/local --with-omniORB=/opt/local --disable-python-interface 
:info:configure checking for gcc... /usr/bin/clang
:info:configure checking whether the C compiler works... yes
:info:configure checking for C compiler default output file name... a.out
:info:configure checking for suffix of executables... 
:info:configure checking whether we are cross compiling... no
:info:configure checking for suffix of object files... o
:info:configure checking whether we are using the GNU C compiler... yes
:info:configure checking whether /usr/bin/clang accepts -g... yes
:info:configure checking for /usr/bin/clang option to accept ISO C89... none needed
:info:configure checking whether we are using the GNU C++ compiler... yes
:info:configure checking whether /usr/bin/clang++ accepts -g... yes
:info:configure checking how to run the C preprocessor... /usr/bin/clang -E
:info:configure checking whether make sets $(MAKE)... yes
:info:configure checking for flex... flex
:info:configure checking lex output file root... lex.yy
:info:configure checking lex library... -lfl
:info:configure checking whether yytext is a pointer... yes
:info:configure checking for $RMLHOME... /opt/local
:info:configure checking for rmlc... yes
:info:configure checking for grep that handles long lines and -e... /usr/bin/grep
:info:configure checking for egrep... /usr/bin/grep -E
:info:configure checking for ANSI C header files... yes
:info:configure checking for sys/types.h... yes
:info:configure checking for sys/stat.h... yes
:info:configure checking for stdlib.h... yes
:info:configure checking for string.h... yes
:info:configure checking for memory.h... yes
:info:configure checking for strings.h... yes
:info:configure checking for inttypes.h... yes
:info:configure checking for stdint.h... yes
:info:configure checking for unistd.h... yes
:info:configure checking sys/time.h usability... yes
:info:configure checking sys/time.h presence... yes
:info:configure checking for sys/time.h... yes
:info:configure checking sqlite3.h usability... yes
:info:configure checking sqlite3.h presence... yes
:info:configure checking for sqlite3.h... yes
:info:configure checking f2c.h usability... no
:info:configure checking f2c.h presence... no
:info:configure checking for f2c.h... no
:info:configure checking for rml includefiles in /opt/local... yes
:info:configure checking if the user wants RML -trace support... yes
:info:configure checking for antlr.Tool support... ANTLR Parser Generator   Version 2.7.7 (20060906)   1989-2005
:info:configure yes
:info:configure checking if the user wants to compile OMShell-terminal... yes
:info:configure checking readline/readline.h usability... yes
:info:configure checking readline/readline.h presence... yes
:info:configure checking for readline/readline.h... yes
:info:configure checking readline/history.h usability... yes
:info:configure checking readline/history.h presence... yes
:info:configure checking for readline/history.h... yes
:info:configure checking for library containing readline... -lreadline
:info:configure checking expat.h usability... yes
:info:configure checking expat.h presence... yes
:info:configure checking for expat.h... yes
:info:configure checking for an ANSI C-conforming const... yes
:info:configure checking for size_t... yes
:info:configure checking for vprintf... yes
:info:configure checking for _doprnt... no
:info:configure checking for getcwd... yes
:info:configure checking for select... yes
:info:configure checking for strdup... yes
:info:configure checking for strerror... yes
:info:configure checking for scandir... no
:info:configure checking for library containing dlopen... none required
:info:configure checking for library containing sqrt... none required
:info:configure checking for library containing colamd... no
:info:configure checking for library containing make_lp... -llpsolve55
:info:configure checking lp_lib.h usability... no
:info:configure checking lp_lib.h presence... no
:info:configure checking for lp_lib.h... no
:info:configure checking lpsolve/lp_lib.h usability... yes
:info:configure checking lpsolve/lp_lib.h presence... yes
:info:configure checking for lpsolve/lp_lib.h... yes
:info:configure checking for socket... yes
:info:configure checking for gethostbyname... yes
:info:configure checking for sqlite3_libversion in -lsqlite3... yes
:info:configure checking LAPACK flags... ok
:info:configure checking kinsol/kinsol.h usability... no
:info:configure checking kinsol/kinsol.h presence... no
:info:configure checking for kinsol/kinsol.h... no
:info:configure checking kinsol/kinsol_dense.h usability... no
:info:configure checking kinsol/kinsol_dense.h presence... no
:info:configure checking for kinsol/kinsol_dense.h... no
:info:configure checking nvector/nvector_serial.h usability... no
:info:configure checking nvector/nvector_serial.h presence... no
:info:configure checking for nvector/nvector_serial.h... no
:info:configure checking sundials/sundials_types.h usability... no
:info:configure checking sundials/sundials_types.h presence... no
:info:configure checking for sundials/sundials_types.h... no
:info:configure checking sundials/sundials_math.h usability... no
:info:configure checking sundials/sundials_math.h presence... no
:info:configure checking for sundials/sundials_math.h... no
:info:configure checking Sundials linking... failed to link KINInit
:info:configure checking for /opt/local/bin/omniidl... ok
:info:configure checking for CORBA... omniorb
:info:configure checking if the user wants to use the Python interface... no
:info:configure checking for qmake-qt4... no
:info:configure checking for qmake-mac... no
:info:configure checking for qmake... qmake
:info:configure checking for qmake arguments... sh /opt/local/var/macports/build/_opt_local_var_macports_sources_build.openmodelica.org_macports_lang_openmodelica-devel/openmodelica-devel/work/openmodelica_12369/qmake.sh
:info:configure checking for qwt... /opt/local/include/qwt/
:info:configure checking for paradisEO... //opt/local
:info:configure Not compiling ModPar
:info:configure Not compiling with BOOST
:info:configure checking for revision... 12369
:info:configure checking for OpenModelica platform name... darwin-i386
:info:configure checking for Modelica platform name... darwin-i386
:info:configure configure: creating ./config.status
:info:configure config.status: creating Makefile
:info:configure config.status: WARNING:  'Makefile.in' seems to ignore the --datarootdir setting
:info:configure config.status: creating Compiler/Makefile
:info:configure config.status: creating Compiler/omc_release/Makefile
:info:configure config.status: creating Compiler/omc_debug/Makefile
:info:configure config.status: creating Compiler/omc_profiler/Makefile
:info:configure config.status: creating Compiler/runtime/Makefile
:info:configure config.status: creating Compiler/modpar/Makefile
:info:configure config.status: creating Compiler/runtime/config.unix.h
:info:configure config.status: creating PythonInterface/Makefile
:info:configure config.status: creating PythonInterface/OMPython/OMConfig.py
:info:configure config.status: creating Parser/Makefile
:info:configure config.status: creating OMNotebook/OMNotebookGUI/OMNotebook.config
:info:configure config.status: creating OMNotebook/OMNotebookGUI/Makefile.unix
:info:configure config.status: creating OMShell/OMShellGUI/OMShell.config
:info:configure config.status: creating OMShell/OMShellGUI/Makefile.unix
:info:configure config.status: creating OMEdit/OMEditGUI/Makefile.unix
:info:configure config.status: creating OMEdit/OMEditGUI/OMEdit.config
:info:configure config.status: creating OMPlot/OMPlotGUI/Makefile.unix
:info:configure config.status: creating OMPlot/OMPlotGUI/OMPlotGUI.config
:info:configure config.status: creating OMOptim/build/Makefile.unix
:info:configure config.status: creating OMOptim/build/OMOptim.config
:info:configure config.status: creating OMOptim/OMOptimBasis/build/Makefile.unix
:info:configure config.status: creating OMOptim/OMOptimBasis/build/OMOptimBasis.config
:info:configure config.status: creating testsuite/bootstrapping/LinkMain.makefile
:info:configure config.status: creating SimulationRuntime/fmi/import/Makefile
:info:configure config.status: creating SimulationRuntime/c/Makefile
:info:configure config.status: creating SimulationRuntime/c/ModelicaExternalC/Makefile
:info:configure config.status: creating SimulationRuntime/c/simulation/libf2c/makefile.u
:info:configure config.status: creating SimulationRuntime/interactive/Makefile
:info:configure config.status: creating mosh/src/Makefile
:info:configure config.status: executing config.unix.h.fix commands
:info:configure -e 
:info:configure Configured OpenModelica successfully using the following options:
:info:configure Simulations may use sundials suite: No
:info:configure Simulations may use IPOPT: No
:debug:configure Privilege de-escalation not attempted as not running as root.
:debug:build build phase started at Sat Jul 28 07:52:56 CEST 2012
:notice:build --->  Building openmodelica-devel
:debug:build Executing org.macports.build (openmodelica-devel)
:debug:build Environment: CPATH='/opt/local/include' CC_PRINT_OPTIONS_FILE='/opt/local/var/macports/build/_opt_local_var_macports_sources_build.openmodelica.org_macports_lang_openmodelica-devel/openmodelica-devel/work/.CC_PRINT_OPTIONS' LIBRARY_PATH='/opt/local/lib' CC_PRINT_OPTIONS='YES' MACOSX_DEPLOYMENT_TARGET='10.7'
:debug:build Assembled command: 'cd "/opt/local/var/macports/build/_opt_local_var_macports_sources_build.openmodelica.org_macports_lang_openmodelica-devel/openmodelica-devel/work/openmodelica_12369" && /usr/bin/make -j2 -w all omlibrary'
:debug:build Executing command line:  cd "/opt/local/var/macports/build/_opt_local_var_macports_sources_build.openmodelica.org_macports_lang_openmodelica-devel/openmodelica-devel/work/openmodelica_12369" && /usr/bin/make -j2 -w all omlibrary 
:info:build make: Entering directory `/opt/local/var/macports/build/_opt_local_var_macports_sources_build.openmodelica.org_macports_lang_openmodelica-devel/openmodelica-devel/work/openmodelica_12369'
:info:build if [ ".app" = ".app" ]; then mkdir -p ./build/Applications/; fi
:info:build rm -rf build/lib/omlibrary
:info:build (cd libraries/ && find . -type d -not -path "*svn*" -exec install -m755 -d ../build/lib/omlibrary/{} \;)
:info:build mkdir -p ./build/bin
:info:build mkdir -p ./build/lib/omc
:info:build mkdir -p ./build/lib/omc/libexec
:info:build mkdir -p ./build/lib/python
:info:build mkdir -p ./build/lib/python/omniORB
:info:build mkdir -p ./build/include/omc
:info:build mkdir -p ./build/share/omc/java/
:info:build mkdir -p ./build/share//omc/scripts/PythonInterface/OMPython/OMParser
:info:build mkdir -p ./build/share//omc/scripts/OpenTurns/
:info:build mkdir -p ./build/share//omnotebook
:info:build mkdir -p ./build/share/doc/omc/testmodels
:info:build mkdir -p ./build/share/man//man1/
:info:build /usr/bin/make -C mosh/src -f Makefile
:info:build make[1]: Entering directory `/opt/local/var/macports/build/_opt_local_var_macports_sources_build.openmodelica.org_macports_lang_openmodelica-devel/openmodelica-devel/work/openmodelica_12369/mosh/src'
:info:build /opt/local/bin/omniidl -bcxx -Wbh=.h -Wbs=.cc ../../Compiler/runtime//omc_communication.idl
:info:build (cd libraries/ && find . -type f -not -path "*svn*" -exec install -m644 {} ../build/lib/omlibrary/{} \;)
:info:build /usr/bin/clang++ -pipe -O2 -arch x86_64 -Wall -DUSE_CORBA -DUSE_OMNIORB -I/opt/local/include  -c -o options.o options.cpp
:info:build /usr/bin/clang++ -pipe -O2 -arch x86_64 -Wall -DUSE_CORBA -DUSE_OMNIORB -I/opt/local/include  -c -o omc_communication.o omc_communication.cc
:info:build omc_communication.cc:13:20: warning: unused variable '_0RL_library_version' [-Wunused-variable]
:info:build static const char* _0RL_library_version = omniORB_4_1;
:info:build                    ^
:info:build 1 warning generated.
:info:build /usr/bin/clang++ -pipe -O2 -arch x86_64 -Wall -DUSE_CORBA -DUSE_OMNIORB -I/opt/local/include  -c -o mosh.o mosh.cpp
:info:build /usr/bin/clang++ -o OMShell-terminal mosh.o options.o omc_communication.o  -L/opt/local/lib -arch x86_64 -lreadline  -lncurses /opt/local/lib/libomniORB4.a /opt/local/lib/libomnithread.a -lpthread -lm -lpthread
:info:build cp OMShell-terminal ../../build/bin/
:info:build make[1]: Leaving directory `/opt/local/var/macports/build/_opt_local_var_macports_sources_build.openmodelica.org_macports_lang_openmodelica-devel/openmodelica-devel/work/openmodelica_12369/mosh/src'
:info:build /usr/bin/make -C testsuite/difftool
:info:build make[1]: Entering directory `/opt/local/var/macports/build/_opt_local_var_macports_sources_build.openmodelica.org_macports_lang_openmodelica-devel/openmodelica-devel/work/openmodelica_12369/testsuite/difftool'
:info:build flex omc-diff.l
:info:build gcc -o ../../build/bin/omc-diff lex.yy.c
:info:build make[1]: Leaving directory `/opt/local/var/macports/build/_opt_local_var_macports_sources_build.openmodelica.org_macports_lang_openmodelica-devel/openmodelica-devel/work/openmodelica_12369/testsuite/difftool'
:info:build /usr/bin/make -C SimulationRuntime/interactive -f Makefile
:info:build make[1]: Entering directory `/opt/local/var/macports/build/_opt_local_var_macports_sources_build.openmodelica.org_macports_lang_openmodelica-devel/openmodelica-devel/work/openmodelica_12369/SimulationRuntime/interactive'
:info:build /usr/bin/clang++ -pipe -O2 -arch x86_64  -I.. -Wall  -c -o socket.o socket.cpp
:info:build /usr/bin/clang++ -pipe -O2 -arch x86_64  -I.. -Wall  -c -o thread.o thread.cpp
:info:build Building client for interactive simulation ... 
:info:build /usr/bin/clang++ -I.. -Wall -o SampleClient/client client.cpp socket.cpp thread.cpp -lpthread
:info:build ar -s -r libinteractive.a socket.o thread.o
:info:build ar: creating archive libinteractive.a
:info:build make[1]: Leaving directory `/opt/local/var/macports/build/_opt_local_var_macports_sources_build.openmodelica.org_macports_lang_openmodelica-devel/openmodelica-devel/work/openmodelica_12369/SimulationRuntime/interactive'
:info:build # Depends on libinteractive.a
:info:build /usr/bin/make -C SimulationRuntime/c -f Makefile
:info:build make[1]: Entering directory `/opt/local/var/macports/build/_opt_local_var_macports_sources_build.openmodelica.org_macports_lang_openmodelica-devel/openmodelica-devel/work/openmodelica_12369/SimulationRuntime/c'
:info:build /usr/bin/make -C ModelicaExternalC -f Makefile
:info:build make[2]: Entering directory `/opt/local/var/macports/build/_opt_local_var_macports_sources_build.openmodelica.org_macports_lang_openmodelica-devel/openmodelica-devel/work/openmodelica_12369/SimulationRuntime/c/ModelicaExternalC'
:info:build /usr/bin/clang -pipe -O2 -arch x86_64 -I../util  -I/opt/local/include -I.. -Dlinux   -c -o ModelicaInternal.o ModelicaInternal.c
:info:build ModelicaInternal.c:739:36: warning: if statement has empty body [-Wempty-body]
:info:build         if ( convertToSlash == 1 ) ModelicaConvertToUnixDirectorySeparator(result);
:info:build                                    ^
:info:build ModelicaInternal.c:159:59: note: instantiated from:
:info:build #  define ModelicaConvertToUnixDirectorySeparator(string) ;
:info:build                                                           ^
:info:build ModelicaInternal.c:763:34: warning: if statement has empty body [-Wempty-body]
:info:build     if ( convertFromSlash == 1 ) ModelicaConvertFromUnixDirectorySeparator(&buffer[valueStart]);
:info:build                                  ^
:info:build ModelicaInternal.c:160:61: note: instantiated from:
:info:build #  define ModelicaConvertFromUnixDirectorySeparator(string) ;
:info:build                                                             ^
:info:build 2 warnings generated.
:info:build /usr/bin/clang -pipe -O2 -arch x86_64 -I../util  -I/opt/local/include -I.. -Dlinux   -c -o ModelicaStrings.o ModelicaStrings.c
:info:build ModelicaStrings.c:225:48: warning: '&&' within '||' [-Wlogical-op-parentheses]
:info:build     if (unsignedNumber==0 || unsignedNumber==1 && sign==0) {
:info:build                           ~~ ~~~~~~~~~~~~~~~~~~^~~~~~~~~~
:info:build ModelicaStrings.c:225:48: note: place parentheses around the '&&' expression to silence this warning
:info:build     if (unsignedNumber==0 || unsignedNumber==1 && sign==0) {
:info:build                                                ^
:info:build                              (                           )
:info:build 1 warning generated.
:info:build /usr/bin/clang -pipe -O2 -arch x86_64 -I../util  -I/opt/local/include -I.. -Dlinux   -c -o ModelicaTablesImpl.o ModelicaTablesImpl.c
:info:build /usr/bin/clang -pipe -O2 -arch x86_64 -I../util  -I/opt/local/include -I.. -Dlinux   -c -o ModelicaUtilities.o ModelicaUtilities.c
:info:build /usr/bin/clang -pipe -O2 -arch x86_64 -I../util  -I/opt/local/include -I.. -Dlinux   -c -o tables.o tables.c
:info:build ar -ru libModelicaExternalC.a ModelicaInternal.o ModelicaStrings.o ModelicaTablesImpl.o ModelicaUtilities.o tables.o
:info:build ar: creating archive libModelicaExternalC.a
:info:build ranlib libModelicaExternalC.a
:info:build make[2]: Leaving directory `/opt/local/var/macports/build/_opt_local_var_macports_sources_build.openmodelica.org_macports_lang_openmodelica-devel/openmodelica-devel/work/openmodelica_12369/SimulationRuntime/c/ModelicaExternalC'
:info:build /usr/bin/clang -c -pipe -O2 -arch x86_64  -mfpmath=sse -Wall  -pedantic -I. -I./meta/ -I./meta/gc  -o meta/meta_modelica_builtin.o meta/meta_modelica_builtin.c -I./meta/ -I./util/
:info:build clang: warning: argument unused during compilation: '-mfpmath=sse'
:info:build In file included from meta/meta_modelica_builtin.c:34:
:info:build ./meta/meta_modelica.h:248:15: warning: array index of '1' indexes past the end of an array (that contains 1 elements) [-Warray-bounds]
:info:build   u.data[1] = MMC_REALDATA(p)[1];
:info:build               ^               ~
:info:build ./meta/meta_modelica.h:149:25: note: instantiated from:
:info:build #define MMC_REALDATA(x) (((struct mmc_real*)MMC_UNTAGPTR(x))->data)
:info:build                         ^
:info:build ./meta/meta_modelica.h:221:5: note: array 'data' declared here
:info:build     mmc_uint_t data[MMC_SIZE_DBL/MMC_SIZE_INT];
:info:build     ^
:info:build ./meta/meta_modelica.h:257:3: warning: array index of '1' indexes past the end of an array (that contains 1 elements) [-Warray-bounds]
:info:build   p->data[1] = u.data[1];
:info:build   ^       ~
:info:build ./meta/meta_modelica.h:221:5: note: array 'data' declared here
:info:build     mmc_uint_t data[MMC_SIZE_DBL/MMC_SIZE_INT];
:info:build     ^
:info:build 2 warnings generated.
:info:build /usr/bin/clang -c -pipe -O2 -arch x86_64  -mfpmath=sse -Wall  -pedantic -I. -I./meta/ -I./meta/gc  -o meta/meta_modelica_string_lit.o meta/meta_modelica_string_lit.c -I./meta/ -I./util/
:info:build clang: warning: argument unused during compilation: '-mfpmath=sse'
:info:build In file included from meta/meta_modelica_string_lit.c:1:
:info:build ./meta/meta_modelica.h:248:15: warning: array index of '1' indexes past the end of an array (that contains 1 elements) [-Warray-bounds]
:info:build   u.data[1] = MMC_REALDATA(p)[1];
:info:build               ^               ~
:info:build ./meta/meta_modelica.h:149:25: note: instantiated from:
:info:build #define MMC_REALDATA(x) (((struct mmc_real*)MMC_UNTAGPTR(x))->data)
:info:build                         ^
:info:build ./meta/meta_modelica.h:221:5: note: array 'data' declared here
:info:build     mmc_uint_t data[MMC_SIZE_DBL/MMC_SIZE_INT];
:info:build     ^
:info:build ./meta/meta_modelica.h:257:3: warning: array index of '1' indexes past the end of an array (that contains 1 elements) [-Warray-bounds]
:info:build   p->data[1] = u.data[1];
:info:build   ^       ~
:info:build ./meta/meta_modelica.h:221:5: note: array 'data' declared here
:info:build     mmc_uint_t data[MMC_SIZE_DBL/MMC_SIZE_INT];
:info:build     ^
:info:build 2 warnings generated.
:info:build /usr/bin/clang -c -pipe -O2 -arch x86_64  -mfpmath=sse -Wall  -pedantic -I. -I./meta/ -I./meta/gc  -o meta/realString.o meta/realString.c -I./meta/ -I./util/
:info:build clang: warning: argument unused during compilation: '-mfpmath=sse'
:info:build In file included from meta/realString.c:32:
:info:build ./meta/meta_modelica.h:248:15: warning: array index of '1' indexes past the end of an array (that contains 1 elements) [-Warray-bounds]
:info:build   u.data[1] = MMC_REALDATA(p)[1];
:info:build               ^               ~
:info:build ./meta/meta_modelica.h:149:25: note: instantiated from:
:info:build #define MMC_REALDATA(x) (((struct mmc_real*)MMC_UNTAGPTR(x))->data)
:info:build                         ^
:info:build ./meta/meta_modelica.h:221:5: note: array 'data' declared here
:info:build     mmc_uint_t data[MMC_SIZE_DBL/MMC_SIZE_INT];
:info:build     ^
:info:build ./meta/meta_modelica.h:257:3: warning: array index of '1' indexes past the end of an array (that contains 1 elements) [-Warray-bounds]
:info:build   p->data[1] = u.data[1];
:info:build   ^       ~
:info:build ./meta/meta_modelica.h:221:5: note: array 'data' declared here
:info:build     mmc_uint_t data[MMC_SIZE_DBL/MMC_SIZE_INT];
:info:build     ^
:info:build 2 warnings generated.
:info:build /usr/bin/clang -c -pipe -O2 -arch x86_64  -mfpmath=sse -Wall  -pedantic -I. -I./meta/ -I./meta/gc  -o meta/meta_modelica.o meta/meta_modelica.c -I./meta/ -I./util/
:info:build clang: warning: argument unused during compilation: '-mfpmath=sse'
:info:build In file included from meta/meta_modelica.c:33:
:info:build ./meta/meta_modelica.h:248:15: warning: array index of '1' indexes past the end of an array (that contains 1 elements) [-Warray-bounds]
:info:build   u.data[1] = MMC_REALDATA(p)[1];
:info:build               ^               ~
:info:build ./meta/meta_modelica.h:149:25: note: instantiated from:
:info:build #define MMC_REALDATA(x) (((struct mmc_real*)MMC_UNTAGPTR(x))->data)
:info:build                         ^
:info:build ./meta/meta_modelica.h:221:5: note: array 'data' declared here
:info:build     mmc_uint_t data[MMC_SIZE_DBL/MMC_SIZE_INT];
:info:build     ^
:info:build ./meta/meta_modelica.h:257:3: warning: array index of '1' indexes past the end of an array (that contains 1 elements) [-Warray-bounds]
:info:build   p->data[1] = u.data[1];
:info:build   ^       ~
:info:build ./meta/meta_modelica.h:221:5: note: array 'data' declared here
:info:build     mmc_uint_t data[MMC_SIZE_DBL/MMC_SIZE_INT];
:info:build     ^
:info:build 2 warnings generated.
:info:build /usr/bin/clang -c -pipe -O2 -arch x86_64  -mfpmath=sse -Wall  -pedantic -I. -I./meta/ -I./meta/gc  -o meta/meta_modelica_real.o meta/meta_modelica_real.c -I./meta/ -I./util/
:info:build clang: warning: argument unused during compilation: '-mfpmath=sse'
:info:build In file included from meta/meta_modelica_real.c:33:
:info:build ./meta/meta_modelica.h:248:15: warning: array index of '1' indexes past the end of an array (that contains 1 elements) [-Warray-bounds]
:info:build   u.data[1] = MMC_REALDATA(p)[1];
:info:build               ^               ~
:info:build ./meta/meta_modelica.h:149:25: note: instantiated from:
:info:build #define MMC_REALDATA(x) (((struct mmc_real*)MMC_UNTAGPTR(x))->data)
:info:build                         ^
:info:build ./meta/meta_modelica.h:221:5: note: array 'data' declared here
:info:build     mmc_uint_t data[MMC_SIZE_DBL/MMC_SIZE_INT];
:info:build     ^
:info:build ./meta/meta_modelica.h:257:3: warning: array index of '1' indexes past the end of an array (that contains 1 elements) [-Warray-bounds]
:info:build   p->data[1] = u.data[1];
:info:build   ^       ~
:info:build ./meta/meta_modelica.h:221:5: note: array 'data' declared here
:info:build     mmc_uint_t data[MMC_SIZE_DBL/MMC_SIZE_INT];
:info:build     ^
:info:build 2 warnings generated.
:info:build /usr/bin/clang -c -pipe -O2 -arch x86_64  -mfpmath=sse -Wall  -pedantic -I. -I./meta/ -I./meta/gc  -o meta/gc/gc.o meta/gc/gc.c -I./meta/ -I./util/
:info:build clang: warning: argument unused during compilation: '-mfpmath=sse'
:info:build /usr/bin/clang -c -pipe -O2 -arch x86_64  -mfpmath=sse -Wall  -pedantic -I. -I./meta/ -I./meta/gc  -o meta/gc/common.o meta/gc/common.c -I./meta/ -I./util/
:info:build clang: warning: argument unused during compilation: '-mfpmath=sse'
:info:build In file included from meta/gc/common.c:33:
:info:build In file included from ./util/modelica.h:98:
:info:build ./meta/meta_modelica.h:248:15: warning: array index of '1' indexes past the end of an array (that contains 1 elements) [-Warray-bounds]
:info:build   u.data[1] = MMC_REALDATA(p)[1];
:info:build               ^               ~
:info:build ./meta/meta_modelica.h:149:25: note: instantiated from:
:info:build #define MMC_REALDATA(x) (((struct mmc_real*)MMC_UNTAGPTR(x))->data)
:info:build                         ^
:info:build ./meta/meta_modelica.h:221:5: note: array 'data' declared here
:info:build     mmc_uint_t data[MMC_SIZE_DBL/MMC_SIZE_INT];
:info:build     ^
:info:build ./meta/meta_modelica.h:257:3: warning: array index of '1' indexes past the end of an array (that contains 1 elements) [-Warray-bounds]
:info:build   p->data[1] = u.data[1];
:info:build   ^       ~
:info:build ./meta/meta_modelica.h:221:5: note: array 'data' declared here
:info:build     mmc_uint_t data[MMC_SIZE_DBL/MMC_SIZE_INT];
:info:build     ^
:info:build meta/gc/common.c:243:12: warning: unused variable 'i' [-Wunused-variable]
:info:build     size_t i = size;
:info:build            ^
:info:build meta/gc/common.c:543:10: warning: unused variable 'i' [-Wunused-variable]
:info:build   size_t i = 0, sz = MMC_MAX_OBJECT_SIZE_BYTES;
:info:build          ^
:info:build 4 warnings generated.
:info:build /usr/bin/clang -c -pipe -O2 -arch x86_64  -mfpmath=sse -Wall  -pedantic -I. -I./meta/ -I./meta/gc  -o meta/gc/roots.o meta/gc/roots.c -I./meta/ -I./util/
:info:build clang: warning: argument unused during compilation: '-mfpmath=sse'
:info:build In file included from meta/gc/roots.c:40:
:info:build In file included from ./util/modelica.h:98:
:info:build ./meta/meta_modelica.h:248:15: warning: array index of '1' indexes past the end of an array (that contains 1 elements) [-Warray-bounds]
:info:build   u.data[1] = MMC_REALDATA(p)[1];
:info:build               ^               ~
:info:build ./meta/meta_modelica.h:149:25: note: instantiated from:
:info:build #define MMC_REALDATA(x) (((struct mmc_real*)MMC_UNTAGPTR(x))->data)
:info:build                         ^
:info:build ./meta/meta_modelica.h:221:5: note: array 'data' declared here
:info:build     mmc_uint_t data[MMC_SIZE_DBL/MMC_SIZE_INT];
:info:build     ^
:info:build ./meta/meta_modelica.h:257:3: warning: array index of '1' indexes past the end of an array (that contains 1 elements) [-Warray-bounds]
:info:build   p->data[1] = u.data[1];
:info:build   ^       ~
:info:build ./meta/meta_modelica.h:221:5: note: array 'data' declared here
:info:build     mmc_uint_t data[MMC_SIZE_DBL/MMC_SIZE_INT];
:info:build     ^
:info:build 2 warnings generated.
:info:build /usr/bin/clang -c -pipe -O2 -arch x86_64  -mfpmath=sse -Wall  -pedantic -I. -I./meta/ -I./meta/gc  -o meta/gc/generational.o meta/gc/generational.c -I./meta/ -I./util/
:info:build clang: warning: argument unused during compilation: '-mfpmath=sse'
:info:build In file included from meta/gc/generational.c:73:
:info:build In file included from ./util/modelica.h:98:
:info:build ./meta/meta_modelica.h:248:15: warning: array index of '1' indexes past the end of an array (that contains 1 elements) [-Warray-bounds]
:info:build   u.data[1] = MMC_REALDATA(p)[1];
:info:build               ^               ~
:info:build ./meta/meta_modelica.h:149:25: note: instantiated from:
:info:build #define MMC_REALDATA(x) (((struct mmc_real*)MMC_UNTAGPTR(x))->data)
:info:build                         ^
:info:build ./meta/meta_modelica.h:221:5: note: array 'data' declared here
:info:build     mmc_uint_t data[MMC_SIZE_DBL/MMC_SIZE_INT];
:info:build     ^
:info:build ./meta/meta_modelica.h:257:3: warning: array index of '1' indexes past the end of an array (that contains 1 elements) [-Warray-bounds]
:info:build   p->data[1] = u.data[1];
:info:build   ^       ~
:info:build ./meta/meta_modelica.h:221:5: note: array 'data' declared here
:info:build     mmc_uint_t data[MMC_SIZE_DBL/MMC_SIZE_INT];
:info:build     ^
:info:build meta/gc/generational.c:238:47: warning: unused variable 'tmp' [-Wunused-variable]
:info:build   mmc_c_heap_region_t* current = mmc_c_heap, *tmp = NULL;
:info:build                                               ^
:info:build meta/gc/generational.c:468:16: warning: unused variable 'ctor' [-Wunused-variable]
:info:build     mmc_uint_t ctor = MMC_HDRCTOR(hdr);
:info:build                ^
:info:build meta/gc/generational.c:469:16: warning: unused variable 'start' [-Wunused-variable]
:info:build     mmc_uint_t start = 0;
:info:build                ^
:info:build 5 warnings generated.
:info:build /usr/bin/clang -c -pipe -O2 -arch x86_64  -mfpmath=sse -Wall  -pedantic -I. -I./meta/ -I./meta/gc  -o meta/gc/marksweep.o meta/gc/marksweep.c -I./meta/ -I./util/
:info:build clang: warning: argument unused during compilation: '-mfpmath=sse'
:info:build In file included from meta/gc/marksweep.c:42:
:info:build In file included from ./util/modelica.h:98:
:info:build ./meta/meta_modelica.h:248:15: warning: array index of '1' indexes past the end of an array (that contains 1 elements) [-Warray-bounds]
:info:build   u.data[1] = MMC_REALDATA(p)[1];
:info:build               ^               ~
:info:build ./meta/meta_modelica.h:149:25: note: instantiated from:
:info:build #define MMC_REALDATA(x) (((struct mmc_real*)MMC_UNTAGPTR(x))->data)
:info:build                         ^
:info:build ./meta/meta_modelica.h:221:5: note: array 'data' declared here
:info:build     mmc_uint_t data[MMC_SIZE_DBL/MMC_SIZE_INT];
:info:build     ^
:info:build ./meta/meta_modelica.h:257:3: warning: array index of '1' indexes past the end of an array (that contains 1 elements) [-Warray-bounds]
:info:build   p->data[1] = u.data[1];
:info:build   ^       ~
:info:build ./meta/meta_modelica.h:221:5: note: array 'data' declared here
:info:build     mmc_uint_t data[MMC_SIZE_DBL/MMC_SIZE_INT];
:info:build     ^
:info:build meta/gc/marksweep.c:636:12: warning: comparison of unsigned expression >= 0 is always true [-Wtautological-compare]
:info:build   if (diff >= 0 && diff < bytes)
:info:build       ~~~~ ^  ~
:info:build 3 warnings generated.
:info:build /usr/bin/clang -c -pipe -O2 -arch x86_64  -mfpmath=sse -Wall  -pedantic -I. -I./meta/ -I./meta/gc  -o util/base_array.o util/base_array.c -I./util/ -I./meta/
:info:build clang: warning: argument unused during compilation: '-mfpmath=sse'
:info:build /usr/bin/clang -c -pipe -O2 -arch x86_64  -mfpmath=sse -Wall  -pedantic -I. -I./meta/ -I./meta/gc  -o util/boolean_array.o util/boolean_array.c -I./util/ -I./meta/
:info:build clang: warning: argument unused during compilation: '-mfpmath=sse'
:info:build /usr/bin/clang -c -pipe -O2 -arch x86_64  -mfpmath=sse -Wall  -pedantic -I. -I./meta/ -I./meta/gc  -o util/omc_error.o util/omc_error.c -I./util/ -I./meta/
:info:build clang: warning: argument unused during compilation: '-mfpmath=sse'
:info:build /usr/bin/clang -c -pipe -O2 -arch x86_64  -mfpmath=sse -Wall  -pedantic -I. -I./meta/ -I./meta/gc  -o util/division.o util/division.c -I./util/ -I./meta/
:info:build clang: warning: argument unused during compilation: '-mfpmath=sse'
:info:build /usr/bin/clang -c -pipe -O2 -arch x86_64  -mfpmath=sse -Wall  -pedantic -I. -I./meta/ -I./meta/gc  -o util/index_spec.o util/index_spec.c -I./util/ -I./meta/
:info:build clang: warning: argument unused during compilation: '-mfpmath=sse'
:info:build /usr/bin/clang -c -pipe -O2 -arch x86_64  -mfpmath=sse -Wall  -pedantic -I. -I./meta/ -I./meta/gc  -o util/integer_array.o util/integer_array.c -I./util/ -I./meta/
:info:build clang: warning: argument unused during compilation: '-mfpmath=sse'
:info:build /usr/bin/clang -c -pipe -O2 -arch x86_64  -mfpmath=sse -Wall  -pedantic -I. -I./meta/ -I./meta/gc  -o util/java_interface.o util/java_interface.c -I./util/ -I./meta/
:info:build clang: warning: argument unused during compilation: '-mfpmath=sse'
:info:build In file included from util/java_interface.c:58:
:info:build In file included from ./util/java_interface.h:36:
:info:build ./meta/meta_modelica.h:248:15: warning: array index of '1' indexes past the end of an array (that contains 1 elements) [-Warray-bounds]
:info:build   u.data[1] = MMC_REALDATA(p)[1];
:info:build               ^               ~
:info:build ./meta/meta_modelica.h:149:25: note: instantiated from:
:info:build #define MMC_REALDATA(x) (((struct mmc_real*)MMC_UNTAGPTR(x))->data)
:info:build                         ^
:info:build ./meta/meta_modelica.h:221:5: note: array 'data' declared here
:info:build     mmc_uint_t data[MMC_SIZE_DBL/MMC_SIZE_INT];
:info:build     ^
:info:build ./meta/meta_modelica.h:257:3: warning: array index of '1' indexes past the end of an array (that contains 1 elements) [-Warray-bounds]
:info:build   p->data[1] = u.data[1];
:info:build   ^       ~
:info:build ./meta/meta_modelica.h:221:5: note: array 'data' declared here
:info:build     mmc_uint_t data[MMC_SIZE_DBL/MMC_SIZE_INT];
:info:build     ^
:info:build util/java_interface.c:297:20: warning: assigning to 'char *' from 'modelica_string_const' (aka 'const char *') discards qualifiers
:info:build   openmodelicahome = init_modelica_string(openmodelicahome);
:info:build                    ^ ~~~~~~~~~~~~~~~~~~~~~~~~~~~~~~~~~~~~~~
:info:build util/java_interface.c:779:7: warning: assigning to 'char *' from 'modelica_string_const' (aka 'const char *') discards qualifiers
:info:build   str = init_modelica_string(str_tmp);
:info:build       ^ ~~~~~~~~~~~~~~~~~~~~~~~~~~~~~
:info:build 4 warnings generated.
:info:build /usr/bin/clang -c -pipe -O2 -arch x86_64  -mfpmath=sse -Wall  -pedantic -I. -I./meta/ -I./meta/gc  -o util/list.o util/list.c -I./util/ -I./meta/
:info:build clang: warning: argument unused during compilation: '-mfpmath=sse'
:info:build /usr/bin/clang -c -pipe -O2 -arch x86_64  -mfpmath=sse -Wall  -pedantic -I. -I./meta/ -I./meta/gc  -o util/memory_pool.o util/memory_pool.c -I./util/ -I./meta/
:info:build clang: warning: argument unused during compilation: '-mfpmath=sse'
:info:build /usr/bin/clang -c -pipe -O2 -arch x86_64  -mfpmath=sse -Wall  -pedantic -I. -I./meta/ -I./meta/gc  -o util/modelica_string.o util/modelica_string.c -I./util/ -I./meta/
:info:build clang: warning: argument unused during compilation: '-mfpmath=sse'
:info:build /usr/bin/clang -c -pipe -O2 -arch x86_64  -mfpmath=sse -Wall  -pedantic -I. -I./meta/ -I./meta/gc  -o util/modelinfo.o util/modelinfo.c -I./util/ -I./meta/
:info:build clang: warning: argument unused during compilation: '-mfpmath=sse'
:info:build /usr/bin/clang -c -pipe -O2 -arch x86_64  -mfpmath=sse -Wall  -pedantic -I. -I./meta/ -I./meta/gc  -o util/read_write.o util/read_write.c -I./util/ -I./meta/
:info:build clang: warning: argument unused during compilation: '-mfpmath=sse'
:info:build In file included from util/read_write.c:42:
:info:build ./meta/meta_modelica.h:248:15: warning: array index of '1' indexes past the end of an array (that contains 1 elements) [-Warray-bounds]
:info:build   u.data[1] = MMC_REALDATA(p)[1];
:info:build               ^               ~
:info:build ./meta/meta_modelica.h:149:25: note: instantiated from:
:info:build #define MMC_REALDATA(x) (((struct mmc_real*)MMC_UNTAGPTR(x))->data)
:info:build                         ^
:info:build ./meta/meta_modelica.h:221:5: note: array 'data' declared here
:info:build     mmc_uint_t data[MMC_SIZE_DBL/MMC_SIZE_INT];
:info:build     ^
:info:build ./meta/meta_modelica.h:257:3: warning: array index of '1' indexes past the end of an array (that contains 1 elements) [-Warray-bounds]
:info:build   p->data[1] = u.data[1];
:info:build   ^       ~
:info:build ./meta/meta_modelica.h:221:5: note: array 'data' declared here
:info:build     mmc_uint_t data[MMC_SIZE_DBL/MMC_SIZE_INT];
:info:build     ^
:info:build 2 warnings generated.
:info:build /usr/bin/clang -c -pipe -O2 -arch x86_64  -mfpmath=sse -Wall  -pedantic -I. -I./meta/ -I./meta/gc  -o util/read_matlab4.o util/read_matlab4.c -I./util/ -I./meta/
:info:build clang: warning: argument unused during compilation: '-mfpmath=sse'
:info:build /usr/bin/clang -c -pipe -O2 -arch x86_64  -mfpmath=sse -Wall  -pedantic -I. -I./meta/ -I./meta/gc  -o util/real_array.o util/real_array.c -I./util/ -I./meta/
:info:build clang: warning: argument unused during compilation: '-mfpmath=sse'
:info:build /usr/bin/clang -c -pipe -O2 -arch x86_64  -mfpmath=sse -Wall  -pedantic -I. -I./meta/ -I./meta/gc  -o util/ringbuffer.o util/ringbuffer.c -I./util/ -I./meta/
:info:build clang: warning: argument unused during compilation: '-mfpmath=sse'
:info:build /usr/bin/clang -c -pipe -O2 -arch x86_64  -mfpmath=sse -Wall  -pedantic -I. -I./meta/ -I./meta/gc  -o util/rtclock.o util/rtclock.c -I./util/ -I./meta/
:info:build clang: warning: argument unused during compilation: '-mfpmath=sse'
:info:build util/rtclock.c:191:12: warning: unused variable 'nsec' [-Wunused-variable]
:info:build   uint64_t nsec;
:info:build            ^
:info:build 1 warning generated.
:info:build /usr/bin/clang -c -pipe -O2 -arch x86_64  -mfpmath=sse -Wall  -pedantic -I. -I./meta/ -I./meta/gc  -o util/string_array.o util/string_array.c -I./util/ -I./meta/
:info:build clang: warning: argument unused during compilation: '-mfpmath=sse'
:info:build /usr/bin/clang -c -pipe -O2 -arch x86_64  -mfpmath=sse -Wall  -pedantic -I. -I./meta/ -I./meta/gc  -o util/utility.o util/utility.c -I./util/ -I./meta/
:info:build clang: warning: argument unused during compilation: '-mfpmath=sse'
:info:build /usr/bin/clang -c -pipe -O2 -arch x86_64  -mfpmath=sse -Wall  -pedantic -I. -I./meta/ -I./meta/gc  -o util/varinfo.o util/varinfo.c -I./util/ -I./meta/
:info:build clang: warning: argument unused during compilation: '-mfpmath=sse'
:info:build /usr/bin/clang -c -pipe -O2 -arch x86_64  -mfpmath=sse -Wall  -pedantic -I. -I./meta/ -I./meta/gc  -o math-support/bigden.o math-support/bigden.c -I./math-support/ -I./util/
:info:build clang: warning: argument unused during compilation: '-mfpmath=sse'
:info:build /usr/bin/clang -c -pipe -O2 -arch x86_64  -mfpmath=sse -Wall  -pedantic -I. -I./meta/ -I./meta/gc  -o math-support/biglag.o math-support/biglag.c -I./math-support/ -I./util/
:info:build clang: warning: argument unused during compilation: '-mfpmath=sse'
:info:build /usr/bin/clang -c -pipe -O2 -arch x86_64  -mfpmath=sse -Wall  -pedantic -I. -I./meta/ -I./meta/gc  -o math-support/dgesv_aux.o math-support/dgesv_aux.c -I./math-support/ -I./util/
:info:build clang: warning: argument unused during compilation: '-mfpmath=sse'
:info:build /usr/bin/clang -c -pipe -O2 -arch x86_64  -mfpmath=sse -Wall  -pedantic -I. -I./meta/ -I./meta/gc  -o math-support/dogleg.o math-support/dogleg.c -I./math-support/ -I./util/
:info:build clang: warning: argument unused during compilation: '-mfpmath=sse'
:info:build /usr/bin/clang -c -pipe -O2 -arch x86_64  -mfpmath=sse -Wall  -pedantic -I. -I./meta/ -I./meta/gc  -o math-support/dpmpar.o math-support/dpmpar.c -I./math-support/ -I./util/
:info:build clang: warning: argument unused during compilation: '-mfpmath=sse'
:info:build /usr/bin/clang -c -pipe -O2 -arch x86_64  -mfpmath=sse -Wall  -pedantic -I. -I./meta/ -I./meta/gc  -o math-support/enorm.o math-support/enorm.c -I./math-support/ -I./util/
:info:build clang: warning: argument unused during compilation: '-mfpmath=sse'
:info:build /usr/bin/clang -c -pipe -O2 -arch x86_64  -mfpmath=sse -Wall  -pedantic -I. -I./meta/ -I./meta/gc  -o math-support/fdjac1.o math-support/fdjac1.c -I./math-support/ -I./util/
:info:build clang: warning: argument unused during compilation: '-mfpmath=sse'
:info:build /usr/bin/clang -c -pipe -O2 -arch x86_64  -mfpmath=sse -Wall  -pedantic -I. -I./meta/ -I./meta/gc  -o math-support/hybrd.o math-support/hybrd.c -I./math-support/ -I./util/
:info:build clang: warning: argument unused during compilation: '-mfpmath=sse'
:info:build /usr/bin/clang -c -pipe -O2 -arch x86_64  -mfpmath=sse -Wall  -pedantic -I. -I./meta/ -I./meta/gc  -o math-support/hybrd1.o math-support/hybrd1.c -I./math-support/ -I./util/
:info:build clang: warning: argument unused during compilation: '-mfpmath=sse'
:info:build /usr/bin/clang -c -pipe -O2 -arch x86_64  -mfpmath=sse -Wall  -pedantic -I. -I./meta/ -I./meta/gc  -o math-support/hybrj.o math-support/hybrj.c -I./math-support/ -I./util/
:info:build clang: warning: argument unused during compilation: '-mfpmath=sse'
:info:build /usr/bin/clang -c -pipe -O2 -arch x86_64  -mfpmath=sse -Wall  -pedantic -I. -I./meta/ -I./meta/gc  -o math-support/lsame.o math-support/lsame.c -I./math-support/ -I./util/
:info:build clang: warning: argument unused during compilation: '-mfpmath=sse'
:info:build /usr/bin/clang -c -pipe -O2 -arch x86_64  -mfpmath=sse -Wall  -pedantic -I. -I./meta/ -I./meta/gc  -o math-support/nelmead.o math-support/nelmead.c -I./math-support/ -I./util/
:info:build clang: warning: argument unused during compilation: '-mfpmath=sse'
:info:build /usr/bin/clang -c -pipe -O2 -arch x86_64  -mfpmath=sse -Wall  -pedantic -I. -I./meta/ -I./meta/gc  -o math-support/newuoa.o math-support/newuoa.c -I./math-support/ -I./util/
:info:build clang: warning: argument unused during compilation: '-mfpmath=sse'
:info:build /usr/bin/clang -c -pipe -O2 -arch x86_64  -mfpmath=sse -Wall  -pedantic -I. -I./meta/ -I./meta/gc  -o math-support/newuob.o math-support/newuob.c -I./math-support/ -I./util/
:info:build clang: warning: argument unused during compilation: '-mfpmath=sse'
:info:build /usr/bin/clang -c -pipe -O2 -arch x86_64  -mfpmath=sse -Wall  -pedantic -I. -I./meta/ -I./meta/gc  -o math-support/qform.o math-support/qform.c -I./math-support/ -I./util/
:info:build clang: warning: argument unused during compilation: '-mfpmath=sse'
:info:build /usr/bin/clang -c -pipe -O2 -arch x86_64  -mfpmath=sse -Wall  -pedantic -I. -I./meta/ -I./meta/gc  -o math-support/qrfac.o math-support/qrfac.c -I./math-support/ -I./util/
:info:build clang: warning: argument unused during compilation: '-mfpmath=sse'
:info:build /usr/bin/clang -c -pipe -O2 -arch x86_64  -mfpmath=sse -Wall  -pedantic -I. -I./meta/ -I./meta/gc  -o math-support/r1mpyq.o math-support/r1mpyq.c -I./math-support/ -I./util/
:info:build clang: warning: argument unused during compilation: '-mfpmath=sse'
:info:build /usr/bin/clang -c -pipe -O2 -arch x86_64  -mfpmath=sse -Wall  -pedantic -I. -I./meta/ -I./meta/gc  -o math-support/r1updt.o math-support/r1updt.c -I./math-support/ -I./util/
:info:build clang: warning: argument unused during compilation: '-mfpmath=sse'
:info:build /usr/bin/clang -c -pipe -O2 -arch x86_64  -mfpmath=sse -Wall  -pedantic -I. -I./meta/ -I./meta/gc  -o math-support/trsapp.o math-support/trsapp.c -I./math-support/ -I./util/
:info:build clang: warning: argument unused during compilation: '-mfpmath=sse'
:info:build /usr/bin/clang -c -pipe -O2 -arch x86_64  -mfpmath=sse -Wall  -pedantic -I. -I./meta/ -I./meta/gc  -o math-support/update.o math-support/update.c -I./math-support/ -I./util/
:info:build clang: warning: argument unused during compilation: '-mfpmath=sse'
:info:build /usr/bin/clang -c -pipe -O2 -arch x86_64  -mfpmath=sse -Wall  -pedantic -I. -I./meta/ -I./meta/gc  -o simulation/solver/daux.o simulation/solver/daux.c -I./simulation/solver/ -I./simulation/ -I./math-support/ -I./util/
:info:build clang: warning: argument unused during compilation: '-mfpmath=sse'
:info:build /usr/bin/clang -c -pipe -O2 -arch x86_64  -mfpmath=sse -Wall  -pedantic -I. -I./meta/ -I./meta/gc  -o simulation/solver/ddasrt.o simulation/solver/ddasrt.c -I./simulation/solver/ -I./simulation/ -I./math-support/ -I./util/
:info:build clang: warning: argument unused during compilation: '-mfpmath=sse'
:info:build /usr/bin/clang -c -pipe -O2 -arch x86_64  -mfpmath=sse -Wall  -pedantic -I. -I./meta/ -I./meta/gc  -o simulation/solver/ddassl.o simulation/solver/ddassl.c -I./simulation/solver/ -I./simulation/ -I./math-support/ -I./util/
:info:build clang: warning: argument unused during compilation: '-mfpmath=sse'
:info:build /usr/bin/clang -c -pipe -O2 -arch x86_64  -mfpmath=sse -Wall  -pedantic -I. -I./meta/ -I./meta/gc  -o simulation/solver/dassl.o simulation/solver/dassl.c -I./simulation/solver/ -I./simulation/ -I./math-support/ -I./util/
:info:build clang: warning: argument unused during compilation: '-mfpmath=sse'
:info:build /usr/bin/clang -c -pipe -O2 -arch x86_64  -mfpmath=sse -Wall  -pedantic -I. -I./meta/ -I./meta/gc  -o simulation/solver/delay.o simulation/solver/delay.c -I./simulation/solver/ -I./simulation/ -I./math-support/ -I./util/
:info:build clang: warning: argument unused during compilation: '-mfpmath=sse'
:info:build /usr/bin/clang -c -pipe -O2 -arch x86_64  -mfpmath=sse -Wall  -pedantic -I. -I./meta/ -I./meta/gc  -o simulation/solver/dlamch.o simulation/solver/dlamch.c -I./simulation/solver/ -I./simulation/ -I./math-support/ -I./util/
:info:build clang: warning: argument unused during compilation: '-mfpmath=sse'
:info:build /usr/bin/clang -c -pipe -O2 -arch x86_64  -mfpmath=sse -Wall  -pedantic -I. -I./meta/ -I./meta/gc  -o simulation/solver/dlinpk.o simulation/solver/dlinpk.c -I./simulation/solver/ -I./simulation/ -I./math-support/ -I./util/
:info:build clang: warning: argument unused during compilation: '-mfpmath=sse'
:info:build /usr/bin/clang -c -pipe -O2 -arch x86_64  -mfpmath=sse -Wall  -pedantic -I. -I./meta/ -I./meta/gc  -o simulation/solver/events.o simulation/solver/events.c -I./simulation/solver/ -I./simulation/ -I./math-support/ -I./util/
:info:build clang: warning: argument unused during compilation: '-mfpmath=sse'
:info:build /usr/bin/clang -c -pipe -O2 -arch x86_64  -mfpmath=sse -Wall  -pedantic -I. -I./meta/ -I./meta/gc  -o simulation/solver/initialization.o simulation/solver/initialization.c -I./simulation/solver/ -I./simulation/ -I./math-support/ -I./util/
:info:build clang: warning: argument unused during compilation: '-mfpmath=sse'
:info:build /usr/bin/clang -c -pipe -O2 -arch x86_64  -mfpmath=sse -Wall  -pedantic -I. -I./meta/ -I./meta/gc  -o simulation/solver/initialization_data.o simulation/solver/initialization_data.c -I./simulation/solver/ -I./simulation/ -I./math-support/ -I./util/
:info:build clang: warning: argument unused during compilation: '-mfpmath=sse'
:info:build /usr/bin/clang -c -pipe -O2 -arch x86_64  -mfpmath=sse -Wall  -pedantic -I. -I./meta/ -I./meta/gc  -o simulation/solver/ipopt_initialization.o simulation/solver/ipopt_initialization.c -I./simulation/solver/ -I./simulation/ -I./math-support/ -I./util/
:info:build clang: warning: argument unused during compilation: '-mfpmath=sse'
:info:build /usr/bin/clang -c -pipe -O2 -arch x86_64  -mfpmath=sse -Wall  -pedantic -I. -I./meta/ -I./meta/gc  -o simulation/solver/model_help.o simulation/solver/model_help.c -I./simulation/solver/ -I./simulation/ -I./math-support/ -I./util/
:info:build clang: warning: argument unused during compilation: '-mfpmath=sse'
:info:build /usr/bin/clang -c -pipe -O2 -arch x86_64  -mfpmath=sse -Wall  -pedantic -I. -I./meta/ -I./meta/gc  -o simulation/solver/solver_main.o simulation/solver/solver_main.c -I./simulation/solver/ -I./simulation/ -I./math-support/ -I./util/
:info:build clang: warning: argument unused during compilation: '-mfpmath=sse'
:info:build simulation/solver/solver_main.c:629:31: warning: conversion specifies type 'int' but the argument has type 'modelica_integer' (aka 'long') [-Wformat]
:info:build         fprintf(stdout, ",%s=%i", p, (data->localData[0])->integerVars[i]);
:info:build                              ~^      ~~~~~~~~~~~~~~~~~~~~~~~~~~~~~~~~~~~~
:info:build                              %ld
:info:build simulation/solver/solver_main.c:629:31: warning: conversion specifies type 'int' but the argument has type 'modelica_integer' (aka 'long') [-Wformat]
:info:build         fprintf(stdout, ",%s=%i", p, (data->localData[0])->integerVars[i]);
:info:build                              ~^      ~~~~~~~~~~~~~~~~~~~~~~~~~~~~~~~~~~~~
:info:build                              %ld
:info:build simulation/solver/solver_main.c:649:33: warning: conversion specifies type 'int' but the argument has type 'modelica_integer' (aka 'long') [-Wformat]
:info:build           fprintf(stdout, ",%s=%i", p, -(data->localData[0])->integerVars[data->modelData.integerAlias[i].nameID]);
:info:build                                ~^      ~~~~~~~~~~~~~~~~~~~~~~~~~~~~~~~~~~~~~~~~~~~~~~~~~~~~~~~~~~~~~~~~~~~~~~~~~~
:info:build                                %ld
:info:build simulation/solver/solver_main.c:649:33: warning: conversion specifies type 'int' but the argument has type 'modelica_integer' (aka 'long') [-Wformat]
:info:build           fprintf(stdout, ",%s=%i", p, -(data->localData[0])->integerVars[data->modelData.integerAlias[i].nameID]);
:info:build                                ~^      ~~~~~~~~~~~~~~~~~~~~~~~~~~~~~~~~~~~~~~~~~~~~~~~~~~~~~~~~~~~~~~~~~~~~~~~~~~
:info:build                                %ld
:info:build simulation/solver/solver_main.c:651:33: warning: conversion specifies type 'int' but the argument has type 'modelica_integer' (aka 'long') [-Wformat]
:info:build           fprintf(stdout, ",%s=%i", p, (data->localData[0])->integerVars[data->modelData.integerAlias[i].nameID]);
:info:build                                ~^      ~~~~~~~~~~~~~~~~~~~~~~~~~~~~~~~~~~~~~~~~~~~~~~~~~~~~~~~~~~~~~~~~~~~~~~~~~
:info:build                                %ld
:info:build simulation/solver/solver_main.c:651:33: warning: conversion specifies type 'int' but the argument has type 'modelica_integer' (aka 'long') [-Wformat]
:info:build           fprintf(stdout, ",%s=%i", p, (data->localData[0])->integerVars[data->modelData.integerAlias[i].nameID]);
:info:build                                ~^      ~~~~~~~~~~~~~~~~~~~~~~~~~~~~~~~~~~~~~~~~~~~~~~~~~~~~~~~~~~~~~~~~~~~~~~~~~
:info:build                                %ld
:info:build simulation/solver/solver_main.c:672:31: warning: conversion specifies type 'int' but the argument has type 'modelica_integer' (aka 'long') [-Wformat]
:info:build         fprintf(stdout, ",%s=%i", p, data->modelData.integerParameterData[i].attribute.initial);
:info:build                              ~^      ~~~~~~~~~~~~~~~~~~~~~~~~~~~~~~~~~~~~~~~~~~~~~~~~~~~~~~~~~
:info:build                              %ld
:info:build simulation/solver/solver_main.c:672:31: warning: conversion specifies type 'int' but the argument has type 'modelica_integer' (aka 'long') [-Wformat]
:info:build         fprintf(stdout, ",%s=%i", p, data->modelData.integerParameterData[i].attribute.initial);
:info:build                              ~^      ~~~~~~~~~~~~~~~~~~~~~~~~~~~~~~~~~~~~~~~~~~~~~~~~~~~~~~~~~
:info:build                              %ld
:info:build simulation/solver/solver_main.c:686:1: warning: control reaches end of non-void function [-Wreturn-type]
:info:build }
:info:build ^
:info:build 9 warnings generated.
:info:build /usr/bin/clang -c -pipe -O2 -arch x86_64  -mfpmath=sse -Wall  -pedantic -I. -I./meta/ -I./meta/gc  -o simulation/solver/kinsol_initialization.o simulation/solver/kinsol_initialization.c -I./simulation/solver/ -I./simulation/ -I./math-support/ -I./util/
:info:build clang: warning: argument unused during compilation: '-mfpmath=sse'
:info:build /usr/bin/clang -c -pipe -O2 -arch x86_64  -mfpmath=sse -Wall  -pedantic -I. -I./meta/ -I./meta/gc  -o simulation/solver/newuoa_initialization.o simulation/solver/newuoa_initialization.c -I./simulation/solver/ -I./simulation/ -I./math-support/ -I./util/
:info:build clang: warning: argument unused during compilation: '-mfpmath=sse'
:info:build /usr/bin/clang -c -pipe -O2 -arch x86_64  -mfpmath=sse -Wall  -pedantic -I. -I./meta/ -I./meta/gc  -o simulation/solver/simplex_initialization.o simulation/solver/simplex_initialization.c -I./simulation/solver/ -I./simulation/ -I./math-support/ -I./util/
:info:build clang: warning: argument unused during compilation: '-mfpmath=sse'
:info:build /usr/bin/clang -c -pipe -O2 -arch x86_64  -mfpmath=sse -Wall  -pedantic -I. -I./meta/ -I./meta/gc  -o simulation/solver/nelderMeadEx_initialization.o simulation/solver/nelderMeadEx_initialization.c -I./simulation/solver/ -I./simulation/ -I./math-support/ -I./util/
:info:build clang: warning: argument unused during compilation: '-mfpmath=sse'
:info:build /usr/bin/clang++ -pipe -O2 -arch x86_64  -mfpmath=sse -Wall   -I. -I./util/ -pipe -O2 -arch x86_64  -mfpmath=sse -Wall   -I. -I./util/  -c -o simulation/results/read_csv.o simulation/results/read_csv.cpp
:info:build clang: warning: argument unused during compilation: '-mfpmath=sse'
:info:build clang: warning: argument unused during compilation: '-mfpmath=sse'
:info:build /usr/bin/clang++ -pipe -O2 -arch x86_64  -mfpmath=sse -Wall   -I. -I./util/ -pipe -O2 -arch x86_64  -mfpmath=sse -Wall   -I. -I./util/  -c -o simulation/results/simulation_result_csv.o simulation/results/simulation_result_csv.cpp
:info:build clang: warning: argument unused during compilation: '-mfpmath=sse'
:info:build clang: warning: argument unused during compilation: '-mfpmath=sse'
:info:build /usr/bin/clang++ -pipe -O2 -arch x86_64  -mfpmath=sse -Wall   -I. -I./util/ -pipe -O2 -arch x86_64  -mfpmath=sse -Wall   -I. -I./util/  -c -o simulation/results/simulation_result_mat.o simulation/results/simulation_result_mat.cpp
:info:build clang: warning: argument unused during compilation: '-mfpmath=sse'
:info:build clang: warning: argument unused during compilation: '-mfpmath=sse'
:info:build /usr/bin/clang++ -pipe -O2 -arch x86_64  -mfpmath=sse -Wall   -I. -I./util/ -pipe -O2 -arch x86_64  -mfpmath=sse -Wall   -I. -I./util/  -c -o simulation/results/simulation_result_plt.o simulation/results/simulation_result_plt.cpp
:info:build clang: warning: argument unused during compilation: '-mfpmath=sse'
:info:build clang: warning: argument unused during compilation: '-mfpmath=sse'
:info:build /usr/bin/clang++ -c -pipe -O2 -arch x86_64  -mfpmath=sse -Wall   -I. -I./util/ -o simulation/options.o simulation/options.cpp -I./simulation/ -I./util/ -I./math-support/ -I./simulation/results/ -I./simulation/solver/ -Ilinearization/
:info:build clang: warning: argument unused during compilation: '-mfpmath=sse'
:info:build /usr/bin/clang++ -c -pipe -O2 -arch x86_64  -mfpmath=sse -Wall   -I. -I./util/ -o simulation/simulation_input_xml.o simulation/simulation_input_xml.cpp -I./simulation/ -I./util/ -I./math-support/ -I./simulation/results/ -I./simulation/solver/ -Ilinearization/
:info:build clang: warning: argument unused during compilation: '-mfpmath=sse'
:info:build In file included from simulation/simulation_input_xml.cpp:43:
:info:build In file included from ./simulation/simulation_input_xml.h:42:
:info:build In file included from ./simulation/simulation_runtime.h:51:
:info:build linearization/linearize.h:37:17: warning: using directive refers to implicitly-defined namespace 'std'
:info:build using namespace std;
:info:build                 ^
:info:build touch build/lib/omlibrary/stamp
:info:build /usr/bin/make -C OMPlot/OMPlotGUI -f Makefile.unix
:info:build make[1]: Entering directory `/opt/local/var/macports/build/_opt_local_var_macports_sources_build.openmodelica.org_macports_lang_openmodelica-devel/openmodelica-devel/work/openmodelica_12369/OMPlot/OMPlotGUI'
:info:build sh /opt/local/var/macports/build/_opt_local_var_macports_sources_build.openmodelica.org_macports_lang_openmodelica-devel/openmodelica-devel/work/openmodelica_12369/qmake.sh
:info:build 1 warning generated.
:info:build /usr/bin/clang++ -c -pipe -O2 -arch x86_64  -mfpmath=sse -Wall   -I. -I./util/ -o simulation/simulation_runtime.o simulation/simulation_runtime.cpp -I./simulation/ -I./util/ -I./math-support/ -I./simulation/results/ -I./simulation/solver/ -Ilinearization/
:info:build clang: warning: argument unused during compilation: '-mfpmath=sse'
:info:build sh /opt/local/var/macports/build/_opt_local_var_macports_sources_build.openmodelica.org_macports_lang_openmodelica-devel/openmodelica-devel/work/openmodelica_12369/qmake.sh OMPlotLib.pro -o Makefile.lib
:info:build /usr/bin/make -f Makefile.lib
:info:build /usr/bin/clang++ -c -pipe -O2 -arch x86_64  -mfpmath=sse -Wall   -I. -I./util/ -o simulation/../linearization/linearize.o simulation/../linearization/linearize.cpp -I./simulation/ -I./util/ -I./math-support/ -I./simulation/results/ -I./simulation/solver/ -Ilinearization/
:info:build clang: warning: argument unused during compilation: '-mfpmath=sse'
:info:build make[2]: Entering directory `/opt/local/var/macports/build/_opt_local_var_macports_sources_build.openmodelica.org_macports_lang_openmodelica-devel/openmodelica-devel/work/openmodelica_12369/OMPlot/OMPlotGUI'
:info:build /usr/bin/clang++ -c -pipe -O2  -Xarch_x86_64 -mmacosx-version-min=10.7 -w -fPIC -DQT_NO_DEBUG -DQT_GUI_LIB -DQT_CORE_LIB -DQT_SHARED -I/opt/local/share/qt4/mkspecs/macx-g++ -I. -I../generatedfiles/moc -I/opt/local/include/qwt -I. -I/opt/local/include/QtGui -I/opt/local/include/QtCore -I/opt/local/include -o main.o main.cpp
:info:build In file included from simulation/../linearization/linearize.cpp:34:
:info:build linearization/linearize.h:37:17: warning: using directive refers to implicitly-defined namespace 'std'
:info:build using namespace std;
:info:build                 ^
:info:build 1 warning generated.
:info:build /usr/bin/clang -c -pipe -O2 -arch x86_64  -mfpmath=sse -Wall  -pedantic -I. -I./meta/ -I./meta/gc  -o meta/meta_modelica_catch.o meta/meta_modelica_catch.c -g
:info:build clang: warning: argument unused during compilation: '-mfpmath=sse'
:info:build /usr/bin/make -C simulation/libf2c -f Makefile
:info:build make[2]: Entering directory `/opt/local/var/macports/build/_opt_local_var_macports_sources_build.openmodelica.org_macports_lang_openmodelica-devel/openmodelica-devel/work/openmodelica_12369/SimulationRuntime/c/simulation/libf2c'
:info:build cp signal1.h0 signal1.h
:info:build cp sysdep1.h0 sysdep1.h
:info:build /usr/bin/clang -c f77vers.c
:info:build /usr/bin/clang -c i77vers.c
:info:build /usr/bin/clang -pipe -O2 -arch x86_64 -I/opt/local/include -DSkip_f2c_Undefs  -c -o s_rnge.o s_rnge.c
:info:build /usr/bin/clang -pipe -O2 -arch x86_64 -I/opt/local/include -DSkip_f2c_Undefs  -c -o abort_.o abort_.c
:info:build /usr/bin/clang -pipe -O2 -arch x86_64 -I/opt/local/include -DSkip_f2c_Undefs  -c -o exit_.o exit_.c
:info:build /usr/bin/clang -pipe -O2 -arch x86_64 -I/opt/local/include -DSkip_f2c_Undefs  -c -o getarg_.o getarg_.c
:info:build /usr/bin/clang -pipe -O2 -arch x86_64 -I/opt/local/include -DSkip_f2c_Undefs  -c -o iargc_.o iargc_.c
:info:build /usr/bin/clang -pipe -O2 -arch x86_64 -I/opt/local/include -DSkip_f2c_Undefs  -c -o getenv_.o getenv_.c
:info:build /usr/bin/clang -pipe -O2 -arch x86_64 -I/opt/local/include -DSkip_f2c_Undefs  -c -o signal_.o signal_.c
:info:build /usr/bin/clang -pipe -O2 -arch x86_64 -I/opt/local/include -DSkip_f2c_Undefs  -c -o s_stop.o s_stop.c
:info:build /usr/bin/clang -pipe -O2 -arch x86_64 -I/opt/local/include -DSkip_f2c_Undefs  -c -o s_paus.o s_paus.c
:info:build /usr/bin/clang -pipe -O2 -arch x86_64 -I/opt/local/include -DSkip_f2c_Undefs  -c -o system_.o system_.c
:info:build /usr/bin/clang -pipe -O2 -arch x86_64 -I/opt/local/include -DSkip_f2c_Undefs  -c -o cabs.o cabs.c
:info:build /usr/bin/clang -pipe -O2 -arch x86_64 -I/opt/local/include -DSkip_f2c_Undefs  -c -o derf_.o derf_.c
:info:build /usr/bin/clang -pipe -O2 -arch x86_64 -I/opt/local/include -DSkip_f2c_Undefs  -c -o derfc_.o derfc_.c
:info:build /usr/bin/clang -pipe -O2 -arch x86_64 -I/opt/local/include -DSkip_f2c_Undefs  -c -o erf_.o erf_.c
:info:build /usr/bin/clang -pipe -O2 -arch x86_64 -I/opt/local/include -DSkip_f2c_Undefs  -c -o erfc_.o erfc_.c
:info:build /usr/bin/clang -pipe -O2 -arch x86_64 -I/opt/local/include -DSkip_f2c_Undefs  -c -o sig_die.o sig_die.c
:info:build /usr/bin/clang -pipe -O2 -arch x86_64 -DNO_FPINIT arithchk.c -lm -o a.exe || \
:info:build 	 /usr/bin/clang -DNO_LONG_LONG -pipe -O2 -arch x86_64 -DNO_FPINIT arithchk.c -lm -o a.exe
:info:build arithchk.c:125:18: warning: format string is not a string literal (potentially insecure) [-Wformat-security]
:info:build   Cray1 = printf(emptyfmt) < 0 ? 0 : 4617762;
:info:build                  ^~~~~~~~
:info:build arithchk.c:125:18: warning: format string is not a string literal (potentially insecure) [-Wformat-security]
:info:build   Cray1 = printf(emptyfmt) < 0 ? 0 : 4617762;
:info:build                  ^~~~~~~~
:info:build arithchk.c:169:1: warning: type specifier missing, defaults to 'int' [-Wimplicit-int]
:info:build main()
:info:build ^~~~
:info:build 3 warnings generated.
:info:build ./a.exe >arith.h
:info:build rm -f a.exe arithchk.o
:info:build /usr/bin/clang -pipe -O2 -arch x86_64 -I/opt/local/include -DSkip_f2c_Undefs  -c -o pow_ci.o pow_ci.c
:info:build /usr/bin/clang -pipe -O2 -arch x86_64 -I/opt/local/include -DSkip_f2c_Undefs  -c -o pow_dd.o pow_dd.c
:info:build /usr/bin/clang -pipe -O2 -arch x86_64 -I/opt/local/include -DSkip_f2c_Undefs  -c -o pow_di.o pow_di.c
:info:build /usr/bin/clang -pipe -O2 -arch x86_64 -I/opt/local/include -DSkip_f2c_Undefs  -c -o pow_hh.o pow_hh.c
:info:build /usr/bin/clang -pipe -O2 -arch x86_64 -I/opt/local/include -DSkip_f2c_Undefs  -c -o pow_ii.o pow_ii.c
:info:build /usr/bin/clang -pipe -O2 -arch x86_64 -I/opt/local/include -DSkip_f2c_Undefs  -c -o pow_ri.o pow_ri.c
:info:build /usr/bin/clang -pipe -O2 -arch x86_64 -I/opt/local/include -DSkip_f2c_Undefs  -c -o pow_zi.o pow_zi.c
:info:build /usr/bin/clang -pipe -O2 -arch x86_64 -I/opt/local/include -DSkip_f2c_Undefs  -c -o pow_zz.o pow_zz.c
:info:build /usr/bin/clang -pipe -O2 -arch x86_64 -I/opt/local/include -DSkip_f2c_Undefs  -c -o c_abs.o c_abs.c
:info:build /usr/bin/clang -pipe -O2 -arch x86_64 -I/opt/local/include -DSkip_f2c_Undefs  -c -o c_cos.o c_cos.c
:info:build /usr/bin/clang -pipe -O2 -arch x86_64 -I/opt/local/include -DSkip_f2c_Undefs  -c -o c_div.o c_div.c
:info:build /usr/bin/clang -pipe -O2 -arch x86_64 -I/opt/local/include -DSkip_f2c_Undefs  -c -o c_exp.o c_exp.c
:info:build /usr/bin/clang -pipe -O2 -arch x86_64 -I/opt/local/include -DSkip_f2c_Undefs  -c -o c_log.o c_log.c
:info:build /usr/bin/clang -pipe -O2 -arch x86_64 -I/opt/local/include -DSkip_f2c_Undefs  -c -o c_sin.o c_sin.c
:info:build /usr/bin/clang -pipe -O2 -arch x86_64 -I/opt/local/include -DSkip_f2c_Undefs  -c -o c_sqrt.o c_sqrt.c
:info:build /usr/bin/clang -pipe -O2 -arch x86_64 -I/opt/local/include -DSkip_f2c_Undefs  -c -o z_abs.o z_abs.c
:info:build /usr/bin/clang -pipe -O2 -arch x86_64 -I/opt/local/include -DSkip_f2c_Undefs  -c -o z_cos.o z_cos.c
:info:build /usr/bin/clang -pipe -O2 -arch x86_64 -I/opt/local/include -DSkip_f2c_Undefs  -c -o z_div.o z_div.c
:info:build /usr/bin/clang -pipe -O2 -arch x86_64 -I/opt/local/include -DSkip_f2c_Undefs  -c -o z_exp.o z_exp.c
:info:build /usr/bin/clang -pipe -O2 -arch x86_64 -I/opt/local/include -DSkip_f2c_Undefs  -c -o z_log.o z_log.c
:info:build /usr/bin/clang -pipe -O2 -arch x86_64 -I/opt/local/include -DSkip_f2c_Undefs  -c -o z_sin.o z_sin.c
:info:build /usr/bin/clang -pipe -O2 -arch x86_64 -I/opt/local/include -DSkip_f2c_Undefs  -c -o z_sqrt.o z_sqrt.c
:info:build /usr/bin/clang -pipe -O2 -arch x86_64 -I/opt/local/include -DSkip_f2c_Undefs  -c -o r_abs.o r_abs.c
:info:build /usr/bin/clang -pipe -O2 -arch x86_64 -I/opt/local/include -DSkip_f2c_Undefs  -c -o r_acos.o r_acos.c
:info:build /usr/bin/clang -pipe -O2 -arch x86_64 -I/opt/local/include -DSkip_f2c_Undefs  -c -o r_asin.o r_asin.c
:info:build /usr/bin/clang -pipe -O2 -arch x86_64 -I/opt/local/include -DSkip_f2c_Undefs  -c -o r_atan.o r_atan.c
:info:build /usr/bin/clang -pipe -O2 -arch x86_64 -I/opt/local/include -DSkip_f2c_Undefs  -c -o r_atn2.o r_atn2.c
:info:build /usr/bin/clang -pipe -O2 -arch x86_64 -I/opt/local/include -DSkip_f2c_Undefs  -c -o r_cnjg.o r_cnjg.c
:info:build /usr/bin/clang -pipe -O2 -arch x86_64 -I/opt/local/include -DSkip_f2c_Undefs  -c -o r_cos.o r_cos.c
:info:build /usr/bin/clang -pipe -O2 -arch x86_64 -I/opt/local/include -DSkip_f2c_Undefs  -c -o r_cosh.o r_cosh.c
:info:build /usr/bin/clang -pipe -O2 -arch x86_64 -I/opt/local/include -DSkip_f2c_Undefs  -c -o r_dim.o r_dim.c
:info:build /usr/bin/clang -pipe -O2 -arch x86_64 -I/opt/local/include -DSkip_f2c_Undefs  -c -o r_exp.o r_exp.c
:info:build /usr/bin/clang -pipe -O2 -arch x86_64 -I/opt/local/include -DSkip_f2c_Undefs  -c -o r_imag.o r_imag.c
:info:build /usr/bin/clang -pipe -O2 -arch x86_64 -I/opt/local/include -DSkip_f2c_Undefs  -c -o r_int.o r_int.c
:info:build /usr/bin/clang -pipe -O2 -arch x86_64 -I/opt/local/include -DSkip_f2c_Undefs  -c -o r_lg10.o r_lg10.c
:info:build /usr/bin/clang -pipe -O2 -arch x86_64 -I/opt/local/include -DSkip_f2c_Undefs  -c -o r_log.o r_log.c
:info:build /usr/bin/clang -pipe -O2 -arch x86_64 -I/opt/local/include -DSkip_f2c_Undefs  -c -o r_mod.o r_mod.c
:info:build /usr/bin/clang -pipe -O2 -arch x86_64 -I/opt/local/include -DSkip_f2c_Undefs  -c -o r_nint.o r_nint.c
:info:build /usr/bin/clang -pipe -O2 -arch x86_64 -I/opt/local/include -DSkip_f2c_Undefs  -c -o r_sign.o r_sign.c
:info:build /usr/bin/clang -pipe -O2 -arch x86_64 -I/opt/local/include -DSkip_f2c_Undefs  -c -o r_sin.o r_sin.c
:info:build /usr/bin/clang -pipe -O2 -arch x86_64 -I/opt/local/include -DSkip_f2c_Undefs  -c -o r_sinh.o r_sinh.c
:info:build /usr/bin/clang -pipe -O2 -arch x86_64 -I/opt/local/include -DSkip_f2c_Undefs  -c -o r_sqrt.o r_sqrt.c
:info:build /usr/bin/clang -pipe -O2 -arch x86_64 -I/opt/local/include -DSkip_f2c_Undefs  -c -o r_tan.o r_tan.c
:info:build /usr/bin/clang -pipe -O2 -arch x86_64 -I/opt/local/include -DSkip_f2c_Undefs  -c -o r_tanh.o r_tanh.c
:info:build /usr/bin/clang -pipe -O2 -arch x86_64 -I/opt/local/include -DSkip_f2c_Undefs  -c -o d_abs.o d_abs.c
:info:build /usr/bin/clang -pipe -O2 -arch x86_64 -I/opt/local/include -DSkip_f2c_Undefs  -c -o d_acos.o d_acos.c
:info:build /usr/bin/clang -pipe -O2 -arch x86_64 -I/opt/local/include -DSkip_f2c_Undefs  -c -o d_asin.o d_asin.c
:info:build /usr/bin/clang -pipe -O2 -arch x86_64 -I/opt/local/include -DSkip_f2c_Undefs  -c -o d_atan.o d_atan.c
:info:build /usr/bin/clang -pipe -O2 -arch x86_64 -I/opt/local/include -DSkip_f2c_Undefs  -c -o d_atn2.o d_atn2.c
:info:build /usr/bin/clang -pipe -O2 -arch x86_64 -I/opt/local/include -DSkip_f2c_Undefs  -c -o d_cnjg.o d_cnjg.c
:info:build /usr/bin/clang -pipe -O2 -arch x86_64 -I/opt/local/include -DSkip_f2c_Undefs  -c -o d_cos.o d_cos.c
:info:build /usr/bin/clang -pipe -O2 -arch x86_64 -I/opt/local/include -DSkip_f2c_Undefs  -c -o d_cosh.o d_cosh.c
:info:build /usr/bin/clang -pipe -O2 -arch x86_64 -I/opt/local/include -DSkip_f2c_Undefs  -c -o d_dim.o d_dim.c
:info:build /usr/bin/clang -pipe -O2 -arch x86_64 -I/opt/local/include -DSkip_f2c_Undefs  -c -o d_exp.o d_exp.c
:info:build /usr/bin/clang -pipe -O2 -arch x86_64 -I/opt/local/include -DSkip_f2c_Undefs  -c -o d_imag.o d_imag.c
:info:build /usr/bin/clang -pipe -O2 -arch x86_64 -I/opt/local/include -DSkip_f2c_Undefs  -c -o d_int.o d_int.c
:info:build /usr/bin/clang -pipe -O2 -arch x86_64 -I/opt/local/include -DSkip_f2c_Undefs  -c -o d_lg10.o d_lg10.c
:info:build /usr/bin/clang -pipe -O2 -arch x86_64 -I/opt/local/include -DSkip_f2c_Undefs  -c -o d_log.o d_log.c
:info:build /usr/bin/clang -pipe -O2 -arch x86_64 -I/opt/local/include -DSkip_f2c_Undefs  -c -o d_mod.o d_mod.c
:info:build /usr/bin/clang -pipe -O2 -arch x86_64 -I/opt/local/include -DSkip_f2c_Undefs  -c -o d_nint.o d_nint.c
:info:build /usr/bin/clang -pipe -O2 -arch x86_64 -I/opt/local/include -DSkip_f2c_Undefs  -c -o d_prod.o d_prod.c
:info:build /usr/bin/clang -pipe -O2 -arch x86_64 -I/opt/local/include -DSkip_f2c_Undefs  -c -o d_sign.o d_sign.c
:info:build /usr/bin/clang -pipe -O2 -arch x86_64 -I/opt/local/include -DSkip_f2c_Undefs  -c -o d_sin.o d_sin.c
:info:build /usr/bin/clang -pipe -O2 -arch x86_64 -I/opt/local/include -DSkip_f2c_Undefs  -c -o d_sinh.o d_sinh.c
:info:build /usr/bin/clang -pipe -O2 -arch x86_64 -I/opt/local/include -DSkip_f2c_Undefs  -c -o d_sqrt.o d_sqrt.c
:info:build /usr/bin/clang -pipe -O2 -arch x86_64 -I/opt/local/include -DSkip_f2c_Undefs  -c -o d_tan.o d_tan.c
:info:build /usr/bin/clang -pipe -O2 -arch x86_64 -I/opt/local/include -DSkip_f2c_Undefs  -c -o d_tanh.o d_tanh.c
:info:build /usr/bin/clang -pipe -O2 -arch x86_64 -I/opt/local/include -DSkip_f2c_Undefs  -c -o i_abs.o i_abs.c
:info:build /usr/bin/clang -pipe -O2 -arch x86_64 -I/opt/local/include -DSkip_f2c_Undefs  -c -o i_dim.o i_dim.c
:info:build /usr/bin/clang -pipe -O2 -arch x86_64 -I/opt/local/include -DSkip_f2c_Undefs  -c -o i_dnnt.o i_dnnt.c
:info:build /usr/bin/clang -pipe -O2 -arch x86_64 -I/opt/local/include -DSkip_f2c_Undefs  -c -o i_indx.o i_indx.c
:info:build /usr/bin/clang -pipe -O2 -arch x86_64 -I/opt/local/include -DSkip_f2c_Undefs  -c -o i_len.o i_len.c
:info:build /usr/bin/clang -pipe -O2 -arch x86_64 -I/opt/local/include -DSkip_f2c_Undefs  -c -o i_mod.o i_mod.c
:info:build /usr/bin/clang -pipe -O2 -arch x86_64 -I/opt/local/include -DSkip_f2c_Undefs  -c -o i_nint.o i_nint.c
:info:build /usr/bin/clang -pipe -O2 -arch x86_64 -I/opt/local/include -DSkip_f2c_Undefs  -c -o i_sign.o i_sign.c
:info:build /usr/bin/clang -pipe -O2 -arch x86_64 -I/opt/local/include -DSkip_f2c_Undefs  -c -o lbitbits.o lbitbits.c
:info:build /usr/bin/clang -pipe -O2 -arch x86_64 -I/opt/local/include -DSkip_f2c_Undefs  -c -o lbitshft.o lbitshft.c
:info:build /usr/bin/clang -pipe -O2 -arch x86_64 -I/opt/local/include -DSkip_f2c_Undefs  -c -o h_abs.o h_abs.c
:info:build /usr/bin/clang -pipe -O2 -arch x86_64 -I/opt/local/include -DSkip_f2c_Undefs  -c -o h_dim.o h_dim.c
:info:build /usr/bin/clang -pipe -O2 -arch x86_64 -I/opt/local/include -DSkip_f2c_Undefs  -c -o h_dnnt.o h_dnnt.c
:info:build /usr/bin/clang -pipe -O2 -arch x86_64 -I/opt/local/include -DSkip_f2c_Undefs  -c -o h_indx.o h_indx.c
:info:build /usr/bin/clang -pipe -O2 -arch x86_64 -I/opt/local/include -DSkip_f2c_Undefs  -c -o h_len.o h_len.c
:info:build /usr/bin/clang -pipe -O2 -arch x86_64 -I/opt/local/include -DSkip_f2c_Undefs  -c -o h_mod.o h_mod.c
:info:build /usr/bin/clang -pipe -O2 -arch x86_64 -I/opt/local/include -DSkip_f2c_Undefs  -c -o h_nint.o h_nint.c
:info:build /usr/bin/clang -pipe -O2 -arch x86_64 -I/opt/local/include -DSkip_f2c_Undefs  -c -o h_sign.o h_sign.c
:info:build /usr/bin/clang -pipe -O2 -arch x86_64 -I/opt/local/include -DSkip_f2c_Undefs  -c -o l_ge.o l_ge.c
:info:build /usr/bin/clang -pipe -O2 -arch x86_64 -I/opt/local/include -DSkip_f2c_Undefs  -c -o l_gt.o l_gt.c
:info:build /usr/bin/clang -pipe -O2 -arch x86_64 -I/opt/local/include -DSkip_f2c_Undefs  -c -o l_le.o l_le.c
:info:build /usr/bin/clang -pipe -O2 -arch x86_64 -I/opt/local/include -DSkip_f2c_Undefs  -c -o l_lt.o l_lt.c
:info:build /usr/bin/clang -pipe -O2 -arch x86_64 -I/opt/local/include -DSkip_f2c_Undefs  -c -o hl_ge.o hl_ge.c
:info:build /usr/bin/clang -pipe -O2 -arch x86_64 -I/opt/local/include -DSkip_f2c_Undefs  -c -o hl_gt.o hl_gt.c
:info:build /usr/bin/clang -pipe -O2 -arch x86_64 -I/opt/local/include -DSkip_f2c_Undefs  -c -o hl_le.o hl_le.c
:info:build /usr/bin/clang -pipe -O2 -arch x86_64 -I/opt/local/include -DSkip_f2c_Undefs  -c -o hl_lt.o hl_lt.c
:info:build /usr/bin/clang -pipe -O2 -arch x86_64 -I/opt/local/include -DSkip_f2c_Undefs  -c -o ef1asc_.o ef1asc_.c
:info:build /usr/bin/clang -pipe -O2 -arch x86_64 -I/opt/local/include -DSkip_f2c_Undefs  -c -o ef1cmc_.o ef1cmc_.c
:info:build /usr/bin/clang -pipe -O2 -arch x86_64 -I/opt/local/include -DSkip_f2c_Undefs  -c -o f77_aloc.o f77_aloc.c
:info:build /usr/bin/clang -pipe -O2 -arch x86_64 -I/opt/local/include -DSkip_f2c_Undefs  -c -o s_cat.o s_cat.c
:info:build /usr/bin/clang -pipe -O2 -arch x86_64 -I/opt/local/include -DSkip_f2c_Undefs  -c -o s_cmp.o s_cmp.c
:info:build /usr/bin/clang -pipe -O2 -arch x86_64 -I/opt/local/include -DSkip_f2c_Undefs  -c -o s_copy.o s_copy.c
:info:build /usr/bin/clang -pipe -O2 -arch x86_64 -I/opt/local/include -DSkip_f2c_Undefs  -c -o backspac.o backspac.c
:info:build /usr/bin/clang -pipe -O2 -arch x86_64 -I/opt/local/include -DSkip_f2c_Undefs  -c -o close.o close.c
:info:build /usr/bin/clang -pipe -O2 -arch x86_64 -I/opt/local/include -DSkip_f2c_Undefs  -c -o dfe.o dfe.c
:info:build dfe.c:104:7: warning: using the result of an assignment as a condition without parentheses [-Wparentheses]
:info:build   if(n=c_dfe(a))return(n);
:info:build      ~^~~~~~~~~
:info:build dfe.c:104:7: note: place parentheses around the assignment to silence this warning
:info:build   if(n=c_dfe(a))return(n);
:info:build       ^
:info:build      (         )
:info:build dfe.c:104:7: note: use '==' to turn this assignment into an equality comparison
:info:build   if(n=c_dfe(a))return(n);
:info:build       ^
:info:build       ==
:info:build dfe.c:126:7: warning: using the result of an assignment as a condition without parentheses [-Wparentheses]
:info:build   if(n=c_dfe(a)) return(n);
:info:build      ~^~~~~~~~~
:info:build dfe.c:126:7: note: place parentheses around the assignment to silence this warning
:info:build   if(n=c_dfe(a)) return(n);
:info:build       ^
:info:build      (         )
:info:build dfe.c:126:7: note: use '==' to turn this assignment into an equality comparison
:info:build   if(n=c_dfe(a)) return(n);
:info:build       ^
:info:build       ==
:info:build 2 warnings generated.
:info:build /usr/bin/clang -pipe -O2 -arch x86_64 -I/opt/local/include -DSkip_f2c_Undefs  -c -o dolio.o dolio.c
:info:build /usr/bin/clang -pipe -O2 -arch x86_64 -I/opt/local/include -DSkip_f2c_Undefs  -c -o due.o due.c
:info:build due.c:40:7: warning: using the result of an assignment as a condition without parentheses [-Wparentheses]
:info:build   if(n=c_due(a)) return(n);
:info:build      ~^~~~~~~~~
:info:build due.c:40:7: note: place parentheses around the assignment to silence this warning
:info:build   if(n=c_due(a)) return(n);
:info:build       ^
:info:build      (         )
:info:build due.c:40:7: note: use '==' to turn this assignment into an equality comparison
:info:build   if(n=c_due(a)) return(n);
:info:build       ^
:info:build       ==
:info:build due.c:53:7: warning: using the result of an assignment as a condition without parentheses [-Wparentheses]
:info:build   if(n=c_due(a)) return(n);
:info:build      ~^~~~~~~~~
:info:build due.c:53:7: note: place parentheses around the assignment to silence this warning
:info:build   if(n=c_due(a)) return(n);
:info:build       ^
:info:build      (         )
:info:build due.c:53:7: note: use '==' to turn this assignment into an equality comparison
:info:build   if(n=c_due(a)) return(n);
:info:build       ^
:info:build       ==
:info:build 2 warnings generated.
:info:build /usr/bin/clang -pipe -O2 -arch x86_64 -I/opt/local/include -DSkip_f2c_Undefs  -c -o endfile.o endfile.c
:info:build endfile.c:46:17: warning: using the result of an assignment as a condition without parentheses [-Wparentheses]
:info:build          if (tf = FOPEN(nbuf, f__w_mode[0]))
:info:build              ~~~^~~~~~~~~~~~~~~~~~~~~~~~~~~
:info:build endfile.c:46:17: note: place parentheses around the assignment to silence this warning
:info:build          if (tf = FOPEN(nbuf, f__w_mode[0]))
:info:build                 ^
:info:build              (                             )
:info:build endfile.c:46:17: note: use '==' to turn this assignment into an equality comparison
:info:build          if (tf = FOPEN(nbuf, f__w_mode[0]))
:info:build                 ^
:info:build                 ==
:info:build 1 warning generated.
:info:build /usr/bin/clang -pipe -O2 -arch x86_64 -I/opt/local/include -DSkip_f2c_Undefs  -c -o err.o err.c
:info:build err.c:157:17: warning: data argument not used by format string [-Wformat-extra-args]
:info:build                 f__curunit->ufnm);
:info:build                 ^
:info:build err.c:157:17: warning: data argument not used by format string [-Wformat-extra-args]
:info:build                 f__curunit->ufnm);
:info:build                 ^
:info:build 2 warnings generated.
:info:build /usr/bin/clang -pipe -O2 -arch x86_64 -I/opt/local/include -DSkip_f2c_Undefs  -c -o fmt.o fmt.c
:info:build /usr/bin/clang -pipe -O2 -arch x86_64 -I/opt/local/include -DSkip_f2c_Undefs  -c -o fmtlib.o fmtlib.c
:info:build /usr/bin/clang -pipe -O2 -arch x86_64 -I/opt/local/include -DSkip_f2c_Undefs  -c -o ftell_.o ftell_.c
:info:build /usr/bin/clang -pipe -O2 -arch x86_64 -I/opt/local/include -DSkip_f2c_Undefs  -c -o iio.o iio.c
:info:build iio.c:91:7: warning: using the result of an assignment as a condition without parentheses [-Wparentheses]
:info:build   if(n=c_si(a)) return(n);
:info:build      ~^~~~~~~~
:info:build iio.c:91:7: note: place parentheses around the assignment to silence this warning
:info:build   if(n=c_si(a)) return(n);
:info:build       ^
:info:build      (        )
:info:build iio.c:91:7: note: use '==' to turn this assignment into an equality comparison
:info:build   if(n=c_si(a)) return(n);
:info:build       ^
:info:build       ==
:info:build iio.c:123:7: warning: using the result of an assignment as a condition without parentheses [-Wparentheses]
:info:build   if(n=c_si(a)) return(n);
:info:build      ~^~~~~~~~
:info:build iio.c:123:7: note: place parentheses around the assignment to silence this warning
:info:build   if(n=c_si(a)) return(n);
:info:build       ^
:info:build      (        )
:info:build iio.c:123:7: note: use '==' to turn this assignment into an equality comparison
:info:build   if(n=c_si(a)) return(n);
:info:build       ^
:info:build       ==
:info:build 2 warnings generated.
:info:build /usr/bin/clang -pipe -O2 -arch x86_64 -I/opt/local/include -DSkip_f2c_Undefs  -c -o ilnw.o ilnw.c
:info:build /usr/bin/clang -pipe -O2 -arch x86_64 -I/opt/local/include -DSkip_f2c_Undefs  -c -o inquire.o inquire.c
:info:build inquire.c:67:20: warning: '&&' within '||' [-Wlogical-op-parentheses]
:info:build          if(byfile && x != -1 || !byfile && p!=NULL)
:info:build             ~~~~~~~^~~~~~~~~~ ~~
:info:build inquire.c:67:20: note: place parentheses around the '&&' expression to silence this warning
:info:build          if(byfile && x != -1 || !byfile && p!=NULL)
:info:build                    ^
:info:build             (                )
:info:build inquire.c:67:42: warning: '&&' within '||' [-Wlogical-op-parentheses]
:info:build          if(byfile && x != -1 || !byfile && p!=NULL)
:info:build                               ~~ ~~~~~~~~^~~~~~~~~~
:info:build inquire.c:75:31: warning: '&&' within '||' [-Wlogical-op-parentheses]
:info:build          if(byfile || p!=NULL && p->ufnm!=NULL)
:info:build                    ~~ ~~~~~~~~^~~~~~~~~~~~~~~~
:info:build 3 warnings generated.
:info:build /usr/bin/clang -pipe -O2 -arch x86_64 -I/opt/local/include -DSkip_f2c_Undefs  -c -o lread.o lread.c
:info:build lread.c:316:10: warning: using the result of an assignment as a condition without parentheses [-Wparentheses]
:info:build   if (ch = l_R(1,0))
:info:build       ~~~^~~~~~~~~~
:info:build lread.c:316:10: note: place parentheses around the assignment to silence this warning
:info:build   if (ch = l_R(1,0))
:info:build          ^
:info:build       (            )
:info:build lread.c:316:10: note: use '==' to turn this assignment into an equality comparison
:info:build   if (ch = l_R(1,0))
:info:build          ^
:info:build          ==
:info:build lread.c:328:10: warning: using the result of an assignment as a condition without parentheses [-Wparentheses]
:info:build   if (ch = l_R(1,0))
:info:build       ~~~^~~~~~~~~~
:info:build lread.c:328:10: note: place parentheses around the assignment to silence this warning
:info:build   if (ch = l_R(1,0))
:info:build          ^
:info:build       (            )
:info:build lread.c:328:10: note: use '==' to turn this assignment into an equality comparison
:info:build   if (ch = l_R(1,0))
:info:build          ^
:info:build          ==
:info:build lread.c:355:10: warning: using the result of an assignment as a condition without parentheses [-Wparentheses]
:info:build   if (rv = *nmL_next++)
:info:build       ~~~^~~~~~~~~~~~~
:info:build lread.c:355:10: note: place parentheses around the assignment to silence this warning
:info:build   if (rv = *nmL_next++)
:info:build          ^
:info:build       (               )
:info:build lread.c:355:10: note: use '==' to turn this assignment into an equality comparison
:info:build   if (rv = *nmL_next++)
:info:build          ^
:info:build          ==
:info:build lread.c:692:17: warning: using the result of an assignment as a condition without parentheses [-Wparentheses]
:info:build                 ERR(l_R(0,1));
:info:build                 ^~~~~~~~~~~~~
:info:build lread.c:108:20: note: instantiated from:
:info:build #define ERR(x) if(n=(x)) return(n)
:info:build                   ~^~~~
:info:build lread.c:692:17: note: place parentheses around the assignment to silence this warning
:info:build lread.c:692:17: note: use '==' to turn this assignment into an equality comparison
:info:build lread.c:697:17: warning: using the result of an assignment as a condition without parentheses [-Wparentheses]
:info:build                 ERR(l_R(0,0));
:info:build                 ^~~~~~~~~~~~~
:info:build lread.c:108:20: note: instantiated from:
:info:build #define ERR(x) if(n=(x)) return(n)
:info:build                   ~^~~~
:info:build lread.c:697:17: note: place parentheses around the assignment to silence this warning
:info:build lread.c:697:17: note: use '==' to turn this assignment into an equality comparison
:info:build lread.c:708:17: warning: using the result of an assignment as a condition without parentheses [-Wparentheses]
:info:build                 ERR(l_C());
:info:build                 ^~~~~~~~~~
:info:build lread.c:108:20: note: instantiated from:
:info:build #define ERR(x) if(n=(x)) return(n)
:info:build                   ~^~~~
:info:build lread.c:708:17: note: place parentheses around the assignment to silence this warning
:info:build lread.c:708:17: note: use '==' to turn this assignment into an equality comparison
:info:build lread.c:713:17: warning: using the result of an assignment as a condition without parentheses [-Wparentheses]
:info:build                 ERR(l_L());
:info:build                 ^~~~~~~~~~
:info:build lread.c:108:20: note: instantiated from:
:info:build #define ERR(x) if(n=(x)) return(n)
:info:build                   ~^~~~
:info:build lread.c:713:17: note: place parentheses around the assignment to silence this warning
:info:build lread.c:713:17: note: use '==' to turn this assignment into an equality comparison
:info:build lread.c:716:17: warning: using the result of an assignment as a condition without parentheses [-Wparentheses]
:info:build                 ERR(l_CHAR());
:info:build                 ^~~~~~~~~~~~~
:info:build lread.c:108:20: note: instantiated from:
:info:build #define ERR(x) if(n=(x)) return(n)
:info:build                   ~^~~~
:info:build lread.c:716:17: note: place parentheses around the assignment to silence this warning
:info:build lread.c:716:17: note: use '==' to turn this assignment into an equality comparison
:info:build lread.c:789:7: warning: using the result of an assignment as a condition without parentheses [-Wparentheses]
:info:build   if(n=c_le(a)) return(n);
:info:build      ~^~~~~~~~
:info:build lread.c:789:7: note: place parentheses around the assignment to silence this warning
:info:build   if(n=c_le(a)) return(n);
:info:build       ^
:info:build      (        )
:info:build lread.c:789:7: note: use '==' to turn this assignment into an equality comparison
:info:build   if(n=c_le(a)) return(n);
:info:build       ^
:info:build       ==
:info:build 9 warnings generated.
:info:build /usr/bin/clang -pipe -O2 -arch x86_64 -I/opt/local/include -DSkip_f2c_Undefs  -c -o lwrite.o lwrite.c
:info:build lwrite.c:141:28: warning: using the result of an assignment as a condition without parentheses [-Wparentheses]
:info:build                 while(b[0] = b[1])
:info:build                       ~~~~~^~~~~~
:info:build lwrite.c:141:28: note: place parentheses around the assignment to silence this warning
:info:build                 while(b[0] = b[1])
:info:build                            ^
:info:build                       (          )
:info:build lwrite.c:141:28: note: use '==' to turn this assignment into an equality comparison
:info:build                 while(b[0] = b[1])
:info:build                            ^
:info:build                            ==
:info:build lwrite.c:166:51: warning: using the result of an assignment as a condition without parentheses [-Wparentheses]
:info:build                        for(c1 = '.', c = 'E';  *b = c1;
:info:build                                                ~~~^~~~
:info:build lwrite.c:166:51: note: place parentheses around the assignment to silence this warning
:info:build                        for(c1 = '.', c = 'E';  *b = c1;
:info:build                                                   ^
:info:build                                                (      )
:info:build lwrite.c:166:51: note: use '==' to turn this assignment into an equality comparison
:info:build                        for(c1 = '.', c = 'E';  *b = c1;
:info:build                                                   ^
:info:build                                                   ==
:info:build lwrite.c:190:11: warning: using the result of an assignment as a condition without parentheses [-Wparentheses]
:info:build   while(c = *s++)
:info:build         ~~^~~~~~
:info:build lwrite.c:190:11: note: place parentheses around the assignment to silence this warning
:info:build   while(c = *s++)
:info:build           ^
:info:build         (       )
:info:build lwrite.c:190:11: note: use '==' to turn this assignment into an equality comparison
:info:build   while(c = *s++)
:info:build           ^
:info:build           ==
:info:build 3 warnings generated.
:info:build /usr/bin/clang -pipe -O2 -arch x86_64 -I/opt/local/include -DSkip_f2c_Undefs  -c -o open.o open.c
:info:build open.c:244:17: warning: using the result of an assignment as a condition without parentheses [-Wparentheses]
:info:build          if (tf = FOPEN(buf,f__w_mode[0]))
:info:build              ~~~^~~~~~~~~~~~~~~~~~~~~~~~~
:info:build open.c:244:17: note: place parentheses around the assignment to silence this warning
:info:build          if (tf = FOPEN(buf,f__w_mode[0]))
:info:build                 ^
:info:build              (                           )
:info:build open.c:244:17: note: use '==' to turn this assignment into an equality comparison
:info:build          if (tf = FOPEN(buf,f__w_mode[0]))
:info:build                 ^
:info:build                 ==
:info:build open.c:254:17: warning: using the result of an assignment as a condition without parentheses [-Wparentheses]
:info:build          if (tf = FOPEN(buf, f__r_mode[ufmt]))
:info:build              ~~~^~~~~~~~~~~~~~~~~~~~~~~~~~~~~
:info:build open.c:254:17: note: place parentheses around the assignment to silence this warning
:info:build          if (tf = FOPEN(buf, f__r_mode[ufmt]))
:info:build                 ^
:info:build              (                               )
:info:build open.c:254:17: note: use '==' to turn this assignment into an equality comparison
:info:build          if (tf = FOPEN(buf, f__r_mode[ufmt]))
:info:build                 ^
:info:build                 ==
:info:build open.c:256:22: warning: using the result of an assignment as a condition without parentheses [-Wparentheses]
:info:build          else if (tf = FOPEN(buf, f__w_mode[ufmt])) {
:info:build                   ~~~^~~~~~~~~~~~~~~~~~~~~~~~~~~~~
:info:build open.c:256:22: note: place parentheses around the assignment to silence this warning
:info:build          else if (tf = FOPEN(buf, f__w_mode[ufmt])) {
:info:build                      ^
:info:build                   (                               )
:info:build open.c:256:22: note: use '==' to turn this assignment into an equality comparison
:info:build          else if (tf = FOPEN(buf, f__w_mode[ufmt])) {
:info:build                      ^
:info:build                      ==
:info:build 3 warnings generated.
:info:build /usr/bin/clang -pipe -O2 -arch x86_64 -I/opt/local/include -DSkip_f2c_Undefs  -c -o rdfmt.o rdfmt.c
:info:build rdfmt.c:36:19: warning: using the result of an assignment as a condition without parentheses [-Wparentheses]
:info:build          while(ch = *s++)
:info:build                ~~~^~~~~~
:info:build rdfmt.c:36:19: note: place parentheses around the assignment to silence this warning
:info:build          while(ch = *s++)
:info:build                   ^
:info:build                (        )
:info:build rdfmt.c:36:19: note: use '==' to turn this assignment into an equality comparison
:info:build          while(ch = *s++)
:info:build                   ^
:info:build                   ==
:info:build rdfmt.c:39:19: warning: using the result of an assignment as a condition without parentheses [-Wparentheses]
:info:build          while(ch = *s++)
:info:build                ~~~^~~~~~
:info:build rdfmt.c:39:19: note: place parentheses around the assignment to silence this warning
:info:build          while(ch = *s++)
:info:build                   ^
:info:build                (        )
:info:build rdfmt.c:39:19: note: use '==' to turn this assignment into an equality comparison
:info:build          while(ch = *s++)
:info:build                   ^
:info:build                   ==
:info:build 2 warnings generated.
:info:build /usr/bin/clang -pipe -O2 -arch x86_64 -I/opt/local/include -DSkip_f2c_Undefs  -c -o rewind.o rewind.c
:info:build /usr/bin/clang -pipe -O2 -arch x86_64 -I/opt/local/include -DSkip_f2c_Undefs  -c -o rsfe.o rsfe.c
:info:build rsfe.c:67:7: warning: using the result of an assignment as a condition without parentheses [-Wparentheses]
:info:build   if(n=c_sfe(a)) return(n);
:info:build      ~^~~~~~~~~
:info:build rsfe.c:67:7: note: place parentheses around the assignment to silence this warning
:info:build   if(n=c_sfe(a)) return(n);
:info:build       ^
:info:build      (         )
:info:build rsfe.c:67:7: note: use '==' to turn this assignment into an equality comparison
:info:build   if(n=c_sfe(a)) return(n);
:info:build       ^
:info:build       ==
:info:build 1 warning generated.
:info:build /usr/bin/clang -pipe -O2 -arch x86_64 -I/opt/local/include -DSkip_f2c_Undefs  -c -o rsli.o rsli.c
:info:build /usr/bin/clang -pipe -O2 -arch x86_64 -I/opt/local/include -DSkip_f2c_Undefs  -c -o rsne.o rsne.c
:info:build rsne.c:84:16: warning: using the result of an assignment as a condition without parentheses [-Wparentheses]
:info:build   for(x = 0; c = *s++; x = x & 0x4000 ? ((x << 1) & 0x7fff) + 1 : x << 1)
:info:build              ~~^~~~~~
:info:build rsne.c:84:16: note: place parentheses around the assignment to silence this warning
:info:build   for(x = 0; c = *s++; x = x & 0x4000 ? ((x << 1) & 0x7fff) + 1 : x << 1)
:info:build                ^
:info:build              (       )
:info:build rsne.c:84:16: note: use '==' to turn this assignment into an equality comparison
:info:build   for(x = 0; c = *s++; x = x & 0x4000 ? ((x << 1) & 0x7fff) + 1 : x << 1)
:info:build                ^
:info:build                ==
:info:build rsne.c:105:24: warning: using the result of an assignment as a condition without parentheses [-Wparentheses]
:info:build   for(x = &nl_cache; y = *x; x0 = x, x = &y->next)
:info:build                      ~~^~~~
:info:build rsne.c:105:24: note: place parentheses around the assignment to silence this warning
:info:build   for(x = &nl_cache; y = *x; x0 = x, x = &y->next)
:info:build                        ^
:info:build                      (     )
:info:build rsne.c:105:24: note: use '==' to turn this assignment into an equality comparison
:info:build   for(x = &nl_cache; y = *x; x0 = x, x = &y->next)
:info:build                        ^
:info:build                        ==
:info:build rsne.c:157:43: warning: using the result of an assignment as a condition without parentheses [-Wparentheses]
:info:build   for(s = "ABCDEFGHIJKLMNOPQRSTUVWXYZ"; c = *s++; )
:info:build                                         ~~^~~~~~
:info:build rsne.c:157:43: note: place parentheses around the assignment to silence this warning
:info:build   for(s = "ABCDEFGHIJKLMNOPQRSTUVWXYZ"; c = *s++; )
:info:build                                           ^
:info:build                                         (       )
:info:build rsne.c:157:43: note: use '==' to turn this assignment into an equality comparison
:info:build   for(s = "ABCDEFGHIJKLMNOPQRSTUVWXYZ"; c = *s++; )
:info:build                                           ^
:info:build                                           ==
:info:build rsne.c:163:28: warning: using the result of an assignment as a condition without parentheses [-Wparentheses]
:info:build   for(s = "0123456789_"; c = *s++; )
:info:build                          ~~^~~~~~
:info:build rsne.c:163:28: note: place parentheses around the assignment to silence this warning
:info:build   for(s = "0123456789_"; c = *s++; )
:info:build                            ^
:info:build                          (       )
:info:build rsne.c:163:28: note: use '==' to turn this assignment into an equality comparison
:info:build   for(s = "0123456789_"; c = *s++; )
:info:build                            ^
:info:build                            ==
:info:build rsne.c:186:12: warning: using the result of an assignment as a condition without parentheses [-Wparentheses]
:info:build   while(*s = Alphanum[GETC(ch) & 0xff])
:info:build         ~~~^~~~~~~~~~~~~~~~~~~~~~~~~~~
:info:build rsne.c:186:12: note: place parentheses around the assignment to silence this warning
:info:build   while(*s = Alphanum[GETC(ch) & 0xff])
:info:build            ^
:info:build         (                             )
:info:build rsne.c:186:12: note: use '==' to turn this assignment into an equality comparison
:info:build   while(*s = Alphanum[GETC(ch) & 0xff])
:info:build            ^
:info:build            ==
:info:build rsne.c:241:9: warning: using the result of an assignment as a condition without parentheses [-Wparentheses]
:info:build   if (k = getnum(chp, x1))
:info:build       ~~^~~~~~~~~~~~~~~~~
:info:build rsne.c:241:9: note: place parentheses around the assignment to silence this warning
:info:build   if (k = getnum(chp, x1))
:info:build         ^
:info:build       (                  )
:info:build rsne.c:241:9: note: use '==' to turn this assignment into an equality comparison
:info:build   if (k = getnum(chp, x1))
:info:build         ^
:info:build         ==
:info:build rsne.c:245:16: warning: using the result of an assignment as a condition without parentheses [-Wparentheses]
:info:build          if (k = getnum(chp, &x2))
:info:build              ~~^~~~~~~~~~~~~~~~~~
:info:build rsne.c:245:16: note: place parentheses around the assignment to silence this warning
:info:build          if (k = getnum(chp, &x2))
:info:build                ^
:info:build              (                   )
:info:build rsne.c:245:16: note: use '==' to turn this assignment into an equality comparison
:info:build          if (k = getnum(chp, &x2))
:info:build                ^
:info:build                ==
:info:build rsne.c:249:23: warning: using the result of an assignment as a condition without parentheses [-Wparentheses]
:info:build                 if (k = getnum(chp, &x3))
:info:build                     ~~^~~~~~~~~~~~~~~~~~
:info:build rsne.c:249:23: note: place parentheses around the assignment to silence this warning
:info:build                 if (k = getnum(chp, &x3))
:info:build                       ^
:info:build                     (                   )
:info:build rsne.c:249:23: note: use '==' to turn this assignment into an equality comparison
:info:build                 if (k = getnum(chp, &x3))
:info:build                       ^
:info:build                       ==
:info:build rsne.c:347:10: warning: using the result of an assignment as a condition without parentheses [-Wparentheses]
:info:build   if (ch = getname(buf,sizeof(buf)))
:info:build       ~~~^~~~~~~~~~~~~~~~~~~~~~~~~~
:info:build rsne.c:347:10: note: place parentheses around the assignment to silence this warning
:info:build   if (ch = getname(buf,sizeof(buf)))
:info:build          ^
:info:build       (                            )
:info:build rsne.c:347:10: note: use '==' to turn this assignment into an equality comparison
:info:build   if (ch = getname(buf,sizeof(buf)))
:info:build          ^
:info:build          ==
:info:build rsne.c:399:38: warning: '&&' within '||' [-Wlogical-op-parentheses]
:info:build                        if (ch <= ' ' && ch >= 0 || ch == ',')
:info:build                            ~~~~~~~~~~^~~~~~~~~~ ~~
:info:build rsne.c:399:38: note: place parentheses around the '&&' expression to silence this warning
:info:build                        if (ch <= ' ' && ch >= 0 || ch == ',')
:info:build                                      ^
:info:build                            (                   )
:info:build rsne.c:402:31: warning: using the result of an assignment as a condition without parentheses [-Wparentheses]
:info:build                        if (ch = getname(buf,sizeof(buf)))
:info:build                            ~~~^~~~~~~~~~~~~~~~~~~~~~~~~~
:info:build rsne.c:402:31: note: place parentheses around the assignment to silence this warning
:info:build                        if (ch = getname(buf,sizeof(buf)))
:info:build                               ^
:info:build                            (                            )
:info:build rsne.c:402:31: note: use '==' to turn this assignment into an equality comparison
:info:build                        if (ch = getname(buf,sizeof(buf)))
:info:build                               ^
:info:build                               ==
:info:build rsne.c:426:30: warning: using the result of an assignment as a condition without parentheses [-Wparentheses]
:info:build                        if (k = getdimen(&ch, dn, (ftnlen)size,
:info:build                            ~~^~~~~~~~~~~~~~~~~~~~~~~~~~~~~~~~~
:info:build rsne.c:426:30: note: place parentheses around the assignment to silence this warning
:info:build                        if (k = getdimen(&ch, dn, (ftnlen)size,
:info:build                              ^
:info:build rsne.c:426:30: note: use '==' to turn this assignment into an equality comparison
:info:build                        if (k = getdimen(&ch, dn, (ftnlen)size,
:info:build                              ^
:info:build                              ==
:info:build rsne.c:443:23: warning: using the result of an assignment as a condition without parentheses [-Wparentheses]
:info:build                 if (k = getdimen(&ch, dn, size, nomax, &b))
:info:build                     ~~^~~~~~~~~~~~~~~~~~~~~~~~~~~~~~~~~~~~
:info:build rsne.c:443:23: note: place parentheses around the assignment to silence this warning
:info:build                 if (k = getdimen(&ch, dn, size, nomax, &b))
:info:build                       ^
:info:build                     (                                     )
:info:build rsne.c:443:23: note: use '==' to turn this assignment into an equality comparison
:info:build                 if (k = getdimen(&ch, dn, size, nomax, &b))
:info:build                       ^
:info:build                       ==
:info:build rsne.c:454:30: warning: using the result of an assignment as a condition without parentheses [-Wparentheses]
:info:build                        if (k = getdimen(&ch, dn1, dn->delta**dims,
:info:build                            ~~^~~~~~~~~~~~~~~~~~~~~~~~~~~~~~~~~~~~~
:info:build rsne.c:454:30: note: place parentheses around the assignment to silence this warning
:info:build                        if (k = getdimen(&ch, dn1, dn->delta**dims,
:info:build                              ^
:info:build rsne.c:454:30: note: use '==' to turn this assignment into an equality comparison
:info:build                        if (k = getdimen(&ch, dn1, dn->delta**dims,
:info:build                              ^
:info:build                              ==
:info:build rsne.c:474:30: warning: using the result of an assignment as a condition without parentheses [-Wparentheses]
:info:build                        if (k = getdimen(&ch, &substr, size, size, &b))
:info:build                            ~~^~~~~~~~~~~~~~~~~~~~~~~~~~~~~~~~~~~~~~~~
:info:build rsne.c:474:30: note: place parentheses around the assignment to silence this warning
:info:build                        if (k = getdimen(&ch, &substr, size, size, &b))
:info:build                              ^
:info:build                            (                                         )
:info:build rsne.c:474:30: note: use '==' to turn this assignment into an equality comparison
:info:build                        if (k = getdimen(&ch, &substr, size, size, &b))
:info:build                              ^
:info:build                              ==
:info:build rsne.c:509:24: warning: using the result of an assignment as a condition without parentheses [-Wparentheses]
:info:build          else if (dims = v->dims) {
:info:build                   ~~~~~^~~~~~~~~
:info:build rsne.c:509:24: note: place parentheses around the assignment to silence this warning
:info:build          else if (dims = v->dims) {
:info:build                        ^
:info:build                   (             )
:info:build rsne.c:509:24: note: use '==' to turn this assignment into an equality comparison
:info:build          else if (dims = v->dims) {
:info:build                        ^
:info:build                        ==
:info:build rsne.c:529:23: warning: using the result of an assignment as a condition without parentheses [-Wparentheses]
:info:build                 if (k = l_read(&no1, vaddr + iva, size, type))
:info:build                     ~~^~~~~~~~~~~~~~~~~~~~~~~~~~~~~~~~~~~~~~~
:info:build rsne.c:529:23: note: place parentheses around the assignment to silence this warning
:info:build                 if (k = l_read(&no1, vaddr + iva, size, type))
:info:build                       ^
:info:build                     (                                        )
:info:build rsne.c:529:23: note: use '==' to turn this assignment into an equality comparison
:info:build                 if (k = l_read(&no1, vaddr + iva, size, type))
:info:build                       ^
:info:build                       ==
:info:build rsne.c:539:37: warning: using the result of an assignment as a condition without parentheses [-Wparentheses]
:info:build                               if (k = l_read(&no2, vaddr + iva,
:info:build                                   ~~^~~~~~~~~~~~~~~~~~~~~~~~~~~
:info:build rsne.c:539:37: note: place parentheses around the assignment to silence this warning
:info:build                               if (k = l_read(&no2, vaddr + iva,
:info:build                                     ^
:info:build rsne.c:539:37: note: use '==' to turn this assignment into an equality comparison
:info:build                               if (k = l_read(&no2, vaddr + iva,
:info:build                                     ^
:info:build                                     ==
:info:build rsne.c:601:8: warning: using the result of an assignment as a condition without parentheses [-Wparentheses]
:info:build   if(n = c_le(a))
:info:build      ~~^~~~~~~~~
:info:build rsne.c:601:8: note: place parentheses around the assignment to silence this warning
:info:build   if(n = c_le(a))
:info:build        ^
:info:build      (          )
:info:build rsne.c:601:8: note: use '==' to turn this assignment into an equality comparison
:info:build   if(n = c_le(a))
:info:build        ^
:info:build        ==
:info:build 19 warnings generated.
:info:build /usr/bin/clang -pipe -O2 -arch x86_64 -I/opt/local/include -DSkip_f2c_Undefs  -c -o sfe.o sfe.c
:info:build /usr/bin/clang -pipe -O2 -arch x86_64 -I/opt/local/include -DSkip_f2c_Undefs  -c -o sue.o sue.c
:info:build sue.c:38:7: warning: using the result of an assignment as a condition without parentheses [-Wparentheses]
:info:build   if(n=c_sue(a)) return(n);
:info:build      ~^~~~~~~~~
:info:build sue.c:38:7: note: place parentheses around the assignment to silence this warning
:info:build   if(n=c_sue(a)) return(n);
:info:build       ^
:info:build      (         )
:info:build sue.c:38:7: note: use '==' to turn this assignment into an equality comparison
:info:build   if(n=c_sue(a)) return(n);
:info:build       ^
:info:build       ==
:info:build sue.c:61:7: warning: using the result of an assignment as a condition without parentheses [-Wparentheses]
:info:build   if(n=c_sue(a)) return(n);
:info:build      ~^~~~~~~~~
:info:build sue.c:61:7: note: place parentheses around the assignment to silence this warning
:info:build   if(n=c_sue(a)) return(n);
:info:build       ^
:info:build      (         )
:info:build sue.c:61:7: note: use '==' to turn this assignment into an equality comparison
:info:build   if(n=c_sue(a)) return(n);
:info:build       ^
:info:build       ==
:info:build 2 warnings generated.
:info:build /usr/bin/clang -pipe -O2 -arch x86_64 -I/opt/local/include -DSkip_f2c_Undefs  -c -o typesize.o typesize.c
:info:build /usr/bin/clang -pipe -O2 -arch x86_64 -I/opt/local/include -DSkip_f2c_Undefs  -c -o uio.o uio.c
:info:build /usr/bin/clang -pipe -O2 -arch x86_64 -I/opt/local/include -DSkip_f2c_Undefs  -c -o util.o util.c
:info:build /usr/bin/clang -pipe -O2 -arch x86_64 -I/opt/local/include -DSkip_f2c_Undefs  -c -o wref.o wref.c
:info:build wref.c:140:42: warning: using the result of an assignment as a condition without parentheses [-Wparentheses]
:info:build                 for(s -= 2, e1 = 2; s[0] = s[1]; s++)
:info:build                                     ~~~~~^~~~~~
:info:build wref.c:140:42: note: place parentheses around the assignment to silence this warning
:info:build                 for(s -= 2, e1 = 2; s[0] = s[1]; s++)
:info:build                                          ^
:info:build                                     (          )
:info:build wref.c:140:42: note: use '==' to turn this assignment into an equality comparison
:info:build                 for(s -= 2, e1 = 2; s[0] = s[1]; s++)
:info:build                                          ^
:info:build                                          ==
:info:build wref.c:236:9: warning: using the result of an assignment as a condition without parentheses [-Wparentheses]
:info:build   if (n = f__scale)
:info:build       ~~^~~~~~~~~~
:info:build wref.c:236:9: note: place parentheses around the assignment to silence this warning
:info:build   if (n = f__scale)
:info:build         ^
:info:build       (           )
:info:build wref.c:236:9: note: use '==' to turn this assignment into an equality comparison
:info:build   if (n = f__scale)
:info:build         ^
:info:build         ==
:info:build wref.c:286:11: warning: using the result of an assignment as a condition without parentheses [-Wparentheses]
:info:build   while(n = *b++)
:info:build         ~~^~~~~~
:info:build wref.c:286:11: note: place parentheses around the assignment to silence this warning
:info:build   while(n = *b++)
:info:build           ^
:info:build         (       )
:info:build wref.c:286:11: note: use '==' to turn this assignment into an equality comparison
:info:build   while(n = *b++)
:info:build           ^
:info:build           ==
:info:build /usr/bin/clang -c -pipe -O2  -Xarch_x86_64 -mmacosx-version-min=10.7 -w -fPIC -DQT_NO_DEBUG -DQT_GUI_LIB -DQT_CORE_LIB -DQT_SHARED -I/opt/local/share/qt4/mkspecs/macx-g++ -I. -I../generatedfiles/moc -I/opt/local/include/qwt -I. -I/opt/local/include/QtGui -I/opt/local/include/QtCore -I/opt/local/include -o read_matlab4.o ../../SimulationRuntime/c/util/read_matlab4.c
:info:build 3 warnings generated.
:info:build /usr/bin/clang -pipe -O2 -arch x86_64 -I/opt/local/include -DSkip_f2c_Undefs  -c -o wrtfmt.o wrtfmt.c
:info:build /usr/bin/clang -pipe -O2 -arch x86_64 -I/opt/local/include -DSkip_f2c_Undefs  -c -o wsfe.o wsfe.c
:info:build wsfe.c:55:7: warning: using the result of an assignment as a condition without parentheses [-Wparentheses]
:info:build   if(n=c_sfe(a)) return(n);
:info:build      ~^~~~~~~~~
:info:build wsfe.c:55:7: note: place parentheses around the assignment to silence this warning
:info:build   if(n=c_sfe(a)) return(n);
:info:build       ^
:info:build      (         )
:info:build wsfe.c:55:7: note: use '==' to turn this assignment into an equality comparison
:info:build   if(n=c_sfe(a)) return(n);
:info:build       ^
:info:build       ==
:info:build 1 warning generated.
:info:build /usr/bin/clang -pipe -O2 -arch x86_64 -I/opt/local/include -DSkip_f2c_Undefs  -c -o wsle.o wsle.c
:info:build /usr/bin/clang++ -c -pipe -O2  -Xarch_x86_64 -mmacosx-version-min=10.7 -w -fPIC -DQT_NO_DEBUG -DQT_GUI_LIB -DQT_CORE_LIB -DQT_SHARED -I/opt/local/share/qt4/mkspecs/macx-g++ -I. -I../generatedfiles/moc -I/opt/local/include/qwt -I. -I/opt/local/include/QtGui -I/opt/local/include/QtCore -I/opt/local/include -o Plot.o Plot.cpp
:info:build wsle.c:17:7: warning: using the result of an assignment as a condition without parentheses [-Wparentheses]
:info:build   if(n=c_le(a)) return(n);
:info:build      ~^~~~~~~~
:info:build wsle.c:17:7: note: place parentheses around the assignment to silence this warning
:info:build   if(n=c_le(a)) return(n);
:info:build       ^
:info:build      (        )
:info:build wsle.c:17:7: note: use '==' to turn this assignment into an equality comparison
:info:build   if(n=c_le(a)) return(n);
:info:build       ^
:info:build       ==
:info:build 1 warning generated.
:info:build /usr/bin/clang -pipe -O2 -arch x86_64 -I/opt/local/include -DSkip_f2c_Undefs  -c -o wsne.o wsne.c
:info:build wsne.c:17:7: warning: using the result of an assignment as a condition without parentheses [-Wparentheses]
:info:build   if(n=c_le(a))
:info:build      ~^~~~~~~~
:info:build wsne.c:17:7: note: place parentheses around the assignment to silence this warning
:info:build   if(n=c_le(a))
:info:build       ^
:info:build      (        )
:info:build wsne.c:17:7: note: use '==' to turn this assignment into an equality comparison
:info:build   if(n=c_le(a))
:info:build       ^
:info:build       ==
:info:build 1 warning generated.
:info:build /usr/bin/clang -pipe -O2 -arch x86_64 -I/opt/local/include -DSkip_f2c_Undefs  -c -o xwsne.o xwsne.c
:info:build /usr/bin/clang -pipe -O2 -arch x86_64 -I/opt/local/include -DSkip_f2c_Undefs  -c -o dtime_.o dtime_.c
:info:build /usr/bin/clang -pipe -O2 -arch x86_64 -I/opt/local/include -DSkip_f2c_Undefs  -c -o etime_.o etime_.c
:info:build /usr/bin/clang -pipe -O2 -arch x86_64 -I/opt/local/include -DSkip_f2c_Undefs  -c -o uninit.o uninit.c
:info:build rm -f libf2c.a
:info:build ar r libf2c.a f77vers.o i77vers.o s_rnge.o abort_.o exit_.o getarg_.o iargc_.o getenv_.o signal_.o s_stop.o s_paus.o system_.o cabs.o derf_.o derfc_.o erf_.o erfc_.o sig_die.o uninit.o pow_ci.o pow_dd.o pow_di.o pow_hh.o pow_ii.o pow_ri.o pow_zi.o pow_zz.o c_abs.o c_cos.o c_div.o c_exp.o c_log.o c_sin.o c_sqrt.o z_abs.o z_cos.o z_div.o z_exp.o z_log.o z_sin.o z_sqrt.o r_abs.o r_acos.o r_asin.o r_atan.o r_atn2.o r_cnjg.o r_cos.o r_cosh.o r_dim.o r_exp.o r_imag.o r_int.o r_lg10.o r_log.o r_mod.o r_nint.o r_sign.o r_sin.o r_sinh.o r_sqrt.o r_tan.o r_tanh.o d_abs.o d_acos.o d_asin.o d_atan.o d_atn2.o d_cnjg.o d_cos.o d_cosh.o d_dim.o d_exp.o d_imag.o d_int.o d_lg10.o d_log.o d_mod.o d_nint.o d_prod.o d_sign.o d_sin.o d_sinh.o d_sqrt.o d_tan.o d_tanh.o i_abs.o i_dim.o i_dnnt.o i_indx.o i_len.o i_mod.o i_nint.o i_sign.o lbitbits.o lbitshft.o h_abs.o h_dim.o h_dnnt.o h_indx.o h_len.o h_mod.o h_nint.o h_sign.o l_ge.o l_gt.o l_le.o l_lt.o hl_ge.o hl_gt.o hl_le.o hl_lt.o ef1asc_.o ef1cmc_.o f77_aloc.o s_cat.o s_cmp.o s_copy.o backspac.o close.o dfe.o dolio.o due.o endfile.o err.o fmt.o fmtlib.o ftell_.o iio.o ilnw.o inquire.o lread.o lwrite.o open.o rdfmt.o rewind.o rsfe.o rsli.o rsne.o sfe.o sue.o typesize.o uio.o util.o wref.o wrtfmt.o wsfe.o wsle.o wsne.o xwsne.o dtime_.o etime_.o
:info:build ar: creating archive libf2c.a
:info:build ranlib libf2c.a
:info:build make[2]: Leaving directory `/opt/local/var/macports/build/_opt_local_var_macports_sources_build.openmodelica.org_macports_lang_openmodelica-devel/openmodelica-devel/work/openmodelica_12369/SimulationRuntime/c/simulation/libf2c'
:info:build ar -ru libSimulationRuntimeC.a ./meta/meta_modelica_builtin.o ./meta/meta_modelica_string_lit.o ./meta/realString.o ./meta/meta_modelica.o ./meta/meta_modelica_real.o ./meta/gc/gc.o ./meta/gc/common.o ./meta/gc/roots.o ./meta/gc/generational.o ./meta/gc/marksweep.o ./util/base_array.o ./util/boolean_array.o ./util/omc_error.o ./util/division.o ./util/index_spec.o ./util/integer_array.o ./util/java_interface.o ./util/list.o ./util/memory_pool.o ./util/modelica_string.o ./util/modelinfo.o ./util/read_write.o ./util/read_matlab4.o ./util/real_array.o ./util/ringbuffer.o ./util/rtclock.o ./util/string_array.o ./util/utility.o ./util/varinfo.o ./math-support/bigden.o ./math-support/biglag.o ./math-support/dgesv_aux.o ./math-support/dogleg.o ./math-support/dpmpar.o ./math-support/enorm.o ./math-support/fdjac1.o ./math-support/hybrd.o ./math-support/hybrd1.o ./math-support/hybrj.o ./math-support/lsame.o ./math-support/nelmead.o ./math-support/newuoa.o ./math-support/newuob.o ./math-support/qform.o ./math-support/qrfac.o ./math-support/r1mpyq.o ./math-support/r1updt.o ./math-support/trsapp.o ./math-support/update.o ./simulation/solver/daux.o ./simulation/solver/ddasrt.o ./simulation/solver/ddassl.o ./simulation/solver/dassl.o ./simulation/solver/delay.o ./simulation/solver/dlamch.o ./simulation/solver/dlinpk.o ./simulation/solver/events.o ./simulation/solver/initialization.o ./simulation/solver/initialization_data.o ./simulation/solver/ipopt_initialization.o ./simulation/solver/model_help.o ./simulation/solver/solver_main.o ./simulation/solver/kinsol_initialization.o ./simulation/solver/newuoa_initialization.o ./simulation/solver/simplex_initialization.o ./simulation/solver/nelderMeadEx_initialization.o ./simulation/results/read_csv.o ./simulation/results/simulation_result_csv.o ./simulation/results/simulation_result_mat.o ./simulation/results/simulation_result_plt.o ./simulation/options.o ./simulation/simulation_input_xml.o ./simulation/simulation_runtime.o ./simulation/../linearization/linearize.o meta/meta_modelica_catch.o
:info:build ar: creating archive libSimulationRuntimeC.a
:info:build /opt/local/bin/ranlib: file: libSimulationRuntimeC.a(gc.o) has no symbols
:info:build ranlib libSimulationRuntimeC.a
:info:build ranlib: file: libSimulationRuntimeC.a(gc.o) has no symbols
:info:build # copy libraries
:info:build cp -p ./libSimulationRuntimeC.a \
:info:build 	   ./ModelicaExternalC/libModelicaExternalC.a \
:info:build 	   ../interactive/libinteractive.a ../../build/lib/omc
:info:build test -z "libf2c/libf2c.a" || cp simulation/libf2c/libf2c.* ../../build/lib/omc/
:info:build # copy header files
:info:build cp -p ./inline.h \
:info:build 	   ./openmodelica.h \
:info:build 	   ./ModelicaExternalC/ModelicaUtilities.h \
:info:build 	   ./openmodelica_func.h \
:info:build 	   ./simulation_data.h \
:info:build 	   ./f2c.h \
:info:build 	   ./util/*.h \
:info:build 	   ./math-support/*.h \
:info:build 	   ./simulation/*.h \
:info:build 	   ./simulation/solver/*.h \
:info:build 	   ./simulation/results/*.h \
:info:build 	   ./meta/*.h  ./meta/gc/*.h ../../build/include/omc
:info:build # copy fmi stuff
:info:build cp -p ../fmi/export/*.h \
:info:build 	   ../fmi/export/fmu_model_interface.c \
:info:build 	   ../fmi/import/fmuWrapper.h \
:info:build 	   ../fmi/import/xmlparser.h ../../build/include/omc
:info:build # copy java interface stuff
:info:build make[2]: Entering directory `/opt/local/var/macports/build/_opt_local_var_macports_sources_build.openmodelica.org_macports_lang_openmodelica-devel/openmodelica-devel/work/openmodelica_12369/SimulationRuntime/c/util/java_interface'
:info:build /usr/bin/clang++ -c -pipe -O2  -Xarch_x86_64 -mmacosx-version-min=10.7 -w -fPIC -DQT_NO_DEBUG -DQT_GUI_LIB -DQT_CORE_LIB -DQT_SHARED -I/opt/local/share/qt4/mkspecs/macx-g++ -I. -I../generatedfiles/moc -I/opt/local/include/qwt -I. -I/opt/local/include/QtGui -I/opt/local/include/QtCore -I/opt/local/include -o PlotZoomer.o PlotZoomer.cpp
:info:build /usr/bin/clang++ -c -pipe -O2  -Xarch_x86_64 -mmacosx-version-min=10.7 -w -fPIC -DQT_NO_DEBUG -DQT_GUI_LIB -DQT_CORE_LIB -DQT_SHARED -I/opt/local/share/qt4/mkspecs/macx-g++ -I. -I../generatedfiles/moc -I/opt/local/include/qwt -I. -I/opt/local/include/QtGui -I/opt/local/include/QtCore -I/opt/local/include -o Legend.o Legend.cpp
:info:build * Compiling modelica_java.jar
:info:build /usr/bin/clang++ -c -pipe -O2  -Xarch_x86_64 -mmacosx-version-min=10.7 -w -fPIC -DQT_NO_DEBUG -DQT_GUI_LIB -DQT_CORE_LIB -DQT_SHARED -I/opt/local/share/qt4/mkspecs/macx-g++ -I. -I../generatedfiles/moc -I/opt/local/include/qwt -I. -I/opt/local/include/QtGui -I/opt/local/include/QtCore -I/opt/local/include -o PlotPanner.o PlotPanner.cpp
:info:build /usr/bin/clang++ -c -pipe -O2  -Xarch_x86_64 -mmacosx-version-min=10.7 -w -fPIC -DQT_NO_DEBUG -DQT_GUI_LIB -DQT_CORE_LIB -DQT_SHARED -I/opt/local/share/qt4/mkspecs/macx-g++ -I. -I../generatedfiles/moc -I/opt/local/include/qwt -I. -I/opt/local/include/QtGui -I/opt/local/include/QtCore -I/opt/local/include -o PlotGrid.o PlotGrid.cpp
:info:build make[2]: Leaving directory `/opt/local/var/macports/build/_opt_local_var_macports_sources_build.openmodelica.org_macports_lang_openmodelica-devel/openmodelica-devel/work/openmodelica_12369/SimulationRuntime/c/util/java_interface'
:info:build make[2]: Entering directory `/opt/local/var/macports/build/_opt_local_var_macports_sources_build.openmodelica.org_macports_lang_openmodelica-devel/openmodelica-devel/work/openmodelica_12369/SimulationRuntime/c/util/java_interface'
:info:build cp antlr-3.1.3.jar ../../../../build/share/omc/java
:info:build cp antlr_license.txt ../../../../build/share/doc/omc
:info:build cp modelica_java.jar ../../../../build/share/omc/java
:info:build make[2]: Leaving directory `/opt/local/var/macports/build/_opt_local_var_macports_sources_build.openmodelica.org_macports_lang_openmodelica-devel/openmodelica-devel/work/openmodelica_12369/SimulationRuntime/c/util/java_interface'
:info:build make[1]: Leaving directory `/opt/local/var/macports/build/_opt_local_var_macports_sources_build.openmodelica.org_macports_lang_openmodelica-devel/openmodelica-devel/work/openmodelica_12369/SimulationRuntime/c'
:info:build /usr/bin/make -C OMShell/OMShellGUI -f Makefile.unix
:info:build make[1]: Entering directory `/opt/local/var/macports/build/_opt_local_var_macports_sources_build.openmodelica.org_macports_lang_openmodelica-devel/openmodelica-devel/work/openmodelica_12369/OMShell/OMShellGUI'
:info:build sh /opt/local/var/macports/build/_opt_local_var_macports_sources_build.openmodelica.org_macports_lang_openmodelica-devel/openmodelica-devel/work/openmodelica_12369/qmake.sh
:info:build WARNING: /opt/local/var/macports/build/_opt_local_var_macports_sources_build.openmodelica.org_macports_lang_openmodelica-devel/openmodelica-devel/work/openmodelica_12369/OMShell/OMShellGUI/OMShell.config:7: Unescaped backslashes are deprecated.
:info:build WARNING: Failure to find: omc_communication.cc
:info:build WARNING: Failure to find: omc_communication.h
:info:build /usr/bin/clang++ -c -pipe -O2  -Xarch_x86_64 -mmacosx-version-min=10.7 -w -fPIC -DQT_NO_DEBUG -DQT_GUI_LIB -DQT_CORE_LIB -DQT_SHARED -I/opt/local/share/qt4/mkspecs/macx-g++ -I. -I../generatedfiles/moc -I/opt/local/include/qwt -I. -I/opt/local/include/QtGui -I/opt/local/include/QtCore -I/opt/local/include -o PlotCurve.o PlotCurve.cpp
:info:build /opt/local/bin/omniidl -bcxx -Wbh=.h -Wbs=.cc ../..//Compiler/runtime//omc_communication.idl
:info:build /usr/bin/make -f Makefile
:info:build make[2]: Entering directory `/opt/local/var/macports/build/_opt_local_var_macports_sources_build.openmodelica.org_macports_lang_openmodelica-devel/openmodelica-devel/work/openmodelica_12369/OMShell/OMShellGUI'
:info:build /opt/local/bin/lrelease OMShell_de.ts
:info:build Updating 'OMShell_de.qm'...
:info:build     Generated 24 translation(s) (24 finished and 0 unfinished)
:info:build     Ignored 10 untranslated source text(s)
:info:build /opt/local/bin/lrelease OMShell_sv.ts
:info:build Updating 'OMShell_sv.qm'...
:info:build     Generated 34 translation(s) (34 finished and 0 unfinished)
:info:build /usr/bin/clang++ -c -pipe -O2  -Xarch_x86_64 -mmacosx-version-min=10.7 -w -DQT_NO_DEBUG -DQT_XML_LIB -DQT_GUI_LIB -DQT_CORE_LIB -DQT_SHARED -I/opt/local/share/qt4/mkspecs/macx-g++ -I. -I../generatedfiles/moc -I/opt/local/include/QtXml -I/opt/local/include/QtGui -I/opt/local/include/QtCore -I/opt/local/include -o commandcompletion.o commandcompletion.cpp
:info:build /usr/bin/clang++ -c -pipe -O2  -Xarch_x86_64 -mmacosx-version-min=10.7 -w -DQT_NO_DEBUG -DQT_XML_LIB -DQT_GUI_LIB -DQT_CORE_LIB -DQT_SHARED -I/opt/local/share/qt4/mkspecs/macx-g++ -I. -I../generatedfiles/moc -I/opt/local/include/QtXml -I/opt/local/include/QtGui -I/opt/local/include/QtCore -I/opt/local/include -o omc_communication.o omc_communication.cc
:info:build /usr/bin/clang++ -c -pipe -O2  -Xarch_x86_64 -mmacosx-version-min=10.7 -w -fPIC -DQT_NO_DEBUG -DQT_GUI_LIB -DQT_CORE_LIB -DQT_SHARED -I/opt/local/share/qt4/mkspecs/macx-g++ -I. -I../generatedfiles/moc -I/opt/local/include/qwt -I. -I/opt/local/include/QtGui -I/opt/local/include/QtCore -I/opt/local/include -o PlotWindow.o PlotWindow.cpp
:info:build /usr/bin/clang++ -c -pipe -O2  -Xarch_x86_64 -mmacosx-version-min=10.7 -w -DQT_NO_DEBUG -DQT_XML_LIB -DQT_GUI_LIB -DQT_CORE_LIB -DQT_SHARED -I/opt/local/share/qt4/mkspecs/macx-g++ -I. -I../generatedfiles/moc -I/opt/local/include/QtXml -I/opt/local/include/QtGui -I/opt/local/include/QtCore -I/opt/local/include -o omc_communicator.o omc_communicator.cpp
:info:build /usr/bin/clang++ -c -pipe -O2  -Xarch_x86_64 -mmacosx-version-min=10.7 -w -DQT_NO_DEBUG -DQT_XML_LIB -DQT_GUI_LIB -DQT_CORE_LIB -DQT_SHARED -I/opt/local/share/qt4/mkspecs/macx-g++ -I. -I../generatedfiles/moc -I/opt/local/include/QtXml -I/opt/local/include/QtGui -I/opt/local/include/QtCore -I/opt/local/include -o omcinteractiveenvironment.o omcinteractiveenvironment.cpp
:info:build /usr/bin/clang++ -c -pipe -O2  -Xarch_x86_64 -mmacosx-version-min=10.7 -w -fPIC -DQT_NO_DEBUG -DQT_GUI_LIB -DQT_CORE_LIB -DQT_SHARED -I/opt/local/share/qt4/mkspecs/macx-g++ -I. -I../generatedfiles/moc -I/opt/local/include/qwt -I. -I/opt/local/include/QtGui -I/opt/local/include/QtCore -I/opt/local/include -o PlotApplication.o PlotApplication.cpp
:info:build /usr/bin/clang++ -c -pipe -O2  -Xarch_x86_64 -mmacosx-version-min=10.7 -w -DQT_NO_DEBUG -DQT_XML_LIB -DQT_GUI_LIB -DQT_CORE_LIB -DQT_SHARED -I/opt/local/share/qt4/mkspecs/macx-g++ -I. -I../generatedfiles/moc -I/opt/local/include/QtXml -I/opt/local/include/QtGui -I/opt/local/include/QtCore -I/opt/local/include -o oms.o oms.cpp
:info:build /usr/bin/clang++ -c -pipe -O2  -Xarch_x86_64 -mmacosx-version-min=10.7 -w -fPIC -DQT_NO_DEBUG -DQT_GUI_LIB -DQT_CORE_LIB -DQT_SHARED -I/opt/local/share/qt4/mkspecs/macx-g++ -I. -I../generatedfiles/moc -I/opt/local/include/qwt -I. -I/opt/local/include/QtGui -I/opt/local/include/QtCore -I/opt/local/include -o PlotWindowContainer.o PlotWindowContainer.cpp
:info:build /usr/bin/clang++ -c -pipe -O2  -Xarch_x86_64 -mmacosx-version-min=10.7 -w -DQT_NO_DEBUG -DQT_XML_LIB -DQT_GUI_LIB -DQT_CORE_LIB -DQT_SHARED -I/opt/local/share/qt4/mkspecs/macx-g++ -I. -I../generatedfiles/moc -I/opt/local/include/QtXml -I/opt/local/include/QtGui -I/opt/local/include/QtCore -I/opt/local/include -o main.o main.cpp
:info:build /usr/bin/clang++ -c -pipe -O2  -Xarch_x86_64 -mmacosx-version-min=10.7 -w -fPIC -DQT_NO_DEBUG -DQT_GUI_LIB -DQT_CORE_LIB -DQT_SHARED -I/opt/local/share/qt4/mkspecs/macx-g++ -I. -I../generatedfiles/moc -I/opt/local/include/qwt -I. -I/opt/local/include/QtGui -I/opt/local/include/QtCore -I/opt/local/include -o PlotMainWindow.o PlotMainWindow.cpp
:info:build /opt/local/bin/moc -DQT_NO_DEBUG -DQT_XML_LIB -DQT_GUI_LIB -DQT_CORE_LIB -DQT_SHARED -I/opt/local/share/qt4/mkspecs/macx-g++ -I. -I../generatedfiles/moc -I/opt/local/include/QtXml -I/opt/local/include/QtGui -I/opt/local/include/QtCore -I/opt/local/include -D__APPLE__ -D__GNUC__ commandcompletion.h -o ../generatedfiles/moc/moc_commandcompletion.cpp
:info:build /opt/local/bin/moc -DQT_NO_DEBUG -DQT_XML_LIB -DQT_GUI_LIB -DQT_CORE_LIB -DQT_SHARED -I/opt/local/share/qt4/mkspecs/macx-g++ -I. -I../generatedfiles/moc -I/opt/local/include/QtXml -I/opt/local/include/QtGui -I/opt/local/include/QtCore -I/opt/local/include -D__APPLE__ -D__GNUC__ omc_communicator.h -o ../generatedfiles/moc/moc_omc_communicator.cpp
:info:build /opt/local/bin/moc -DQT_NO_DEBUG -DQT_XML_LIB -DQT_GUI_LIB -DQT_CORE_LIB -DQT_SHARED -I/opt/local/share/qt4/mkspecs/macx-g++ -I. -I../generatedfiles/moc -I/opt/local/include/QtXml -I/opt/local/include/QtGui -I/opt/local/include/QtCore -I/opt/local/include -D__APPLE__ -D__GNUC__ oms.h -o ../generatedfiles/moc/moc_oms.cpp
:info:build /opt/local/bin/rcc -name oms oms.qrc -o ../generatedfiles/rcc/qrc_oms.cpp
:info:build /usr/bin/clang++ -c -pipe -O2  -Xarch_x86_64 -mmacosx-version-min=10.7 -w -DQT_NO_DEBUG -DQT_XML_LIB -DQT_GUI_LIB -DQT_CORE_LIB -DQT_SHARED -I/opt/local/share/qt4/mkspecs/macx-g++ -I. -I../generatedfiles/moc -I/opt/local/include/QtXml -I/opt/local/include/QtGui -I/opt/local/include/QtCore -I/opt/local/include -o moc_commandcompletion.o ../generatedfiles/moc/moc_commandcompletion.cpp
:info:build /usr/bin/clang++ -c -pipe -O2  -Xarch_x86_64 -mmacosx-version-min=10.7 -w -DQT_NO_DEBUG -DQT_XML_LIB -DQT_GUI_LIB -DQT_CORE_LIB -DQT_SHARED -I/opt/local/share/qt4/mkspecs/macx-g++ -I. -I../generatedfiles/moc -I/opt/local/include/QtXml -I/opt/local/include/QtGui -I/opt/local/include/QtCore -I/opt/local/include -o moc_omc_communicator.o ../generatedfiles/moc/moc_omc_communicator.cpp
:info:build /opt/local/bin/moc -DQT_NO_DEBUG -DQT_GUI_LIB -DQT_CORE_LIB -DQT_SHARED -I/opt/local/share/qt4/mkspecs/macx-g++ -I. -I../generatedfiles/moc -I/opt/local/include/qwt -I. -I/opt/local/include/QtGui -I/opt/local/include/QtCore -I/opt/local/include -D__APPLE__ -D__GNUC__ Plot.h -o ../generatedfiles/moc/moc_Plot.cpp
:info:build /opt/local/bin/moc -DQT_NO_DEBUG -DQT_GUI_LIB -DQT_CORE_LIB -DQT_SHARED -I/opt/local/share/qt4/mkspecs/macx-g++ -I. -I../generatedfiles/moc -I/opt/local/include/qwt -I. -I/opt/local/include/QtGui -I/opt/local/include/QtCore -I/opt/local/include -D__APPLE__ -D__GNUC__ PlotZoomer.h -o ../generatedfiles/moc/moc_PlotZoomer.cpp
:info:build /usr/bin/clang++ -c -pipe -O2  -Xarch_x86_64 -mmacosx-version-min=10.7 -w -DQT_NO_DEBUG -DQT_XML_LIB -DQT_GUI_LIB -DQT_CORE_LIB -DQT_SHARED -I/opt/local/share/qt4/mkspecs/macx-g++ -I. -I../generatedfiles/moc -I/opt/local/include/QtXml -I/opt/local/include/QtGui -I/opt/local/include/QtCore -I/opt/local/include -o moc_oms.o ../generatedfiles/moc/moc_oms.cpp
:info:build /opt/local/bin/moc -DQT_NO_DEBUG -DQT_GUI_LIB -DQT_CORE_LIB -DQT_SHARED -I/opt/local/share/qt4/mkspecs/macx-g++ -I. -I../generatedfiles/moc -I/opt/local/include/qwt -I. -I/opt/local/include/QtGui -I/opt/local/include/QtCore -I/opt/local/include -D__APPLE__ -D__GNUC__ Legend.h -o ../generatedfiles/moc/moc_Legend.cpp
:info:build /opt/local/bin/moc -DQT_NO_DEBUG -DQT_GUI_LIB -DQT_CORE_LIB -DQT_SHARED -I/opt/local/share/qt4/mkspecs/macx-g++ -I. -I../generatedfiles/moc -I/opt/local/include/qwt -I. -I/opt/local/include/QtGui -I/opt/local/include/QtCore -I/opt/local/include -D__APPLE__ -D__GNUC__ PlotPanner.h -o ../generatedfiles/moc/moc_PlotPanner.cpp
:info:build /opt/local/bin/moc -DQT_NO_DEBUG -DQT_GUI_LIB -DQT_CORE_LIB -DQT_SHARED -I/opt/local/share/qt4/mkspecs/macx-g++ -I. -I../generatedfiles/moc -I/opt/local/include/qwt -I. -I/opt/local/include/QtGui -I/opt/local/include/QtCore -I/opt/local/include -D__APPLE__ -D__GNUC__ PlotWindow.h -o ../generatedfiles/moc/moc_PlotWindow.cpp
:info:build /usr/bin/clang++ -c -pipe -O2  -Xarch_x86_64 -mmacosx-version-min=10.7 -w -DQT_NO_DEBUG -DQT_XML_LIB -DQT_GUI_LIB -DQT_CORE_LIB -DQT_SHARED -I/opt/local/share/qt4/mkspecs/macx-g++ -I. -I../generatedfiles/moc -I/opt/local/include/QtXml -I/opt/local/include/QtGui -I/opt/local/include/QtCore -I/opt/local/include -o qrc_oms.o ../generatedfiles/rcc/qrc_oms.cpp
:info:build /usr/bin/clang++ -headerpad_max_install_names   -Xarch_x86_64 -mmacosx-version-min=10.7 -o ../bin/OMShell.app/Contents/MacOS/OMShell commandcompletion.o omc_communication.o omc_communicator.o omcinteractiveenvironment.o oms.o main.o moc_commandcompletion.o moc_omc_communicator.o moc_oms.o qrc_oms.o     /opt/local/lib/libomniORB4.a /opt/local/lib/libomnithread.a -lpthread -L/opt/local/lib -lQtXml -lQtGui -lQtCore 
:info:build /opt/local/bin/moc -DQT_NO_DEBUG -DQT_GUI_LIB -DQT_CORE_LIB -DQT_SHARED -I/opt/local/share/qt4/mkspecs/macx-g++ -I. -I../generatedfiles/moc -I/opt/local/include/qwt -I. -I/opt/local/include/QtGui -I/opt/local/include/QtCore -I/opt/local/include -D__APPLE__ -D__GNUC__ PlotApplication.h -o ../generatedfiles/moc/moc_PlotApplication.cpp
:info:build /opt/local/bin/moc -DQT_NO_DEBUG -DQT_GUI_LIB -DQT_CORE_LIB -DQT_SHARED -I/opt/local/share/qt4/mkspecs/macx-g++ -I. -I../generatedfiles/moc -I/opt/local/include/qwt -I. -I/opt/local/include/QtGui -I/opt/local/include/QtCore -I/opt/local/include -D__APPLE__ -D__GNUC__ PlotWindowContainer.h -o ../generatedfiles/moc/moc_PlotWindowContainer.cpp
:info:build /opt/local/bin/moc -DQT_NO_DEBUG -DQT_GUI_LIB -DQT_CORE_LIB -DQT_SHARED -I/opt/local/share/qt4/mkspecs/macx-g++ -I. -I../generatedfiles/moc -I/opt/local/include/qwt -I. -I/opt/local/include/QtGui -I/opt/local/include/QtCore -I/opt/local/include -D__APPLE__ -D__GNUC__ PlotMainWindow.h -o ../generatedfiles/moc/moc_PlotMainWindow.cpp
:info:build make[2]: Leaving directory `/opt/local/var/macports/build/_opt_local_var_macports_sources_build.openmodelica.org_macports_lang_openmodelica-devel/openmodelica-devel/work/openmodelica_12369/OMShell/OMShellGUI'
:info:build mkdir -p ../..//build/share//omshell/nls/
:info:build if [ ".app" = ".app" ]; then cp -rp ../bin/OMShell.app ../..//build/Applications/ ; else cp -p ../bin/OMShell ../..//build/bin/; fi
:info:build cp -p ../..//OMNotebook/OMNotebookGUI/commands.xml ../..//build/share//omshell/
:info:build cp -p OMShell_*.qm ../..//build/share//omshell/nls/
:info:build make[1]: Leaving directory `/opt/local/var/macports/build/_opt_local_var_macports_sources_build.openmodelica.org_macports_lang_openmodelica-devel/openmodelica-devel/work/openmodelica_12369/OMShell/OMShellGUI'
:info:build /usr/bin/make -C OMOptim/OMOptimBasis/build -f Makefile.unix
:info:build make[1]: Entering directory `/opt/local/var/macports/build/_opt_local_var_macports_sources_build.openmodelica.org_macports_lang_openmodelica-devel/openmodelica-devel/work/openmodelica_12369/OMOptim/OMOptimBasis/build'
:info:build sh /opt/local/var/macports/build/_opt_local_var_macports_sources_build.openmodelica.org_macports_lang_openmodelica-devel/openmodelica-devel/work/openmodelica_12369/qmake.sh OMOptimBasis.pro
:info:build WARNING: /opt/local/var/macports/build/_opt_local_var_macports_sources_build.openmodelica.org_macports_lang_openmodelica-devel/openmodelica-devel/work/openmodelica_12369/OMOptim/OMOptimBasis/build/OMOptimBasis.pro:5: Unable to find file for inclusion ../../vars.pri
:info:build /opt/local/bin/rcc -name resource_omplot resource_omplot.qrc -o ../generatedfiles/rcc/qrc_resource_omplot.cpp
:info:build /usr/bin/clang++ -c -pipe -O2  -Xarch_x86_64 -mmacosx-version-min=10.7 -w -fPIC -DQT_NO_DEBUG -DQT_GUI_LIB -DQT_CORE_LIB -DQT_SHARED -I/opt/local/share/qt4/mkspecs/macx-g++ -I. -I../generatedfiles/moc -I/opt/local/include/qwt -I. -I/opt/local/include/QtGui -I/opt/local/include/QtCore -I/opt/local/include -o moc_Plot.o ../generatedfiles/moc/moc_Plot.cpp
:info:build /usr/bin/make -f Makefile
:info:build make[2]: Entering directory `/opt/local/var/macports/build/_opt_local_var_macports_sources_build.openmodelica.org_macports_lang_openmodelica-devel/openmodelica-devel/work/openmodelica_12369/OMOptim/OMOptimBasis/build'
:info:build /opt/local/bin/uic ../GUI/Widgets/WidgetFilesList.ui -o ui_WidgetFilesList.h
:info:build /opt/local/bin/uic ../GUI/Widgets/WidgetMOItem.ui -o ui_WidgetMOItem.h
:info:build /opt/local/bin/uic ../GUI/Tabs/TabGeneric.ui -o ui_TabGeneric.h
:info:build /opt/local/bin/uic ../GUI/Tabs/TabProjectBase.ui -o ui_TabProjectBase.h
:info:build /opt/local/bin/uic ../GUI/Widgets/WidgetProjectBaseInfos.ui -o ui_WidgetProjectBaseInfos.h
:info:build /opt/local/bin/uic ../GUI/Widgets/WidgetSelectVars.ui -o ui_WidgetSelectVars.h
:info:build /opt/local/bin/uic ../GUI/Dialogs/NewProjectBaseForm.ui -o ui_NewProjectBaseForm.h
:info:build /usr/bin/clang++ -c -pipe -O2  -Xarch_x86_64 -mmacosx-version-min=10.7 -w -fPIC -DQT_NO_DEBUG -DQT_XML_LIB -DQT_GUI_LIB -DQT_CORE_LIB -DQT_SHARED -I/opt/local/share/qt4/mkspecs/macx-g++ -I. -I. -I/opt/local/include/qwt -I. -I.. -I../GUI -I../GUI/Widgets -I../GUI/Tools -I../GUI/Dialogs -I../Units -I../Tools -I../Infos -I../FileData -I../Problems -I/opt/local/include/QtXml -I/opt/local/include/QtGui -I/opt/local/include/QtCore -I/opt/local/include -I. -o Variables.o ../Variables.cpp
:info:build /usr/bin/clang++ -c -pipe -O2  -Xarch_x86_64 -mmacosx-version-min=10.7 -w -fPIC -DQT_NO_DEBUG -DQT_GUI_LIB -DQT_CORE_LIB -DQT_SHARED -I/opt/local/share/qt4/mkspecs/macx-g++ -I. -I../generatedfiles/moc -I/opt/local/include/qwt -I. -I/opt/local/include/QtGui -I/opt/local/include/QtCore -I/opt/local/include -o moc_PlotZoomer.o ../generatedfiles/moc/moc_PlotZoomer.cpp
:info:build /usr/bin/clang++ -c -pipe -O2  -Xarch_x86_64 -mmacosx-version-min=10.7 -w -fPIC -DQT_NO_DEBUG -DQT_XML_LIB -DQT_GUI_LIB -DQT_CORE_LIB -DQT_SHARED -I/opt/local/share/qt4/mkspecs/macx-g++ -I. -I. -I/opt/local/include/qwt -I. -I.. -I../GUI -I../GUI/Widgets -I../GUI/Tools -I../GUI/Dialogs -I../Units -I../Tools -I../Infos -I../FileData -I../Problems -I/opt/local/include/QtXml -I/opt/local/include/QtGui -I/opt/local/include/QtCore -I/opt/local/include -I. -o Variable.o ../Variable.cpp
:info:build /usr/bin/clang++ -c -pipe -O2  -Xarch_x86_64 -mmacosx-version-min=10.7 -w -fPIC -DQT_NO_DEBUG -DQT_GUI_LIB -DQT_CORE_LIB -DQT_SHARED -I/opt/local/share/qt4/mkspecs/macx-g++ -I. -I../generatedfiles/moc -I/opt/local/include/qwt -I. -I/opt/local/include/QtGui -I/opt/local/include/QtCore -I/opt/local/include -o moc_Legend.o ../generatedfiles/moc/moc_Legend.cpp
:info:build /usr/bin/clang++ -c -pipe -O2  -Xarch_x86_64 -mmacosx-version-min=10.7 -w -fPIC -DQT_NO_DEBUG -DQT_XML_LIB -DQT_GUI_LIB -DQT_CORE_LIB -DQT_SHARED -I/opt/local/share/qt4/mkspecs/macx-g++ -I. -I. -I/opt/local/include/qwt -I. -I.. -I../GUI -I../GUI/Widgets -I../GUI/Tools -I../GUI/Dialogs -I../Units -I../Tools -I../Infos -I../FileData -I../Problems -I/opt/local/include/QtXml -I/opt/local/include/QtGui -I/opt/local/include/QtCore -I/opt/local/include -I. -o MOThreads.o ../MOThreads.cpp
:info:build /usr/bin/clang++ -c -pipe -O2  -Xarch_x86_64 -mmacosx-version-min=10.7 -w -fPIC -DQT_NO_DEBUG -DQT_XML_LIB -DQT_GUI_LIB -DQT_CORE_LIB -DQT_SHARED -I/opt/local/share/qt4/mkspecs/macx-g++ -I. -I. -I/opt/local/include/qwt -I. -I.. -I../GUI -I../GUI/Widgets -I../GUI/Tools -I../GUI/Dialogs -I../Units -I../Tools -I../Infos -I../FileData -I../Problems -I/opt/local/include/QtXml -I/opt/local/include/QtGui -I/opt/local/include/QtCore -I/opt/local/include -I. -o MOTableView.o ../GUI/MOTableView.cpp
:info:build /usr/bin/clang++ -c -pipe -O2  -Xarch_x86_64 -mmacosx-version-min=10.7 -w -fPIC -DQT_NO_DEBUG -DQT_GUI_LIB -DQT_CORE_LIB -DQT_SHARED -I/opt/local/share/qt4/mkspecs/macx-g++ -I. -I../generatedfiles/moc -I/opt/local/include/qwt -I. -I/opt/local/include/QtGui -I/opt/local/include/QtCore -I/opt/local/include -o moc_PlotPanner.o ../generatedfiles/moc/moc_PlotPanner.cpp
:info:build /usr/bin/clang++ -c -pipe -O2  -Xarch_x86_64 -mmacosx-version-min=10.7 -w -fPIC -DQT_NO_DEBUG -DQT_XML_LIB -DQT_GUI_LIB -DQT_CORE_LIB -DQT_SHARED -I/opt/local/share/qt4/mkspecs/macx-g++ -I. -I. -I/opt/local/include/qwt -I. -I.. -I../GUI -I../GUI/Widgets -I../GUI/Tools -I../GUI/Dialogs -I../Units -I../Tools -I../Infos -I../FileData -I../Problems -I/opt/local/include/QtXml -I/opt/local/include/QtGui -I/opt/local/include/QtCore -I/opt/local/include -I. -o MOParameter.o ../MOParameter.cpp
:info:build /usr/bin/clang++ -c -pipe -O2  -Xarch_x86_64 -mmacosx-version-min=10.7 -w -fPIC -DQT_NO_DEBUG -DQT_GUI_LIB -DQT_CORE_LIB -DQT_SHARED -I/opt/local/share/qt4/mkspecs/macx-g++ -I. -I../generatedfiles/moc -I/opt/local/include/qwt -I. -I/opt/local/include/QtGui -I/opt/local/include/QtCore -I/opt/local/include -o moc_PlotWindow.o ../generatedfiles/moc/moc_PlotWindow.cpp
:info:build /usr/bin/clang++ -c -pipe -O2  -Xarch_x86_64 -mmacosx-version-min=10.7 -w -fPIC -DQT_NO_DEBUG -DQT_XML_LIB -DQT_GUI_LIB -DQT_CORE_LIB -DQT_SHARED -I/opt/local/share/qt4/mkspecs/macx-g++ -I. -I. -I/opt/local/include/qwt -I. -I.. -I../GUI -I../GUI/Widgets -I../GUI/Tools -I../GUI/Dialogs -I../Units -I../Tools -I../Infos -I../FileData -I../Problems -I/opt/local/include/QtXml -I/opt/local/include/QtGui -I/opt/local/include/QtCore -I/opt/local/include -I. -o MOOptVector.o ../MOOptVector.cpp
:info:build /usr/bin/clang++ -c -pipe -O2  -Xarch_x86_64 -mmacosx-version-min=10.7 -w -fPIC -DQT_NO_DEBUG -DQT_XML_LIB -DQT_GUI_LIB -DQT_CORE_LIB -DQT_SHARED -I/opt/local/share/qt4/mkspecs/macx-g++ -I. -I. -I/opt/local/include/qwt -I. -I.. -I../GUI -I../GUI/Widgets -I../GUI/Tools -I../GUI/Dialogs -I../Units -I../Tools -I../Infos -I../FileData -I../Problems -I/opt/local/include/QtXml -I/opt/local/include/QtGui -I/opt/local/include/QtCore -I/opt/local/include -I. -o MOItem.o ../MOItem.cpp
:info:build /usr/bin/clang++ -c -pipe -O2  -Xarch_x86_64 -mmacosx-version-min=10.7 -w -fPIC -DQT_NO_DEBUG -DQT_GUI_LIB -DQT_CORE_LIB -DQT_SHARED -I/opt/local/share/qt4/mkspecs/macx-g++ -I. -I../generatedfiles/moc -I/opt/local/include/qwt -I. -I/opt/local/include/QtGui -I/opt/local/include/QtCore -I/opt/local/include -o moc_PlotApplication.o ../generatedfiles/moc/moc_PlotApplication.cpp
:info:build /usr/bin/clang++ -c -pipe -O2  -Xarch_x86_64 -mmacosx-version-min=10.7 -w -fPIC -DQT_NO_DEBUG -DQT_GUI_LIB -DQT_CORE_LIB -DQT_SHARED -I/opt/local/share/qt4/mkspecs/macx-g++ -I. -I../generatedfiles/moc -I/opt/local/include/qwt -I. -I/opt/local/include/QtGui -I/opt/local/include/QtCore -I/opt/local/include -o moc_PlotWindowContainer.o ../generatedfiles/moc/moc_PlotWindowContainer.cpp
:info:build /usr/bin/clang++ -c -pipe -O2  -Xarch_x86_64 -mmacosx-version-min=10.7 -w -fPIC -DQT_NO_DEBUG -DQT_XML_LIB -DQT_GUI_LIB -DQT_CORE_LIB -DQT_SHARED -I/opt/local/share/qt4/mkspecs/macx-g++ -I. -I. -I/opt/local/include/qwt -I. -I.. -I../GUI -I../GUI/Widgets -I../GUI/Tools -I../GUI/Dialogs -I../Units -I../Tools -I../Infos -I../FileData -I../Problems -I/opt/local/include/QtXml -I/opt/local/include/QtGui -I/opt/local/include/QtCore -I/opt/local/include -I. -o WidgetMOItem.o ../GUI/Widgets/WidgetMOItem.cpp
:info:build /usr/bin/clang++ -c -pipe -O2  -Xarch_x86_64 -mmacosx-version-min=10.7 -w -fPIC -DQT_NO_DEBUG -DQT_XML_LIB -DQT_GUI_LIB -DQT_CORE_LIB -DQT_SHARED -I/opt/local/share/qt4/mkspecs/macx-g++ -I. -I. -I/opt/local/include/qwt -I. -I.. -I../GUI -I../GUI/Widgets -I../GUI/Tools -I../GUI/Dialogs -I../Units -I../Tools -I../Infos -I../FileData -I../Problems -I/opt/local/include/QtXml -I/opt/local/include/QtGui -I/opt/local/include/QtCore -I/opt/local/include -I. -o WidgetFilesList.o ../GUI/Widgets/WidgetFilesList.cpp
:info:build /usr/bin/clang++ -c -pipe -O2  -Xarch_x86_64 -mmacosx-version-min=10.7 -w -fPIC -DQT_NO_DEBUG -DQT_GUI_LIB -DQT_CORE_LIB -DQT_SHARED -I/opt/local/share/qt4/mkspecs/macx-g++ -I. -I../generatedfiles/moc -I/opt/local/include/qwt -I. -I/opt/local/include/QtGui -I/opt/local/include/QtCore -I/opt/local/include -o moc_PlotMainWindow.o ../generatedfiles/moc/moc_PlotMainWindow.cpp
:info:build /usr/bin/clang++ -c -pipe -O2  -Xarch_x86_64 -mmacosx-version-min=10.7 -w -fPIC -DQT_NO_DEBUG -DQT_XML_LIB -DQT_GUI_LIB -DQT_CORE_LIB -DQT_SHARED -I/opt/local/share/qt4/mkspecs/macx-g++ -I. -I. -I/opt/local/include/qwt -I. -I.. -I../GUI -I../GUI/Widgets -I../GUI/Tools -I../GUI/Dialogs -I../Units -I../Tools -I../Infos -I../FileData -I../Problems -I/opt/local/include/QtXml -I/opt/local/include/QtGui -I/opt/local/include/QtCore -I/opt/local/include -I. -o METemperature.o ../Units/METemperature.cpp
:info:build /usr/bin/clang++ -c -pipe -O2  -Xarch_x86_64 -mmacosx-version-min=10.7 -w -fPIC -DQT_NO_DEBUG -DQT_XML_LIB -DQT_GUI_LIB -DQT_CORE_LIB -DQT_SHARED -I/opt/local/share/qt4/mkspecs/macx-g++ -I. -I. -I/opt/local/include/qwt -I. -I.. -I../GUI -I../GUI/Widgets -I../GUI/Tools -I../GUI/Dialogs -I../Units -I../Tools -I../Infos -I../FileData -I../Problems -I/opt/local/include/QtXml -I/opt/local/include/QtGui -I/opt/local/include/QtCore -I/opt/local/include -I. -o MESurface.o ../Units/MESurface.cpp
:info:build /usr/bin/clang++ -c -pipe -O2  -Xarch_x86_64 -mmacosx-version-min=10.7 -w -fPIC -DQT_NO_DEBUG -DQT_GUI_LIB -DQT_CORE_LIB -DQT_SHARED -I/opt/local/share/qt4/mkspecs/macx-g++ -I. -I../generatedfiles/moc -I/opt/local/include/qwt -I. -I/opt/local/include/QtGui -I/opt/local/include/QtCore -I/opt/local/include -o qrc_resource_omplot.o ../generatedfiles/rcc/qrc_resource_omplot.cpp
:info:build rm -f libOMPlot.a
:info:build ar cq libOMPlot.a main.o read_matlab4.o Plot.o PlotZoomer.o Legend.o PlotPanner.o PlotGrid.o PlotCurve.o PlotWindow.o PlotApplication.o PlotWindowContainer.o PlotMainWindow.o moc_Plot.o moc_PlotZoomer.o moc_Legend.o moc_PlotPanner.o moc_PlotWindow.o moc_PlotApplication.o moc_PlotWindowContainer.o moc_PlotMainWindow.o qrc_resource_omplot.o
:info:build ranlib -s libOMPlot.a
:info:build rm -f ../bin/libOMPlot.a
:info:build mv -f libOMPlot.a ../bin/
:info:build /usr/bin/clang++ -c -pipe -O2  -Xarch_x86_64 -mmacosx-version-min=10.7 -w -fPIC -DQT_NO_DEBUG -DQT_XML_LIB -DQT_GUI_LIB -DQT_CORE_LIB -DQT_SHARED -I/opt/local/share/qt4/mkspecs/macx-g++ -I. -I. -I/opt/local/include/qwt -I. -I.. -I../GUI -I../GUI/Widgets -I../GUI/Tools -I../GUI/Dialogs -I../Units -I../Tools -I../Infos -I../FileData -I../Problems -I/opt/local/include/QtXml -I/opt/local/include/QtGui -I/opt/local/include/QtCore -I/opt/local/include -I. -o MESpecHeatCapacity.o ../Units/MESpecHeatCapacity.cpp
:info:build make[2]: Leaving directory `/opt/local/var/macports/build/_opt_local_var_macports_sources_build.openmodelica.org_macports_lang_openmodelica-devel/openmodelica-devel/work/openmodelica_12369/OMPlot/OMPlotGUI'
:info:build /usr/bin/make -f Makefile
:info:build make[2]: Entering directory `/opt/local/var/macports/build/_opt_local_var_macports_sources_build.openmodelica.org_macports_lang_openmodelica-devel/openmodelica-devel/work/openmodelica_12369/OMPlot/OMPlotGUI'
:info:build /usr/bin/clang++ -headerpad_max_install_names  -Xarch_x86_64 -mmacosx-version-min=10.7 -o ../bin/OMPlot.app/Contents/MacOS/OMPlot main.o read_matlab4.o Plot.o PlotZoomer.o Legend.o PlotPanner.o PlotGrid.o PlotCurve.o PlotWindow.o PlotApplication.o PlotWindowContainer.o PlotMainWindow.o moc_Plot.o moc_PlotZoomer.o moc_Legend.o moc_PlotPanner.o moc_PlotWindow.o moc_PlotApplication.o moc_PlotWindowContainer.o moc_PlotMainWindow.o qrc_resource_omplot.o     -lqwt -L/opt/local/lib -lQtSvg -lQtGui -lQtCore 
:info:build make[2]: Leaving directory `/opt/local/var/macports/build/_opt_local_var_macports_sources_build.openmodelica.org_macports_lang_openmodelica-devel/openmodelica-devel/work/openmodelica_12369/OMPlot/OMPlotGUI'
:info:build cp -p ../bin/OMPlot.app/Contents/MacOS/OMPlot ../bin/OMPlot
:info:build cp -p ../bin/OMPlot ../..//build/bin/
:info:build make[1]: Leaving directory `/opt/local/var/macports/build/_opt_local_var_macports_sources_build.openmodelica.org_macports_lang_openmodelica-devel/openmodelica-devel/work/openmodelica_12369/OMPlot/OMPlotGUI'
:info:build /usr/bin/clang++ -c -pipe -O2  -Xarch_x86_64 -mmacosx-version-min=10.7 -w -fPIC -DQT_NO_DEBUG -DQT_XML_LIB -DQT_GUI_LIB -DQT_CORE_LIB -DQT_SHARED -I/opt/local/share/qt4/mkspecs/macx-g++ -I. -I. -I/opt/local/include/qwt -I. -I.. -I../GUI -I../GUI/Widgets -I../GUI/Tools -I../GUI/Dialogs -I../Units -I../Tools -I../Infos -I../FileData -I../Problems -I/opt/local/include/QtXml -I/opt/local/include/QtGui -I/opt/local/include/QtCore -I/opt/local/include -I. -o MEQflow.o ../Units/MEQflow.cpp
:info:build (cp -p doc/*.pdf doc/*.txt doc/OpenModelicaAPI-Howto/*.pdf ./build/share/doc/omc)
:info:build /usr/bin/clang++ -c -pipe -O2  -Xarch_x86_64 -mmacosx-version-min=10.7 -w -fPIC -DQT_NO_DEBUG -DQT_XML_LIB -DQT_GUI_LIB -DQT_CORE_LIB -DQT_SHARED -I/opt/local/share/qt4/mkspecs/macx-g++ -I. -I. -I/opt/local/include/qwt -I. -I.. -I../GUI -I../GUI/Widgets -I../GUI/Tools -I../GUI/Dialogs -I../Units -I../Tools -I../Infos -I../FileData -I../Problems -I/opt/local/include/QtXml -I/opt/local/include/QtGui -I/opt/local/include/QtCore -I/opt/local/include -I. -o MEMassFlow.o ../Units/MEMassFlow.cpp
:info:build /usr/bin/clang++ -c -pipe -O2  -Xarch_x86_64 -mmacosx-version-min=10.7 -w -fPIC -DQT_NO_DEBUG -DQT_XML_LIB -DQT_GUI_LIB -DQT_CORE_LIB -DQT_SHARED -I/opt/local/share/qt4/mkspecs/macx-g++ -I. -I. -I/opt/local/include/qwt -I. -I.. -I../GUI -I../GUI/Widgets -I../GUI/Tools -I../GUI/Dialogs -I../Units -I../Tools -I../Infos -I../FileData -I../Problems -I/opt/local/include/QtXml -I/opt/local/include/QtGui -I/opt/local/include/QtCore -I/opt/local/include -I. -o MEHTCoeff.o ../Units/MEHTCoeff.cpp
:info:build rm -f build/doc/omc/CMakeLists.txt
:info:build (cp -p Examples/*.* ./build/share/doc/omc/testmodels/)
:info:build rm -f ./build/share/doc/omc/testmodels/CMake*.txt
:info:build cp -p ./SimulationRuntime/interactive/README.txt ./build/share/doc/omc/OpenModelica-InteractiveSimulation-README.txt
:info:build # man pages
:info:build (cd doc/manpages/; for f in *.1; do gzip $f -c > ../.././build/share/man//man1/$f.gz && touch -r $f ../.././build/share/man//man1/$f.gz; done)
:info:build /usr/bin/clang++ -c -pipe -O2  -Xarch_x86_64 -mmacosx-version-min=10.7 -w -fPIC -DQT_NO_DEBUG -DQT_XML_LIB -DQT_GUI_LIB -DQT_CORE_LIB -DQT_SHARED -I/opt/local/share/qt4/mkspecs/macx-g++ -I. -I. -I/opt/local/include/qwt -I. -I.. -I../GUI -I../GUI/Widgets -I../GUI/Tools -I../GUI/Dialogs -I../Units -I../Tools -I../Infos -I../FileData -I../Problems -I/opt/local/include/QtXml -I/opt/local/include/QtGui -I/opt/local/include/QtCore -I/opt/local/include -I. -o MEDimValue.o ../Units/MEDimValue.cpp
:info:build /usr/bin/make -C SimulationRuntime/fmi/import -f Makefile
:info:build make[1]: Entering directory `/opt/local/var/macports/build/_opt_local_var_macports_sources_build.openmodelica.org_macports_lang_openmodelica-devel/openmodelica-devel/work/openmodelica_12369/SimulationRuntime/fmi/import'
:info:build /usr/bin/clang -pipe -O2 -arch x86_64 -Wall -pedantic -std=c99 -I"../../../build/include/omc"	  -c -o xmlparser.o xmlparser.c
:info:build /usr/bin/clang -pipe -O2 -arch x86_64 -Wall -pedantic -std=c99 -I"../../../build/include/omc"	  -c -o stack.o stack.c
:info:build sed 's/"/\\"/g' fmuModelica.in | sed 's/^/"/' | sed 's/$/\\n"/' > fmuModelica.h.tmp
:info:build mv fmuModelica.h.tmp fmuModelica.h
:info:build sed 's/"/\\"/g' fmuModelica.unix.in | sed 's/^/"/' | sed 's/$/\\n"/' > fmuModelica.unix.h.tmp
:info:build mv fmuModelica.unix.h.tmp fmuModelica.unix.h
:info:build /usr/bin/clang -pipe -O2 -arch x86_64 -Wall -pedantic -std=c99 -I"../../../build/include/omc"	  -c -o fmuWrapper.o fmuWrapper.c
:info:build fmuWrapper.c:63:9: warning: unused variable 'err_dlopen' [-Wunused-variable]
:info:build   char* err_dlopen;
:info:build         ^
:info:build 1 warning generated.
:info:build /usr/bin/clang -pipe -O2 -arch x86_64 -Wall -pedantic -std=c99 -I"../../../build/include/omc"	  -c -o moGenerator.o moGenerator.c
:info:build /usr/bin/clang++ -c -pipe -O2  -Xarch_x86_64 -mmacosx-version-min=10.7 -w -fPIC -DQT_NO_DEBUG -DQT_XML_LIB -DQT_GUI_LIB -DQT_CORE_LIB -DQT_SHARED -I/opt/local/share/qt4/mkspecs/macx-g++ -I. -I. -I/opt/local/include/qwt -I. -I.. -I../GUI -I../GUI/Widgets -I../GUI/Tools -I../GUI/Dialogs -I../Units -I../Tools -I../Infos -I../FileData -I../Problems -I/opt/local/include/QtXml -I/opt/local/include/QtGui -I/opt/local/include/QtCore -I/opt/local/include -I. -o XMLTools.o ../Tools/XMLTools.cpp
:info:build In file included from moGenerator.c:824:
:info:build ./fmuModelica.unix.h:1:1: warning: string literal of length 12330 exceeds maximum length 4095 that ISO C99 compilers are required to support [-Woverlength-strings]
:info:build "class fmuModelInst\n"
:info:build ^~~~~~~~~~~~~~~~~~~~~~
:info:build moGenerator.c:1167:37: warning: equality comparison with extraneous parentheses [-Wparentheses]
:info:build             if ((tmpSV[j].causality == 0)){
:info:build                  ~~~~~~~~~~~~~~~~~~~^~~~
:info:build moGenerator.c:1167:37: note: remove extraneous parentheses around the comparison to silence this warning
:info:build             if ((tmpSV[j].causality == 0)){
:info:build                 ~                   ^   ~
:info:build moGenerator.c:1167:37: note: use '=' to turn this equality comparison into an assignment
:info:build             if ((tmpSV[j].causality == 0)){
:info:build                                     ^~
:info:build                                     =
:info:build moGenerator.c:1169:43: warning: equality comparison with extraneous parentheses [-Wparentheses]
:info:build             }else if ((tmpSV[j].causality == 1)){
:info:build                        ~~~~~~~~~~~~~~~~~~~^~~~
:info:build moGenerator.c:1169:43: note: remove extraneous parentheses around the comparison to silence this warning
:info:build             }else if ((tmpSV[j].causality == 1)){
:info:build                       ~                   ^   ~
:info:build moGenerator.c:1169:43: note: use '=' to turn this equality comparison into an assignment
:info:build             }else if ((tmpSV[j].causality == 1)){
:info:build                                           ^~
:info:build                                           =
:info:build moGenerator.c:1260:37: warning: equality comparison with extraneous parentheses [-Wparentheses]
:info:build             if ((tmpSV[j].causality == 0)){
:info:build                  ~~~~~~~~~~~~~~~~~~~^~~~
:info:build moGenerator.c:1260:37: note: remove extraneous parentheses around the comparison to silence this warning
:info:build             if ((tmpSV[j].causality == 0)){
:info:build                 ~                   ^   ~
:info:build moGenerator.c:1260:37: note: use '=' to turn this equality comparison into an assignment
:info:build             if ((tmpSV[j].causality == 0)){
:info:build                                     ^~
:info:build                                     =
:info:build moGenerator.c:1262:43: warning: equality comparison with extraneous parentheses [-Wparentheses]
:info:build             }else if ((tmpSV[j].causality == 1)){
:info:build                        ~~~~~~~~~~~~~~~~~~~^~~~
:info:build moGenerator.c:1262:43: note: remove extraneous parentheses around the comparison to silence this warning
:info:build             }else if ((tmpSV[j].causality == 1)){
:info:build                       ~                   ^   ~
:info:build moGenerator.c:1262:43: note: use '=' to turn this equality comparison into an assignment
:info:build             }else if ((tmpSV[j].causality == 1)){
:info:build                                           ^~
:info:build                                           =
:info:build moGenerator.c:1318:37: warning: equality comparison with extraneous parentheses [-Wparentheses]
:info:build             if ((tmpSV[j].causality == 0)){
:info:build                  ~~~~~~~~~~~~~~~~~~~^~~~
:info:build moGenerator.c:1318:37: note: remove extraneous parentheses around the comparison to silence this warning
:info:build             if ((tmpSV[j].causality == 0)){
:info:build                 ~                   ^   ~
:info:build moGenerator.c:1318:37: note: use '=' to turn this equality comparison into an assignment
:info:build             if ((tmpSV[j].causality == 0)){
:info:build                                     ^~
:info:build                                     =
:info:build moGenerator.c:1320:43: warning: equality comparison with extraneous parentheses [-Wparentheses]
:info:build             }else if ((tmpSV[j].causality == 1)){
:info:build                        ~~~~~~~~~~~~~~~~~~~^~~~
:info:build moGenerator.c:1320:43: note: remove extraneous parentheses around the comparison to silence this warning
:info:build             }else if ((tmpSV[j].causality == 1)){
:info:build                       ~                   ^   ~
:info:build moGenerator.c:1320:43: note: use '=' to turn this equality comparison into an assignment
:info:build             }else if ((tmpSV[j].causality == 1)){
:info:build                                           ^~
:info:build                                           =
:info:build moGenerator.c:1371:37: warning: equality comparison with extraneous parentheses [-Wparentheses]
:info:build             if ((tmpSV[j].causality == 0)){
:info:build                  ~~~~~~~~~~~~~~~~~~~^~~~
:info:build moGenerator.c:1371:37: note: remove extraneous parentheses around the comparison to silence this warning
:info:build             if ((tmpSV[j].causality == 0)){
:info:build                 ~                   ^   ~
:info:build moGenerator.c:1371:37: note: use '=' to turn this equality comparison into an assignment
:info:build             if ((tmpSV[j].causality == 0)){
:info:build                                     ^~
:info:build                                     =
:info:build moGenerator.c:1373:43: warning: equality comparison with extraneous parentheses [-Wparentheses]
:info:build             }else if ((tmpSV[j].causality == 1)){
:info:build                        ~~~~~~~~~~~~~~~~~~~^~~~
:info:build moGenerator.c:1373:43: note: remove extraneous parentheses around the comparison to silence this warning
:info:build             }else if ((tmpSV[j].causality == 1)){
:info:build                       ~                   ^   ~
:info:build moGenerator.c:1373:43: note: use '=' to turn this equality comparison into an assignment
:info:build             }else if ((tmpSV[j].causality == 1)){
:info:build                                           ^~
:info:build                                           =
:info:build moGenerator.c:2129:8: warning: unused variable 'omPath' [-Wunused-variable]
:info:build   char omPath[PATHSIZE]; /* OpenModelica installation directory */
:info:build        ^
:info:build /usr/bin/clang++ -c -pipe -O2  -Xarch_x86_64 -mmacosx-version-min=10.7 -w -fPIC -DQT_NO_DEBUG -DQT_XML_LIB -DQT_GUI_LIB -DQT_CORE_LIB -DQT_SHARED -I/opt/local/share/qt4/mkspecs/macx-g++ -I. -I. -I/opt/local/include/qwt -I. -I.. -I../GUI -I../GUI/Widgets -I../GUI/Tools -I../GUI/Dialogs -I../Units -I../Tools -I../Infos -I../FileData -I../Problems -I/opt/local/include/QtXml -I/opt/local/include/QtGui -I/opt/local/include/QtCore -I/opt/local/include -I. -o LowTools.o ../Tools/LowTools.cpp
:info:build 10 warnings generated.
:info:build ar -ru ../../../build/lib/omc/libfmuWrapper.a fmuWrapper.o
:info:build ar: creating archive ../../../build/lib/omc/libfmuWrapper.a
:info:build /usr/bin/clang -Wall -o ../../../build/bin/fmigenerator -I"../../../build/include/omc"	 xmlparser.o stack.o moGenerator.o  -lexpat -ldl
:info:build make[1]: Leaving directory `/opt/local/var/macports/build/_opt_local_var_macports_sources_build.openmodelica.org_macports_lang_openmodelica-devel/openmodelica-devel/work/openmodelica_12369/SimulationRuntime/fmi/import'
:info:build (cp -p SimulationRuntime/fmi/import/fmuWrapper.h SimulationRuntime/fmi/import/xmlparser.h ./build/include/omc)
:info:build /usr/bin/make -C OMNotebook/OMNotebookGUI -f Makefile.unix 
:info:build make[1]: Entering directory `/opt/local/var/macports/build/_opt_local_var_macports_sources_build.openmodelica.org_macports_lang_openmodelica-devel/openmodelica-devel/work/openmodelica_12369/OMNotebook/OMNotebookGUI'
:info:build sh /opt/local/var/macports/build/_opt_local_var_macports_sources_build.openmodelica.org_macports_lang_openmodelica-devel/openmodelica-devel/work/openmodelica_12369/qmake.sh
:info:build WARNING: Failure to find: omc_communication.cc
:info:build WARNING: Failure to find: omc_communication.h
:info:build /usr/bin/clang++ -c -pipe -O2  -Xarch_x86_64 -mmacosx-version-min=10.7 -w -fPIC -DQT_NO_DEBUG -DQT_XML_LIB -DQT_GUI_LIB -DQT_CORE_LIB -DQT_SHARED -I/opt/local/share/qt4/mkspecs/macx-g++ -I. -I. -I/opt/local/include/qwt -I. -I.. -I../GUI -I../GUI/Widgets -I../GUI/Tools -I../GUI/Dialogs -I../Units -I../Tools -I../Infos -I../FileData -I../Problems -I/opt/local/include/QtXml -I/opt/local/include/QtGui -I/opt/local/include/QtCore -I/opt/local/include -I. -o Results.o ../Problems/Results.cpp
:info:build /usr/bin/clang++ -c -pipe -O2  -Xarch_x86_64 -mmacosx-version-min=10.7 -w -fPIC -DQT_NO_DEBUG -DQT_XML_LIB -DQT_GUI_LIB -DQT_CORE_LIB -DQT_SHARED -I/opt/local/share/qt4/mkspecs/macx-g++ -I. -I. -I/opt/local/include/qwt -I. -I.. -I../GUI -I../GUI/Widgets -I../GUI/Tools -I../GUI/Dialogs -I../Units -I../Tools -I../Infos -I../FileData -I../Problems -I/opt/local/include/QtXml -I/opt/local/include/QtGui -I/opt/local/include/QtCore -I/opt/local/include -I. -o Result.o ../Problems/Result.cpp
:info:build /opt/local/bin/omniidl -bcxx -Wbh=.h -Wbs=.cc ../..//Compiler/runtime//omc_communication.idl
:info:build /usr/bin/make -f Makefile
:info:build make[2]: Entering directory `/opt/local/var/macports/build/_opt_local_var_macports_sources_build.openmodelica.org_macports_lang_openmodelica-devel/openmodelica-devel/work/openmodelica_12369/OMNotebook/OMNotebookGUI'
:info:build /opt/local/bin/uic ImageSizeDlg.ui -o ../generatedfiles/ui/ui_ImageSizeDlg.h
:info:build /opt/local/bin/uic OtherDlg.ui -o ../generatedfiles/ui/ui_OtherDlg.h
:info:build /opt/local/bin/uic searchform.ui -o ../generatedfiles/ui/ui_searchform.h
:info:build /usr/bin/clang++ -c -pipe -O2  -Xarch_x86_64 -mmacosx-version-min=10.7 -w -DUSE_OMNIORB -DQT_NO_DEBUG -DQT_SVG_LIB -DQT_XML_LIB -DQT_GUI_LIB -DQT_NETWORK_LIB -DQT_CORE_LIB -DQT_SHARED -I/opt/local/share/qt4/mkspecs/macx-g++ -I. -I../generatedfiles/moc -I/opt/local/include/qwt -I../../OMPlot/OMPlotGUI -I../OMSketch -I../.. -I. -I/opt/local/include/QtSvg -I/opt/local/include/QtXml -I/opt/local/include/QtGui -I/opt/local/include/QtNetwork -I/opt/local/include/QtCore -I/opt/local/include -I../generatedfiles/ui -o cellapplication.o cellapplication.cpp
:info:build /usr/bin/clang++ -c -pipe -O2  -Xarch_x86_64 -mmacosx-version-min=10.7 -w -fPIC -DQT_NO_DEBUG -DQT_XML_LIB -DQT_GUI_LIB -DQT_CORE_LIB -DQT_SHARED -I/opt/local/share/qt4/mkspecs/macx-g++ -I. -I. -I/opt/local/include/qwt -I. -I.. -I../GUI -I../GUI/Widgets -I../GUI/Tools -I../GUI/Dialogs -I../Units -I../Tools -I../Infos -I../FileData -I../Problems -I/opt/local/include/QtXml -I/opt/local/include/QtGui -I/opt/local/include/QtCore -I/opt/local/include -I. -o Problems.o ../Problems/Problems.cpp
:info:build /usr/bin/clang++ -c -pipe -O2  -Xarch_x86_64 -mmacosx-version-min=10.7 -w -fPIC -DQT_NO_DEBUG -DQT_XML_LIB -DQT_GUI_LIB -DQT_CORE_LIB -DQT_SHARED -I/opt/local/share/qt4/mkspecs/macx-g++ -I. -I. -I/opt/local/include/qwt -I. -I.. -I../GUI -I../GUI/Widgets -I../GUI/Tools -I../GUI/Dialogs -I../Units -I../Tools -I../Infos -I../FileData -I../Problems -I/opt/local/include/QtXml -I/opt/local/include/QtGui -I/opt/local/include/QtCore -I/opt/local/include -I. -o ProblemInterface.o ../Problems/ProblemInterface.cpp
:info:build /usr/bin/clang++ -c -pipe -O2  -Xarch_x86_64 -mmacosx-version-min=10.7 -w -fPIC -DQT_NO_DEBUG -DQT_XML_LIB -DQT_GUI_LIB -DQT_CORE_LIB -DQT_SHARED -I/opt/local/share/qt4/mkspecs/macx-g++ -I. -I. -I/opt/local/include/qwt -I. -I.. -I../GUI -I../GUI/Widgets -I../GUI/Tools -I../GUI/Dialogs -I../Units -I../Tools -I../Infos -I../FileData -I../Problems -I/opt/local/include/QtXml -I/opt/local/include/QtGui -I/opt/local/include/QtCore -I/opt/local/include -I. -o ProblemConfig.o ../Problems/ProblemConfig.cpp
:info:build /usr/bin/clang++ -c -pipe -O2  -Xarch_x86_64 -mmacosx-version-min=10.7 -w -fPIC -DQT_NO_DEBUG -DQT_XML_LIB -DQT_GUI_LIB -DQT_CORE_LIB -DQT_SHARED -I/opt/local/share/qt4/mkspecs/macx-g++ -I. -I. -I/opt/local/include/qwt -I. -I.. -I../GUI -I../GUI/Widgets -I../GUI/Tools -I../GUI/Dialogs -I../Units -I../Tools -I../Infos -I../FileData -I../Problems -I/opt/local/include/QtXml -I/opt/local/include/QtGui -I/opt/local/include/QtCore -I/opt/local/include -I. -o Problem.o ../Problems/Problem.cpp
:info:build /usr/bin/clang++ -c -pipe -O2  -Xarch_x86_64 -mmacosx-version-min=10.7 -w -DUSE_OMNIORB -DQT_NO_DEBUG -DQT_SVG_LIB -DQT_XML_LIB -DQT_GUI_LIB -DQT_NETWORK_LIB -DQT_CORE_LIB -DQT_SHARED -I/opt/local/share/qt4/mkspecs/macx-g++ -I. -I../generatedfiles/moc -I/opt/local/include/qwt -I../../OMPlot/OMPlotGUI -I../OMSketch -I../.. -I. -I/opt/local/include/QtSvg -I/opt/local/include/QtXml -I/opt/local/include/QtGui -I/opt/local/include/QtNetwork -I/opt/local/include/QtCore -I/opt/local/include -I../generatedfiles/ui -o cellparserfactory.o cellparserfactory.cpp
:info:build /usr/bin/clang++ -c -pipe -O2  -Xarch_x86_64 -mmacosx-version-min=10.7 -w -fPIC -DQT_NO_DEBUG -DQT_XML_LIB -DQT_GUI_LIB -DQT_CORE_LIB -DQT_SHARED -I/opt/local/share/qt4/mkspecs/macx-g++ -I. -I. -I/opt/local/include/qwt -I. -I.. -I../GUI -I../GUI/Widgets -I../GUI/Tools -I../GUI/Dialogs -I../Units -I../Tools -I../Infos -I../FileData -I../Problems -I/opt/local/include/QtXml -I/opt/local/include/QtGui -I/opt/local/include/QtCore -I/opt/local/include -I. -o OMCases.o ../Problems/OMCases.cpp
:info:build /usr/bin/clang++ -c -pipe -O2  -Xarch_x86_64 -mmacosx-version-min=10.7 -w -DUSE_OMNIORB -DQT_NO_DEBUG -DQT_SVG_LIB -DQT_XML_LIB -DQT_GUI_LIB -DQT_NETWORK_LIB -DQT_CORE_LIB -DQT_SHARED -I/opt/local/share/qt4/mkspecs/macx-g++ -I. -I../generatedfiles/moc -I/opt/local/include/qwt -I../../OMPlot/OMPlotGUI -I../OMSketch -I../.. -I. -I/opt/local/include/QtSvg -I/opt/local/include/QtXml -I/opt/local/include/QtGui -I/opt/local/include/QtNetwork -I/opt/local/include/QtCore -I/opt/local/include -I../generatedfiles/ui -o omc_communicator.o omc_communicator.cpp
:info:build /usr/bin/clang++ -c -pipe -O2  -Xarch_x86_64 -mmacosx-version-min=10.7 -w -fPIC -DQT_NO_DEBUG -DQT_XML_LIB -DQT_GUI_LIB -DQT_CORE_LIB -DQT_SHARED -I/opt/local/share/qt4/mkspecs/macx-g++ -I. -I. -I/opt/local/include/qwt -I. -I.. -I../GUI -I../GUI/Widgets -I../GUI/Tools -I../GUI/Dialogs -I../Units -I../Tools -I../Infos -I../FileData -I../Problems -I/opt/local/include/QtXml -I/opt/local/include/QtGui -I/opt/local/include/QtCore -I/opt/local/include -I. -o OMCase.o ../Problems/OMCase.cpp
:info:build /usr/bin/clang++ -c -pipe -O2  -Xarch_x86_64 -mmacosx-version-min=10.7 -w -fPIC -DQT_NO_DEBUG -DQT_XML_LIB -DQT_GUI_LIB -DQT_CORE_LIB -DQT_SHARED -I/opt/local/share/qt4/mkspecs/macx-g++ -I. -I. -I/opt/local/include/qwt -I. -I.. -I../GUI -I../GUI/Widgets -I../GUI/Tools -I../GUI/Dialogs -I../Units -I../Tools -I../Infos -I../FileData -I../Problems -I/opt/local/include/QtXml -I/opt/local/include/QtGui -I/opt/local/include/QtCore -I/opt/local/include -I. -o InfoSender.o ../Infos/InfoSender.cpp
:info:build /usr/bin/clang++ -c -pipe -O2  -Xarch_x86_64 -mmacosx-version-min=10.7 -w -DUSE_OMNIORB -DQT_NO_DEBUG -DQT_SVG_LIB -DQT_XML_LIB -DQT_GUI_LIB -DQT_NETWORK_LIB -DQT_CORE_LIB -DQT_SHARED -I/opt/local/share/qt4/mkspecs/macx-g++ -I. -I../generatedfiles/moc -I/opt/local/include/qwt -I../../OMPlot/OMPlotGUI -I../OMSketch -I../.. -I. -I/opt/local/include/QtSvg -I/opt/local/include/QtXml -I/opt/local/include/QtGui -I/opt/local/include/QtNetwork -I/opt/local/include/QtCore -I/opt/local/include -I../generatedfiles/ui -o omc_communication.o omc_communication.cc
:info:build /usr/bin/clang++ -c -pipe -O2  -Xarch_x86_64 -mmacosx-version-min=10.7 -w -fPIC -DQT_NO_DEBUG -DQT_XML_LIB -DQT_GUI_LIB -DQT_CORE_LIB -DQT_SHARED -I/opt/local/share/qt4/mkspecs/macx-g++ -I. -I. -I/opt/local/include/qwt -I. -I.. -I../GUI -I../GUI/Widgets -I../GUI/Tools -I../GUI/Dialogs -I../Units -I../Tools -I../Infos -I../FileData -I../Problems -I/opt/local/include/QtXml -I/opt/local/include/QtGui -I/opt/local/include/QtCore -I/opt/local/include -I. -o Info.o ../Infos/Info.cpp
:info:build /usr/bin/clang++ -c -pipe -O2  -Xarch_x86_64 -mmacosx-version-min=10.7 -w -DUSE_OMNIORB -DQT_NO_DEBUG -DQT_SVG_LIB -DQT_XML_LIB -DQT_GUI_LIB -DQT_NETWORK_LIB -DQT_CORE_LIB -DQT_SHARED -I/opt/local/share/qt4/mkspecs/macx-g++ -I. -I../generatedfiles/moc -I/opt/local/include/qwt -I../../OMPlot/OMPlotGUI -I../OMSketch -I../.. -I. -I/opt/local/include/QtSvg -I/opt/local/include/QtXml -I/opt/local/include/QtGui -I/opt/local/include/QtNetwork -I/opt/local/include/QtCore -I/opt/local/include -I../generatedfiles/ui -o stylesheet.o stylesheet.cpp
:info:build /usr/bin/clang++ -c -pipe -O2  -Xarch_x86_64 -mmacosx-version-min=10.7 -w -fPIC -DQT_NO_DEBUG -DQT_XML_LIB -DQT_GUI_LIB -DQT_CORE_LIB -DQT_SHARED -I/opt/local/share/qt4/mkspecs/macx-g++ -I. -I. -I/opt/local/include/qwt -I. -I.. -I../GUI -I../GUI/Widgets -I../GUI/Tools -I../GUI/Dialogs -I../Units -I../Tools -I../Infos -I../FileData -I../Problems -I/opt/local/include/QtXml -I/opt/local/include/QtGui -I/opt/local/include/QtCore -I/opt/local/include -I. -o qsciencespinbox.o ../GUI/Tools/qsciencespinbox.cpp
:info:build /usr/bin/clang++ -c -pipe -O2  -Xarch_x86_64 -mmacosx-version-min=10.7 -w -fPIC -DQT_NO_DEBUG -DQT_XML_LIB -DQT_GUI_LIB -DQT_CORE_LIB -DQT_SHARED -I/opt/local/share/qt4/mkspecs/macx-g++ -I. -I. -I/opt/local/include/qwt -I. -I.. -I../GUI -I../GUI/Widgets -I../GUI/Tools -I../GUI/Dialogs -I../Units -I../Tools -I../Infos -I../FileData -I../Problems -I/opt/local/include/QtXml -I/opt/local/include/QtGui -I/opt/local/include/QtCore -I/opt/local/include -I. -o XML.o ../FileData/XML.cpp
:info:build /usr/bin/clang++ -c -pipe -O2  -Xarch_x86_64 -mmacosx-version-min=10.7 -w -DUSE_OMNIORB -DQT_NO_DEBUG -DQT_SVG_LIB -DQT_XML_LIB -DQT_GUI_LIB -DQT_NETWORK_LIB -DQT_CORE_LIB -DQT_SHARED -I/opt/local/share/qt4/mkspecs/macx-g++ -I. -I../generatedfiles/moc -I/opt/local/include/qwt -I../../OMPlot/OMPlotGUI -I../OMSketch -I../.. -I. -I/opt/local/include/QtSvg -I/opt/local/include/QtXml -I/opt/local/include/QtGui -I/opt/local/include/QtNetwork -I/opt/local/include/QtCore -I/opt/local/include -I../generatedfiles/ui -o cellcommandcenter.o cellcommandcenter.cpp
:info:build /usr/bin/clang++ -c -pipe -O2  -Xarch_x86_64 -mmacosx-version-min=10.7 -w -fPIC -DQT_NO_DEBUG -DQT_XML_LIB -DQT_GUI_LIB -DQT_CORE_LIB -DQT_SHARED -I/opt/local/share/qt4/mkspecs/macx-g++ -I. -I. -I/opt/local/include/qwt -I. -I.. -I../GUI -I../GUI/Widgets -I../GUI/Tools -I../GUI/Dialogs -I../Units -I../Tools -I../Infos -I../FileData -I../Problems -I/opt/local/include/QtXml -I/opt/local/include/QtGui -I/opt/local/include/QtCore -I/opt/local/include -I. -o Save.o ../FileData/Save.cpp
:info:build /usr/bin/clang++ -c -pipe -O2  -Xarch_x86_64 -mmacosx-version-min=10.7 -w -DUSE_OMNIORB -DQT_NO_DEBUG -DQT_SVG_LIB -DQT_XML_LIB -DQT_GUI_LIB -DQT_NETWORK_LIB -DQT_CORE_LIB -DQT_SHARED -I/opt/local/share/qt4/mkspecs/macx-g++ -I. -I../generatedfiles/moc -I/opt/local/include/qwt -I../../OMPlot/OMPlotGUI -I../OMSketch -I../.. -I. -I/opt/local/include/QtSvg -I/opt/local/include/QtXml -I/opt/local/include/QtGui -I/opt/local/include/QtNetwork -I/opt/local/include/QtCore -I/opt/local/include -I../generatedfiles/ui -o chaptercountervisitor.o chaptercountervisitor.cpp
:info:build /usr/bin/clang++ -c -pipe -O2  -Xarch_x86_64 -mmacosx-version-min=10.7 -w -fPIC -DQT_NO_DEBUG -DQT_XML_LIB -DQT_GUI_LIB -DQT_CORE_LIB -DQT_SHARED -I/opt/local/share/qt4/mkspecs/macx-g++ -I. -I. -I/opt/local/include/qwt -I. -I.. -I../GUI -I../GUI/Widgets -I../GUI/Tools -I../GUI/Dialogs -I../Units -I../Tools -I../Infos -I../FileData -I../Problems -I/opt/local/include/QtXml -I/opt/local/include/QtGui -I/opt/local/include/QtCore -I/opt/local/include -I. -o Load.o ../FileData/Load.cpp
:info:build /usr/bin/clang++ -c -pipe -O2  -Xarch_x86_64 -mmacosx-version-min=10.7 -w -DUSE_OMNIORB -DQT_NO_DEBUG -DQT_SVG_LIB -DQT_XML_LIB -DQT_GUI_LIB -DQT_NETWORK_LIB -DQT_CORE_LIB -DQT_SHARED -I/opt/local/share/qt4/mkspecs/macx-g++ -I. -I../generatedfiles/moc -I/opt/local/include/qwt -I../../OMPlot/OMPlotGUI -I../OMSketch -I../.. -I. -I/opt/local/include/QtSvg -I/opt/local/include/QtXml -I/opt/local/include/QtGui -I/opt/local/include/QtNetwork -I/opt/local/include/QtCore -I/opt/local/include -I../generatedfiles/ui -o omcinteractiveenvironment.o omcinteractiveenvironment.cpp
:info:build /usr/bin/clang++ -c -pipe -O2  -Xarch_x86_64 -mmacosx-version-min=10.7 -w -fPIC -DQT_NO_DEBUG -DQT_XML_LIB -DQT_GUI_LIB -DQT_CORE_LIB -DQT_SHARED -I/opt/local/share/qt4/mkspecs/macx-g++ -I. -I. -I/opt/local/include/qwt -I. -I.. -I../GUI -I../GUI/Widgets -I../GUI/Tools -I../GUI/Dialogs -I../Units -I../Tools -I../Infos -I../FileData -I../Problems -I/opt/local/include/QtXml -I/opt/local/include/QtGui -I/opt/local/include/QtCore -I/opt/local/include -I. -o CSVBase.o ../FileData/CSVBase.cpp
:info:build /usr/bin/clang++ -c -pipe -O2  -Xarch_x86_64 -mmacosx-version-min=10.7 -w -DUSE_OMNIORB -DQT_NO_DEBUG -DQT_SVG_LIB -DQT_XML_LIB -DQT_GUI_LIB -DQT_NETWORK_LIB -DQT_CORE_LIB -DQT_SHARED -I/opt/local/share/qt4/mkspecs/macx-g++ -I. -I../generatedfiles/moc -I/opt/local/include/qwt -I../../OMPlot/OMPlotGUI -I../OMSketch -I../.. -I. -I/opt/local/include/QtSvg -I/opt/local/include/QtXml -I/opt/local/include/QtGui -I/opt/local/include/QtNetwork -I/opt/local/include/QtCore -I/opt/local/include -I../generatedfiles/ui -o textcell.o textcell.cpp
:info:build /usr/bin/clang++ -c -pipe -O2  -Xarch_x86_64 -mmacosx-version-min=10.7 -w -fPIC -DQT_NO_DEBUG -DQT_XML_LIB -DQT_GUI_LIB -DQT_CORE_LIB -DQT_SHARED -I/opt/local/share/qt4/mkspecs/macx-g++ -I. -I. -I/opt/local/include/qwt -I. -I.. -I../GUI -I../GUI/Widgets -I../GUI/Tools -I../GUI/Dialogs -I../Units -I../Tools -I../Infos -I../FileData -I../Problems -I/opt/local/include/QtXml -I/opt/local/include/QtGui -I/opt/local/include/QtCore -I/opt/local/include -I. -o ProjectBase.o ../ProjectBase.cpp
:info:build /usr/bin/clang++ -c -pipe -O2  -Xarch_x86_64 -mmacosx-version-min=10.7 -w -DUSE_OMNIORB -DQT_NO_DEBUG -DQT_SVG_LIB -DQT_XML_LIB -DQT_GUI_LIB -DQT_NETWORK_LIB -DQT_CORE_LIB -DQT_SHARED -I/opt/local/share/qt4/mkspecs/macx-g++ -I. -I../generatedfiles/moc -I/opt/local/include/qwt -I../../OMPlot/OMPlotGUI -I../OMSketch -I../.. -I. -I/opt/local/include/QtSvg -I/opt/local/include/QtXml -I/opt/local/include/QtGui -I/opt/local/include/QtNetwork -I/opt/local/include/QtCore -I/opt/local/include -I../generatedfiles/ui -o cellcommands.o cellcommands.cpp
:info:build /usr/bin/clang++ -c -pipe -O2  -Xarch_x86_64 -mmacosx-version-min=10.7 -w -fPIC -DQT_NO_DEBUG -DQT_XML_LIB -DQT_GUI_LIB -DQT_CORE_LIB -DQT_SHARED -I/opt/local/share/qt4/mkspecs/macx-g++ -I. -I. -I/opt/local/include/qwt -I. -I.. -I../GUI -I../GUI/Widgets -I../GUI/Tools -I../GUI/Dialogs -I../Units -I../Tools -I../Infos -I../FileData -I../Problems -I/opt/local/include/QtXml -I/opt/local/include/QtGui -I/opt/local/include/QtCore -I/opt/local/include -I. -o MOSettings.o ../MOSettings.cpp
:info:build /usr/bin/clang++ -c -pipe -O2  -Xarch_x86_64 -mmacosx-version-min=10.7 -w -fPIC -DQT_NO_DEBUG -DQT_XML_LIB -DQT_GUI_LIB -DQT_CORE_LIB -DQT_SHARED -I/opt/local/share/qt4/mkspecs/macx-g++ -I. -I. -I/opt/local/include/qwt -I. -I.. -I../GUI -I../GUI/Widgets -I../GUI/Tools -I../GUI/Dialogs -I../Units -I../Tools -I../Infos -I../FileData -I../Problems -I/opt/local/include/QtXml -I/opt/local/include/QtGui -I/opt/local/include/QtCore -I/opt/local/include -I. -o HighTools.o ../Tools/HighTools.cpp
:info:build /usr/bin/clang++ -c -pipe -O2  -Xarch_x86_64 -mmacosx-version-min=10.7 -w -DUSE_OMNIORB -DQT_NO_DEBUG -DQT_SVG_LIB -DQT_XML_LIB -DQT_GUI_LIB -DQT_NETWORK_LIB -DQT_CORE_LIB -DQT_SHARED -I/opt/local/share/qt4/mkspecs/macx-g++ -I. -I../generatedfiles/moc -I/opt/local/include/qwt -I../../OMPlot/OMPlotGUI -I../OMSketch -I../.. -I. -I/opt/local/include/QtSvg -I/opt/local/include/QtXml -I/opt/local/include/QtGui -I/opt/local/include/QtNetwork -I/opt/local/include/QtCore -I/opt/local/include -I../generatedfiles/ui -o commandcompletion.o commandcompletion.cpp
:info:build /usr/bin/clang++ -c -pipe -O2  -Xarch_x86_64 -mmacosx-version-min=10.7 -w -fPIC -DQT_NO_DEBUG -DQT_XML_LIB -DQT_GUI_LIB -DQT_CORE_LIB -DQT_SHARED -I/opt/local/share/qt4/mkspecs/macx-g++ -I. -I. -I/opt/local/include/qwt -I. -I.. -I../GUI -I../GUI/Widgets -I../GUI/Tools -I../GUI/Dialogs -I../Units -I../Tools -I../Infos -I../FileData -I../Problems -I/opt/local/include/QtXml -I/opt/local/include/QtGui -I/opt/local/include/QtCore -I/opt/local/include -I. -o MOParametersDlg.o ../GUI/Dialogs/MOParametersDlg.cpp
:info:build /usr/bin/clang++ -c -pipe -O2  -Xarch_x86_64 -mmacosx-version-min=10.7 -w -DUSE_OMNIORB -DQT_NO_DEBUG -DQT_SVG_LIB -DQT_XML_LIB -DQT_GUI_LIB -DQT_NETWORK_LIB -DQT_CORE_LIB -DQT_SHARED -I/opt/local/share/qt4/mkspecs/macx-g++ -I. -I../generatedfiles/moc -I/opt/local/include/qwt -I../../OMPlot/OMPlotGUI -I../OMSketch -I../.. -I. -I/opt/local/include/QtSvg -I/opt/local/include/QtXml -I/opt/local/include/QtGui -I/opt/local/include/QtNetwork -I/opt/local/include/QtCore -I/opt/local/include -I../generatedfiles/ui -o openmodelicahighlighter.o openmodelicahighlighter.cpp
:info:build /usr/bin/clang++ -c -pipe -O2  -Xarch_x86_64 -mmacosx-version-min=10.7 -w -DUSE_OMNIORB -DQT_NO_DEBUG -DQT_SVG_LIB -DQT_XML_LIB -DQT_GUI_LIB -DQT_NETWORK_LIB -DQT_CORE_LIB -DQT_SHARED -I/opt/local/share/qt4/mkspecs/macx-g++ -I. -I../generatedfiles/moc -I/opt/local/include/qwt -I../../OMPlot/OMPlotGUI -I../OMSketch -I../.. -I. -I/opt/local/include/QtSvg -I/opt/local/include/QtXml -I/opt/local/include/QtGui -I/opt/local/include/QtNetwork -I/opt/local/include/QtCore -I/opt/local/include -I../generatedfiles/ui -o textcursorcommands.o textcursorcommands.cpp
:info:build /usr/bin/clang++ -c -pipe -O2  -Xarch_x86_64 -mmacosx-version-min=10.7 -w -fPIC -DQT_NO_DEBUG -DQT_XML_LIB -DQT_GUI_LIB -DQT_CORE_LIB -DQT_SHARED -I/opt/local/share/qt4/mkspecs/macx-g++ -I. -I. -I/opt/local/include/qwt -I. -I.. -I../GUI -I../GUI/Widgets -I../GUI/Tools -I../GUI/Dialogs -I../Units -I../Tools -I../Infos -I../FileData -I../Problems -I/opt/local/include/QtXml -I/opt/local/include/QtGui -I/opt/local/include/QtCore -I/opt/local/include -I. -o OMProcess.o ../Tools/OMProcess.cpp
:info:build /usr/bin/clang++ -c -pipe -O2  -Xarch_x86_64 -mmacosx-version-min=10.7 -w -fPIC -DQT_NO_DEBUG -DQT_XML_LIB -DQT_GUI_LIB -DQT_CORE_LIB -DQT_SHARED -I/opt/local/share/qt4/mkspecs/macx-g++ -I. -I. -I/opt/local/include/qwt -I. -I.. -I../GUI -I../GUI/Widgets -I../GUI/Tools -I../GUI/Dialogs -I../Units -I../Tools -I../Infos -I../FileData -I../Problems -I/opt/local/include/QtXml -I/opt/local/include/QtGui -I/opt/local/include/QtCore -I/opt/local/include -I. -o MyTreeView.o ../GUI/Tools/MyTreeView.cpp
:info:build /usr/bin/clang++ -c -pipe -O2  -Xarch_x86_64 -mmacosx-version-min=10.7 -w -DUSE_OMNIORB -DQT_NO_DEBUG -DQT_SVG_LIB -DQT_XML_LIB -DQT_GUI_LIB -DQT_NETWORK_LIB -DQT_CORE_LIB -DQT_SHARED -I/opt/local/share/qt4/mkspecs/macx-g++ -I. -I../generatedfiles/moc -I/opt/local/include/qwt -I../../OMPlot/OMPlotGUI -I../OMSketch -I../.. -I. -I/opt/local/include/QtSvg -I/opt/local/include/QtXml -I/opt/local/include/QtGui -I/opt/local/include/QtNetwork -I/opt/local/include/QtCore -I/opt/local/include -I../generatedfiles/ui -o cell.o cell.cpp
:info:build /usr/bin/clang++ -c -pipe -O2  -Xarch_x86_64 -mmacosx-version-min=10.7 -w -fPIC -DQT_NO_DEBUG -DQT_XML_LIB -DQT_GUI_LIB -DQT_CORE_LIB -DQT_SHARED -I/opt/local/share/qt4/mkspecs/macx-g++ -I. -I. -I/opt/local/include/qwt -I. -I.. -I../GUI -I../GUI/Widgets -I../GUI/Tools -I../GUI/Dialogs -I../Units -I../Tools -I../Infos -I../FileData -I../Problems -I/opt/local/include/QtXml -I/opt/local/include/QtGui -I/opt/local/include/QtCore -I/opt/local/include -I. -o MyTextLog.o ../GUI/Tools/MyTextLog.cpp
:info:build /usr/bin/clang++ -c -pipe -O2  -Xarch_x86_64 -mmacosx-version-min=10.7 -w -fPIC -DQT_NO_DEBUG -DQT_XML_LIB -DQT_GUI_LIB -DQT_CORE_LIB -DQT_SHARED -I/opt/local/share/qt4/mkspecs/macx-g++ -I. -I. -I/opt/local/include/qwt -I. -I.. -I../GUI -I../GUI/Widgets -I../GUI/Tools -I../GUI/Dialogs -I../Units -I../Tools -I../Infos -I../FileData -I../Problems -I/opt/local/include/QtXml -I/opt/local/include/QtGui -I/opt/local/include/QtCore -I/opt/local/include -I. -o MyDelegates.o ../GUI/Tools/MyDelegates.cpp
:info:build /usr/bin/clang++ -c -pipe -O2  -Xarch_x86_64 -mmacosx-version-min=10.7 -w -DUSE_OMNIORB -DQT_NO_DEBUG -DQT_SVG_LIB -DQT_XML_LIB -DQT_GUI_LIB -DQT_NETWORK_LIB -DQT_CORE_LIB -DQT_SHARED -I/opt/local/share/qt4/mkspecs/macx-g++ -I. -I../generatedfiles/moc -I/opt/local/include/qwt -I../../OMPlot/OMPlotGUI -I../OMSketch -I../.. -I. -I/opt/local/include/QtSvg -I/opt/local/include/QtXml -I/opt/local/include/QtGui -I/opt/local/include/QtNetwork -I/opt/local/include/QtCore -I/opt/local/include -I../generatedfiles/ui -o printervisitor.o printervisitor.cpp
:info:build /usr/bin/clang++ -c -pipe -O2  -Xarch_x86_64 -mmacosx-version-min=10.7 -w -fPIC -DQT_NO_DEBUG -DQT_XML_LIB -DQT_GUI_LIB -DQT_CORE_LIB -DQT_SHARED -I/opt/local/share/qt4/mkspecs/macx-g++ -I. -I. -I/opt/local/include/qwt -I. -I.. -I../GUI -I../GUI/Widgets -I../GUI/Tools -I../GUI/Dialogs -I../Units -I../Tools -I../Infos -I../FileData -I../Problems -I/opt/local/include/QtXml -I/opt/local/include/QtGui -I/opt/local/include/QtCore -I/opt/local/include -I. -o MOStyleSheet.o ../GUI/Tools/MOStyleSheet.cpp
:info:build /usr/bin/clang++ -c -pipe -O2  -Xarch_x86_64 -mmacosx-version-min=10.7 -w -fPIC -DQT_NO_DEBUG -DQT_XML_LIB -DQT_GUI_LIB -DQT_CORE_LIB -DQT_SHARED -I/opt/local/share/qt4/mkspecs/macx-g++ -I. -I. -I/opt/local/include/qwt -I. -I.. -I../GUI -I../GUI/Widgets -I../GUI/Tools -I../GUI/Dialogs -I../Units -I../Tools -I../Infos -I../FileData -I../Problems -I/opt/local/include/QtXml -I/opt/local/include/QtGui -I/opt/local/include/QtCore -I/opt/local/include -I. -o MOSplitter.o ../GUI/Tools/MOSplitter.cpp
:info:build /usr/bin/clang++ -c -pipe -O2  -Xarch_x86_64 -mmacosx-version-min=10.7 -w -fPIC -DQT_NO_DEBUG -DQT_XML_LIB -DQT_GUI_LIB -DQT_CORE_LIB -DQT_SHARED -I/opt/local/share/qt4/mkspecs/macx-g++ -I. -I. -I/opt/local/include/qwt -I. -I.. -I../GUI -I../GUI/Widgets -I../GUI/Tools -I../GUI/Dialogs -I../Units -I../Tools -I../Infos -I../FileData -I../Problems -I/opt/local/include/QtXml -I/opt/local/include/QtGui -I/opt/local/include/QtCore -I/opt/local/include -I. -o GuiTools.o ../GUI/Tools/GuiTools.cpp
:info:build /usr/bin/clang++ -c -pipe -O2  -Xarch_x86_64 -mmacosx-version-min=10.7 -w -DUSE_OMNIORB -DQT_NO_DEBUG -DQT_SVG_LIB -DQT_XML_LIB -DQT_GUI_LIB -DQT_NETWORK_LIB -DQT_CORE_LIB -DQT_SHARED -I/opt/local/share/qt4/mkspecs/macx-g++ -I. -I../generatedfiles/moc -I/opt/local/include/qwt -I../../OMPlot/OMPlotGUI -I../OMSketch -I../.. -I. -I/opt/local/include/QtSvg -I/opt/local/include/QtXml -I/opt/local/include/QtGui -I/opt/local/include/QtNetwork -I/opt/local/include/QtCore -I/opt/local/include -I../generatedfiles/ui -o treeview.o treeview.cpp
:info:build /usr/bin/clang++ -c -pipe -O2  -Xarch_x86_64 -mmacosx-version-min=10.7 -w -DUSE_OMNIORB -DQT_NO_DEBUG -DQT_SVG_LIB -DQT_XML_LIB -DQT_GUI_LIB -DQT_NETWORK_LIB -DQT_CORE_LIB -DQT_SHARED -I/opt/local/share/qt4/mkspecs/macx-g++ -I. -I../generatedfiles/moc -I/opt/local/include/qwt -I../../OMPlot/OMPlotGUI -I../OMSketch -I../.. -I. -I/opt/local/include/QtSvg -I/opt/local/include/QtXml -I/opt/local/include/QtGui -I/opt/local/include/QtNetwork -I/opt/local/include/QtCore -I/opt/local/include -I../generatedfiles/ui -o cellcursor.o cellcursor.cpp
:info:build /usr/bin/clang++ -c -pipe -O2  -Xarch_x86_64 -mmacosx-version-min=10.7 -w -fPIC -DQT_NO_DEBUG -DQT_XML_LIB -DQT_GUI_LIB -DQT_CORE_LIB -DQT_SHARED -I/opt/local/share/qt4/mkspecs/macx-g++ -I. -I. -I/opt/local/include/qwt -I. -I.. -I../GUI -I../GUI/Widgets -I../GUI/Tools -I../GUI/Dialogs -I../Units -I../Tools -I../Infos -I../FileData -I../Problems -I/opt/local/include/QtXml -I/opt/local/include/QtGui -I/opt/local/include/QtCore -I/opt/local/include -I. -o TabGeneric.o ../GUI/Tabs/TabGeneric.cpp
:info:build /usr/bin/clang++ -c -pipe -O2  -Xarch_x86_64 -mmacosx-version-min=10.7 -w -DUSE_OMNIORB -DQT_NO_DEBUG -DQT_SVG_LIB -DQT_XML_LIB -DQT_GUI_LIB -DQT_NETWORK_LIB -DQT_CORE_LIB -DQT_SHARED -I/opt/local/share/qt4/mkspecs/macx-g++ -I. -I../generatedfiles/moc -I/opt/local/include/qwt -I../../OMPlot/OMPlotGUI -I../OMSketch -I../.. -I. -I/opt/local/include/QtSvg -I/opt/local/include/QtXml -I/opt/local/include/QtGui -I/opt/local/include/QtNetwork -I/opt/local/include/QtCore -I/opt/local/include -I../generatedfiles/ui -o highlighterthread.o highlighterthread.cpp
:info:build /usr/bin/clang++ -c -pipe -O2  -Xarch_x86_64 -mmacosx-version-min=10.7 -w -fPIC -DQT_NO_DEBUG -DQT_XML_LIB -DQT_GUI_LIB -DQT_CORE_LIB -DQT_SHARED -I/opt/local/share/qt4/mkspecs/macx-g++ -I. -I. -I/opt/local/include/qwt -I. -I.. -I../GUI -I../GUI/Widgets -I../GUI/Tools -I../GUI/Dialogs -I../Units -I../Tools -I../Infos -I../FileData -I../Problems -I/opt/local/include/QtXml -I/opt/local/include/QtGui -I/opt/local/include/QtCore -I/opt/local/include -I. -o MOTabBase.o ../GUI/Tabs/MOTabBase.cpp
:info:build /usr/bin/clang++ -c -pipe -O2  -Xarch_x86_64 -mmacosx-version-min=10.7 -w -DUSE_OMNIORB -DQT_NO_DEBUG -DQT_SVG_LIB -DQT_XML_LIB -DQT_GUI_LIB -DQT_NETWORK_LIB -DQT_CORE_LIB -DQT_SHARED -I/opt/local/share/qt4/mkspecs/macx-g++ -I. -I../generatedfiles/moc -I/opt/local/include/qwt -I../../OMPlot/OMPlotGUI -I../OMSketch -I../.. -I. -I/opt/local/include/QtSvg -I/opt/local/include/QtXml -I/opt/local/include/QtGui -I/opt/local/include/QtNetwork -I/opt/local/include/QtCore -I/opt/local/include -I../generatedfiles/ui -o puretextvisitor.o puretextvisitor.cpp
:info:build /usr/bin/clang++ -c -pipe -O2  -Xarch_x86_64 -mmacosx-version-min=10.7 -w -fPIC -DQT_NO_DEBUG -DQT_XML_LIB -DQT_GUI_LIB -DQT_CORE_LIB -DQT_SHARED -I/opt/local/share/qt4/mkspecs/macx-g++ -I. -I. -I/opt/local/include/qwt -I. -I.. -I../GUI -I../GUI/Widgets -I../GUI/Tools -I../GUI/Dialogs -I../Units -I../Tools -I../Infos -I../FileData -I../Problems -I/opt/local/include/QtXml -I/opt/local/include/QtGui -I/opt/local/include/QtCore -I/opt/local/include -I. -o MOTab.o ../GUI/Tabs/MOTab.cpp
:info:build /usr/bin/clang++ -c -pipe -O2  -Xarch_x86_64 -mmacosx-version-min=10.7 -w -fPIC -DQT_NO_DEBUG -DQT_XML_LIB -DQT_GUI_LIB -DQT_CORE_LIB -DQT_SHARED -I/opt/local/share/qt4/mkspecs/macx-g++ -I. -I. -I/opt/local/include/qwt -I. -I.. -I../GUI -I../GUI/Widgets -I../GUI/Tools -I../GUI/Dialogs -I../Units -I../Tools -I../Infos -I../FileData -I../Problems -I/opt/local/include/QtXml -I/opt/local/include/QtGui -I/opt/local/include/QtCore -I/opt/local/include -I. -o MOMainTab.o ../GUI/Tabs/MOMainTab.cpp
:info:build /usr/bin/clang++ -c -pipe -O2  -Xarch_x86_64 -mmacosx-version-min=10.7 -w -DUSE_OMNIORB -DQT_NO_DEBUG -DQT_SVG_LIB -DQT_XML_LIB -DQT_GUI_LIB -DQT_NETWORK_LIB -DQT_CORE_LIB -DQT_SHARED -I/opt/local/share/qt4/mkspecs/macx-g++ -I. -I../generatedfiles/moc -I/opt/local/include/qwt -I../../OMPlot/OMPlotGUI -I../OMSketch -I../.. -I. -I/opt/local/include/QtSvg -I/opt/local/include/QtXml -I/opt/local/include/QtGui -I/opt/local/include/QtNetwork -I/opt/local/include/QtCore -I/opt/local/include -I../generatedfiles/ui -o updategroupcellvisitor.o updategroupcellvisitor.cpp
:info:build /usr/bin/clang++ -c -pipe -O2  -Xarch_x86_64 -mmacosx-version-min=10.7 -w -DUSE_OMNIORB -DQT_NO_DEBUG -DQT_SVG_LIB -DQT_XML_LIB -DQT_GUI_LIB -DQT_NETWORK_LIB -DQT_CORE_LIB -DQT_SHARED -I/opt/local/share/qt4/mkspecs/macx-g++ -I. -I../generatedfiles/moc -I/opt/local/include/qwt -I../../OMPlot/OMPlotGUI -I../OMSketch -I../.. -I. -I/opt/local/include/QtSvg -I/opt/local/include/QtXml -I/opt/local/include/QtGui -I/opt/local/include/QtNetwork -I/opt/local/include/QtCore -I/opt/local/include -I../generatedfiles/ui -o celldocument.o celldocument.cpp
:info:build /usr/bin/clang++ -c -pipe -O2  -Xarch_x86_64 -mmacosx-version-min=10.7 -w -fPIC -DQT_NO_DEBUG -DQT_XML_LIB -DQT_GUI_LIB -DQT_CORE_LIB -DQT_SHARED -I/opt/local/share/qt4/mkspecs/macx-g++ -I. -I. -I/opt/local/include/qwt -I. -I.. -I../GUI -I../GUI/Widgets -I../GUI/Tools -I../GUI/Dialogs -I../Units -I../Tools -I../Infos -I../FileData -I../Problems -I/opt/local/include/QtXml -I/opt/local/include/QtGui -I/opt/local/include/QtCore -I/opt/local/include -I. -o MO2ColTab.o ../GUI/Tabs/MO2ColTab.cpp
:info:build /usr/bin/clang++ -c -pipe -O2  -Xarch_x86_64 -mmacosx-version-min=10.7 -w -fPIC -DQT_NO_DEBUG -DQT_XML_LIB -DQT_GUI_LIB -DQT_CORE_LIB -DQT_SHARED -I/opt/local/share/qt4/mkspecs/macx-g++ -I. -I. -I/opt/local/include/qwt -I. -I.. -I../GUI -I../GUI/Widgets -I../GUI/Tools -I../GUI/Dialogs -I../Units -I../Tools -I../Infos -I../FileData -I../Problems -I/opt/local/include/QtXml -I/opt/local/include/QtGui -I/opt/local/include/QtCore -I/opt/local/include -I. -o WidgetTableVar.o ../GUI/Widgets/WidgetTableVar.cpp
:info:build /usr/bin/clang++ -c -pipe -O2  -Xarch_x86_64 -mmacosx-version-min=10.7 -w -fPIC -DQT_NO_DEBUG -DQT_XML_LIB -DQT_GUI_LIB -DQT_CORE_LIB -DQT_SHARED -I/opt/local/share/qt4/mkspecs/macx-g++ -I. -I. -I/opt/local/include/qwt -I. -I.. -I../GUI -I../GUI/Widgets -I../GUI/Tools -I../GUI/Dialogs -I../Units -I../Tools -I../Infos -I../FileData -I../Problems -I/opt/local/include/QtXml -I/opt/local/include/QtGui -I/opt/local/include/QtCore -I/opt/local/include -I. -o MyQwtPlotPicker.o ../GUI/Plots/MyQwtPlotPicker.cpp
:info:build /usr/bin/clang++ -c -pipe -O2  -Xarch_x86_64 -mmacosx-version-min=10.7 -w -fPIC -DQT_NO_DEBUG -DQT_XML_LIB -DQT_GUI_LIB -DQT_CORE_LIB -DQT_SHARED -I/opt/local/share/qt4/mkspecs/macx-g++ -I. -I. -I/opt/local/include/qwt -I. -I.. -I../GUI -I../GUI/Widgets -I../GUI/Tools -I../GUI/Dialogs -I../Units -I../Tools -I../Infos -I../FileData -I../Problems -I/opt/local/include/QtXml -I/opt/local/include/QtGui -I/opt/local/include/QtCore -I/opt/local/include -I. -o MOPlot.o ../GUI/Plots/MOPlot.cpp
:info:build /usr/bin/clang++ -c -pipe -O2  -Xarch_x86_64 -mmacosx-version-min=10.7 -w -DUSE_OMNIORB -DQT_NO_DEBUG -DQT_SVG_LIB -DQT_XML_LIB -DQT_GUI_LIB -DQT_NETWORK_LIB -DQT_CORE_LIB -DQT_SHARED -I/opt/local/share/qt4/mkspecs/macx-g++ -I. -I../generatedfiles/moc -I/opt/local/include/qwt -I../../OMPlot/OMPlotGUI -I../OMSketch -I../.. -I. -I/opt/local/include/QtSvg -I/opt/local/include/QtXml -I/opt/local/include/QtGui -I/opt/local/include/QtNetwork -I/opt/local/include/QtCore -I/opt/local/include -I../generatedfiles/ui -o inputcell.o inputcell.cpp
:info:build /usr/bin/clang++ -c -pipe -O2  -Xarch_x86_64 -mmacosx-version-min=10.7 -w -fPIC -DQT_NO_DEBUG -DQT_XML_LIB -DQT_GUI_LIB -DQT_CORE_LIB -DQT_SHARED -I/opt/local/share/qt4/mkspecs/macx-g++ -I. -I. -I/opt/local/include/qwt -I. -I.. -I../GUI -I../GUI/Widgets -I../GUI/Tools -I../GUI/Dialogs -I../Units -I../Tools -I../Infos -I../FileData -I../Problems -I/opt/local/include/QtXml -I/opt/local/include/QtGui -I/opt/local/include/QtCore -I/opt/local/include -I. -o TabProjectBase.o ../GUI/Tabs/TabProjectBase.cpp
:info:build /usr/bin/clang++ -c -pipe -O2  -Xarch_x86_64 -mmacosx-version-min=10.7 -w -DUSE_OMNIORB -DQT_NO_DEBUG -DQT_SVG_LIB -DQT_XML_LIB -DQT_GUI_LIB -DQT_NETWORK_LIB -DQT_CORE_LIB -DQT_SHARED -I/opt/local/share/qt4/mkspecs/macx-g++ -I. -I../generatedfiles/moc -I/opt/local/include/qwt -I../../OMPlot/OMPlotGUI -I../OMSketch -I../.. -I. -I/opt/local/include/QtSvg -I/opt/local/include/QtXml -I/opt/local/include/QtGui -I/opt/local/include/QtNetwork -I/opt/local/include/QtCore -I/opt/local/include -I../generatedfiles/ui -o qcombobox_search.o qcombobox_search.cpp
:info:build /usr/bin/clang++ -c -pipe -O2  -Xarch_x86_64 -mmacosx-version-min=10.7 -w -fPIC -DQT_NO_DEBUG -DQT_XML_LIB -DQT_GUI_LIB -DQT_CORE_LIB -DQT_SHARED -I/opt/local/share/qt4/mkspecs/macx-g++ -I. -I. -I/opt/local/include/qwt -I. -I.. -I../GUI -I../GUI/Widgets -I../GUI/Tools -I../GUI/Dialogs -I../Units -I../Tools -I../Infos -I../FileData -I../Problems -I/opt/local/include/QtXml -I/opt/local/include/QtGui -I/opt/local/include/QtCore -I/opt/local/include -I. -o WidgetProjectBaseInfos.o ../GUI/Widgets/WidgetProjectBaseInfos.cpp
:info:build /usr/bin/clang++ -c -pipe -O2  -Xarch_x86_64 -mmacosx-version-min=10.7 -w -DUSE_OMNIORB -DQT_NO_DEBUG -DQT_SVG_LIB -DQT_XML_LIB -DQT_GUI_LIB -DQT_NETWORK_LIB -DQT_CORE_LIB -DQT_SHARED -I/opt/local/share/qt4/mkspecs/macx-g++ -I. -I../generatedfiles/moc -I/opt/local/include/qwt -I../../OMPlot/OMPlotGUI -I../OMSketch -I../.. -I. -I/opt/local/include/QtSvg -I/opt/local/include/QtXml -I/opt/local/include/QtGui -I/opt/local/include/QtNetwork -I/opt/local/include/QtCore -I/opt/local/include -I../generatedfiles/ui -o updatelinkvisitor.o updatelinkvisitor.cpp
:info:build /usr/bin/clang++ -c -pipe -O2  -Xarch_x86_64 -mmacosx-version-min=10.7 -w -DUSE_OMNIORB -DQT_NO_DEBUG -DQT_SVG_LIB -DQT_XML_LIB -DQT_GUI_LIB -DQT_NETWORK_LIB -DQT_CORE_LIB -DQT_SHARED -I/opt/local/share/qt4/mkspecs/macx-g++ -I. -I../generatedfiles/moc -I/opt/local/include/qwt -I../../OMPlot/OMPlotGUI -I../OMSketch -I../.. -I. -I/opt/local/include/QtSvg -I/opt/local/include/QtXml -I/opt/local/include/QtGui -I/opt/local/include/QtNetwork -I/opt/local/include/QtCore -I/opt/local/include -I../generatedfiles/ui -o cellfactory.o cellfactory.cpp
:info:build /usr/bin/clang++ -c -pipe -O2  -Xarch_x86_64 -mmacosx-version-min=10.7 -w -fPIC -DQT_NO_DEBUG -DQT_XML_LIB -DQT_GUI_LIB -DQT_CORE_LIB -DQT_SHARED -I/opt/local/share/qt4/mkspecs/macx-g++ -I. -I. -I/opt/local/include/qwt -I. -I.. -I../GUI -I../GUI/Widgets -I../GUI/Tools -I../GUI/Dialogs -I../Units -I../Tools -I../Infos -I../FileData -I../Problems -I/opt/local/include/QtXml -I/opt/local/include/QtGui -I/opt/local/include/QtCore -I/opt/local/include -I. -o DlgSettings.o ../GUI/Dialogs/DlgSettings.cpp
:info:build /usr/bin/clang++ -c -pipe -O2  -Xarch_x86_64 -mmacosx-version-min=10.7 -w -fPIC -DQT_NO_DEBUG -DQT_XML_LIB -DQT_GUI_LIB -DQT_CORE_LIB -DQT_SHARED -I/opt/local/share/qt4/mkspecs/macx-g++ -I. -I. -I/opt/local/include/qwt -I. -I.. -I../GUI -I../GUI/Widgets -I../GUI/Tools -I../GUI/Dialogs -I../Units -I../Tools -I../Infos -I../FileData -I../Problems -I/opt/local/include/QtXml -I/opt/local/include/QtGui -I/opt/local/include/QtCore -I/opt/local/include -I. -o DlgSelectVars.o ../GUI/Dialogs/DlgSelectVars.cpp
:info:build /usr/bin/clang++ -c -pipe -O2  -Xarch_x86_64 -mmacosx-version-min=10.7 -w -DUSE_OMNIORB -DQT_NO_DEBUG -DQT_SVG_LIB -DQT_XML_LIB -DQT_GUI_LIB -DQT_NETWORK_LIB -DQT_CORE_LIB -DQT_SHARED -I/opt/local/share/qt4/mkspecs/macx-g++ -I. -I../generatedfiles/moc -I/opt/local/include/qwt -I../../OMPlot/OMPlotGUI -I../OMSketch -I../.. -I. -I/opt/local/include/QtSvg -I/opt/local/include/QtXml -I/opt/local/include/QtGui -I/opt/local/include/QtNetwork -I/opt/local/include/QtCore -I/opt/local/include -I../generatedfiles/ui -o notebook.o notebook.cpp
:info:build /usr/bin/clang++ -c -pipe -O2  -Xarch_x86_64 -mmacosx-version-min=10.7 -w -fPIC -DQT_NO_DEBUG -DQT_XML_LIB -DQT_GUI_LIB -DQT_CORE_LIB -DQT_SHARED -I/opt/local/share/qt4/mkspecs/macx-g++ -I. -I. -I/opt/local/include/qwt -I. -I.. -I../GUI -I../GUI/Widgets -I../GUI/Tools -I../GUI/Dialogs -I../Units -I../Tools -I../Infos -I../FileData -I../Problems -I/opt/local/include/QtXml -I/opt/local/include/QtGui -I/opt/local/include/QtCore -I/opt/local/include -I. -o DlgSelectFiles.o ../GUI/Dialogs/DlgSelectFiles.cpp
:info:build /usr/bin/clang++ -c -pipe -O2  -Xarch_x86_64 -mmacosx-version-min=10.7 -w -fPIC -DQT_NO_DEBUG -DQT_XML_LIB -DQT_GUI_LIB -DQT_CORE_LIB -DQT_SHARED -I/opt/local/share/qt4/mkspecs/macx-g++ -I. -I. -I/opt/local/include/qwt -I. -I.. -I../GUI -I../GUI/Widgets -I../GUI/Tools -I../GUI/Dialogs -I../Units -I../Tools -I../Infos -I../FileData -I../Problems -I/opt/local/include/QtXml -I/opt/local/include/QtGui -I/opt/local/include/QtCore -I/opt/local/include -I. -o WidgetSelectVars.o ../GUI/Widgets/WidgetSelectVars.cpp
:info:build /usr/bin/clang++ -c -pipe -O2  -Xarch_x86_64 -mmacosx-version-min=10.7 -w -fPIC -DQT_NO_DEBUG -DQT_XML_LIB -DQT_GUI_LIB -DQT_CORE_LIB -DQT_SHARED -I/opt/local/share/qt4/mkspecs/macx-g++ -I. -I. -I/opt/local/include/qwt -I. -I.. -I../GUI -I../GUI/Widgets -I../GUI/Tools -I../GUI/Dialogs -I../Units -I../Tools -I../Infos -I../FileData -I../Problems -I/opt/local/include/QtXml -I/opt/local/include/QtGui -I/opt/local/include/QtCore -I/opt/local/include -I. -o WidgetList.o ../GUI/Widgets/WidgetList.cpp
:info:build /usr/bin/clang++ -c -pipe -O2  -Xarch_x86_64 -mmacosx-version-min=10.7 -w -fPIC -DQT_NO_DEBUG -DQT_XML_LIB -DQT_GUI_LIB -DQT_CORE_LIB -DQT_SHARED -I/opt/local/share/qt4/mkspecs/macx-g++ -I. -I. -I/opt/local/include/qwt -I. -I.. -I../GUI -I../GUI/Widgets -I../GUI/Tools -I../GUI/Dialogs -I../Units -I../Tools -I../Infos -I../FileData -I../Problems -I/opt/local/include/QtXml -I/opt/local/include/QtGui -I/opt/local/include/QtCore -I/opt/local/include -I. -o NewProjectBaseForm.o ../GUI/Dialogs/NewProjectBaseForm.cpp
:info:build /usr/bin/clang++ -c -pipe -O2  -Xarch_x86_64 -mmacosx-version-min=10.7 -w -fPIC -DQT_NO_DEBUG -DQT_XML_LIB -DQT_GUI_LIB -DQT_CORE_LIB -DQT_SHARED -I/opt/local/share/qt4/mkspecs/macx-g++ -I. -I. -I/opt/local/include/qwt -I. -I.. -I../GUI -I../GUI/Widgets -I../GUI/Tools -I../GUI/Dialogs -I../Units -I../Tools -I../Infos -I../FileData -I../Problems -I/opt/local/include/QtXml -I/opt/local/include/QtGui -I/opt/local/include/QtCore -I/opt/local/include -I. -o ProblemInterfaces.o ../Problems/ProblemInterfaces.cpp
:info:build /usr/bin/clang++ -c -pipe -O2  -Xarch_x86_64 -mmacosx-version-min=10.7 -w -fPIC -DQT_NO_DEBUG -DQT_XML_LIB -DQT_GUI_LIB -DQT_CORE_LIB -DQT_SHARED -I/opt/local/share/qt4/mkspecs/macx-g++ -I. -I. -I/opt/local/include/qwt -I. -I.. -I../GUI -I../GUI/Widgets -I../GUI/Tools -I../GUI/Dialogs -I../Units -I../Tools -I../Infos -I../FileData -I../Problems -I/opt/local/include/QtXml -I/opt/local/include/QtGui -I/opt/local/include/QtCore -I/opt/local/include -I. -o registermetatypes.o ../registermetatypes.cpp
:info:build /usr/bin/clang++ -c -pipe -O2  -Xarch_x86_64 -mmacosx-version-min=10.7 -w -DUSE_OMNIORB -DQT_NO_DEBUG -DQT_SVG_LIB -DQT_XML_LIB -DQT_GUI_LIB -DQT_NETWORK_LIB -DQT_CORE_LIB -DQT_SHARED -I/opt/local/share/qt4/mkspecs/macx-g++ -I. -I../generatedfiles/moc -I/opt/local/include/qwt -I../../OMPlot/OMPlotGUI -I../OMSketch -I../.. -I. -I/opt/local/include/QtSvg -I/opt/local/include/QtXml -I/opt/local/include/QtGui -I/opt/local/include/QtNetwork -I/opt/local/include/QtCore -I/opt/local/include -I../generatedfiles/ui -o qtapp.o qtapp.cpp
:info:build /usr/bin/clang++ -c -pipe -O2  -Xarch_x86_64 -mmacosx-version-min=10.7 -w -fPIC -DQT_NO_DEBUG -DQT_XML_LIB -DQT_GUI_LIB -DQT_CORE_LIB -DQT_SHARED -I/opt/local/share/qt4/mkspecs/macx-g++ -I. -I. -I/opt/local/include/qwt -I. -I.. -I../GUI -I../GUI/Widgets -I../GUI/Tools -I../GUI/Dialogs -I../Units -I../Tools -I../Infos -I../FileData -I../Problems -I/opt/local/include/QtXml -I/opt/local/include/QtGui -I/opt/local/include/QtCore -I/opt/local/include -I. -o METime.o ../Units/METime.cpp
:info:build /usr/bin/clang++ -c -pipe -O2  -Xarch_x86_64 -mmacosx-version-min=10.7 -w -fPIC -DQT_NO_DEBUG -DQT_XML_LIB -DQT_GUI_LIB -DQT_CORE_LIB -DQT_SHARED -I/opt/local/share/qt4/mkspecs/macx-g++ -I. -I. -I/opt/local/include/qwt -I. -I.. -I../GUI -I../GUI/Widgets -I../GUI/Tools -I../GUI/Dialogs -I../Units -I../Tools -I../Infos -I../FileData -I../Problems -I/opt/local/include/QtXml -I/opt/local/include/QtGui -I/opt/local/include/QtCore -I/opt/local/include -I. -o DlgSelect.o ../GUI/Dialogs/DlgSelect.cpp
:info:build /usr/bin/clang++ -c -pipe -O2  -Xarch_x86_64 -mmacosx-version-min=10.7 -w -DUSE_OMNIORB -DQT_NO_DEBUG -DQT_SVG_LIB -DQT_XML_LIB -DQT_GUI_LIB -DQT_NETWORK_LIB -DQT_CORE_LIB -DQT_SHARED -I/opt/local/share/qt4/mkspecs/macx-g++ -I. -I../generatedfiles/moc -I/opt/local/include/qwt -I../../OMPlot/OMPlotGUI -I../OMSketch -I../.. -I. -I/opt/local/include/QtSvg -I/opt/local/include/QtXml -I/opt/local/include/QtGui -I/opt/local/include/QtNetwork -I/opt/local/include/QtCore -I/opt/local/include -I../generatedfiles/ui -o xmlparser.o xmlparser.cpp
:info:build /opt/local/bin/moc -DQT_NO_DEBUG -DQT_XML_LIB -DQT_GUI_LIB -DQT_CORE_LIB -DQT_SHARED -I/opt/local/share/qt4/mkspecs/macx-g++ -I. -I. -I/opt/local/include/qwt -I. -I.. -I../GUI -I../GUI/Widgets -I../GUI/Tools -I../GUI/Dialogs -I../Units -I../Tools -I../Infos -I../FileData -I../Problems -I/opt/local/include/QtXml -I/opt/local/include/QtGui -I/opt/local/include/QtCore -I/opt/local/include -I. -D__APPLE__ -D__GNUC__ ../Variable.h -o moc_Variable.cpp
:info:build /opt/local/bin/moc -DQT_NO_DEBUG -DQT_XML_LIB -DQT_GUI_LIB -DQT_CORE_LIB -DQT_SHARED -I/opt/local/share/qt4/mkspecs/macx-g++ -I. -I. -I/opt/local/include/qwt -I. -I.. -I../GUI -I../GUI/Widgets -I../GUI/Tools -I../GUI/Dialogs -I../Units -I../Tools -I../Infos -I../FileData -I../Problems -I/opt/local/include/QtXml -I/opt/local/include/QtGui -I/opt/local/include/QtCore -I/opt/local/include -I. -D__APPLE__ -D__GNUC__ ../MOThreads.h -o moc_MOThreads.cpp
:info:build /opt/local/bin/moc -DQT_NO_DEBUG -DQT_XML_LIB -DQT_GUI_LIB -DQT_CORE_LIB -DQT_SHARED -I/opt/local/share/qt4/mkspecs/macx-g++ -I. -I. -I/opt/local/include/qwt -I. -I.. -I../GUI -I../GUI/Widgets -I../GUI/Tools -I../GUI/Dialogs -I../Units -I../Tools -I../Infos -I../FileData -I../Problems -I/opt/local/include/QtXml -I/opt/local/include/QtGui -I/opt/local/include/QtCore -I/opt/local/include -I. -D__APPLE__ -D__GNUC__ ../GUI/MOTableView.h -o moc_MOTableView.cpp
:info:build /opt/local/bin/moc -DQT_NO_DEBUG -DQT_XML_LIB -DQT_GUI_LIB -DQT_CORE_LIB -DQT_SHARED -I/opt/local/share/qt4/mkspecs/macx-g++ -I. -I. -I/opt/local/include/qwt -I. -I.. -I../GUI -I../GUI/Widgets -I../GUI/Tools -I../GUI/Dialogs -I../Units -I../Tools -I../Infos -I../FileData -I../Problems -I/opt/local/include/QtXml -I/opt/local/include/QtGui -I/opt/local/include/QtCore -I/opt/local/include -I. -D__APPLE__ -D__GNUC__ ../MOParameter.h -o moc_MOParameter.cpp
:info:build /opt/local/bin/moc -DQT_NO_DEBUG -DQT_XML_LIB -DQT_GUI_LIB -DQT_CORE_LIB -DQT_SHARED -I/opt/local/share/qt4/mkspecs/macx-g++ -I. -I. -I/opt/local/include/qwt -I. -I.. -I../GUI -I../GUI/Widgets -I../GUI/Tools -I../GUI/Dialogs -I../Units -I../Tools -I../Infos -I../FileData -I../Problems -I/opt/local/include/QtXml -I/opt/local/include/QtGui -I/opt/local/include/QtCore -I/opt/local/include -I. -D__APPLE__ -D__GNUC__ ../MOOptVector.h -o moc_MOOptVector.cpp
:info:build /opt/local/bin/moc -DQT_NO_DEBUG -DQT_XML_LIB -DQT_GUI_LIB -DQT_CORE_LIB -DQT_SHARED -I/opt/local/share/qt4/mkspecs/macx-g++ -I. -I. -I/opt/local/include/qwt -I. -I.. -I../GUI -I../GUI/Widgets -I../GUI/Tools -I../GUI/Dialogs -I../Units -I../Tools -I../Infos -I../FileData -I../Problems -I/opt/local/include/QtXml -I/opt/local/include/QtGui -I/opt/local/include/QtCore -I/opt/local/include -I. -D__APPLE__ -D__GNUC__ ../MOItem.h -o moc_MOItem.cpp
:info:build /opt/local/bin/moc -DQT_NO_DEBUG -DQT_XML_LIB -DQT_GUI_LIB -DQT_CORE_LIB -DQT_SHARED -I/opt/local/share/qt4/mkspecs/macx-g++ -I. -I. -I/opt/local/include/qwt -I. -I.. -I../GUI -I../GUI/Widgets -I../GUI/Tools -I../GUI/Dialogs -I../Units -I../Tools -I../Infos -I../FileData -I../Problems -I/opt/local/include/QtXml -I/opt/local/include/QtGui -I/opt/local/include/QtCore -I/opt/local/include -I. -D__APPLE__ -D__GNUC__ ../GUI/Widgets/WidgetMOItem.h -o moc_WidgetMOItem.cpp
:info:build /opt/local/bin/moc -DQT_NO_DEBUG -DQT_XML_LIB -DQT_GUI_LIB -DQT_CORE_LIB -DQT_SHARED -I/opt/local/share/qt4/mkspecs/macx-g++ -I. -I. -I/opt/local/include/qwt -I. -I.. -I../GUI -I../GUI/Widgets -I../GUI/Tools -I../GUI/Dialogs -I../Units -I../Tools -I../Infos -I../FileData -I../Problems -I/opt/local/include/QtXml -I/opt/local/include/QtGui -I/opt/local/include/QtCore -I/opt/local/include -I. -D__APPLE__ -D__GNUC__ ../GUI/Widgets/WidgetFilesList.h -o moc_WidgetFilesList.cpp
:info:build /opt/local/bin/moc -DQT_NO_DEBUG -DQT_XML_LIB -DQT_GUI_LIB -DQT_CORE_LIB -DQT_SHARED -I/opt/local/share/qt4/mkspecs/macx-g++ -I. -I. -I/opt/local/include/qwt -I. -I.. -I../GUI -I../GUI/Widgets -I../GUI/Tools -I../GUI/Dialogs -I../Units -I../Tools -I../Infos -I../FileData -I../Problems -I/opt/local/include/QtXml -I/opt/local/include/QtGui -I/opt/local/include/QtCore -I/opt/local/include -I. -D__APPLE__ -D__GNUC__ ../Problems/Result.h -o moc_Result.cpp
:info:build /opt/local/bin/moc -DQT_NO_DEBUG -DQT_XML_LIB -DQT_GUI_LIB -DQT_CORE_LIB -DQT_SHARED -I/opt/local/share/qt4/mkspecs/macx-g++ -I. -I. -I/opt/local/include/qwt -I. -I.. -I../GUI -I../GUI/Widgets -I../GUI/Tools -I../GUI/Dialogs -I../Units -I../Tools -I../Infos -I../FileData -I../Problems -I/opt/local/include/QtXml -I/opt/local/include/QtGui -I/opt/local/include/QtCore -I/opt/local/include -I. -D__APPLE__ -D__GNUC__ ../Problems/ProblemInterface.h -o moc_ProblemInterface.cpp
:info:build /opt/local/bin/moc -DQT_NO_DEBUG -DQT_XML_LIB -DQT_GUI_LIB -DQT_CORE_LIB -DQT_SHARED -I/opt/local/share/qt4/mkspecs/macx-g++ -I. -I. -I/opt/local/include/qwt -I. -I.. -I../GUI -I../GUI/Widgets -I../GUI/Tools -I../GUI/Dialogs -I../Units -I../Tools -I../Infos -I../FileData -I../Problems -I/opt/local/include/QtXml -I/opt/local/include/QtGui -I/opt/local/include/QtCore -I/opt/local/include -I. -D__APPLE__ -D__GNUC__ ../Problems/Problem.h -o moc_Problem.cpp
:info:build /opt/local/bin/moc -DQT_NO_DEBUG -DQT_XML_LIB -DQT_GUI_LIB -DQT_CORE_LIB -DQT_SHARED -I/opt/local/share/qt4/mkspecs/macx-g++ -I. -I. -I/opt/local/include/qwt -I. -I.. -I../GUI -I../GUI/Widgets -I../GUI/Tools -I../GUI/Dialogs -I../Units -I../Tools -I../Infos -I../FileData -I../Problems -I/opt/local/include/QtXml -I/opt/local/include/QtGui -I/opt/local/include/QtCore -I/opt/local/include -I. -D__APPLE__ -D__GNUC__ ../Problems/OMCases.h -o moc_OMCases.cpp
:info:build /opt/local/bin/moc -DQT_NO_DEBUG -DQT_XML_LIB -DQT_GUI_LIB -DQT_CORE_LIB -DQT_SHARED -I/opt/local/share/qt4/mkspecs/macx-g++ -I. -I. -I/opt/local/include/qwt -I. -I.. -I../GUI -I../GUI/Widgets -I../GUI/Tools -I../GUI/Dialogs -I../Units -I../Tools -I../Infos -I../FileData -I../Problems -I/opt/local/include/QtXml -I/opt/local/include/QtGui -I/opt/local/include/QtCore -I/opt/local/include -I. -D__APPLE__ -D__GNUC__ ../Problems/OMCase.h -o moc_OMCase.cpp
:info:build /opt/local/bin/moc -DQT_NO_DEBUG -DQT_XML_LIB -DQT_GUI_LIB -DQT_CORE_LIB -DQT_SHARED -I/opt/local/share/qt4/mkspecs/macx-g++ -I. -I. -I/opt/local/include/qwt -I. -I.. -I../GUI -I../GUI/Widgets -I../GUI/Tools -I../GUI/Dialogs -I../Units -I../Tools -I../Infos -I../FileData -I../Problems -I/opt/local/include/QtXml -I/opt/local/include/QtGui -I/opt/local/include/QtCore -I/opt/local/include -I. -D__APPLE__ -D__GNUC__ ../Infos/InfoSender.h -o moc_InfoSender.cpp
:info:build /opt/local/bin/moc -DQT_NO_DEBUG -DQT_XML_LIB -DQT_GUI_LIB -DQT_CORE_LIB -DQT_SHARED -I/opt/local/share/qt4/mkspecs/macx-g++ -I. -I. -I/opt/local/include/qwt -I. -I.. -I../GUI -I../GUI/Widgets -I../GUI/Tools -I../GUI/Dialogs -I../Units -I../Tools -I../Infos -I../FileData -I../Problems -I/opt/local/include/QtXml -I/opt/local/include/QtGui -I/opt/local/include/QtCore -I/opt/local/include -I. -D__APPLE__ -D__GNUC__ ../Infos/Info.h -o moc_Info.cpp
:info:build /opt/local/bin/moc -DQT_NO_DEBUG -DQT_XML_LIB -DQT_GUI_LIB -DQT_CORE_LIB -DQT_SHARED -I/opt/local/share/qt4/mkspecs/macx-g++ -I. -I. -I/opt/local/include/qwt -I. -I.. -I../GUI -I../GUI/Widgets -I../GUI/Tools -I../GUI/Dialogs -I../Units -I../Tools -I../Infos -I../FileData -I../Problems -I/opt/local/include/QtXml -I/opt/local/include/QtGui -I/opt/local/include/QtCore -I/opt/local/include -I. -D__APPLE__ -D__GNUC__ ../GUI/Tools/qsciencespinbox.h -o moc_qsciencespinbox.cpp
:info:build /opt/local/bin/moc -DQT_NO_DEBUG -DQT_XML_LIB -DQT_GUI_LIB -DQT_CORE_LIB -DQT_SHARED -I/opt/local/share/qt4/mkspecs/macx-g++ -I. -I. -I/opt/local/include/qwt -I. -I.. -I../GUI -I../GUI/Widgets -I../GUI/Tools -I../GUI/Dialogs -I../Units -I../Tools -I../Infos -I../FileData -I../Problems -I/opt/local/include/QtXml -I/opt/local/include/QtGui -I/opt/local/include/QtCore -I/opt/local/include -I. -D__APPLE__ -D__GNUC__ ../FileData/Load.h -o moc_Load.cpp
:info:build /opt/local/bin/moc -DQT_NO_DEBUG -DQT_XML_LIB -DQT_GUI_LIB -DQT_CORE_LIB -DQT_SHARED -I/opt/local/share/qt4/mkspecs/macx-g++ -I. -I. -I/opt/local/include/qwt -I. -I.. -I../GUI -I../GUI/Widgets -I../GUI/Tools -I../GUI/Dialogs -I../Units -I../Tools -I../Infos -I../FileData -I../Problems -I/opt/local/include/QtXml -I/opt/local/include/QtGui -I/opt/local/include/QtCore -I/opt/local/include -I. -D__APPLE__ -D__GNUC__ ../ProjectBase.h -o moc_ProjectBase.cpp
:info:build /opt/local/bin/moc -DQT_NO_DEBUG -DQT_XML_LIB -DQT_GUI_LIB -DQT_CORE_LIB -DQT_SHARED -I/opt/local/share/qt4/mkspecs/macx-g++ -I. -I. -I/opt/local/include/qwt -I. -I.. -I../GUI -I../GUI/Widgets -I../GUI/Tools -I../GUI/Dialogs -I../Units -I../Tools -I../Infos -I../FileData -I../Problems -I/opt/local/include/QtXml -I/opt/local/include/QtGui -I/opt/local/include/QtCore -I/opt/local/include -I. -D__APPLE__ -D__GNUC__ ../GUI/Dialogs/MOParametersDlg.h -o moc_MOParametersDlg.cpp
:info:build /opt/local/bin/moc -DQT_NO_DEBUG -DQT_XML_LIB -DQT_GUI_LIB -DQT_CORE_LIB -DQT_SHARED -I/opt/local/share/qt4/mkspecs/macx-g++ -I. -I. -I/opt/local/include/qwt -I. -I.. -I../GUI -I../GUI/Widgets -I../GUI/Tools -I../GUI/Dialogs -I../Units -I../Tools -I../Infos -I../FileData -I../Problems -I/opt/local/include/QtXml -I/opt/local/include/QtGui -I/opt/local/include/QtCore -I/opt/local/include -I. -D__APPLE__ -D__GNUC__ ../Tools/OMProcess.h -o moc_OMProcess.cpp
:info:build /opt/local/bin/moc -DQT_NO_DEBUG -DQT_XML_LIB -DQT_GUI_LIB -DQT_CORE_LIB -DQT_SHARED -I/opt/local/share/qt4/mkspecs/macx-g++ -I. -I. -I/opt/local/include/qwt -I. -I.. -I../GUI -I../GUI/Widgets -I../GUI/Tools -I../GUI/Dialogs -I../Units -I../Tools -I../Infos -I../FileData -I../Problems -I/opt/local/include/QtXml -I/opt/local/include/QtGui -I/opt/local/include/QtCore -I/opt/local/include -I. -D__APPLE__ -D__GNUC__ ../GUI/Tools/MyTreeView.h -o moc_MyTreeView.cpp
:info:build /opt/local/bin/moc -DQT_NO_DEBUG -DQT_XML_LIB -DQT_GUI_LIB -DQT_CORE_LIB -DQT_SHARED -I/opt/local/share/qt4/mkspecs/macx-g++ -I. -I. -I/opt/local/include/qwt -I. -I.. -I../GUI -I../GUI/Widgets -I../GUI/Tools -I../GUI/Dialogs -I../Units -I../Tools -I../Infos -I../FileData -I../Problems -I/opt/local/include/QtXml -I/opt/local/include/QtGui -I/opt/local/include/QtCore -I/opt/local/include -I. -D__APPLE__ -D__GNUC__ ../GUI/Tools/MyTextLog.h -o moc_MyTextLog.cpp
:info:build /opt/local/bin/moc -DQT_NO_DEBUG -DQT_XML_LIB -DQT_GUI_LIB -DQT_CORE_LIB -DQT_SHARED -I/opt/local/share/qt4/mkspecs/macx-g++ -I. -I. -I/opt/local/include/qwt -I. -I.. -I../GUI -I../GUI/Widgets -I../GUI/Tools -I../GUI/Dialogs -I../Units -I../Tools -I../Infos -I../FileData -I../Problems -I/opt/local/include/QtXml -I/opt/local/include/QtGui -I/opt/local/include/QtCore -I/opt/local/include -I. -D__APPLE__ -D__GNUC__ ../GUI/Tools/MyDelegates.h -o moc_MyDelegates.cpp
:info:build /opt/local/bin/moc -DQT_NO_DEBUG -DQT_XML_LIB -DQT_GUI_LIB -DQT_CORE_LIB -DQT_SHARED -I/opt/local/share/qt4/mkspecs/macx-g++ -I. -I. -I/opt/local/include/qwt -I. -I.. -I../GUI -I../GUI/Widgets -I../GUI/Tools -I../GUI/Dialogs -I../Units -I../Tools -I../Infos -I../FileData -I../Problems -I/opt/local/include/QtXml -I/opt/local/include/QtGui -I/opt/local/include/QtCore -I/opt/local/include -I. -D__APPLE__ -D__GNUC__ ../GUI/Tools/MOSplitter.h -o moc_MOSplitter.cpp
:info:build /opt/local/bin/moc -DQT_NO_DEBUG -DQT_XML_LIB -DQT_GUI_LIB -DQT_CORE_LIB -DQT_SHARED -I/opt/local/share/qt4/mkspecs/macx-g++ -I. -I. -I/opt/local/include/qwt -I. -I.. -I../GUI -I../GUI/Widgets -I../GUI/Tools -I../GUI/Dialogs -I../Units -I../Tools -I../Infos -I../FileData -I../Problems -I/opt/local/include/QtXml -I/opt/local/include/QtGui -I/opt/local/include/QtCore -I/opt/local/include -I. -D__APPLE__ -D__GNUC__ ../GUI/Tools/GuiTools.h -o moc_GuiTools.cpp
:info:build /opt/local/bin/moc -DQT_NO_DEBUG -DQT_XML_LIB -DQT_GUI_LIB -DQT_CORE_LIB -DQT_SHARED -I/opt/local/share/qt4/mkspecs/macx-g++ -I. -I. -I/opt/local/include/qwt -I. -I.. -I../GUI -I../GUI/Widgets -I../GUI/Tools -I../GUI/Dialogs -I../Units -I../Tools -I../Infos -I../FileData -I../Problems -I/opt/local/include/QtXml -I/opt/local/include/QtGui -I/opt/local/include/QtCore -I/opt/local/include -I. -D__APPLE__ -D__GNUC__ ../GUI/Tabs/TabGeneric.h -o moc_TabGeneric.cpp
:info:build /usr/bin/clang++ -c -pipe -O2  -Xarch_x86_64 -mmacosx-version-min=10.7 -w -DUSE_OMNIORB -DQT_NO_DEBUG -DQT_SVG_LIB -DQT_XML_LIB -DQT_GUI_LIB -DQT_NETWORK_LIB -DQT_CORE_LIB -DQT_SHARED -I/opt/local/share/qt4/mkspecs/macx-g++ -I. -I../generatedfiles/moc -I/opt/local/include/qwt -I../../OMPlot/OMPlotGUI -I../OMSketch -I../.. -I. -I/opt/local/include/QtSvg -I/opt/local/include/QtXml -I/opt/local/include/QtGui -I/opt/local/include/QtNetwork -I/opt/local/include/QtCore -I/opt/local/include -I../generatedfiles/ui -o searchform.o searchform.cpp
:info:build /opt/local/bin/moc -DQT_NO_DEBUG -DQT_XML_LIB -DQT_GUI_LIB -DQT_CORE_LIB -DQT_SHARED -I/opt/local/share/qt4/mkspecs/macx-g++ -I. -I. -I/opt/local/include/qwt -I. -I.. -I../GUI -I../GUI/Widgets -I../GUI/Tools -I../GUI/Dialogs -I../Units -I../Tools -I../Infos -I../FileData -I../Problems -I/opt/local/include/QtXml -I/opt/local/include/QtGui -I/opt/local/include/QtCore -I/opt/local/include -I. -D__APPLE__ -D__GNUC__ ../GUI/Tabs/MOTab.h -o moc_MOTab.cpp
:info:build /opt/local/bin/moc -DQT_NO_DEBUG -DQT_XML_LIB -DQT_GUI_LIB -DQT_CORE_LIB -DQT_SHARED -I/opt/local/share/qt4/mkspecs/macx-g++ -I. -I. -I/opt/local/include/qwt -I. -I.. -I../GUI -I../GUI/Widgets -I../GUI/Tools -I../GUI/Dialogs -I../Units -I../Tools -I../Infos -I../FileData -I../Problems -I/opt/local/include/QtXml -I/opt/local/include/QtGui -I/opt/local/include/QtCore -I/opt/local/include -I. -D__APPLE__ -D__GNUC__ ../GUI/Tabs/MOMainTab.h -o moc_MOMainTab.cpp
:info:build /opt/local/bin/moc -DQT_NO_DEBUG -DQT_XML_LIB -DQT_GUI_LIB -DQT_CORE_LIB -DQT_SHARED -I/opt/local/share/qt4/mkspecs/macx-g++ -I. -I. -I/opt/local/include/qwt -I. -I.. -I../GUI -I../GUI/Widgets -I../GUI/Tools -I../GUI/Dialogs -I../Units -I../Tools -I../Infos -I../FileData -I../Problems -I/opt/local/include/QtXml -I/opt/local/include/QtGui -I/opt/local/include/QtCore -I/opt/local/include -I. -D__APPLE__ -D__GNUC__ ../GUI/Tabs/MO2ColTab.h -o moc_MO2ColTab.cpp
:info:build /opt/local/bin/moc -DQT_NO_DEBUG -DQT_XML_LIB -DQT_GUI_LIB -DQT_CORE_LIB -DQT_SHARED -I/opt/local/share/qt4/mkspecs/macx-g++ -I. -I. -I/opt/local/include/qwt -I. -I.. -I../GUI -I../GUI/Widgets -I../GUI/Tools -I../GUI/Dialogs -I../Units -I../Tools -I../Infos -I../FileData -I../Problems -I/opt/local/include/QtXml -I/opt/local/include/QtGui -I/opt/local/include/QtCore -I/opt/local/include -I. -D__APPLE__ -D__GNUC__ ../GUI/Widgets/WidgetTableVar.h -o moc_WidgetTableVar.cpp
:info:build /opt/local/bin/moc -DQT_NO_DEBUG -DQT_XML_LIB -DQT_GUI_LIB -DQT_CORE_LIB -DQT_SHARED -I/opt/local/share/qt4/mkspecs/macx-g++ -I. -I. -I/opt/local/include/qwt -I. -I.. -I../GUI -I../GUI/Widgets -I../GUI/Tools -I../GUI/Dialogs -I../Units -I../Tools -I../Infos -I../FileData -I../Problems -I/opt/local/include/QtXml -I/opt/local/include/QtGui -I/opt/local/include/QtCore -I/opt/local/include -I. -D__APPLE__ -D__GNUC__ ../GUI/Plots/MOPlot.h -o moc_MOPlot.cpp
:info:build /opt/local/bin/moc -DQT_NO_DEBUG -DQT_XML_LIB -DQT_GUI_LIB -DQT_CORE_LIB -DQT_SHARED -I/opt/local/share/qt4/mkspecs/macx-g++ -I. -I. -I/opt/local/include/qwt -I. -I.. -I../GUI -I../GUI/Widgets -I../GUI/Tools -I../GUI/Dialogs -I../Units -I../Tools -I../Infos -I../FileData -I../Problems -I/opt/local/include/QtXml -I/opt/local/include/QtGui -I/opt/local/include/QtCore -I/opt/local/include -I. -D__APPLE__ -D__GNUC__ ../GUI/Tabs/TabProjectBase.h -o moc_TabProjectBase.cpp
:info:build /opt/local/bin/moc -DQT_NO_DEBUG -DQT_XML_LIB -DQT_GUI_LIB -DQT_CORE_LIB -DQT_SHARED -I/opt/local/share/qt4/mkspecs/macx-g++ -I. -I. -I/opt/local/include/qwt -I. -I.. -I../GUI -I../GUI/Widgets -I../GUI/Tools -I../GUI/Dialogs -I../Units -I../Tools -I../Infos -I../FileData -I../Problems -I/opt/local/include/QtXml -I/opt/local/include/QtGui -I/opt/local/include/QtCore -I/opt/local/include -I. -D__APPLE__ -D__GNUC__ ../GUI/Widgets/WidgetProjectBaseInfos.h -o moc_WidgetProjectBaseInfos.cpp
:info:build /opt/local/bin/moc -DQT_NO_DEBUG -DQT_XML_LIB -DQT_GUI_LIB -DQT_CORE_LIB -DQT_SHARED -I/opt/local/share/qt4/mkspecs/macx-g++ -I. -I. -I/opt/local/include/qwt -I. -I.. -I../GUI -I../GUI/Widgets -I../GUI/Tools -I../GUI/Dialogs -I../Units -I../Tools -I../Infos -I../FileData -I../Problems -I/opt/local/include/QtXml -I/opt/local/include/QtGui -I/opt/local/include/QtCore -I/opt/local/include -I. -D__APPLE__ -D__GNUC__ ../GUI/Dialogs/DlgSettings.h -o moc_DlgSettings.cpp
:info:build /opt/local/bin/moc -DQT_NO_DEBUG -DQT_XML_LIB -DQT_GUI_LIB -DQT_CORE_LIB -DQT_SHARED -I/opt/local/share/qt4/mkspecs/macx-g++ -I. -I. -I/opt/local/include/qwt -I. -I.. -I../GUI -I../GUI/Widgets -I../GUI/Tools -I../GUI/Dialogs -I../Units -I../Tools -I../Infos -I../FileData -I../Problems -I/opt/local/include/QtXml -I/opt/local/include/QtGui -I/opt/local/include/QtCore -I/opt/local/include -I. -D__APPLE__ -D__GNUC__ ../GUI/Dialogs/DlgSelectVars.h -o moc_DlgSelectVars.cpp
:info:build /opt/local/bin/moc -DQT_NO_DEBUG -DQT_XML_LIB -DQT_GUI_LIB -DQT_CORE_LIB -DQT_SHARED -I/opt/local/share/qt4/mkspecs/macx-g++ -I. -I. -I/opt/local/include/qwt -I. -I.. -I../GUI -I../GUI/Widgets -I../GUI/Tools -I../GUI/Dialogs -I../Units -I../Tools -I../Infos -I../FileData -I../Problems -I/opt/local/include/QtXml -I/opt/local/include/QtGui -I/opt/local/include/QtCore -I/opt/local/include -I. -D__APPLE__ -D__GNUC__ ../GUI/Dialogs/DlgSelectFiles.h -o moc_DlgSelectFiles.cpp
:info:build /opt/local/bin/moc -DQT_NO_DEBUG -DQT_XML_LIB -DQT_GUI_LIB -DQT_CORE_LIB -DQT_SHARED -I/opt/local/share/qt4/mkspecs/macx-g++ -I. -I. -I/opt/local/include/qwt -I. -I.. -I../GUI -I../GUI/Widgets -I../GUI/Tools -I../GUI/Dialogs -I../Units -I../Tools -I../Infos -I../FileData -I../Problems -I/opt/local/include/QtXml -I/opt/local/include/QtGui -I/opt/local/include/QtCore -I/opt/local/include -I. -D__APPLE__ -D__GNUC__ ../GUI/Widgets/WidgetSelectVars.h -o moc_WidgetSelectVars.cpp
:info:build /opt/local/bin/moc -DQT_NO_DEBUG -DQT_XML_LIB -DQT_GUI_LIB -DQT_CORE_LIB -DQT_SHARED -I/opt/local/share/qt4/mkspecs/macx-g++ -I. -I. -I/opt/local/include/qwt -I. -I.. -I../GUI -I../GUI/Widgets -I../GUI/Tools -I../GUI/Dialogs -I../Units -I../Tools -I../Infos -I../FileData -I../Problems -I/opt/local/include/QtXml -I/opt/local/include/QtGui -I/opt/local/include/QtCore -I/opt/local/include -I. -D__APPLE__ -D__GNUC__ ../GUI/Widgets/WidgetList.h -o moc_WidgetList.cpp
:info:build /opt/local/bin/moc -DQT_NO_DEBUG -DQT_XML_LIB -DQT_GUI_LIB -DQT_CORE_LIB -DQT_SHARED -I/opt/local/share/qt4/mkspecs/macx-g++ -I. -I. -I/opt/local/include/qwt -I. -I.. -I../GUI -I../GUI/Widgets -I../GUI/Tools -I../GUI/Dialogs -I../Units -I../Tools -I../Infos -I../FileData -I../Problems -I/opt/local/include/QtXml -I/opt/local/include/QtGui -I/opt/local/include/QtCore -I/opt/local/include -I. -D__APPLE__ -D__GNUC__ ../GUI/Dialogs/NewProjectBaseForm.h -o moc_NewProjectBaseForm.cpp
:info:build /opt/local/bin/moc -DQT_NO_DEBUG -DQT_XML_LIB -DQT_GUI_LIB -DQT_CORE_LIB -DQT_SHARED -I/opt/local/share/qt4/mkspecs/macx-g++ -I. -I. -I/opt/local/include/qwt -I. -I.. -I../GUI -I../GUI/Widgets -I../GUI/Tools -I../GUI/Dialogs -I../Units -I../Tools -I../Infos -I../FileData -I../Problems -I/opt/local/include/QtXml -I/opt/local/include/QtGui -I/opt/local/include/QtCore -I/opt/local/include -I. -D__APPLE__ -D__GNUC__ ../GUI/Dialogs/DlgSelect.h -o moc_DlgSelect.cpp
:info:build /usr/bin/clang++ -c -pipe -O2  -Xarch_x86_64 -mmacosx-version-min=10.7 -w -DUSE_OMNIORB -DQT_NO_DEBUG -DQT_SVG_LIB -DQT_XML_LIB -DQT_GUI_LIB -DQT_NETWORK_LIB -DQT_CORE_LIB -DQT_SHARED -I/opt/local/share/qt4/mkspecs/macx-g++ -I. -I../generatedfiles/moc -I/opt/local/include/qwt -I../../OMPlot/OMPlotGUI -I../OMSketch -I../.. -I. -I/opt/local/include/QtSvg -I/opt/local/include/QtXml -I/opt/local/include/QtGui -I/opt/local/include/QtNetwork -I/opt/local/include/QtCore -I/opt/local/include -I../generatedfiles/ui -o cellgroup.o cellgroup.cpp
:info:build /usr/bin/clang++ -c -pipe -O2  -Xarch_x86_64 -mmacosx-version-min=10.7 -w -fPIC -DQT_NO_DEBUG -DQT_XML_LIB -DQT_GUI_LIB -DQT_CORE_LIB -DQT_SHARED -I/opt/local/share/qt4/mkspecs/macx-g++ -I. -I. -I/opt/local/include/qwt -I. -I.. -I../GUI -I../GUI/Widgets -I../GUI/Tools -I../GUI/Dialogs -I../Units -I../Tools -I../Infos -I../FileData -I../Problems -I/opt/local/include/QtXml -I/opt/local/include/QtGui -I/opt/local/include/QtCore -I/opt/local/include -I. -o moc_Variable.o moc_Variable.cpp
:info:build /usr/bin/clang++ -c -pipe -O2  -Xarch_x86_64 -mmacosx-version-min=10.7 -w -fPIC -DQT_NO_DEBUG -DQT_XML_LIB -DQT_GUI_LIB -DQT_CORE_LIB -DQT_SHARED -I/opt/local/share/qt4/mkspecs/macx-g++ -I. -I. -I/opt/local/include/qwt -I. -I.. -I../GUI -I../GUI/Widgets -I../GUI/Tools -I../GUI/Dialogs -I../Units -I../Tools -I../Infos -I../FileData -I../Problems -I/opt/local/include/QtXml -I/opt/local/include/QtGui -I/opt/local/include/QtCore -I/opt/local/include -I. -o moc_MOThreads.o moc_MOThreads.cpp
:info:build /usr/bin/clang++ -c -pipe -O2  -Xarch_x86_64 -mmacosx-version-min=10.7 -w -DUSE_OMNIORB -DQT_NO_DEBUG -DQT_SVG_LIB -DQT_XML_LIB -DQT_GUI_LIB -DQT_NETWORK_LIB -DQT_CORE_LIB -DQT_SHARED -I/opt/local/share/qt4/mkspecs/macx-g++ -I. -I../generatedfiles/moc -I/opt/local/include/qwt -I../../OMPlot/OMPlotGUI -I../OMSketch -I../.. -I. -I/opt/local/include/QtSvg -I/opt/local/include/QtXml -I/opt/local/include/QtGui -I/opt/local/include/QtNetwork -I/opt/local/include/QtCore -I/opt/local/include -I../generatedfiles/ui -o serializingvisitor.o serializingvisitor.cpp
:info:build /usr/bin/clang++ -c -pipe -O2  -Xarch_x86_64 -mmacosx-version-min=10.7 -w -fPIC -DQT_NO_DEBUG -DQT_XML_LIB -DQT_GUI_LIB -DQT_CORE_LIB -DQT_SHARED -I/opt/local/share/qt4/mkspecs/macx-g++ -I. -I. -I/opt/local/include/qwt -I. -I.. -I../GUI -I../GUI/Widgets -I../GUI/Tools -I../GUI/Dialogs -I../Units -I../Tools -I../Infos -I../FileData -I../Problems -I/opt/local/include/QtXml -I/opt/local/include/QtGui -I/opt/local/include/QtCore -I/opt/local/include -I. -o moc_MOTableView.o moc_MOTableView.cpp
:info:build /usr/bin/clang++ -c -pipe -O2  -Xarch_x86_64 -mmacosx-version-min=10.7 -w -fPIC -DQT_NO_DEBUG -DQT_XML_LIB -DQT_GUI_LIB -DQT_CORE_LIB -DQT_SHARED -I/opt/local/share/qt4/mkspecs/macx-g++ -I. -I. -I/opt/local/include/qwt -I. -I.. -I../GUI -I../GUI/Widgets -I../GUI/Tools -I../GUI/Dialogs -I../Units -I../Tools -I../Infos -I../FileData -I../Problems -I/opt/local/include/QtXml -I/opt/local/include/QtGui -I/opt/local/include/QtCore -I/opt/local/include -I. -o moc_MOParameter.o moc_MOParameter.cpp
:info:build /usr/bin/clang++ -c -pipe -O2  -Xarch_x86_64 -mmacosx-version-min=10.7 -w -fPIC -DQT_NO_DEBUG -DQT_XML_LIB -DQT_GUI_LIB -DQT_CORE_LIB -DQT_SHARED -I/opt/local/share/qt4/mkspecs/macx-g++ -I. -I. -I/opt/local/include/qwt -I. -I.. -I../GUI -I../GUI/Widgets -I../GUI/Tools -I../GUI/Dialogs -I../Units -I../Tools -I../Infos -I../FileData -I../Problems -I/opt/local/include/QtXml -I/opt/local/include/QtGui -I/opt/local/include/QtCore -I/opt/local/include -I. -o moc_MOOptVector.o moc_MOOptVector.cpp
:info:build /usr/bin/clang++ -c -pipe -O2  -Xarch_x86_64 -mmacosx-version-min=10.7 -w -DUSE_OMNIORB -DQT_NO_DEBUG -DQT_SVG_LIB -DQT_XML_LIB -DQT_GUI_LIB -DQT_NETWORK_LIB -DQT_CORE_LIB -DQT_SHARED -I/opt/local/share/qt4/mkspecs/macx-g++ -I. -I../generatedfiles/moc -I/opt/local/include/qwt -I../../OMPlot/OMPlotGUI -I../OMSketch -I../.. -I. -I/opt/local/include/QtSvg -I/opt/local/include/QtXml -I/opt/local/include/QtGui -I/opt/local/include/QtNetwork -I/opt/local/include/QtCore -I/opt/local/include -I../generatedfiles/ui -o graphcell.o graphcell.cpp
:info:build /usr/bin/clang++ -c -pipe -O2  -Xarch_x86_64 -mmacosx-version-min=10.7 -w -fPIC -DQT_NO_DEBUG -DQT_XML_LIB -DQT_GUI_LIB -DQT_CORE_LIB -DQT_SHARED -I/opt/local/share/qt4/mkspecs/macx-g++ -I. -I. -I/opt/local/include/qwt -I. -I.. -I../GUI -I../GUI/Widgets -I../GUI/Tools -I../GUI/Dialogs -I../Units -I../Tools -I../Infos -I../FileData -I../Problems -I/opt/local/include/QtXml -I/opt/local/include/QtGui -I/opt/local/include/QtCore -I/opt/local/include -I. -o moc_MOItem.o moc_MOItem.cpp
:info:build /usr/bin/clang++ -c -pipe -O2  -Xarch_x86_64 -mmacosx-version-min=10.7 -w -fPIC -DQT_NO_DEBUG -DQT_XML_LIB -DQT_GUI_LIB -DQT_CORE_LIB -DQT_SHARED -I/opt/local/share/qt4/mkspecs/macx-g++ -I. -I. -I/opt/local/include/qwt -I. -I.. -I../GUI -I../GUI/Widgets -I../GUI/Tools -I../GUI/Dialogs -I../Units -I../Tools -I../Infos -I../FileData -I../Problems -I/opt/local/include/QtXml -I/opt/local/include/QtGui -I/opt/local/include/QtCore -I/opt/local/include -I. -o moc_WidgetMOItem.o moc_WidgetMOItem.cpp
:info:build /usr/bin/clang++ -c -pipe -O2  -Xarch_x86_64 -mmacosx-version-min=10.7 -w -fPIC -DQT_NO_DEBUG -DQT_XML_LIB -DQT_GUI_LIB -DQT_CORE_LIB -DQT_SHARED -I/opt/local/share/qt4/mkspecs/macx-g++ -I. -I. -I/opt/local/include/qwt -I. -I.. -I../GUI -I../GUI/Widgets -I../GUI/Tools -I../GUI/Dialogs -I../Units -I../Tools -I../Infos -I../FileData -I../Problems -I/opt/local/include/QtXml -I/opt/local/include/QtGui -I/opt/local/include/QtCore -I/opt/local/include -I. -o moc_WidgetFilesList.o moc_WidgetFilesList.cpp
:info:build /usr/bin/clang++ -c -pipe -O2  -Xarch_x86_64 -mmacosx-version-min=10.7 -w -fPIC -DQT_NO_DEBUG -DQT_XML_LIB -DQT_GUI_LIB -DQT_CORE_LIB -DQT_SHARED -I/opt/local/share/qt4/mkspecs/macx-g++ -I. -I. -I/opt/local/include/qwt -I. -I.. -I../GUI -I../GUI/Widgets -I../GUI/Tools -I../GUI/Dialogs -I../Units -I../Tools -I../Infos -I../FileData -I../Problems -I/opt/local/include/QtXml -I/opt/local/include/QtGui -I/opt/local/include/QtCore -I/opt/local/include -I. -o moc_Result.o moc_Result.cpp
:info:build /usr/bin/clang++ -c -pipe -O2  -Xarch_x86_64 -mmacosx-version-min=10.7 -w -DUSE_OMNIORB -DQT_NO_DEBUG -DQT_SVG_LIB -DQT_XML_LIB -DQT_GUI_LIB -DQT_NETWORK_LIB -DQT_CORE_LIB -DQT_SHARED -I/opt/local/share/qt4/mkspecs/macx-g++ -I. -I../generatedfiles/moc -I/opt/local/include/qwt -I../../OMPlot/OMPlotGUI -I../OMSketch -I../.. -I. -I/opt/local/include/QtSvg -I/opt/local/include/QtXml -I/opt/local/include/QtGui -I/opt/local/include/QtNetwork -I/opt/local/include/QtCore -I/opt/local/include -I../generatedfiles/ui -o evalthread.o evalthread.cpp
:info:build /usr/bin/clang++ -c -pipe -O2  -Xarch_x86_64 -mmacosx-version-min=10.7 -w -fPIC -DQT_NO_DEBUG -DQT_XML_LIB -DQT_GUI_LIB -DQT_CORE_LIB -DQT_SHARED -I/opt/local/share/qt4/mkspecs/macx-g++ -I. -I. -I/opt/local/include/qwt -I. -I.. -I../GUI -I../GUI/Widgets -I../GUI/Tools -I../GUI/Dialogs -I../Units -I../Tools -I../Infos -I../FileData -I../Problems -I/opt/local/include/QtXml -I/opt/local/include/QtGui -I/opt/local/include/QtCore -I/opt/local/include -I. -o moc_ProblemInterface.o moc_ProblemInterface.cpp
:info:build /usr/bin/clang++ -c -pipe -O2  -Xarch_x86_64 -mmacosx-version-min=10.7 -w -DUSE_OMNIORB -DQT_NO_DEBUG -DQT_SVG_LIB -DQT_XML_LIB -DQT_GUI_LIB -DQT_NETWORK_LIB -DQT_CORE_LIB -DQT_SHARED -I/opt/local/share/qt4/mkspecs/macx-g++ -I. -I../generatedfiles/moc -I/opt/local/include/qwt -I../../OMPlot/OMPlotGUI -I../OMSketch -I../.. -I. -I/opt/local/include/QtSvg -I/opt/local/include/QtXml -I/opt/local/include/QtGui -I/opt/local/include/QtNetwork -I/opt/local/include/QtCore -I/opt/local/include -I../generatedfiles/ui -o indent.o indent.cpp
:info:build /usr/bin/clang++ -c -pipe -O2  -Xarch_x86_64 -mmacosx-version-min=10.7 -w -fPIC -DQT_NO_DEBUG -DQT_XML_LIB -DQT_GUI_LIB -DQT_CORE_LIB -DQT_SHARED -I/opt/local/share/qt4/mkspecs/macx-g++ -I. -I. -I/opt/local/include/qwt -I. -I.. -I../GUI -I../GUI/Widgets -I../GUI/Tools -I../GUI/Dialogs -I../Units -I../Tools -I../Infos -I../FileData -I../Problems -I/opt/local/include/QtXml -I/opt/local/include/QtGui -I/opt/local/include/QtCore -I/opt/local/include -I. -o moc_Problem.o moc_Problem.cpp
:info:build /usr/bin/clang++ -c -pipe -O2  -Xarch_x86_64 -mmacosx-version-min=10.7 -w -DUSE_OMNIORB -DQT_NO_DEBUG -DQT_SVG_LIB -DQT_XML_LIB -DQT_GUI_LIB -DQT_NETWORK_LIB -DQT_CORE_LIB -DQT_SHARED -I/opt/local/share/qt4/mkspecs/macx-g++ -I. -I../generatedfiles/moc -I/opt/local/include/qwt -I../../OMPlot/OMPlotGUI -I../OMSketch -I../.. -I. -I/opt/local/include/QtSvg -I/opt/local/include/QtXml -I/opt/local/include/QtGui -I/opt/local/include/QtNetwork -I/opt/local/include/QtCore -I/opt/local/include -I../generatedfiles/ui -o Tools.o ../OMSketch/Tools.cpp
:info:build /usr/bin/clang++ -c -pipe -O2  -Xarch_x86_64 -mmacosx-version-min=10.7 -w -fPIC -DQT_NO_DEBUG -DQT_XML_LIB -DQT_GUI_LIB -DQT_CORE_LIB -DQT_SHARED -I/opt/local/share/qt4/mkspecs/macx-g++ -I. -I. -I/opt/local/include/qwt -I. -I.. -I../GUI -I../GUI/Widgets -I../GUI/Tools -I../GUI/Dialogs -I../Units -I../Tools -I../Infos -I../FileData -I../Problems -I/opt/local/include/QtXml -I/opt/local/include/QtGui -I/opt/local/include/QtCore -I/opt/local/include -I. -o moc_OMCases.o moc_OMCases.cpp
:info:build /usr/bin/clang++ -c -pipe -O2  -Xarch_x86_64 -mmacosx-version-min=10.7 -w -fPIC -DQT_NO_DEBUG -DQT_XML_LIB -DQT_GUI_LIB -DQT_CORE_LIB -DQT_SHARED -I/opt/local/share/qt4/mkspecs/macx-g++ -I. -I. -I/opt/local/include/qwt -I. -I.. -I../GUI -I../GUI/Widgets -I../GUI/Tools -I../GUI/Dialogs -I../Units -I../Tools -I../Infos -I../FileData -I../Problems -I/opt/local/include/QtXml -I/opt/local/include/QtGui -I/opt/local/include/QtCore -I/opt/local/include -I. -o moc_OMCase.o moc_OMCase.cpp
:info:build /usr/bin/clang++ -c -pipe -O2  -Xarch_x86_64 -mmacosx-version-min=10.7 -w -fPIC -DQT_NO_DEBUG -DQT_XML_LIB -DQT_GUI_LIB -DQT_CORE_LIB -DQT_SHARED -I/opt/local/share/qt4/mkspecs/macx-g++ -I. -I. -I/opt/local/include/qwt -I. -I.. -I../GUI -I../GUI/Widgets -I../GUI/Tools -I../GUI/Dialogs -I../Units -I../Tools -I../Infos -I../FileData -I../Problems -I/opt/local/include/QtXml -I/opt/local/include/QtGui -I/opt/local/include/QtCore -I/opt/local/include -I. -o moc_InfoSender.o moc_InfoSender.cpp
:info:build /usr/bin/clang++ -c -pipe -O2  -Xarch_x86_64 -mmacosx-version-min=10.7 -w -fPIC -DQT_NO_DEBUG -DQT_XML_LIB -DQT_GUI_LIB -DQT_CORE_LIB -DQT_SHARED -I/opt/local/share/qt4/mkspecs/macx-g++ -I. -I. -I/opt/local/include/qwt -I. -I.. -I../GUI -I../GUI/Widgets -I../GUI/Tools -I../GUI/Dialogs -I../Units -I../Tools -I../Infos -I../FileData -I../Problems -I/opt/local/include/QtXml -I/opt/local/include/QtGui -I/opt/local/include/QtCore -I/opt/local/include -I. -o moc_Info.o moc_Info.cpp
:info:build /usr/bin/clang++ -c -pipe -O2  -Xarch_x86_64 -mmacosx-version-min=10.7 -w -fPIC -DQT_NO_DEBUG -DQT_XML_LIB -DQT_GUI_LIB -DQT_CORE_LIB -DQT_SHARED -I/opt/local/share/qt4/mkspecs/macx-g++ -I. -I. -I/opt/local/include/qwt -I. -I.. -I../GUI -I../GUI/Widgets -I../GUI/Tools -I../GUI/Dialogs -I../Units -I../Tools -I../Infos -I../FileData -I../Problems -I/opt/local/include/QtXml -I/opt/local/include/QtGui -I/opt/local/include/QtCore -I/opt/local/include -I. -o moc_qsciencespinbox.o moc_qsciencespinbox.cpp
:info:build /usr/bin/clang++ -c -pipe -O2  -Xarch_x86_64 -mmacosx-version-min=10.7 -w -fPIC -DQT_NO_DEBUG -DQT_XML_LIB -DQT_GUI_LIB -DQT_CORE_LIB -DQT_SHARED -I/opt/local/share/qt4/mkspecs/macx-g++ -I. -I. -I/opt/local/include/qwt -I. -I.. -I../GUI -I../GUI/Widgets -I../GUI/Tools -I../GUI/Dialogs -I../Units -I../Tools -I../Infos -I../FileData -I../Problems -I/opt/local/include/QtXml -I/opt/local/include/QtGui -I/opt/local/include/QtCore -I/opt/local/include -I. -o moc_Load.o moc_Load.cpp
:info:build /usr/bin/clang++ -c -pipe -O2  -Xarch_x86_64 -mmacosx-version-min=10.7 -w -DUSE_OMNIORB -DQT_NO_DEBUG -DQT_SVG_LIB -DQT_XML_LIB -DQT_GUI_LIB -DQT_NETWORK_LIB -DQT_CORE_LIB -DQT_SHARED -I/opt/local/share/qt4/mkspecs/macx-g++ -I. -I../generatedfiles/moc -I/opt/local/include/qwt -I../../OMPlot/OMPlotGUI -I../OMSketch -I../.. -I. -I/opt/local/include/QtSvg -I/opt/local/include/QtXml -I/opt/local/include/QtGui -I/opt/local/include/QtNetwork -I/opt/local/include/QtCore -I/opt/local/include -I../generatedfiles/ui -o Sketch_files.o ../OMSketch/Sketch_files.cpp
:info:build /usr/bin/clang++ -c -pipe -O2  -Xarch_x86_64 -mmacosx-version-min=10.7 -w -fPIC -DQT_NO_DEBUG -DQT_XML_LIB -DQT_GUI_LIB -DQT_CORE_LIB -DQT_SHARED -I/opt/local/share/qt4/mkspecs/macx-g++ -I. -I. -I/opt/local/include/qwt -I. -I.. -I../GUI -I../GUI/Widgets -I../GUI/Tools -I../GUI/Dialogs -I../Units -I../Tools -I../Infos -I../FileData -I../Problems -I/opt/local/include/QtXml -I/opt/local/include/QtGui -I/opt/local/include/QtCore -I/opt/local/include -I. -o moc_ProjectBase.o moc_ProjectBase.cpp
:info:build /usr/bin/clang++ -c -pipe -O2  -Xarch_x86_64 -mmacosx-version-min=10.7 -w -fPIC -DQT_NO_DEBUG -DQT_XML_LIB -DQT_GUI_LIB -DQT_CORE_LIB -DQT_SHARED -I/opt/local/share/qt4/mkspecs/macx-g++ -I. -I. -I/opt/local/include/qwt -I. -I.. -I../GUI -I../GUI/Widgets -I../GUI/Tools -I../GUI/Dialogs -I../Units -I../Tools -I../Infos -I../FileData -I../Problems -I/opt/local/include/QtXml -I/opt/local/include/QtGui -I/opt/local/include/QtCore -I/opt/local/include -I. -o moc_MOParametersDlg.o moc_MOParametersDlg.cpp
:info:build /usr/bin/clang++ -c -pipe -O2  -Xarch_x86_64 -mmacosx-version-min=10.7 -w -fPIC -DQT_NO_DEBUG -DQT_XML_LIB -DQT_GUI_LIB -DQT_CORE_LIB -DQT_SHARED -I/opt/local/share/qt4/mkspecs/macx-g++ -I. -I. -I/opt/local/include/qwt -I. -I.. -I../GUI -I../GUI/Widgets -I../GUI/Tools -I../GUI/Dialogs -I../Units -I../Tools -I../Infos -I../FileData -I../Problems -I/opt/local/include/QtXml -I/opt/local/include/QtGui -I/opt/local/include/QtCore -I/opt/local/include -I. -o moc_OMProcess.o moc_OMProcess.cpp
:info:build /usr/bin/clang++ -c -pipe -O2  -Xarch_x86_64 -mmacosx-version-min=10.7 -w -DUSE_OMNIORB -DQT_NO_DEBUG -DQT_SVG_LIB -DQT_XML_LIB -DQT_GUI_LIB -DQT_NETWORK_LIB -DQT_CORE_LIB -DQT_SHARED -I/opt/local/share/qt4/mkspecs/macx-g++ -I. -I../generatedfiles/moc -I/opt/local/include/qwt -I../../OMPlot/OMPlotGUI -I../OMSketch -I../.. -I. -I/opt/local/include/QtSvg -I/opt/local/include/QtXml -I/opt/local/include/QtGui -I/opt/local/include/QtNetwork -I/opt/local/include/QtCore -I/opt/local/include -I../generatedfiles/ui -o Shapes.o ../OMSketch/Shapes.cpp
:info:build /usr/bin/clang++ -c -pipe -O2  -Xarch_x86_64 -mmacosx-version-min=10.7 -w -fPIC -DQT_NO_DEBUG -DQT_XML_LIB -DQT_GUI_LIB -DQT_CORE_LIB -DQT_SHARED -I/opt/local/share/qt4/mkspecs/macx-g++ -I. -I. -I/opt/local/include/qwt -I. -I.. -I../GUI -I../GUI/Widgets -I../GUI/Tools -I../GUI/Dialogs -I../Units -I../Tools -I../Infos -I../FileData -I../Problems -I/opt/local/include/QtXml -I/opt/local/include/QtGui -I/opt/local/include/QtCore -I/opt/local/include -I. -o moc_MyTreeView.o moc_MyTreeView.cpp
:info:build /usr/bin/clang++ -c -pipe -O2  -Xarch_x86_64 -mmacosx-version-min=10.7 -w -fPIC -DQT_NO_DEBUG -DQT_XML_LIB -DQT_GUI_LIB -DQT_CORE_LIB -DQT_SHARED -I/opt/local/share/qt4/mkspecs/macx-g++ -I. -I. -I/opt/local/include/qwt -I. -I.. -I../GUI -I../GUI/Widgets -I../GUI/Tools -I../GUI/Dialogs -I../Units -I../Tools -I../Infos -I../FileData -I../Problems -I/opt/local/include/QtXml -I/opt/local/include/QtGui -I/opt/local/include/QtCore -I/opt/local/include -I. -o moc_MyTextLog.o moc_MyTextLog.cpp
:info:build /usr/bin/clang++ -c -pipe -O2  -Xarch_x86_64 -mmacosx-version-min=10.7 -w -DUSE_OMNIORB -DQT_NO_DEBUG -DQT_SVG_LIB -DQT_XML_LIB -DQT_GUI_LIB -DQT_NETWORK_LIB -DQT_CORE_LIB -DQT_SHARED -I/opt/local/share/qt4/mkspecs/macx-g++ -I. -I../generatedfiles/moc -I/opt/local/include/qwt -I../../OMPlot/OMPlotGUI -I../OMSketch -I../.. -I. -I/opt/local/include/QtSvg -I/opt/local/include/QtXml -I/opt/local/include/QtGui -I/opt/local/include/QtNetwork -I/opt/local/include/QtCore -I/opt/local/include -I../generatedfiles/ui -o Scene_Objects.o ../OMSketch/Scene_Objects.cpp
:info:build /usr/bin/clang++ -c -pipe -O2  -Xarch_x86_64 -mmacosx-version-min=10.7 -w -fPIC -DQT_NO_DEBUG -DQT_XML_LIB -DQT_GUI_LIB -DQT_CORE_LIB -DQT_SHARED -I/opt/local/share/qt4/mkspecs/macx-g++ -I. -I. -I/opt/local/include/qwt -I. -I.. -I../GUI -I../GUI/Widgets -I../GUI/Tools -I../GUI/Dialogs -I../Units -I../Tools -I../Infos -I../FileData -I../Problems -I/opt/local/include/QtXml -I/opt/local/include/QtGui -I/opt/local/include/QtCore -I/opt/local/include -I. -o moc_MyDelegates.o moc_MyDelegates.cpp
:info:build /usr/bin/clang++ -c -pipe -O2  -Xarch_x86_64 -mmacosx-version-min=10.7 -w -fPIC -DQT_NO_DEBUG -DQT_XML_LIB -DQT_GUI_LIB -DQT_CORE_LIB -DQT_SHARED -I/opt/local/share/qt4/mkspecs/macx-g++ -I. -I. -I/opt/local/include/qwt -I. -I.. -I../GUI -I../GUI/Widgets -I../GUI/Tools -I../GUI/Dialogs -I../Units -I../Tools -I../Infos -I../FileData -I../Problems -I/opt/local/include/QtXml -I/opt/local/include/QtGui -I/opt/local/include/QtCore -I/opt/local/include -I. -o moc_MOSplitter.o moc_MOSplitter.cpp
:info:build /usr/bin/clang++ -c -pipe -O2  -Xarch_x86_64 -mmacosx-version-min=10.7 -w -fPIC -DQT_NO_DEBUG -DQT_XML_LIB -DQT_GUI_LIB -DQT_CORE_LIB -DQT_SHARED -I/opt/local/share/qt4/mkspecs/macx-g++ -I. -I. -I/opt/local/include/qwt -I. -I.. -I../GUI -I../GUI/Widgets -I../GUI/Tools -I../GUI/Dialogs -I../Units -I../Tools -I../Infos -I../FileData -I../Problems -I/opt/local/include/QtXml -I/opt/local/include/QtGui -I/opt/local/include/QtCore -I/opt/local/include -I. -o moc_GuiTools.o moc_GuiTools.cpp
:info:build /usr/bin/clang++ -c -pipe -O2  -Xarch_x86_64 -mmacosx-version-min=10.7 -w -DUSE_OMNIORB -DQT_NO_DEBUG -DQT_SVG_LIB -DQT_XML_LIB -DQT_GUI_LIB -DQT_NETWORK_LIB -DQT_CORE_LIB -DQT_SHARED -I/opt/local/share/qt4/mkspecs/macx-g++ -I. -I../generatedfiles/moc -I/opt/local/include/qwt -I../../OMPlot/OMPlotGUI -I../OMSketch -I../.. -I. -I/opt/local/include/QtSvg -I/opt/local/include/QtXml -I/opt/local/include/QtGui -I/opt/local/include/QtNetwork -I/opt/local/include/QtCore -I/opt/local/include -I../generatedfiles/ui -o mainwindow.o ../OMSketch/mainwindow.cpp
:info:build /usr/bin/clang++ -c -pipe -O2  -Xarch_x86_64 -mmacosx-version-min=10.7 -w -DUSE_OMNIORB -DQT_NO_DEBUG -DQT_SVG_LIB -DQT_XML_LIB -DQT_GUI_LIB -DQT_NETWORK_LIB -DQT_CORE_LIB -DQT_SHARED -I/opt/local/share/qt4/mkspecs/macx-g++ -I. -I../generatedfiles/moc -I/opt/local/include/qwt -I../../OMPlot/OMPlotGUI -I../OMSketch -I../.. -I. -I/opt/local/include/QtSvg -I/opt/local/include/QtXml -I/opt/local/include/QtGui -I/opt/local/include/QtNetwork -I/opt/local/include/QtCore -I/opt/local/include -I../generatedfiles/ui -o Line.o ../OMSketch/Line.cpp
:info:build /usr/bin/clang++ -c -pipe -O2  -Xarch_x86_64 -mmacosx-version-min=10.7 -w -fPIC -DQT_NO_DEBUG -DQT_XML_LIB -DQT_GUI_LIB -DQT_CORE_LIB -DQT_SHARED -I/opt/local/share/qt4/mkspecs/macx-g++ -I. -I. -I/opt/local/include/qwt -I. -I.. -I../GUI -I../GUI/Widgets -I../GUI/Tools -I../GUI/Dialogs -I../Units -I../Tools -I../Infos -I../FileData -I../Problems -I/opt/local/include/QtXml -I/opt/local/include/QtGui -I/opt/local/include/QtCore -I/opt/local/include -I. -o moc_TabGeneric.o moc_TabGeneric.cpp
:info:build /usr/bin/clang++ -c -pipe -O2  -Xarch_x86_64 -mmacosx-version-min=10.7 -w -fPIC -DQT_NO_DEBUG -DQT_XML_LIB -DQT_GUI_LIB -DQT_CORE_LIB -DQT_SHARED -I/opt/local/share/qt4/mkspecs/macx-g++ -I. -I. -I/opt/local/include/qwt -I. -I.. -I../GUI -I../GUI/Widgets -I../GUI/Tools -I../GUI/Dialogs -I../Units -I../Tools -I../Infos -I../FileData -I../Problems -I/opt/local/include/QtXml -I/opt/local/include/QtGui -I/opt/local/include/QtCore -I/opt/local/include -I. -o moc_MOTab.o moc_MOTab.cpp
:info:build /usr/bin/clang++ -c -pipe -O2  -Xarch_x86_64 -mmacosx-version-min=10.7 -w -DUSE_OMNIORB -DQT_NO_DEBUG -DQT_SVG_LIB -DQT_XML_LIB -DQT_GUI_LIB -DQT_NETWORK_LIB -DQT_CORE_LIB -DQT_SHARED -I/opt/local/share/qt4/mkspecs/macx-g++ -I. -I../generatedfiles/moc -I/opt/local/include/qwt -I../../OMPlot/OMPlotGUI -I../OMSketch -I../.. -I. -I/opt/local/include/QtSvg -I/opt/local/include/QtXml -I/opt/local/include/QtGui -I/opt/local/include/QtNetwork -I/opt/local/include/QtCore -I/opt/local/include -I../generatedfiles/ui -o Graph_Scene.o ../OMSketch/Graph_Scene.cpp
:info:build /usr/bin/clang++ -c -pipe -O2  -Xarch_x86_64 -mmacosx-version-min=10.7 -w -fPIC -DQT_NO_DEBUG -DQT_XML_LIB -DQT_GUI_LIB -DQT_CORE_LIB -DQT_SHARED -I/opt/local/share/qt4/mkspecs/macx-g++ -I. -I. -I/opt/local/include/qwt -I. -I.. -I../GUI -I../GUI/Widgets -I../GUI/Tools -I../GUI/Dialogs -I../Units -I../Tools -I../Infos -I../FileData -I../Problems -I/opt/local/include/QtXml -I/opt/local/include/QtGui -I/opt/local/include/QtCore -I/opt/local/include -I. -o moc_MOMainTab.o moc_MOMainTab.cpp
:info:build /usr/bin/clang++ -c -pipe -O2  -Xarch_x86_64 -mmacosx-version-min=10.7 -w -fPIC -DQT_NO_DEBUG -DQT_XML_LIB -DQT_GUI_LIB -DQT_CORE_LIB -DQT_SHARED -I/opt/local/share/qt4/mkspecs/macx-g++ -I. -I. -I/opt/local/include/qwt -I. -I.. -I../GUI -I../GUI/Widgets -I../GUI/Tools -I../GUI/Dialogs -I../Units -I../Tools -I../Infos -I../FileData -I../Problems -I/opt/local/include/QtXml -I/opt/local/include/QtGui -I/opt/local/include/QtCore -I/opt/local/include -I. -o moc_MO2ColTab.o moc_MO2ColTab.cpp
:info:build /usr/bin/clang++ -c -pipe -O2  -Xarch_x86_64 -mmacosx-version-min=10.7 -w -fPIC -DQT_NO_DEBUG -DQT_XML_LIB -DQT_GUI_LIB -DQT_CORE_LIB -DQT_SHARED -I/opt/local/share/qt4/mkspecs/macx-g++ -I. -I. -I/opt/local/include/qwt -I. -I.. -I../GUI -I../GUI/Widgets -I../GUI/Tools -I../GUI/Dialogs -I../Units -I../Tools -I../Infos -I../FileData -I../Problems -I/opt/local/include/QtXml -I/opt/local/include/QtGui -I/opt/local/include/QtCore -I/opt/local/include -I. -o moc_WidgetTableVar.o moc_WidgetTableVar.cpp
:info:build /usr/bin/clang++ -c -pipe -O2  -Xarch_x86_64 -mmacosx-version-min=10.7 -w -fPIC -DQT_NO_DEBUG -DQT_XML_LIB -DQT_GUI_LIB -DQT_CORE_LIB -DQT_SHARED -I/opt/local/share/qt4/mkspecs/macx-g++ -I. -I. -I/opt/local/include/qwt -I. -I.. -I../GUI -I../GUI/Widgets -I../GUI/Tools -I../GUI/Dialogs -I../Units -I../Tools -I../Infos -I../FileData -I../Problems -I/opt/local/include/QtXml -I/opt/local/include/QtGui -I/opt/local/include/QtCore -I/opt/local/include -I. -o moc_MOPlot.o moc_MOPlot.cpp
:info:build /usr/bin/clang++ -c -pipe -O2  -Xarch_x86_64 -mmacosx-version-min=10.7 -w -fPIC -DQT_NO_DEBUG -DQT_XML_LIB -DQT_GUI_LIB -DQT_CORE_LIB -DQT_SHARED -I/opt/local/share/qt4/mkspecs/macx-g++ -I. -I. -I/opt/local/include/qwt -I. -I.. -I../GUI -I../GUI/Widgets -I../GUI/Tools -I../GUI/Dialogs -I../Units -I../Tools -I../Infos -I../FileData -I../Problems -I/opt/local/include/QtXml -I/opt/local/include/QtGui -I/opt/local/include/QtCore -I/opt/local/include -I. -o moc_TabProjectBase.o moc_TabProjectBase.cpp
:info:build /usr/bin/clang++ -c -pipe -O2  -Xarch_x86_64 -mmacosx-version-min=10.7 -w -fPIC -DQT_NO_DEBUG -DQT_XML_LIB -DQT_GUI_LIB -DQT_CORE_LIB -DQT_SHARED -I/opt/local/share/qt4/mkspecs/macx-g++ -I. -I. -I/opt/local/include/qwt -I. -I.. -I../GUI -I../GUI/Widgets -I../GUI/Tools -I../GUI/Dialogs -I../Units -I../Tools -I../Infos -I../FileData -I../Problems -I/opt/local/include/QtXml -I/opt/local/include/QtGui -I/opt/local/include/QtCore -I/opt/local/include -I. -o moc_WidgetProjectBaseInfos.o moc_WidgetProjectBaseInfos.cpp
:info:build /usr/bin/clang++ -c -pipe -O2  -Xarch_x86_64 -mmacosx-version-min=10.7 -w -fPIC -DQT_NO_DEBUG -DQT_XML_LIB -DQT_GUI_LIB -DQT_CORE_LIB -DQT_SHARED -I/opt/local/share/qt4/mkspecs/macx-g++ -I. -I. -I/opt/local/include/qwt -I. -I.. -I../GUI -I../GUI/Widgets -I../GUI/Tools -I../GUI/Dialogs -I../Units -I../Tools -I../Infos -I../FileData -I../Problems -I/opt/local/include/QtXml -I/opt/local/include/QtGui -I/opt/local/include/QtCore -I/opt/local/include -I. -o moc_DlgSettings.o moc_DlgSettings.cpp
:info:build /usr/bin/clang++ -c -pipe -O2  -Xarch_x86_64 -mmacosx-version-min=10.7 -w -DUSE_OMNIORB -DQT_NO_DEBUG -DQT_SVG_LIB -DQT_XML_LIB -DQT_GUI_LIB -DQT_NETWORK_LIB -DQT_CORE_LIB -DQT_SHARED -I/opt/local/share/qt4/mkspecs/macx-g++ -I. -I../generatedfiles/moc -I/opt/local/include/qwt -I../../OMPlot/OMPlotGUI -I../OMSketch -I../.. -I. -I/opt/local/include/QtSvg -I/opt/local/include/QtXml -I/opt/local/include/QtGui -I/opt/local/include/QtNetwork -I/opt/local/include/QtCore -I/opt/local/include -I../generatedfiles/ui -o Draw_Triangle.o ../OMSketch/Draw_Triangle.cpp
:info:build /usr/bin/clang++ -c -pipe -O2  -Xarch_x86_64 -mmacosx-version-min=10.7 -w -fPIC -DQT_NO_DEBUG -DQT_XML_LIB -DQT_GUI_LIB -DQT_CORE_LIB -DQT_SHARED -I/opt/local/share/qt4/mkspecs/macx-g++ -I. -I. -I/opt/local/include/qwt -I. -I.. -I../GUI -I../GUI/Widgets -I../GUI/Tools -I../GUI/Dialogs -I../Units -I../Tools -I../Infos -I../FileData -I../Problems -I/opt/local/include/QtXml -I/opt/local/include/QtGui -I/opt/local/include/QtCore -I/opt/local/include -I. -o moc_DlgSelectVars.o moc_DlgSelectVars.cpp
:info:build /usr/bin/clang++ -c -pipe -O2  -Xarch_x86_64 -mmacosx-version-min=10.7 -w -fPIC -DQT_NO_DEBUG -DQT_XML_LIB -DQT_GUI_LIB -DQT_CORE_LIB -DQT_SHARED -I/opt/local/share/qt4/mkspecs/macx-g++ -I. -I. -I/opt/local/include/qwt -I. -I.. -I../GUI -I../GUI/Widgets -I../GUI/Tools -I../GUI/Dialogs -I../Units -I../Tools -I../Infos -I../FileData -I../Problems -I/opt/local/include/QtXml -I/opt/local/include/QtGui -I/opt/local/include/QtCore -I/opt/local/include -I. -o moc_DlgSelectFiles.o moc_DlgSelectFiles.cpp
:info:build /usr/bin/clang++ -c -pipe -O2  -Xarch_x86_64 -mmacosx-version-min=10.7 -w -DUSE_OMNIORB -DQT_NO_DEBUG -DQT_SVG_LIB -DQT_XML_LIB -DQT_GUI_LIB -DQT_NETWORK_LIB -DQT_CORE_LIB -DQT_SHARED -I/opt/local/share/qt4/mkspecs/macx-g++ -I. -I../generatedfiles/moc -I/opt/local/include/qwt -I../../OMPlot/OMPlotGUI -I../OMSketch -I../.. -I. -I/opt/local/include/QtSvg -I/opt/local/include/QtXml -I/opt/local/include/QtGui -I/opt/local/include/QtNetwork -I/opt/local/include/QtCore -I/opt/local/include -I../generatedfiles/ui -o Draw_Text.o ../OMSketch/Draw_Text.cpp
:info:build /usr/bin/clang++ -c -pipe -O2  -Xarch_x86_64 -mmacosx-version-min=10.7 -w -fPIC -DQT_NO_DEBUG -DQT_XML_LIB -DQT_GUI_LIB -DQT_CORE_LIB -DQT_SHARED -I/opt/local/share/qt4/mkspecs/macx-g++ -I. -I. -I/opt/local/include/qwt -I. -I.. -I../GUI -I../GUI/Widgets -I../GUI/Tools -I../GUI/Dialogs -I../Units -I../Tools -I../Infos -I../FileData -I../Problems -I/opt/local/include/QtXml -I/opt/local/include/QtGui -I/opt/local/include/QtCore -I/opt/local/include -I. -o moc_WidgetSelectVars.o moc_WidgetSelectVars.cpp
:info:build /usr/bin/clang++ -c -pipe -O2  -Xarch_x86_64 -mmacosx-version-min=10.7 -w -fPIC -DQT_NO_DEBUG -DQT_XML_LIB -DQT_GUI_LIB -DQT_CORE_LIB -DQT_SHARED -I/opt/local/share/qt4/mkspecs/macx-g++ -I. -I. -I/opt/local/include/qwt -I. -I.. -I../GUI -I../GUI/Widgets -I../GUI/Tools -I../GUI/Dialogs -I../Units -I../Tools -I../Infos -I../FileData -I../Problems -I/opt/local/include/QtXml -I/opt/local/include/QtGui -I/opt/local/include/QtCore -I/opt/local/include -I. -o moc_WidgetList.o moc_WidgetList.cpp
:info:build /usr/bin/clang++ -c -pipe -O2  -Xarch_x86_64 -mmacosx-version-min=10.7 -w -DUSE_OMNIORB -DQT_NO_DEBUG -DQT_SVG_LIB -DQT_XML_LIB -DQT_GUI_LIB -DQT_NETWORK_LIB -DQT_CORE_LIB -DQT_SHARED -I/opt/local/share/qt4/mkspecs/macx-g++ -I. -I../generatedfiles/moc -I/opt/local/include/qwt -I../../OMPlot/OMPlotGUI -I../OMSketch -I../.. -I. -I/opt/local/include/QtSvg -I/opt/local/include/QtXml -I/opt/local/include/QtGui -I/opt/local/include/QtNetwork -I/opt/local/include/QtCore -I/opt/local/include -I../generatedfiles/ui -o Draw_RoundRect.o ../OMSketch/Draw_RoundRect.cpp
:info:build /usr/bin/clang++ -c -pipe -O2  -Xarch_x86_64 -mmacosx-version-min=10.7 -w -fPIC -DQT_NO_DEBUG -DQT_XML_LIB -DQT_GUI_LIB -DQT_CORE_LIB -DQT_SHARED -I/opt/local/share/qt4/mkspecs/macx-g++ -I. -I. -I/opt/local/include/qwt -I. -I.. -I../GUI -I../GUI/Widgets -I../GUI/Tools -I../GUI/Dialogs -I../Units -I../Tools -I../Infos -I../FileData -I../Problems -I/opt/local/include/QtXml -I/opt/local/include/QtGui -I/opt/local/include/QtCore -I/opt/local/include -I. -o moc_NewProjectBaseForm.o moc_NewProjectBaseForm.cpp
:info:build /usr/bin/clang++ -c -pipe -O2  -Xarch_x86_64 -mmacosx-version-min=10.7 -w -fPIC -DQT_NO_DEBUG -DQT_XML_LIB -DQT_GUI_LIB -DQT_CORE_LIB -DQT_SHARED -I/opt/local/share/qt4/mkspecs/macx-g++ -I. -I. -I/opt/local/include/qwt -I. -I.. -I../GUI -I../GUI/Widgets -I../GUI/Tools -I../GUI/Dialogs -I../Units -I../Tools -I../Infos -I../FileData -I../Problems -I/opt/local/include/QtXml -I/opt/local/include/QtGui -I/opt/local/include/QtCore -I/opt/local/include -I. -o moc_DlgSelect.o moc_DlgSelect.cpp
:info:build /usr/bin/clang++ -c -pipe -O2  -Xarch_x86_64 -mmacosx-version-min=10.7 -w -DUSE_OMNIORB -DQT_NO_DEBUG -DQT_SVG_LIB -DQT_XML_LIB -DQT_GUI_LIB -DQT_NETWORK_LIB -DQT_CORE_LIB -DQT_SHARED -I/opt/local/share/qt4/mkspecs/macx-g++ -I. -I../generatedfiles/moc -I/opt/local/include/qwt -I../../OMPlot/OMPlotGUI -I../OMSketch -I../.. -I. -I/opt/local/include/QtSvg -I/opt/local/include/QtXml -I/opt/local/include/QtGui -I/opt/local/include/QtNetwork -I/opt/local/include/QtCore -I/opt/local/include -I../generatedfiles/ui -o Draw_Rectangle.o ../OMSketch/Draw_Rectangle.cpp
:info:build rm -f libOMOptimBasis.a
:info:build ar cq libOMOptimBasis.a Variables.o Variable.o MOThreads.o MOTableView.o MOParameter.o MOOptVector.o MOItem.o WidgetMOItem.o WidgetFilesList.o METemperature.o MESurface.o MESpecHeatCapacity.o MEQflow.o MEMassFlow.o MEHTCoeff.o MEDimValue.o XMLTools.o LowTools.o Results.o Result.o Problems.o ProblemInterface.o ProblemConfig.o Problem.o OMCases.o OMCase.o InfoSender.o Info.o qsciencespinbox.o XML.o Save.o Load.o CSVBase.o ProjectBase.o MOSettings.o HighTools.o MOParametersDlg.o OMProcess.o MyTreeView.o MyTextLog.o MyDelegates.o MOStyleSheet.o MOSplitter.o GuiTools.o TabGeneric.o MOTabBase.o MOTab.o MOMainTab.o MO2ColTab.o WidgetTableVar.o MyQwtPlotPicker.o MOPlot.o TabProjectBase.o WidgetProjectBaseInfos.o DlgSettings.o DlgSelectVars.o DlgSelectFiles.o WidgetSelectVars.o WidgetList.o NewProjectBaseForm.o ProblemInterfaces.o registermetatypes.o METime.o DlgSelect.o moc_Variable.o moc_MOThreads.o moc_MOTableView.o moc_MOParameter.o moc_MOOptVector.o moc_MOItem.o moc_WidgetMOItem.o moc_WidgetFilesList.o moc_Result.o moc_ProblemInterface.o moc_Problem.o moc_OMCases.o moc_OMCase.o moc_InfoSender.o moc_Info.o moc_qsciencespinbox.o moc_Load.o moc_ProjectBase.o moc_MOParametersDlg.o moc_OMProcess.o moc_MyTreeView.o moc_MyTextLog.o moc_MyDelegates.o moc_MOSplitter.o moc_GuiTools.o moc_TabGeneric.o moc_MOTab.o moc_MOMainTab.o moc_MO2ColTab.o moc_WidgetTableVar.o moc_MOPlot.o moc_TabProjectBase.o moc_WidgetProjectBaseInfos.o moc_DlgSettings.o moc_DlgSelectVars.o moc_DlgSelectFiles.o moc_WidgetSelectVars.o moc_WidgetList.o moc_NewProjectBaseForm.o moc_DlgSelect.o
:info:build ranlib -s libOMOptimBasis.a
:info:build make[2]: Leaving directory `/opt/local/var/macports/build/_opt_local_var_macports_sources_build.openmodelica.org_macports_lang_openmodelica-devel/openmodelica-devel/work/openmodelica_12369/OMOptim/OMOptimBasis/build'
:info:build cp libOMOptimBasis.a ../../..//build/lib/
:info:build make[1]: Leaving directory `/opt/local/var/macports/build/_opt_local_var_macports_sources_build.openmodelica.org_macports_lang_openmodelica-devel/openmodelica-devel/work/openmodelica_12369/OMOptim/OMOptimBasis/build'
:info:build /usr/bin/clang++ -c -pipe -O2  -Xarch_x86_64 -mmacosx-version-min=10.7 -w -DUSE_OMNIORB -DQT_NO_DEBUG -DQT_SVG_LIB -DQT_XML_LIB -DQT_GUI_LIB -DQT_NETWORK_LIB -DQT_CORE_LIB -DQT_SHARED -I/opt/local/share/qt4/mkspecs/macx-g++ -I. -I../generatedfiles/moc -I/opt/local/include/qwt -I../../OMPlot/OMPlotGUI -I../OMSketch -I../.. -I. -I/opt/local/include/QtSvg -I/opt/local/include/QtXml -I/opt/local/include/QtGui -I/opt/local/include/QtNetwork -I/opt/local/include/QtCore -I/opt/local/include -I../generatedfiles/ui -o Draw_polygon.o ../OMSketch/Draw_polygon.cpp
:info:build /usr/bin/clang++ -c -pipe -O2  -Xarch_x86_64 -mmacosx-version-min=10.7 -w -DUSE_OMNIORB -DQT_NO_DEBUG -DQT_SVG_LIB -DQT_XML_LIB -DQT_GUI_LIB -DQT_NETWORK_LIB -DQT_CORE_LIB -DQT_SHARED -I/opt/local/share/qt4/mkspecs/macx-g++ -I. -I../generatedfiles/moc -I/opt/local/include/qwt -I../../OMPlot/OMPlotGUI -I../OMSketch -I../.. -I. -I/opt/local/include/QtSvg -I/opt/local/include/QtXml -I/opt/local/include/QtGui -I/opt/local/include/QtNetwork -I/opt/local/include/QtCore -I/opt/local/include -I../generatedfiles/ui -o Draw_LineArrow.o ../OMSketch/Draw_LineArrow.cpp
:info:build /usr/bin/make -C OMEdit/OMEditGUI -f Makefile.unix
:info:build make[1]: Entering directory `/opt/local/var/macports/build/_opt_local_var_macports_sources_build.openmodelica.org_macports_lang_openmodelica-devel/openmodelica-devel/work/openmodelica_12369/OMEdit/OMEditGUI'
:info:build sh /opt/local/var/macports/build/_opt_local_var_macports_sources_build.openmodelica.org_macports_lang_openmodelica-devel/openmodelica-devel/work/openmodelica_12369/qmake.sh
:info:build WARNING: Failure to find: omc_communication.cc
:info:build WARNING: Failure to find: omc_communication.h
:info:build /opt/local/bin/omniidl -bcxx -Wbh=.h -Wbs=.cc ../..//Compiler/runtime//omc_communication.idl
:info:build lrelease OMEditGUI.pro
:info:build Updating '/opt/local/var/macports/build/_opt_local_var_macports_sources_build.openmodelica.org_macports_lang_openmodelica-devel/openmodelica-devel/work/openmodelica_12369/OMEdit/OMEditGUI/Resources/nls/OMEdit_de.qm'...
:info:build     Generated 479 translation(s) (479 finished and 0 unfinished)
:info:build Updating '/opt/local/var/macports/build/_opt_local_var_macports_sources_build.openmodelica.org_macports_lang_openmodelica-devel/openmodelica-devel/work/openmodelica_12369/OMEdit/OMEditGUI/Resources/nls/OMEdit_es.qm'...
:info:build     Generated 29 translation(s) (28 finished and 1 unfinished)
:info:build     Ignored 450 untranslated source text(s)
:info:build Updating '/opt/local/var/macports/build/_opt_local_var_macports_sources_build.openmodelica.org_macports_lang_openmodelica-devel/openmodelica-devel/work/openmodelica_12369/OMEdit/OMEditGUI/Resources/nls/OMEdit_fr.qm'...
:info:build     Generated 479 translation(s) (479 finished and 0 unfinished)
:info:build Updating '/opt/local/var/macports/build/_opt_local_var_macports_sources_build.openmodelica.org_macports_lang_openmodelica-devel/openmodelica-devel/work/openmodelica_12369/OMEdit/OMEditGUI/Resources/nls/OMEdit_it.qm'...
:info:build     Generated 479 translation(s) (479 finished and 0 unfinished)
:info:build Updating '/opt/local/var/macports/build/_opt_local_var_macports_sources_build.openmodelica.org_macports_lang_openmodelica-devel/openmodelica-devel/work/openmodelica_12369/OMEdit/OMEditGUI/Resources/nls/OMEdit_ja.qm'...
:info:build     Generated 479 translation(s) (477 finished and 2 unfinished)
:info:build Updating '/opt/local/var/macports/build/_opt_local_var_macports_sources_build.openmodelica.org_macports_lang_openmodelica-devel/openmodelica-devel/work/openmodelica_12369/OMEdit/OMEditGUI/Resources/nls/OMEdit_ro.qm'...
:info:build     Generated 348 translation(s) (343 finished and 5 unfinished)
:info:build     Ignored 131 untranslated source text(s)
:info:build Updating '/opt/local/var/macports/build/_opt_local_var_macports_sources_build.openmodelica.org_macports_lang_openmodelica-devel/openmodelica-devel/work/openmodelica_12369/OMEdit/OMEditGUI/Resources/nls/OMEdit_ru.qm'...
:info:build     Generated 475 translation(s) (475 finished and 0 unfinished)
:info:build     Ignored 4 untranslated source text(s)
:info:build Updating '/opt/local/var/macports/build/_opt_local_var_macports_sources_build.openmodelica.org_macports_lang_openmodelica-devel/openmodelica-devel/work/openmodelica_12369/OMEdit/OMEditGUI/Resources/nls/OMEdit_sv.qm'...
:info:build     Generated 479 translation(s) (479 finished and 0 unfinished)
:info:build Updating '/opt/local/var/macports/build/_opt_local_var_macports_sources_build.openmodelica.org_macports_lang_openmodelica-devel/openmodelica-devel/work/openmodelica_12369/OMEdit/OMEditGUI/Resources/nls/OMEdit_zh_CN.qm'...
:info:build     Generated 0 translation(s) (0 finished and 0 unfinished)
:info:build     Ignored 479 untranslated source text(s)
:info:build ln -s omc_communication.cc omc_communication.cpp
:info:build /usr/bin/make -f Makefile
:info:build make[2]: Entering directory `/opt/local/var/macports/build/_opt_local_var_macports_sources_build.openmodelica.org_macports_lang_openmodelica-devel/openmodelica-devel/work/openmodelica_12369/OMEdit/OMEditGUI'
:info:build /usr/bin/clang++ -c -pipe -O2  -Xarch_x86_64 -mmacosx-version-min=10.7 -w -DQT_NO_DEBUG -DQT_WEBKIT_LIB -DQT_SVG_LIB -DQT_XML_LIB -DQT_GUI_LIB -DQT_NETWORK_LIB -DQT_CORE_LIB -DQT_SHARED -I/opt/local/share/qt4/mkspecs/macx-g++ -I. -I../generatedfiles/moc -I/opt/local/include/qwt -I../../OMPlot/OMPlotGUI -I. -I/opt/local/include/QtWebKit -I/opt/local/include/QtSvg -I/opt/local/include/QtXml -I/opt/local/include/QtGui -I/opt/local/include/QtNetwork -I/opt/local/include/QtCore -I/opt/local/include -o main.o main.cpp
:info:build /usr/bin/clang++ -c -pipe -O2  -Xarch_x86_64 -mmacosx-version-min=10.7 -w -DUSE_OMNIORB -DQT_NO_DEBUG -DQT_SVG_LIB -DQT_XML_LIB -DQT_GUI_LIB -DQT_NETWORK_LIB -DQT_CORE_LIB -DQT_SHARED -I/opt/local/share/qt4/mkspecs/macx-g++ -I. -I../generatedfiles/moc -I/opt/local/include/qwt -I../../OMPlot/OMPlotGUI -I../OMSketch -I../.. -I. -I/opt/local/include/QtSvg -I/opt/local/include/QtXml -I/opt/local/include/QtGui -I/opt/local/include/QtNetwork -I/opt/local/include/QtCore -I/opt/local/include -I../generatedfiles/ui -o Draw_line.o ../OMSketch/Draw_line.cpp
:info:build /usr/bin/clang++ -c -pipe -O2  -Xarch_x86_64 -mmacosx-version-min=10.7 -w -DUSE_OMNIORB -DQT_NO_DEBUG -DQT_SVG_LIB -DQT_XML_LIB -DQT_GUI_LIB -DQT_NETWORK_LIB -DQT_CORE_LIB -DQT_SHARED -I/opt/local/share/qt4/mkspecs/macx-g++ -I. -I../generatedfiles/moc -I/opt/local/include/qwt -I../../OMPlot/OMPlotGUI -I../OMSketch -I../.. -I. -I/opt/local/include/QtSvg -I/opt/local/include/QtXml -I/opt/local/include/QtGui -I/opt/local/include/QtNetwork -I/opt/local/include/QtCore -I/opt/local/include -I../generatedfiles/ui -o Draw_Ellipse.o ../OMSketch/Draw_Ellipse.cpp
:info:build /usr/bin/clang++ -c -pipe -O2  -Xarch_x86_64 -mmacosx-version-min=10.7 -w -DQT_NO_DEBUG -DQT_WEBKIT_LIB -DQT_SVG_LIB -DQT_XML_LIB -DQT_GUI_LIB -DQT_NETWORK_LIB -DQT_CORE_LIB -DQT_SHARED -I/opt/local/share/qt4/mkspecs/macx-g++ -I. -I../generatedfiles/moc -I/opt/local/include/qwt -I../../OMPlot/OMPlotGUI -I. -I/opt/local/include/QtWebKit -I/opt/local/include/QtSvg -I/opt/local/include/QtXml -I/opt/local/include/QtGui -I/opt/local/include/QtNetwork -I/opt/local/include/QtCore -I/opt/local/include -o mainwindow.o mainwindow.cpp
:info:build /usr/bin/clang++ -c -pipe -O2  -Xarch_x86_64 -mmacosx-version-min=10.7 -w -DUSE_OMNIORB -DQT_NO_DEBUG -DQT_SVG_LIB -DQT_XML_LIB -DQT_GUI_LIB -DQT_NETWORK_LIB -DQT_CORE_LIB -DQT_SHARED -I/opt/local/share/qt4/mkspecs/macx-g++ -I. -I../generatedfiles/moc -I/opt/local/include/qwt -I../../OMPlot/OMPlotGUI -I../OMSketch -I../.. -I. -I/opt/local/include/QtSvg -I/opt/local/include/QtXml -I/opt/local/include/QtGui -I/opt/local/include/QtNetwork -I/opt/local/include/QtCore -I/opt/local/include -I../generatedfiles/ui -o Draw_Arrow.o ../OMSketch/Draw_Arrow.cpp
:info:build /usr/bin/clang++ -c -pipe -O2  -Xarch_x86_64 -mmacosx-version-min=10.7 -w -DUSE_OMNIORB -DQT_NO_DEBUG -DQT_SVG_LIB -DQT_XML_LIB -DQT_GUI_LIB -DQT_NETWORK_LIB -DQT_CORE_LIB -DQT_SHARED -I/opt/local/share/qt4/mkspecs/macx-g++ -I. -I../generatedfiles/moc -I/opt/local/include/qwt -I../../OMPlot/OMPlotGUI -I../OMSketch -I../.. -I. -I/opt/local/include/QtSvg -I/opt/local/include/QtXml -I/opt/local/include/QtGui -I/opt/local/include/QtNetwork -I/opt/local/include/QtCore -I/opt/local/include -I../generatedfiles/ui -o Draw_Arc.o ../OMSketch/Draw_Arc.cpp
:info:build /usr/bin/clang++ -c -pipe -O2  -Xarch_x86_64 -mmacosx-version-min=10.7 -w -DQT_NO_DEBUG -DQT_WEBKIT_LIB -DQT_SVG_LIB -DQT_XML_LIB -DQT_GUI_LIB -DQT_NETWORK_LIB -DQT_CORE_LIB -DQT_SHARED -I/opt/local/share/qt4/mkspecs/macx-g++ -I. -I../generatedfiles/moc -I/opt/local/include/qwt -I../../OMPlot/OMPlotGUI -I. -I/opt/local/include/QtWebKit -I/opt/local/include/QtSvg -I/opt/local/include/QtXml -I/opt/local/include/QtGui -I/opt/local/include/QtNetwork -I/opt/local/include/QtCore -I/opt/local/include -o ProjectTabWidget.o ProjectTabWidget.cpp
:info:build /usr/bin/clang++ -c -pipe -O2  -Xarch_x86_64 -mmacosx-version-min=10.7 -w -DUSE_OMNIORB -DQT_NO_DEBUG -DQT_SVG_LIB -DQT_XML_LIB -DQT_GUI_LIB -DQT_NETWORK_LIB -DQT_CORE_LIB -DQT_SHARED -I/opt/local/share/qt4/mkspecs/macx-g++ -I. -I../generatedfiles/moc -I/opt/local/include/qwt -I../../OMPlot/OMPlotGUI -I../OMSketch -I../.. -I. -I/opt/local/include/QtSvg -I/opt/local/include/QtXml -I/opt/local/include/QtGui -I/opt/local/include/QtNetwork -I/opt/local/include/QtCore -I/opt/local/include -I../generatedfiles/ui -o CustomDailog.o ../OMSketch/CustomDailog.cpp
:info:build /usr/bin/clang++ -c -pipe -O2  -Xarch_x86_64 -mmacosx-version-min=10.7 -w -DUSE_OMNIORB -DQT_NO_DEBUG -DQT_SVG_LIB -DQT_XML_LIB -DQT_GUI_LIB -DQT_NETWORK_LIB -DQT_CORE_LIB -DQT_SHARED -I/opt/local/share/qt4/mkspecs/macx-g++ -I. -I../generatedfiles/moc -I/opt/local/include/qwt -I../../OMPlot/OMPlotGUI -I../OMSketch -I../.. -I. -I/opt/local/include/QtSvg -I/opt/local/include/QtXml -I/opt/local/include/QtGui -I/opt/local/include/QtNetwork -I/opt/local/include/QtCore -I/opt/local/include -I../generatedfiles/ui -o StringHandler.o ../../OMEdit/OMEditGUI/StringHandler.cpp
:info:build /usr/bin/clang++ -c -pipe -O2  -Xarch_x86_64 -mmacosx-version-min=10.7 -w -DQT_NO_DEBUG -DQT_WEBKIT_LIB -DQT_SVG_LIB -DQT_XML_LIB -DQT_GUI_LIB -DQT_NETWORK_LIB -DQT_CORE_LIB -DQT_SHARED -I/opt/local/share/qt4/mkspecs/macx-g++ -I. -I../generatedfiles/moc -I/opt/local/include/qwt -I../../OMPlot/OMPlotGUI -I. -I/opt/local/include/QtWebKit -I/opt/local/include/QtSvg -I/opt/local/include/QtXml -I/opt/local/include/QtGui -I/opt/local/include/QtNetwork -I/opt/local/include/QtCore -I/opt/local/include -o LibraryWidget.o LibraryWidget.cpp
:info:build /usr/bin/clang++ -c -pipe -O2  -Xarch_x86_64 -mmacosx-version-min=10.7 -w -DUSE_OMNIORB -DQT_NO_DEBUG -DQT_SVG_LIB -DQT_XML_LIB -DQT_GUI_LIB -DQT_NETWORK_LIB -DQT_CORE_LIB -DQT_SHARED -I/opt/local/share/qt4/mkspecs/macx-g++ -I. -I../generatedfiles/moc -I/opt/local/include/qwt -I../../OMPlot/OMPlotGUI -I../OMSketch -I../.. -I. -I/opt/local/include/QtSvg -I/opt/local/include/QtXml -I/opt/local/include/QtGui -I/opt/local/include/QtNetwork -I/opt/local/include/QtCore -I/opt/local/include -I../generatedfiles/ui -o Helper.o ../../OMEdit/OMEditGUI/Helper.cpp
:info:build /opt/local/bin/moc -DUSE_OMNIORB -DQT_NO_DEBUG -DQT_SVG_LIB -DQT_XML_LIB -DQT_GUI_LIB -DQT_NETWORK_LIB -DQT_CORE_LIB -DQT_SHARED -I/opt/local/share/qt4/mkspecs/macx-g++ -I. -I../generatedfiles/moc -I/opt/local/include/qwt -I../../OMPlot/OMPlotGUI -I../OMSketch -I../.. -I. -I/opt/local/include/QtSvg -I/opt/local/include/QtXml -I/opt/local/include/QtGui -I/opt/local/include/QtNetwork -I/opt/local/include/QtCore -I/opt/local/include -I../generatedfiles/ui -D__APPLE__ -D__GNUC__ cellapplication.h -o ../generatedfiles/moc/moc_cellapplication.cpp
:info:build /opt/local/bin/moc -DUSE_OMNIORB -DQT_NO_DEBUG -DQT_SVG_LIB -DQT_XML_LIB -DQT_GUI_LIB -DQT_NETWORK_LIB -DQT_CORE_LIB -DQT_SHARED -I/opt/local/share/qt4/mkspecs/macx-g++ -I. -I../generatedfiles/moc -I/opt/local/include/qwt -I../../OMPlot/OMPlotGUI -I../OMSketch -I../.. -I. -I/opt/local/include/QtSvg -I/opt/local/include/QtXml -I/opt/local/include/QtGui -I/opt/local/include/QtNetwork -I/opt/local/include/QtCore -I/opt/local/include -I../generatedfiles/ui -D__APPLE__ -D__GNUC__ stylesheet.h -o ../generatedfiles/moc/moc_stylesheet.cpp
:info:build /opt/local/bin/moc -DUSE_OMNIORB -DQT_NO_DEBUG -DQT_SVG_LIB -DQT_XML_LIB -DQT_GUI_LIB -DQT_NETWORK_LIB -DQT_CORE_LIB -DQT_SHARED -I/opt/local/share/qt4/mkspecs/macx-g++ -I. -I../generatedfiles/moc -I/opt/local/include/qwt -I../../OMPlot/OMPlotGUI -I../OMSketch -I../.. -I. -I/opt/local/include/QtSvg -I/opt/local/include/QtXml -I/opt/local/include/QtGui -I/opt/local/include/QtNetwork -I/opt/local/include/QtCore -I/opt/local/include -I../generatedfiles/ui -D__APPLE__ -D__GNUC__ cellcursor.h -o ../generatedfiles/moc/moc_cellcursor.cpp
:info:build /opt/local/bin/moc -DUSE_OMNIORB -DQT_NO_DEBUG -DQT_SVG_LIB -DQT_XML_LIB -DQT_GUI_LIB -DQT_NETWORK_LIB -DQT_CORE_LIB -DQT_SHARED -I/opt/local/share/qt4/mkspecs/macx-g++ -I. -I../generatedfiles/moc -I/opt/local/include/qwt -I../../OMPlot/OMPlotGUI -I../OMSketch -I../.. -I. -I/opt/local/include/QtSvg -I/opt/local/include/QtXml -I/opt/local/include/QtGui -I/opt/local/include/QtNetwork -I/opt/local/include/QtCore -I/opt/local/include -I../generatedfiles/ui -D__APPLE__ -D__GNUC__ document.h -o ../generatedfiles/moc/moc_document.cpp
:info:build document.h:166: Warning: Signals cannot be declared virtual
:info:build document.h:167: Warning: Signals cannot be declared virtual
:info:build document.h:168: Warning: Signals cannot be declared virtual
:info:build document.h:170: Warning: Signals cannot be declared virtual
:info:build document.h:171: Warning: Signals cannot be declared virtual
:info:build document.h:172: Warning: Signals cannot be declared virtual
:info:build /opt/local/bin/moc -DUSE_OMNIORB -DQT_NO_DEBUG -DQT_SVG_LIB -DQT_XML_LIB -DQT_GUI_LIB -DQT_NETWORK_LIB -DQT_CORE_LIB -DQT_SHARED -I/opt/local/share/qt4/mkspecs/macx-g++ -I. -I../generatedfiles/moc -I/opt/local/include/qwt -I../../OMPlot/OMPlotGUI -I../OMSketch -I../.. -I. -I/opt/local/include/QtSvg -I/opt/local/include/QtXml -I/opt/local/include/QtGui -I/opt/local/include/QtNetwork -I/opt/local/include/QtCore -I/opt/local/include -I../generatedfiles/ui -D__APPLE__ -D__GNUC__ textcell.h -o ../generatedfiles/moc/moc_textcell.cpp
:info:build /opt/local/bin/moc -DUSE_OMNIORB -DQT_NO_DEBUG -DQT_SVG_LIB -DQT_XML_LIB -DQT_GUI_LIB -DQT_NETWORK_LIB -DQT_CORE_LIB -DQT_SHARED -I/opt/local/share/qt4/mkspecs/macx-g++ -I. -I../generatedfiles/moc -I/opt/local/include/qwt -I../../OMPlot/OMPlotGUI -I../OMSketch -I../.. -I. -I/opt/local/include/QtSvg -I/opt/local/include/QtXml -I/opt/local/include/QtGui -I/opt/local/include/QtNetwork -I/opt/local/include/QtCore -I/opt/local/include -I../generatedfiles/ui -D__APPLE__ -D__GNUC__ celldocument.h -o ../generatedfiles/moc/moc_celldocument.cpp
:info:build celldocument.h:166: Warning: Signals cannot be declared virtual
:info:build celldocument.h:167: Warning: Signals cannot be declared virtual
:info:build celldocument.h:168: Warning: Signals cannot be declared virtual
:info:build celldocument.h:169: Warning: Signals cannot be declared virtual
:info:build /opt/local/bin/moc -DUSE_OMNIORB -DQT_NO_DEBUG -DQT_SVG_LIB -DQT_XML_LIB -DQT_GUI_LIB -DQT_NETWORK_LIB -DQT_CORE_LIB -DQT_SHARED -I/opt/local/share/qt4/mkspecs/macx-g++ -I. -I../generatedfiles/moc -I/opt/local/include/qwt -I../../OMPlot/OMPlotGUI -I../OMSketch -I../.. -I. -I/opt/local/include/QtSvg -I/opt/local/include/QtXml -I/opt/local/include/QtGui -I/opt/local/include/QtNetwork -I/opt/local/include/QtCore -I/opt/local/include -I../generatedfiles/ui -D__APPLE__ -D__GNUC__ documentview.h -o ../generatedfiles/moc/moc_documentview.cpp
:info:build /opt/local/bin/moc -DUSE_OMNIORB -DQT_NO_DEBUG -DQT_SVG_LIB -DQT_XML_LIB -DQT_GUI_LIB -DQT_NETWORK_LIB -DQT_CORE_LIB -DQT_SHARED -I/opt/local/share/qt4/mkspecs/macx-g++ -I. -I../generatedfiles/moc -I/opt/local/include/qwt -I../../OMPlot/OMPlotGUI -I../OMSketch -I../.. -I. -I/opt/local/include/QtSvg -I/opt/local/include/QtXml -I/opt/local/include/QtGui -I/opt/local/include/QtNetwork -I/opt/local/include/QtCore -I/opt/local/include -I../generatedfiles/ui -D__APPLE__ -D__GNUC__ treeview.h -o ../generatedfiles/moc/moc_treeview.cpp
:info:build /opt/local/bin/moc -DUSE_OMNIORB -DQT_NO_DEBUG -DQT_SVG_LIB -DQT_XML_LIB -DQT_GUI_LIB -DQT_NETWORK_LIB -DQT_CORE_LIB -DQT_SHARED -I/opt/local/share/qt4/mkspecs/macx-g++ -I. -I../generatedfiles/moc -I/opt/local/include/qwt -I../../OMPlot/OMPlotGUI -I../OMSketch -I../.. -I. -I/opt/local/include/QtSvg -I/opt/local/include/QtXml -I/opt/local/include/QtGui -I/opt/local/include/QtNetwork -I/opt/local/include/QtCore -I/opt/local/include -I../generatedfiles/ui -D__APPLE__ -D__GNUC__ cellgroup.h -o ../generatedfiles/moc/moc_cellgroup.cpp
:info:build /opt/local/bin/moc -DUSE_OMNIORB -DQT_NO_DEBUG -DQT_SVG_LIB -DQT_XML_LIB -DQT_GUI_LIB -DQT_NETWORK_LIB -DQT_CORE_LIB -DQT_SHARED -I/opt/local/share/qt4/mkspecs/macx-g++ -I. -I../generatedfiles/moc -I/opt/local/include/qwt -I../../OMPlot/OMPlotGUI -I../OMSketch -I../.. -I. -I/opt/local/include/QtSvg -I/opt/local/include/QtXml -I/opt/local/include/QtGui -I/opt/local/include/QtNetwork -I/opt/local/include/QtCore -I/opt/local/include -I../generatedfiles/ui -D__APPLE__ -D__GNUC__ qcombobox_search.h -o ../generatedfiles/moc/moc_qcombobox_search.cpp
:info:build /opt/local/bin/moc -DUSE_OMNIORB -DQT_NO_DEBUG -DQT_SVG_LIB -DQT_XML_LIB -DQT_GUI_LIB -DQT_NETWORK_LIB -DQT_CORE_LIB -DQT_SHARED -I/opt/local/share/qt4/mkspecs/macx-g++ -I. -I../generatedfiles/moc -I/opt/local/include/qwt -I../../OMPlot/OMPlotGUI -I../OMSketch -I../.. -I. -I/opt/local/include/QtSvg -I/opt/local/include/QtXml -I/opt/local/include/QtGui -I/opt/local/include/QtNetwork -I/opt/local/include/QtCore -I/opt/local/include -I../generatedfiles/ui -D__APPLE__ -D__GNUC__ cell.h -o ../generatedfiles/moc/moc_cell.cpp
:info:build /opt/local/bin/moc -DUSE_OMNIORB -DQT_NO_DEBUG -DQT_SVG_LIB -DQT_XML_LIB -DQT_GUI_LIB -DQT_NETWORK_LIB -DQT_CORE_LIB -DQT_SHARED -I/opt/local/share/qt4/mkspecs/macx-g++ -I. -I../generatedfiles/moc -I/opt/local/include/qwt -I../../OMPlot/OMPlotGUI -I../OMSketch -I../.. -I. -I/opt/local/include/QtSvg -I/opt/local/include/QtXml -I/opt/local/include/QtGui -I/opt/local/include/QtNetwork -I/opt/local/include/QtCore -I/opt/local/include -I../generatedfiles/ui -D__APPLE__ -D__GNUC__ inputcell.h -o ../generatedfiles/moc/moc_inputcell.cpp
:info:build /opt/local/bin/moc -DUSE_OMNIORB -DQT_NO_DEBUG -DQT_SVG_LIB -DQT_XML_LIB -DQT_GUI_LIB -DQT_NETWORK_LIB -DQT_CORE_LIB -DQT_SHARED -I/opt/local/share/qt4/mkspecs/macx-g++ -I. -I../generatedfiles/moc -I/opt/local/include/qwt -I../../OMPlot/OMPlotGUI -I../OMSketch -I../.. -I. -I/opt/local/include/QtSvg -I/opt/local/include/QtXml -I/opt/local/include/QtGui -I/opt/local/include/QtNetwork -I/opt/local/include/QtCore -I/opt/local/include -I../generatedfiles/ui -D__APPLE__ -D__GNUC__ commandcompletion.h -o ../generatedfiles/moc/moc_commandcompletion.cpp
:info:build /opt/local/bin/moc -DUSE_OMNIORB -DQT_NO_DEBUG -DQT_SVG_LIB -DQT_XML_LIB -DQT_GUI_LIB -DQT_NETWORK_LIB -DQT_CORE_LIB -DQT_SHARED -I/opt/local/share/qt4/mkspecs/macx-g++ -I. -I../generatedfiles/moc -I/opt/local/include/qwt -I../../OMPlot/OMPlotGUI -I../OMSketch -I../.. -I. -I/opt/local/include/QtSvg -I/opt/local/include/QtXml -I/opt/local/include/QtGui -I/opt/local/include/QtNetwork -I/opt/local/include/QtCore -I/opt/local/include -I../generatedfiles/ui -D__APPLE__ -D__GNUC__ notebook.h -o ../generatedfiles/moc/moc_notebook.cpp
:info:build /opt/local/bin/moc -DUSE_OMNIORB -DQT_NO_DEBUG -DQT_SVG_LIB -DQT_XML_LIB -DQT_GUI_LIB -DQT_NETWORK_LIB -DQT_CORE_LIB -DQT_SHARED -I/opt/local/share/qt4/mkspecs/macx-g++ -I. -I../generatedfiles/moc -I/opt/local/include/qwt -I../../OMPlot/OMPlotGUI -I../OMSketch -I../.. -I. -I/opt/local/include/QtSvg -I/opt/local/include/QtXml -I/opt/local/include/QtGui -I/opt/local/include/QtNetwork -I/opt/local/include/QtCore -I/opt/local/include -I../generatedfiles/ui -D__APPLE__ -D__GNUC__ searchform.h -o ../generatedfiles/moc/moc_searchform.cpp
:info:build /opt/local/bin/moc -DUSE_OMNIORB -DQT_NO_DEBUG -DQT_SVG_LIB -DQT_XML_LIB -DQT_GUI_LIB -DQT_NETWORK_LIB -DQT_CORE_LIB -DQT_SHARED -I/opt/local/share/qt4/mkspecs/macx-g++ -I. -I../generatedfiles/moc -I/opt/local/include/qwt -I../../OMPlot/OMPlotGUI -I../OMSketch -I../.. -I. -I/opt/local/include/QtSvg -I/opt/local/include/QtXml -I/opt/local/include/QtGui -I/opt/local/include/QtNetwork -I/opt/local/include/QtCore -I/opt/local/include -I../generatedfiles/ui -D__APPLE__ -D__GNUC__ graphcell.h -o ../generatedfiles/moc/moc_graphcell.cpp
:info:build /opt/local/bin/moc -DUSE_OMNIORB -DQT_NO_DEBUG -DQT_SVG_LIB -DQT_XML_LIB -DQT_GUI_LIB -DQT_NETWORK_LIB -DQT_CORE_LIB -DQT_SHARED -I/opt/local/share/qt4/mkspecs/macx-g++ -I. -I../generatedfiles/moc -I/opt/local/include/qwt -I../../OMPlot/OMPlotGUI -I../OMSketch -I../.. -I. -I/opt/local/include/QtSvg -I/opt/local/include/QtXml -I/opt/local/include/QtGui -I/opt/local/include/QtNetwork -I/opt/local/include/QtCore -I/opt/local/include -I../generatedfiles/ui -D__APPLE__ -D__GNUC__ omc_communicator.h -o ../generatedfiles/moc/moc_omc_communicator.cpp
:info:build /opt/local/bin/moc -DUSE_OMNIORB -DQT_NO_DEBUG -DQT_SVG_LIB -DQT_XML_LIB -DQT_GUI_LIB -DQT_NETWORK_LIB -DQT_CORE_LIB -DQT_SHARED -I/opt/local/share/qt4/mkspecs/macx-g++ -I. -I../generatedfiles/moc -I/opt/local/include/qwt -I../../OMPlot/OMPlotGUI -I../OMSketch -I../.. -I. -I/opt/local/include/QtSvg -I/opt/local/include/QtXml -I/opt/local/include/QtGui -I/opt/local/include/QtNetwork -I/opt/local/include/QtCore -I/opt/local/include -I../generatedfiles/ui -D__APPLE__ -D__GNUC__ ../OMSketch/Tools.h -o ../generatedfiles/moc/moc_Tools.cpp
:info:build /opt/local/bin/moc -DUSE_OMNIORB -DQT_NO_DEBUG -DQT_SVG_LIB -DQT_XML_LIB -DQT_GUI_LIB -DQT_NETWORK_LIB -DQT_CORE_LIB -DQT_SHARED -I/opt/local/share/qt4/mkspecs/macx-g++ -I. -I../generatedfiles/moc -I/opt/local/include/qwt -I../../OMPlot/OMPlotGUI -I../OMSketch -I../.. -I. -I/opt/local/include/QtSvg -I/opt/local/include/QtXml -I/opt/local/include/QtGui -I/opt/local/include/QtNetwork -I/opt/local/include/QtCore -I/opt/local/include -I../generatedfiles/ui -D__APPLE__ -D__GNUC__ ../OMSketch/mainwindow.h -o ../generatedfiles/moc/moc_mainwindow.cpp
:info:build /opt/local/bin/moc -DUSE_OMNIORB -DQT_NO_DEBUG -DQT_SVG_LIB -DQT_XML_LIB -DQT_GUI_LIB -DQT_NETWORK_LIB -DQT_CORE_LIB -DQT_SHARED -I/opt/local/share/qt4/mkspecs/macx-g++ -I. -I../generatedfiles/moc -I/opt/local/include/qwt -I../../OMPlot/OMPlotGUI -I../OMSketch -I../.. -I. -I/opt/local/include/QtSvg -I/opt/local/include/QtXml -I/opt/local/include/QtGui -I/opt/local/include/QtNetwork -I/opt/local/include/QtCore -I/opt/local/include -I../generatedfiles/ui -D__APPLE__ -D__GNUC__ ../OMSketch/Line.h -o ../generatedfiles/moc/moc_Line.cpp
:info:build /opt/local/bin/moc -DUSE_OMNIORB -DQT_NO_DEBUG -DQT_SVG_LIB -DQT_XML_LIB -DQT_GUI_LIB -DQT_NETWORK_LIB -DQT_CORE_LIB -DQT_SHARED -I/opt/local/share/qt4/mkspecs/macx-g++ -I. -I../generatedfiles/moc -I/opt/local/include/qwt -I../../OMPlot/OMPlotGUI -I../OMSketch -I../.. -I. -I/opt/local/include/QtSvg -I/opt/local/include/QtXml -I/opt/local/include/QtGui -I/opt/local/include/QtNetwork -I/opt/local/include/QtCore -I/opt/local/include -I../generatedfiles/ui -D__APPLE__ -D__GNUC__ ../OMSketch/Graph_Scene.h -o ../generatedfiles/moc/moc_Graph_Scene.cpp
:info:build /usr/bin/clang++ -c -pipe -O2  -Xarch_x86_64 -mmacosx-version-min=10.7 -w -DQT_NO_DEBUG -DQT_WEBKIT_LIB -DQT_SVG_LIB -DQT_XML_LIB -DQT_GUI_LIB -DQT_NETWORK_LIB -DQT_CORE_LIB -DQT_SHARED -I/opt/local/share/qt4/mkspecs/macx-g++ -I. -I../generatedfiles/moc -I/opt/local/include/qwt -I../../OMPlot/OMPlotGUI -I. -I/opt/local/include/QtWebKit -I/opt/local/include/QtSvg -I/opt/local/include/QtXml -I/opt/local/include/QtGui -I/opt/local/include/QtNetwork -I/opt/local/include/QtCore -I/opt/local/include -o ProblemsWidget.o ProblemsWidget.cpp
:info:build /opt/local/bin/moc -DUSE_OMNIORB -DQT_NO_DEBUG -DQT_SVG_LIB -DQT_XML_LIB -DQT_GUI_LIB -DQT_NETWORK_LIB -DQT_CORE_LIB -DQT_SHARED -I/opt/local/share/qt4/mkspecs/macx-g++ -I. -I../generatedfiles/moc -I/opt/local/include/qwt -I../../OMPlot/OMPlotGUI -I../OMSketch -I../.. -I. -I/opt/local/include/QtSvg -I/opt/local/include/QtXml -I/opt/local/include/QtGui -I/opt/local/include/QtNetwork -I/opt/local/include/QtCore -I/opt/local/include -I../generatedfiles/ui -D__APPLE__ -D__GNUC__ ../OMSketch/CustomDialog.h -o ../generatedfiles/moc/moc_CustomDialog.cpp
:info:build /opt/local/bin/moc -DUSE_OMNIORB -DQT_NO_DEBUG -DQT_SVG_LIB -DQT_XML_LIB -DQT_GUI_LIB -DQT_NETWORK_LIB -DQT_CORE_LIB -DQT_SHARED -I/opt/local/share/qt4/mkspecs/macx-g++ -I. -I../generatedfiles/moc -I/opt/local/include/qwt -I../../OMPlot/OMPlotGUI -I../OMSketch -I../.. -I. -I/opt/local/include/QtSvg -I/opt/local/include/QtXml -I/opt/local/include/QtGui -I/opt/local/include/QtNetwork -I/opt/local/include/QtCore -I/opt/local/include -I../generatedfiles/ui -D__APPLE__ -D__GNUC__ ../../OMEdit/OMEditGUI/StringHandler.h -o ../generatedfiles/moc/moc_StringHandler.cpp
:info:build /opt/local/bin/moc -DUSE_OMNIORB -DQT_NO_DEBUG -DQT_SVG_LIB -DQT_XML_LIB -DQT_GUI_LIB -DQT_NETWORK_LIB -DQT_CORE_LIB -DQT_SHARED -I/opt/local/share/qt4/mkspecs/macx-g++ -I. -I../generatedfiles/moc -I/opt/local/include/qwt -I../../OMPlot/OMPlotGUI -I../OMSketch -I../.. -I. -I/opt/local/include/QtSvg -I/opt/local/include/QtXml -I/opt/local/include/QtGui -I/opt/local/include/QtNetwork -I/opt/local/include/QtCore -I/opt/local/include -I../generatedfiles/ui -D__APPLE__ -D__GNUC__ ../../OMEdit/OMEditGUI/Helper.h -o ../generatedfiles/moc/moc_Helper.cpp
:info:build /opt/local/bin/rcc -name res_qt res_qt.qrc -o ../generatedfiles/rcc/qrc_res_qt.cpp
:info:build /usr/bin/clang++ -c -pipe -O2  -Xarch_x86_64 -mmacosx-version-min=10.7 -w -DUSE_OMNIORB -DQT_NO_DEBUG -DQT_SVG_LIB -DQT_XML_LIB -DQT_GUI_LIB -DQT_NETWORK_LIB -DQT_CORE_LIB -DQT_SHARED -I/opt/local/share/qt4/mkspecs/macx-g++ -I. -I../generatedfiles/moc -I/opt/local/include/qwt -I../../OMPlot/OMPlotGUI -I../OMSketch -I../.. -I. -I/opt/local/include/QtSvg -I/opt/local/include/QtXml -I/opt/local/include/QtGui -I/opt/local/include/QtNetwork -I/opt/local/include/QtCore -I/opt/local/include -I../generatedfiles/ui -o moc_cellapplication.o ../generatedfiles/moc/moc_cellapplication.cpp
:info:build /usr/bin/clang++ -c -pipe -O2  -Xarch_x86_64 -mmacosx-version-min=10.7 -w -DUSE_OMNIORB -DQT_NO_DEBUG -DQT_SVG_LIB -DQT_XML_LIB -DQT_GUI_LIB -DQT_NETWORK_LIB -DQT_CORE_LIB -DQT_SHARED -I/opt/local/share/qt4/mkspecs/macx-g++ -I. -I../generatedfiles/moc -I/opt/local/include/qwt -I../../OMPlot/OMPlotGUI -I../OMSketch -I../.. -I. -I/opt/local/include/QtSvg -I/opt/local/include/QtXml -I/opt/local/include/QtGui -I/opt/local/include/QtNetwork -I/opt/local/include/QtCore -I/opt/local/include -I../generatedfiles/ui -o moc_stylesheet.o ../generatedfiles/moc/moc_stylesheet.cpp
:info:build /usr/bin/clang++ -c -pipe -O2  -Xarch_x86_64 -mmacosx-version-min=10.7 -w -DUSE_OMNIORB -DQT_NO_DEBUG -DQT_SVG_LIB -DQT_XML_LIB -DQT_GUI_LIB -DQT_NETWORK_LIB -DQT_CORE_LIB -DQT_SHARED -I/opt/local/share/qt4/mkspecs/macx-g++ -I. -I../generatedfiles/moc -I/opt/local/include/qwt -I../../OMPlot/OMPlotGUI -I../OMSketch -I../.. -I. -I/opt/local/include/QtSvg -I/opt/local/include/QtXml -I/opt/local/include/QtGui -I/opt/local/include/QtNetwork -I/opt/local/include/QtCore -I/opt/local/include -I../generatedfiles/ui -o moc_cellcursor.o ../generatedfiles/moc/moc_cellcursor.cpp
:info:build /usr/bin/clang++ -c -pipe -O2  -Xarch_x86_64 -mmacosx-version-min=10.7 -w -DQT_NO_DEBUG -DQT_WEBKIT_LIB -DQT_SVG_LIB -DQT_XML_LIB -DQT_GUI_LIB -DQT_NETWORK_LIB -DQT_CORE_LIB -DQT_SHARED -I/opt/local/share/qt4/mkspecs/macx-g++ -I. -I../generatedfiles/moc -I/opt/local/include/qwt -I../../OMPlot/OMPlotGUI -I. -I/opt/local/include/QtWebKit -I/opt/local/include/QtSvg -I/opt/local/include/QtXml -I/opt/local/include/QtGui -I/opt/local/include/QtNetwork -I/opt/local/include/QtCore -I/opt/local/include -o omc_communication.o omc_communication.cc
:info:build /usr/bin/clang++ -c -pipe -O2  -Xarch_x86_64 -mmacosx-version-min=10.7 -w -DUSE_OMNIORB -DQT_NO_DEBUG -DQT_SVG_LIB -DQT_XML_LIB -DQT_GUI_LIB -DQT_NETWORK_LIB -DQT_CORE_LIB -DQT_SHARED -I/opt/local/share/qt4/mkspecs/macx-g++ -I. -I../generatedfiles/moc -I/opt/local/include/qwt -I../../OMPlot/OMPlotGUI -I../OMSketch -I../.. -I. -I/opt/local/include/QtSvg -I/opt/local/include/QtXml -I/opt/local/include/QtGui -I/opt/local/include/QtNetwork -I/opt/local/include/QtCore -I/opt/local/include -I../generatedfiles/ui -o moc_document.o ../generatedfiles/moc/moc_document.cpp
:info:build /usr/bin/clang++ -c -pipe -O2  -Xarch_x86_64 -mmacosx-version-min=10.7 -w -DQT_NO_DEBUG -DQT_WEBKIT_LIB -DQT_SVG_LIB -DQT_XML_LIB -DQT_GUI_LIB -DQT_NETWORK_LIB -DQT_CORE_LIB -DQT_SHARED -I/opt/local/share/qt4/mkspecs/macx-g++ -I. -I../generatedfiles/moc -I/opt/local/include/qwt -I../../OMPlot/OMPlotGUI -I. -I/opt/local/include/QtWebKit -I/opt/local/include/QtSvg -I/opt/local/include/QtXml -I/opt/local/include/QtGui -I/opt/local/include/QtNetwork -I/opt/local/include/QtCore -I/opt/local/include -o OMCProxy.o OMCProxy.cpp
:info:build /usr/bin/clang++ -c -pipe -O2  -Xarch_x86_64 -mmacosx-version-min=10.7 -w -DUSE_OMNIORB -DQT_NO_DEBUG -DQT_SVG_LIB -DQT_XML_LIB -DQT_GUI_LIB -DQT_NETWORK_LIB -DQT_CORE_LIB -DQT_SHARED -I/opt/local/share/qt4/mkspecs/macx-g++ -I. -I../generatedfiles/moc -I/opt/local/include/qwt -I../../OMPlot/OMPlotGUI -I../OMSketch -I../.. -I. -I/opt/local/include/QtSvg -I/opt/local/include/QtXml -I/opt/local/include/QtGui -I/opt/local/include/QtNetwork -I/opt/local/include/QtCore -I/opt/local/include -I../generatedfiles/ui -o moc_textcell.o ../generatedfiles/moc/moc_textcell.cpp
:info:build /usr/bin/clang++ -c -pipe -O2  -Xarch_x86_64 -mmacosx-version-min=10.7 -w -DUSE_OMNIORB -DQT_NO_DEBUG -DQT_SVG_LIB -DQT_XML_LIB -DQT_GUI_LIB -DQT_NETWORK_LIB -DQT_CORE_LIB -DQT_SHARED -I/opt/local/share/qt4/mkspecs/macx-g++ -I. -I../generatedfiles/moc -I/opt/local/include/qwt -I../../OMPlot/OMPlotGUI -I../OMSketch -I../.. -I. -I/opt/local/include/QtSvg -I/opt/local/include/QtXml -I/opt/local/include/QtGui -I/opt/local/include/QtNetwork -I/opt/local/include/QtCore -I/opt/local/include -I../generatedfiles/ui -o moc_celldocument.o ../generatedfiles/moc/moc_celldocument.cpp
:info:build /usr/bin/clang++ -c -pipe -O2  -Xarch_x86_64 -mmacosx-version-min=10.7 -w -DUSE_OMNIORB -DQT_NO_DEBUG -DQT_SVG_LIB -DQT_XML_LIB -DQT_GUI_LIB -DQT_NETWORK_LIB -DQT_CORE_LIB -DQT_SHARED -I/opt/local/share/qt4/mkspecs/macx-g++ -I. -I../generatedfiles/moc -I/opt/local/include/qwt -I../../OMPlot/OMPlotGUI -I../OMSketch -I../.. -I. -I/opt/local/include/QtSvg -I/opt/local/include/QtXml -I/opt/local/include/QtGui -I/opt/local/include/QtNetwork -I/opt/local/include/QtCore -I/opt/local/include -I../generatedfiles/ui -o moc_documentview.o ../generatedfiles/moc/moc_documentview.cpp
:info:build /usr/bin/clang++ -c -pipe -O2  -Xarch_x86_64 -mmacosx-version-min=10.7 -w -DUSE_OMNIORB -DQT_NO_DEBUG -DQT_SVG_LIB -DQT_XML_LIB -DQT_GUI_LIB -DQT_NETWORK_LIB -DQT_CORE_LIB -DQT_SHARED -I/opt/local/share/qt4/mkspecs/macx-g++ -I. -I../generatedfiles/moc -I/opt/local/include/qwt -I../../OMPlot/OMPlotGUI -I../OMSketch -I../.. -I. -I/opt/local/include/QtSvg -I/opt/local/include/QtXml -I/opt/local/include/QtGui -I/opt/local/include/QtNetwork -I/opt/local/include/QtCore -I/opt/local/include -I../generatedfiles/ui -o moc_treeview.o ../generatedfiles/moc/moc_treeview.cpp
:info:build /usr/bin/clang++ -c -pipe -O2  -Xarch_x86_64 -mmacosx-version-min=10.7 -w -DUSE_OMNIORB -DQT_NO_DEBUG -DQT_SVG_LIB -DQT_XML_LIB -DQT_GUI_LIB -DQT_NETWORK_LIB -DQT_CORE_LIB -DQT_SHARED -I/opt/local/share/qt4/mkspecs/macx-g++ -I. -I../generatedfiles/moc -I/opt/local/include/qwt -I../../OMPlot/OMPlotGUI -I../OMSketch -I../.. -I. -I/opt/local/include/QtSvg -I/opt/local/include/QtXml -I/opt/local/include/QtGui -I/opt/local/include/QtNetwork -I/opt/local/include/QtCore -I/opt/local/include -I../generatedfiles/ui -o moc_cellgroup.o ../generatedfiles/moc/moc_cellgroup.cpp
:info:build /usr/bin/clang++ -c -pipe -O2  -Xarch_x86_64 -mmacosx-version-min=10.7 -w -DQT_NO_DEBUG -DQT_WEBKIT_LIB -DQT_SVG_LIB -DQT_XML_LIB -DQT_GUI_LIB -DQT_NETWORK_LIB -DQT_CORE_LIB -DQT_SHARED -I/opt/local/share/qt4/mkspecs/macx-g++ -I. -I../generatedfiles/moc -I/opt/local/include/qwt -I../../OMPlot/OMPlotGUI -I. -I/opt/local/include/QtWebKit -I/opt/local/include/QtSvg -I/opt/local/include/QtXml -I/opt/local/include/QtGui -I/opt/local/include/QtNetwork -I/opt/local/include/QtCore -I/opt/local/include -o OMCThread.o OMCThread.cpp
:info:build /usr/bin/clang++ -c -pipe -O2  -Xarch_x86_64 -mmacosx-version-min=10.7 -w -DUSE_OMNIORB -DQT_NO_DEBUG -DQT_SVG_LIB -DQT_XML_LIB -DQT_GUI_LIB -DQT_NETWORK_LIB -DQT_CORE_LIB -DQT_SHARED -I/opt/local/share/qt4/mkspecs/macx-g++ -I. -I../generatedfiles/moc -I/opt/local/include/qwt -I../../OMPlot/OMPlotGUI -I../OMSketch -I../.. -I. -I/opt/local/include/QtSvg -I/opt/local/include/QtXml -I/opt/local/include/QtGui -I/opt/local/include/QtNetwork -I/opt/local/include/QtCore -I/opt/local/include -I../generatedfiles/ui -o moc_qcombobox_search.o ../generatedfiles/moc/moc_qcombobox_search.cpp
:info:build /usr/bin/clang++ -c -pipe -O2  -Xarch_x86_64 -mmacosx-version-min=10.7 -w -DQT_NO_DEBUG -DQT_WEBKIT_LIB -DQT_SVG_LIB -DQT_XML_LIB -DQT_GUI_LIB -DQT_NETWORK_LIB -DQT_CORE_LIB -DQT_SHARED -I/opt/local/share/qt4/mkspecs/macx-g++ -I. -I../generatedfiles/moc -I/opt/local/include/qwt -I../../OMPlot/OMPlotGUI -I. -I/opt/local/include/QtWebKit -I/opt/local/include/QtSvg -I/opt/local/include/QtXml -I/opt/local/include/QtGui -I/opt/local/include/QtNetwork -I/opt/local/include/QtCore -I/opt/local/include -o StringHandler.o StringHandler.cpp
:info:build /usr/bin/clang++ -c -pipe -O2  -Xarch_x86_64 -mmacosx-version-min=10.7 -w -DUSE_OMNIORB -DQT_NO_DEBUG -DQT_SVG_LIB -DQT_XML_LIB -DQT_GUI_LIB -DQT_NETWORK_LIB -DQT_CORE_LIB -DQT_SHARED -I/opt/local/share/qt4/mkspecs/macx-g++ -I. -I../generatedfiles/moc -I/opt/local/include/qwt -I../../OMPlot/OMPlotGUI -I../OMSketch -I../.. -I. -I/opt/local/include/QtSvg -I/opt/local/include/QtXml -I/opt/local/include/QtGui -I/opt/local/include/QtNetwork -I/opt/local/include/QtCore -I/opt/local/include -I../generatedfiles/ui -o moc_cell.o ../generatedfiles/moc/moc_cell.cpp
:info:build /usr/bin/clang++ -c -pipe -O2  -Xarch_x86_64 -mmacosx-version-min=10.7 -w -DUSE_OMNIORB -DQT_NO_DEBUG -DQT_SVG_LIB -DQT_XML_LIB -DQT_GUI_LIB -DQT_NETWORK_LIB -DQT_CORE_LIB -DQT_SHARED -I/opt/local/share/qt4/mkspecs/macx-g++ -I. -I../generatedfiles/moc -I/opt/local/include/qwt -I../../OMPlot/OMPlotGUI -I../OMSketch -I../.. -I. -I/opt/local/include/QtSvg -I/opt/local/include/QtXml -I/opt/local/include/QtGui -I/opt/local/include/QtNetwork -I/opt/local/include/QtCore -I/opt/local/include -I../generatedfiles/ui -o moc_inputcell.o ../generatedfiles/moc/moc_inputcell.cpp
:info:build /usr/bin/clang++ -c -pipe -O2  -Xarch_x86_64 -mmacosx-version-min=10.7 -w -DQT_NO_DEBUG -DQT_WEBKIT_LIB -DQT_SVG_LIB -DQT_XML_LIB -DQT_GUI_LIB -DQT_NETWORK_LIB -DQT_CORE_LIB -DQT_SHARED -I/opt/local/share/qt4/mkspecs/macx-g++ -I. -I../generatedfiles/moc -I/opt/local/include/qwt -I../../OMPlot/OMPlotGUI -I. -I/opt/local/include/QtWebKit -I/opt/local/include/QtSvg -I/opt/local/include/QtXml -I/opt/local/include/QtGui -I/opt/local/include/QtNetwork -I/opt/local/include/QtCore -I/opt/local/include -o ModelWidget.o ModelWidget.cpp
:info:build /usr/bin/clang++ -c -pipe -O2  -Xarch_x86_64 -mmacosx-version-min=10.7 -w -DUSE_OMNIORB -DQT_NO_DEBUG -DQT_SVG_LIB -DQT_XML_LIB -DQT_GUI_LIB -DQT_NETWORK_LIB -DQT_CORE_LIB -DQT_SHARED -I/opt/local/share/qt4/mkspecs/macx-g++ -I. -I../generatedfiles/moc -I/opt/local/include/qwt -I../../OMPlot/OMPlotGUI -I../OMSketch -I../.. -I. -I/opt/local/include/QtSvg -I/opt/local/include/QtXml -I/opt/local/include/QtGui -I/opt/local/include/QtNetwork -I/opt/local/include/QtCore -I/opt/local/include -I../generatedfiles/ui -o moc_commandcompletion.o ../generatedfiles/moc/moc_commandcompletion.cpp
:info:build /usr/bin/clang++ -c -pipe -O2  -Xarch_x86_64 -mmacosx-version-min=10.7 -w -DUSE_OMNIORB -DQT_NO_DEBUG -DQT_SVG_LIB -DQT_XML_LIB -DQT_GUI_LIB -DQT_NETWORK_LIB -DQT_CORE_LIB -DQT_SHARED -I/opt/local/share/qt4/mkspecs/macx-g++ -I. -I../generatedfiles/moc -I/opt/local/include/qwt -I../../OMPlot/OMPlotGUI -I../OMSketch -I../.. -I. -I/opt/local/include/QtSvg -I/opt/local/include/QtXml -I/opt/local/include/QtGui -I/opt/local/include/QtNetwork -I/opt/local/include/QtCore -I/opt/local/include -I../generatedfiles/ui -o moc_notebook.o ../generatedfiles/moc/moc_notebook.cpp
:info:build /usr/bin/clang++ -c -pipe -O2  -Xarch_x86_64 -mmacosx-version-min=10.7 -w -DUSE_OMNIORB -DQT_NO_DEBUG -DQT_SVG_LIB -DQT_XML_LIB -DQT_GUI_LIB -DQT_NETWORK_LIB -DQT_CORE_LIB -DQT_SHARED -I/opt/local/share/qt4/mkspecs/macx-g++ -I. -I../generatedfiles/moc -I/opt/local/include/qwt -I../../OMPlot/OMPlotGUI -I../OMSketch -I../.. -I. -I/opt/local/include/QtSvg -I/opt/local/include/QtXml -I/opt/local/include/QtGui -I/opt/local/include/QtNetwork -I/opt/local/include/QtCore -I/opt/local/include -I../generatedfiles/ui -o moc_searchform.o ../generatedfiles/moc/moc_searchform.cpp
:info:build /usr/bin/clang++ -c -pipe -O2  -Xarch_x86_64 -mmacosx-version-min=10.7 -w -DQT_NO_DEBUG -DQT_WEBKIT_LIB -DQT_SVG_LIB -DQT_XML_LIB -DQT_GUI_LIB -DQT_NETWORK_LIB -DQT_CORE_LIB -DQT_SHARED -I/opt/local/share/qt4/mkspecs/macx-g++ -I. -I../generatedfiles/moc -I/opt/local/include/qwt -I../../OMPlot/OMPlotGUI -I. -I/opt/local/include/QtWebKit -I/opt/local/include/QtSvg -I/opt/local/include/QtXml -I/opt/local/include/QtGui -I/opt/local/include/QtNetwork -I/opt/local/include/QtCore -I/opt/local/include -o Helper.o Helper.cpp
:info:build /usr/bin/clang++ -c -pipe -O2  -Xarch_x86_64 -mmacosx-version-min=10.7 -w -DQT_NO_DEBUG -DQT_WEBKIT_LIB -DQT_SVG_LIB -DQT_XML_LIB -DQT_GUI_LIB -DQT_NETWORK_LIB -DQT_CORE_LIB -DQT_SHARED -I/opt/local/share/qt4/mkspecs/macx-g++ -I. -I../generatedfiles/moc -I/opt/local/include/qwt -I../../OMPlot/OMPlotGUI -I. -I/opt/local/include/QtWebKit -I/opt/local/include/QtSvg -I/opt/local/include/QtXml -I/opt/local/include/QtGui -I/opt/local/include/QtNetwork -I/opt/local/include/QtCore -I/opt/local/include -o SplashScreen.o SplashScreen.cpp
:info:build /usr/bin/clang++ -c -pipe -O2  -Xarch_x86_64 -mmacosx-version-min=10.7 -w -DUSE_OMNIORB -DQT_NO_DEBUG -DQT_SVG_LIB -DQT_XML_LIB -DQT_GUI_LIB -DQT_NETWORK_LIB -DQT_CORE_LIB -DQT_SHARED -I/opt/local/share/qt4/mkspecs/macx-g++ -I. -I../generatedfiles/moc -I/opt/local/include/qwt -I../../OMPlot/OMPlotGUI -I../OMSketch -I../.. -I. -I/opt/local/include/QtSvg -I/opt/local/include/QtXml -I/opt/local/include/QtGui -I/opt/local/include/QtNetwork -I/opt/local/include/QtCore -I/opt/local/include -I../generatedfiles/ui -o moc_graphcell.o ../generatedfiles/moc/moc_graphcell.cpp
:info:build /usr/bin/clang++ -c -pipe -O2  -Xarch_x86_64 -mmacosx-version-min=10.7 -w -DQT_NO_DEBUG -DQT_WEBKIT_LIB -DQT_SVG_LIB -DQT_XML_LIB -DQT_GUI_LIB -DQT_NETWORK_LIB -DQT_CORE_LIB -DQT_SHARED -I/opt/local/share/qt4/mkspecs/macx-g++ -I. -I../generatedfiles/moc -I/opt/local/include/qwt -I../../OMPlot/OMPlotGUI -I. -I/opt/local/include/QtWebKit -I/opt/local/include/QtSvg -I/opt/local/include/QtXml -I/opt/local/include/QtGui -I/opt/local/include/QtNetwork -I/opt/local/include/QtCore -I/opt/local/include -o ShapeAnnotation.o ShapeAnnotation.cpp
:info:build /usr/bin/clang++ -c -pipe -O2  -Xarch_x86_64 -mmacosx-version-min=10.7 -w -DUSE_OMNIORB -DQT_NO_DEBUG -DQT_SVG_LIB -DQT_XML_LIB -DQT_GUI_LIB -DQT_NETWORK_LIB -DQT_CORE_LIB -DQT_SHARED -I/opt/local/share/qt4/mkspecs/macx-g++ -I. -I../generatedfiles/moc -I/opt/local/include/qwt -I../../OMPlot/OMPlotGUI -I../OMSketch -I../.. -I. -I/opt/local/include/QtSvg -I/opt/local/include/QtXml -I/opt/local/include/QtGui -I/opt/local/include/QtNetwork -I/opt/local/include/QtCore -I/opt/local/include -I../generatedfiles/ui -o moc_omc_communicator.o ../generatedfiles/moc/moc_omc_communicator.cpp
:info:build /usr/bin/clang++ -c -pipe -O2  -Xarch_x86_64 -mmacosx-version-min=10.7 -w -DUSE_OMNIORB -DQT_NO_DEBUG -DQT_SVG_LIB -DQT_XML_LIB -DQT_GUI_LIB -DQT_NETWORK_LIB -DQT_CORE_LIB -DQT_SHARED -I/opt/local/share/qt4/mkspecs/macx-g++ -I. -I../generatedfiles/moc -I/opt/local/include/qwt -I../../OMPlot/OMPlotGUI -I../OMSketch -I../.. -I. -I/opt/local/include/QtSvg -I/opt/local/include/QtXml -I/opt/local/include/QtGui -I/opt/local/include/QtNetwork -I/opt/local/include/QtCore -I/opt/local/include -I../generatedfiles/ui -o moc_Tools.o ../generatedfiles/moc/moc_Tools.cpp
:info:build /usr/bin/clang++ -c -pipe -O2  -Xarch_x86_64 -mmacosx-version-min=10.7 -w -DQT_NO_DEBUG -DQT_WEBKIT_LIB -DQT_SVG_LIB -DQT_XML_LIB -DQT_GUI_LIB -DQT_NETWORK_LIB -DQT_CORE_LIB -DQT_SHARED -I/opt/local/share/qt4/mkspecs/macx-g++ -I. -I../generatedfiles/moc -I/opt/local/include/qwt -I../../OMPlot/OMPlotGUI -I. -I/opt/local/include/QtWebKit -I/opt/local/include/QtSvg -I/opt/local/include/QtXml -I/opt/local/include/QtGui -I/opt/local/include/QtNetwork -I/opt/local/include/QtCore -I/opt/local/include -o LineAnnotation.o LineAnnotation.cpp
:info:build /usr/bin/clang++ -c -pipe -O2  -Xarch_x86_64 -mmacosx-version-min=10.7 -w -DUSE_OMNIORB -DQT_NO_DEBUG -DQT_SVG_LIB -DQT_XML_LIB -DQT_GUI_LIB -DQT_NETWORK_LIB -DQT_CORE_LIB -DQT_SHARED -I/opt/local/share/qt4/mkspecs/macx-g++ -I. -I../generatedfiles/moc -I/opt/local/include/qwt -I../../OMPlot/OMPlotGUI -I../OMSketch -I../.. -I. -I/opt/local/include/QtSvg -I/opt/local/include/QtXml -I/opt/local/include/QtGui -I/opt/local/include/QtNetwork -I/opt/local/include/QtCore -I/opt/local/include -I../generatedfiles/ui -o moc_mainwindow.o ../generatedfiles/moc/moc_mainwindow.cpp
:info:build /usr/bin/clang++ -c -pipe -O2  -Xarch_x86_64 -mmacosx-version-min=10.7 -w -DUSE_OMNIORB -DQT_NO_DEBUG -DQT_SVG_LIB -DQT_XML_LIB -DQT_GUI_LIB -DQT_NETWORK_LIB -DQT_CORE_LIB -DQT_SHARED -I/opt/local/share/qt4/mkspecs/macx-g++ -I. -I../generatedfiles/moc -I/opt/local/include/qwt -I../../OMPlot/OMPlotGUI -I../OMSketch -I../.. -I. -I/opt/local/include/QtSvg -I/opt/local/include/QtXml -I/opt/local/include/QtGui -I/opt/local/include/QtNetwork -I/opt/local/include/QtCore -I/opt/local/include -I../generatedfiles/ui -o moc_Line.o ../generatedfiles/moc/moc_Line.cpp
:info:build /usr/bin/clang++ -c -pipe -O2  -Xarch_x86_64 -mmacosx-version-min=10.7 -w -DUSE_OMNIORB -DQT_NO_DEBUG -DQT_SVG_LIB -DQT_XML_LIB -DQT_GUI_LIB -DQT_NETWORK_LIB -DQT_CORE_LIB -DQT_SHARED -I/opt/local/share/qt4/mkspecs/macx-g++ -I. -I../generatedfiles/moc -I/opt/local/include/qwt -I../../OMPlot/OMPlotGUI -I../OMSketch -I../.. -I. -I/opt/local/include/QtSvg -I/opt/local/include/QtXml -I/opt/local/include/QtGui -I/opt/local/include/QtNetwork -I/opt/local/include/QtCore -I/opt/local/include -I../generatedfiles/ui -o moc_Graph_Scene.o ../generatedfiles/moc/moc_Graph_Scene.cpp
:info:build /usr/bin/clang++ -c -pipe -O2  -Xarch_x86_64 -mmacosx-version-min=10.7 -w -DQT_NO_DEBUG -DQT_WEBKIT_LIB -DQT_SVG_LIB -DQT_XML_LIB -DQT_GUI_LIB -DQT_NETWORK_LIB -DQT_CORE_LIB -DQT_SHARED -I/opt/local/share/qt4/mkspecs/macx-g++ -I. -I../generatedfiles/moc -I/opt/local/include/qwt -I../../OMPlot/OMPlotGUI -I. -I/opt/local/include/QtWebKit -I/opt/local/include/QtSvg -I/opt/local/include/QtXml -I/opt/local/include/QtGui -I/opt/local/include/QtNetwork -I/opt/local/include/QtCore -I/opt/local/include -o PolygonAnnotation.o PolygonAnnotation.cpp
:info:build /usr/bin/clang++ -c -pipe -O2  -Xarch_x86_64 -mmacosx-version-min=10.7 -w -DUSE_OMNIORB -DQT_NO_DEBUG -DQT_SVG_LIB -DQT_XML_LIB -DQT_GUI_LIB -DQT_NETWORK_LIB -DQT_CORE_LIB -DQT_SHARED -I/opt/local/share/qt4/mkspecs/macx-g++ -I. -I../generatedfiles/moc -I/opt/local/include/qwt -I../../OMPlot/OMPlotGUI -I../OMSketch -I../.. -I. -I/opt/local/include/QtSvg -I/opt/local/include/QtXml -I/opt/local/include/QtGui -I/opt/local/include/QtNetwork -I/opt/local/include/QtCore -I/opt/local/include -I../generatedfiles/ui -o moc_CustomDialog.o ../generatedfiles/moc/moc_CustomDialog.cpp
:info:build /usr/bin/clang++ -c -pipe -O2  -Xarch_x86_64 -mmacosx-version-min=10.7 -w -DQT_NO_DEBUG -DQT_WEBKIT_LIB -DQT_SVG_LIB -DQT_XML_LIB -DQT_GUI_LIB -DQT_NETWORK_LIB -DQT_CORE_LIB -DQT_SHARED -I/opt/local/share/qt4/mkspecs/macx-g++ -I. -I../generatedfiles/moc -I/opt/local/include/qwt -I../../OMPlot/OMPlotGUI -I. -I/opt/local/include/QtWebKit -I/opt/local/include/QtSvg -I/opt/local/include/QtXml -I/opt/local/include/QtGui -I/opt/local/include/QtNetwork -I/opt/local/include/QtCore -I/opt/local/include -o RectangleAnnotation.o RectangleAnnotation.cpp
:info:build /usr/bin/clang++ -c -pipe -O2  -Xarch_x86_64 -mmacosx-version-min=10.7 -w -DUSE_OMNIORB -DQT_NO_DEBUG -DQT_SVG_LIB -DQT_XML_LIB -DQT_GUI_LIB -DQT_NETWORK_LIB -DQT_CORE_LIB -DQT_SHARED -I/opt/local/share/qt4/mkspecs/macx-g++ -I. -I../generatedfiles/moc -I/opt/local/include/qwt -I../../OMPlot/OMPlotGUI -I../OMSketch -I../.. -I. -I/opt/local/include/QtSvg -I/opt/local/include/QtXml -I/opt/local/include/QtGui -I/opt/local/include/QtNetwork -I/opt/local/include/QtCore -I/opt/local/include -I../generatedfiles/ui -o moc_StringHandler.o ../generatedfiles/moc/moc_StringHandler.cpp
:info:build /usr/bin/clang++ -c -pipe -O2  -Xarch_x86_64 -mmacosx-version-min=10.7 -w -DUSE_OMNIORB -DQT_NO_DEBUG -DQT_SVG_LIB -DQT_XML_LIB -DQT_GUI_LIB -DQT_NETWORK_LIB -DQT_CORE_LIB -DQT_SHARED -I/opt/local/share/qt4/mkspecs/macx-g++ -I. -I../generatedfiles/moc -I/opt/local/include/qwt -I../../OMPlot/OMPlotGUI -I../OMSketch -I../.. -I. -I/opt/local/include/QtSvg -I/opt/local/include/QtXml -I/opt/local/include/QtGui -I/opt/local/include/QtNetwork -I/opt/local/include/QtCore -I/opt/local/include -I../generatedfiles/ui -o moc_Helper.o ../generatedfiles/moc/moc_Helper.cpp
:info:build /usr/bin/clang++ -c -pipe -O2  -Xarch_x86_64 -mmacosx-version-min=10.7 -w -DUSE_OMNIORB -DQT_NO_DEBUG -DQT_SVG_LIB -DQT_XML_LIB -DQT_GUI_LIB -DQT_NETWORK_LIB -DQT_CORE_LIB -DQT_SHARED -I/opt/local/share/qt4/mkspecs/macx-g++ -I. -I../generatedfiles/moc -I/opt/local/include/qwt -I../../OMPlot/OMPlotGUI -I../OMSketch -I../.. -I. -I/opt/local/include/QtSvg -I/opt/local/include/QtXml -I/opt/local/include/QtGui -I/opt/local/include/QtNetwork -I/opt/local/include/QtCore -I/opt/local/include -I../generatedfiles/ui -o qrc_res_qt.o ../generatedfiles/rcc/qrc_res_qt.cpp
:info:build /usr/bin/clang++ -headerpad_max_install_names   -Xarch_x86_64 -mmacosx-version-min=10.7 -o ../bin/OMNotebook.app/Contents/MacOS/OMNotebook cellapplication.o cellparserfactory.o omc_communicator.o omc_communication.o stylesheet.o cellcommandcenter.o chaptercountervisitor.o omcinteractiveenvironment.o textcell.o cellcommands.o commandcompletion.o openmodelicahighlighter.o textcursorcommands.o cell.o printervisitor.o treeview.o cellcursor.o highlighterthread.o puretextvisitor.o updategroupcellvisitor.o celldocument.o inputcell.o qcombobox_search.o updatelinkvisitor.o cellfactory.o notebook.o qtapp.o xmlparser.o searchform.o cellgroup.o serializingvisitor.o graphcell.o evalthread.o indent.o Tools.o Sketch_files.o Shapes.o Scene_Objects.o mainwindow.o Line.o Graph_Scene.o Draw_Triangle.o Draw_Text.o Draw_RoundRect.o Draw_Rectangle.o Draw_polygon.o Draw_LineArrow.o Draw_line.o Draw_Ellipse.o Draw_Arrow.o Draw_Arc.o CustomDailog.o StringHandler.o Helper.o moc_cellapplication.o moc_stylesheet.o moc_cellcursor.o moc_document.o moc_textcell.o moc_celldocument.o moc_documentview.o moc_treeview.o moc_cellgroup.o moc_qcombobox_search.o moc_cell.o moc_inputcell.o moc_commandcompletion.o moc_notebook.o moc_searchform.o moc_graphcell.o moc_omc_communicator.o moc_Tools.o moc_mainwindow.o moc_Line.o moc_Graph_Scene.o moc_CustomDialog.o moc_StringHandler.o moc_Helper.o qrc_res_qt.o     /opt/local/lib/libomniORB4.a /opt/local/lib/libomnithread.a -lpthread -lqwt -L../../OMPlot/bin/ -lOMPlot -L/opt/local/lib -lQtSvg -lQtXml -lQtGui -lQtNetwork -lQtCore 
:info:build /usr/bin/clang++ -c -pipe -O2  -Xarch_x86_64 -mmacosx-version-min=10.7 -w -DQT_NO_DEBUG -DQT_WEBKIT_LIB -DQT_SVG_LIB -DQT_XML_LIB -DQT_GUI_LIB -DQT_NETWORK_LIB -DQT_CORE_LIB -DQT_SHARED -I/opt/local/share/qt4/mkspecs/macx-g++ -I. -I../generatedfiles/moc -I/opt/local/include/qwt -I../../OMPlot/OMPlotGUI -I. -I/opt/local/include/QtWebKit -I/opt/local/include/QtSvg -I/opt/local/include/QtXml -I/opt/local/include/QtGui -I/opt/local/include/QtNetwork -I/opt/local/include/QtCore -I/opt/local/include -o EllipseAnnotation.o EllipseAnnotation.cpp
:info:build make[2]: Leaving directory `/opt/local/var/macports/build/_opt_local_var_macports_sources_build.openmodelica.org_macports_lang_openmodelica-devel/openmodelica-devel/work/openmodelica_12369/OMNotebook/OMNotebookGUI'
:info:build mkdir -p ../..//build/share//omnotebook/drmodelica/ ../..//build/share//omnotebook/drcontrol/
:info:build if [ ".app" = ".app" ]; then cp -rp ../bin/OMNotebook.app ../../build/Applications/ ; else cp -p ../bin/OMNotebook ../..//build/bin//OMNotebook; fi
:info:build cp -p *.xml ../..//build/share//omnotebook/
:info:build cp -p OMNotebookHelp.onb ../..//build/share//omnotebook/
:info:build (DRMODELICAPWD=`cd ../DrModelica/ && pwd` && \
:info:build         DIRS=`cd ../DrModelica/ && find . -type d | grep -v svn` && \
:info:build 	(cd ../..//build/share//omnotebook/drmodelica/ && \
:info:build 	mkdir -p $DIRS) && \
:info:build 	cd ../DrModelica/ && \
:info:build 	find . -name \*.onb -exec cp {} ../..//build/share//omnotebook/drmodelica/{} \;)
:info:build (DRCONTROLPWD=`cd ../DrControl/ && pwd` && \
:info:build         DIRS=`cd ../DrControl/ && find . -type d | grep -v svn` && \
:info:build 	(cd ../..//build/share//omnotebook/drcontrol/ && \
:info:build 	mkdir -p $DIRS) && \
:info:build 	cd ../DrControl/ && \
:info:build 	find . -name \*.onb -exec cp {} ../..//build/share//omnotebook/drcontrol/{} \;)
:info:build make[1]: Leaving directory `/opt/local/var/macports/build/_opt_local_var_macports_sources_build.openmodelica.org_macports_lang_openmodelica-devel/openmodelica-devel/work/openmodelica_12369/OMNotebook/OMNotebookGUI'
:info:build /usr/bin/make -C OMOptim/build -f Makefile.unix
:info:build make: Nothing to be done for `omlibrary'.
:info:build make[1]: Entering directory `/opt/local/var/macports/build/_opt_local_var_macports_sources_build.openmodelica.org_macports_lang_openmodelica-devel/openmodelica-devel/work/openmodelica_12369/OMOptim/build'
:info:build sh /opt/local/var/macports/build/_opt_local_var_macports_sources_build.openmodelica.org_macports_lang_openmodelica-devel/openmodelica-devel/work/openmodelica_12369/qmake.sh OMOptimLib.pro -o MakefileLib
:info:build /usr/bin/clang++ -c -pipe -O2  -Xarch_x86_64 -mmacosx-version-min=10.7 -w -DQT_NO_DEBUG -DQT_WEBKIT_LIB -DQT_SVG_LIB -DQT_XML_LIB -DQT_GUI_LIB -DQT_NETWORK_LIB -DQT_CORE_LIB -DQT_SHARED -I/opt/local/share/qt4/mkspecs/macx-g++ -I. -I../generatedfiles/moc -I/opt/local/include/qwt -I../../OMPlot/OMPlotGUI -I. -I/opt/local/include/QtWebKit -I/opt/local/include/QtSvg -I/opt/local/include/QtXml -I/opt/local/include/QtGui -I/opt/local/include/QtNetwork -I/opt/local/include/QtCore -I/opt/local/include -o TextAnnotation.o TextAnnotation.cpp
:info:build /usr/bin/clang++ -c -pipe -O2  -Xarch_x86_64 -mmacosx-version-min=10.7 -w -DQT_NO_DEBUG -DQT_WEBKIT_LIB -DQT_SVG_LIB -DQT_XML_LIB -DQT_GUI_LIB -DQT_NETWORK_LIB -DQT_CORE_LIB -DQT_SHARED -I/opt/local/share/qt4/mkspecs/macx-g++ -I. -I../generatedfiles/moc -I/opt/local/include/qwt -I../../OMPlot/OMPlotGUI -I. -I/opt/local/include/QtWebKit -I/opt/local/include/QtSvg -I/opt/local/include/QtXml -I/opt/local/include/QtGui -I/opt/local/include/QtNetwork -I/opt/local/include/QtCore -I/opt/local/include -o ComponentsProperties.o ComponentsProperties.cpp
:info:build /usr/bin/clang++ -c -pipe -O2  -Xarch_x86_64 -mmacosx-version-min=10.7 -w -DQT_NO_DEBUG -DQT_WEBKIT_LIB -DQT_SVG_LIB -DQT_XML_LIB -DQT_GUI_LIB -DQT_NETWORK_LIB -DQT_CORE_LIB -DQT_SHARED -I/opt/local/share/qt4/mkspecs/macx-g++ -I. -I../generatedfiles/moc -I/opt/local/include/qwt -I../../OMPlot/OMPlotGUI -I. -I/opt/local/include/QtWebKit -I/opt/local/include/QtSvg -I/opt/local/include/QtXml -I/opt/local/include/QtGui -I/opt/local/include/QtNetwork -I/opt/local/include/QtCore -I/opt/local/include -o CornerItem.o CornerItem.cpp
:info:build sh /opt/local/var/macports/build/_opt_local_var_macports_sources_build.openmodelica.org_macports_lang_openmodelica-devel/openmodelica-devel/work/openmodelica_12369/qmake.sh OMOptim.pro -o Makefile
:info:build /usr/bin/make -f MakefileLib
:info:build make[2]: Entering directory `/opt/local/var/macports/build/_opt_local_var_macports_sources_build.openmodelica.org_macports_lang_openmodelica-devel/openmodelica-devel/work/openmodelica_12369/OMOptim/build'
:info:build /opt/local/bin/uic ../GUI/MainWindow.ui -o ui_MainWindow.h
:info:build /opt/local/bin/uic ../GUI/Dialogs/AboutOMOptim.ui -o ui_AboutOMOptim.h
:info:build /opt/local/bin/uic ../GUI/Dialogs/BlockSubstituteConnDlg.ui -o ui_BlockSubstituteConnDlg.h
:info:build /opt/local/bin/uic ../GUI/Dialogs/HelpDlg.ui -o ui_HelpDlg.h
:info:build /opt/local/bin/uic ../GUI/Dialogs/newprojectform.ui -o ui_newprojectform.h
:info:build /opt/local/bin/uic ../GUI/Dialogs/OtherDlg.ui -o ui_OtherDlg.h
:info:build /opt/local/bin/uic ../GUI/Widgets/WidgetBlocks.ui -o ui_WidgetBlocks.h
:info:build /opt/local/bin/uic ../GUI/Widgets/WidgetCalculateMooPoints.ui -o ui_WidgetCalculateMooPoints.h
:info:build /opt/local/bin/uic ../GUI/Widgets/WidgetMooPlot.ui -o ui_WidgetMooPlot.h
:info:build /opt/local/bin/uic ../GUI/Widgets/WidgetOneSimVars.ui -o ui_WidgetOneSimVars.h
:info:build /opt/local/bin/uic ../GUI/Widgets/WidgetOptParameters.ui -o ui_WidgetOptParameters.h
:info:build /opt/local/bin/uic ../GUI/Widgets/WidgetOptTable.ui -o ui_WidgetOptTable.h
:info:build /opt/local/bin/uic ../GUI/Widgets/WidgetProgress.ui -o ui_WidgetProgress.h
:info:build /opt/local/bin/uic ../GUI/Widgets/WidgetSelectComponents.ui -o ui_WidgetSelectComponents.h
:info:build /opt/local/bin/uic ../GUI/Widgets/WidgetSelectModModel.ui -o ui_WidgetSelectModModel.h
:info:build /opt/local/bin/uic ../GUI/Widgets/WidgetSelectOptVars.ui -o ui_WidgetSelectOptVars.h
:info:build /opt/local/bin/uic ../GUI/Widgets/WidgetSelPointScan.ui -o ui_WidgetSelPointScan.h
:info:build /opt/local/bin/uic ../GUI/Widgets/WidgetTableRecVar.ui -o ui_WidgetTableRecVar.h
:info:build /opt/local/bin/uic ../GUI/Widgets/WidgetToolBar.ui -o ui_WidgetToolBar.h
:info:build /opt/local/bin/uic ../GUI/Widgets/WidgetMooPointsList.ui -o ui_WidgetMooPointsList.h
:info:build /opt/local/bin/uic ../GUI/Widgets/WidgetProjectInfos.ui -o ui_WidgetProjectInfos.h
:info:build /opt/local/bin/uic ../GUI/Widgets/WidgetOptimActions.ui -o ui_WidgetOptimActions.h
:info:build /opt/local/bin/uic ../GUI/Tabs/TabResOptimization.ui -o ui_TabResOptimization.h
:info:build /opt/local/bin/uic ../GUI/Tabs/TabProject.ui -o ui_TabProject.h
:info:build /opt/local/bin/uic ../GUI/Tabs/TabOptimization.ui -o ui_TabOptimization.h
:info:build /usr/bin/clang++ -c -pipe -O2  -Xarch_x86_64 -mmacosx-version-min=10.7 -w -DQT_NO_DEBUG -DQT_WEBKIT_LIB -DQT_SVG_LIB -DQT_XML_LIB -DQT_GUI_LIB -DQT_NETWORK_LIB -DQT_CORE_LIB -DQT_SHARED -I/opt/local/share/qt4/mkspecs/macx-g++ -I. -I../generatedfiles/moc -I/opt/local/include/qwt -I../../OMPlot/OMPlotGUI -I. -I/opt/local/include/QtWebKit -I/opt/local/include/QtSvg -I/opt/local/include/QtXml -I/opt/local/include/QtGui -I/opt/local/include/QtNetwork -I/opt/local/include/QtCore -I/opt/local/include -o ConnectorWidget.o ConnectorWidget.cpp
:info:build /opt/local/bin/uic ../GUI/Tabs/TabOMC.ui -o ui_TabOMC.h
:info:build /opt/local/bin/uic ../GUI/Widgets/WidgetResultInfos.ui -o ui_WidgetResultInfos.h
:info:build /opt/local/bin/uic ../GUI/Widgets/WidgetModelsList.ui -o ui_WidgetModelsList.h
:info:build /usr/bin/clang++ -c -pipe -O2  -Xarch_x86_64 -mmacosx-version-min=10.7 -w -fPIC -DQT_NO_DEBUG -DQT_SVG_LIB -DQT_XML_LIB -DQT_GUI_LIB -DQT_CORE_LIB -DQT_SHARED -I/opt/local/share/qt4/mkspecs/macx-g++ -I. -I. -I/opt/local/include/qwt -I/opt/local/include/paradiseo -I/opt/local/include/paradiseo/utils -I. -I.. -I../.. -I../Core -I../GUI -I../Vld -I../Core/Dymola -I../Core/FileData -I../Core/Infos -I../Core/Modelica -I../Core/OMC -I../Core/OpenModelica -I../Core/Problems -I../Core/Tools -I../Core/Units -I../GUI/Dialogs -I../GUI/Plots -I../GUI/Resources -I../GUI/Scene -I../GUI/Tabs -I../GUI/Tools -I../GUI/Views -I../GUI/Widgets -I../Core/Optim -I../Core/Optim/EA -I../Core/Optim/MILP -I../Core/Problems/BlockSubs -I../Core/Optim/EA/Checkpoints -I../Core/Optim/EA/Chromosome -I../Core/Optim/EA/Crossover -I../Core/Optim/EA/Evaluations -I../Core/Optim/EA/Init -I../Core/Optim/EA/Monitor -I../Core/Optim/EA/Mutations -I../Core/Optim/EA/NSGA2 -I../Core/Optim/EA/Results -I../Core/Optim/EA/SPEA2 -I../Core/Optim/EA/SPEA2Adaptative -I../Core/Optim/EA/SA1 -I../OMOptimBasis -I../OMOptimBasis/FileData -I../OMOptimBasis/GUI -I../OMOptimBasis/GUI/Tools -I../OMOptimBasis/GUI/Dialogs -I../OMOptimBasis/GUI/Widgets -I../OMOptimBasis/Infos -I../OMOptimBasis/Units -I../OMOptimBasis/Tools -I../OMOptimBasis/Problems -I/opt/local/include/QtSvg -I/opt/local/include/QtXml -I/opt/local/include/QtGui -I/opt/local/include/QtCore -I/opt/local/include -I. -o OptObjective.o ../Core/OptObjective.cpp
:info:build /usr/bin/clang++ -c -pipe -O2  -Xarch_x86_64 -mmacosx-version-min=10.7 -w -fPIC -DQT_NO_DEBUG -DQT_SVG_LIB -DQT_XML_LIB -DQT_GUI_LIB -DQT_CORE_LIB -DQT_SHARED -I/opt/local/share/qt4/mkspecs/macx-g++ -I. -I. -I/opt/local/include/qwt -I/opt/local/include/paradiseo -I/opt/local/include/paradiseo/utils -I. -I.. -I../.. -I../Core -I../GUI -I../Vld -I../Core/Dymola -I../Core/FileData -I../Core/Infos -I../Core/Modelica -I../Core/OMC -I../Core/OpenModelica -I../Core/Problems -I../Core/Tools -I../Core/Units -I../GUI/Dialogs -I../GUI/Plots -I../GUI/Resources -I../GUI/Scene -I../GUI/Tabs -I../GUI/Tools -I../GUI/Views -I../GUI/Widgets -I../Core/Optim -I../Core/Optim/EA -I../Core/Optim/MILP -I../Core/Problems/BlockSubs -I../Core/Optim/EA/Checkpoints -I../Core/Optim/EA/Chromosome -I../Core/Optim/EA/Crossover -I../Core/Optim/EA/Evaluations -I../Core/Optim/EA/Init -I../Core/Optim/EA/Monitor -I../Core/Optim/EA/Mutations -I../Core/Optim/EA/NSGA2 -I../Core/Optim/EA/Results -I../Core/Optim/EA/SPEA2 -I../Core/Optim/EA/SPEA2Adaptative -I../Core/Optim/EA/SA1 -I../OMOptimBasis -I../OMOptimBasis/FileData -I../OMOptimBasis/GUI -I../OMOptimBasis/GUI/Tools -I../OMOptimBasis/GUI/Dialogs -I../OMOptimBasis/GUI/Widgets -I../OMOptimBasis/Infos -I../OMOptimBasis/Units -I../OMOptimBasis/Tools -I../OMOptimBasis/Problems -I/opt/local/include/QtSvg -I/opt/local/include/QtXml -I/opt/local/include/QtGui -I/opt/local/include/QtCore -I/opt/local/include -I. -o ParetoDominance.o ../Core/ParetoDominance.cpp
:info:build /usr/bin/clang++ -c -pipe -O2  -Xarch_x86_64 -mmacosx-version-min=10.7 -w -fPIC -DQT_NO_DEBUG -DQT_SVG_LIB -DQT_XML_LIB -DQT_GUI_LIB -DQT_CORE_LIB -DQT_SHARED -I/opt/local/share/qt4/mkspecs/macx-g++ -I. -I. -I/opt/local/include/qwt -I/opt/local/include/paradiseo -I/opt/local/include/paradiseo/utils -I. -I.. -I../.. -I../Core -I../GUI -I../Vld -I../Core/Dymola -I../Core/FileData -I../Core/Infos -I../Core/Modelica -I../Core/OMC -I../Core/OpenModelica -I../Core/Problems -I../Core/Tools -I../Core/Units -I../GUI/Dialogs -I../GUI/Plots -I../GUI/Resources -I../GUI/Scene -I../GUI/Tabs -I../GUI/Tools -I../GUI/Views -I../GUI/Widgets -I../Core/Optim -I../Core/Optim/EA -I../Core/Optim/MILP -I../Core/Problems/BlockSubs -I../Core/Optim/EA/Checkpoints -I../Core/Optim/EA/Chromosome -I../Core/Optim/EA/Crossover -I../Core/Optim/EA/Evaluations -I../Core/Optim/EA/Init -I../Core/Optim/EA/Monitor -I../Core/Optim/EA/Mutations -I../Core/Optim/EA/NSGA2 -I../Core/Optim/EA/Results -I../Core/Optim/EA/SPEA2 -I../Core/Optim/EA/SPEA2Adaptative -I../Core/Optim/EA/SA1 -I../OMOptimBasis -I../OMOptimBasis/FileData -I../OMOptimBasis/GUI -I../OMOptimBasis/GUI/Tools -I../OMOptimBasis/GUI/Dialogs -I../OMOptimBasis/GUI/Widgets -I../OMOptimBasis/Infos -I../OMOptimBasis/Units -I../OMOptimBasis/Tools -I../OMOptimBasis/Problems -I/opt/local/include/QtSvg -I/opt/local/include/QtXml -I/opt/local/include/QtGui -I/opt/local/include/QtCore -I/opt/local/include -I. -o Project.o ../Core/Project.cpp
:info:build /usr/bin/clang++ -c -pipe -O2  -Xarch_x86_64 -mmacosx-version-min=10.7 -w -DQT_NO_DEBUG -DQT_WEBKIT_LIB -DQT_SVG_LIB -DQT_XML_LIB -DQT_GUI_LIB -DQT_NETWORK_LIB -DQT_CORE_LIB -DQT_SHARED -I/opt/local/share/qt4/mkspecs/macx-g++ -I. -I../generatedfiles/moc -I/opt/local/include/qwt -I../../OMPlot/OMPlotGUI -I. -I/opt/local/include/QtWebKit -I/opt/local/include/QtSvg -I/opt/local/include/QtXml -I/opt/local/include/QtGui -I/opt/local/include/QtNetwork -I/opt/local/include/QtCore -I/opt/local/include -o PlotWidget.o PlotWidget.cpp
:info:build /usr/bin/clang++ -c -pipe -O2  -Xarch_x86_64 -mmacosx-version-min=10.7 -w -fPIC -DQT_NO_DEBUG -DQT_SVG_LIB -DQT_XML_LIB -DQT_GUI_LIB -DQT_CORE_LIB -DQT_SHARED -I/opt/local/share/qt4/mkspecs/macx-g++ -I. -I. -I/opt/local/include/qwt -I/opt/local/include/paradiseo -I/opt/local/include/paradiseo/utils -I. -I.. -I../.. -I../Core -I../GUI -I../Vld -I../Core/Dymola -I../Core/FileData -I../Core/Infos -I../Core/Modelica -I../Core/OMC -I../Core/OpenModelica -I../Core/Problems -I../Core/Tools -I../Core/Units -I../GUI/Dialogs -I../GUI/Plots -I../GUI/Resources -I../GUI/Scene -I../GUI/Tabs -I../GUI/Tools -I../GUI/Views -I../GUI/Widgets -I../Core/Optim -I../Core/Optim/EA -I../Core/Optim/MILP -I../Core/Problems/BlockSubs -I../Core/Optim/EA/Checkpoints -I../Core/Optim/EA/Chromosome -I../Core/Optim/EA/Crossover -I../Core/Optim/EA/Evaluations -I../Core/Optim/EA/Init -I../Core/Optim/EA/Monitor -I../Core/Optim/EA/Mutations -I../Core/Optim/EA/NSGA2 -I../Core/Optim/EA/Results -I../Core/Optim/EA/SPEA2 -I../Core/Optim/EA/SPEA2Adaptative -I../Core/Optim/EA/SA1 -I../OMOptimBasis -I../OMOptimBasis/FileData -I../OMOptimBasis/GUI -I../OMOptimBasis/GUI/Tools -I../OMOptimBasis/GUI/Dialogs -I../OMOptimBasis/GUI/Widgets -I../OMOptimBasis/Infos -I../OMOptimBasis/Units -I../OMOptimBasis/Tools -I../OMOptimBasis/Problems -I/opt/local/include/QtSvg -I/opt/local/include/QtXml -I/opt/local/include/QtGui -I/opt/local/include/QtCore -I/opt/local/include -I. -o MainWindow.o ../GUI/MainWindow.cpp
:info:build /usr/bin/clang++ -c -pipe -O2  -Xarch_x86_64 -mmacosx-version-min=10.7 -w -DQT_NO_DEBUG -DQT_WEBKIT_LIB -DQT_SVG_LIB -DQT_XML_LIB -DQT_GUI_LIB -DQT_NETWORK_LIB -DQT_CORE_LIB -DQT_SHARED -I/opt/local/share/qt4/mkspecs/macx-g++ -I. -I../generatedfiles/moc -I/opt/local/include/qwt -I../../OMPlot/OMPlotGUI -I. -I/opt/local/include/QtWebKit -I/opt/local/include/QtSvg -I/opt/local/include/QtXml -I/opt/local/include/QtGui -I/opt/local/include/QtNetwork -I/opt/local/include/QtCore -I/opt/local/include -o ModelicaEditor.o ModelicaEditor.cpp
:info:build /usr/bin/clang++ -c -pipe -O2  -Xarch_x86_64 -mmacosx-version-min=10.7 -w -fPIC -DQT_NO_DEBUG -DQT_SVG_LIB -DQT_XML_LIB -DQT_GUI_LIB -DQT_CORE_LIB -DQT_SHARED -I/opt/local/share/qt4/mkspecs/macx-g++ -I. -I. -I/opt/local/include/qwt -I/opt/local/include/paradiseo -I/opt/local/include/paradiseo/utils -I. -I.. -I../.. -I../Core -I../GUI -I../Vld -I../Core/Dymola -I../Core/FileData -I../Core/Infos -I../Core/Modelica -I../Core/OMC -I../Core/OpenModelica -I../Core/Problems -I../Core/Tools -I../Core/Units -I../GUI/Dialogs -I../GUI/Plots -I../GUI/Resources -I../GUI/Scene -I../GUI/Tabs -I../GUI/Tools -I../GUI/Views -I../GUI/Widgets -I../Core/Optim -I../Core/Optim/EA -I../Core/Optim/MILP -I../Core/Problems/BlockSubs -I../Core/Optim/EA/Checkpoints -I../Core/Optim/EA/Chromosome -I../Core/Optim/EA/Crossover -I../Core/Optim/EA/Evaluations -I../Core/Optim/EA/Init -I../Core/Optim/EA/Monitor -I../Core/Optim/EA/Mutations -I../Core/Optim/EA/NSGA2 -I../Core/Optim/EA/Results -I../Core/Optim/EA/SPEA2 -I../Core/Optim/EA/SPEA2Adaptative -I../Core/Optim/EA/SA1 -I../OMOptimBasis -I../OMOptimBasis/FileData -I../OMOptimBasis/GUI -I../OMOptimBasis/GUI/Tools -I../OMOptimBasis/GUI/Dialogs -I../OMOptimBasis/GUI/Widgets -I../OMOptimBasis/Infos -I../OMOptimBasis/Units -I../OMOptimBasis/Tools -I../OMOptimBasis/Problems -I/opt/local/include/QtSvg -I/opt/local/include/QtXml -I/opt/local/include/QtGui -I/opt/local/include/QtCore -I/opt/local/include -I. -o Dymola.o ../Core/Dymola/Dymola.cpp
:info:build /usr/bin/clang++ -c -pipe -O2  -Xarch_x86_64 -mmacosx-version-min=10.7 -w -DQT_NO_DEBUG -DQT_WEBKIT_LIB -DQT_SVG_LIB -DQT_XML_LIB -DQT_GUI_LIB -DQT_NETWORK_LIB -DQT_CORE_LIB -DQT_SHARED -I/opt/local/share/qt4/mkspecs/macx-g++ -I. -I../generatedfiles/moc -I/opt/local/include/qwt -I../../OMPlot/OMPlotGUI -I. -I/opt/local/include/QtWebKit -I/opt/local/include/QtSvg -I/opt/local/include/QtXml -I/opt/local/include/QtGui -I/opt/local/include/QtNetwork -I/opt/local/include/QtCore -I/opt/local/include -o IconParameters.o IconParameters.cpp
:info:build /usr/bin/clang++ -c -pipe -O2  -Xarch_x86_64 -mmacosx-version-min=10.7 -w -DQT_NO_DEBUG -DQT_WEBKIT_LIB -DQT_SVG_LIB -DQT_XML_LIB -DQT_GUI_LIB -DQT_NETWORK_LIB -DQT_CORE_LIB -DQT_SHARED -I/opt/local/share/qt4/mkspecs/macx-g++ -I. -I../generatedfiles/moc -I/opt/local/include/qwt -I../../OMPlot/OMPlotGUI -I. -I/opt/local/include/QtWebKit -I/opt/local/include/QtSvg -I/opt/local/include/QtXml -I/opt/local/include/QtGui -I/opt/local/include/QtNetwork -I/opt/local/include/QtCore -I/opt/local/include -o SimulationWidget.o SimulationWidget.cpp
:info:build /usr/bin/clang++ -c -pipe -O2  -Xarch_x86_64 -mmacosx-version-min=10.7 -w -fPIC -DQT_NO_DEBUG -DQT_SVG_LIB -DQT_XML_LIB -DQT_GUI_LIB -DQT_CORE_LIB -DQT_SHARED -I/opt/local/share/qt4/mkspecs/macx-g++ -I. -I. -I/opt/local/include/qwt -I/opt/local/include/paradiseo -I/opt/local/include/paradiseo/utils -I. -I.. -I../.. -I../Core -I../GUI -I../Vld -I../Core/Dymola -I../Core/FileData -I../Core/Infos -I../Core/Modelica -I../Core/OMC -I../Core/OpenModelica -I../Core/Problems -I../Core/Tools -I../Core/Units -I../GUI/Dialogs -I../GUI/Plots -I../GUI/Resources -I../GUI/Scene -I../GUI/Tabs -I../GUI/Tools -I../GUI/Views -I../GUI/Widgets -I../Core/Optim -I../Core/Optim/EA -I../Core/Optim/MILP -I../Core/Problems/BlockSubs -I../Core/Optim/EA/Checkpoints -I../Core/Optim/EA/Chromosome -I../Core/Optim/EA/Crossover -I../Core/Optim/EA/Evaluations -I../Core/Optim/EA/Init -I../Core/Optim/EA/Monitor -I../Core/Optim/EA/Mutations -I../Core/Optim/EA/NSGA2 -I../Core/Optim/EA/Results -I../Core/Optim/EA/SPEA2 -I../Core/Optim/EA/SPEA2Adaptative -I../Core/Optim/EA/SA1 -I../OMOptimBasis -I../OMOptimBasis/FileData -I../OMOptimBasis/GUI -I../OMOptimBasis/GUI/Tools -I../OMOptimBasis/GUI/Dialogs -I../OMOptimBasis/GUI/Widgets -I../OMOptimBasis/Infos -I../OMOptimBasis/Units -I../OMOptimBasis/Tools -I../OMOptimBasis/Problems -I/opt/local/include/QtSvg -I/opt/local/include/QtXml -I/opt/local/include/QtGui -I/opt/local/include/QtCore -I/opt/local/include -I. -o ModPlusDymolaCtrl.o ../Core/Dymola/ModPlusDymolaCtrl.cpp
:info:build In file included from ../Core/Dymola/ModPlusDymolaCtrl.cpp:44:
:info:build In file included from ../Core/Dymola/ModPlusDymolaCtrl.h:18:
:info:build In file included from ../Core/Modelica/ModPlusCtrl.h:47:
:info:build In file included from ../OMOptimBasis/MOVector.h:135:
:info:build ../OMOptimBasis/MOVector.cpp:139:12: error: incomplete type 'Variable' named in nested name specifier
:info:build     return ItemClass::nbFields;
:info:build            ^~~~~~~~~~~
:info:build ../OMOptimBasis/MOVector.cpp:475:9: note: in instantiation of member function 'MOVector<Variable>::columnCount' requested here
:info:build         removeRows(0,items.size());
:info:build         ^
:info:build ../Core/Dymola/ModPlusDymolaCtrl.cpp:116:21: note: in instantiation of member function 'MOVector<Variable>::clear' requested here
:info:build     finalVariables->clear();
:info:build                     ^
:info:build ../Core/Modelica/ModPlusCtrl.h:51:7: note: forward declaration of 'Variable'
:info:build class Variable;
:info:build       ^
:info:build In file included from ../Core/Dymola/ModPlusDymolaCtrl.cpp:44:
:info:build In file included from ../Core/Dymola/ModPlusDymolaCtrl.h:18:
:info:build In file included from ../Core/Modelica/ModPlusCtrl.h:47:
:info:build In file included from ../OMOptimBasis/MOVector.h:135:
:info:build ../OMOptimBasis/MOVector.cpp:139:21: error: incomplete definition of type 'Variable'
:info:build     return ItemClass::nbFields;
:info:build            ~~~~~~~~~^~
:info:build ../OMOptimBasis/MOVector.cpp:149:20: error: incomplete type 'Variable' named in nested name specifier
:info:build             return ItemClass::sFieldName(section,role);
:info:build                    ^~~~~~~~~~~
:info:build ../OMOptimBasis/MOVector.cpp:475:9: note: in instantiation of member function 'MOVector<Variable>::headerData' requested here
:info:build         removeRows(0,items.size());
:info:build         ^
:info:build ../Core/Dymola/ModPlusDymolaCtrl.cpp:116:21: note: in instantiation of member function 'MOVector<Variable>::clear' requested here
:info:build     finalVariables->clear();
:info:build                     ^
:info:build ../Core/Modelica/ModPlusCtrl.h:51:7: note: forward declaration of 'Variable'
:info:build class Variable;
:info:build       ^
:info:build In file included from ../Core/Dymola/ModPlusDymolaCtrl.cpp:44:
:info:build In file included from ../Core/Dymola/ModPlusDymolaCtrl.h:18:
:info:build In file included from ../Core/Modelica/ModPlusCtrl.h:47:
:info:build In file included from ../OMOptimBasis/MOVector.h:135:
:info:build ../OMOptimBasis/MOVector.cpp:149:29: error: incomplete definition of type 'Variable'
:info:build             return ItemClass::sFieldName(section,role);
:info:build                    ~~~~~~~~~^~
:info:build ../OMOptimBasis/MOVector.cpp:162:51: error: incomplete type 'Variable' named in nested name specifier
:info:build     if(index.row()<items.size() && index.column()<ItemClass::nbFields)
:info:build                                                   ^~~~~~~~~~~
:info:build ../OMOptimBasis/MOVector.cpp:475:9: note: in instantiation of member function 'MOVector<Variable>::data' requested here
:info:build         removeRows(0,items.size());
:info:build         ^
:info:build ../Core/Dymola/ModPlusDymolaCtrl.cpp:116:21: note: in instantiation of member function 'MOVector<Variable>::clear' requested here
:info:build     finalVariables->clear();
:info:build                     ^
:info:build ../Core/Modelica/ModPlusCtrl.h:51:7: note: forward declaration of 'Variable'
:info:build class Variable;
:info:build       ^
:info:build In file included from ../Core/Dymola/ModPlusDymolaCtrl.cpp:44:
:info:build In file included from ../Core/Dymola/ModPlusDymolaCtrl.h:18:
:info:build In file included from ../Core/Modelica/ModPlusCtrl.h:47:
:info:build In file included from ../OMOptimBasis/MOVector.h:135:
:info:build ../OMOptimBasis/MOVector.cpp:162:60: error: incomplete definition of type 'Variable'
:info:build     if(index.row()<items.size() && index.column()<ItemClass::nbFields)
:info:build                                                   ~~~~~~~~~^~
:info:build ../OMOptimBasis/MOVector.cpp:172:39: error: member access into incomplete type 'Variable'
:info:build         result = items.at(index.row())->getFieldValue(index.column(),role);
:info:build                                       ^
:info:build ../Core/Modelica/ModPlusCtrl.h:51:7: note: forward declaration of 'Variable'
:info:build class Variable;
:info:build       ^
:info:build In file included from ../Core/Dymola/ModPlusDymolaCtrl.cpp:44:
:info:build In file included from ../Core/Dymola/ModPlusDymolaCtrl.h:18:
:info:build In file included from ../Core/Modelica/ModPlusCtrl.h:47:
:info:build In file included from ../OMOptimBasis/MOVector.h:135:
:info:build ../OMOptimBasis/MOVector.cpp:176:23: error: member access into incomplete type 'Variable'
:info:build         return curItem->getStrToolTip();
:info:build                       ^
:info:build ../Core/Modelica/ModPlusCtrl.h:51:7: note: forward declaration of 'Variable'
:info:build class Variable;
:info:build       ^
:info:build In file included from ../Core/Dymola/ModPlusDymolaCtrl.cpp:44:
:info:build In file included from ../Core/Dymola/ModPlusDymolaCtrl.h:18:
:info:build In file included from ../Core/Modelica/ModPlusCtrl.h:47:
:info:build In file included from ../OMOptimBasis/MOVector.h:135:
:info:build ../OMOptimBasis/MOVector.cpp:190:29: error: member access into incomplete type 'Variable'
:info:build     if(items.at(index.row())->isEditableField(index.column()))
:info:build                             ^
:info:build ../OMOptimBasis/MOVector.cpp:475:9: note: in instantiation of member function 'MOVector<Variable>::flags' requested here
:info:build         removeRows(0,items.size());
:info:build         ^
:info:build ../Core/Dymola/ModPlusDymolaCtrl.cpp:116:21: note: in instantiation of member function 'MOVector<Variable>::clear' requested here
:info:build     finalVariables->clear();
:info:build                     ^
:info:build ../Core/Modelica/ModPlusCtrl.h:51:7: note: forward declaration of 'Variable'
:info:build class Variable;
:info:build       ^
:info:build In file included from ../Core/Dymola/ModPlusDymolaCtrl.cpp:44:
:info:build In file included from ../Core/Dymola/ModPlusDymolaCtrl.h:18:
:info:build In file included from ../Core/Modelica/ModPlusCtrl.h:47:
:info:build In file included from ../OMOptimBasis/MOVector.h:135:
:info:build ../OMOptimBasis/MOVector.cpp:199:30: error: member access into incomplete type 'Variable'
:info:build     return items[index.row()]->setFieldValue(index.column(),value);
:info:build                              ^
:info:build ../OMOptimBasis/MOVector.cpp:475:9: note: in instantiation of member function 'MOVector<Variable>::setData' requested here
:info:build         removeRows(0,items.size());
:info:build         ^
:info:build ../Core/Dymola/ModPlusDymolaCtrl.cpp:116:21: note: in instantiation of member function 'MOVector<Variable>::clear' requested here
:info:build     finalVariables->clear();
:info:build                     ^
:info:build ../Core/Modelica/ModPlusCtrl.h:51:7: note: forward declaration of 'Variable'
:info:build class Variable;
:info:build       ^
:info:build In file included from ../Core/Dymola/ModPlusDymolaCtrl.cpp:44:
:info:build In file included from ../Core/Dymola/ModPlusDymolaCtrl.h:18:
:info:build In file included from ../Core/Modelica/ModPlusCtrl.h:47:
:info:build In file included from ../OMOptimBasis/MOVector.h:135:
:info:build ../OMOptimBasis/MOVector.cpp:312:30: error: member access into incomplete type 'Variable'
:info:build         itemName2=items.at(i)->name();
:info:build                              ^
:info:build ../OMOptimBasis/MOVector.cpp:475:9: note: in instantiation of member function 'MOVector<Variable>::findItem' requested here
:info:build         removeRows(0,items.size());
:info:build         ^
:info:build ../Core/Dymola/ModPlusDymolaCtrl.cpp:116:21: note: in instantiation of member function 'MOVector<Variable>::clear' requested here
:info:build     finalVariables->clear();
:info:build                     ^
:info:build ../Core/Modelica/ModPlusCtrl.h:51:7: note: forward declaration of 'Variable'
:info:build class Variable;
:info:build       ^
:info:build In file included from ../Core/Dymola/ModPlusDymolaCtrl.cpp:44:
:info:build In file included from ../Core/Dymola/ModPlusDymolaCtrl.h:18:
:info:build In file included from ../Core/Modelica/ModPlusCtrl.h:47:
:info:build In file included from ../OMOptimBasis/MOVector.h:135:
:info:build ../OMOptimBasis/MOVector.cpp:491:22: error: incomplete type 'Variable' named in nested name specifier
:info:build     for(int iF=0; iF<ItemClass::nbFields; iF++)
:info:build                      ^~~~~~~~~~~
:info:build ../OMOptimBasis/MOVector.cpp:475:9: note: in instantiation of member function 'MOVector<Variable>::toSavingString' requested here
:info:build         removeRows(0,items.size());
:info:build         ^
:info:build ../Core/Dymola/ModPlusDymolaCtrl.cpp:116:21: note: in instantiation of member function 'MOVector<Variable>::clear' requested here
:info:build     finalVariables->clear();
:info:build                     ^
:info:build ../Core/Modelica/ModPlusCtrl.h:51:7: note: forward declaration of 'Variable'
:info:build class Variable;
:info:build       ^
:info:build In file included from ../Core/Dymola/ModPlusDymolaCtrl.cpp:44:
:info:build In file included from ../Core/Dymola/ModPlusDymolaCtrl.h:18:
:info:build In file included from ../Core/Modelica/ModPlusCtrl.h:47:
:info:build In file included from ../OMOptimBasis/MOVector.h:135:
:info:build ../OMOptimBasis/MOVector.cpp:491:31: error: incomplete definition of type 'Variable'
:info:build     for(int iF=0; iF<ItemClass::nbFields; iF++)
:info:build                      ~~~~~~~~~^~
:info:build ../OMOptimBasis/MOVector.cpp:498:34: error: member access into incomplete type 'Variable'
:info:build         saveString += items.at(i)->toSavingString();
:info:build                                  ^
:info:build ../Core/Modelica/ModPlusCtrl.h:51:7: note: forward declaration of 'Variable'
:info:build class Variable;
:info:build       ^
:info:build In file included from ../Core/Dymola/ModPlusDymolaCtrl.cpp:44:
:info:build In file included from ../Core/Dymola/ModPlusDymolaCtrl.h:18:
:info:build In file included from ../Core/Modelica/ModPlusCtrl.h:47:
:info:build In file included from ../OMOptimBasis/MOVector.h:135:
:info:build ../OMOptimBasis/MOVector.cpp:512:40: error: member access into incomplete type 'Variable'
:info:build         QDomElement cItem = items.at(i)->toXmlData(doc);
:info:build                                        ^
:info:build ../OMOptimBasis/MOVector.cpp:475:9: note: in instantiation of member function 'MOVector<Variable>::toXmlData' requested here
:info:build         removeRows(0,items.size());
:info:build         ^
:info:build ../Core/Dymola/ModPlusDymolaCtrl.cpp:116:21: note: in instantiation of member function 'MOVector<Variable>::clear' requested here
:info:build     finalVariables->clear();
:info:build                     ^
:info:build ../Core/Modelica/ModPlusCtrl.h:51:7: note: forward declaration of 'Variable'
:info:build class Variable;
:info:build       ^
:info:build In file included from ../Core/Dymola/ModPlusDymolaCtrl.cpp:44:
:info:build In file included from ../Core/Dymola/ModPlusDymolaCtrl.h:18:
:info:build In file included from ../Core/Modelica/ModPlusCtrl.h:47:
:info:build In file included from ../OMOptimBasis/MOVector.h:135:
:info:build ../OMOptimBasis/MOVector.cpp:120:27: error: allocation of incomplete type 'Variable'
:info:build             newItem = new ItemClass(domItem);
:info:build                           ^~~~~~~~~
:info:build ../OMOptimBasis/MOVector.cpp:59:5: note: in instantiation of member function 'MOVector<Variable>::setItems' requested here
:info:build     setItems(domList);
:info:build     ^
:info:build ../OMOptimBasis/MOVector.cpp:601:29: note: in instantiation of member function 'MOVector<Variable>::MOVector' requested here
:info:build         MOVector<ItemClass> dropedVector(el,false);
:info:build                             ^
:info:build ../OMOptimBasis/MOVector.cpp:475:9: note: in instantiation of member function 'MOVector<Variable>::dropMimeData' requested here
:info:build         removeRows(0,items.size());
:info:build         ^
:info:build ../Core/Dymola/ModPlusDymolaCtrl.cpp:116:21: note: in instantiation of member function 'MOVector<Variable>::clear' requested here
:info:build     finalVariables->clear();
:info:build                     ^
:info:build ../Core/Modelica/ModPlusCtrl.h:51:7: note: forward declaration of 'Variable'
:info:build class Variable;
:info:build       ^
:info:build 16 errors generated.
:info:build make[2]: *** [ModPlusDymolaCtrl.o] Error 1
:info:build make[2]: Leaving directory `/opt/local/var/macports/build/_opt_local_var_macports_sources_build.openmodelica.org_macports_lang_openmodelica-devel/openmodelica-devel/work/openmodelica_12369/OMOptim/build'
:info:build make[1]: *** [OMOptimLib] Error 2
:info:build make[1]: Leaving directory `/opt/local/var/macports/build/_opt_local_var_macports_sources_build.openmodelica.org_macports_lang_openmodelica-devel/openmodelica-devel/work/openmodelica_12369/OMOptim/build'
:info:build make: *** [omoptim] Error 2
:info:build make: *** Waiting for unfinished jobs....
:info:build /usr/bin/clang++ -c -pipe -O2  -Xarch_x86_64 -mmacosx-version-min=10.7 -w -DQT_NO_DEBUG -DQT_WEBKIT_LIB -DQT_SVG_LIB -DQT_XML_LIB -DQT_GUI_LIB -DQT_NETWORK_LIB -DQT_CORE_LIB -DQT_SHARED -I/opt/local/share/qt4/mkspecs/macx-g++ -I. -I../generatedfiles/moc -I/opt/local/include/qwt -I../../OMPlot/OMPlotGUI -I. -I/opt/local/include/QtWebKit -I/opt/local/include/QtSvg -I/opt/local/include/QtXml -I/opt/local/include/QtGui -I/opt/local/include/QtNetwork -I/opt/local/include/QtCore -I/opt/local/include -o IconProperties.o IconProperties.cpp
:info:build /usr/bin/clang++ -c -pipe -O2  -Xarch_x86_64 -mmacosx-version-min=10.7 -w -DQT_NO_DEBUG -DQT_WEBKIT_LIB -DQT_SVG_LIB -DQT_XML_LIB -DQT_GUI_LIB -DQT_NETWORK_LIB -DQT_CORE_LIB -DQT_SHARED -I/opt/local/share/qt4/mkspecs/macx-g++ -I. -I../generatedfiles/moc -I/opt/local/include/qwt -I../../OMPlot/OMPlotGUI -I. -I/opt/local/include/QtWebKit -I/opt/local/include/QtSvg -I/opt/local/include/QtXml -I/opt/local/include/QtGui -I/opt/local/include/QtNetwork -I/opt/local/include/QtCore -I/opt/local/include -o Component.o Component.cpp
:info:build /usr/bin/clang++ -c -pipe -O2  -Xarch_x86_64 -mmacosx-version-min=10.7 -w -DQT_NO_DEBUG -DQT_WEBKIT_LIB -DQT_SVG_LIB -DQT_XML_LIB -DQT_GUI_LIB -DQT_NETWORK_LIB -DQT_CORE_LIB -DQT_SHARED -I/opt/local/share/qt4/mkspecs/macx-g++ -I. -I../generatedfiles/moc -I/opt/local/include/qwt -I../../OMPlot/OMPlotGUI -I. -I/opt/local/include/QtWebKit -I/opt/local/include/QtSvg -I/opt/local/include/QtXml -I/opt/local/include/QtGui -I/opt/local/include/QtNetwork -I/opt/local/include/QtCore -I/opt/local/include -o Transformation.o Transformation.cpp
:info:build /usr/bin/clang++ -c -pipe -O2  -Xarch_x86_64 -mmacosx-version-min=10.7 -w -DQT_NO_DEBUG -DQT_WEBKIT_LIB -DQT_SVG_LIB -DQT_XML_LIB -DQT_GUI_LIB -DQT_NETWORK_LIB -DQT_CORE_LIB -DQT_SHARED -I/opt/local/share/qt4/mkspecs/macx-g++ -I. -I../generatedfiles/moc -I/opt/local/include/qwt -I../../OMPlot/OMPlotGUI -I. -I/opt/local/include/QtWebKit -I/opt/local/include/QtSvg -I/opt/local/include/QtXml -I/opt/local/include/QtGui -I/opt/local/include/QtNetwork -I/opt/local/include/QtCore -I/opt/local/include -o DocumentationWidget.o DocumentationWidget.cpp
:info:build /usr/bin/clang++ -c -pipe -O2  -Xarch_x86_64 -mmacosx-version-min=10.7 -w -DQT_NO_DEBUG -DQT_WEBKIT_LIB -DQT_SVG_LIB -DQT_XML_LIB -DQT_GUI_LIB -DQT_NETWORK_LIB -DQT_CORE_LIB -DQT_SHARED -I/opt/local/share/qt4/mkspecs/macx-g++ -I. -I../generatedfiles/moc -I/opt/local/include/qwt -I../../OMPlot/OMPlotGUI -I. -I/opt/local/include/QtWebKit -I/opt/local/include/QtSvg -I/opt/local/include/QtXml -I/opt/local/include/QtGui -I/opt/local/include/QtNetwork -I/opt/local/include/QtCore -I/opt/local/include -o OptionsWidget.o OptionsWidget.cpp
:info:build /usr/bin/clang++ -c -pipe -O2  -Xarch_x86_64 -mmacosx-version-min=10.7 -w -DQT_NO_DEBUG -DQT_WEBKIT_LIB -DQT_SVG_LIB -DQT_XML_LIB -DQT_GUI_LIB -DQT_NETWORK_LIB -DQT_CORE_LIB -DQT_SHARED -I/opt/local/share/qt4/mkspecs/macx-g++ -I. -I../generatedfiles/moc -I/opt/local/include/qwt -I../../OMPlot/OMPlotGUI -I. -I/opt/local/include/QtWebKit -I/opt/local/include/QtSvg -I/opt/local/include/QtXml -I/opt/local/include/QtGui -I/opt/local/include/QtNetwork -I/opt/local/include/QtCore -I/opt/local/include -o BitmapAnnotation.o BitmapAnnotation.cpp
:info:build /usr/bin/clang++ -c -pipe -O2  -Xarch_x86_64 -mmacosx-version-min=10.7 -w -DQT_NO_DEBUG -DQT_WEBKIT_LIB -DQT_SVG_LIB -DQT_XML_LIB -DQT_GUI_LIB -DQT_NETWORK_LIB -DQT_CORE_LIB -DQT_SHARED -I/opt/local/share/qt4/mkspecs/macx-g++ -I. -I../generatedfiles/moc -I/opt/local/include/qwt -I../../OMPlot/OMPlotGUI -I. -I/opt/local/include/QtWebKit -I/opt/local/include/QtSvg -I/opt/local/include/QtXml -I/opt/local/include/QtGui -I/opt/local/include/QtNetwork -I/opt/local/include/QtCore -I/opt/local/include -o InteractiveSimulationTabWidget.o InteractiveSimulationTabWidget.cpp
:info:build /usr/bin/clang++ -c -pipe -O2  -Xarch_x86_64 -mmacosx-version-min=10.7 -w -DQT_NO_DEBUG -DQT_WEBKIT_LIB -DQT_SVG_LIB -DQT_XML_LIB -DQT_GUI_LIB -DQT_NETWORK_LIB -DQT_CORE_LIB -DQT_SHARED -I/opt/local/share/qt4/mkspecs/macx-g++ -I. -I../generatedfiles/moc -I/opt/local/include/qwt -I../../OMPlot/OMPlotGUI -I. -I/opt/local/include/QtWebKit -I/opt/local/include/QtSvg -I/opt/local/include/QtXml -I/opt/local/include/QtGui -I/opt/local/include/QtNetwork -I/opt/local/include/QtCore -I/opt/local/include -o PlotWindowContainer.o PlotWindowContainer.cpp
:info:build /usr/bin/clang++ -c -pipe -O2  -Xarch_x86_64 -mmacosx-version-min=10.7 -w -DQT_NO_DEBUG -DQT_WEBKIT_LIB -DQT_SVG_LIB -DQT_XML_LIB -DQT_GUI_LIB -DQT_NETWORK_LIB -DQT_CORE_LIB -DQT_SHARED -I/opt/local/share/qt4/mkspecs/macx-g++ -I. -I../generatedfiles/moc -I/opt/local/include/qwt -I../../OMPlot/OMPlotGUI -I. -I/opt/local/include/QtWebKit -I/opt/local/include/QtSvg -I/opt/local/include/QtXml -I/opt/local/include/QtGui -I/opt/local/include/QtNetwork -I/opt/local/include/QtCore -I/opt/local/include -o FMIWidget.o FMIWidget.cpp
:info:build /opt/local/bin/moc -DQT_NO_DEBUG -DQT_WEBKIT_LIB -DQT_SVG_LIB -DQT_XML_LIB -DQT_GUI_LIB -DQT_NETWORK_LIB -DQT_CORE_LIB -DQT_SHARED -I/opt/local/share/qt4/mkspecs/macx-g++ -I. -I../generatedfiles/moc -I/opt/local/include/qwt -I../../OMPlot/OMPlotGUI -I. -I/opt/local/include/QtWebKit -I/opt/local/include/QtSvg -I/opt/local/include/QtXml -I/opt/local/include/QtGui -I/opt/local/include/QtNetwork -I/opt/local/include/QtCore -I/opt/local/include -D__APPLE__ -D__GNUC__ mainwindow.h -o ../generatedfiles/moc/moc_mainwindow.cpp
:info:build /opt/local/bin/moc -DQT_NO_DEBUG -DQT_WEBKIT_LIB -DQT_SVG_LIB -DQT_XML_LIB -DQT_GUI_LIB -DQT_NETWORK_LIB -DQT_CORE_LIB -DQT_SHARED -I/opt/local/share/qt4/mkspecs/macx-g++ -I. -I../generatedfiles/moc -I/opt/local/include/qwt -I../../OMPlot/OMPlotGUI -I. -I/opt/local/include/QtWebKit -I/opt/local/include/QtSvg -I/opt/local/include/QtXml -I/opt/local/include/QtGui -I/opt/local/include/QtNetwork -I/opt/local/include/QtCore -I/opt/local/include -D__APPLE__ -D__GNUC__ ProjectTabWidget.h -o ../generatedfiles/moc/moc_ProjectTabWidget.cpp
:info:build /opt/local/bin/moc -DQT_NO_DEBUG -DQT_WEBKIT_LIB -DQT_SVG_LIB -DQT_XML_LIB -DQT_GUI_LIB -DQT_NETWORK_LIB -DQT_CORE_LIB -DQT_SHARED -I/opt/local/share/qt4/mkspecs/macx-g++ -I. -I../generatedfiles/moc -I/opt/local/include/qwt -I../../OMPlot/OMPlotGUI -I. -I/opt/local/include/QtWebKit -I/opt/local/include/QtSvg -I/opt/local/include/QtXml -I/opt/local/include/QtGui -I/opt/local/include/QtNetwork -I/opt/local/include/QtCore -I/opt/local/include -D__APPLE__ -D__GNUC__ LibraryWidget.h -o ../generatedfiles/moc/moc_LibraryWidget.cpp
:info:build /opt/local/bin/moc -DQT_NO_DEBUG -DQT_WEBKIT_LIB -DQT_SVG_LIB -DQT_XML_LIB -DQT_GUI_LIB -DQT_NETWORK_LIB -DQT_CORE_LIB -DQT_SHARED -I/opt/local/share/qt4/mkspecs/macx-g++ -I. -I../generatedfiles/moc -I/opt/local/include/qwt -I../../OMPlot/OMPlotGUI -I. -I/opt/local/include/QtWebKit -I/opt/local/include/QtSvg -I/opt/local/include/QtXml -I/opt/local/include/QtGui -I/opt/local/include/QtNetwork -I/opt/local/include/QtCore -I/opt/local/include -D__APPLE__ -D__GNUC__ ProblemsWidget.h -o ../generatedfiles/moc/moc_ProblemsWidget.cpp
:info:build /opt/local/bin/moc -DQT_NO_DEBUG -DQT_WEBKIT_LIB -DQT_SVG_LIB -DQT_XML_LIB -DQT_GUI_LIB -DQT_NETWORK_LIB -DQT_CORE_LIB -DQT_SHARED -I/opt/local/share/qt4/mkspecs/macx-g++ -I. -I../generatedfiles/moc -I/opt/local/include/qwt -I../../OMPlot/OMPlotGUI -I. -I/opt/local/include/QtWebKit -I/opt/local/include/QtSvg -I/opt/local/include/QtXml -I/opt/local/include/QtGui -I/opt/local/include/QtNetwork -I/opt/local/include/QtCore -I/opt/local/include -D__APPLE__ -D__GNUC__ OMCProxy.h -o ../generatedfiles/moc/moc_OMCProxy.cpp
:info:build /opt/local/bin/moc -DQT_NO_DEBUG -DQT_WEBKIT_LIB -DQT_SVG_LIB -DQT_XML_LIB -DQT_GUI_LIB -DQT_NETWORK_LIB -DQT_CORE_LIB -DQT_SHARED -I/opt/local/share/qt4/mkspecs/macx-g++ -I. -I../generatedfiles/moc -I/opt/local/include/qwt -I../../OMPlot/OMPlotGUI -I. -I/opt/local/include/QtWebKit -I/opt/local/include/QtSvg -I/opt/local/include/QtXml -I/opt/local/include/QtGui -I/opt/local/include/QtNetwork -I/opt/local/include/QtCore -I/opt/local/include -D__APPLE__ -D__GNUC__ OMCThread.h -o ../generatedfiles/moc/moc_OMCThread.cpp
:info:build /opt/local/bin/moc -DQT_NO_DEBUG -DQT_WEBKIT_LIB -DQT_SVG_LIB -DQT_XML_LIB -DQT_GUI_LIB -DQT_NETWORK_LIB -DQT_CORE_LIB -DQT_SHARED -I/opt/local/share/qt4/mkspecs/macx-g++ -I. -I../generatedfiles/moc -I/opt/local/include/qwt -I../../OMPlot/OMPlotGUI -I. -I/opt/local/include/QtWebKit -I/opt/local/include/QtSvg -I/opt/local/include/QtXml -I/opt/local/include/QtGui -I/opt/local/include/QtNetwork -I/opt/local/include/QtCore -I/opt/local/include -D__APPLE__ -D__GNUC__ StringHandler.h -o ../generatedfiles/moc/moc_StringHandler.cpp
:info:build /opt/local/bin/moc -DQT_NO_DEBUG -DQT_WEBKIT_LIB -DQT_SVG_LIB -DQT_XML_LIB -DQT_GUI_LIB -DQT_NETWORK_LIB -DQT_CORE_LIB -DQT_SHARED -I/opt/local/share/qt4/mkspecs/macx-g++ -I. -I../generatedfiles/moc -I/opt/local/include/qwt -I../../OMPlot/OMPlotGUI -I. -I/opt/local/include/QtWebKit -I/opt/local/include/QtSvg -I/opt/local/include/QtXml -I/opt/local/include/QtGui -I/opt/local/include/QtNetwork -I/opt/local/include/QtCore -I/opt/local/include -D__APPLE__ -D__GNUC__ ModelWidget.h -o ../generatedfiles/moc/moc_ModelWidget.cpp
:info:build /opt/local/bin/moc -DQT_NO_DEBUG -DQT_WEBKIT_LIB -DQT_SVG_LIB -DQT_XML_LIB -DQT_GUI_LIB -DQT_NETWORK_LIB -DQT_CORE_LIB -DQT_SHARED -I/opt/local/share/qt4/mkspecs/macx-g++ -I. -I../generatedfiles/moc -I/opt/local/include/qwt -I../../OMPlot/OMPlotGUI -I. -I/opt/local/include/QtWebKit -I/opt/local/include/QtSvg -I/opt/local/include/QtXml -I/opt/local/include/QtGui -I/opt/local/include/QtNetwork -I/opt/local/include/QtCore -I/opt/local/include -D__APPLE__ -D__GNUC__ Helper.h -o ../generatedfiles/moc/moc_Helper.cpp
:info:build /opt/local/bin/moc -DQT_NO_DEBUG -DQT_WEBKIT_LIB -DQT_SVG_LIB -DQT_XML_LIB -DQT_GUI_LIB -DQT_NETWORK_LIB -DQT_CORE_LIB -DQT_SHARED -I/opt/local/share/qt4/mkspecs/macx-g++ -I. -I../generatedfiles/moc -I/opt/local/include/qwt -I../../OMPlot/OMPlotGUI -I. -I/opt/local/include/QtWebKit -I/opt/local/include/QtSvg -I/opt/local/include/QtXml -I/opt/local/include/QtGui -I/opt/local/include/QtNetwork -I/opt/local/include/QtCore -I/opt/local/include -D__APPLE__ -D__GNUC__ ShapeAnnotation.h -o ../generatedfiles/moc/moc_ShapeAnnotation.cpp
:info:build /opt/local/bin/moc -DQT_NO_DEBUG -DQT_WEBKIT_LIB -DQT_SVG_LIB -DQT_XML_LIB -DQT_GUI_LIB -DQT_NETWORK_LIB -DQT_CORE_LIB -DQT_SHARED -I/opt/local/share/qt4/mkspecs/macx-g++ -I. -I../generatedfiles/moc -I/opt/local/include/qwt -I../../OMPlot/OMPlotGUI -I. -I/opt/local/include/QtWebKit -I/opt/local/include/QtSvg -I/opt/local/include/QtXml -I/opt/local/include/QtGui -I/opt/local/include/QtNetwork -I/opt/local/include/QtCore -I/opt/local/include -D__APPLE__ -D__GNUC__ LineAnnotation.h -o ../generatedfiles/moc/moc_LineAnnotation.cpp
:info:build /opt/local/bin/moc -DQT_NO_DEBUG -DQT_WEBKIT_LIB -DQT_SVG_LIB -DQT_XML_LIB -DQT_GUI_LIB -DQT_NETWORK_LIB -DQT_CORE_LIB -DQT_SHARED -I/opt/local/share/qt4/mkspecs/macx-g++ -I. -I../generatedfiles/moc -I/opt/local/include/qwt -I../../OMPlot/OMPlotGUI -I. -I/opt/local/include/QtWebKit -I/opt/local/include/QtSvg -I/opt/local/include/QtXml -I/opt/local/include/QtGui -I/opt/local/include/QtNetwork -I/opt/local/include/QtCore -I/opt/local/include -D__APPLE__ -D__GNUC__ PolygonAnnotation.h -o ../generatedfiles/moc/moc_PolygonAnnotation.cpp
:info:build /opt/local/bin/moc -DQT_NO_DEBUG -DQT_WEBKIT_LIB -DQT_SVG_LIB -DQT_XML_LIB -DQT_GUI_LIB -DQT_NETWORK_LIB -DQT_CORE_LIB -DQT_SHARED -I/opt/local/share/qt4/mkspecs/macx-g++ -I. -I../generatedfiles/moc -I/opt/local/include/qwt -I../../OMPlot/OMPlotGUI -I. -I/opt/local/include/QtWebKit -I/opt/local/include/QtSvg -I/opt/local/include/QtXml -I/opt/local/include/QtGui -I/opt/local/include/QtNetwork -I/opt/local/include/QtCore -I/opt/local/include -D__APPLE__ -D__GNUC__ RectangleAnnotation.h -o ../generatedfiles/moc/moc_RectangleAnnotation.cpp
:info:build /opt/local/bin/moc -DQT_NO_DEBUG -DQT_WEBKIT_LIB -DQT_SVG_LIB -DQT_XML_LIB -DQT_GUI_LIB -DQT_NETWORK_LIB -DQT_CORE_LIB -DQT_SHARED -I/opt/local/share/qt4/mkspecs/macx-g++ -I. -I../generatedfiles/moc -I/opt/local/include/qwt -I../../OMPlot/OMPlotGUI -I. -I/opt/local/include/QtWebKit -I/opt/local/include/QtSvg -I/opt/local/include/QtXml -I/opt/local/include/QtGui -I/opt/local/include/QtNetwork -I/opt/local/include/QtCore -I/opt/local/include -D__APPLE__ -D__GNUC__ EllipseAnnotation.h -o ../generatedfiles/moc/moc_EllipseAnnotation.cpp
:info:build /opt/local/bin/moc -DQT_NO_DEBUG -DQT_WEBKIT_LIB -DQT_SVG_LIB -DQT_XML_LIB -DQT_GUI_LIB -DQT_NETWORK_LIB -DQT_CORE_LIB -DQT_SHARED -I/opt/local/share/qt4/mkspecs/macx-g++ -I. -I../generatedfiles/moc -I/opt/local/include/qwt -I../../OMPlot/OMPlotGUI -I. -I/opt/local/include/QtWebKit -I/opt/local/include/QtSvg -I/opt/local/include/QtXml -I/opt/local/include/QtGui -I/opt/local/include/QtNetwork -I/opt/local/include/QtCore -I/opt/local/include -D__APPLE__ -D__GNUC__ TextAnnotation.h -o ../generatedfiles/moc/moc_TextAnnotation.cpp
:info:build /opt/local/bin/moc -DQT_NO_DEBUG -DQT_WEBKIT_LIB -DQT_SVG_LIB -DQT_XML_LIB -DQT_GUI_LIB -DQT_NETWORK_LIB -DQT_CORE_LIB -DQT_SHARED -I/opt/local/share/qt4/mkspecs/macx-g++ -I. -I../generatedfiles/moc -I/opt/local/include/qwt -I../../OMPlot/OMPlotGUI -I. -I/opt/local/include/QtWebKit -I/opt/local/include/QtSvg -I/opt/local/include/QtXml -I/opt/local/include/QtGui -I/opt/local/include/QtNetwork -I/opt/local/include/QtCore -I/opt/local/include -D__APPLE__ -D__GNUC__ CornerItem.h -o ../generatedfiles/moc/moc_CornerItem.cpp
:info:build /opt/local/bin/moc -DQT_NO_DEBUG -DQT_WEBKIT_LIB -DQT_SVG_LIB -DQT_XML_LIB -DQT_GUI_LIB -DQT_NETWORK_LIB -DQT_CORE_LIB -DQT_SHARED -I/opt/local/share/qt4/mkspecs/macx-g++ -I. -I../generatedfiles/moc -I/opt/local/include/qwt -I../../OMPlot/OMPlotGUI -I. -I/opt/local/include/QtWebKit -I/opt/local/include/QtSvg -I/opt/local/include/QtXml -I/opt/local/include/QtGui -I/opt/local/include/QtNetwork -I/opt/local/include/QtCore -I/opt/local/include -D__APPLE__ -D__GNUC__ ConnectorWidget.h -o ../generatedfiles/moc/moc_ConnectorWidget.cpp
:info:build /opt/local/bin/moc -DQT_NO_DEBUG -DQT_WEBKIT_LIB -DQT_SVG_LIB -DQT_XML_LIB -DQT_GUI_LIB -DQT_NETWORK_LIB -DQT_CORE_LIB -DQT_SHARED -I/opt/local/share/qt4/mkspecs/macx-g++ -I. -I../generatedfiles/moc -I/opt/local/include/qwt -I../../OMPlot/OMPlotGUI -I. -I/opt/local/include/QtWebKit -I/opt/local/include/QtSvg -I/opt/local/include/QtXml -I/opt/local/include/QtGui -I/opt/local/include/QtNetwork -I/opt/local/include/QtCore -I/opt/local/include -D__APPLE__ -D__GNUC__ PlotWidget.h -o ../generatedfiles/moc/moc_PlotWidget.cpp
:info:build /opt/local/bin/moc -DQT_NO_DEBUG -DQT_WEBKIT_LIB -DQT_SVG_LIB -DQT_XML_LIB -DQT_GUI_LIB -DQT_NETWORK_LIB -DQT_CORE_LIB -DQT_SHARED -I/opt/local/share/qt4/mkspecs/macx-g++ -I. -I../generatedfiles/moc -I/opt/local/include/qwt -I../../OMPlot/OMPlotGUI -I. -I/opt/local/include/QtWebKit -I/opt/local/include/QtSvg -I/opt/local/include/QtXml -I/opt/local/include/QtGui -I/opt/local/include/QtNetwork -I/opt/local/include/QtCore -I/opt/local/include -D__APPLE__ -D__GNUC__ ModelicaEditor.h -o ../generatedfiles/moc/moc_ModelicaEditor.cpp
:info:build /opt/local/bin/moc -DQT_NO_DEBUG -DQT_WEBKIT_LIB -DQT_SVG_LIB -DQT_XML_LIB -DQT_GUI_LIB -DQT_NETWORK_LIB -DQT_CORE_LIB -DQT_SHARED -I/opt/local/share/qt4/mkspecs/macx-g++ -I. -I../generatedfiles/moc -I/opt/local/include/qwt -I../../OMPlot/OMPlotGUI -I. -I/opt/local/include/QtWebKit -I/opt/local/include/QtSvg -I/opt/local/include/QtXml -I/opt/local/include/QtGui -I/opt/local/include/QtNetwork -I/opt/local/include/QtCore -I/opt/local/include -D__APPLE__ -D__GNUC__ SimulationWidget.h -o ../generatedfiles/moc/moc_SimulationWidget.cpp
:info:build /opt/local/bin/moc -DQT_NO_DEBUG -DQT_WEBKIT_LIB -DQT_SVG_LIB -DQT_XML_LIB -DQT_GUI_LIB -DQT_NETWORK_LIB -DQT_CORE_LIB -DQT_SHARED -I/opt/local/share/qt4/mkspecs/macx-g++ -I. -I../generatedfiles/moc -I/opt/local/include/qwt -I../../OMPlot/OMPlotGUI -I. -I/opt/local/include/QtWebKit -I/opt/local/include/QtSvg -I/opt/local/include/QtXml -I/opt/local/include/QtGui -I/opt/local/include/QtNetwork -I/opt/local/include/QtCore -I/opt/local/include -D__APPLE__ -D__GNUC__ IconProperties.h -o ../generatedfiles/moc/moc_IconProperties.cpp
:info:build /opt/local/bin/moc -DQT_NO_DEBUG -DQT_WEBKIT_LIB -DQT_SVG_LIB -DQT_XML_LIB -DQT_GUI_LIB -DQT_NETWORK_LIB -DQT_CORE_LIB -DQT_SHARED -I/opt/local/share/qt4/mkspecs/macx-g++ -I. -I../generatedfiles/moc -I/opt/local/include/qwt -I../../OMPlot/OMPlotGUI -I. -I/opt/local/include/QtWebKit -I/opt/local/include/QtSvg -I/opt/local/include/QtXml -I/opt/local/include/QtGui -I/opt/local/include/QtNetwork -I/opt/local/include/QtCore -I/opt/local/include -D__APPLE__ -D__GNUC__ Component.h -o ../generatedfiles/moc/moc_Component.cpp
:info:build /opt/local/bin/moc -DQT_NO_DEBUG -DQT_WEBKIT_LIB -DQT_SVG_LIB -DQT_XML_LIB -DQT_GUI_LIB -DQT_NETWORK_LIB -DQT_CORE_LIB -DQT_SHARED -I/opt/local/share/qt4/mkspecs/macx-g++ -I. -I../generatedfiles/moc -I/opt/local/include/qwt -I../../OMPlot/OMPlotGUI -I. -I/opt/local/include/QtWebKit -I/opt/local/include/QtSvg -I/opt/local/include/QtXml -I/opt/local/include/QtGui -I/opt/local/include/QtNetwork -I/opt/local/include/QtCore -I/opt/local/include -D__APPLE__ -D__GNUC__ DocumentationWidget.h -o ../generatedfiles/moc/moc_DocumentationWidget.cpp
:info:build /opt/local/bin/moc -DQT_NO_DEBUG -DQT_WEBKIT_LIB -DQT_SVG_LIB -DQT_XML_LIB -DQT_GUI_LIB -DQT_NETWORK_LIB -DQT_CORE_LIB -DQT_SHARED -I/opt/local/share/qt4/mkspecs/macx-g++ -I. -I../generatedfiles/moc -I/opt/local/include/qwt -I../../OMPlot/OMPlotGUI -I. -I/opt/local/include/QtWebKit -I/opt/local/include/QtSvg -I/opt/local/include/QtXml -I/opt/local/include/QtGui -I/opt/local/include/QtNetwork -I/opt/local/include/QtCore -I/opt/local/include -D__APPLE__ -D__GNUC__ OptionsWidget.h -o ../generatedfiles/moc/moc_OptionsWidget.cpp
:info:build /opt/local/bin/moc -DQT_NO_DEBUG -DQT_WEBKIT_LIB -DQT_SVG_LIB -DQT_XML_LIB -DQT_GUI_LIB -DQT_NETWORK_LIB -DQT_CORE_LIB -DQT_SHARED -I/opt/local/share/qt4/mkspecs/macx-g++ -I. -I../generatedfiles/moc -I/opt/local/include/qwt -I../../OMPlot/OMPlotGUI -I. -I/opt/local/include/QtWebKit -I/opt/local/include/QtSvg -I/opt/local/include/QtXml -I/opt/local/include/QtGui -I/opt/local/include/QtNetwork -I/opt/local/include/QtCore -I/opt/local/include -D__APPLE__ -D__GNUC__ BitmapAnnotation.h -o ../generatedfiles/moc/moc_BitmapAnnotation.cpp
:info:build /opt/local/bin/moc -DQT_NO_DEBUG -DQT_WEBKIT_LIB -DQT_SVG_LIB -DQT_XML_LIB -DQT_GUI_LIB -DQT_NETWORK_LIB -DQT_CORE_LIB -DQT_SHARED -I/opt/local/share/qt4/mkspecs/macx-g++ -I. -I../generatedfiles/moc -I/opt/local/include/qwt -I../../OMPlot/OMPlotGUI -I. -I/opt/local/include/QtWebKit -I/opt/local/include/QtSvg -I/opt/local/include/QtXml -I/opt/local/include/QtGui -I/opt/local/include/QtNetwork -I/opt/local/include/QtCore -I/opt/local/include -D__APPLE__ -D__GNUC__ InteractiveSimulationTabWidget.h -o ../generatedfiles/moc/moc_InteractiveSimulationTabWidget.cpp
:info:build /opt/local/bin/moc -DQT_NO_DEBUG -DQT_WEBKIT_LIB -DQT_SVG_LIB -DQT_XML_LIB -DQT_GUI_LIB -DQT_NETWORK_LIB -DQT_CORE_LIB -DQT_SHARED -I/opt/local/share/qt4/mkspecs/macx-g++ -I. -I../generatedfiles/moc -I/opt/local/include/qwt -I../../OMPlot/OMPlotGUI -I. -I/opt/local/include/QtWebKit -I/opt/local/include/QtSvg -I/opt/local/include/QtXml -I/opt/local/include/QtGui -I/opt/local/include/QtNetwork -I/opt/local/include/QtCore -I/opt/local/include -D__APPLE__ -D__GNUC__ PlotWindowContainer.h -o ../generatedfiles/moc/moc_PlotWindowContainer.cpp
:info:build /opt/local/bin/moc -DQT_NO_DEBUG -DQT_WEBKIT_LIB -DQT_SVG_LIB -DQT_XML_LIB -DQT_GUI_LIB -DQT_NETWORK_LIB -DQT_CORE_LIB -DQT_SHARED -I/opt/local/share/qt4/mkspecs/macx-g++ -I. -I../generatedfiles/moc -I/opt/local/include/qwt -I../../OMPlot/OMPlotGUI -I. -I/opt/local/include/QtWebKit -I/opt/local/include/QtSvg -I/opt/local/include/QtXml -I/opt/local/include/QtGui -I/opt/local/include/QtNetwork -I/opt/local/include/QtCore -I/opt/local/include -D__APPLE__ -D__GNUC__ FMIWidget.h -o ../generatedfiles/moc/moc_FMIWidget.cpp
:info:build /opt/local/bin/rcc -name resource_omedit resource_omedit.qrc -o ../generatedfiles/rcc/qrc_resource_omedit.cpp
:info:build /usr/bin/clang++ -c -pipe -O2  -Xarch_x86_64 -mmacosx-version-min=10.7 -w -DQT_NO_DEBUG -DQT_WEBKIT_LIB -DQT_SVG_LIB -DQT_XML_LIB -DQT_GUI_LIB -DQT_NETWORK_LIB -DQT_CORE_LIB -DQT_SHARED -I/opt/local/share/qt4/mkspecs/macx-g++ -I. -I../generatedfiles/moc -I/opt/local/include/qwt -I../../OMPlot/OMPlotGUI -I. -I/opt/local/include/QtWebKit -I/opt/local/include/QtSvg -I/opt/local/include/QtXml -I/opt/local/include/QtGui -I/opt/local/include/QtNetwork -I/opt/local/include/QtCore -I/opt/local/include -o moc_mainwindow.o ../generatedfiles/moc/moc_mainwindow.cpp
:info:build /usr/bin/clang++ -c -pipe -O2  -Xarch_x86_64 -mmacosx-version-min=10.7 -w -DQT_NO_DEBUG -DQT_WEBKIT_LIB -DQT_SVG_LIB -DQT_XML_LIB -DQT_GUI_LIB -DQT_NETWORK_LIB -DQT_CORE_LIB -DQT_SHARED -I/opt/local/share/qt4/mkspecs/macx-g++ -I. -I../generatedfiles/moc -I/opt/local/include/qwt -I../../OMPlot/OMPlotGUI -I. -I/opt/local/include/QtWebKit -I/opt/local/include/QtSvg -I/opt/local/include/QtXml -I/opt/local/include/QtGui -I/opt/local/include/QtNetwork -I/opt/local/include/QtCore -I/opt/local/include -o moc_ProjectTabWidget.o ../generatedfiles/moc/moc_ProjectTabWidget.cpp
:info:build /usr/bin/clang++ -c -pipe -O2  -Xarch_x86_64 -mmacosx-version-min=10.7 -w -DQT_NO_DEBUG -DQT_WEBKIT_LIB -DQT_SVG_LIB -DQT_XML_LIB -DQT_GUI_LIB -DQT_NETWORK_LIB -DQT_CORE_LIB -DQT_SHARED -I/opt/local/share/qt4/mkspecs/macx-g++ -I. -I../generatedfiles/moc -I/opt/local/include/qwt -I../../OMPlot/OMPlotGUI -I. -I/opt/local/include/QtWebKit -I/opt/local/include/QtSvg -I/opt/local/include/QtXml -I/opt/local/include/QtGui -I/opt/local/include/QtNetwork -I/opt/local/include/QtCore -I/opt/local/include -o moc_LibraryWidget.o ../generatedfiles/moc/moc_LibraryWidget.cpp
:info:build /usr/bin/clang++ -c -pipe -O2  -Xarch_x86_64 -mmacosx-version-min=10.7 -w -DQT_NO_DEBUG -DQT_WEBKIT_LIB -DQT_SVG_LIB -DQT_XML_LIB -DQT_GUI_LIB -DQT_NETWORK_LIB -DQT_CORE_LIB -DQT_SHARED -I/opt/local/share/qt4/mkspecs/macx-g++ -I. -I../generatedfiles/moc -I/opt/local/include/qwt -I../../OMPlot/OMPlotGUI -I. -I/opt/local/include/QtWebKit -I/opt/local/include/QtSvg -I/opt/local/include/QtXml -I/opt/local/include/QtGui -I/opt/local/include/QtNetwork -I/opt/local/include/QtCore -I/opt/local/include -o moc_ProblemsWidget.o ../generatedfiles/moc/moc_ProblemsWidget.cpp
:info:build /usr/bin/clang++ -c -pipe -O2  -Xarch_x86_64 -mmacosx-version-min=10.7 -w -DQT_NO_DEBUG -DQT_WEBKIT_LIB -DQT_SVG_LIB -DQT_XML_LIB -DQT_GUI_LIB -DQT_NETWORK_LIB -DQT_CORE_LIB -DQT_SHARED -I/opt/local/share/qt4/mkspecs/macx-g++ -I. -I../generatedfiles/moc -I/opt/local/include/qwt -I../../OMPlot/OMPlotGUI -I. -I/opt/local/include/QtWebKit -I/opt/local/include/QtSvg -I/opt/local/include/QtXml -I/opt/local/include/QtGui -I/opt/local/include/QtNetwork -I/opt/local/include/QtCore -I/opt/local/include -o moc_OMCProxy.o ../generatedfiles/moc/moc_OMCProxy.cpp
:info:build /usr/bin/clang++ -c -pipe -O2  -Xarch_x86_64 -mmacosx-version-min=10.7 -w -DQT_NO_DEBUG -DQT_WEBKIT_LIB -DQT_SVG_LIB -DQT_XML_LIB -DQT_GUI_LIB -DQT_NETWORK_LIB -DQT_CORE_LIB -DQT_SHARED -I/opt/local/share/qt4/mkspecs/macx-g++ -I. -I../generatedfiles/moc -I/opt/local/include/qwt -I../../OMPlot/OMPlotGUI -I. -I/opt/local/include/QtWebKit -I/opt/local/include/QtSvg -I/opt/local/include/QtXml -I/opt/local/include/QtGui -I/opt/local/include/QtNetwork -I/opt/local/include/QtCore -I/opt/local/include -o moc_OMCThread.o ../generatedfiles/moc/moc_OMCThread.cpp
:info:build /usr/bin/clang++ -c -pipe -O2  -Xarch_x86_64 -mmacosx-version-min=10.7 -w -DQT_NO_DEBUG -DQT_WEBKIT_LIB -DQT_SVG_LIB -DQT_XML_LIB -DQT_GUI_LIB -DQT_NETWORK_LIB -DQT_CORE_LIB -DQT_SHARED -I/opt/local/share/qt4/mkspecs/macx-g++ -I. -I../generatedfiles/moc -I/opt/local/include/qwt -I../../OMPlot/OMPlotGUI -I. -I/opt/local/include/QtWebKit -I/opt/local/include/QtSvg -I/opt/local/include/QtXml -I/opt/local/include/QtGui -I/opt/local/include/QtNetwork -I/opt/local/include/QtCore -I/opt/local/include -o moc_StringHandler.o ../generatedfiles/moc/moc_StringHandler.cpp
:info:build /usr/bin/clang++ -c -pipe -O2  -Xarch_x86_64 -mmacosx-version-min=10.7 -w -DQT_NO_DEBUG -DQT_WEBKIT_LIB -DQT_SVG_LIB -DQT_XML_LIB -DQT_GUI_LIB -DQT_NETWORK_LIB -DQT_CORE_LIB -DQT_SHARED -I/opt/local/share/qt4/mkspecs/macx-g++ -I. -I../generatedfiles/moc -I/opt/local/include/qwt -I../../OMPlot/OMPlotGUI -I. -I/opt/local/include/QtWebKit -I/opt/local/include/QtSvg -I/opt/local/include/QtXml -I/opt/local/include/QtGui -I/opt/local/include/QtNetwork -I/opt/local/include/QtCore -I/opt/local/include -o moc_ModelWidget.o ../generatedfiles/moc/moc_ModelWidget.cpp
:info:build /usr/bin/clang++ -c -pipe -O2  -Xarch_x86_64 -mmacosx-version-min=10.7 -w -DQT_NO_DEBUG -DQT_WEBKIT_LIB -DQT_SVG_LIB -DQT_XML_LIB -DQT_GUI_LIB -DQT_NETWORK_LIB -DQT_CORE_LIB -DQT_SHARED -I/opt/local/share/qt4/mkspecs/macx-g++ -I. -I../generatedfiles/moc -I/opt/local/include/qwt -I../../OMPlot/OMPlotGUI -I. -I/opt/local/include/QtWebKit -I/opt/local/include/QtSvg -I/opt/local/include/QtXml -I/opt/local/include/QtGui -I/opt/local/include/QtNetwork -I/opt/local/include/QtCore -I/opt/local/include -o moc_Helper.o ../generatedfiles/moc/moc_Helper.cpp
:info:build /usr/bin/clang++ -c -pipe -O2  -Xarch_x86_64 -mmacosx-version-min=10.7 -w -DQT_NO_DEBUG -DQT_WEBKIT_LIB -DQT_SVG_LIB -DQT_XML_LIB -DQT_GUI_LIB -DQT_NETWORK_LIB -DQT_CORE_LIB -DQT_SHARED -I/opt/local/share/qt4/mkspecs/macx-g++ -I. -I../generatedfiles/moc -I/opt/local/include/qwt -I../../OMPlot/OMPlotGUI -I. -I/opt/local/include/QtWebKit -I/opt/local/include/QtSvg -I/opt/local/include/QtXml -I/opt/local/include/QtGui -I/opt/local/include/QtNetwork -I/opt/local/include/QtCore -I/opt/local/include -o moc_ShapeAnnotation.o ../generatedfiles/moc/moc_ShapeAnnotation.cpp
:info:build /usr/bin/clang++ -c -pipe -O2  -Xarch_x86_64 -mmacosx-version-min=10.7 -w -DQT_NO_DEBUG -DQT_WEBKIT_LIB -DQT_SVG_LIB -DQT_XML_LIB -DQT_GUI_LIB -DQT_NETWORK_LIB -DQT_CORE_LIB -DQT_SHARED -I/opt/local/share/qt4/mkspecs/macx-g++ -I. -I../generatedfiles/moc -I/opt/local/include/qwt -I../../OMPlot/OMPlotGUI -I. -I/opt/local/include/QtWebKit -I/opt/local/include/QtSvg -I/opt/local/include/QtXml -I/opt/local/include/QtGui -I/opt/local/include/QtNetwork -I/opt/local/include/QtCore -I/opt/local/include -o moc_LineAnnotation.o ../generatedfiles/moc/moc_LineAnnotation.cpp
:info:build /usr/bin/clang++ -c -pipe -O2  -Xarch_x86_64 -mmacosx-version-min=10.7 -w -DQT_NO_DEBUG -DQT_WEBKIT_LIB -DQT_SVG_LIB -DQT_XML_LIB -DQT_GUI_LIB -DQT_NETWORK_LIB -DQT_CORE_LIB -DQT_SHARED -I/opt/local/share/qt4/mkspecs/macx-g++ -I. -I../generatedfiles/moc -I/opt/local/include/qwt -I../../OMPlot/OMPlotGUI -I. -I/opt/local/include/QtWebKit -I/opt/local/include/QtSvg -I/opt/local/include/QtXml -I/opt/local/include/QtGui -I/opt/local/include/QtNetwork -I/opt/local/include/QtCore -I/opt/local/include -o moc_PolygonAnnotation.o ../generatedfiles/moc/moc_PolygonAnnotation.cpp
:info:build /usr/bin/clang++ -c -pipe -O2  -Xarch_x86_64 -mmacosx-version-min=10.7 -w -DQT_NO_DEBUG -DQT_WEBKIT_LIB -DQT_SVG_LIB -DQT_XML_LIB -DQT_GUI_LIB -DQT_NETWORK_LIB -DQT_CORE_LIB -DQT_SHARED -I/opt/local/share/qt4/mkspecs/macx-g++ -I. -I../generatedfiles/moc -I/opt/local/include/qwt -I../../OMPlot/OMPlotGUI -I. -I/opt/local/include/QtWebKit -I/opt/local/include/QtSvg -I/opt/local/include/QtXml -I/opt/local/include/QtGui -I/opt/local/include/QtNetwork -I/opt/local/include/QtCore -I/opt/local/include -o moc_RectangleAnnotation.o ../generatedfiles/moc/moc_RectangleAnnotation.cpp
:info:build /usr/bin/clang++ -c -pipe -O2  -Xarch_x86_64 -mmacosx-version-min=10.7 -w -DQT_NO_DEBUG -DQT_WEBKIT_LIB -DQT_SVG_LIB -DQT_XML_LIB -DQT_GUI_LIB -DQT_NETWORK_LIB -DQT_CORE_LIB -DQT_SHARED -I/opt/local/share/qt4/mkspecs/macx-g++ -I. -I../generatedfiles/moc -I/opt/local/include/qwt -I../../OMPlot/OMPlotGUI -I. -I/opt/local/include/QtWebKit -I/opt/local/include/QtSvg -I/opt/local/include/QtXml -I/opt/local/include/QtGui -I/opt/local/include/QtNetwork -I/opt/local/include/QtCore -I/opt/local/include -o moc_EllipseAnnotation.o ../generatedfiles/moc/moc_EllipseAnnotation.cpp
:info:build /usr/bin/clang++ -c -pipe -O2  -Xarch_x86_64 -mmacosx-version-min=10.7 -w -DQT_NO_DEBUG -DQT_WEBKIT_LIB -DQT_SVG_LIB -DQT_XML_LIB -DQT_GUI_LIB -DQT_NETWORK_LIB -DQT_CORE_LIB -DQT_SHARED -I/opt/local/share/qt4/mkspecs/macx-g++ -I. -I../generatedfiles/moc -I/opt/local/include/qwt -I../../OMPlot/OMPlotGUI -I. -I/opt/local/include/QtWebKit -I/opt/local/include/QtSvg -I/opt/local/include/QtXml -I/opt/local/include/QtGui -I/opt/local/include/QtNetwork -I/opt/local/include/QtCore -I/opt/local/include -o moc_TextAnnotation.o ../generatedfiles/moc/moc_TextAnnotation.cpp
:info:build /usr/bin/clang++ -c -pipe -O2  -Xarch_x86_64 -mmacosx-version-min=10.7 -w -DQT_NO_DEBUG -DQT_WEBKIT_LIB -DQT_SVG_LIB -DQT_XML_LIB -DQT_GUI_LIB -DQT_NETWORK_LIB -DQT_CORE_LIB -DQT_SHARED -I/opt/local/share/qt4/mkspecs/macx-g++ -I. -I../generatedfiles/moc -I/opt/local/include/qwt -I../../OMPlot/OMPlotGUI -I. -I/opt/local/include/QtWebKit -I/opt/local/include/QtSvg -I/opt/local/include/QtXml -I/opt/local/include/QtGui -I/opt/local/include/QtNetwork -I/opt/local/include/QtCore -I/opt/local/include -o moc_CornerItem.o ../generatedfiles/moc/moc_CornerItem.cpp
:info:build /usr/bin/clang++ -c -pipe -O2  -Xarch_x86_64 -mmacosx-version-min=10.7 -w -DQT_NO_DEBUG -DQT_WEBKIT_LIB -DQT_SVG_LIB -DQT_XML_LIB -DQT_GUI_LIB -DQT_NETWORK_LIB -DQT_CORE_LIB -DQT_SHARED -I/opt/local/share/qt4/mkspecs/macx-g++ -I. -I../generatedfiles/moc -I/opt/local/include/qwt -I../../OMPlot/OMPlotGUI -I. -I/opt/local/include/QtWebKit -I/opt/local/include/QtSvg -I/opt/local/include/QtXml -I/opt/local/include/QtGui -I/opt/local/include/QtNetwork -I/opt/local/include/QtCore -I/opt/local/include -o moc_ConnectorWidget.o ../generatedfiles/moc/moc_ConnectorWidget.cpp
:info:build /usr/bin/clang++ -c -pipe -O2  -Xarch_x86_64 -mmacosx-version-min=10.7 -w -DQT_NO_DEBUG -DQT_WEBKIT_LIB -DQT_SVG_LIB -DQT_XML_LIB -DQT_GUI_LIB -DQT_NETWORK_LIB -DQT_CORE_LIB -DQT_SHARED -I/opt/local/share/qt4/mkspecs/macx-g++ -I. -I../generatedfiles/moc -I/opt/local/include/qwt -I../../OMPlot/OMPlotGUI -I. -I/opt/local/include/QtWebKit -I/opt/local/include/QtSvg -I/opt/local/include/QtXml -I/opt/local/include/QtGui -I/opt/local/include/QtNetwork -I/opt/local/include/QtCore -I/opt/local/include -o moc_PlotWidget.o ../generatedfiles/moc/moc_PlotWidget.cpp
:info:build /usr/bin/clang++ -c -pipe -O2  -Xarch_x86_64 -mmacosx-version-min=10.7 -w -DQT_NO_DEBUG -DQT_WEBKIT_LIB -DQT_SVG_LIB -DQT_XML_LIB -DQT_GUI_LIB -DQT_NETWORK_LIB -DQT_CORE_LIB -DQT_SHARED -I/opt/local/share/qt4/mkspecs/macx-g++ -I. -I../generatedfiles/moc -I/opt/local/include/qwt -I../../OMPlot/OMPlotGUI -I. -I/opt/local/include/QtWebKit -I/opt/local/include/QtSvg -I/opt/local/include/QtXml -I/opt/local/include/QtGui -I/opt/local/include/QtNetwork -I/opt/local/include/QtCore -I/opt/local/include -o moc_ModelicaEditor.o ../generatedfiles/moc/moc_ModelicaEditor.cpp
:info:build /usr/bin/clang++ -c -pipe -O2  -Xarch_x86_64 -mmacosx-version-min=10.7 -w -DQT_NO_DEBUG -DQT_WEBKIT_LIB -DQT_SVG_LIB -DQT_XML_LIB -DQT_GUI_LIB -DQT_NETWORK_LIB -DQT_CORE_LIB -DQT_SHARED -I/opt/local/share/qt4/mkspecs/macx-g++ -I. -I../generatedfiles/moc -I/opt/local/include/qwt -I../../OMPlot/OMPlotGUI -I. -I/opt/local/include/QtWebKit -I/opt/local/include/QtSvg -I/opt/local/include/QtXml -I/opt/local/include/QtGui -I/opt/local/include/QtNetwork -I/opt/local/include/QtCore -I/opt/local/include -o moc_SimulationWidget.o ../generatedfiles/moc/moc_SimulationWidget.cpp
:info:build /usr/bin/clang++ -c -pipe -O2  -Xarch_x86_64 -mmacosx-version-min=10.7 -w -DQT_NO_DEBUG -DQT_WEBKIT_LIB -DQT_SVG_LIB -DQT_XML_LIB -DQT_GUI_LIB -DQT_NETWORK_LIB -DQT_CORE_LIB -DQT_SHARED -I/opt/local/share/qt4/mkspecs/macx-g++ -I. -I../generatedfiles/moc -I/opt/local/include/qwt -I../../OMPlot/OMPlotGUI -I. -I/opt/local/include/QtWebKit -I/opt/local/include/QtSvg -I/opt/local/include/QtXml -I/opt/local/include/QtGui -I/opt/local/include/QtNetwork -I/opt/local/include/QtCore -I/opt/local/include -o moc_IconProperties.o ../generatedfiles/moc/moc_IconProperties.cpp
:info:build /usr/bin/clang++ -c -pipe -O2  -Xarch_x86_64 -mmacosx-version-min=10.7 -w -DQT_NO_DEBUG -DQT_WEBKIT_LIB -DQT_SVG_LIB -DQT_XML_LIB -DQT_GUI_LIB -DQT_NETWORK_LIB -DQT_CORE_LIB -DQT_SHARED -I/opt/local/share/qt4/mkspecs/macx-g++ -I. -I../generatedfiles/moc -I/opt/local/include/qwt -I../../OMPlot/OMPlotGUI -I. -I/opt/local/include/QtWebKit -I/opt/local/include/QtSvg -I/opt/local/include/QtXml -I/opt/local/include/QtGui -I/opt/local/include/QtNetwork -I/opt/local/include/QtCore -I/opt/local/include -o moc_Component.o ../generatedfiles/moc/moc_Component.cpp
:info:build /usr/bin/clang++ -c -pipe -O2  -Xarch_x86_64 -mmacosx-version-min=10.7 -w -DQT_NO_DEBUG -DQT_WEBKIT_LIB -DQT_SVG_LIB -DQT_XML_LIB -DQT_GUI_LIB -DQT_NETWORK_LIB -DQT_CORE_LIB -DQT_SHARED -I/opt/local/share/qt4/mkspecs/macx-g++ -I. -I../generatedfiles/moc -I/opt/local/include/qwt -I../../OMPlot/OMPlotGUI -I. -I/opt/local/include/QtWebKit -I/opt/local/include/QtSvg -I/opt/local/include/QtXml -I/opt/local/include/QtGui -I/opt/local/include/QtNetwork -I/opt/local/include/QtCore -I/opt/local/include -o moc_DocumentationWidget.o ../generatedfiles/moc/moc_DocumentationWidget.cpp
:info:build /usr/bin/clang++ -c -pipe -O2  -Xarch_x86_64 -mmacosx-version-min=10.7 -w -DQT_NO_DEBUG -DQT_WEBKIT_LIB -DQT_SVG_LIB -DQT_XML_LIB -DQT_GUI_LIB -DQT_NETWORK_LIB -DQT_CORE_LIB -DQT_SHARED -I/opt/local/share/qt4/mkspecs/macx-g++ -I. -I../generatedfiles/moc -I/opt/local/include/qwt -I../../OMPlot/OMPlotGUI -I. -I/opt/local/include/QtWebKit -I/opt/local/include/QtSvg -I/opt/local/include/QtXml -I/opt/local/include/QtGui -I/opt/local/include/QtNetwork -I/opt/local/include/QtCore -I/opt/local/include -o moc_OptionsWidget.o ../generatedfiles/moc/moc_OptionsWidget.cpp
:info:build /usr/bin/clang++ -c -pipe -O2  -Xarch_x86_64 -mmacosx-version-min=10.7 -w -DQT_NO_DEBUG -DQT_WEBKIT_LIB -DQT_SVG_LIB -DQT_XML_LIB -DQT_GUI_LIB -DQT_NETWORK_LIB -DQT_CORE_LIB -DQT_SHARED -I/opt/local/share/qt4/mkspecs/macx-g++ -I. -I../generatedfiles/moc -I/opt/local/include/qwt -I../../OMPlot/OMPlotGUI -I. -I/opt/local/include/QtWebKit -I/opt/local/include/QtSvg -I/opt/local/include/QtXml -I/opt/local/include/QtGui -I/opt/local/include/QtNetwork -I/opt/local/include/QtCore -I/opt/local/include -o moc_BitmapAnnotation.o ../generatedfiles/moc/moc_BitmapAnnotation.cpp
:info:build /usr/bin/clang++ -c -pipe -O2  -Xarch_x86_64 -mmacosx-version-min=10.7 -w -DQT_NO_DEBUG -DQT_WEBKIT_LIB -DQT_SVG_LIB -DQT_XML_LIB -DQT_GUI_LIB -DQT_NETWORK_LIB -DQT_CORE_LIB -DQT_SHARED -I/opt/local/share/qt4/mkspecs/macx-g++ -I. -I../generatedfiles/moc -I/opt/local/include/qwt -I../../OMPlot/OMPlotGUI -I. -I/opt/local/include/QtWebKit -I/opt/local/include/QtSvg -I/opt/local/include/QtXml -I/opt/local/include/QtGui -I/opt/local/include/QtNetwork -I/opt/local/include/QtCore -I/opt/local/include -o moc_InteractiveSimulationTabWidget.o ../generatedfiles/moc/moc_InteractiveSimulationTabWidget.cpp
:info:build /usr/bin/clang++ -c -pipe -O2  -Xarch_x86_64 -mmacosx-version-min=10.7 -w -DQT_NO_DEBUG -DQT_WEBKIT_LIB -DQT_SVG_LIB -DQT_XML_LIB -DQT_GUI_LIB -DQT_NETWORK_LIB -DQT_CORE_LIB -DQT_SHARED -I/opt/local/share/qt4/mkspecs/macx-g++ -I. -I../generatedfiles/moc -I/opt/local/include/qwt -I../../OMPlot/OMPlotGUI -I. -I/opt/local/include/QtWebKit -I/opt/local/include/QtSvg -I/opt/local/include/QtXml -I/opt/local/include/QtGui -I/opt/local/include/QtNetwork -I/opt/local/include/QtCore -I/opt/local/include -o moc_PlotWindowContainer.o ../generatedfiles/moc/moc_PlotWindowContainer.cpp
:info:build /usr/bin/clang++ -c -pipe -O2  -Xarch_x86_64 -mmacosx-version-min=10.7 -w -DQT_NO_DEBUG -DQT_WEBKIT_LIB -DQT_SVG_LIB -DQT_XML_LIB -DQT_GUI_LIB -DQT_NETWORK_LIB -DQT_CORE_LIB -DQT_SHARED -I/opt/local/share/qt4/mkspecs/macx-g++ -I. -I../generatedfiles/moc -I/opt/local/include/qwt -I../../OMPlot/OMPlotGUI -I. -I/opt/local/include/QtWebKit -I/opt/local/include/QtSvg -I/opt/local/include/QtXml -I/opt/local/include/QtGui -I/opt/local/include/QtNetwork -I/opt/local/include/QtCore -I/opt/local/include -o moc_FMIWidget.o ../generatedfiles/moc/moc_FMIWidget.cpp
:info:build /usr/bin/clang++ -c -pipe -O2  -Xarch_x86_64 -mmacosx-version-min=10.7 -w -DQT_NO_DEBUG -DQT_WEBKIT_LIB -DQT_SVG_LIB -DQT_XML_LIB -DQT_GUI_LIB -DQT_NETWORK_LIB -DQT_CORE_LIB -DQT_SHARED -I/opt/local/share/qt4/mkspecs/macx-g++ -I. -I../generatedfiles/moc -I/opt/local/include/qwt -I../../OMPlot/OMPlotGUI -I. -I/opt/local/include/QtWebKit -I/opt/local/include/QtSvg -I/opt/local/include/QtXml -I/opt/local/include/QtGui -I/opt/local/include/QtNetwork -I/opt/local/include/QtCore -I/opt/local/include -o qrc_resource_omedit.o ../generatedfiles/rcc/qrc_resource_omedit.cpp
:info:build /usr/bin/clang++ -headerpad_max_install_names   -Xarch_x86_64 -mmacosx-version-min=10.7 -o ../bin/OMEdit.app/Contents/MacOS/OMEdit main.o mainwindow.o ProjectTabWidget.o LibraryWidget.o ProblemsWidget.o omc_communication.o OMCProxy.o OMCThread.o StringHandler.o ModelWidget.o Helper.o SplashScreen.o ShapeAnnotation.o LineAnnotation.o PolygonAnnotation.o RectangleAnnotation.o EllipseAnnotation.o TextAnnotation.o ComponentsProperties.o CornerItem.o ConnectorWidget.o PlotWidget.o ModelicaEditor.o IconParameters.o SimulationWidget.o IconProperties.o Component.o Transformation.o DocumentationWidget.o OptionsWidget.o BitmapAnnotation.o InteractiveSimulationTabWidget.o PlotWindowContainer.o FMIWidget.o moc_mainwindow.o moc_ProjectTabWidget.o moc_LibraryWidget.o moc_ProblemsWidget.o moc_OMCProxy.o moc_OMCThread.o moc_StringHandler.o moc_ModelWidget.o moc_Helper.o moc_ShapeAnnotation.o moc_LineAnnotation.o moc_PolygonAnnotation.o moc_RectangleAnnotation.o moc_EllipseAnnotation.o moc_TextAnnotation.o moc_CornerItem.o moc_ConnectorWidget.o moc_PlotWidget.o moc_ModelicaEditor.o moc_SimulationWidget.o moc_IconProperties.o moc_Component.o moc_DocumentationWidget.o moc_OptionsWidget.o moc_BitmapAnnotation.o moc_InteractiveSimulationTabWidget.o moc_PlotWindowContainer.o moc_FMIWidget.o qrc_resource_omedit.o     /opt/local/lib/libomniORB4.a /opt/local/lib/libomnithread.a -lpthread -lqwt -L../../OMPlot/bin/ -lOMPlot -L/opt/local/lib -lQtWebKit -lQtSvg -lQtXml -lQtGui -lQtNetwork -lQtCore 
:info:build make[2]: Leaving directory `/opt/local/var/macports/build/_opt_local_var_macports_sources_build.openmodelica.org_macports_lang_openmodelica-devel/openmodelica-devel/work/openmodelica_12369/OMEdit/OMEditGUI'
:info:build /usr/bin/make -f Makefile
:info:build make[2]: Entering directory `/opt/local/var/macports/build/_opt_local_var_macports_sources_build.openmodelica.org_macports_lang_openmodelica-devel/openmodelica-devel/work/openmodelica_12369/OMEdit/OMEditGUI'
:info:build make[2]: Nothing to be done for `first'.
:info:build make[2]: Leaving directory `/opt/local/var/macports/build/_opt_local_var_macports_sources_build.openmodelica.org_macports_lang_openmodelica-devel/openmodelica-devel/work/openmodelica_12369/OMEdit/OMEditGUI'
:info:build mkdir -p ../../build/share/doc/omedit/
:info:build cp -p ../../doc/OMEdit/*.pdf ../../build/share/doc/omedit/
:info:build mkdir -p ../../build/share/omedit/nls/
:info:build cp -p ./Resources/nls//*.qm ../../build/share/omedit/nls/
:info:build if [ ".app" = ".app" ]; then cp -rp ../bin/OMEdit.app ../../build/Applications/ ; else cp -p ../bin/OMEdit ../../build/bin/OMEdit; fi
:info:build make[1]: Leaving directory `/opt/local/var/macports/build/_opt_local_var_macports_sources_build.openmodelica.org_macports_lang_openmodelica-devel/openmodelica-devel/work/openmodelica_12369/OMEdit/OMEditGUI'
:info:build make: Leaving directory `/opt/local/var/macports/build/_opt_local_var_macports_sources_build.openmodelica.org_macports_lang_openmodelica-devel/openmodelica-devel/work/openmodelica_12369'
:info:build Command failed:  cd "/opt/local/var/macports/build/_opt_local_var_macports_sources_build.openmodelica.org_macports_lang_openmodelica-devel/openmodelica-devel/work/openmodelica_12369" && /usr/bin/make -j2 -w all omlibrary 
:info:build Exit code: 2
:error:build org.macports.build for port openmodelica-devel returned: command execution failed
:debug:build Error code: CHILDSTATUS 4690 2
:debug:build Backtrace: command execution failed
    while executing
"system -nice 0 $fullcmdstring"
    ("eval" body line 1)
    invoked from within
"eval system $notty $nice \$fullcmdstring"
    invoked from within
"command_exec build"
    (procedure "portbuild::build_main" line 8)
    invoked from within
"$procedure $targetname"
:info:build Warning: targets not executed for openmodelica-devel: org.macports.install org.macports.build org.macports.destroot
:notice:build Please see the log file for port openmodelica-devel for details:
    /opt/local/var/macports/logs/_opt_local_var_macports_sources_build.openmodelica.org_macports_lang_openmodelica-devel/openmodelica-devel/main.log
