16941 execve("/etc/alternatives/java_sdk/bin/java", ["java", "-classpath", ".:jna.jar", "OmcFmuExitBug"], [/* 45 vars */]) = 0
16941 brk(0)                            = 0xc75000
16941 mmap(NULL, 4096, PROT_READ|PROT_WRITE, MAP_PRIVATE|MAP_ANONYMOUS, -1, 0) = 0x7f0e77a4b000
16941 readlink("/proc/self/exe", "/usr/lib/jvm/jdk1.7.0_25/bin/java", 4096) = 33
16941 access("/etc/ld.so.preload", R_OK) = -1 ENOENT (No such file or directory)
16941 open("/usr/lib/jvm/jdk1.7.0_25/bin/../lib/amd64/jli/tls/x86_64/libpthread.so.0", O_RDONLY) = -1 ENOENT (No such file or directory)
16941 stat("/usr/lib/jvm/jdk1.7.0_25/bin/../lib/amd64/jli/tls/x86_64", 0x7fffdee395b0) = -1 ENOENT (No such file or directory)
16941 open("/usr/lib/jvm/jdk1.7.0_25/bin/../lib/amd64/jli/tls/libpthread.so.0", O_RDONLY) = -1 ENOENT (No such file or directory)
16941 stat("/usr/lib/jvm/jdk1.7.0_25/bin/../lib/amd64/jli/tls", 0x7fffdee395b0) = -1 ENOENT (No such file or directory)
16941 open("/usr/lib/jvm/jdk1.7.0_25/bin/../lib/amd64/jli/x86_64/libpthread.so.0", O_RDONLY) = -1 ENOENT (No such file or directory)
16941 stat("/usr/lib/jvm/jdk1.7.0_25/bin/../lib/amd64/jli/x86_64", 0x7fffdee395b0) = -1 ENOENT (No such file or directory)
16941 open("/usr/lib/jvm/jdk1.7.0_25/bin/../lib/amd64/jli/libpthread.so.0", O_RDONLY) = -1 ENOENT (No such file or directory)
16941 stat("/usr/lib/jvm/jdk1.7.0_25/bin/../lib/amd64/jli", 0x7fffdee395b0) = -1 ENOENT (No such file or directory)
16941 open("/usr/lib/jvm/jdk1.7.0_25/bin/../jre/lib/amd64/jli/tls/x86_64/libpthread.so.0", O_RDONLY) = -1 ENOENT (No such file or directory)
16941 stat("/usr/lib/jvm/jdk1.7.0_25/bin/../jre/lib/amd64/jli/tls/x86_64", 0x7fffdee395b0) = -1 ENOENT (No such file or directory)
16941 open("/usr/lib/jvm/jdk1.7.0_25/bin/../jre/lib/amd64/jli/tls/libpthread.so.0", O_RDONLY) = -1 ENOENT (No such file or directory)
16941 stat("/usr/lib/jvm/jdk1.7.0_25/bin/../jre/lib/amd64/jli/tls", 0x7fffdee395b0) = -1 ENOENT (No such file or directory)
16941 open("/usr/lib/jvm/jdk1.7.0_25/bin/../jre/lib/amd64/jli/x86_64/libpthread.so.0", O_RDONLY) = -1 ENOENT (No such file or directory)
16941 stat("/usr/lib/jvm/jdk1.7.0_25/bin/../jre/lib/amd64/jli/x86_64", 0x7fffdee395b0) = -1 ENOENT (No such file or directory)
16941 open("/usr/lib/jvm/jdk1.7.0_25/bin/../jre/lib/amd64/jli/libpthread.so.0", O_RDONLY) = -1 ENOENT (No such file or directory)
16941 stat("/usr/lib/jvm/jdk1.7.0_25/bin/../jre/lib/amd64/jli", {st_mode=S_IFDIR|0755, st_size=4096, ...}) = 0
16941 open("/usr/local/lib/tls/x86_64/libpthread.so.0", O_RDONLY) = -1 ENOENT (No such file or directory)
16941 stat("/usr/local/lib/tls/x86_64", 0x7fffdee395b0) = -1 ENOENT (No such file or directory)
16941 open("/usr/local/lib/tls/libpthread.so.0", O_RDONLY) = -1 ENOENT (No such file or directory)
16941 stat("/usr/local/lib/tls", 0x7fffdee395b0) = -1 ENOENT (No such file or directory)
16941 open("/usr/local/lib/x86_64/libpthread.so.0", O_RDONLY) = -1 ENOENT (No such file or directory)
16941 stat("/usr/local/lib/x86_64", 0x7fffdee395b0) = -1 ENOENT (No such file or directory)
16941 open("/usr/local/lib/libpthread.so.0", O_RDONLY) = -1 ENOENT (No such file or directory)
16941 stat("/usr/local/lib", {st_mode=S_IFDIR|0755, st_size=12288, ...}) = 0
16941 open("tls/x86_64/libpthread.so.0", O_RDONLY) = -1 ENOENT (No such file or directory)
16941 open("tls/libpthread.so.0", O_RDONLY) = -1 ENOENT (No such file or directory)
16941 open("x86_64/libpthread.so.0", O_RDONLY) = -1 ENOENT (No such file or directory)
16941 open("libpthread.so.0", O_RDONLY) = -1 ENOENT (No such file or directory)
16941 open("/opt/dymola/bin/lib/tls/x86_64/libpthread.so.0", O_RDONLY) = -1 ENOENT (No such file or directory)
16941 stat("/opt/dymola/bin/lib/tls/x86_64", 0x7fffdee395b0) = -1 ENOENT (No such file or directory)
16941 open("/opt/dymola/bin/lib/tls/libpthread.so.0", O_RDONLY) = -1 ENOENT (No such file or directory)
16941 stat("/opt/dymola/bin/lib/tls", 0x7fffdee395b0) = -1 ENOENT (No such file or directory)
16941 open("/opt/dymola/bin/lib/x86_64/libpthread.so.0", O_RDONLY) = -1 ENOENT (No such file or directory)
16941 stat("/opt/dymola/bin/lib/x86_64", 0x7fffdee395b0) = -1 ENOENT (No such file or directory)
16941 open("/opt/dymola/bin/lib/libpthread.so.0", O_RDONLY) = -1 ENOENT (No such file or directory)
16941 stat("/opt/dymola/bin/lib", {st_mode=S_IFDIR|0755, st_size=4096, ...}) = 0
16941 open("/home/cxh/src/ptII/lib/tls/x86_64/libpthread.so.0", O_RDONLY) = -1 ENOENT (No such file or directory)
16941 stat("/home/cxh/src/ptII/lib/tls/x86_64", 0x7fffdee395b0) = -1 ENOENT (No such file or directory)
16941 open("/home/cxh/src/ptII/lib/tls/libpthread.so.0", O_RDONLY) = -1 ENOENT (No such file or directory)
16941 stat("/home/cxh/src/ptII/lib/tls", 0x7fffdee395b0) = -1 ENOENT (No such file or directory)
16941 open("/home/cxh/src/ptII/lib/x86_64/libpthread.so.0", O_RDONLY) = -1 ENOENT (No such file or directory)
16941 stat("/home/cxh/src/ptII/lib/x86_64", 0x7fffdee395b0) = -1 ENOENT (No such file or directory)
16941 open("/home/cxh/src/ptII/lib/libpthread.so.0", O_RDONLY) = -1 ENOENT (No such file or directory)
16941 stat("/home/cxh/src/ptII/lib", {st_mode=S_IFDIR|0755, st_size=4096, ...}) = 0
16941 open("/etc/ld.so.cache", O_RDONLY) = 4
16941 fstat(4, {st_mode=S_IFREG|0644, st_size=119647, ...}) = 0
16941 mmap(NULL, 119647, PROT_READ, MAP_PRIVATE, 4, 0) = 0x7f0e77a2d000
16941 close(4)                          = 0
16941 open("/lib64/libpthread.so.0", O_RDONLY) = 4
16941 read(4, "\177ELF\2\1\1\0\0\0\0\0\0\0\0\0\3\0>\0\1\0\0\0`\\\0c>\0\0\0"..., 832) = 832
16941 fstat(4, {st_mode=S_IFREG|0755, st_size=145720, ...}) = 0
16941 mmap(0x3e63000000, 2212768, PROT_READ|PROT_EXEC, MAP_PRIVATE|MAP_DENYWRITE, 4, 0) = 0x3e63000000
16941 mprotect(0x3e63017000, 2097152, PROT_NONE) = 0
16941 mmap(0x3e63217000, 8192, PROT_READ|PROT_WRITE, MAP_PRIVATE|MAP_FIXED|MAP_DENYWRITE, 4, 0x17000) = 0x3e63217000
16941 mmap(0x3e63219000, 13216, PROT_READ|PROT_WRITE, MAP_PRIVATE|MAP_FIXED|MAP_ANONYMOUS, -1, 0) = 0x3e63219000
16941 close(4)                          = 0
16941 open("/usr/lib/jvm/jdk1.7.0_25/bin/../jre/lib/amd64/jli/libjli.so", O_RDONLY) = 4
16941 read(4, "\177ELF\2\1\1\0\0\0\0\0\0\0\0\0\3\0>\0\1\0\0\0\0#@c>\0\0\0"..., 832) = 832
16941 fstat(4, {st_mode=S_IFREG|0755, st_size=108368, ...}) = 0
16941 mmap(NULL, 4096, PROT_READ|PROT_WRITE, MAP_PRIVATE|MAP_ANONYMOUS, -1, 0) = 0x7f0e77a2c000
16941 mmap(0x3e63400000, 2188968, PROT_READ|PROT_EXEC, MAP_PRIVATE|MAP_DENYWRITE, 4, 0) = 0x3e63400000
16941 mprotect(0x3e63416000, 2097152, PROT_NONE) = 0
16941 mmap(0x3e63616000, 4096, PROT_READ|PROT_WRITE, MAP_PRIVATE|MAP_FIXED|MAP_DENYWRITE, 4, 0x16000) = 0x3e63616000
16941 close(4)                          = 0
16941 open("/usr/lib/jvm/jdk1.7.0_25/bin/../jre/lib/amd64/jli/libdl.so.2", O_RDONLY) = -1 ENOENT (No such file or directory)
16941 open("/usr/local/lib/libdl.so.2", O_RDONLY) = -1 ENOENT (No such file or directory)
16941 open("tls/x86_64/libdl.so.2", O_RDONLY) = -1 ENOENT (No such file or directory)
16941 open("tls/libdl.so.2", O_RDONLY)  = -1 ENOENT (No such file or directory)
16941 open("x86_64/libdl.so.2", O_RDONLY) = -1 ENOENT (No such file or directory)
16941 open("libdl.so.2", O_RDONLY)      = -1 ENOENT (No such file or directory)
16941 open("/opt/dymola/bin/lib/libdl.so.2", O_RDONLY) = -1 ENOENT (No such file or directory)
16941 open("/home/cxh/src/ptII/lib/libdl.so.2", O_RDONLY) = -1 ENOENT (No such file or directory)
16941 open("/lib64/libdl.so.2", O_RDONLY) = 4
16941 read(4, "\177ELF\2\1\1\0\0\0\0\0\0\0\0\0\3\0>\0\1\0\0\0\340\r\300b>\0\0\0"..., 832) = 832
16941 fstat(4, {st_mode=S_IFREG|0755, st_size=22536, ...}) = 0
16941 mmap(0x3e62c00000, 2109696, PROT_READ|PROT_EXEC, MAP_PRIVATE|MAP_DENYWRITE, 4, 0) = 0x3e62c00000
16941 mprotect(0x3e62c02000, 2097152, PROT_NONE) = 0
16941 mmap(0x3e62e02000, 8192, PROT_READ|PROT_WRITE, MAP_PRIVATE|MAP_FIXED|MAP_DENYWRITE, 4, 0x2000) = 0x3e62e02000
16941 close(4)                          = 0
16941 open("/usr/lib/jvm/jdk1.7.0_25/bin/../jre/lib/amd64/jli/libc.so.6", O_RDONLY) = -1 ENOENT (No such file or directory)
16941 open("/usr/local/lib/libc.so.6", O_RDONLY) = -1 ENOENT (No such file or directory)
16941 open("tls/x86_64/libc.so.6", O_RDONLY) = -1 ENOENT (No such file or directory)
16941 open("tls/libc.so.6", O_RDONLY)   = -1 ENOENT (No such file or directory)
16941 open("x86_64/libc.so.6", O_RDONLY) = -1 ENOENT (No such file or directory)
16941 open("libc.so.6", O_RDONLY)       = -1 ENOENT (No such file or directory)
16941 open("/opt/dymola/bin/lib/libc.so.6", O_RDONLY) = -1 ENOENT (No such file or directory)
16941 open("/home/cxh/src/ptII/lib/libc.so.6", O_RDONLY) = -1 ENOENT (No such file or directory)
16941 open("/lib64/libc.so.6", O_RDONLY) = 4
16941 read(4, "\177ELF\2\1\1\3\0\0\0\0\0\0\0\0\3\0>\0\1\0\0\0\360\355\201b>\0\0\0"..., 832) = 832
16941 fstat(4, {st_mode=S_IFREG|0755, st_size=1922152, ...}) = 0
16941 mmap(0x3e62800000, 3745960, PROT_READ|PROT_EXEC, MAP_PRIVATE|MAP_DENYWRITE, 4, 0) = 0x3e62800000
16941 mprotect(0x3e6298a000, 2093056, PROT_NONE) = 0
16941 mmap(0x3e62b89000, 20480, PROT_READ|PROT_WRITE, MAP_PRIVATE|MAP_FIXED|MAP_DENYWRITE, 4, 0x189000) = 0x3e62b89000
16941 mmap(0x3e62b8e000, 18600, PROT_READ|PROT_WRITE, MAP_PRIVATE|MAP_FIXED|MAP_ANONYMOUS, -1, 0) = 0x3e62b8e000
16941 close(4)                          = 0
16941 mmap(NULL, 4096, PROT_READ|PROT_WRITE, MAP_PRIVATE|MAP_ANONYMOUS, -1, 0) = 0x7f0e77a2b000
16941 mmap(NULL, 4096, PROT_READ|PROT_WRITE, MAP_PRIVATE|MAP_ANONYMOUS, -1, 0) = 0x7f0e77a2a000
16941 mmap(NULL, 4096, PROT_READ|PROT_WRITE, MAP_PRIVATE|MAP_ANONYMOUS, -1, 0) = 0x7f0e77a29000
16941 arch_prctl(ARCH_SET_FS, 0x7f0e77a2a700) = 0
16941 mprotect(0x3e63217000, 4096, PROT_READ) = 0
16941 mprotect(0x3e62e02000, 4096, PROT_READ) = 0
16941 mprotect(0x3e62b89000, 16384, PROT_READ) = 0
16941 mprotect(0x3e6261f000, 4096, PROT_READ) = 0
16941 munmap(0x7f0e77a2d000, 119647)    = 0
16941 set_tid_address(0x7f0e77a2a9d0)   = 16941
16941 set_robust_list(0x7f0e77a2a9e0, 0x18) = 0
16941 futex(0x7fffdee39ebc, FUTEX_WAKE_PRIVATE, 1) = 0
16941 futex(0x7fffdee39ebc, FUTEX_WAIT_BITSET_PRIVATE|FUTEX_CLOCK_REALTIME, 1, NULL, 7f0e77a2a700) = -1 EAGAIN (Resource temporarily unavailable)
16941 rt_sigaction(SIGRTMIN, {0x3e63005ae0, [], SA_RESTORER|SA_SIGINFO, 0x3e6300f500}, NULL, 8) = 0
16941 rt_sigaction(SIGRT_1, {0x3e63005b70, [], SA_RESTORER|SA_RESTART|SA_SIGINFO, 0x3e6300f500}, NULL, 8) = 0
16941 rt_sigprocmask(SIG_UNBLOCK, [RTMIN RT_1], NULL, 8) = 0
16941 getrlimit(RLIMIT_STACK, {rlim_cur=10240*1024, rlim_max=RLIM_INFINITY}) = 0
16941 brk(0)                            = 0xc75000
16941 brk(0xc96000)                     = 0xc96000
16941 readlink("/proc/self/exe", "/usr/lib/jvm/jdk1.7.0_25/bin/java", 4096) = 33
16941 access("/usr/lib/jvm/jdk1.7.0_25/lib/amd64/libjava.so", F_OK) = -1 ENOENT (No such file or directory)
16941 access("/usr/lib/jvm/jdk1.7.0_25/jre/lib/amd64/libjava.so", F_OK) = 0
16941 open("/usr/lib/jvm/jdk1.7.0_25/jre/lib/amd64/jvm.cfg", O_RDONLY) = 4
16941 fstat(4, {st_mode=S_IFREG|0755, st_size=677, ...}) = 0
16941 mmap(NULL, 4096, PROT_READ|PROT_WRITE, MAP_PRIVATE|MAP_ANONYMOUS, -1, 0) = 0x7f0e77a4a000
16941 read(4, "# Copyright (c) 2003, Oracle and"..., 4096) = 677
16941 read(4, "", 4096)                 = 0
16941 close(4)                          = 0
16941 munmap(0x7f0e77a4a000, 4096)      = 0
16941 stat("/usr/lib/jvm/jdk1.7.0_25/jre/lib/amd64/server/libjvm.so", {st_mode=S_IFREG|0755, st_size=13506920, ...}) = 0
16941 getgid()                          = 30
16941 getegid()                         = 30
16941 getuid()                          = 6269
16941 geteuid()                         = 6269
16941 futex(0x3e62e030ec, FUTEX_WAKE_PRIVATE, 2147483647) = 0
16941 open("/usr/lib/jvm/jdk1.7.0_25/jre/lib/amd64/server/libjvm.so", O_RDONLY) = 4
16941 read(4, "\177ELF\2\1\1\0\0\0\0\0\0\0\0\0\3\0>\0\1\0\0\0p\227\31\0\0\0\0\0"..., 832) = 832
16941 fstat(4, {st_mode=S_IFREG|0755, st_size=13506920, ...}) = 0
16941 mmap(NULL, 13760680, PROT_READ|PROT_EXEC, MAP_PRIVATE|MAP_DENYWRITE, 4, 0) = 0x7f0e76d09000
16941 mprotect(0x7f0e7774a000, 2097152, PROT_NONE) = 0
16941 mmap(0x7f0e7794a000, 667648, PROT_READ|PROT_WRITE, MAP_PRIVATE|MAP_FIXED|MAP_DENYWRITE, 4, 0xa41000) = 0x7f0e7794a000
16941 mmap(0x7f0e779ed000, 243880, PROT_READ|PROT_WRITE, MAP_PRIVATE|MAP_FIXED|MAP_ANONYMOUS, -1, 0) = 0x7f0e779ed000
16941 close(4)                          = 0
16941 open("/usr/lib/jvm/jdk1.7.0_25/bin/../jre/lib/amd64/jli/libm.so.6", O_RDONLY) = -1 ENOENT (No such file or directory)
16941 open("/usr/local/lib/libm.so.6", O_RDONLY) = -1 ENOENT (No such file or directory)
16941 open("tls/x86_64/libm.so.6", O_RDONLY) = -1 ENOENT (No such file or directory)
16941 open("tls/libm.so.6", O_RDONLY)   = -1 ENOENT (No such file or directory)
16941 open("x86_64/libm.so.6", O_RDONLY) = -1 ENOENT (No such file or directory)
16941 open("libm.so.6", O_RDONLY)       = -1 ENOENT (No such file or directory)
16941 open("/opt/dymola/bin/lib/libm.so.6", O_RDONLY) = -1 ENOENT (No such file or directory)
16941 open("/home/cxh/src/ptII/lib/libm.so.6", O_RDONLY) = -1 ENOENT (No such file or directory)
16941 open("/etc/ld.so.cache", O_RDONLY) = 4
16941 fstat(4, {st_mode=S_IFREG|0644, st_size=119647, ...}) = 0
16941 mmap(NULL, 119647, PROT_READ, MAP_PRIVATE, 4, 0) = 0x7f0e77a4c000
16941 close(4)                          = 0
16941 open("/lib64/libm.so.6", O_RDONLY) = 4
16941 read(4, "\177ELF\2\1\1\3\0\0\0\0\0\0\0\0\3\0>\0\1\0\0\0p>@c>\0\0\0"..., 832) = 832
16941 fstat(4, {st_mode=S_IFREG|0755, st_size=598680, ...}) = 0
16941 mmap(0x3e63400000, 2633912, PROT_READ|PROT_EXEC, MAP_PRIVATE|MAP_DENYWRITE, 4, 0) = 0x7f0e76a85000
16941 mprotect(0x7f0e76b08000, 2093056, PROT_NONE) = 0
16941 mmap(0x7f0e76d07000, 8192, PROT_READ|PROT_WRITE, MAP_PRIVATE|MAP_FIXED|MAP_DENYWRITE, 4, 0x82000) = 0x7f0e76d07000
16941 close(4)                          = 0
16941 mprotect(0x7f0e76d07000, 4096, PROT_READ) = 0
16941 munmap(0x7f0e77a4c000, 119647)    = 0
16941 mmap(NULL, 1052672, PROT_READ|PROT_WRITE, MAP_PRIVATE|MAP_ANONYMOUS|MAP_STACK, -1, 0) = 0x7f0e77a4c000
16941 mprotect(0x7f0e77a4c000, 4096, PROT_NONE) = 0
16941 clone(child_stack=0x7f0e77b4bff0, flags=CLONE_VM|CLONE_FS|CLONE_FILES|CLONE_SIGHAND|CLONE_THREAD|CLONE_SYSVSEM|CLONE_SETTLS|CLONE_PARENT_SETTID|CLONE_CHILD_CLEARTID, parent_tidptr=0x7f0e77b4c9d0, tls=0x7f0e77b4c700, child_tidptr=0x7f0e77b4c9d0) = 16942
16941 futex(0x7f0e77b4c9d0, FUTEX_WAIT, 16942, NULL <unfinished ...>
16942 set_robust_list(0x7f0e77b4c9e0, 0x18) = 0
16942 mmap(NULL, 134217728, PROT_NONE, MAP_PRIVATE|MAP_ANONYMOUS|MAP_NORESERVE, -1, 0) = 0x7f0e6ea85000
16942 munmap(0x7f0e6ea85000, 22523904)  = 0
16942 munmap(0x7f0e74000000, 44584960)  = 0
16942 mprotect(0x7f0e70000000, 135168, PROT_READ|PROT_WRITE) = 0
16942 open("/sys/devices/system/cpu", O_RDONLY|O_NONBLOCK|O_DIRECTORY|O_CLOEXEC) = 4
16942 fcntl(4, F_GETFD)                 = 0x1 (flags FD_CLOEXEC)
16942 getdents(4, /* 18 entries */, 32768) = 512
16942 getdents(4, /* 0 entries */, 32768) = 0
16942 close(4)                          = 0
16942 open("/proc/meminfo", O_RDONLY)   = 4
16942 fstat(4, {st_mode=S_IFREG|0444, st_size=0, ...}) = 0
16942 mmap(NULL, 4096, PROT_READ|PROT_WRITE, MAP_PRIVATE|MAP_ANONYMOUS, -1, 0) = 0x7f0e77a4a000
16942 read(4, "MemTotal:       16332956 kB\nMemF"..., 1024) = 1024
16942 close(4)                          = 0
16942 munmap(0x7f0e77a4a000, 4096)      = 0
16942 open("/usr/lib/jvm/jdk1.7.0_25/bin/../jre/lib/amd64/jli/librt.so.1", O_RDONLY) = -1 ENOENT (No such file or directory)
16942 open("/usr/local/lib/librt.so.1", O_RDONLY) = -1 ENOENT (No such file or directory)
16942 open("tls/x86_64/librt.so.1", O_RDONLY) = -1 ENOENT (No such file or directory)
16942 open("tls/librt.so.1", O_RDONLY)  = -1 ENOENT (No such file or directory)
16942 open("x86_64/librt.so.1", O_RDONLY) = -1 ENOENT (No such file or directory)
16942 open("librt.so.1", O_RDONLY)      = -1 ENOENT (No such file or directory)
16942 open("/opt/dymola/bin/lib/librt.so.1", O_RDONLY) = -1 ENOENT (No such file or directory)
16942 open("/home/cxh/src/ptII/lib/librt.so.1", O_RDONLY) = -1 ENOENT (No such file or directory)
16942 open("/etc/ld.so.cache", O_RDONLY) = 4
16942 fstat(4, {st_mode=S_IFREG|0644, st_size=119647, ...}) = 0
16942 mmap(NULL, 119647, PROT_READ, MAP_PRIVATE, 4, 0) = 0x7f0e77a2d000
16942 close(4)                          = 0
16942 open("/lib64/librt.so.1", O_RDONLY) = 4
16942 read(4, "\177ELF\2\1\1\0\0\0\0\0\0\0\0\0\3\0>\0\1\0\0\0@!\300c>\0\0\0"..., 832) = 832
16942 fstat(4, {st_mode=S_IFREG|0755, st_size=47064, ...}) = 0
16942 mmap(0x3e63c00000, 2128816, PROT_READ|PROT_EXEC, MAP_PRIVATE|MAP_DENYWRITE, 4, 0) = 0x3e63c00000
16942 mprotect(0x3e63c07000, 2093056, PROT_NONE) = 0
16942 mmap(0x3e63e06000, 8192, PROT_READ|PROT_WRITE, MAP_PRIVATE|MAP_FIXED|MAP_DENYWRITE, 4, 0x6000) = 0x3e63e06000
16942 close(4)                          = 0
16942 mprotect(0x3e63e06000, 4096, PROT_READ) = 0
16942 munmap(0x7f0e77a2d000, 119647)    = 0
16942 clock_getres(CLOCK_MONOTONIC, {0, 1}) = 0
16942 lstat("/usr", {st_mode=S_IFDIR|0775, st_size=4096, ...}) = 0
16942 lstat("/usr/lib", {st_mode=S_IFDIR|0755, st_size=16384, ...}) = 0
16942 lstat("/usr/lib/jvm", {st_mode=S_IFDIR|0755, st_size=4096, ...}) = 0
16942 lstat("/usr/lib/jvm/jdk1.7.0_25", {st_mode=S_IFDIR|0755, st_size=4096, ...}) = 0
16942 lstat("/usr/lib/jvm/jdk1.7.0_25/jre", {st_mode=S_IFDIR|0755, st_size=4096, ...}) = 0
16942 lstat("/usr/lib/jvm/jdk1.7.0_25/jre/lib", {st_mode=S_IFDIR|0755, st_size=4096, ...}) = 0
16942 lstat("/usr/lib/jvm/jdk1.7.0_25/jre/lib/amd64", {st_mode=S_IFDIR|0755, st_size=4096, ...}) = 0
16942 lstat("/usr/lib/jvm/jdk1.7.0_25/jre/lib/amd64/server", {st_mode=S_IFDIR|0755, st_size=4096, ...}) = 0
16942 lstat("/usr/lib/jvm/jdk1.7.0_25/jre/lib/amd64/server/libjvm.so", {st_mode=S_IFREG|0755, st_size=13506920, ...}) = 0
16942 open("/usr/lib/jvm/jdk1.7.0_25/jre/lib/amd64/libverify.so", O_RDONLY) = 4
16942 read(4, "\177ELF\2\1\1\0\0\0\0\0\0\0\0\0\3\0>\0\1\0\0\0@B\0\0\0\0\0\0"..., 832) = 832
16942 fstat(4, {st_mode=S_IFREG|0755, st_size=65437, ...}) = 0
16942 mmap(NULL, 2154152, PROT_READ|PROT_EXEC, MAP_PRIVATE|MAP_DENYWRITE, 4, 0) = 0x7f0e76877000
16942 mprotect(0x7f0e76884000, 2093056, PROT_NONE) = 0
16942 mmap(0x7f0e76a83000, 8192, PROT_READ|PROT_WRITE, MAP_PRIVATE|MAP_FIXED|MAP_DENYWRITE, 4, 0xc000) = 0x7f0e76a83000
16942 close(4)                          = 0
16942 open("/usr/lib/jvm/jdk1.7.0_25/jre/lib/amd64/libjava.so", O_RDONLY) = 4
16942 read(4, "\177ELF\2\1\1\0\0\0\0\0\0\0\0\0\3\0>\0\1\0\0\0\240\317\0\0\0\0\0\0"..., 832) = 832
16942 fstat(4, {st_mode=S_IFREG|0755, st_size=219648, ...}) = 0
16942 mmap(NULL, 2271568, PROT_READ|PROT_EXEC, MAP_PRIVATE|MAP_DENYWRITE, 4, 0) = 0x7f0e7664c000
16942 mprotect(0x7f0e76675000, 2097152, PROT_NONE) = 0
16942 mmap(0x7f0e76875000, 8192, PROT_READ|PROT_WRITE, MAP_PRIVATE|MAP_FIXED|MAP_DENYWRITE, 4, 0x29000) = 0x7f0e76875000
16942 close(4)                          = 0
16942 stat(".hotspotrc", 0x7f0e77b4ba80) = -1 ENOENT (No such file or directory)
16942 open("/usr/lib/jvm/jdk1.7.0_25/jre/lib/endorsed", O_RDONLY|O_NONBLOCK|O_DIRECTORY|O_CLOEXEC) = -1 ENOENT (No such file or directory)
16942 stat("/usr/lib/jvm/jdk1.7.0_25/jre/lib/amd64/xawt/libmawt.so", {st_mode=S_IFREG|0755, st_size=426162, ...}) = 0
16942 open("/proc/stat", O_RDONLY|O_CLOEXEC) = 4
16942 read(4, "cpu  50386790 5416 4131999 77544"..., 8192) = 2457
16942 close(4)                          = 0
16942 open("/proc/stat", O_RDONLY|O_CLOEXEC) = 4
16942 read(4, "cpu  50386790 5416 4131999 77544"..., 8192) = 2457
16942 close(4)                          = 0
16942 clock_getres(0xfffdee8e /* CLOCK_??? */, {0, 1}) = 0
16942 mmap(NULL, 4096, PROT_READ, MAP_PRIVATE|MAP_ANONYMOUS, -1, 0) = 0x7f0e77a4a000
16942 mmap(NULL, 4096, PROT_READ|PROT_WRITE, MAP_PRIVATE|MAP_ANONYMOUS, -1, 0) = 0x7f0e77a49000
16942 open("/proc/meminfo", O_RDONLY)   = 4
16942 fstat(4, {st_mode=S_IFREG|0444, st_size=0, ...}) = 0
16942 mmap(NULL, 4096, PROT_READ|PROT_WRITE, MAP_PRIVATE|MAP_ANONYMOUS, -1, 0) = 0x7f0e77a48000
16942 read(4, "MemTotal:       16332956 kB\nMemF"..., 1024) = 1024
16942 read(4, "e:        0\nHugePages_Rsvd:     "..., 1024) = 146
16942 close(4)                          = 0
16942 munmap(0x7f0e77a48000, 4096)      = 0
16942 mmap(NULL, 2097152, PROT_READ|PROT_WRITE, MAP_PRIVATE|MAP_ANONYMOUS|0x40000, -1, 0) = -1 ENOMEM (Cannot allocate memory)
16942 open("/proc/self/coredump_filter", O_RDWR) = 4
16942 fstat(4, {st_mode=S_IFREG|0644, st_size=0, ...}) = 0
16942 mmap(NULL, 4096, PROT_READ|PROT_WRITE, MAP_PRIVATE|MAP_ANONYMOUS, -1, 0) = 0x7f0e77a48000
16942 read(4, "00000033\n", 1024)       = 9
16942 lseek(4, 0, SEEK_SET)             = 0
16942 write(4, "0x73", 4)               = 4
16942 close(4)                          = 0
16942 munmap(0x7f0e77a48000, 4096)      = 0
16942 rt_sigprocmask(SIG_BLOCK, NULL, [], 8) = 0
16942 rt_sigaction(SIGUSR2, {0x7f0e77447d20, [], SA_RESTORER|SA_RESTART|SA_SIGINFO, 0x3e6300f500}, NULL, 8) = 0
16942 rt_sigaction(SIGHUP, NULL, {SIG_DFL, [], 0}, 8) = 0
16942 rt_sigaction(SIGINT, NULL, {SIG_DFL, [], 0}, 8) = 0
16942 rt_sigaction(SIGTERM, NULL, {SIG_DFL, [], 0}, 8) = 0
16942 rt_sigaction(SIGSEGV, NULL, {SIG_DFL, [], 0}, 8) = 0
16942 rt_sigaction(SIGSEGV, {0x7f0e774483d0, ~[RTMIN RT_1], SA_RESTORER|SA_RESTART|SA_SIGINFO, 0x3e6300f500}, {SIG_DFL, [], 0}, 8) = 0
16942 rt_sigaction(SIGPIPE, NULL, {SIG_DFL, [], 0}, 8) = 0
16942 rt_sigaction(SIGPIPE, {0x7f0e774483d0, ~[RTMIN RT_1], SA_RESTORER|SA_RESTART|SA_SIGINFO, 0x3e6300f500}, {SIG_DFL, [], 0}, 8) = 0
16942 rt_sigaction(SIGBUS, NULL, {SIG_DFL, [], 0}, 8) = 0
16942 rt_sigaction(SIGBUS, {0x7f0e774483d0, ~[RTMIN RT_1], SA_RESTORER|SA_RESTART|SA_SIGINFO, 0x3e6300f500}, {SIG_DFL, [], 0}, 8) = 0
16942 rt_sigaction(SIGILL, NULL, {SIG_DFL, [], 0}, 8) = 0
16942 rt_sigaction(SIGILL, {0x7f0e774483d0, ~[RTMIN RT_1], SA_RESTORER|SA_RESTART|SA_SIGINFO, 0x3e6300f500}, {SIG_DFL, [], 0}, 8) = 0
16942 rt_sigaction(SIGFPE, NULL, {SIG_DFL, [], 0}, 8) = 0
16942 rt_sigaction(SIGFPE, {0x7f0e774483d0, ~[RTMIN RT_1], SA_RESTORER|SA_RESTART|SA_SIGINFO, 0x3e6300f500}, {SIG_DFL, [], 0}, 8) = 0
16942 rt_sigaction(SIGXFSZ, NULL, {SIG_DFL, [], 0}, 8) = 0
16942 rt_sigaction(SIGXFSZ, {0x7f0e774483d0, ~[RTMIN RT_1], SA_RESTORER|SA_RESTART|SA_SIGINFO, 0x3e6300f500}, {SIG_DFL, [], 0}, 8) = 0
16942 getrlimit(RLIMIT_STACK, {rlim_cur=10240*1024, rlim_max=RLIM_INFINITY}) = 0
16942 open("/proc/self/maps", O_RDONLY) = 4
16942 fstat(4, {st_mode=S_IFREG|0444, st_size=0, ...}) = 0
16942 mmap(NULL, 4096, PROT_READ|PROT_WRITE, MAP_PRIVATE|MAP_ANONYMOUS, -1, 0) = 0x7f0e77a48000
16942 read(4, "00400000-00401000 r-xp 00000000 "..., 1024) = 1024
16942 read(4, "0 0 \n3e62c00000-3e62c02000 r-xp "..., 1024) = 1024
16942 read(4, "r/lib/jvm/jdk1.7.0_25/jre/lib/am"..., 1024) = 1024
16942 read(4, "6877000-7f0e76884000 r-xp 000000"..., 1024) = 1024
16942 read(4, "0 rw-p 00a41000 fd:00 2796006   "..., 1024) = 644
16942 close(4)                          = 0
16942 munmap(0x7f0e77a48000, 4096)      = 0
16942 getrlimit(RLIMIT_NOFILE, {rlim_cur=1024, rlim_max=4*1024}) = 0
16942 setrlimit(RLIMIT_NOFILE, {rlim_cur=4*1024, rlim_max=4*1024}) = 0
16942 geteuid()                         = 6269
16942 socket(PF_FILE, SOCK_STREAM|SOCK_CLOEXEC|SOCK_NONBLOCK, 0) = 4
16942 connect(4, {sa_family=AF_FILE, path="/var/run/nscd/socket"}, 110) = -1 ENOENT (No such file or directory)
16942 close(4)                          = 0
16942 socket(PF_FILE, SOCK_STREAM|SOCK_CLOEXEC|SOCK_NONBLOCK, 0) = 4
16942 connect(4, {sa_family=AF_FILE, path="/var/run/nscd/socket"}, 110) = -1 ENOENT (No such file or directory)
16942 close(4)                          = 0
16942 open("/etc/nsswitch.conf", O_RDONLY) = 4
16942 fstat(4, {st_mode=S_IFREG|0644, st_size=1688, ...}) = 0
16942 mmap(NULL, 4096, PROT_READ|PROT_WRITE, MAP_PRIVATE|MAP_ANONYMOUS, -1, 0) = 0x7f0e77a48000
16942 read(4, "#\n# /etc/nsswitch.conf\n#\n# An ex"..., 4096) = 1688
16942 read(4, "", 4096)                 = 0
16942 close(4)                          = 0
16942 munmap(0x7f0e77a48000, 4096)      = 0
16942 open("/usr/lib/jvm/jdk1.7.0_25/bin/../jre/lib/amd64/jli/libnss_files.so.2", O_RDONLY) = -1 ENOENT (No such file or directory)
16942 open("/usr/local/lib/libnss_files.so.2", O_RDONLY) = -1 ENOENT (No such file or directory)
16942 open("tls/x86_64/libnss_files.so.2", O_RDONLY) = -1 ENOENT (No such file or directory)
16942 open("tls/libnss_files.so.2", O_RDONLY) = -1 ENOENT (No such file or directory)
16942 open("x86_64/libnss_files.so.2", O_RDONLY) = -1 ENOENT (No such file or directory)
16942 open("libnss_files.so.2", O_RDONLY) = -1 ENOENT (No such file or directory)
16942 open("/opt/dymola/bin/lib/libnss_files.so.2", O_RDONLY) = -1 ENOENT (No such file or directory)
16942 open("/home/cxh/src/ptII/lib/libnss_files.so.2", O_RDONLY) = -1 ENOENT (No such file or directory)
16942 open("/etc/ld.so.cache", O_RDONLY) = 4
16942 fstat(4, {st_mode=S_IFREG|0644, st_size=119647, ...}) = 0
16942 mmap(NULL, 119647, PROT_READ, MAP_PRIVATE, 4, 0) = 0x7f0e7662e000
16942 close(4)                          = 0
16942 open("/lib64/libnss_files.so.2", O_RDONLY) = 4
16942 read(4, "\177ELF\2\1\1\0\0\0\0\0\0\0\0\0\3\0>\0\1\0\0\0\360!\0\0\0\0\0\0"..., 832) = 832
16942 fstat(4, {st_mode=S_IFREG|0755, st_size=65928, ...}) = 0
16942 mmap(NULL, 2151824, PROT_READ|PROT_EXEC, MAP_PRIVATE|MAP_DENYWRITE, 4, 0) = 0x7f0e76420000
16942 mprotect(0x7f0e7642c000, 2097152, PROT_NONE) = 0
16942 mmap(0x7f0e7662c000, 8192, PROT_READ|PROT_WRITE, MAP_PRIVATE|MAP_FIXED|MAP_DENYWRITE, 4, 0xc000) = 0x7f0e7662c000
16942 close(4)                          = 0
16942 mprotect(0x7f0e7662c000, 4096, PROT_READ) = 0
16942 munmap(0x7f0e7662e000, 119647)    = 0
16942 open("/etc/passwd", O_RDONLY|O_CLOEXEC) = 4
16942 fcntl(4, F_GETFD)                 = 0x1 (flags FD_CLOEXEC)
16942 fstat(4, {st_mode=S_IFREG|0644, st_size=2998, ...}) = 0
16942 mmap(NULL, 4096, PROT_READ|PROT_WRITE, MAP_PRIVATE|MAP_ANONYMOUS, -1, 0) = 0x7f0e7664b000
16942 read(4, "root:x:0:0:root:/root:/bin/bash\n"..., 4096) = 2998
16942 close(4)                          = 0
16942 munmap(0x7f0e7664b000, 4096)      = 0
16942 open("/tmp/hsperfdata_cxh", O_RDONLY|O_NONBLOCK|O_DIRECTORY|O_CLOEXEC) = 4
16942 lstat("/tmp/hsperfdata_cxh", {st_mode=S_IFDIR|0755, st_size=4096, ...}) = 0
16942 getdents(4, /* 2 entries */, 32768) = 48
16942 getdents(4, /* 0 entries */, 32768) = 0
16942 close(4)                          = 0
16942 mkdir("/tmp/hsperfdata_cxh", 0755) = -1 EEXIST (File exists)
16942 lstat("/tmp/hsperfdata_cxh", {st_mode=S_IFDIR|0755, st_size=4096, ...}) = 0
16942 open("/tmp/hsperfdata_cxh/16941", O_RDWR|O_CREAT|O_TRUNC, 0600) = 4
16942 ftruncate(4, 32768)               = 0
16942 lseek(4, 0, SEEK_SET)             = 0
16942 write(4, "\0", 1)                 = 1
16942 lseek(4, 4096, SEEK_SET)          = 4096
16942 write(4, "\0", 1)                 = 1
16942 lseek(4, 8192, SEEK_SET)          = 8192
16942 write(4, "\0", 1)                 = 1
16942 lseek(4, 12288, SEEK_SET)         = 12288
16942 write(4, "\0", 1)                 = 1
16942 lseek(4, 16384, SEEK_SET)         = 16384
16942 write(4, "\0", 1)                 = 1
16942 lseek(4, 20480, SEEK_SET)         = 20480
16942 write(4, "\0", 1)                 = 1
16942 lseek(4, 24576, SEEK_SET)         = 24576
16942 write(4, "\0", 1)                 = 1
16942 lseek(4, 28672, SEEK_SET)         = 28672
16942 write(4, "\0", 1)                 = 1
16942 mmap(NULL, 32768, PROT_READ|PROT_WRITE, MAP_SHARED, 4, 0) = 0x7f0e76644000
16942 close(4)                          = 0
16942 sched_getaffinity(16942, 32,  { ff, 0, 0, 0 }) = 32
16942 sched_getaffinity(16942, 32,  { ff, 0, 0, 0 }) = 32
16942 gettid()                          = 16942
16942 rt_sigprocmask(SIG_BLOCK, NULL, [], 8) = 0
16942 rt_sigprocmask(SIG_UNBLOCK, [HUP INT ILL BUS FPE SEGV USR2 TERM], NULL, 8) = 0
16942 rt_sigprocmask(SIG_BLOCK, [QUIT], NULL, 8) = 0
16942 mmap(0x7f0e77a4c000, 12288, PROT_READ|PROT_WRITE, MAP_PRIVATE|MAP_FIXED|MAP_ANONYMOUS, -1, 0) = 0x7f0e77a4c000
16942 mprotect(0x7f0e77a4c000, 12288, PROT_NONE) = 0
16942 open("/usr/lib/jvm/jdk1.7.0_25/jre/lib/amd64/libzip.so", O_RDONLY) = 4
16942 read(4, "\177ELF\2\1\1\0\0\0\0\0\0\0\0\0\3\0>\0\1\0\0\0\320*\0\0\0\0\0\0"..., 832) = 832
16942 fstat(4, {st_mode=S_IFREG|0755, st_size=123800, ...}) = 0
16942 mmap(NULL, 2205648, PROT_READ|PROT_EXEC, MAP_PRIVATE|MAP_DENYWRITE, 4, 0) = 0x7f0e76205000
16942 mprotect(0x7f0e76220000, 2093056, PROT_NONE) = 0
16942 mmap(0x7f0e7641f000, 4096, PROT_READ|PROT_WRITE, MAP_PRIVATE|MAP_FIXED|MAP_DENYWRITE, 4, 0x1a000) = 0x7f0e7641f000
16942 close(4)                          = 0
16942 stat("/usr/lib/jvm/jdk1.7.0_25/jre/lib/resources.jar", {st_mode=S_IFREG|0755, st_size=2479402, ...}) = 0
16942 stat("/usr/lib/jvm/jdk1.7.0_25/jre/lib/rt.jar", {st_mode=S_IFREG|0644, st_size=62611458, ...}) = 0
16942 stat("/usr/lib/jvm/jdk1.7.0_25/jre/lib/sunrsasign.jar", 0x7f0e77b4ba00) = -1 ENOENT (No such file or directory)
16942 stat("/usr/lib/jvm/jdk1.7.0_25/jre/lib/jsse.jar", {st_mode=S_IFREG|0644, st_size=580526, ...}) = 0
16942 stat("/usr/lib/jvm/jdk1.7.0_25/jre/lib/jce.jar", {st_mode=S_IFREG|0755, st_size=109196, ...}) = 0
16942 stat("/usr/lib/jvm/jdk1.7.0_25/jre/lib/charsets.jar", {st_mode=S_IFREG|0644, st_size=3649132, ...}) = 0
16942 stat("/usr/lib/jvm/jdk1.7.0_25/jre/lib/jfr.jar", {st_mode=S_IFREG|0755, st_size=462133, ...}) = 0
16942 stat("/usr/lib/jvm/jdk1.7.0_25/jre/classes", 0x7f0e77b4ba00) = -1 ENOENT (No such file or directory)
16942 open("/usr/lib/jvm/jdk1.7.0_25/jre/lib/meta-index", O_RDONLY) = 4
16942 fstat(4, {st_mode=S_IFREG|0755, st_size=2097, ...}) = 0
16942 mmap(NULL, 4096, PROT_READ|PROT_WRITE, MAP_PRIVATE|MAP_ANONYMOUS, -1, 0) = 0x7f0e77a48000
16942 read(4, "% VERSION 2\n% WARNING: this file"..., 4096) = 2097
16942 read(4, "", 4096)                 = 0
16942 close(4)                          = 0
16942 munmap(0x7f0e77a48000, 4096)      = 0
16942 mmap(NULL, 50331648, PROT_READ|PROT_WRITE, MAP_PRIVATE|MAP_ANONYMOUS|MAP_NORESERVE, -1, 0) = 0x7f0e6d000000
16942 mmap(0x7f0e6d000000, 2555904, PROT_READ|PROT_WRITE|PROT_EXEC, MAP_PRIVATE|MAP_FIXED|MAP_ANONYMOUS, -1, 0) = 0x7f0e6d000000
16942 mmap(NULL, 786432, PROT_READ|PROT_WRITE, MAP_PRIVATE|MAP_ANONYMOUS|MAP_NORESERVE, -1, 0) = 0x7f0e76145000
16942 mmap(0x7f0e76145000, 40960, PROT_READ|PROT_WRITE, MAP_PRIVATE|MAP_FIXED|MAP_ANONYMOUS, -1, 0) = 0x7f0e76145000
16942 mmap(0x701a00000, 4267704320, PROT_READ|PROT_WRITE, MAP_PRIVATE|MAP_ANONYMOUS|MAP_NORESERVE, -1, 0) = 0x701a00000
16942 mmap(NULL, 8339456, PROT_READ|PROT_WRITE, MAP_PRIVATE|MAP_ANONYMOUS|MAP_NORESERVE, -1, 0) = 0x7f0e75951000
16942 mmap(0x7f0e76144000, 4096, PROT_READ|PROT_WRITE, MAP_PRIVATE|MAP_FIXED|MAP_ANONYMOUS, -1, 0) = 0x7f0e76144000
16942 mmap(0x7aceb0000, 87097344, PROT_READ|PROT_WRITE, MAP_PRIVATE|MAP_FIXED|MAP_ANONYMOUS, -1, 0) = 0x7aceb0000
16942 mmap(0x7f0e75eab000, 172032, PROT_READ|PROT_WRITE, MAP_PRIVATE|MAP_FIXED|MAP_ANONYMOUS, -1, 0) = 0x7f0e75eab000
16942 mmap(0x706c00000, 174260224, PROT_READ|PROT_WRITE, MAP_PRIVATE|MAP_FIXED|MAP_ANONYMOUS, -1, 0) = 0x706c00000
16942 mmap(NULL, 5447680, PROT_READ|PROT_WRITE, MAP_PRIVATE|MAP_ANONYMOUS|MAP_NORESERVE, -1, 0) = 0x7f0e7541f000
16942 mmap(0x7f0e7597a000, 344064, PROT_READ|PROT_WRITE, MAP_PRIVATE|MAP_FIXED|MAP_ANONYMOUS, -1, 0) = 0x7f0e7597a000
16942 mmap(0x7f0e7541f000, 344064, PROT_READ|PROT_WRITE, MAP_PRIVATE|MAP_FIXED|MAP_ANONYMOUS, -1, 0) = 0x7f0e7541f000
16942 mmap(0x701a00000, 21757952, PROT_READ|PROT_WRITE, MAP_PRIVATE|MAP_FIXED|MAP_ANONYMOUS, -1, 0) = 0x701a00000
16942 mmap(NULL, 167936, PROT_READ|PROT_WRITE, MAP_PRIVATE|MAP_ANONYMOUS|MAP_NORESERVE, -1, 0) = 0x7f0e753f6000
16942 mmap(0x7f0e75951000, 45056, PROT_READ|PROT_WRITE, MAP_PRIVATE|MAP_FIXED|MAP_ANONYMOUS, -1, 0) = 0x7f0e75951000
16942 mmap(0x7f0e753f6000, 45056, PROT_READ|PROT_WRITE, MAP_PRIVATE|MAP_FIXED|MAP_ANONYMOUS, -1, 0) = 0x7f0e753f6000
16942 mmap(NULL, 1052672, PROT_READ|PROT_WRITE, MAP_PRIVATE|MAP_ANONYMOUS|MAP_STACK, -1, 0) = 0x7f0e752f5000
16942 mprotect(0x7f0e752f5000, 4096, PROT_NONE) = 0
16942 clone(child_stack=0x7f0e753f4ff0, flags=CLONE_VM|CLONE_FS|CLONE_FILES|CLONE_SIGHAND|CLONE_THREAD|CLONE_SYSVSEM|CLONE_SETTLS|CLONE_PARENT_SETTID|CLONE_CHILD_CLEARTID, parent_tidptr=0x7f0e753f59d0, tls=0x7f0e753f5700, child_tidptr=0x7f0e753f59d0) = 16943
16943 set_robust_list(0x7f0e753f59e0, 0x18 <unfinished ...>
16942 futex(0x7f0e70008854, FUTEX_WAIT_PRIVATE, 1, NULL <unfinished ...>
16943 <... set_robust_list resumed> )   = 0
16943 gettid()                          = 16943
16943 rt_sigprocmask(SIG_BLOCK, NULL, [QUIT], 8) = 0
16943 rt_sigprocmask(SIG_UNBLOCK, [HUP INT ILL BUS FPE SEGV USR2 TERM], NULL, 8) = 0
16943 rt_sigprocmask(SIG_BLOCK, [QUIT], NULL, 8) = 0
16943 futex(0x7f0e70008854, FUTEX_WAKE_OP_PRIVATE, 1, 1, 0x7f0e70008850, {FUTEX_OP_SET, 0, FUTEX_OP_CMP_GT, 1}) = 1
16942 <... futex resumed> )             = 0
16943 futex(0x7f0e70016654, FUTEX_WAIT_PRIVATE, 1, NULL <unfinished ...>
16942 futex(0x7f0e70008828, FUTEX_WAKE_PRIVATE, 1) = 0
16942 mmap(NULL, 1052672, PROT_READ|PROT_WRITE, MAP_PRIVATE|MAP_ANONYMOUS|MAP_STACK, -1, 0) = 0x7f0e751f4000
16942 mprotect(0x7f0e751f4000, 4096, PROT_NONE) = 0
16942 clone(child_stack=0x7f0e752f3ff0, flags=CLONE_VM|CLONE_FS|CLONE_FILES|CLONE_SIGHAND|CLONE_THREAD|CLONE_SYSVSEM|CLONE_SETTLS|CLONE_PARENT_SETTID|CLONE_CHILD_CLEARTID, parent_tidptr=0x7f0e752f49d0, tls=0x7f0e752f4700, child_tidptr=0x7f0e752f49d0) = 16944
16944 set_robust_list(0x7f0e752f49e0, 0x18 <unfinished ...>
16942 futex(0x7f0e70008854, FUTEX_WAIT_PRIVATE, 3, NULL <unfinished ...>
16944 <... set_robust_list resumed> )   = 0
16944 gettid()                          = 16944
16944 rt_sigprocmask(SIG_BLOCK, NULL, [QUIT], 8) = 0
16944 rt_sigprocmask(SIG_UNBLOCK, [HUP INT ILL BUS FPE SEGV USR2 TERM], NULL, 8) = 0
16944 rt_sigprocmask(SIG_BLOCK, [QUIT], NULL, 8) = 0
16944 futex(0x7f0e70008854, FUTEX_WAKE_OP_PRIVATE, 1, 1, 0x7f0e70008850, {FUTEX_OP_SET, 0, FUTEX_OP_CMP_GT, 1}) = 1
16942 <... futex resumed> )             = 0
16944 futex(0x7f0e70018454, FUTEX_WAIT_PRIVATE, 1, NULL <unfinished ...>
16942 futex(0x7f0e70008828, FUTEX_WAKE_PRIVATE, 1) = 0
16942 mmap(NULL, 1052672, PROT_READ|PROT_WRITE, MAP_PRIVATE|MAP_ANONYMOUS|MAP_STACK, -1, 0) = 0x7f0e750f3000
16942 mprotect(0x7f0e750f3000, 4096, PROT_NONE) = 0
16942 clone(child_stack=0x7f0e751f2ff0, flags=CLONE_VM|CLONE_FS|CLONE_FILES|CLONE_SIGHAND|CLONE_THREAD|CLONE_SYSVSEM|CLONE_SETTLS|CLONE_PARENT_SETTID|CLONE_CHILD_CLEARTID, parent_tidptr=0x7f0e751f39d0, tls=0x7f0e751f3700, child_tidptr=0x7f0e751f39d0) = 16945
16945 set_robust_list(0x7f0e751f39e0, 0x18 <unfinished ...>
16942 futex(0x7f0e70008854, FUTEX_WAIT_PRIVATE, 5, NULL <unfinished ...>
16945 <... set_robust_list resumed> )   = 0
16945 gettid()                          = 16945
16945 rt_sigprocmask(SIG_BLOCK, NULL, [QUIT], 8) = 0
16945 rt_sigprocmask(SIG_UNBLOCK, [HUP INT ILL BUS FPE SEGV USR2 TERM], NULL, 8) = 0
16945 rt_sigprocmask(SIG_BLOCK, [QUIT], NULL, 8) = 0
16945 futex(0x7f0e70008854, FUTEX_WAKE_OP_PRIVATE, 1, 1, 0x7f0e70008850, {FUTEX_OP_SET, 0, FUTEX_OP_CMP_GT, 1}) = 1
16942 <... futex resumed> )             = 0
16945 futex(0x7f0e7001a154, FUTEX_WAIT_PRIVATE, 1, NULL <unfinished ...>
16942 futex(0x7f0e70008828, FUTEX_WAKE_PRIVATE, 1) = 0
16942 mmap(NULL, 1052672, PROT_READ|PROT_WRITE, MAP_PRIVATE|MAP_ANONYMOUS|MAP_STACK, -1, 0) = 0x7f0e74ff2000
16942 mprotect(0x7f0e74ff2000, 4096, PROT_NONE) = 0
16942 clone(child_stack=0x7f0e750f1ff0, flags=CLONE_VM|CLONE_FS|CLONE_FILES|CLONE_SIGHAND|CLONE_THREAD|CLONE_SYSVSEM|CLONE_SETTLS|CLONE_PARENT_SETTID|CLONE_CHILD_CLEARTID, parent_tidptr=0x7f0e750f29d0, tls=0x7f0e750f2700, child_tidptr=0x7f0e750f29d0) = 16946
16946 set_robust_list(0x7f0e750f29e0, 0x18 <unfinished ...>
16942 futex(0x7f0e70008854, FUTEX_WAIT_PRIVATE, 7, NULL <unfinished ...>
16946 <... set_robust_list resumed> )   = 0
16946 gettid()                          = 16946
16946 rt_sigprocmask(SIG_BLOCK, NULL, [QUIT], 8) = 0
16946 rt_sigprocmask(SIG_UNBLOCK, [HUP INT ILL BUS FPE SEGV USR2 TERM], NULL, 8) = 0
16946 rt_sigprocmask(SIG_BLOCK, [QUIT], NULL, 8) = 0
16946 futex(0x7f0e70008854, FUTEX_WAKE_OP_PRIVATE, 1, 1, 0x7f0e70008850, {FUTEX_OP_SET, 0, FUTEX_OP_CMP_GT, 1}) = 1
16942 <... futex resumed> )             = 0
16946 futex(0x7f0e7001bf54, FUTEX_WAIT_PRIVATE, 1, NULL <unfinished ...>
16942 futex(0x7f0e70008828, FUTEX_WAKE_PRIVATE, 1) = 0
16942 mmap(NULL, 1052672, PROT_READ|PROT_WRITE, MAP_PRIVATE|MAP_ANONYMOUS|MAP_STACK, -1, 0) = 0x7f0e74ef1000
16942 mprotect(0x7f0e74ef1000, 4096, PROT_NONE) = 0
16942 clone(child_stack=0x7f0e74ff0ff0, flags=CLONE_VM|CLONE_FS|CLONE_FILES|CLONE_SIGHAND|CLONE_THREAD|CLONE_SYSVSEM|CLONE_SETTLS|CLONE_PARENT_SETTID|CLONE_CHILD_CLEARTID, parent_tidptr=0x7f0e74ff19d0, tls=0x7f0e74ff1700, child_tidptr=0x7f0e74ff19d0) = 16947
16947 set_robust_list(0x7f0e74ff19e0, 0x18 <unfinished ...>
16942 futex(0x7f0e70008854, FUTEX_WAIT_PRIVATE, 9, NULL <unfinished ...>
16947 <... set_robust_list resumed> )   = 0
16947 gettid()                          = 16947
16947 rt_sigprocmask(SIG_BLOCK, NULL, [QUIT], 8) = 0
16947 rt_sigprocmask(SIG_UNBLOCK, [HUP INT ILL BUS FPE SEGV USR2 TERM], NULL, 8) = 0
16947 rt_sigprocmask(SIG_BLOCK, [QUIT], NULL, 8) = 0
16947 futex(0x7f0e70008854, FUTEX_WAKE_OP_PRIVATE, 1, 1, 0x7f0e70008850, {FUTEX_OP_SET, 0, FUTEX_OP_CMP_GT, 1}) = 1
16942 <... futex resumed> )             = 0
16947 futex(0x7f0e7001dc54, FUTEX_WAIT_PRIVATE, 1, NULL <unfinished ...>
16942 futex(0x7f0e70008828, FUTEX_WAKE_PRIVATE, 1) = 0
16942 mmap(NULL, 1052672, PROT_READ|PROT_WRITE, MAP_PRIVATE|MAP_ANONYMOUS|MAP_STACK, -1, 0) = 0x7f0e74df0000
16942 mprotect(0x7f0e74df0000, 4096, PROT_NONE) = 0
16942 clone(child_stack=0x7f0e74eefff0, flags=CLONE_VM|CLONE_FS|CLONE_FILES|CLONE_SIGHAND|CLONE_THREAD|CLONE_SYSVSEM|CLONE_SETTLS|CLONE_PARENT_SETTID|CLONE_CHILD_CLEARTID, parent_tidptr=0x7f0e74ef09d0, tls=0x7f0e74ef0700, child_tidptr=0x7f0e74ef09d0) = 16948
16942 futex(0x7f0e70008854, FUTEX_WAIT_PRIVATE, 11, NULL <unfinished ...>
16948 set_robust_list(0x7f0e74ef09e0, 0x18) = 0
16948 gettid()                          = 16948
16948 rt_sigprocmask(SIG_BLOCK, NULL, [QUIT], 8) = 0
16948 rt_sigprocmask(SIG_UNBLOCK, [HUP INT ILL BUS FPE SEGV USR2 TERM], NULL, 8) = 0
16948 rt_sigprocmask(SIG_BLOCK, [QUIT], NULL, 8) = 0
16948 futex(0x7f0e70008854, FUTEX_WAKE_OP_PRIVATE, 1, 1, 0x7f0e70008850, {FUTEX_OP_SET, 0, FUTEX_OP_CMP_GT, 1}) = 1
16942 <... futex resumed> )             = 0
16948 futex(0x7f0e7001fa54, FUTEX_WAIT_PRIVATE, 1, NULL <unfinished ...>
16942 futex(0x7f0e70008828, FUTEX_WAKE_PRIVATE, 1) = 0
16942 mprotect(0x7f0e70021000, 4096, PROT_READ|PROT_WRITE) = 0
16942 mmap(NULL, 1052672, PROT_READ|PROT_WRITE, MAP_PRIVATE|MAP_ANONYMOUS|MAP_STACK, -1, 0) = 0x7f0e74cef000
16942 mprotect(0x7f0e74cef000, 4096, PROT_NONE) = 0
16942 clone(child_stack=0x7f0e74deeff0, flags=CLONE_VM|CLONE_FS|CLONE_FILES|CLONE_SIGHAND|CLONE_THREAD|CLONE_SYSVSEM|CLONE_SETTLS|CLONE_PARENT_SETTID|CLONE_CHILD_CLEARTID, parent_tidptr=0x7f0e74def9d0, tls=0x7f0e74def700, child_tidptr=0x7f0e74def9d0) = 16949
16949 set_robust_list(0x7f0e74def9e0, 0x18 <unfinished ...>
16942 futex(0x7f0e70008854, FUTEX_WAIT_PRIVATE, 13, NULL <unfinished ...>
16949 <... set_robust_list resumed> )   = 0
16949 gettid()                          = 16949
16949 rt_sigprocmask(SIG_BLOCK, NULL, [QUIT], 8) = 0
16949 rt_sigprocmask(SIG_UNBLOCK, [HUP INT ILL BUS FPE SEGV USR2 TERM], NULL, 8) = 0
16949 rt_sigprocmask(SIG_BLOCK, [QUIT], NULL, 8) = 0
16949 futex(0x7f0e70008854, FUTEX_WAKE_OP_PRIVATE, 1, 1, 0x7f0e70008850, {FUTEX_OP_SET, 0, FUTEX_OP_CMP_GT, 1}) = 1
16942 <... futex resumed> )             = 0
16949 futex(0x7f0e70021754, FUTEX_WAIT_PRIVATE, 1, NULL <unfinished ...>
16942 futex(0x7f0e70008828, FUTEX_WAKE_PRIVATE, 1) = 0
16942 mprotect(0x7f0e70022000, 4096, PROT_READ|PROT_WRITE) = 0
16942 mprotect(0x7f0e70023000, 4096, PROT_READ|PROT_WRITE) = 0
16942 mmap(NULL, 1052672, PROT_READ|PROT_WRITE, MAP_PRIVATE|MAP_ANONYMOUS|MAP_STACK, -1, 0) = 0x7f0e74bee000
16942 mprotect(0x7f0e74bee000, 4096, PROT_NONE) = 0
16942 clone(child_stack=0x7f0e74cedff0, flags=CLONE_VM|CLONE_FS|CLONE_FILES|CLONE_SIGHAND|CLONE_THREAD|CLONE_SYSVSEM|CLONE_SETTLS|CLONE_PARENT_SETTID|CLONE_CHILD_CLEARTID, parent_tidptr=0x7f0e74cee9d0, tls=0x7f0e74cee700, child_tidptr=0x7f0e74cee9d0) = 16950
16950 set_robust_list(0x7f0e74cee9e0, 0x18 <unfinished ...>
16942 futex(0x7f0e70008854, FUTEX_WAIT_PRIVATE, 15, NULL <unfinished ...>
16950 <... set_robust_list resumed> )   = 0
16950 gettid()                          = 16950
16950 rt_sigprocmask(SIG_BLOCK, NULL, [QUIT], 8) = 0
16950 rt_sigprocmask(SIG_UNBLOCK, [HUP INT ILL BUS FPE SEGV USR2 TERM], NULL, 8) = 0
16950 rt_sigprocmask(SIG_BLOCK, [QUIT], NULL, 8) = 0
16950 futex(0x7f0e70008854, FUTEX_WAKE_OP_PRIVATE, 1, 1, 0x7f0e70008850, {FUTEX_OP_SET, 0, FUTEX_OP_CMP_GT, 1}) = 1
16942 <... futex resumed> )             = 0
16950 futex(0x7f0e70023554, FUTEX_WAIT_PRIVATE, 1, NULL <unfinished ...>
16942 futex(0x7f0e70008828, FUTEX_WAKE_PRIVATE, 1) = 0
16942 futex(0x7f0e70016654, FUTEX_WAKE_OP_PRIVATE, 1, 1, 0x7f0e70016650, {FUTEX_OP_SET, 0, FUTEX_OP_CMP_GT, 1}) = 1
16943 <... futex resumed> )             = 0
16942 futex(0x7f0e70018454, FUTEX_WAKE_OP_PRIVATE, 1, 1, 0x7f0e70018450, {FUTEX_OP_SET, 0, FUTEX_OP_CMP_GT, 1} <unfinished ...>
16943 futex(0x7f0e70016628, FUTEX_WAKE_PRIVATE, 1 <unfinished ...>
16944 <... futex resumed> )             = 0
16942 <... futex resumed> )             = 1
16944 futex(0x7f0e70018428, FUTEX_WAIT_PRIVATE, 2, NULL <unfinished ...>
16943 <... futex resumed> )             = 0
16942 futex(0x7f0e70018428, FUTEX_WAKE_PRIVATE, 1 <unfinished ...>
16944 <... futex resumed> )             = -1 EAGAIN (Resource temporarily unavailable)
16943 mmap(NULL, 134217728, PROT_NONE, MAP_PRIVATE|MAP_ANONYMOUS|MAP_NORESERVE, -1, 0 <unfinished ...>
16942 <... futex resumed> )             = 0
16944 futex(0x7f0e70018428, FUTEX_WAKE_PRIVATE, 1 <unfinished ...>
16943 <... mmap resumed> )              = 0x7f0e65000000
16942 futex(0x7f0e7001a154, FUTEX_WAKE_OP_PRIVATE, 1, 1, 0x7f0e7001a150, {FUTEX_OP_SET, 0, FUTEX_OP_CMP_GT, 1} <unfinished ...>
16944 <... futex resumed> )             = 0
16943 munmap(0x7f0e65000000, 50331648 <unfinished ...>
16945 <... futex resumed> )             = 0
16944 mmap(NULL, 134217728, PROT_NONE, MAP_PRIVATE|MAP_ANONYMOUS|MAP_NORESERVE, -1, 0 <unfinished ...>
16942 <... futex resumed> )             = 1
16945 futex(0x7f0e7001a128, FUTEX_WAIT_PRIVATE, 2, NULL <unfinished ...>
16944 <... mmap resumed> )              = 0x7f0e60000000
16943 <... munmap resumed> )            = 0
16942 futex(0x7f0e7001a128, FUTEX_WAKE_PRIVATE, 1 <unfinished ...>
16945 <... futex resumed> )             = -1 EAGAIN (Resource temporarily unavailable)
16944 munmap(0x7f0e64000000, 67108864 <unfinished ...>
16943 munmap(0x7f0e6c000000, 16777216 <unfinished ...>
16942 <... futex resumed> )             = 0
16945 futex(0x7f0e7001a128, FUTEX_WAKE_PRIVATE, 1 <unfinished ...>
16944 <... munmap resumed> )            = 0
16943 <... munmap resumed> )            = 0
16942 futex(0x7f0e7001bf54, FUTEX_WAKE_OP_PRIVATE, 1, 1, 0x7f0e7001bf50, {FUTEX_OP_SET, 0, FUTEX_OP_CMP_GT, 1} <unfinished ...>
16945 <... futex resumed> )             = 0
16944 mprotect(0x7f0e60000000, 135168, PROT_READ|PROT_WRITE <unfinished ...>
16943 mprotect(0x7f0e68000000, 135168, PROT_READ|PROT_WRITE <unfinished ...>
16946 <... futex resumed> )             = 0
16945 mmap(0x7f0e64000000, 67108864, PROT_NONE, MAP_PRIVATE|MAP_ANONYMOUS|MAP_NORESERVE, -1, 0 <unfinished ...>
16944 <... mprotect resumed> )          = 0
16942 <... futex resumed> )             = 1
16946 futex(0x7f0e7001bf28, FUTEX_WAIT_PRIVATE, 2, NULL <unfinished ...>
16945 <... mmap resumed> )              = 0x7f0e64000000
16943 <... mprotect resumed> )          = 0
16944 sched_getaffinity(16944, 32,  <unfinished ...>
16942 futex(0x7f0e7001bf28, FUTEX_WAKE_PRIVATE, 1 <unfinished ...>
16946 <... futex resumed> )             = -1 EAGAIN (Resource temporarily unavailable)
16945 mprotect(0x7f0e64000000, 135168, PROT_READ|PROT_WRITE <unfinished ...>
16944 <... sched_getaffinity resumed>  { ff, 0, 0, 0 }) = 32
16943 sched_getaffinity(16943, 32,  <unfinished ...>
16942 <... futex resumed> )             = 0
16946 futex(0x7f0e7001bf28, FUTEX_WAKE_PRIVATE, 1 <unfinished ...>
16945 <... mprotect resumed> )          = 0
16944 sched_getaffinity(16944, 32,  <unfinished ...>
16943 <... sched_getaffinity resumed>  { ff, 0, 0, 0 }) = 32
16942 futex(0x7f0e7001dc54, FUTEX_WAKE_OP_PRIVATE, 1, 1, 0x7f0e7001dc50, {FUTEX_OP_SET, 0, FUTEX_OP_CMP_GT, 1} <unfinished ...>
16946 <... futex resumed> )             = 0
16945 sched_getaffinity(16945, 32,  <unfinished ...>
16944 <... sched_getaffinity resumed>  { ff, 0, 0, 0 }) = 32
16943 sched_getaffinity(16943, 32,  <unfinished ...>
16947 <... futex resumed> )             = 0
16946 mmap(NULL, 134217728, PROT_NONE, MAP_PRIVATE|MAP_ANONYMOUS|MAP_NORESERVE, -1, 0 <unfinished ...>
16945 <... sched_getaffinity resumed>  { ff, 0, 0, 0 }) = 32
16944 futex(0x7f0e70018454, FUTEX_WAIT_PRIVATE, 3, NULL <unfinished ...>
16943 <... sched_getaffinity resumed>  { ff, 0, 0, 0 }) = 32
16942 <... futex resumed> )             = 1
16947 futex(0x7f0e7001dc28, FUTEX_WAIT_PRIVATE, 2, NULL <unfinished ...>
16946 <... mmap resumed> )              = 0x7f0e58000000
16945 sched_getaffinity(16945, 32,  <unfinished ...>
16943 futex(0x7f0e70016654, FUTEX_WAIT_PRIVATE, 3, NULL <unfinished ...>
16942 futex(0x7f0e7001dc28, FUTEX_WAKE_PRIVATE, 1 <unfinished ...>
16947 <... futex resumed> )             = -1 EAGAIN (Resource temporarily unavailable)
16946 munmap(0x7f0e5c000000, 67108864 <unfinished ...>
16945 <... sched_getaffinity resumed>  { ff, 0, 0, 0 }) = 32
16942 <... futex resumed> )             = 0
16947 futex(0x7f0e7001dc28, FUTEX_WAKE_PRIVATE, 1 <unfinished ...>
16946 <... munmap resumed> )            = 0
16945 futex(0x7f0e7001a154, FUTEX_WAIT_PRIVATE, 3, NULL <unfinished ...>
16942 futex(0x7f0e7001fa54, FUTEX_WAKE_OP_PRIVATE, 1, 1, 0x7f0e7001fa50, {FUTEX_OP_SET, 0, FUTEX_OP_CMP_GT, 1} <unfinished ...>
16947 <... futex resumed> )             = 0
16946 mprotect(0x7f0e58000000, 135168, PROT_READ|PROT_WRITE <unfinished ...>
16948 <... futex resumed> )             = 0
16947 mmap(0x7f0e5c000000, 67108864, PROT_NONE, MAP_PRIVATE|MAP_ANONYMOUS|MAP_NORESERVE, -1, 0 <unfinished ...>
16942 <... futex resumed> )             = 1
16948 futex(0x7f0e7001fa28, FUTEX_WAIT_PRIVATE, 2, NULL <unfinished ...>
16947 <... mmap resumed> )              = 0x7f0e5c000000
16946 <... mprotect resumed> )          = 0
16942 futex(0x7f0e7001fa28, FUTEX_WAKE_PRIVATE, 1 <unfinished ...>
16948 <... futex resumed> )             = -1 EAGAIN (Resource temporarily unavailable)
16947 mprotect(0x7f0e5c000000, 135168, PROT_READ|PROT_WRITE <unfinished ...>
16946 sched_getaffinity(16946, 32,  <unfinished ...>
16942 <... futex resumed> )             = 0
16948 futex(0x7f0e7001fa28, FUTEX_WAKE_PRIVATE, 1 <unfinished ...>
16947 <... mprotect resumed> )          = 0
16946 <... sched_getaffinity resumed>  { ff, 0, 0, 0 }) = 32
16948 <... futex resumed> )             = 0
16947 sched_getaffinity(16947, 32,  <unfinished ...>
16942 futex(0x7f0e70021754, FUTEX_WAKE_OP_PRIVATE, 1, 1, 0x7f0e70021750, {FUTEX_OP_SET, 0, FUTEX_OP_CMP_GT, 1} <unfinished ...>
16948 mmap(NULL, 134217728, PROT_NONE, MAP_PRIVATE|MAP_ANONYMOUS|MAP_NORESERVE, -1, 0 <unfinished ...>
16947 <... sched_getaffinity resumed>  { ff, 0, 0, 0 }) = 32
16946 sched_getaffinity(16946, 32,  <unfinished ...>
16949 <... futex resumed> )             = 0
16948 <... mmap resumed> )              = 0x7f0e50000000
16947 sched_getaffinity(16947, 32,  <unfinished ...>
16942 <... futex resumed> )             = 1
16946 <... sched_getaffinity resumed>  { ff, 0, 0, 0 }) = 32
16949 futex(0x7f0e70021728, FUTEX_WAIT_PRIVATE, 2, NULL <unfinished ...>
16948 munmap(0x7f0e54000000, 67108864 <unfinished ...>
16947 <... sched_getaffinity resumed>  { ff, 0, 0, 0 }) = 32
16942 futex(0x7f0e70021728, FUTEX_WAKE_PRIVATE, 1 <unfinished ...>
16949 <... futex resumed> )             = -1 EAGAIN (Resource temporarily unavailable)
16948 <... munmap resumed> )            = 0
16947 futex(0x7f0e7001dc54, FUTEX_WAIT_PRIVATE, 3, NULL <unfinished ...>
16946 futex(0x7f0e7001bf54, FUTEX_WAIT_PRIVATE, 3, NULL <unfinished ...>
16942 <... futex resumed> )             = 0
16949 futex(0x7f0e70021728, FUTEX_WAKE_PRIVATE, 1 <unfinished ...>
16948 mprotect(0x7f0e50000000, 135168, PROT_READ|PROT_WRITE <unfinished ...>
16949 <... futex resumed> )             = 0
16942 futex(0x7f0e70023554, FUTEX_WAKE_OP_PRIVATE, 1, 1, 0x7f0e70023550, {FUTEX_OP_SET, 0, FUTEX_OP_CMP_GT, 1} <unfinished ...>
16949 mmap(0x7f0e54000000, 67108864, PROT_NONE, MAP_PRIVATE|MAP_ANONYMOUS|MAP_NORESERVE, -1, 0 <unfinished ...>
16948 <... mprotect resumed> )          = 0
16950 <... futex resumed> )             = 0
16949 <... mmap resumed> )              = 0x7f0e54000000
16942 <... futex resumed> )             = 1
16950 futex(0x7f0e70023528, FUTEX_WAIT_PRIVATE, 2, NULL <unfinished ...>
16949 mprotect(0x7f0e54000000, 135168, PROT_READ|PROT_WRITE <unfinished ...>
16948 sched_getaffinity(16948, 32,  <unfinished ...>
16942 futex(0x7f0e70023528, FUTEX_WAKE_PRIVATE, 1 <unfinished ...>
16950 <... futex resumed> )             = -1 EAGAIN (Resource temporarily unavailable)
16949 <... mprotect resumed> )          = 0
16948 <... sched_getaffinity resumed>  { ff, 0, 0, 0 }) = 32
16942 <... futex resumed> )             = 0
16950 futex(0x7f0e70023528, FUTEX_WAKE_PRIVATE, 1 <unfinished ...>
16949 sched_getaffinity(16949, 32,  <unfinished ...>
16948 sched_getaffinity(16948, 32,  <unfinished ...>
16950 <... futex resumed> )             = 0
16949 <... sched_getaffinity resumed>  { ff, 0, 0, 0 }) = 32
16942 mmap(NULL, 133365760, PROT_READ|PROT_WRITE, MAP_PRIVATE|MAP_ANONYMOUS|MAP_NORESERVE, -1, 0 <unfinished ...>
16950 open("/proc/stat", O_RDONLY|O_CLOEXEC <unfinished ...>
16949 sched_getaffinity(16949, 32,  <unfinished ...>
16948 <... sched_getaffinity resumed>  { ff, 0, 0, 0 }) = 32
16950 <... open resumed> )              = 4
16949 <... sched_getaffinity resumed>  { ff, 0, 0, 0 }) = 32
16942 <... mmap resumed> )              = 0x7f0e480d0000
16950 read(4,  <unfinished ...>
16949 futex(0x7f0e70021754, FUTEX_WAIT_PRIVATE, 3, NULL <unfinished ...>
16948 futex(0x7f0e7001fa54, FUTEX_WAIT_PRIVATE, 3, NULL <unfinished ...>
16942 mmap(0x7f0e480d0000, 133365760, PROT_READ|PROT_WRITE, MAP_PRIVATE|MAP_FIXED|MAP_ANONYMOUS, -1, 0) = 0x7f0e480d0000
16942 mmap(NULL, 33341440, PROT_READ|PROT_WRITE, MAP_PRIVATE|MAP_ANONYMOUS|MAP_NORESERVE, -1, 0) = 0x7f0e46104000
16950 <... read resumed> "cpu  50386790 5416 4132001 77544"..., 8192) = 2457
16942 mmap(0x7f0e46104000, 33341440, PROT_READ|PROT_WRITE, MAP_PRIVATE|MAP_FIXED|MAP_ANONYMOUS, -1, 0 <unfinished ...>
16950 close(4 <unfinished ...>
16942 <... mmap resumed> )              = 0x7f0e46104000
16950 <... close resumed> )             = 0
16950 mmap(NULL, 134217728, PROT_NONE, MAP_PRIVATE|MAP_ANONYMOUS|MAP_NORESERVE, -1, 0 <unfinished ...>
16942 mprotect(0x7f0e70024000, 4096, PROT_READ|PROT_WRITE <unfinished ...>
16950 <... mmap resumed> )              = 0x7f0e3e104000
16942 <... mprotect resumed> )          = 0
16950 munmap(0x7f0e3e104000, 32489472)  = 0
16942 mmap(NULL, 163840, PROT_READ|PROT_WRITE, MAP_PRIVATE|MAP_ANONYMOUS, -1, 0 <unfinished ...>
16950 munmap(0x7f0e44000000, 34619392 <unfinished ...>
16942 <... mmap resumed> )              = 0x7f0e3ffd8000
16950 <... munmap resumed> )            = 0
16950 mprotect(0x7f0e40000000, 135168, PROT_READ|PROT_WRITE) = 0
16950 sched_getaffinity(16950, 32,  { ff, 0, 0, 0 }) = 32
16950 sched_getaffinity(16950, 32,  { ff, 0, 0, 0 }) = 32
16950 futex(0x7f0e70023554, FUTEX_WAIT_PRIVATE, 3, NULL <unfinished ...>
16942 mprotect(0x7f0e70025000, 8192, PROT_READ|PROT_WRITE) = 0
16942 mprotect(0x7f0e70027000, 32768, PROT_READ|PROT_WRITE) = 0
16942 mprotect(0x7f0e7002f000, 4096, PROT_READ|PROT_WRITE) = 0
16942 mprotect(0x7f0e70030000, 8192, PROT_READ|PROT_WRITE) = 0
16942 mprotect(0x7f0e70032000, 4096, PROT_READ|PROT_WRITE) = 0
16942 mprotect(0x7f0e70033000, 4096, PROT_READ|PROT_WRITE) = 0
16942 mprotect(0x7f0e70034000, 4096, PROT_READ|PROT_WRITE) = 0
16942 mprotect(0x7f0e70035000, 8192, PROT_READ|PROT_WRITE) = 0
16942 mprotect(0x7f0e70037000, 4096, PROT_READ|PROT_WRITE) = 0
16942 mprotect(0x7f0e70038000, 4096, PROT_READ|PROT_WRITE) = 0
16942 mprotect(0x7f0e70039000, 4096, PROT_READ|PROT_WRITE) = 0
16942 mprotect(0x7f0e7003a000, 4096, PROT_READ|PROT_WRITE) = 0
16942 open("/proc/meminfo", O_RDONLY)   = 4
16942 fstat(4, {st_mode=S_IFREG|0444, st_size=0, ...}) = 0
16942 mmap(NULL, 4096, PROT_READ|PROT_WRITE, MAP_PRIVATE|MAP_ANONYMOUS, -1, 0) = 0x7f0e46103000
16942 read(4, "MemTotal:       16332956 kB\nMemF"..., 1024) = 1024
16942 close(4)                          = 0
16942 munmap(0x7f0e46103000, 4096)      = 0
16942 mprotect(0x7f0e7003b000, 8192, PROT_READ|PROT_WRITE) = 0
16942 mprotect(0x7f0e7003d000, 8192, PROT_READ|PROT_WRITE) = 0
16942 mprotect(0x7f0e7003f000, 32768, PROT_READ|PROT_WRITE) = 0
16942 lstat("/usr", {st_mode=S_IFDIR|0775, st_size=4096, ...}) = 0
16942 lstat("/usr/lib", {st_mode=S_IFDIR|0755, st_size=16384, ...}) = 0
16942 lstat("/usr/lib/jvm", {st_mode=S_IFDIR|0755, st_size=4096, ...}) = 0
16942 lstat("/usr/lib/jvm/jdk1.7.0_25", {st_mode=S_IFDIR|0755, st_size=4096, ...}) = 0
16942 lstat("/usr/lib/jvm/jdk1.7.0_25/jre", {st_mode=S_IFDIR|0755, st_size=4096, ...}) = 0
16942 lstat("/usr/lib/jvm/jdk1.7.0_25/jre/lib", {st_mode=S_IFDIR|0755, st_size=4096, ...}) = 0
16942 lstat("/usr/lib/jvm/jdk1.7.0_25/jre/lib/rt.jar", {st_mode=S_IFREG|0644, st_size=62611458, ...}) = 0
16942 open("/usr/lib/jvm/jdk1.7.0_25/jre/lib/rt.jar", O_RDONLY) = 4
16942 fstat(4, {st_mode=S_IFREG|0644, st_size=62611458, ...}) = 0
16942 fcntl(4, F_GETFD)                 = 0
16942 fcntl(4, F_SETFD, FD_CLOEXEC)     = 0
16942 mprotect(0x7f0e70047000, 4096, PROT_READ|PROT_WRITE) = 0
16942 read(4, "PK\3\4", 4)              = 4
16942 lseek(4, 0, SEEK_END)             = 62611458
16942 lseek(4, 62611330, SEEK_SET)      = 62611330
16942 read(4, "\0\0\0\0\0\242C\237\3java/lang/String.classP"..., 128) = 128
16942 lseek(4, 62611451, SEEK_SET)      = 62611451
16942 read(4, "PACK200", 7)             = 7
16942 mmap(NULL, 1822715, PROT_READ, MAP_SHARED, 4, 0x39f9000) = 0x7f0e45f47000
16942 mmap(NULL, 458752, PROT_READ|PROT_WRITE, MAP_PRIVATE|MAP_ANONYMOUS, -1, 0) = 0x7f0e45ed7000
16942 mprotect(0x7f0e70048000, 36864, PROT_READ|PROT_WRITE) = 0
16942 lseek(4, 60787732, SEEK_SET)      = 60787732
16942 read(4, "PK\3\4\n\0\0\0\0\0003\246\305B\20\350e\344\353\5\0\0\353\5\0\0\26\0\0\0", 30) = 30
16942 lseek(4, 60787784, SEEK_SET)      = 60787784
16942 read(4, "\312\376\272\276\0\0\0003\0O\7\0002\n\0\1\0003\n\0\22\0004\n\0005\0006\n\0\1\0"..., 1515) = 1515
16942 mprotect(0x7f0e70051000, 32768, PROT_READ|PROT_WRITE) = 0
16942 mprotect(0x7f0e70059000, 16384, PROT_READ|PROT_WRITE) = 0
16942 lseek(4, 60769186, SEEK_SET)      = 60769186
16942 read(4, "PK\3\4\n\0\0\0\0\0003\246\305B/?y,>H\0\0>H\0\0\26\0\0\0", 30) = 30
16942 lseek(4, 60769238, SEEK_SET)      = 60769238
16942 read(4, "\312\376\272\276\0\0\0003\2\20\3\205\353\312k\3\302\262\2565\3\314\236-Q\3\346Tkd\3\0"..., 18494) = 18494
16942 mprotect(0x7f0e7005d000, 4096, PROT_READ|PROT_WRITE) = 0
16942 mprotect(0x7f0e7005e000, 8192, PROT_READ|PROT_WRITE) = 0
16942 mprotect(0x7f0e70060000, 4096, PROT_READ|PROT_WRITE) = 0
16942 lseek(4, 60769017, SEEK_SET)      = 60769017
16942 read(4, "PK\3\4\n\0\0\0\0\0003\246\305B\316P\337\256q\0\0\0q\0\0\0\32\0\0\0", 30) = 30
16942 lseek(4, 60769073, SEEK_SET)      = 60769073
16942 read(4, "\312\376\272\276\0\0\0003\0\7\1\0\nSourceFile\1\0\24java/i"..., 113) = 113
16942 lseek(4, 60768726, SEEK_SET)      = 60768726
16942 read(4, "PK\3\4\n\0\0\0\0\0003\246\305Bi\366\226g\353\0\0\0\353\0\0\0\32\0\0\0", 30) = 30
16942 lseek(4, 60768782, SEEK_SET)      = 60768782
16942 read(4, "\312\376\272\276\0\0\0003\0\f\1\0\25(Ljava/lang/Object;"..., 235) = 235
16942 lseek(4, 60768411, SEEK_SET)      = 60768411
16942 read(4, "PK\3\4\n\0\0\0\0\0003\246\305B:\224C\341\1\1\0\0\1\1\0\0\34\0\0\0", 30) = 30
16942 lseek(4, 60768469, SEEK_SET)      = 60768469
16942 read(4, "\312\376\272\276\0\0\0003\0\17\1\0\3()I\1\0\24()Ljava/lang/"..., 257) = 257
16942 lseek(4, 60739335, SEEK_SET)      = 60739335
16942 read(4, "PK\3\4\n\0\0\0\0\0003\246\305B\235\r\261\31aq\0\0aq\0\0\25\0\0\0", 30) = 30
16942 lseek(4, 60739386, SEEK_SET)      = 60739386
16942 read(4, "\312\376\272\276\0\0\0003\4\2\10\0\24\10\0\25\10\0\27\10\0003\10\0004\10\0005\10\0006\10"..., 29025) = 29025
16942 mprotect(0x7f0e70061000, 4096, PROT_READ|PROT_WRITE) = 0
16942 mprotect(0x7f0e70062000, 4096, PROT_READ|PROT_WRITE) = 0
16942 mprotect(0x7f0e70063000, 8192, PROT_READ|PROT_WRITE) = 0
16942 mprotect(0x7f0e70065000, 4096, PROT_READ|PROT_WRITE) = 0
16942 mprotect(0x7f0e70066000, 4096, PROT_READ|PROT_WRITE) = 0
16942 mprotect(0x7f0e70067000, 4096, PROT_READ|PROT_WRITE) = 0
16942 lseek(4, 60739001, SEEK_SET)      = 60739001
16942 read(4, "PK\3\4\n\0\0\0\0\0003\246\305B\355\t\27\245\6\1\0\0\6\1\0\0*\0\0\0", 30) = 30
16942 lseek(4, 60739073, SEEK_SET)      = 60739073
16942 read(4, "\312\376\272\276\0\0\0003\0\v\1\0\tSignature\1\0\nSourceF"..., 262) = 262
16942 lseek(4, 60738836, SEEK_SET)      = 60738836
16942 read(4, "PK\3\4\n\0\0\0\0\0003\246\305B/ \3239k\0\0\0k\0\0\0\34\0\0\0", 30) = 30
16942 lseek(4, 60738894, SEEK_SET)      = 60738894
16942 read(4, "\312\376\272\276\0\0\0003\0\7\1\0\nSourceFile\1\0\20java/l"..., 107) = 107
16942 lseek(4, 60738251, SEEK_SET)      = 60738251
16942 read(4, "PK\3\4\n\0\0\0\0\0003\246\305B>\245\360/\3\2\0\0\3\2\0\0(\0\0\0", 30) = 30
16942 lseek(4, 60738321, SEEK_SET)      = 60738321
16942 read(4, "\312\376\272\276\0\0\0003\0\21\1\0\tSignature\1\0\nSourceF"..., 515) = 515
16942 lseek(4, 60738087, SEEK_SET)      = 60738087
16942 read(4, "PK\3\4\n\0\0\0\0\0004\246\305B\327\313\306\21m\0\0\0m\0\0\0\31\0\0\0", 30) = 30
16942 lseek(4, 60738142, SEEK_SET)      = 60738142
16942 read(4, "\312\376\272\276\0\0\0003\0\7\1\0\nSourceFile\1\0\23java/l"..., 109) = 109
16942 lseek(4, 60714839, SEEK_SET)      = 60714839
16942 read(4, "PK\3\4\n\0\0\0\0\0004\246\305B\21K\221\272\227Z\0\0\227Z\0\0\33\0\0\0", 30) = 30
16942 lseek(4, 60714896, SEEK_SET)      = 60714896
16942 read(4, "\312\376\272\276\0\0\0003\3K\10\0\23\10\0\24\10\0\25\10\0\26\10\0\27\10\0/\10\0002\10"..., 23191) = 23191
16942 mprotect(0x7f0e70068000, 4096, PROT_READ|PROT_WRITE) = 0
16942 mprotect(0x7f0e70069000, 4096, PROT_READ|PROT_WRITE) = 0
16942 mprotect(0x7f0e7006a000, 8192, PROT_READ|PROT_WRITE) = 0
16942 mprotect(0x7f0e7006c000, 4096, PROT_READ|PROT_WRITE) = 0
16942 lseek(4, 60707794, SEEK_SET)      = 60707794
16942 read(4, "PK\3\4\n\0\0\0\0\0005\246\305B\"P\246fQ\33\0\0Q\33\0\0\26\0\0\0", 30) = 30
16942 lseek(4, 60707846, SEEK_SET)      = 60707846
16942 read(4, "\312\376\272\276\0\0\0003\1d\10\0\f\10\0B\10\0C\10\0K\10\0i\10\0j\10\0k\10"..., 6993) = 6993
16942 mprotect(0x7f0e7006d000, 4096, PROT_READ|PROT_WRITE) = 0
16942 lseek(4, 60699593, SEEK_SET)      = 60699593
16942 read(4, "PK\3\4\n\0\0\0\0\0003\246\305Bl\322\351m\322\37\0\0\322\37\0\0\31\0\0\0", 30) = 30
16942 lseek(4, 60699648, SEEK_SET)      = 60699648
16942 read(4, "\312\376\272\276\0\0\0003\1K\n\0\\\0\271\t\0M\0\272\t\0M\0\273\t\0M\0\274\t\0"..., 8146) = 8146
16942 mprotect(0x7f0e7006e000, 4096, PROT_READ|PROT_WRITE) = 0
16942 mprotect(0x7f0e7006f000, 8192, PROT_READ|PROT_WRITE) = 0
16942 lseek(4, 60698897, SEEK_SET)      = 60698897
16942 read(4, "PK\3\4\n\0\0\0\0\0004\246\305B\342\31\21\"\205\2\0\0\205\2\0\0\25\0\0\0", 30) = 30
16942 lseek(4, 60698948, SEEK_SET)      = 60698948
16942 read(4, "\312\376\272\276\0\0\0003\0\36\n\0\7\0\27\n\0\7\0\30\n\0\7\0\31\n\0\7\0\32\n\0"..., 645) = 645
16942 lseek(4, 60698571, SEEK_SET)      = 60698571
16942 read(4, "PK\3\4\n\0\0\0\0\0005\246\305B\315\363\324<\r\1\0\0\r\1\0\0\33\0\0\0", 30) = 30
16942 lseek(4, 60698628, SEEK_SET)      = 60698628
16942 read(4, "\312\376\272\276\0\0\0003\0\22\1\0\3()V\1\0\6<init>\1\0\4Code"..., 269) = 269
16942 lseek(4, 60697863, SEEK_SET)      = 60697863
16942 read(4, "PK\3\4\n\0\0\0\0\0003\246\305B2$\251\361\215\2\0\0\215\2\0\0\31\0\0\0", 30) = 30
16942 lseek(4, 60697918, SEEK_SET)      = 60697918
16942 read(4, "\312\376\272\276\0\0\0003\0\36\1\0\3()V\1\0\25(Ljava/lang/S"..., 653) = 653
16942 lseek(4, 60697134, SEEK_SET)      = 60697134
16942 read(4, "PK\3\4\n\0\0\0\0\0004\246\305B;\247\177\303\233\2\0\0\233\2\0\0 \0\0\0", 30) = 30
16942 lseek(4, 60697196, SEEK_SET)      = 60697196
16942 read(4, "\312\376\272\276\0\0\0003\0\36\1\0\3()V\1\0\25(Ljava/lang/S"..., 667) = 667
16942 lseek(4, 60691107, SEEK_SET)      = 60691107
16942 read(4, "PK\3\4\n\0\0\0\0\0004\246\305B\262\2139\232I\27\0\0I\27\0\0$\0\0\0", 30) = 30
16942 lseek(4, 60691173, SEEK_SET)      = 60691173
16942 read(4, "\312\376\272\276\0\0\0003\1\v\10\0\v\10\0\f\10\0\r\10\0\16\10\0\26\10\0\27\10\0\30\10"..., 5961) = 5961
16942 mprotect(0x7f0e70071000, 4096, PROT_READ|PROT_WRITE) = 0
16942 lseek(4, 60683807, SEEK_SET)      = 60683807
16942 read(4, "PK\3\4\n\0\0\0\0\0005\246\305B\332\356\244m>\34\0\0>\34\0\0(\0\0\0", 30) = 30
16942 lseek(4, 60683877, SEEK_SET)      = 60683877
16942 read(4, "\312\376\272\276\0\0\0003\1\3\10\0\16\10\0\31\10\0$\10\0%\10\0&\10\0,\10\0006\10"..., 7230) = 7230
16942 mprotect(0x7f0e70072000, 4096, PROT_READ|PROT_WRITE) = 0
16942 lseek(4, 60682994, SEEK_SET)      = 60682994
16942 read(4, "PK\3\4\n\0\0\0\0\0004\246\305BF\332O\201\351\2\0\0\351\2\0\0&\0\0\0", 30) = 30
16942 lseek(4, 60683062, SEEK_SET)      = 60683062
16942 read(4, "\312\376\272\276\0\0\0003\0 \1\0\3()V\1\0\25(Ljava/lang/S"..., 745) = 745
16942 mprotect(0x7f0e70073000, 8192, PROT_READ|PROT_WRITE) = 0
16942 lseek(4, 27804369, SEEK_SET)      = 27804369
16942 read(4, "PK\3\4\n\0\0\0\0\0004\246\305B\256j&.F\2\0\0F\2\0\0,\0\0\0", 30) = 30
16942 lseek(4, 27804443, SEEK_SET)      = 27804443
16942 read(4, "\312\376\272\276\0\0\0003\0\33\1\0\3()V\1\0\25(Ljava/lang/S"..., 582) = 582
16942 lseek(4, 60682548, SEEK_SET)      = 60682548
16942 read(4, "PK\3\4\n\0\0\0\0\0005\246\305B\321k\205y|\1\0\0|\1\0\0$\0\0\0", 30) = 30
16942 lseek(4, 60682614, SEEK_SET)      = 60682614
16942 read(4, "\312\376\272\276\0\0\0003\0\25\1\0\3()V\1\0\25(Ljava/lang/S"..., 380) = 380
16942 lseek(4, 60682029, SEEK_SET)      = 60682029
16942 read(4, "PK\3\4\n\0\0\0\0\0004\246\305B\200\377x0\315\1\0\0\315\1\0\0\34\0\0\0", 30) = 30
16942 lseek(4, 60682087, SEEK_SET)      = 60682087
16942 read(4, "\312\376\272\276\0\0\0003\0\30\n\0\5\0\23\n\0\5\0\24\n\0\5\0\25\7\0\26\7\0\27\1"..., 461) = 461
16942 lseek(4, 60681585, SEEK_SET)      = 60681585
16942 read(4, "PK\3\4\n\0\0\0\0\0005\246\305B}}\220\302|\1\0\0|\1\0\0\"\0\0\0", 30) = 30
16942 lseek(4, 60681649, SEEK_SET)      = 60681649
16942 read(4, "\312\376\272\276\0\0\0003\0\25\1\0\3()V\1\0\25(Ljava/lang/S"..., 380) = 380
16942 lseek(4, 60681138, SEEK_SET)      = 60681138
16942 read(4, "PK\3\4\n\0\0\0\0\0005\246\305B\221re\242~\1\0\0~\1\0\0#\0\0\0", 30) = 30
16942 lseek(4, 60681203, SEEK_SET)      = 60681203
16942 read(4, "\312\376\272\276\0\0\0003\0\25\1\0\3()V\1\0\25(Ljava/lang/S"..., 382) = 382
16942 lseek(4, 60680766, SEEK_SET)      = 60680766
16942 read(4, "PK\3\4\n\0\0\0\0\0005\246\305BN\344\35153\1\0\0003\1\0\0#\0\0\0", 30) = 30
16942 lseek(4, 60680831, SEEK_SET)      = 60680831
16942 read(4, "\312\376\272\276\0\0\0003\0\20\1\0\3()V\1\0\25(Ljava/lang/S"..., 307) = 307
16942 lseek(4, 60680325, SEEK_SET)      = 60680325
16942 read(4, "PK\3\4\n\0\0\0\0\0005\246\305B\307\7f\242{\1\0\0{\1\0\0 \0\0\0", 30) = 30
16942 lseek(4, 60680387, SEEK_SET)      = 60680387
16942 read(4, "\312\376\272\276\0\0\0003\0\25\1\0\3()V\1\0\25(Ljava/lang/S"..., 379) = 379
16942 lseek(4, 60679878, SEEK_SET)      = 60679878
16942 read(4, "PK\3\4\n\0\0\0\0\0005\246\305B3 \177W\177\1\0\0\177\1\0\0\"\0\0\0", 30) = 30
16942 lseek(4, 60679942, SEEK_SET)      = 60679942
16942 read(4, "\312\376\272\276\0\0\0003\0\25\1\0\3()V\1\0\25(Ljava/lang/S"..., 383) = 383
16942 lseek(4, 60679404, SEEK_SET)      = 60679404
16942 read(4, "PK\3\4\n\0\0\0\0\0005\246\305B\206\300Vm\220\1\0\0\220\1\0\0,\0\0\0", 30) = 30
16942 lseek(4, 60679478, SEEK_SET)      = 60679478
16942 read(4, "\312\376\272\276\0\0\0003\0\25\1\0\3()V\1\0\25(Ljava/lang/S"..., 400) = 400
16942 lseek(4, 60676927, SEEK_SET)      = 60676927
16942 read(4, "PK\3\4\n\0\0\0\0\0004\246\305B\306\332\271\224r\t\0\0r\t\0\0\35\0\0\0", 30) = 30
16942 lseek(4, 60676986, SEEK_SET)      = 60676986
16942 read(4, "\312\376\272\276\0\0\0003\0p\10\0\20\1\0\5()TT;\1\0\3()V\1\0\3()"..., 2418) = 2418
16942 lseek(4, 60676094, SEEK_SET)      = 60676094
16942 read(4, "PK\3\4\n\0\0\0\0\0004\246\305BF\255+\304\2\3\0\0\2\3\0\0!\0\0\0", 30) = 30
16942 lseek(4, 60676157, SEEK_SET)      = 60676157
16942 read(4, "\312\376\272\276\0\0\0003\0#\1\0\5()TT;\1\0\25(Ljava/lang"..., 770) = 770
16942 lseek(4, 60675529, SEEK_SET)      = 60675529
16942 read(4, "PK\3\4\n\0\0\0\0\0004\246\305B\375\214)\202\366\1\0\0\366\1\0\0!\0\0\0", 30) = 30
16942 lseek(4, 60675592, SEEK_SET)      = 60675592
16942 read(4, "\312\376\272\276\0\0\0003\0\24\1\0\25(Ljava/lang/Object;"..., 502) = 502
16942 lseek(4, 60675060, SEEK_SET)      = 60675060
16942 read(4, "PK\3\4\n\0\0\0\0\0005\246\305B\360\225\253\v\225\1\0\0\225\1\0\0\"\0\0\0", 30) = 30
16942 lseek(4, 60675124, SEEK_SET)      = 60675124
16942 read(4, "\312\376\272\276\0\0\0003\0\20\1\0\6<init>\1\0\4Code\1\0\17Lin"..., 405) = 405
16942 lseek(4, 60674500, SEEK_SET)      = 60674500
16942 read(4, "PK\3\4\n\0\0\0\0\0005\246\305B\n\210\2660\356\1\0\0\356\1\0\0$\0\0\0", 30) = 30
16942 lseek(4, 60674566, SEEK_SET)      = 60674566
16942 read(4, "\312\376\272\276\0\0\0003\0\23\1\0\5()TT;\1\0\6<init>\1\0\4Co"..., 494) = 494
16942 lseek(4, 60671292, SEEK_SET)      = 60671292
16942 read(4, "PK\3\4\n\0\0\0\0\0005\246\305B\260\t\266NM\f\0\0M\f\0\0\35\0\0\0", 30) = 30
16942 lseek(4, 60671351, SEEK_SET)      = 60671351
16942 read(4, "\312\376\272\276\0\0\0003\0\212\1\0\3()V\1\0\3()Z\1\0\4(I)V\1\0\25"..., 3149) = 3149
16942 mprotect(0x7f0e70075000, 4096, PROT_READ|PROT_WRITE) = 0
16942 lseek(4, 60658014, SEEK_SET)      = 60658014
16942 read(4, "PK\3\4\n\0\0\0\0\0004\246\305B\275\373\226\323\2523\0\0\2523\0\0\26\0\0\0", 30) = 30
16942 lseek(4, 60658066, SEEK_SET)      = 60658066
16942 read(4, "\312\376\272\276\0\0\0003\2\23\3\0\7\241 \3\0\17B?\10\0\17\10\0\37\10\0006\10\0009"..., 13226) = 13226
16942 mprotect(0x7f0e70076000, 4096, PROT_READ|PROT_WRITE) = 0
16942 lseek(4, 60657833, SEEK_SET)      = 60657833
16942 read(4, "PK\3\4\n\0\0\0\0\0004\246\305B-f\220\257\177\0\0\0\177\0\0\0\30\0\0\0", 30) = 30
16942 lseek(4, 60657887, SEEK_SET)      = 60657887
16942 read(4, "\312\376\272\276\0\0\0003\0\t\1\0\3()V\1\0\nSourceFile\1\0\20"..., 127) = 127
16942 lseek(4, 60648112, SEEK_SET)      = 60648112
16942 read(4, "PK\3\4\n\0\0\0\0\0004\246\305B\270\37\272\225\300%\0\0\300%\0\0\33\0\0\0", 30) = 30
16942 lseek(4, 60648169, SEEK_SET)      = 60648169
16942 read(4, "\312\376\272\276\0\0\0003\1\f\10\0\10\10\0\t\10\0\25\10\0\31\10\0%\10\0&\10\0g\1"..., 9664) = 9664
16942 lseek(4, 60647754, SEEK_SET)      = 60647754
16942 read(4, "PK\3\4\n\0\0\0\0\0004\246\305B\253&@\306\31\1\0\0\31\1\0\0/\0\0\0", 30) = 30
16942 lseek(4, 60647831, SEEK_SET)      = 60647831
16942 read(4, "\312\376\272\276\0\0\0003\0\r\1\0\fInnerClasses\1\0\nSour"..., 281) = 281
16942 lseek(4, 60639388, SEEK_SET)      = 60639388
16942 read(4, "PK\3\4\n\0\0\0\0\0004\246\305B\335\31\34\364v \0\0v \0\0\32\0\0\0", 30) = 30
16942 lseek(4, 60639444, SEEK_SET)      = 60639444
16942 read(4, "\312\376\272\276\0\0\0003\1\1\3\177\377\377\377\10\0\t\10\0\26\10\0\27\10\0\30\10\0\33\10\0"..., 8310) = 8310
16942 mprotect(0x7f0e70077000, 4096, PROT_READ|PROT_WRITE) = 0
16942 lseek(4, 60627866, SEEK_SET)      = 60627866
16942 read(4, "PK\3\4\n\0\0\0\0\0004\246\305B\342\1\261\22\313,\0\0\313,\0\0\31\0\0\0", 30) = 30
16942 lseek(4, 60627921, SEEK_SET)      = 60627921
16942 read(4, "\312\376\272\276\0\0\0003\1\244\3\177\377\377\367\3\177\377\377\377\4?@\0\0\4O\0\0\0\10\0"..., 11467) = 11467
16942 mprotect(0x7f0e70078000, 4096, PROT_READ|PROT_WRITE) = 0
16942 mprotect(0x7f0e70079000, 8192, PROT_READ|PROT_WRITE) = 0
16942 lseek(4, 60626882, SEEK_SET)      = 60626882
16942 read(4, "PK\3\4\n\0\0\0\0\0004\246\305B\370\3E\"\247\3\0\0\247\3\0\0\23\0\0\0", 30) = 30
16942 lseek(4, 60626931, SEEK_SET)      = 60626931
16942 read(4, "\312\376\272\276\0\0\0003\0*\1\0\3()I\1\0\3()V\1\0\3()Z\1\0\25("..., 935) = 935
16942 lseek(4, 60626137, SEEK_SET)      = 60626137
16942 read(4, "PK\3\4\n\0\0\0\0\0004\246\305BYI\221\"\261\2\0\0\261\2\0\0\32\0\0\0", 30) = 30
16942 lseek(4, 60626193, SEEK_SET)      = 60626193
16942 read(4, "\312\376\272\276\0\0\0003\0\37\1\0\3()I\1\0\3()V\1\0\3()Z\1\0\v("..., 689) = 689
16942 lseek(4, 60622561, SEEK_SET)      = 60622561
16942 read(4, "PK\3\4\n\0\0\0\0\0004\246\305B\314\237`'\262\r\0\0\262\r\0\0(\0\0\0", 30) = 30
16942 lseek(4, 60622631, SEEK_SET)      = 60622631
16942 read(4, "\312\376\272\276\0\0\0003\0\211\10\0\r\10\0\16\10\0=\1\0\3()V\1\0\3()Z\1"..., 3506) = 3506
16942 lseek(4, 60612567, SEEK_SET)      = 60612567
16942 read(4, "PK\3\4\n\0\0\0\0\0004\246\305BM>\361\340\317&\0\0\317&\0\0\35\0\0\0", 30) = 30
16942 lseek(4, 60612626, SEEK_SET)      = 60612626
16942 read(4, "\312\376\272\276\0\0\0003\1V\10\0\5\10\0\6\10\0\22\10\0 \1\0\0\1\0\1 \1\0\3"..., 9935) = 9935
16942 mprotect(0x7f0e7007b000, 4096, PROT_READ|PROT_WRITE) = 0
16942 lseek(4, 60612121, SEEK_SET)      = 60612121
16942 read(4, "PK\3\4\n\0\0\0\0\0004\246\305B\5%\277j\202\1\0\0\202\1\0\0\36\0\0\0", 30) = 30
16942 lseek(4, 60612181, SEEK_SET)      = 60612181
16942 read(4, "\312\376\272\276\0\0\0003\0\27\1\0\3()I\1\0\24()Ljava/lang/"..., 386) = 386
16942 lseek(4, 60601921, SEEK_SET)      = 60601921
16942 read(4, "PK\3\4\n\0\0\0\0\0004\246\305B\325\214\3776\234'\0\0\234'\0\0\36\0\0\0", 30) = 30
16942 lseek(4, 60601981, SEEK_SET)      = 60601981
16942 read(4, "\312\376\272\276\0\0\0003\1v\10\0\t\10\0\23\10\0\24\10\0\26\10\0\27\10\0\33\10\0 \10"..., 10140) = 10140
16942 mprotect(0x7f0e7007c000, 4096, PROT_READ|PROT_WRITE) = 0
16942 lseek(4, 60592108, SEEK_SET)      = 60592108
16942 read(4, "PK\3\4\n\0\0\0\0\0004\246\305Bo\301\30)\24&\0\0\24&\0\0#\0\0\0", 30) = 30
16942 lseek(4, 60592173, SEEK_SET)      = 60592173
16942 read(4, "\312\376\272\276\0\0\0003\1n\10\0\r\10\0\16\10\0\17\10\0\33\10\0\34\10\0\35\10\0\36\10"..., 9748) = 9748
16942 lseek(4, 60591823, SEEK_SET)      = 60591823
16942 read(4, "PK\3\4\n\0\0\0\0\0005\246\305B\267\263\273\r\334\0\0\0\334\0\0\0#\0\0\0", 30) = 30
16942 lseek(4, 60591888, SEEK_SET)      = 60591888
16942 read(4, "\312\376\272\276\0\0\0003\0\r\1\0\3()V\1\0\6<init>\1\0\4Code"..., 220) = 220
16942 lseek(4, 60591297, SEEK_SET)      = 60591297
16942 read(4, "PK\3\4\n\0\0\0\0\0005\246\305B4\263\340U\314\1\0\0\314\1\0\0$\0\0\0", 30) = 30
16942 lseek(4, 60591363, SEEK_SET)      = 60591363
16942 read(4, "\312\376\272\276\0\0\0003\0\26\1\0\3()V\1\0009(Ljava/lang/O"..., 460) = 460
16942 lseek(4, 60590923, SEEK_SET)      = 60590923
16942 read(4, "PK\3\4\n\0\0\0\0\0004\246\305B]\223Ex8\1\0\0008\1\0\0 \0\0\0", 30) = 30
16942 lseek(4, 60590985, SEEK_SET)      = 60590985
16942 read(4, "\312\376\272\276\0\0\0003\0\16\1\0009(Ljava/lang/Object;"..., 312) = 312
16942 lseek(4, 60590350, SEEK_SET)      = 60590350
16942 read(4, "PK\3\4\n\0\0\0\0\0005\246\305B<\264\366]\366\1\0\0\366\1\0\0)\0\0\0", 30) = 30
16942 lseek(4, 60590421, SEEK_SET)      = 60590421
16942 read(4, "\312\376\272\276\0\0\0003\0\30\1\0\3()V\1\0'([Ljava/lang/"..., 502) = 502
16942 lseek(4, 60589934, SEEK_SET)      = 60589934
16942 read(4, "PK\3\4\n\0\0\0\0\0004\246\305BQ\311\6X]\1\0\0]\1\0\0%\0\0\0", 30) = 30
16942 lseek(4, 60590001, SEEK_SET)      = 60590001
16942 read(4, "\312\376\272\276\0\0\0003\0\20\1\0'([Ljava/lang/Object"..., 349) = 349
16942 lseek(4, 60589613, SEEK_SET)      = 60589613
16942 read(4, "PK\3\4\n\0\0\0\0\0006\246\305BX\275\335\337\374\0\0\0\374\0\0\0'\0\0\0", 30) = 30
16942 lseek(4, 60589682, SEEK_SET)      = 60589682
16942 read(4, "\312\376\272\276\0\0\0003\0\r\1\0\6<init>\1\0\21ClassDefin"..., 252) = 252
16942 lseek(4, 60587210, SEEK_SET)      = 60587210
16942 read(4, "PK\3\4\n\0\0\0\0\0004\246\305B\347\361TD'\t\0\0'\t\0\0\36\0\0\0", 30) = 30
16942 lseek(4, 60587270, SEEK_SET)      = 60587270
16942 read(4, "\312\376\272\276\0\0\0003\0g\10\0\20\1\0\3()I\1\0\3()V\1\0\4(I)D"..., 2343) = 2343
16942 mprotect(0x7f0e7007d000, 4096, PROT_READ|PROT_WRITE) = 0
16942 lseek(4, 60586438, SEEK_SET)      = 60586438
16942 read(4, "PK\3\4\n\0\0\0\0\0006\246\305B\243\314\5\241\267\2\0\0\267\2\0\0/\0\0\0", 30) = 30
16942 lseek(4, 60586515, SEEK_SET)      = 60586515
16942 read(4, "\312\376\272\276\0\0\0003\0&\10\0\t\1\0\3()V\1\0\10<clinit>\1\0"..., 695) = 695
16942 lseek(4, 60581348, SEEK_SET)      = 60581348
16942 read(4, "PK\3\4\n\0\0\0\0\0006\246\305B\221\304=\277\233\23\0\0\233\23\0\0)\0\0\0", 30) = 30
16942 lseek(4, 60581419, SEEK_SET)      = 60581419
16942 read(4, "\312\376\272\276\0\0\0003\0\341\10\0\27\10\0\30\10\0\31\10\0\32\10\0\33\10\0\34\10\0\35\10"..., 5019) = 5019
16942 lseek(4, 60579925, SEEK_SET)      = 60579925
16942 read(4, "PK\3\4\n\0\0\0\0\0006\246\305B\23\\\361bN\5\0\0N\5\0\0#\0\0\0", 30) = 30
16942 lseek(4, 60579990, SEEK_SET)      = 60579990
16942 read(4, "\312\376\272\276\0\0\0003\0008\1\0\3()V\1\0\25(Ljava/lang/O"..., 1358) = 1358
16942 lseek(4, 60578653, SEEK_SET)      = 60578653
16942 read(4, "PK\3\4\n\0\0\0\0\0004\246\305B\254\277Zt\273\4\0\0\273\4\0\0\37\0\0\0", 30) = 30
16942 lseek(4, 60578714, SEEK_SET)      = 60578714
16942 read(4, "\312\376\272\276\0\0\0003\0000\1\0\25(Ljava/lang/Object;"..., 1211) = 1211
16942 lseek(4, 28096442, SEEK_SET)      = 28096442
16942 read(4, "PK\3\4\n\0\0\0\0\0Q\246\305B>\253\"nb\32\0\0b\32\0\0#\0\0\0", 30) = 30
16942 lseek(4, 28096507, SEEK_SET)      = 28096507
16942 read(4, "\312\376\272\276\0\0\0003\1!\10\0\n\10\0\"\10\0+\10\0,\10\0-\10\0005\10\0:\10"..., 6754) = 6754
16942 mprotect(0x7f0e7007e000, 4096, PROT_READ|PROT_WRITE) = 0
16942 mprotect(0x7f0e7007f000, 8192, PROT_READ|PROT_WRITE) = 0
16942 mprotect(0x7f0e70081000, 4096, PROT_READ|PROT_WRITE) = 0
16942 lseek(4, 28084514, SEEK_SET)      = 28084514
16942 read(4, "PK\3\4\n\0\0\0\0\0Q\246\305B\313\240\227$\v,\0\0\v,\0\0!\0\0\0", 30) = 30
16942 lseek(4, 28084577, SEEK_SET)      = 28084577
16942 read(4, "\312\376\272\276\0\0\0003\1\236\3\377\377\0\0\3\0\0\377\377\3\0\1\0\0\3\0\1\0@\3\0"..., 11275) = 11275
16942 mprotect(0x7f0e70082000, 4096, PROT_READ|PROT_WRITE) = 0
16942 lseek(4, 28171402, SEEK_SET)      = 28171402
16942 read(4, "PK\3\4\n\0\0\0\0\0Q\246\305B\333)\211\252r3\0\0r3\0\0*\0\0\0", 30) = 30
16942 lseek(4, 28171474, SEEK_SET)      = 28171474
16942 read(4, "\312\376\272\276\0\0\0003\2\6\10\0V\10\0W\10\0X\10\0Y\10\0Z\10\0h\10\0i\10"..., 13170) = 13170
16942 mprotect(0x7f0e70083000, 4096, PROT_READ|PROT_WRITE) = 0
16942 lseek(4, 27836470, SEEK_SET)      = 27836470
16942 read(4, "PK\3\4\n\0\0\0\0\0Q\246\305B]\240\2643xT\0\0xT\0\0*\0\0\0", 30) = 30
16942 lseek(4, 27836542, SEEK_SET)      = 27836542
16942 read(4, "\312\376\272\276\0\0\0003\2.\10\0\t\10\0)\10\0001\10\0008\10\0009\10\0:\10\0N\10"..., 21624) = 21624
16942 mprotect(0x7f0e70084000, 4096, PROT_READ|PROT_WRITE) = 0
16942 mprotect(0x7f0e70085000, 4096, PROT_READ|PROT_WRITE) = 0
16942 mprotect(0x7f0e70086000, 8192, PROT_READ|PROT_WRITE) = 0
16942 mprotect(0x7f0e70088000, 4096, PROT_READ|PROT_WRITE) = 0
16942 lseek(4, 27858166, SEEK_SET)      = 27858166
16942 read(4, "PK\3\4\n\0\0\0\0\0Q\246\305Be\271 \233j\21\0\0j\21\0\0(\0\0\0", 30) = 30
16942 lseek(4, 27858236, SEEK_SET)      = 27858236
16942 read(4, "\312\376\272\276\0\0\0003\0\314\10\0\5\10\0\6\10\0#\10\0B\1\0\30 argume"..., 4458) = 4458
16942 lseek(4, 27871443, SEEK_SET)      = 27871443
16942 read(4, "PK\3\4\n\0\0\0\0\0Q\246\305B'\231\24\236\217\7\0\0\217\7\0\0)\0\0\0", 30) = 30
16942 lseek(4, 27871514, SEEK_SET)      = 27871514
16942 read(4, "\312\376\272\276\0\0\0003\0f\1\0\23$assertionsDisabled"..., 1935) = 1935
16942 lseek(4, 28231035, SEEK_SET)      = 28231035
16942 read(4, "PK\3\4\n\0\0\0\0\0Q\246\305B\213\340\364tj6\0\0j6\0\0!\0\0\0", 30) = 30
16942 lseek(4, 28231098, SEEK_SET)      = 28231098
16942 read(4, "\312\376\272\276\0\0\0003\1\365\10\0\f\10\0\16\10\0\33\10\0\34\10\0003\10\0004\10\0\204\10"..., 13930) = 13930
16942 mprotect(0x7f0e70089000, 4096, PROT_READ|PROT_WRITE) = 0
16942 lseek(4, 28245028, SEEK_SET)      = 28245028
16942 read(4, "PK\3\4\n\0\0\0\0\0Q\246\305B1\317W\253\275\37\0\0\275\37\0\0%\0\0\0", 30) = 30
16942 lseek(4, 28245095, SEEK_SET)      = 28245095
16942 read(4, "\312\376\272\276\0\0\0003\1\10\3\377\377\0\0\10\0\23\10\0\24\10\0j\1\0\23$asse"..., 8125) = 8125
16942 mprotect(0x7f0e7008a000, 4096, PROT_READ|PROT_WRITE) = 0
16942 lseek(4, 27667036, SEEK_SET)      = 27667036
16942 read(4, "PK\3\4\n\0\0\0\0\0Q\246\305B\327r\\\253\r\3\0\0\r\3\0\0$\0\0\0", 30) = 30
16942 lseek(4, 27667102, SEEK_SET)      = 27667102
16942 read(4, "\312\376\272\276\0\0\0003\0&\1\0\24()Ljava/lang/String"..., 781) = 781
16942 lseek(4, 28370228, SEEK_SET)      = 28370228
16942 read(4, "PK\3\4\n\0\0\0\0\0Q\246\305B\336\314\31\314\217\1\0\0\217\1\0\0/\0\0\0", 30) = 30
16942 lseek(4, 28370305, SEEK_SET)      = 28370305
16942 read(4, "\312\376\272\276\0\0\0003\0\25\1\0\3()V\1\0\25(Ljava/lang/S"..., 399) = 399
16942 lseek(4, 27862694, SEEK_SET)      = 27862694
16942 read(4, "PK\3\4\n\0\0\0\0\0Q\246\305B\24d0u\361\32\0\0\361\32\0\0\37\0\0\0", 30) = 30
16942 lseek(4, 27862755, SEEK_SET)      = 27862755
16942 read(4, "\312\376\272\276\0\0\0003\1\36\10\0\n\10\0%\10\0&\10\0'\10\0002\10\0d\10\0f\10"..., 6897) = 6897
16942 lseek(4, 27870632, SEEK_SET)      = 27870632
16942 read(4, "PK\3\4\n\0\0\0\0\0R\246\305B?\n8=\342\2\0\0\342\2\0\0+\0\0\0", 30) = 30
16942 lseek(4, 27870705, SEEK_SET)      = 27870705
16942 read(4, "\312\376\272\276\0\0\0003\0%\1\0\4(I)J\1\0\6<init>\1\0\tCOU"..., 738) = 738
16942 lseek(4, 27869652, SEEK_SET)      = 27869652
16942 read(4, "PK\3\4\n\0\0\0\0\0R\246\305B\304\3\30\277\217\3\0\0\217\3\0\0'\0\0\0", 30) = 30
16942 lseek(4, 27869721, SEEK_SET)      = 27869721
16942 read(4, "\312\376\272\276\0\0\0003\0*\1\0\3()V\1\0\6<init>\1\0\4Code"..., 911) = 911
16942 lseek(4, 28253220, SEEK_SET)      = 28253220
16942 read(4, "PK\3\4\n\0\0\0\0\0R\246\305BS+\352\322\360\4\0\0\360\4\0\0&\0\0\0", 30) = 30
16942 lseek(4, 28253288, SEEK_SET)      = 28253288
16942 read(4, "\312\376\272\276\0\0\0003\0009\1\0\3()V\1\0\4(I)V\1\0\10<clini"..., 1264) = 1264
16942 lseek(4, 28369385, SEEK_SET)      = 28369385
16942 read(4, "PK\3\4\n\0\0\0\0\0R\246\305B\257\227\362\373\6\3\0\0\6\3\0\0'\0\0\0", 30) = 30
16942 lseek(4, 28369454, SEEK_SET)      = 28369454
16942 read(4, "\312\376\272\276\0\0\0003\0!\1\0\6<init>\1\0\4Code\1\0\17Lin"..., 774) = 774
16942 lseek(4, 60548460, SEEK_SET)      = 60548460
16942 read(4, "PK\3\4\n\0\0\0\0\0004\246\305BD\204IQ\257'\0\0\257'\0\0\34\0\0\0", 30) = 30
16942 lseek(4, 60548518, SEEK_SET)      = 60548518
16942 read(4, "\312\376\272\276\0\0\0003\1m\10\0/\10\0I\10\0U\10\0[\1\0\3()I\1\0\24("..., 10159) = 10159
16942 mprotect(0x7f0e7008b000, 4096, PROT_READ|PROT_WRITE) = 0
16942 mprotect(0x7f0e7008c000, 4096, PROT_READ|PROT_WRITE) = 0
16942 lseek(4, 60538200, SEEK_SET)      = 60538200
16942 read(4, "PK\3\4\n\0\0\0\0\0004\246\305B\214\10\250\273\321'\0\0\321'\0\0%\0\0\0", 30) = 30
16942 lseek(4, 60538267, SEEK_SET)      = 60538267
16942 read(4, "\312\376\272\276\0\0\0003\0010\3\200\0\0\0\3\0\0\330\0\3\0\0\337\377\3\177\377\377\377\10\0"..., 10193) = 10193
16942 lseek(4, 60537800, SEEK_SET)      = 60537800
16942 read(4, "PK\3\4\n\0\0\0\0\0003\246\305B\274\207\36\352X\1\0\0X\1\0\0\32\0\0\0", 30) = 30
16942 lseek(4, 60537856, SEEK_SET)      = 60537856
16942 read(4, "\312\376\272\276\0\0\0003\0\16\1\0\nExceptions\1\0\nSource"..., 344) = 344
16942 lseek(4, 60112117, SEEK_SET)      = 60112117
16942 read(4, "PK\3\4\n\0\0\0\0\0004\246\305B\263\n\247;e%\0\0e%\0\0\35\0\0\0", 30) = 30
16942 lseek(4, 60112176, SEEK_SET)      = 60112176
16942 read(4, "\312\376\272\276\0\0\0003\1U\10\0<\1\0\3()I\1\0\24()Ljava/la"..., 9573) = 9573
16942 mprotect(0x7f0e7008d000, 8192, PROT_READ|PROT_WRITE) = 0
16942 lseek(4, 60535740, SEEK_SET)      = 60535740
16942 read(4, "PK\3\4\n\0\0\0\0\0003\246\305B$\234\267?\315\7\0\0\315\7\0\0!\0\0\0", 30) = 30
16942 lseek(4, 60535803, SEEK_SET)      = 60535803
16942 read(4, "\312\376\272\276\0\0\0003\0b\10\0\t\10\0\21\10\0\22\10\0\23\10\0\24\10\0\25\10\0\31\10"..., 1997) = 1997
16942 mprotect(0x7f0e7008f000, 4096, PROT_READ|PROT_WRITE) = 0
16942 lseek(4, 60532665, SEEK_SET)      = 60532665
16942 read(4, "PK\3\4\n\0\0\0\0\0004\246\305B\n\342\251%\320\v\0\0\320\v\0\0\25\0\0\0", 30) = 30
16942 lseek(4, 60532716, SEEK_SET)      = 60532716
16942 read(4, "\312\376\272\276\0\0\0003\0d\10\0\5\10\0\17\10\0\25\10\0000\1\0\3 > \1\0\3("..., 3024) = 3024
16942 lseek(4, 43245317, SEEK_SET)      = 43245317
16942 read(4, "PK\3\4\n\0\0\0\0\0n\246\305BO\236n\240\211\4\0\0\211\4\0\0\35\0\0\0", 30) = 30
16942 lseek(4, 43245376, SEEK_SET)      = 43245376
16942 read(4, "\312\376\272\276\0\0\0003\0I\10\0\24\10\0\26\10\0\31\10\0\37\10\0 \10\0#\10\0(\1"..., 1161) = 1161
16942 lseek(4, 60530194, SEEK_SET)      = 60530194
16942 read(4, "PK\3\4\n\0\0\0\0\0004\246\305B<R\362\244r\t\0\0r\t\0\0\27\0\0\0", 30) = 30
16942 lseek(4, 60530247, SEEK_SET)      = 60530247
16942 read(4, "\312\376\272\276\0\0\0003\0f\10\0\37\10\0%\10\0007\1\0\3()I\1\0\24()Lj"..., 2418) = 2418
16942 lseek(4, 60516932, SEEK_SET)      = 60516932
16942 read(4, "PK\3\4\n\0\0\0\0\0004\246\305B\326\317\201\256\2273\0\0\2273\0\0\31\0\0\0", 30) = 30
16942 lseek(4, 60516987, SEEK_SET)      = 60516987
16942 read(4, "\312\376\272\276\0\0\0003\1\310\3\374\240$\0\3\0\0\327\300\3\0\0\330\0\3\0\0\334\0\3\0"..., 13207) = 13207
16942 mprotect(0x7f0e70090000, 4096, PROT_READ|PROT_WRITE) = 0
16942 lseek(4, 60513312, SEEK_SET)      = 60513312
16942 read(4, "PK\3\4\n\0\0\0\0\0005\246\305B\r\235\230\373\361\r\0\0\361\r\0\0\25\0\0\0", 30) = 30
16942 lseek(4, 60513363, SEEK_SET)      = 60513363
16942 read(4, "\312\376\272\276\0\0\0003\0\245\3\0\177\377\377\3\177\200\0\0\3\177\300\0\0\4\377\200\0\0\4\0"..., 3569) = 3569
16942 mprotect(0x7f0e70091000, 4096, PROT_READ|PROT_WRITE) = 0
16942 lseek(4, 60512731, SEEK_SET)      = 60512731
16942 read(4, "PK\3\4\n\0\0\0\0\0004\246\305B\21~\10\346\21\2\0\0\21\2\0\0\26\0\0\0", 30) = 30
16942 lseek(4, 60512783, SEEK_SET)      = 60512783
16942 read(4, "\312\376\272\276\0\0\0003\0\"\1\0\3()B\1\0\3()D\1\0\3()F\1\0\3("..., 529) = 529
16942 lseek(4, 60508296, SEEK_SET)      = 60508296
16942 read(4, "PK\3\4\n\0\0\0\0\0005\246\305B\f\275o\210\37\21\0\0\37\21\0\0\26\0\0\0", 30) = 30
16942 lseek(4, 60508348, SEEK_SET)      = 60508348
16942 read(4, "\312\376\272\276\0\0\0003\0\343\10\0\f\10\0(\10\0)\10\0*\10\0+\10\0,\10\0-\10"..., 4383) = 4383
16942 lseek(4, 60505127, SEEK_SET)      = 60505127
16942 read(4, "PK\3\4\n\0\0\0\0\0005\246\305B\251\316\347\205/\f\0\0/\f\0\0\24\0\0\0", 30) = 30
16942 lseek(4, 60505177, SEEK_SET)      = 60505177
16942 read(4, "\312\376\272\276\0\0\0003\0\217\10\0\6\10\0\7\10\0*\10\0+\10\0.\1\0\31 out"..., 3119) = 3119
16942 lseek(4, 60501802, SEEK_SET)      = 60501802
16942 read(4, "PK\3\4\n\0\0\0\0\0005\246\305B\327H\313>\312\f\0\0\312\f\0\0\25\0\0\0", 30) = 30
16942 lseek(4, 60501853, SEEK_SET)      = 60501853
16942 read(4, "\312\376\272\276\0\0\0003\0\224\3\0\0\377\0\10\0\7\10\0\10\10\0,\10\0-\10\0H\1\0"..., 3274) = 3274
16942 lseek(4, 60492901, SEEK_SET)      = 60492901
16942 read(4, "PK\3\4\n\0\0\0\0\0005\246\305B\273\253]\16\220\"\0\0\220\"\0\0\27\0\0\0", 30) = 30
16942 lseek(4, 60492954, SEEK_SET)      = 60492954
16942 read(4, "\312\376\272\276\0\0\0003\1\6\3\200\0\0\0\3\200\0\0\1\3\0\0\314\315\3\0\0\377\0\3\0"..., 8848) = 8848
16942 mprotect(0x7f0e70092000, 4096, PROT_READ|PROT_WRITE) = 0
16942 lseek(4, 60485254, SEEK_SET)      = 60485254
16942 read(4, "PK\3\4\n\0\0\0\0\0004\246\305B\22\370\\\5\255\35\0\0\255\35\0\0\24\0\0\0", 30) = 30
16942 lseek(4, 60485304, SEEK_SET)      = 60485304
16942 read(4, "\312\376\272\276\0\0\0003\1\7\3\0\0\314\315\3\0\1\0\0\10\0\21\10\0\22\10\0\23\10\0,"..., 7597) = 7597
16942 stat(".hotspot_compiler", 0x7f0e77b4b6f0) = -1 ENOENT (No such file or directory)
16942 lseek(4, 60484804, SEEK_SET)      = 60484804
16942 read(4, "PK\3\4\n\0\0\0\0\0005\246\305B\24\350O\222\200\1\0\0\200\1\0\0$\0\0\0", 30) = 30
16942 lseek(4, 60484870, SEEK_SET)      = 60484870
16942 read(4, "\312\376\272\276\0\0\0003\0\25\1\0\3()V\1\0\25(Ljava/lang/S"..., 384) = 384
16942 lseek(4, 60484357, SEEK_SET)      = 60484357
16942 read(4, "PK\3\4\n\0\0\0\0\0005\246\305B\245\215\3763~\1\0\0~\1\0\0#\0\0\0", 30) = 30
16942 lseek(4, 60484422, SEEK_SET)      = 60484422
16942 read(4, "\312\376\272\276\0\0\0003\0\25\1\0\3()V\1\0\25(Ljava/lang/S"..., 382) = 382
16942 mprotect(0x7f0e70093000, 4096, PROT_READ|PROT_WRITE) = 0
16942 mprotect(0x7f0e70094000, 4096, PROT_READ|PROT_WRITE) = 0
16942 mprotect(0x7f0e70095000, 4096, PROT_READ|PROT_WRITE) = 0
16942 mmap(NULL, 1052672, PROT_READ|PROT_WRITE, MAP_PRIVATE|MAP_ANONYMOUS, -1, 0) = 0x7f0e45dd6000
16942 mmap(NULL, 1052672, PROT_READ|PROT_WRITE, MAP_PRIVATE|MAP_ANONYMOUS, -1, 0) = 0x7f0e45cd5000
16942 mmap(NULL, 1052672, PROT_READ|PROT_WRITE, MAP_PRIVATE|MAP_ANONYMOUS, -1, 0) = 0x7f0e45bd4000
16942 mmap(NULL, 1052672, PROT_READ|PROT_WRITE, MAP_PRIVATE|MAP_ANONYMOUS, -1, 0) = 0x7f0e45ad3000
16942 mmap(NULL, 1052672, PROT_READ|PROT_WRITE, MAP_PRIVATE|MAP_ANONYMOUS, -1, 0) = 0x7f0e459d2000
16942 mmap(NULL, 1052672, PROT_READ|PROT_WRITE, MAP_PRIVATE|MAP_ANONYMOUS, -1, 0) = 0x7f0e458d1000
16942 mmap(NULL, 1052672, PROT_READ|PROT_WRITE, MAP_PRIVATE|MAP_ANONYMOUS, -1, 0) = 0x7f0e457d0000
16942 mmap(NULL, 1052672, PROT_READ|PROT_WRITE, MAP_PRIVATE|MAP_ANONYMOUS, -1, 0) = 0x7f0e456cf000
16942 mmap(NULL, 1052672, PROT_READ|PROT_WRITE, MAP_PRIVATE|MAP_ANONYMOUS, -1, 0) = 0x7f0e455ce000
16942 mmap(NULL, 1052672, PROT_READ|PROT_WRITE, MAP_PRIVATE|MAP_ANONYMOUS, -1, 0) = 0x7f0e454cd000
16942 mmap(NULL, 135168, PROT_READ|PROT_WRITE, MAP_PRIVATE|MAP_ANONYMOUS, -1, 0) = 0x7f0e454ac000
16942 mprotect(0x7f0e70096000, 4096, PROT_READ|PROT_WRITE) = 0
16942 mmap(NULL, 1052672, PROT_READ|PROT_WRITE, MAP_PRIVATE|MAP_ANONYMOUS, -1, 0) = 0x7f0e453ab000
16942 mmap(NULL, 135168, PROT_READ|PROT_WRITE, MAP_PRIVATE|MAP_ANONYMOUS, -1, 0) = 0x7f0e4538a000
16942 mmap(NULL, 1052672, PROT_READ|PROT_WRITE, MAP_PRIVATE|MAP_ANONYMOUS, -1, 0) = 0x7f0e45289000
16942 mmap(NULL, 135168, PROT_READ|PROT_WRITE, MAP_PRIVATE|MAP_ANONYMOUS, -1, 0) = 0x7f0e45268000
16942 mmap(NULL, 1052672, PROT_READ|PROT_WRITE, MAP_PRIVATE|MAP_ANONYMOUS, -1, 0) = 0x7f0e45167000
16942 mmap(NULL, 135168, PROT_READ|PROT_WRITE, MAP_PRIVATE|MAP_ANONYMOUS, -1, 0) = 0x7f0e45146000
16942 mmap(NULL, 1052672, PROT_READ|PROT_WRITE, MAP_PRIVATE|MAP_ANONYMOUS, -1, 0) = 0x7f0e45045000
16942 mmap(NULL, 135168, PROT_READ|PROT_WRITE, MAP_PRIVATE|MAP_ANONYMOUS, -1, 0) = 0x7f0e45024000
16942 mmap(NULL, 1052672, PROT_READ|PROT_WRITE, MAP_PRIVATE|MAP_ANONYMOUS, -1, 0) = 0x7f0e44f23000
16942 mmap(NULL, 135168, PROT_READ|PROT_WRITE, MAP_PRIVATE|MAP_ANONYMOUS, -1, 0) = 0x7f0e44f02000
16942 mmap(NULL, 1052672, PROT_READ|PROT_WRITE, MAP_PRIVATE|MAP_ANONYMOUS, -1, 0) = 0x7f0e44e01000
16942 mmap(NULL, 135168, PROT_READ|PROT_WRITE, MAP_PRIVATE|MAP_ANONYMOUS, -1, 0) = 0x7f0e44de0000
16942 mmap(NULL, 1052672, PROT_READ|PROT_WRITE, MAP_PRIVATE|MAP_ANONYMOUS, -1, 0) = 0x7f0e44cdf000
16942 mmap(NULL, 135168, PROT_READ|PROT_WRITE, MAP_PRIVATE|MAP_ANONYMOUS, -1, 0) = 0x7f0e44cbe000
16942 mmap(NULL, 1052672, PROT_READ|PROT_WRITE, MAP_PRIVATE|MAP_ANONYMOUS, -1, 0) = 0x7f0e44bbd000
16942 mmap(NULL, 135168, PROT_READ|PROT_WRITE, MAP_PRIVATE|MAP_ANONYMOUS, -1, 0) = 0x7f0e44b9c000
16942 mmap(NULL, 1052672, PROT_READ|PROT_WRITE, MAP_PRIVATE|MAP_ANONYMOUS, -1, 0) = 0x7f0e44a9b000
16942 mmap(NULL, 1052672, PROT_READ|PROT_WRITE, MAP_PRIVATE|MAP_ANONYMOUS, -1, 0) = 0x7f0e4499a000
16942 mmap(NULL, 1052672, PROT_READ|PROT_WRITE, MAP_PRIVATE|MAP_ANONYMOUS, -1, 0) = 0x7f0e44899000
16942 mprotect(0x7f0e70097000, 4096, PROT_READ|PROT_WRITE) = 0
16942 mmap(NULL, 1052672, PROT_READ|PROT_WRITE, MAP_PRIVATE|MAP_ANONYMOUS, -1, 0) = 0x7f0e44798000
16942 mmap(NULL, 1052672, PROT_READ|PROT_WRITE, MAP_PRIVATE|MAP_ANONYMOUS, -1, 0) = 0x7f0e44697000
16942 mmap(NULL, 1052672, PROT_READ|PROT_WRITE, MAP_PRIVATE|MAP_ANONYMOUS, -1, 0) = 0x7f0e44596000
16942 mmap(NULL, 1052672, PROT_READ|PROT_WRITE, MAP_PRIVATE|MAP_ANONYMOUS, -1, 0) = 0x7f0e44495000
16942 mmap(NULL, 1052672, PROT_READ|PROT_WRITE, MAP_PRIVATE|MAP_ANONYMOUS, -1, 0) = 0x7f0e44394000
16942 mmap(NULL, 1052672, PROT_READ|PROT_WRITE, MAP_PRIVATE|MAP_ANONYMOUS, -1, 0) = 0x7f0e44293000
16942 mprotect(0x7f0e70098000, 4096, PROT_READ|PROT_WRITE) = 0
16942 mprotect(0x7f0e70099000, 4096, PROT_READ|PROT_WRITE) = 0
16942 mprotect(0x7f0e7009a000, 4096, PROT_READ|PROT_WRITE) = 0
16942 mmap(NULL, 1052672, PROT_READ|PROT_WRITE, MAP_PRIVATE|MAP_ANONYMOUS|MAP_STACK, -1, 0) = 0x7f0e44192000
16942 mprotect(0x7f0e44192000, 4096, PROT_NONE) = 0
16942 clone(child_stack=0x7f0e44291ff0, flags=CLONE_VM|CLONE_FS|CLONE_FILES|CLONE_SIGHAND|CLONE_THREAD|CLONE_SYSVSEM|CLONE_SETTLS|CLONE_PARENT_SETTID|CLONE_CHILD_CLEARTID, parent_tidptr=0x7f0e442929d0, tls=0x7f0e44292700, child_tidptr=0x7f0e442929d0) = 16951
16951 set_robust_list(0x7f0e442929e0, 0x18 <unfinished ...>
16942 futex(0x7f0e70008854, FUTEX_WAIT_PRIVATE, 17, NULL <unfinished ...>
16951 <... set_robust_list resumed> )   = 0
16951 gettid()                          = 16951
16951 rt_sigprocmask(SIG_BLOCK, NULL, [QUIT], 8) = 0
16951 rt_sigprocmask(SIG_UNBLOCK, [HUP INT ILL BUS FPE SEGV USR2 TERM], NULL, 8) = 0
16951 rt_sigprocmask(SIG_UNBLOCK, [QUIT], NULL, 8) = 0
16951 futex(0x7f0e70008854, FUTEX_WAKE_OP_PRIVATE, 1, 1, 0x7f0e70008850, {FUTEX_OP_SET, 0, FUTEX_OP_CMP_GT, 1}) = 1
16942 <... futex resumed> )             = 0
16951 futex(0x7f0e7009a254, FUTEX_WAIT_PRIVATE, 1, NULL <unfinished ...>
16942 futex(0x7f0e70008828, FUTEX_WAKE_PRIVATE, 1) = 0
16942 futex(0x7f0e7009a254, FUTEX_WAKE_OP_PRIVATE, 1, 1, 0x7f0e7009a250, {FUTEX_OP_SET, 0, FUTEX_OP_CMP_GT, 1} <unfinished ...>
16951 <... futex resumed> )             = 0
16942 <... futex resumed> )             = 1
16951 futex(0x7f0e7009a228, FUTEX_WAIT_PRIVATE, 2, NULL <unfinished ...>
16942 futex(0x7f0e7009a228, FUTEX_WAKE_PRIVATE, 1 <unfinished ...>
16951 <... futex resumed> )             = -1 EAGAIN (Resource temporarily unavailable)
16942 <... futex resumed> )             = 0
16951 futex(0x7f0e7009a228, FUTEX_WAKE_PRIVATE, 1 <unfinished ...>
16942 futex(0x7f0e70008854, FUTEX_WAIT_PRIVATE, 19, NULL <unfinished ...>
16951 <... futex resumed> )             = 0
16951 mmap(NULL, 134217728, PROT_NONE, MAP_PRIVATE|MAP_ANONYMOUS|MAP_NORESERVE, -1, 0) = 0x7f0e37fd8000
16951 munmap(0x7f0e37fd8000, 163840)    = 0
16951 munmap(0x7f0e3c000000, 66945024)  = 0
16951 mprotect(0x7f0e38000000, 135168, PROT_READ|PROT_WRITE) = 0
16951 sched_getaffinity(16951, 32,  { ff, 0, 0, 0 }) = 32
16951 sched_getaffinity(16951, 32,  { ff, 0, 0, 0 }) = 32
16951 futex(0x7f0e70008854, FUTEX_WAKE_OP_PRIVATE, 1, 1, 0x7f0e70008850, {FUTEX_OP_SET, 0, FUTEX_OP_CMP_GT, 1}) = 1
16942 <... futex resumed> )             = 0
16951 futex(0x7f0e7009a254, FUTEX_WAIT_BITSET_PRIVATE|FUTEX_CLOCK_REALTIME, 3, {1375312858, 693577000}, ffffffff <unfinished ...>
16942 futex(0x7f0e70008828, FUTEX_WAKE_PRIVATE, 1) = 0
16942 mprotect(0x7f0e7009b000, 4096, PROT_READ|PROT_WRITE) = 0
16942 lseek(4, 60479752, SEEK_SET)      = 60479752
16942 read(4, "PK\3\4\n\0\0\0\0\0004\246\305B\274\20\350s\300\21\0\0\300\21\0\0\37\0\0\0", 30) = 30
16942 lseek(4, 60479813, SEEK_SET)      = 60479813
16942 read(4, "\312\376\272\276\0\0\0003\0\277\10\0)\1\0\3()C\1\0\3()I\1\0\24()Lj"..., 4544) = 4544
16942 mprotect(0x7f0e7009c000, 8192, PROT_READ|PROT_WRITE) = 0
16942 lseek(4, 60478451, SEEK_SET)      = 60478451
16942 read(4, "PK\3\4\n\0\0\0\0\0003\246\305B\347,S\177\307\4\0\0\307\4\0\0000\0\0\0", 30) = 30
16942 lseek(4, 60478529, SEEK_SET)      = 60478529
16942 read(4, "\312\376\272\276\0\0\0003\0=\1\0\3()I\1\0\3()V\1\0\4(C)C\1\0\4"..., 1223) = 1223
16942 lseek(4, 60478100, SEEK_SET)      = 60478100
16942 read(4, "PK\3\4\n\0\0\0\0\0004\246\305B\177 d\315'\1\0\0'\1\0\0\32\0\0\0", 30) = 30
16942 lseek(4, 60478156, SEEK_SET)      = 60478156
16942 read(4, "\312\376\272\276\0\0\0003\0\16\1\0\25(Ljava/lang/Object;"..., 295) = 295
16942 lseek(4, 60477618, SEEK_SET)      = 60477618
16942 read(4, "PK\3\4\n\0\0\0\0\0005\246\305B\304_<s\243\1\0\0\243\1\0\0!\0\0\0", 30) = 30
16942 lseek(4, 60477681, SEEK_SET)      = 60477681
16942 read(4, "\312\376\272\276\0\0\0003\0\25\1\0\25(Ljava/lang/String;"..., 419) = 419
16942 lseek(4, 60475205, SEEK_SET)      = 60475205
16942 read(4, "PK\3\4\n\0\0\0\0\0004\246\305B\254\253\17E,\t\0\0,\t\0\0#\0\0\0", 30) = 30
16942 lseek(4, 60475270, SEEK_SET)      = 60475270
16942 read(4, "\312\376\272\276\0\0\0003\0p\10\0\7\10\0\37\10\0 \10\0!\10\0005\10\0006\1\0\0\1"..., 2348) = 2348
16942 lseek(4, 60473608, SEEK_SET)      = 60473608
16942 read(4, "PK\3\4\n\0\0\0\0\0004\246\305B\271\f\370\356\1\6\0\0\1\6\0\0\36\0\0\0", 30) = 30
16942 lseek(4, 60473668, SEEK_SET)      = 60473668
16942 read(4, "\312\376\272\276\0\0\0003\0W\10\0\4\10\0\5\10\0\6\1\0\3\" \"\1\0\2\")\1\0"..., 1537) = 1537
16942 lseek(4, 60473347, SEEK_SET)      = 60473347
16942 read(4, "PK\3\4\n\0\0\0\0\0004\246\305Baw\237\347\316\0\0\0\316\0\0\0\31\0\0\0", 30) = 30
16942 lseek(4, 60473402, SEEK_SET)      = 60473402
16942 read(4, "\312\376\272\276\0\0\0003\0\f\1\0\25(Ljava/lang/Object;"..., 206) = 206
16942 lseek(4, 60444337, SEEK_SET)      = 60444337
16942 read(4, "PK\3\4\n\0\0\0\0\0005\246\305B\245Y7k\204\17\0\0\204\17\0\0$\0\0\0", 30) = 30
16942 lseek(4, 60444403, SEEK_SET)      = 60444403
16942 read(4, "\312\376\272\276\0\0\0003\0\240\10\0\26\10\0\31\10\0\36\10\0\37\10\0008\10\0009\10\0<\1"..., 3972) = 3972
16942 lseek(4, 60443839, SEEK_SET)      = 60443839
16942 read(4, "PK\3\4\n\0\0\0\0\0006\246\305B\233D_\276\253\1\0\0\253\1\0\0)\0\0\0", 30) = 30
16942 lseek(4, 60443910, SEEK_SET)      = 60443910
16942 read(4, "\312\376\272\276\0\0\0003\0\25\1\0\25(Ljava/lang/String;"..., 427) = 427
16942 lseek(4, 60443068, SEEK_SET)      = 60443068
16942 read(4, "PK\3\4\n\0\0\0\0\0004\246\305B\365F|i\247\2\0\0\247\2\0\0>\0\0\0", 30) = 30
16942 lseek(4, 60443160, SEEK_SET)      = 60443160
16942 read(4, "\312\376\272\276\0\0\0003\0\35\1\0\3()V\1\0\6<init>\1\0\4Code"..., 679) = 679
16942 lseek(4, 60442759, SEEK_SET)      = 60442759
16942 read(4, "PK\3\4\n\0\0\0\0\0005\246\305B=\311\313\203\363\0\0\0\363\0\0\0$\0\0\0", 30) = 30
16942 lseek(4, 60442825, SEEK_SET)      = 60442825
16942 read(4, "\312\376\272\276\0\0\0003\0\f\1\0\5()TT;\1\0\tSignature\1\0"..., 243) = 243
16942 lseek(4, 59694425, SEEK_SET)      = 59694425
16942 read(4, "PK\3\4\n\0\0\0\0\0004\246\305BZ\347\345\35\22\10\0\0\22\10\0\0$\0\0\0", 30) = 30
16942 lseek(4, 59694491, SEEK_SET)      = 59694491
16942 read(4, "\312\376\272\276\0\0\0003\0c\10\0\n\10\0\36\1\0\3()I\1\0\24()Ljava"..., 2066) = 2066
16942 mprotect(0x7f0e7009e000, 4096, PROT_READ|PROT_WRITE) = 0
16942 lseek(4, 60569359, SEEK_SET)      = 60569359
16942 read(4, "PK\3\4\n\0\0\0\0\0004\246\305BA\347\10\"\32$\0\0\32$\0\0\26\0\0\0", 30) = 30
16942 lseek(4, 60569411, SEEK_SET)      = 60569411
16942 read(4, "\312\376\272\276\0\0\0003\1'\3\177\377\377\367\3\177\377\377\377\10\0\n\10\0\v\10\0$\10\0%"..., 9242) = 9242
16942 lseek(4, 60567882, SEEK_SET)      = 60567882
16942 read(4, "PK\3\4\n\0\0\0\0\0003\246\305B\17\3644G\223\5\0\0\223\5\0\0\24\0\0\0", 30) = 30
16942 lseek(4, 60567932, SEEK_SET)      = 60567932
16942 read(4, "\312\376\272\276\0\0\0003\0;\1\0\3()I\1\0\3()V\1\0\3()Z\1\0\6("..., 1427) = 1427
16942 lseek(4, 60566985, SEEK_SET)      = 60566985
16942 read(4, "PK\3\4\n\0\0\0\0\0003\246\305B\212l=\320I\3\0\0I\3\0\0\32\0\0\0", 30) = 30
16942 lseek(4, 60567041, SEEK_SET)      = 60567041
16942 read(4, "\312\376\272\276\0\0\0003\0&\1\0\3()I\1\0\3()V\1\0\3()Z\1\0\25("..., 841) = 841
16942 mprotect(0x7f0e7009f000, 4096, PROT_READ|PROT_WRITE) = 0
16942 lseek(4, 60566679, SEEK_SET)      = 60566679
16942 read(4, "PK\3\4\n\0\0\0\0\0003\246\305B\220\355\321\346\374\0\0\0\374\0\0\0\30\0\0\0", 30) = 30
16942 lseek(4, 60566733, SEEK_SET)      = 60566733
16942 read(4, "\312\376\272\276\0\0\0003\0\f\1\0\tSignature\1\0\nSourceF"..., 252) = 252
16942 lseek(4, 60566506, SEEK_SET)      = 60566506
16942 read(4, "PK\3\4\n\0\0\0\0\0004\246\305B\215E\26cs\0\0\0s\0\0\0\34\0\0\0", 30) = 30
16942 lseek(4, 60566564, SEEK_SET)      = 60566564
16942 read(4, "\312\376\272\276\0\0\0003\0\7\1\0\nSourceFile\1\0\20java/l"..., 115) = 115
16942 lseek(4, 60562553, SEEK_SET)      = 60562553
16942 read(4, "PK\3\4\n\0\0\0\0\0004\246\305B\216\241\34L7\17\0\0007\17\0\0\34\0\0\0", 30) = 30
16942 lseek(4, 60562611, SEEK_SET)      = 60562611
16942 read(4, "\312\376\272\276\0\0\0003\0\247\10\0\21\10\0\26\1\0\3()I\1\0\24()Ljava"..., 3895) = 3895
16942 lseek(4, 60558677, SEEK_SET)      = 60558677
16942 read(4, "PK\3\4\n\0\0\0\0\0004\246\305B\35540\201\344\16\0\0\344\16\0\0\"\0\0\0", 30) = 30
16942 lseek(4, 60558741, SEEK_SET)      = 60558741
16942 read(4, "\312\376\272\276\0\0\0003\0\203\3\177\377\377\367\3\177\377\377\377\10\0\17\10\0\26\10\0\33\1\0\3"..., 3812) = 3812
16942 lseek(4, 60441615, SEEK_SET)      = 60441615
16942 read(4, "PK\3\4\n\0\0\0\0\0004\246\305BG\240\371\201E\4\0\0E\4\0\0\25\0\0\0", 30) = 30
16942 lseek(4, 60441666, SEEK_SET)      = 60441666
16942 read(4, "\312\376\272\276\0\0\0003\0008\1\0\3()I\1\0\5()TE;\1\0\3()V\1\0"..., 1093) = 1093
16942 lseek(4, 60434461, SEEK_SET)      = 60434461
16942 read(4, "PK\3\4\n\0\0\0\0\0004\246\305B\204\3657\271\261\33\0\0\261\33\0\0#\0\0\0", 30) = 30
16942 lseek(4, 60434526, SEEK_SET)      = 60434526
16942 read(4, "\312\376\272\276\0\0\0003\1\5\10\0\f\10\0F\1\0\3()I\1\0\24()Ljava"..., 7089) = 7089
16942 mprotect(0x7f0e700a0000, 4096, PROT_READ|PROT_WRITE) = 0
16942 lseek(4, 60433999, SEEK_SET)      = 60433999
16942 read(4, "PK\3\4\n\0\0\0\0\0004\246\305B'\201\304\231\216\1\0\0\216\1\0\0\"\0\0\0", 30) = 30
16942 lseek(4, 60434063, SEEK_SET)      = 60434063
16942 read(4, "\312\376\272\276\0\0\0003\0\25\1\0\3()V\1\0\6<init>\1\0\4Code"..., 398) = 398
16942 lseek(4, 60432634, SEEK_SET)      = 60432634
16942 read(4, "PK\3\4\n\0\0\0\0\0004\246\305B&\347o\\\t\5\0\0\t\5\0\0.\0\0\0", 30) = 30
16942 lseek(4, 60432710, SEEK_SET)      = 60432710
16942 read(4, "\312\376\272\276\0\0\0003\0B\1\0\3()V\1\0\6<init>\1\0\4Code"..., 1289) = 1289
16942 mprotect(0x7f0e700a1000, 4096, PROT_READ|PROT_WRITE) = 0
16942 mprotect(0x7f0e700a2000, 4096, PROT_READ|PROT_WRITE) = 0
16942 mmap(NULL, 1052672, PROT_READ|PROT_WRITE, MAP_PRIVATE|MAP_ANONYMOUS|MAP_STACK, -1, 0) = 0x7f0e74aed000
16942 clone(child_stack=0x7f0e74becff0, flags=CLONE_VM|CLONE_FS|CLONE_FILES|CLONE_SIGHAND|CLONE_THREAD|CLONE_SYSVSEM|CLONE_SETTLS|CLONE_PARENT_SETTID|CLONE_CHILD_CLEARTID, parent_tidptr=0x7f0e74bed9d0, tls=0x7f0e74bed700, child_tidptr=0x7f0e74bed9d0) = 16952
16952 set_robust_list(0x7f0e74bed9e0, 0x18 <unfinished ...>
16942 futex(0x7f0e70008854, FUTEX_WAIT_PRIVATE, 21, NULL <unfinished ...>
16952 <... set_robust_list resumed> )   = 0
16952 gettid()                          = 16952
16952 rt_sigprocmask(SIG_BLOCK, NULL, [QUIT], 8) = 0
16952 rt_sigprocmask(SIG_UNBLOCK, [HUP INT ILL BUS FPE SEGV USR2 TERM], NULL, 8) = 0
16952 rt_sigprocmask(SIG_BLOCK, [QUIT], NULL, 8) = 0
16952 futex(0x7f0e70008854, FUTEX_WAKE_OP_PRIVATE, 1, 1, 0x7f0e70008850, {FUTEX_OP_SET, 0, FUTEX_OP_CMP_GT, 1}) = 1
16942 <... futex resumed> )             = 0
16952 futex(0x7f0e700a2154, FUTEX_WAIT_PRIVATE, 1, NULL <unfinished ...>
16942 futex(0x7f0e70008828, FUTEX_WAKE_PRIVATE, 1) = 0
16942 futex(0x7f0e700a2154, FUTEX_WAKE_OP_PRIVATE, 1, 1, 0x7f0e700a2150, {FUTEX_OP_SET, 0, FUTEX_OP_CMP_GT, 1} <unfinished ...>
16952 <... futex resumed> )             = 0
16942 <... futex resumed> )             = 1
16952 futex(0x7f0e700a2128, FUTEX_WAIT_PRIVATE, 2, NULL <unfinished ...>
16942 futex(0x7f0e700a2128, FUTEX_WAKE_PRIVATE, 1 <unfinished ...>
16952 <... futex resumed> )             = -1 EAGAIN (Resource temporarily unavailable)
16942 <... futex resumed> )             = 0
16952 futex(0x7f0e700a2128, FUTEX_WAKE_PRIVATE, 1 <unfinished ...>
16942 lseek(4, 60463152, SEEK_SET <unfinished ...>
16952 <... futex resumed> )             = 0
16942 <... lseek resumed> )             = 60463152
16952 mmap(NULL, 134217728, PROT_NONE, MAP_PRIVATE|MAP_ANONYMOUS|MAP_NORESERVE, -1, 0 <unfinished ...>
16942 read(4,  <unfinished ...>
16952 <... mmap resumed> )              = 0x7f0e30000000
16942 <... read resumed> "PK\3\4\n\0\0\0\0\0004\246\305B\366\214\302Q\314\t\0\0\314\t\0\0\"\0\0\0", 30) = 30
16952 munmap(0x7f0e34000000, 67108864 <unfinished ...>
16942 lseek(4, 60463216, SEEK_SET <unfinished ...>
16952 <... munmap resumed> )            = 0
16942 <... lseek resumed> )             = 60463216
16952 mprotect(0x7f0e30000000, 135168, PROT_READ|PROT_WRITE <unfinished ...>
16942 read(4,  <unfinished ...>
16952 <... mprotect resumed> )          = 0
16942 <... read resumed> "\312\376\272\276\0\0\0003\0c\10\0\17\1\0\3()V\1\0\4(I)V\1\0\4(J)"..., 2508) = 2508
16952 sched_getaffinity(16952, 32,  { ff, 0, 0, 0 }) = 32
16952 sched_getaffinity(16952, 32,  { ff, 0, 0, 0 }) = 32
16942 lseek(4, 60462601, SEEK_SET <unfinished ...>
16952 mmap(0x7f0e74aed000, 12288, PROT_READ|PROT_WRITE, MAP_PRIVATE|MAP_FIXED|MAP_ANONYMOUS, -1, 0 <unfinished ...>
16942 <... lseek resumed> )             = 60462601
16952 <... mmap resumed> )              = 0x7f0e74aed000
16942 read(4,  <unfinished ...>
16952 mprotect(0x7f0e74aed000, 12288, PROT_NONE <unfinished ...>
16942 <... read resumed> "PK\3\4\n\0\0\0\0\0004\246\305B\336F\337\224\342\1\0\0\342\1\0\0'\0\0\0", 30) = 30
16952 <... mprotect resumed> )          = 0
16942 lseek(4, 60462670, SEEK_SET)      = 60462670
16942 read(4, "\312\376\272\276\0\0\0003\0\25\1\0\3()V\1\0\6<init>\1\0\4Code"..., 482) = 482
16942 lseek(4, 60462109, SEEK_SET <unfinished ...>
16952 futex(0x7f0e700a1d54, FUTEX_WAIT_PRIVATE, 1, NULL <unfinished ...>
16942 <... lseek resumed> )             = 60462109
16942 read(4, "PK\3\4\n\0\0\0\0\0004\246\305BF\334\305\342\247\1\0\0\247\1\0\0'\0\0\0", 30) = 30
16942 lseek(4, 60462178, SEEK_SET)      = 60462178
16942 read(4, "\312\376\272\276\0\0\0003\0\25\1\0\3()V\1\0\6<init>\1\0\4Code"..., 423) = 423
16942 lseek(4, 60431754, SEEK_SET)      = 60431754
16942 read(4, "PK\3\4\n\0\0\0\0\0005\246\305B%\211\350\352%\3\0\0%\3\0\0-\0\0\0", 30) = 30
16942 lseek(4, 60431829, SEEK_SET)      = 60431829
16942 read(4, "\312\376\272\276\0\0\0003\0+\10\0\5\1\0\3()V\1\0\6<init>\1\0\4C"..., 805) = 805
16942 mprotect(0x7f0e700a3000, 4096, PROT_READ|PROT_WRITE) = 0
16942 mprotect(0x7f0e700a4000, 4096, PROT_READ|PROT_WRITE) = 0
16942 mmap(NULL, 1052672, PROT_READ|PROT_WRITE, MAP_PRIVATE|MAP_ANONYMOUS|MAP_STACK, -1, 0) = 0x7f0e749ec000
16942 clone(child_stack=0x7f0e74aebff0, flags=CLONE_VM|CLONE_FS|CLONE_FILES|CLONE_SIGHAND|CLONE_THREAD|CLONE_SYSVSEM|CLONE_SETTLS|CLONE_PARENT_SETTID|CLONE_CHILD_CLEARTID, parent_tidptr=0x7f0e74aec9d0, tls=0x7f0e74aec700, child_tidptr=0x7f0e74aec9d0) = 16953
16953 set_robust_list(0x7f0e74aec9e0, 0x18 <unfinished ...>
16942 futex(0x7f0e70008854, FUTEX_WAIT_PRIVATE, 23, NULL <unfinished ...>
16953 <... set_robust_list resumed> )   = 0
16953 gettid()                          = 16953
16953 rt_sigprocmask(SIG_BLOCK, NULL, [QUIT], 8) = 0
16953 rt_sigprocmask(SIG_UNBLOCK, [HUP INT ILL BUS FPE SEGV USR2 TERM], NULL, 8) = 0
16953 rt_sigprocmask(SIG_BLOCK, [QUIT], NULL, 8) = 0
16953 futex(0x7f0e70008854, FUTEX_WAKE_OP_PRIVATE, 1, 1, 0x7f0e70008850, {FUTEX_OP_SET, 0, FUTEX_OP_CMP_GT, 1}) = 1
16942 <... futex resumed> )             = 0
16953 futex(0x7f0e700a4654, FUTEX_WAIT_PRIVATE, 1, NULL <unfinished ...>
16942 futex(0x7f0e70008828, FUTEX_WAKE_PRIVATE, 1) = 0
16942 futex(0x7f0e700a4654, FUTEX_WAKE_OP_PRIVATE, 1, 1, 0x7f0e700a4650, {FUTEX_OP_SET, 0, FUTEX_OP_CMP_GT, 1} <unfinished ...>
16953 <... futex resumed> )             = 0
16942 <... futex resumed> )             = 1
16953 futex(0x7f0e700a4628, FUTEX_WAIT_PRIVATE, 2, NULL <unfinished ...>
16942 futex(0x7f0e700a4628, FUTEX_WAKE_PRIVATE, 1 <unfinished ...>
16953 <... futex resumed> )             = -1 EAGAIN (Resource temporarily unavailable)
16942 <... futex resumed> )             = 0
16953 futex(0x7f0e700a4628, FUTEX_WAKE_PRIVATE, 1) = 0
16953 mmap(0x7f0e34000000, 67108864, PROT_NONE, MAP_PRIVATE|MAP_ANONYMOUS|MAP_NORESERVE, -1, 0) = 0x7f0e34000000
16953 mprotect(0x7f0e34000000, 135168, PROT_READ|PROT_WRITE) = 0
16953 sched_getaffinity(16953, 32,  { ff, 0, 0, 0 }) = 32
16953 sched_getaffinity(16953, 32,  { ff, 0, 0, 0 }) = 32
16953 mmap(0x7f0e749ec000, 12288, PROT_READ|PROT_WRITE, MAP_PRIVATE|MAP_FIXED|MAP_ANONYMOUS, -1, 0) = 0x7f0e749ec000
16953 mprotect(0x7f0e749ec000, 12288, PROT_NONE) = 0
16942 lseek(4, 60381105, SEEK_SET)      = 60381105
16942 read(4, "PK\3\4\n\0\0\0\0\0004\246\305Bs\3771\267\245\36\0\0\245\36\0\0\25\0\0\0", 30) = 30
16953 futex(0x7f0e700a4254, FUTEX_WAIT_PRIVATE, 1, NULL <unfinished ...>
16942 lseek(4, 60381156, SEEK_SET)      = 60381156
16942 read(4, "\312\376\272\276\0\0\0003\1\\\10\0=\10\0n\1\0\3()I\1\0\3()V\1\0\4("..., 7845) = 7845
16942 mprotect(0x7f0e700a5000, 4096, PROT_READ|PROT_WRITE) = 0
16942 lseek(4, 60380652, SEEK_SET)      = 60380652
16942 read(4, "PK\3\4\n\0\0\0\0\0005\246\305BW?3,\206\1\0\0\206\1\0\0!\0\0\0", 30) = 30
16942 lseek(4, 60380715, SEEK_SET)      = 60380715
16942 read(4, "\312\376\272\276\0\0\0003\0\25\1\0\3()V\1\0\25(Ljava/lang/S"..., 390) = 390
16942 lseek(4, 60380182, SEEK_SET)      = 60380182
16942 read(4, "PK\3\4\n\0\0\0\0\0005\246\305B\374\23\32\\\214\1\0\0\214\1\0\0,\0\0\0", 30) = 30
16942 lseek(4, 60380256, SEEK_SET)      = 60380256
16942 read(4, "\312\376\272\276\0\0\0003\0\25\1\0\3()V\1\0\25(Ljava/lang/S"..., 396) = 396
16942 lseek(4, 60077005, SEEK_SET)      = 60077005
16942 read(4, "PK\3\4\n\0\0\0\0\0004\246\305B\0370\334\376\212!\0\0\212!\0\0\31\0\0\0", 30) = 30
16942 lseek(4, 60077060, SEEK_SET)      = 60077060
16942 read(4, "\312\376\272\276\0\0\0003\1\20\3\177\377\377\367\3\177\377\377\377\10\0\35\10\0\36\10\0\37\10\0%"..., 8586) = 8586
16942 mprotect(0x7f0e700a6000, 4096, PROT_READ|PROT_WRITE) = 0
16942 lseek(4, 60352280, SEEK_SET)      = 60352280
16942 read(4, "PK\3\4\n\0\0\0\0\0005\246\305B\315\350\23\20\214U\0\0\214U\0\0\33\0\0\0", 30) = 30
16942 lseek(4, 60352337, SEEK_SET)      = 60352337
16942 read(4, "\312\376\272\276\0\0\0003\2X\10\0\36\10\0&\1\0\3()I\1\0\24()Ljava"..., 21900) = 21900
16942 mprotect(0x7f0e700a7000, 8192, PROT_READ|PROT_WRITE) = 0
16942 mprotect(0x7f0e700a9000, 4096, PROT_READ|PROT_WRITE) = 0
16942 mprotect(0x7f0e700aa000, 4096, PROT_READ|PROT_WRITE) = 0
16942 mprotect(0x7f0e700ab000, 4096, PROT_READ|PROT_WRITE) = 0
16942 mprotect(0x7f0e700ac000, 4096, PROT_READ|PROT_WRITE) = 0
16942 lseek(4, 60350748, SEEK_SET)      = 60350748
16942 read(4, "PK\3\4\n\0\0\0\0\0005\246\305B\244\3068c\272\5\0\0\272\5\0\0$\0\0\0", 30) = 30
16942 lseek(4, 60350814, SEEK_SET)      = 60350814
16942 read(4, "\312\376\272\276\0\0\0003\0>\1\0\3()I\1\0\3()V\1\0\3()Z\1\0\25("..., 1466) = 1466
16942 lseek(4, 60349356, SEEK_SET)      = 60349356
16942 read(4, "PK\3\4\n\0\0\0\0\0005\246\305B\261\335az7\5\0\0007\5\0\0\33\0\0\0", 30) = 30
16942 lseek(4, 60349413, SEEK_SET)      = 60349413
16942 read(4, "\312\376\272\276\0\0\0003\0A\1\0\3()I\1\0\3()V\1\0\3()Z\1\0\25("..., 1335) = 1335
16942 lseek(4, 60348476, SEEK_SET)      = 60348476
16942 read(4, "PK\3\4\n\0\0\0\0\0003\246\305B\371^\331i?\3\0\0?\3\0\0\23\0\0\0", 30) = 30
16942 lseek(4, 60348525, SEEK_SET)      = 60348525
16942 read(4, "\312\376\272\276\0\0\0003\0&\1\0\3()I\1\0\3()V\1\0\3()Z\1\0\25("..., 831) = 831
16942 lseek(4, 60346180, SEEK_SET)      = 60346180
16942 read(4, "PK\3\4\n\0\0\0\0\0005\246\305B\346x\2416\265\10\0\0\265\10\0\0%\0\0\0", 30) = 30
16942 lseek(4, 60346247, SEEK_SET)      = 60346247
16942 read(4, "\312\376\272\276\0\0\0003\0c\10\0\16\1\0\3()I\1\0\24()Ljava/la"..., 2229) = 2229
16942 lseek(4, 60344441, SEEK_SET)      = 60344441
16942 read(4, "PK\3\4\n\0\0\0\0\0005\246\305B&\34\23\223\211\6\0\0\211\6\0\0$\0\0\0", 30) = 30
16942 lseek(4, 60344507, SEEK_SET)      = 60344507
16942 read(4, "\312\376\272\276\0\0\0003\0C\1\0\3()I\1\0\3()V\1\0\3()Z\1\0\25("..., 1673) = 1673
16942 lseek(4, 60465724, SEEK_SET)      = 60465724
16942 read(4, "PK\3\4\n\0\0\0\0\0004\246\305B\6\\u\313\272\21\0\0\272\21\0\0\33\0\0\0", 30) = 30
16942 lseek(4, 60465781, SEEK_SET)      = 60465781
16942 read(4, "\312\376\272\276\0\0\0003\0\226\10\0\n\10\0;\1\0\3()I\1\0\24()Ljava"..., 4538) = 4538
16942 lseek(4, 59382194, SEEK_SET)      = 59382194
16942 read(4, "PK\3\4\n\0\0\0\0\0005\246\305B\303[n\312\233\3\0\0\233\3\0\0008\0\0\0", 30) = 30
16942 lseek(4, 59382280, SEEK_SET)      = 59382280
16942 read(4, "\312\376\272\276\0\0\0003\0*\1\0\6<init>\1\0\4Code\1\0\rCon"..., 923) = 923
16942 lseek(4, 59379685, SEEK_SET)      = 59379685
16942 read(4, "PK\3\4\n\0\0\0\0\0005\246\305B\202\270\361|\203\t\0\0\203\t\0\0,\0\0\0", 30) = 30
16942 lseek(4, 59379759, SEEK_SET)      = 59379759
16942 read(4, "\312\376\272\276\0\0\0003\0a\1\0\3()I\1\0\3()V\1\0\6(I)TE;\1"..., 2435) = 2435
16942 lseek(4, 59377388, SEEK_SET)      = 59377388
16942 read(4, "PK\3\4\n\0\0\0\0\0005\246\305B'F\237j\251\10\0\0\251\10\0\0002\0\0\0", 30) = 30
16942 lseek(4, 59377468, SEEK_SET)      = 59377468
16942 read(4, "\312\376\272\276\0\0\0003\0W\1\0\3()I\1\0\24()Ljava/lang/"..., 2217) = 2217
16942 lseek(4, 60374237, SEEK_SET)      = 60374237
16942 read(4, "PK\3\4\n\0\0\0\0\0005\246\305B\35\4\"\31\377\26\0\0\377\26\0\0\34\0\0\0", 30) = 30
16942 lseek(4, 60374295, SEEK_SET)      = 60374295
16942 read(4, "\312\376\272\276\0\0\0003\0\333\10\0\n\10\0\v\10\0\f\10\0\26\10\0\32\10\0\33\10\0(\10"..., 5887) = 5887
16942 lseek(4, 60451376, SEEK_SET)      = 60451376
16942 read(4, "PK\3\4\n\0\0\0\0\0004\246\305B\351\2516.\270)\0\0\270)\0\0\27\0\0\0", 30) = 30
16942 lseek(4, 60451429, SEEK_SET)      = 60451429
16942 read(4, "\312\376\272\276\0\0\0003\1}\3@\0\0\0\3\177\377\377\377\4?@\0\0\4@\200\0\0\4N"..., 10680) = 10680
16942 mprotect(0x7f0e700ad000, 4096, PROT_READ|PROT_WRITE) = 0
16942 mprotect(0x7f0e700ae000, 8192, PROT_READ|PROT_WRITE) = 0
16942 lseek(4, 43215261, SEEK_SET)      = 43215261
16942 read(4, "PK\3\4\n\0\0\0\0\0005\246\305B2]\215\250\320\n\0\0\320\n\0\0\26\0\0\0", 30) = 30
16942 lseek(4, 43215313, SEEK_SET)      = 43215313
16942 read(4, "\312\376\272\276\0\0\0003\0r\3\205\353\312k\3\302\262\2565\3\314\236-Q\3\346Tkd\3\0"..., 2768) = 2768
16942 lseek(4, 60295967, SEEK_SET)      = 60295967
16942 read(4, "PK\3\4\n\0\0\0\0\0005\246\305B\314[\0h\302\21\0\0\302\21\0\0\21\0\0\0", 30) = 30
16942 lseek(4, 60296014, SEEK_SET)      = 60296014
16942 read(4, "\312\376\272\276\0\0\0003\0\314\10\0\26\10\0-\10\0001\10\0K\10\0a\10\0b\10\0c\10"..., 4546) = 4546
16942 mprotect(0x7f0e700b0000, 4096, PROT_READ|PROT_WRITE) = 0
16942 lseek(4, 60151493, SEEK_SET)      = 60151493
16942 read(4, "PK\3\4\n\0\0\0\0\0005\246\305B\374\222b\4\27\22\0\0\27\22\0\0\27\0\0\0", 30) = 30
16942 lseek(4, 60151546, SEEK_SET)      = 60151546
16942 read(4, "\312\376\272\276\0\0\0003\0\316\10\0\25\10\0\26\10\0\30\10\0R\10\0U\1\0\3()I\1"..., 4631) = 4631
16942 mprotect(0x7f0e700b1000, 4096, PROT_READ|PROT_WRITE) = 0
16942 lseek(4, 60429177, SEEK_SET)      = 60429177
16942 read(4, "PK\3\4\n\0\0\0\0\0004\246\305B\345\1\255\331I\7\0\0I\7\0\0\37\0\0\0", 30) = 30
16942 lseek(4, 60429238, SEEK_SET)      = 60429238
16942 read(4, "\312\376\272\276\0\0\0003\0V\10\0\n\1\0\3()I\1\0\24()Ljava/la"..., 1865) = 1865
16942 lseek(4, 60448375, SEEK_SET)      = 60448375
16942 read(4, "PK\3\4\n\0\0\0\0\0004\246\305B\322-\3511\340\1\0\0\340\1\0\0\31\0\0\0", 30) = 30
16942 lseek(4, 60448430, SEEK_SET)      = 60448430
16942 read(4, "\312\376\272\276\0\0\0003\0\31\1\0\3()I\1\0\5()TK;\1\0\5()TV;"..., 480) = 480
16942 lseek(4, 60301882, SEEK_SET)      = 60301882
16942 read(4, "PK\3\4\n\0\0\0\0\0005\246\305B\347\35p\262\263\21\0\0\263\21\0\0\24\0\0\0", 30) = 30
16942 lseek(4, 60301932, SEEK_SET)      = 60301932
16942 read(4, "\312\376\272\276\0\0\0003\0\305\4\200\0\0\0\4>\377\377\377\4?\0\0\0\1\0\3()D\1"..., 4531) = 4531
16942 lseek(4, 60448910, SEEK_SET)      = 60448910
16942 read(4, "PK\3\4\n\0\0\0\0\0004\246\305BD9\375=\301\7\0\0\301\7\0\0\35\0\0\0", 30) = 30
16942 lseek(4, 60448969, SEEK_SET)      = 60448969
16942 read(4, "\312\376\272\276\0\0\0003\0V\10\0\n\1\0\3()I\1\0\24()Ljava/la"..., 1985) = 1985
16942 lseek(4, 58662854, SEEK_SET)      = 58662854
16942 read(4, "PK\3\4\n\0\0\0\0\0004\246\305B\5QtOe\5\0\0e\5\0\0 \0\0\0", 30) = 30
16942 lseek(4, 58662916, SEEK_SET)      = 58662916
16942 read(4, "\312\376\272\276\0\0\0003\0D\1\0\3()I\1\0\3()V\1\0\25(Ljava/"..., 1381) = 1381
16942 lseek(4, 54954956, SEEK_SET)      = 54954956
16942 read(4, "PK\3\4\n\0\0\0\0\0004\246\305B\2441J\274\276\3\0\0\276\3\0\0%\0\0\0", 30) = 30
16942 lseek(4, 54955023, SEEK_SET)      = 54955023
16942 read(4, "\312\376\272\276\0\0\0003\0-\1\0\6<init>\1\0\4Code\1\0\5Ent"..., 958) = 958
16942 lseek(4, 59119681, SEEK_SET)      = 59119681
16942 read(4, "PK\3\4\n\0\0\0\0\0004\246\305B\33\315\7\256\256\6\0\0\256\6\0\0$\0\0\0", 30) = 30
16942 lseek(4, 59119747, SEEK_SET)      = 59119747
16942 read(4, "\312\376\272\276\0\0\0003\0P\1\0\3()V\1\0\3()Z\1\0\6<init>\1"..., 1710) = 1710
16942 lseek(4, 60431103, SEEK_SET)      = 60431103
16942 read(4, "PK\3\4\n\0\0\0\0\0004\246\305B\353\3036Y\17\1\0\0\17\1\0\0\30\0\0\0", 30) = 30
16942 lseek(4, 60431157, SEEK_SET)      = 60431157
16942 read(4, "\312\376\272\276\0\0\0003\0\20\1\0\5()TE;\1\0\3()V\1\0\3()Z\1\0"..., 271) = 271
16942 lseek(4, 60337787, SEEK_SET)      = 60337787
16942 read(4, "PK\3\4\n\0\0\0\0\0003\246\305B\4>\327\307\255\3\0\0\255\3\0\0\27\0\0\0", 30) = 30
16942 lseek(4, 60337840, SEEK_SET)      = 60337840
16942 read(4, "\312\376\272\276\0\0\0003\0008\10\0\35\10\0\36\1\0\3()V\1\0\25(Ljava/"..., 941) = 941
16942 lseek(4, 60334218, SEEK_SET)      = 60334218
16942 read(4, "PK\3\4\n\0\0\0\0\0005\246\305BZ\242\216'\263\r\0\0\263\r\0\0 \0\0\0", 30) = 30
16942 lseek(4, 60334280, SEEK_SET)      = 60334280
16942 read(4, "\312\376\272\276\0\0\0003\0\222\10\0\16\10\0005\10\0;\10\0<\10\0S\10\0T\10\0U\10"..., 3507) = 3507
16942 mprotect(0x7f0e700b2000, 4096, PROT_READ|PROT_WRITE) = 0
16942 lseek(4, 60330252, SEEK_SET)      = 60330252
16942 read(4, "PK\3\4\n\0\0\0\0\0006\246\305B%\21\25\270;\17\0\0;\17\0\0%\0\0\0", 30) = 30
16942 lseek(4, 60330319, SEEK_SET)      = 60330319
16942 read(4, "\312\376\272\276\0\0\0003\0h\1\0\3()I\1\0\24()Ljava/lang/"..., 3899) = 3899
16942 lseek(4, 60327843, SEEK_SET)      = 60327843
16942 read(4, "PK\3\4\n\0\0\0\0\0004\246\305B\201Y\3768(\t\0\0(\t\0\0#\0\0\0", 30) = 30
16942 lseek(4, 60327908, SEEK_SET)      = 60327908
16942 read(4, "\312\376\272\276\0\0\0003\0,\1\0\tSignature\1\0\nSourceF"..., 2344) = 2344
16942 uname({sys="Linux", node="sisyphus.eecs.berkeley.edu", ...}) = 0
16942 open("/usr/lib/locale/locale-archive", O_RDONLY) = 5
16942 fstat(5, {st_mode=S_IFREG|0644, st_size=99158576, ...}) = 0
16942 mmap(NULL, 99158576, PROT_READ, MAP_PRIVATE, 5, 0) = 0x7f0e2a16f000
16942 close(5)                          = 0
16942 mprotect(0x7f0e700b3000, 4096, PROT_READ|PROT_WRITE) = 0
16942 getuid()                          = 6269
16942 open("/etc/passwd", O_RDONLY|O_CLOEXEC) = 5
16942 fstat(5, {st_mode=S_IFREG|0644, st_size=2998, ...}) = 0
16942 mmap(NULL, 4096, PROT_READ|PROT_WRITE, MAP_PRIVATE|MAP_ANONYMOUS, -1, 0) = 0x7f0e77a48000
16942 read(5, "root:x:0:0:root:/root:/bin/bash\n"..., 4096) = 2998
16942 close(5)                          = 0
16942 munmap(0x7f0e77a48000, 4096)      = 0
16942 open("/etc/localtime", O_RDONLY)  = 5
16942 fstat(5, {st_mode=S_IFREG|0644, st_size=2819, ...}) = 0
16942 fstat(5, {st_mode=S_IFREG|0644, st_size=2819, ...}) = 0
16942 mmap(NULL, 4096, PROT_READ|PROT_WRITE, MAP_PRIVATE|MAP_ANONYMOUS, -1, 0) = 0x7f0e77a48000
16942 read(5, "TZif2\0\0\0\0\0\0\0\0\0\0\0\0\0\0\0\0\0\0\4\0\0\0\4\0\0\0\0"..., 4096) = 2819
16942 lseek(5, -1802, SEEK_CUR)         = 1017
16942 read(5, "TZif2\0\0\0\0\0\0\0\0\0\0\0\0\0\0\0\0\0\0\5\0\0\0\5\0\0\0\0"..., 4096) = 1802
16942 mprotect(0x7f0e700b4000, 4096, PROT_READ|PROT_WRITE) = 0
16942 close(5)                          = 0
16942 munmap(0x7f0e77a48000, 4096)      = 0
16942 getcwd("/home/cxh/src/OmcFmuExitBug", 4096) = 28
16942 lseek(4, 60421113, SEEK_SET)      = 60421113
16942 read(4, "PK\3\4\n\0\0\0\0\0004\246\305B\311\343\t\237D\37\0\0D\37\0\0\36\0\0\0", 30) = 30
16942 lseek(4, 60421173, SEEK_SET)      = 60421173
16942 read(4, "\312\376\272\276\0\0\0003\1J\10\0\t\10\0\30\10\0 \10\0%\10\0&\10\0J\10\0~\10"..., 8004) = 8004
16942 mprotect(0x7f0e700b5000, 4096, PROT_READ|PROT_WRITE) = 0
16942 lseek(4, 60414501, SEEK_SET)      = 60414501
16942 read(4, "PK\3\4\n\0\0\0\0\0006\246\305B\303\215B\233\225\31\0\0\225\31\0\0!\0\0\0", 30) = 30
16942 lseek(4, 60414564, SEEK_SET)      = 60414564
16942 read(4, "\312\376\272\276\0\0\0003\0029\10\0\324\10\0\325\10\0\326\10\0\327\10\0\330\10\0\331\10\0\332\10"..., 6549) = 6549
16942 mprotect(0x7f0e700b6000, 4096, PROT_READ|PROT_WRITE) = 0
16942 mprotect(0x7f0e700b7000, 8192, PROT_READ|PROT_WRITE) = 0
16942 mprotect(0x7f0e700b9000, 4096, PROT_READ|PROT_WRITE) = 0
16942 mprotect(0x7f0e700ba000, 4096, PROT_READ|PROT_WRITE) = 0
16942 lseek(4, 60411152, SEEK_SET)      = 60411152
16942 read(4, "PK\3\4\n\0\0\0\0\0006\246\305B\311\227Y\225\323\f\0\0\323\f\0\0$\0\0\0", 30) = 30
16942 lseek(4, 60411218, SEEK_SET)      = 60411218
16942 read(4, "\312\376\272\276\0\0\0003\0\207\10\0\n\10\0\23\1\0\3()I\1\0\24()Ljava"..., 3283) = 3283
16942 lseek(4, 60410326, SEEK_SET)      = 60410326
16942 read(4, "PK\3\4\n\0\0\0\0\0004\246\305BY04\337\362\2\0\0\362\2\0\0*\0\0\0", 30) = 30
16942 lseek(4, 60410398, SEEK_SET)      = 60410398
16942 read(4, "\312\376\272\276\0\0\0003\0'\10\0\v\1\0\3()V\1\0\25(Ljava/lan"..., 754) = 754
16942 lseek(4, 60401483, SEEK_SET)      = 60401483
16942 read(4, "PK\3\4\n\0\0\0\0\0006\246\305BW\16xxD\"\0\0D\"\0\0)\0\0\0", 30) = 30
16942 lseek(4, 60401554, SEEK_SET)      = 60401554
16942 read(4, "\312\376\272\276\0\0\0003\2\3\10\0\361\10\0\362\10\0\363\10\0\364\10\0\365\10\0\366\10\0\367\10"..., 8772) = 8772
16942 mprotect(0x7f0e700bb000, 4096, PROT_READ|PROT_WRITE) = 0
16942 mprotect(0x7f0e700bc000, 8192, PROT_READ|PROT_WRITE) = 0
16942 lseek(4, 60399212, SEEK_SET)      = 60399212
16942 read(4, "PK\3\4\n\0\0\0\0\0006\246\305B\231\245\10\340\246\10\0\0\246\10\0\0\33\0\0\0", 30) = 30
16942 lseek(4, 60399269, SEEK_SET)      = 60399269
16942 read(4, "\312\376\272\276\0\0\0003\0]\1\0\3()I\1\0\3()V\1\0\7(IIII)V"..., 2214) = 2214
16942 mprotect(0x7f0e700be000, 8192, PROT_READ|PROT_WRITE) = 0
16942 lseek(4, 60396553, SEEK_SET)      = 60396553
16942 read(4, "PK\3\4\n\0\0\0\0\0006\246\305B@kE&\34\n\0\0\34\n\0\0)\0\0\0", 30) = 30
16942 lseek(4, 60396624, SEEK_SET)      = 60396624
16942 read(4, "\312\376\272\276\0\0\0003\0\277\10\0S\10\0T\10\0U\10\0V\10\0W\10\0X\10\0Y\10"..., 2588) = 2588
16942 lseek(4, 60394447, SEEK_SET)      = 60394447
16942 read(4, "PK\3\4\n\0\0\0\0\0006\246\305B\221\263\370k\365\7\0\0\365\7\0\0'\0\0\0", 30) = 30
16942 lseek(4, 60394516, SEEK_SET)      = 60394516
16942 read(4, "\312\376\272\276\0\0\0003\0s\10\0005\10\0006\10\0007\10\0008\10\0009\10\0:\10\0;\10"..., 2037) = 2037
16942 lseek(4, 60391563, SEEK_SET)      = 60391563
16942 read(4, "PK\3\4\n\0\0\0\0\0004\246\305B?]\272\"\v\v\0\0\v\v\0\0\33\0\0\0", 30) = 30
16942 lseek(4, 60391620, SEEK_SET)      = 60391620
16942 read(4, "\312\376\272\276\0\0\0003\0o\3a\310\206G\1\0\3()I\1\0\5()TT;\1\0\3"..., 2827) = 2827
16942 mprotect(0x7f0e700c0000, 4096, PROT_READ|PROT_WRITE) = 0
16942 lseek(4, 60389001, SEEK_SET)      = 60389001
16942 read(4, "PK\3\4\n\0\0\0\0\0004\246\305BW\34J\247\265\t\0\0\265\t\0\0/\0\0\0", 30) = 30
16942 lseek(4, 60389078, SEEK_SET)      = 60389078
16942 read(4, "\312\376\272\276\0\0\0003\0c\10\0005\1\0\3()D\1\0\3()F\1\0\3()I\1"..., 2485) = 2485
16942 lseek(4, 60306463, SEEK_SET)      = 60306463
16942 read(4, "PK\3\4\n\0\0\0\0\0005\246\305B\302\351\25\362PS\0\0PS\0\0\26\0\0\0", 30) = 30
16942 lseek(4, 60306515, SEEK_SET)      = 60306515
16942 read(4, "\312\376\272\276\0\0\0003\1\335\3\177\377\377\377\10\0\n\10\0g\10\0h\10\0i\10\0w\10\0"..., 21328) = 21328
16942 mprotect(0x7f0e700c1000, 4096, PROT_READ|PROT_WRITE) = 0
16942 mprotect(0x7f0e700c2000, 4096, PROT_READ|PROT_WRITE) = 0
16942 lseek(4, 57499034, SEEK_SET)      = 57499034
16942 read(4, "PK\3\4\n\0\0\0\0\0009\246\305B0\2648\2360\4\0\0000\4\0\0\26\0\0\0", 30) = 30
16942 lseek(4, 57499086, SEEK_SET)      = 57499086
16942 read(4, "\312\376\272\276\0\0\0003\0007\10\0\v\10\0\f\1\0\3()I\1\0\24()Ljava"..., 1072) = 1072
16942 lseek(4, 57496953, SEEK_SET)      = 57496953
16942 read(4, "PK\3\4\n\0\0\0\0\0009\246\305B\265C\246g\353\7\0\0\353\7\0\0\30\0\0\0", 30) = 30
16942 lseek(4, 57497007, SEEK_SET)      = 57497007
16942 read(4, "\312\376\272\276\0\0\0003\0\204\10\0/\10\0000\10\0002\10\0003\10\0004\10\0005\10\0006\10"..., 2027) = 2027
16942 mprotect(0x7f0e700c3000, 4096, PROT_READ|PROT_WRITE) = 0
16942 lseek(4, 60300560, SEEK_SET)      = 60300560
16942 read(4, "PK\3\4\n\0\0\0\0\0006\246\305B\0\3633s\274\0\0\0\274\0\0\0)\0\0\0", 30) = 30
16942 lseek(4, 60300631, SEEK_SET)      = 60300631
16942 read(4, "\312\376\272\276\0\0\0003\0\t\1\0\24()Ljava/lang/String"..., 188) = 188
16942 lseek(4, 59852591, SEEK_SET)      = 59852591
16942 read(4, "PK\3\4\n\0\0\0\0\0003\246\305B\354\210\253\2132\3\0\0002\3\0\0\27\0\0\0", 30) = 30
16942 lseek(4, 59852644, SEEK_SET)      = 59852644
16942 read(4, "\312\376\272\276\0\0\0003\0+\1\0\3()V\1\0\4(Z)V\1\0\6<init>"..., 818) = 818
16942 lseek(4, 59851097, SEEK_SET)      = 59851097
16942 read(4, "PK\3\4\n\0\0\0\0\0004\246\305B\371\345\311\23\223\5\0\0\223\5\0\0%\0\0\0", 30) = 30
16942 lseek(4, 59851164, SEEK_SET)      = 59851164
16942 read(4, "\312\376\272\276\0\0\0003\0Q\10\0\25\10\0'\10\0(\10\0+\1\0\3()V\1\0\4("..., 1427) = 1427
16942 lseek(4, 59849384, SEEK_SET)      = 59849384
16942 read(4, "PK\3\4\n\0\0\0\0\0005\246\305Bc\307\375\212d\6\0\0d\6\0\0/\0\0\0", 30) = 30
16942 lseek(4, 59849461, SEEK_SET)      = 59849461
16942 read(4, "\312\376\272\276\0\0\0003\0M\1\0\3()I\1\0\3()V\1\0'([Ljava"..., 1636) = 1636
16942 lseek(4, 59848568, SEEK_SET)      = 59848568
16942 read(4, "PK\3\4\n\0\0\0\0\0005\246\305B\201\32\237\352\337\2\0\0\337\2\0\0003\0\0\0", 30) = 30
16942 lseek(4, 59848649, SEEK_SET)      = 59848649
16942 read(4, "\312\376\272\276\0\0\0003\0 \1\0\3()V\1\0'([Ljava/lang/"..., 735) = 735
16942 lseek(4, 60289004, SEEK_SET)      = 60289004
16942 read(4, "PK\3\4\n\0\0\0\0\0005\246\305B\257\206\361(\371\32\0\0\371\32\0\0\34\0\0\0", 30) = 30
16942 lseek(4, 60289062, SEEK_SET)      = 60289062
16942 read(4, "\312\376\272\276\0\0\0003\0017\10\0\5\10\0\36\10\0\37\10\0&\1\0( not su"..., 6905) = 6905
16942 lseek(4, 60284090, SEEK_SET)      = 60284090
16942 read(4, "PK\3\4\n\0\0\0\0\0004\246\305B\24\r\353M\352\22\0\0\352\22\0\0*\0\0\0", 30) = 30
16942 lseek(4, 60284162, SEEK_SET)      = 60284162
16942 read(4, "\312\376\272\276\0\0\0003\0u\1\0\3()V\1\0\4(I)I\1\0\4(I)V\1\0"..., 4842) = 4842
16942 mprotect(0x7f0e700c4000, 4096, PROT_READ|PROT_WRITE) = 0
16942 lseek(4, 60283438, SEEK_SET)      = 60283438
16942 read(4, "PK\3\4\n\0\0\0\0\0004\246\305Bu\260F\345>\2\0\0>\2\0\0000\0\0\0", 30) = 30
16942 lseek(4, 60283516, SEEK_SET)      = 60283516
16942 read(4, "\312\376\272\276\0\0\0003\0\33\1\0\25(Ljava/lang/Object;"..., 574) = 574
16942 lseek(4, 60280675, SEEK_SET)      = 60280675
16942 read(4, "PK\3\4\n\0\0\0\0\0005\246\305BP\3\207\343\203\n\0\0\203\n\0\0*\0\0\0", 30) = 30
16942 lseek(4, 60280747, SEEK_SET)      = 60280747
16942 read(4, "\312\376\272\276\0\0\0003\0\221\1\0\3()F\1\0\3()I\1\0\24()Ljava"..., 2691) = 2691
16942 lseek(4, 57485914, SEEK_SET)      = 57485914
16942 read(4, "PK\3\4\n\0\0\0\0\0009\246\305B\266\311]\352(\32\0\0(\32\0\0\36\0\0\0", 30) = 30
16942 lseek(4, 57485974, SEEK_SET)      = 57485974
16942 read(4, "\312\376\272\276\0\0\0003\0\321\3\377\376\37\200\3\0008\37\200\1\0\23$assertio"..., 6696) = 6696
16942 mprotect(0x7f0e700c5000, 8192, PROT_READ|PROT_WRITE) = 0
16942 lseek(4, 44428226, SEEK_SET)      = 44428226
16942 read(4, "PK\3\4\n\0\0\0\0\0006\246\305B\352\223\261\311\221\0\0\0\221\0\0\0\35\0\0\0", 30) = 30
16942 lseek(4, 44428285, SEEK_SET)      = 44428285
16942 read(4, "\312\376\272\276\0\0\0003\0\t\1\0\t([BII[C)I\1\0\nSourceF"..., 145) = 145
16942 lseek(4, 60271710, SEEK_SET)      = 60271710
16942 read(4, "PK\3\4\n\0\0\0\0\0004\246\305Bn\231\3700\335\27\0\0\335\27\0\0%\0\0\0", 30) = 30
16942 lseek(4, 60271777, SEEK_SET)      = 60271777
16942 read(4, "\312\376\272\276\0\0\0003\1\23\10\0\32\10\0\33\10\0\36\10\0\37\10\0\"\10\0#\10\0&\10"..., 6109) = 6109
16942 mprotect(0x7f0e700c7000, 4096, PROT_READ|PROT_WRITE) = 0
16942 lseek(4, 60271021, SEEK_SET)      = 60271021
16942 read(4, "PK\3\4\n\0\0\0\0\0005\246\305B\\\234\212Ck\2\0\0k\2\0\0(\0\0\0", 30) = 30
16942 lseek(4, 60271091, SEEK_SET)      = 60271091
16942 read(4, "\312\376\272\276\0\0\0003\0$\10\0\n\10\0\r\10\0\16\1\0\24()Ljava/la"..., 619) = 619
16942 lseek(4, 55405344, SEEK_SET)      = 55405344
16942 read(4, "PK\3\4\n\0\0\0\0\0004\246\305B\6\346\21\37\330\10\0\0\330\10\0\0\"\0\0\0", 30) = 30
16942 lseek(4, 55405408, SEEK_SET)      = 55405408
16942 read(4, "\312\376\272\276\0\0\0003\0e\3\177\377\377\377\1\0\3()I\1\0\3()V\1\0\25(L"..., 2264) = 2264
16942 lseek(4, 55480777, SEEK_SET)      = 55480777
16942 read(4, "PK\3\4\n\0\0\0\0\0005\246\305B:\35\255\33\23\5\0\0\23\5\0\0+\0\0\0", 30) = 30
16942 lseek(4, 55480850, SEEK_SET)      = 55480850
16942 read(4, "\312\376\272\276\0\0\0003\0009\1\0\3()I\1\0\25(Ljava/lang/O"..., 1299) = 1299
16942 lseek(4, 55477285, SEEK_SET)      = 55477285
16942 read(4, "PK\3\4\n\0\0\0\0\0005\246\305B!\311'fT\r\0\0T\r\0\0002\0\0\0", 30) = 30
16942 lseek(4, 55477365, SEEK_SET)      = 55477365
16942 read(4, "\312\376\272\276\0\0\0003\0q\1\0\3()I\1\0\24()Ljava/lang/"..., 3412) = 3412
16942 lseek(4, 59437375, SEEK_SET)      = 59437375
16942 read(4, "PK\3\4\n\0\0\0\0\0004\246\305B\270\312\232\235\366\t\0\0\366\t\0\0$\0\0\0", 30) = 30
16942 lseek(4, 59437441, SEEK_SET)      = 59437441
16942 read(4, "\312\376\272\276\0\0\0003\0t\3\177\377\377\377\10\0\n\1\0\5()TT;\1\0\3()V"..., 2550) = 2550
16942 lseek(4, 60431428, SEEK_SET)      = 60431428
16942 read(4, "PK\3\4\n\0\0\0\0\0004\246\305B\r;\261+\r\1\0\0\r\1\0\0\33\0\0\0", 30) = 30
16942 lseek(4, 60431485, SEEK_SET)      = 60431485
16942 read(4, "\312\376\272\276\0\0\0003\0\16\1\0\5()TE;\1\0\3()Z\1\0\tSigna"..., 269) = 269
16942 lseek(4, 60224276, SEEK_SET)      = 60224276
16942 read(4, "PK\3\4\n\0\0\0\0\0005\246\305B\201\364\206r\210\23\0\0\210\23\0\0\26\0\0\0", 30) = 30
16942 lseek(4, 60224328, SEEK_SET)      = 60224328
16942 read(4, "\312\376\272\276\0\0\0003\0\357\10\0\24\10\0#\10\0$\10\0%\10\0&\10\0'\10\0(\10"..., 5000) = 5000
16942 lseek(4, 60220959, SEEK_SET)      = 60220959
16942 read(4, "PK\3\4\n\0\0\0\0\0005\246\305BK\32\226\263\272\f\0\0\272\f\0\0\35\0\0\0", 30) = 30
16942 lseek(4, 60221018, SEEK_SET)      = 60221018
16942 read(4, "\312\376\272\276\0\0\0003\0\231\1\0\3()I\1\0\24()Ljava/lang/"..., 3258) = 3258
16942 mprotect(0x7f0e700c8000, 4096, PROT_READ|PROT_WRITE) = 0
16942 lseek(4, 60219425, SEEK_SET)      = 60219425
16942 read(4, "PK\3\4\n\0\0\0\0\0003\246\305B+\3016\246\307\5\0\0\307\5\0\0\31\0\0\0", 30) = 30
16942 lseek(4, 60219480, SEEK_SET)      = 60219480
16942 read(4, "\312\376\272\276\0\0\0003\0=\10\0\37\1\0\3()I\1\0\3()V\1\0\3()Z\1"..., 1479) = 1479
16942 lseek(4, 60219164, SEEK_SET)      = 60219164
16942 read(4, "PK\3\4\n\0\0\0\0\0003\246\305B\307\376\216~\320\0\0\0\320\0\0\0\27\0\0\0", 30) = 30
16942 lseek(4, 60219217, SEEK_SET)      = 60219217
16942 read(4, "\312\376\272\276\0\0\0003\0\16\1\0\3()V\1\0\nExceptions\1\0\n"..., 208) = 208
16942 lseek(4, 27666790, SEEK_SET)      = 27666790
16942 read(4, "PK\3\4\n\0\0\0\0\0003\246\305B>\31\373@\273\0\0\0\273\0\0\0\35\0\0\0", 30) = 30
16942 lseek(4, 27666849, SEEK_SET)      = 27666849
16942 read(4, "\312\376\272\276\0\0\0003\0\f\1\0\3()V\1\0\nExceptions\1\0\n"..., 187) = 187
16942 lseek(4, 60217660, SEEK_SET)      = 60217660
16942 read(4, "PK\3\4\n\0\0\0\0\0004\246\305Brr\v\367\246\5\0\0\246\5\0\0\34\0\0\0", 30) = 30
16942 lseek(4, 60217718, SEEK_SET)      = 60217718
16942 read(4, "\312\376\272\276\0\0\0003\0G\1\0\3()I\1\0\3()V\1\0\3()Z\1\0\4("..., 1446) = 1446
16942 lseek(4, 27618801, SEEK_SET)      = 27618801
16942 read(4, "PK\3\4\n\0\0\0\0\0004\246\305B\200\223\343%+\3\0\0+\3\0\0\36\0\0\0", 30) = 30
16942 lseek(4, 27618861, SEEK_SET)      = 27618861
16942 read(4, "\312\376\272\276\0\0\0003\0%\1\0\3()V\1\0\6<init>\1\0\4Code"..., 811) = 811
16942 lseek(4, 43222299, SEEK_SET)      = 43222299
16942 read(4, "PK\3\4\n\0\0\0\0\0005\246\305B\262\342\213\273L\1\0\0L\1\0\0)\0\0\0", 30) = 30
16942 lseek(4, 43222370, SEEK_SET)      = 43222370
16942 read(4, "\312\376\272\276\0\0\0003\0\17\1\0\nSourceFile\1\0\3get\1\0\t"..., 332) = 332
16942 lseek(4, 60107199, SEEK_SET)      = 60107199
16942 read(4, "PK\3\4\n\0\0\0\0\0005\246\305B\326js\235\374\22\0\0\374\22\0\0\34\0\0\0", 30) = 30
16942 lseek(4, 60107257, SEEK_SET)      = 60107257
16942 read(4, "\312\376\272\276\0\0\0003\0\236\1\0\3()V\1\0\10<clinit>\1\0\6<i"..., 4860) = 4860
16942 mprotect(0x7f0e700c9000, 4096, PROT_READ|PROT_WRITE) = 0
16942 lseek(4, 60213979, SEEK_SET)      = 60213979
16942 read(4, "PK\3\4\n\0\0\0\0\0005\246\305BH\204\230\371%\16\0\0%\16\0\0\36\0\0\0", 30) = 30
16942 lseek(4, 60214039, SEEK_SET)      = 60214039
16942 read(4, "\312\376\272\276\0\0\0003\0\246\1\0\3()I\1\0\24()Ljava/lang/"..., 3621) = 3621
16942 lseek(4, 60213098, SEEK_SET)      = 60213098
16942 read(4, "PK\3\4\n\0\0\0\0\0003\246\305B+\275zk9\3\0\0009\3\0\0\32\0\0\0", 30) = 30
16942 lseek(4, 60213154, SEEK_SET)      = 60213154
16942 read(4, "\312\376\272\276\0\0\0003\0%\1\0\3()V\1\0\4(I)V\1\0\5([B)V\1"..., 825) = 825
16942 lseek(4, 60212868, SEEK_SET)      = 60212868
16942 read(4, "PK\3\4\n\0\0\0\0\0003\246\305B,w\260 \261\0\0\0\261\0\0\0\27\0\0\0", 30) = 30
16942 lseek(4, 60212921, SEEK_SET)      = 60212921
16942 read(4, "\312\376\272\276\0\0\0003\0\f\1\0\3()V\1\0\nExceptions\1\0\n"..., 177) = 177
16942 lseek(4, 60209168, SEEK_SET)      = 60209168
16942 read(4, "PK\3\4\n\0\0\0\0\0003\246\305Bb\35O[5\16\0\0005\16\0\0!\0\0\0", 30) = 30
16942 lseek(4, 60209231, SEEK_SET)      = 60209231
16942 read(4, "\312\376\272\276\0\0\0003\0{\3\177\377\377\377\10\0\20\10\0\25\10\0\31\10\0\35\1\0\3()"..., 3637) = 3637
16942 lseek(4, 60208067, SEEK_SET)      = 60208067
16942 read(4, "PK\3\4\n\0\0\0\0\0003\246\305B\364^\253\254\20\4\0\0\20\4\0\0\37\0\0\0", 30) = 30
16942 lseek(4, 60208128, SEEK_SET)      = 60208128
16942 read(4, "\312\376\272\276\0\0\0003\0003\1\0\3()I\1\0\3()V\1\0\3()Z\1\0\4("..., 1040) = 1040
16942 lseek(4, 60206351, SEEK_SET)      = 60206351
16942 read(4, "PK\3\4\n\0\0\0\0\0003\246\305B\333\333*\4Y\6\0\0Y\6\0\0=\0\0\0", 30) = 30
16942 lseek(4, 60206442, SEEK_SET)      = 60206442
16942 read(4, "\312\376\272\276\0\0\0003\0004\1\0\3()V\1\0\10(TT;)TV;\1\0\v(T"..., 1625) = 1625
16942 mprotect(0x7f0e700ca000, 4096, PROT_READ|PROT_WRITE) = 0
16942 lseek(4, 60202034, SEEK_SET)      = 60202034
16942 read(4, "PK\3\4\n\0\0\0\0\0003\246\305B\301CJ\217b\20\0\0b\20\0\0]\0\0\0", 30) = 30
16942 lseek(4, 60202157, SEEK_SET)      = 60202157
16942 read(4, "\312\376\272\276\0\0\0003\0\256\10\0\5\10\0\6\10\0\25\10\0\33\1\0, can no"..., 4194) = 4194
16942 lseek(4, 60198431, SEEK_SET)      = 60198431
16942 read(4, "PK\3\4\n\0\0\0\0\0005\246\305BM\10f\262\323\r\0\0\323\r\0\0\"\0\0\0", 30) = 30
16942 lseek(4, 60198495, SEEK_SET)      = 60198495
16942 read(4, "\312\376\272\276\0\0\0003\0\230\10\0\4\10\0\32\10\0\36\1\0\0\1\0\3()I\1\0\24("..., 3539) = 3539
16942 lseek(4, 55582883, SEEK_SET)      = 55582883
16942 read(4, "PK\3\4\n\0\0\0\0\0005\246\305B\2y\234Ob\"\0\0b\"\0\0\35\0\0\0", 30) = 30
16942 lseek(4, 55582942, SEEK_SET)      = 55582942
16942 read(4, "\312\376\272\276\0\0\0003\1g\3\0\0\377\377\10\0\f\10\0\r\10\0\16\10\0\17\10\0(\10\0"..., 8802) = 8802
16942 mprotect(0x7f0e700cb000, 8192, PROT_READ|PROT_WRITE) = 0
16942 mprotect(0x7f0e700cd000, 4096, PROT_READ|PROT_WRITE) = 0
16942 lseek(4, 55582528, SEEK_SET)      = 55582528
16942 read(4, "PK\3\4\n\0\0\0\0\0005\246\305B\330-e\304\34\1\0\0\34\1\0\0)\0\0\0", 30) = 30
16942 lseek(4, 55582599, SEEK_SET)      = 55582599
16942 read(4, "\312\376\272\276\0\0\0003\0\f\1\0S(Ljava/lang/Object;"..., 284) = 284
16942 lseek(4, 59294302, SEEK_SET)      = 59294302
16942 read(4, "PK\3\4\n\0\0\0\0\0004\246\305B\313^d\336\353\"\0\0\353\"\0\0\33\0\0\0", 30) = 30
16942 lseek(4, 59294359, SEEK_SET)      = 59294359
16942 read(4, "\312\376\272\276\0\0\0003\0017\3@\0\0\0\3\177\377\377\377\4?@\0\0\10\0\37\10\0 \1"..., 8939) = 8939
16942 lseek(4, 59292173, SEEK_SET)      = 59292173
16942 read(4, "PK\3\4\n\0\0\0\0\0004\246\305BZ\347HZ\22\10\0\0\22\10\0\0!\0\0\0", 30) = 30
16942 lseek(4, 59292236, SEEK_SET)      = 59292236
16942 read(4, "\312\376\272\276\0\0\0003\0X\10\0\n\1\0\3()I\1\0\24()Ljava/la"..., 2066) = 2066
16942 lseek(4, 60338781, SEEK_SET)      = 60338781
16942 read(4, "PK\3\4\n\0\0\0\0\0005\246\305BWs\25\225\324\20\0\0\324\20\0\0+\0\0\0", 30) = 30
16942 lseek(4, 60338854, SEEK_SET)      = 60338854
16942 read(4, "\312\376\272\276\0\0\0003\0\216\1\0\3()I\1\0\24()Ljava/lang/"..., 4308) = 4308
16942 lseek(4, 60189363, SEEK_SET)      = 60189363
16942 read(4, "PK\3\4\n\0\0\0\0\0003\246\305B\205\260rN5#\0\0005#\0\0\31\0\0\0", 30) = 30
16942 lseek(4, 60189418, SEEK_SET)      = 60189418
16942 read(4, "\312\376\272\276\0\0\0003\1\32\10\0\37\10\0#\10\0)\10\0000\10\0S\10\0_\1\0\24("..., 9013) = 9013
16942 mprotect(0x7f0e700ce000, 4096, PROT_READ|PROT_WRITE) = 0
16942 lseek(4, 60188372, SEEK_SET)      = 60188372
16942 read(4, "PK\3\4\n\0\0\0\0\0003\246\305B!s*N\241\3\0\0\241\3\0\0 \0\0\0", 30) = 30
16942 lseek(4, 60188434, SEEK_SET)      = 60188434
16942 read(4, "\312\376\272\276\0\0\0003\0)\1\0\3()V\1\0\4(I)V\1\0\5([B)V\1"..., 929) = 929
16942 lseek(4, 60187029, SEEK_SET)      = 60187029
16942 read(4, "PK\3\4\n\0\0\0\0\0005\246\305B\221 )\r\377\4\0\0\377\4\0\0\"\0\0\0", 30) = 30
16942 lseek(4, 60187093, SEEK_SET)      = 60187093
16942 read(4, "\312\376\272\276\0\0\0003\0;\10\0\7\1\0\3()V\1\0\4(I)V\1\0\25(Lj"..., 1279) = 1279
16942 lseek(4, 60184707, SEEK_SET)      = 60184707
16942 read(4, "PK\3\4\n\0\0\0\0\0004\246\305B&\200\323\4\324\10\0\0\324\10\0\0 \0\0\0", 30) = 30
16942 lseek(4, 60184769, SEEK_SET)      = 60184769
16942 read(4, "\312\376\272\276\0\0\0003\0W\10\0\21\10\0\22\10\0\23\1\0\24()Ljava/la"..., 2260) = 2260
16942 lseek(4, 60182332, SEEK_SET)      = 60182332
16942 read(4, "PK\3\4\n\0\0\0\0\0003\246\305ByN1$\25\t\0\0\25\t\0\0\24\0\0\0", 30) = 30
16942 lseek(4, 60182382, SEEK_SET)      = 60182382
16942 read(4, "\312\376\272\276\0\0\0003\0_\10\0%\1\0\3()I\1\0\24()Ljava/la"..., 2325) = 2325
16942 lseek(4, 60175163, SEEK_SET)      = 60175163
16942 read(4, "PK\3\4\n\0\0\0\0\0004\246\305BJ6\346\273\305\33\0\0\305\33\0\0\36\0\0\0", 30) = 30
16942 lseek(4, 60175223, SEEK_SET)      = 60175223
16942 read(4, "\312\376\272\276\0\0\0003\1\36\10\0\35\1\0\23$assertionsDisab"..., 7109) = 7109
16942 lseek(4, 60174196, SEEK_SET)      = 60174196
16942 read(4, "PK\3\4\n\0\0\0\0\0006\246\305B\360t6y~\3\0\0~\3\0\0+\0\0\0", 30) = 30
16942 lseek(4, 60174269, SEEK_SET)      = 60174269
16942 read(4, "\312\376\272\276\0\0\0003\0(\1\0\24()Ljava/lang/String"..., 894) = 894
16942 mprotect(0x7f0e700cf000, 4096, PROT_READ|PROT_WRITE) = 0
16942 lseek(4, 57492670, SEEK_SET)      = 57492670
16942 read(4, "PK\3\4\n\0\0\0\0\0009\246\305B\360\20\363\216\177\20\0\0\177\20\0\0\36\0\0\0", 30) = 30
16942 lseek(4, 57492730, SEEK_SET)      = 57492730
16942 read(4, "\312\376\272\276\0\0\0003\0\242\4?\214\314\315\4@@\0\0\1\0\3()C\1\0\3()I"..., 4223) = 4223
16942 lseek(4, 44428430, SEEK_SET)      = 44428430
16942 read(4, "PK\3\4\n\0\0\0\0\0006\246\305B\326\376\270\313\221\0\0\0\221\0\0\0\35\0\0\0", 30) = 30
16942 lseek(4, 44428489, SEEK_SET)      = 44428489
16942 read(4, "\312\376\272\276\0\0\0003\0\t\1\0\t([CII[B)I\1\0\nSourceF"..., 145) = 145
16942 lseek(4, 60163064, SEEK_SET)      = 60163064
16942 read(4, "PK\3\4\n\0\0\0\0\0004\246\305B\2428z\36\307\35\0\0\307\35\0\0%\0\0\0", 30) = 30
16942 lseek(4, 60163131, SEEK_SET)      = 60163131
16942 read(4, "\312\376\272\276\0\0\0003\1_\10\0\36\10\0\37\10\0\"\10\0#\10\0&\10\0'\10\0*\10"..., 7623) = 7623
16942 lseek(4, 60265302, SEEK_SET)      = 60265302
16942 read(4, "PK\3\4\n\0\0\0\0\0004\246\305B\265\16\270( \26\0\0 \26\0\0\31\0\0\0", 30) = 30
16942 lseek(4, 60265357, SEEK_SET)      = 60265357
16942 read(4, "\312\376\272\276\0\0\0003\0\374\10\0\5\10\0\6\10\0001\10\0002\1\0\5 cap=\1\0"..., 5664) = 5664
16942 mprotect(0x7f0e700d0000, 4096, PROT_READ|PROT_WRITE) = 0
16942 lseek(4, 60258424, SEEK_SET)      = 60258424
16942 read(4, "PK\3\4\n\0\0\0\0\0005\246\305B\343\364\37\225\243\32\0\0\243\32\0\0\35\0\0\0", 30) = 30
16942 lseek(4, 60258483, SEEK_SET)      = 60258483
16942 read(4, "\312\376\272\276\0\0\0003\1\3\1\0\3()B\1\0\3()C\1\0\3()D\1\0\3("..., 6819) = 6819
16942 lseek(4, 60244880, SEEK_SET)      = 60244880
16942 read(4, "PK\3\4\n\0\0\0\0\0005\246\305B\35\210M\202\2674\0\0\2674\0\0\23\0\0\0", 30) = 30
16942 lseek(4, 60244929, SEEK_SET)      = 60244929
16942 read(4, "\312\376\272\276\0\0\0003\2\26\10\0=\10\0H\10\0P\10\0|\10\0\251\10\0\320\10\0\321\1"..., 13495) = 13495
16942 mprotect(0x7f0e700d1000, 4096, PROT_READ|PROT_WRITE) = 0
16942 mprotect(0x7f0e700d2000, 8192, PROT_READ|PROT_WRITE) = 0
16942 lseek(4, 60244161, SEEK_SET)      = 60244161
16942 read(4, "PK\3\4\n\0\0\0\0\0004\246\305B\"S\325\337\231\2\0\0\231\2\0\0\30\0\0\0", 30) = 30
16942 lseek(4, 60244215, SEEK_SET)      = 60244215
16942 read(4, "\312\376\272\276\0\0\0003\0'\10\0\10\10\0\n\1\0\24()Ljava/lang/"..., 665) = 665
16942 lseek(4, 28601296, SEEK_SET)      = 28601296
16942 read(4, "PK\3\4\n\0\0\0\0\0005\246\305B\203Z\205\23?\3\0\0?\3\0\0\25\0\0\0", 30) = 30
16942 lseek(4, 28601347, SEEK_SET)      = 28601347
16942 read(4, "\312\376\272\276\0\0\0003\0*\1\0\3()V\1\0\6<init>\1\0\nBuff"..., 831) = 831
16942 lseek(4, 43223489, SEEK_SET)      = 43223489
16942 read(4, "PK\3\4\n\0\0\0\0\0005\246\305B\350x/\344\203\1\0\0\203\1\0\0\34\0\0\0", 30) = 30
16942 lseek(4, 43223547, SEEK_SET)      = 43223547
16942 read(4, "\312\376\272\276\0\0\0003\0\21\1\0\nBufferPool\1\0\fInnerC"..., 387) = 387
16942 lseek(4, 60156177, SEEK_SET)      = 60156177
16942 read(4, "PK\3\4\n\0\0\0\0\0004\246\305B\330\336D\272\"\f\0\0\"\f\0\0\34\0\0\0", 30) = 30
16942 lseek(4, 60156235, SEEK_SET)      = 60156235
16942 read(4, "\312\376\272\276\0\0\0003\0s\10\0\16\10\0\30\10\0-\1\0\3()V\1\0\4(I)V"..., 3106) = 3106
16942 lseek(4, 60138275, SEEK_SET)      = 60138275
16942 read(4, "PK\3\4\n\0\0\0\0\0004\246\305B\26\277\245\5r3\0\0r3\0\0\22\0\0\0", 30) = 30
16942 lseek(4, 60138323, SEEK_SET)      = 60138323
16942 read(4, "\312\376\272\276\0\0\0003\2\7\10\0\22\10\0)\10\0*\10\0+\10\0008\10\0009\10\0>\10"..., 13170) = 13170
16942 mprotect(0x7f0e700d4000, 4096, PROT_READ|PROT_WRITE) = 0
16942 mprotect(0x7f0e700d5000, 4096, PROT_READ|PROT_WRITE) = 0
16942 lseek(4, 60136001, SEEK_SET)      = 60136001
16942 read(4, "PK\3\4\n\0\0\0\0\0004\246\305B\271\307(\v\254\10\0\0\254\10\0\0\30\0\0\0", 30) = 30
16942 lseek(4, 60136055, SEEK_SET)      = 60136055
16942 read(4, "\312\376\272\276\0\0\0003\0k\10\0@\10\0A\10\0B\1\0\3()C\1\0\24()Lj"..., 2220) = 2220
16942 lseek(4, 60130456, SEEK_SET)      = 60130456
16942 read(4, "PK\3\4\n\0\0\0\0\0005\246\305BoF\336\337o\25\0\0o\25\0\0\34\0\0\0", 30) = 30
16942 lseek(4, 60130514, SEEK_SET)      = 60130514
16942 read(4, "\312\376\272\276\0\0\0003\0\363\3\0\22\325\221\10\0\10\10\0\31\10\0007\10\0K\10\0_\10\0"..., 5487) = 5487
16942 lseek(4, 60128109, SEEK_SET)      = 60128109
16942 read(4, "PK\3\4\n\0\0\0\0\0005\246\305B0\217N5\362\10\0\0\362\10\0\0\33\0\0\0", 30) = 30
16942 lseek(4, 60128166, SEEK_SET)      = 60128166
16942 read(4, "\312\376\272\276\0\0\0003\0|\1\0\3()I\1\0\3()J\1\0\24()Ljava"..., 2290) = 2290
16942 lseek(4, 60127381, SEEK_SET)      = 60127381
16942 read(4, "PK\3\4\n\0\0\0\0\0005\246\305B\362\37\217\365\235\2\0\0\235\2\0\0\35\0\0\0", 30) = 30
16942 lseek(4, 60127440, SEEK_SET)      = 60127440
16942 read(4, "\312\376\272\276\0\0\0003\0(\1\0\3()I\1\0\3()V\1\0\4(J)V\1\0\6"..., 669) = 669
16942 lseek(4, 60123357, SEEK_SET)      = 60123357
16942 read(4, "PK\3\4\n\0\0\0\0\0005\246\305B\250Z\212\f}\17\0\0}\17\0\0\35\0\0\0", 30) = 30
16942 lseek(4, 60123416, SEEK_SET)      = 60123416
16942 read(4, "\312\376\272\276\0\0\0003\0\242\1\0\3()V\1\0\4(I)V\1\0\5(IF)V\1"..., 3965) = 3965
16942 mprotect(0x7f0e700d6000, 4096, PROT_READ|PROT_WRITE) = 0
16942 lseek(4, 60121749, SEEK_SET)      = 60121749
16942 read(4, "PK\3\4\n\0\0\0\0\0005\246\305B\261w\255\220\7\6\0\0\7\6\0\0#\0\0\0", 30) = 30
16942 lseek(4, 60121814, SEEK_SET)      = 60121814
16942 read(4, "\312\376\272\276\0\0\0003\0:\1\0\3()V\1\0\6<init>\1\0\4Code"..., 1543) = 1543
16942 lseek(4, 60106368, SEEK_SET)      = 60106368
16942 read(4, "PK\3\4\n\0\0\0\0\0004\246\305B\222\304e\201\4\3\0\0\4\3\0\0\35\0\0\0", 30) = 30
16942 lseek(4, 60106427, SEEK_SET)      = 60106427
16942 read(4, "\312\376\272\276\0\0\0003\0,\1\0\3()V\1\0\3()Z\1\0\6<init>\1"..., 772) = 772
16942 lseek(4, 60103605, SEEK_SET)      = 60103605
16942 read(4, "PK\3\4\n\0\0\0\0\0005\246\305B\373j\307y\203\n\0\0\203\n\0\0*\0\0\0", 30) = 30
16942 lseek(4, 60103677, SEEK_SET)      = 60103677
16942 read(4, "\312\376\272\276\0\0\0003\0\221\1\0\3()F\1\0\3()I\1\0\24()Ljava"..., 2691) = 2691
16942 stat("/usr/lib/jvm/jdk1.7.0_25/jre/lib/amd64/libzip.so", {st_mode=S_IFREG|0755, st_size=123800, ...}) = 0
16942 lstat("/usr", {st_mode=S_IFDIR|0775, st_size=4096, ...}) = 0
16942 lstat("/usr/lib", {st_mode=S_IFDIR|0755, st_size=16384, ...}) = 0
16942 lstat("/usr/lib/jvm", {st_mode=S_IFDIR|0755, st_size=4096, ...}) = 0
16942 lstat("/usr/lib/jvm/jdk1.7.0_25", {st_mode=S_IFDIR|0755, st_size=4096, ...}) = 0
16942 lstat("/usr/lib/jvm/jdk1.7.0_25/jre", {st_mode=S_IFDIR|0755, st_size=4096, ...}) = 0
16942 lstat("/usr/lib/jvm/jdk1.7.0_25/jre/lib", {st_mode=S_IFDIR|0755, st_size=4096, ...}) = 0
16942 lstat("/usr/lib/jvm/jdk1.7.0_25/jre/lib/amd64", {st_mode=S_IFDIR|0755, st_size=4096, ...}) = 0
16942 lstat("/usr/lib/jvm/jdk1.7.0_25/jre/lib/amd64/libzip.so", {st_mode=S_IFREG|0755, st_size=123800, ...}) = 0
16942 lseek(4, 60102878, SEEK_SET)      = 60102878
16942 read(4, "PK\3\4\n\0\0\0\0\0005\246\305B\221u\372h\230\2\0\0\230\2\0\0!\0\0\0", 30) = 30
16942 lseek(4, 60102941, SEEK_SET)      = 60102941
16942 read(4, "\312\376\272\276\0\0\0003\0 \1\0\3()J\1\0\24()Ljava/lang/"..., 664) = 664
16942 stat("/usr/lib/jvm/jdk1.7.0_25/jre/lib/amd64/libzip.so", {st_mode=S_IFREG|0755, st_size=123800, ...}) = 0
16942 stat("/usr/lib/jvm/jdk1.7.0_25/jre/lib/amd64/libzip.so", {st_mode=S_IFREG|0755, st_size=123800, ...}) = 0
16942 lseek(4, 60101166, SEEK_SET)      = 60101166
16942 read(4, "PK\3\4\n\0\0\0\0\0004\246\305B\4\210I\275i\6\0\0i\6\0\0)\0\0\0", 30) = 30
16942 lseek(4, 60101237, SEEK_SET)      = 60101237
16942 read(4, "\312\376\272\276\0\0\0003\0^\1\0\3()I\1\0\3()V\1\0\4(I)V\1\0\25"..., 1641) = 1641
16942 lseek(4, 60100252, SEEK_SET)      = 60100252
16942 read(4, "PK\3\4\n\0\0\0\0\0005\246\305B\233\243\300TZ\3\0\0Z\3\0\0\32\0\0\0", 30) = 30
16942 lseek(4, 60100308, SEEK_SET)      = 60100308
16942 read(4, "\312\376\272\276\0\0\0003\0,\10\0\t\10\0\n\10\0\17\1\0\3()V\1\0\25(Lja"..., 858) = 858
16942 lseek(4, 60099677, SEEK_SET)      = 60099677
16942 read(4, "PK\3\4\n\0\0\0\0\0005\246\305B\3\27\310{\5\2\0\0\5\2\0\0\34\0\0\0", 30) = 30
16942 lseek(4, 60099735, SEEK_SET)      = 60099735
16942 read(4, "\312\376\272\276\0\0\0003\0#\1\0\3()I\1\0\3()V\1\0\4(I)V\1\0\6"..., 517) = 517
16942 lseek(4, 60099213, SEEK_SET)      = 60099213
16942 read(4, "PK\3\4\n\0\0\0\0\0005\246\305B\26A.\320\226\1\0\0\226\1\0\0\34\0\0\0", 30) = 30
16942 lseek(4, 60099271, SEEK_SET)      = 60099271
16942 read(4, "\312\376\272\276\0\0\0003\0\32\1\0\3()V\1\0\4(J)V\1\0\10<clini"..., 406) = 406
16942 lseek(4, 60096232, SEEK_SET)      = 60096232
16942 read(4, "PK\3\4\n\0\0\0\0\0005\246\305B}1\223\270r\v\0\0r\v\0\0\25\0\0\0", 30) = 30
16942 lseek(4, 60096283, SEEK_SET)      = 60096283
16942 read(4, "\312\376\272\276\0\0\0003\0\221\10\0\6\10\0\31\10\0\34\10\0\37\10\0 \1\0\10 han"..., 2930) = 2930
16942 lseek(4, 60095632, SEEK_SET)      = 60095632
16942 read(4, "PK\3\4\n\0\0\0\0\0005\246\305B\336g\315\333\30\2\0\0\30\2\0\0\"\0\0\0", 30) = 30
16942 lseek(4, 60095696, SEEK_SET)      = 60095696
16942 read(4, "\312\376\272\276\0\0\0003\0\"\1\0\3()I\1\0\3()J\1\0\3()V\1\0\5("..., 536) = 536
16942 rt_sigaction(SIGHUP, NULL, {SIG_DFL, [], 0}, 8) = 0
16942 rt_sigaction(SIGHUP, {0x7f0e7744a0b0, ~[RTMIN RT_1], SA_RESTORER|SA_RESTART|SA_SIGINFO, 0x3e6300f500}, {SIG_DFL, [], 0}, 8) = 0
16942 rt_sigaction(SIGINT, NULL, {SIG_DFL, [], 0}, 8) = 0
16942 rt_sigaction(SIGINT, {0x7f0e7744a0b0, ~[RTMIN RT_1], SA_RESTORER|SA_RESTART|SA_SIGINFO, 0x3e6300f500}, {SIG_DFL, [], 0}, 8) = 0
16942 rt_sigaction(SIGTERM, NULL, {SIG_DFL, [], 0}, 8) = 0
16942 rt_sigaction(SIGTERM, {0x7f0e7744a0b0, ~[RTMIN RT_1], SA_RESTORER|SA_RESTART|SA_SIGINFO, 0x3e6300f500}, {SIG_DFL, [], 0}, 8) = 0
16942 lseek(4, 60065044, SEEK_SET)      = 60065044
16942 read(4, "PK\3\4\n\0\0\0\0\0006\246\305B'\322E\237\5\1\0\0\5\1\0\0\34\0\0\0", 30) = 30
16942 lseek(4, 60065102, SEEK_SET)      = 60065102
16942 read(4, "\312\376\272\276\0\0\0003\0\16\1\0\3()V\1\0\6<init>\1\0\4Code"..., 261) = 261
16942 lseek(4, 60063138, SEEK_SET)      = 60063138
16942 read(4, "PK\3\4\n\0\0\0\0\0005\246\305B\32\371`H<\7\0\0<\7\0\0\30\0\0\0", 30) = 30
16942 lseek(4, 60063192, SEEK_SET)      = 60063192
16942 read(4, "\312\376\272\276\0\0\0003\0P\1\0\3()I\1\0\3()V\1\0\25(Ljava/"..., 1852) = 1852
16942 lseek(4, 60062238, SEEK_SET)      = 60062238
16942 read(4, "PK\3\4\n\0\0\0\0\0005\246\305B\320\20E\216I\3\0\0I\3\0\0\35\0\0\0", 30) = 30
16942 lseek(4, 60062297, SEEK_SET)      = 60062297
16942 read(4, "\312\376\272\276\0\0\0003\0\33\1\0\25(Ljava/lang/String;"..., 841) = 841
16942 lseek(4, 56458148, SEEK_SET)      = 56458148
16942 read(4, "PK\3\4\n\0\0\0\0\0004\246\305B\260\373\37\301E\2\0\0E\2\0\0(\0\0\0", 30) = 30
16942 lseek(4, 56458218, SEEK_SET)      = 56458218
16942 read(4, "\312\376\272\276\0\0\0003\0\33\1\0\3()V\1\0\25(Ljava/lang/S"..., 581) = 581
16942 lseek(4, 60061377, SEEK_SET)      = 60061377
16942 read(4, "PK\3\4\n\0\0\0\0\0005\246\305Bq\32\rY'\3\0\0'\3\0\0\30\0\0\0", 30) = 30
16942 lseek(4, 60061431, SEEK_SET)      = 60061431
16942 read(4, "\312\376\272\276\0\0\0003\0)\1\0\3()V\1\0\25(Ljava/lang/S"..., 807) = 807
16942 lseek(4, 60059800, SEEK_SET)      = 60059800
16942 read(4, "PK\3\4\n\0\0\0\0\0005\246\305B\360\365\353\16\361\5\0\0\361\5\0\0\32\0\0\0", 30) = 30
16942 lseek(4, 60059856, SEEK_SET)      = 60059856
16942 read(4, "\312\376\272\276\0\0\0003\0X\10\0\t\10\0\n\10\0\20\10\0\21\10\0\30\10\0\34\10\0\"\10"..., 1521) = 1521
16942 lseek(4, 60055331, SEEK_SET)      = 60055331
16942 read(4, "PK\3\4\n\0\0\0\0\0005\246\305B\300\264\270\211@\21\0\0@\21\0\0\27\0\0\0", 30) = 30
16942 lseek(4, 60055384, SEEK_SET)      = 60055384
16942 read(4, "\312\376\272\276\0\0\0003\0\325\10\0\t\10\0\23\10\0\27\10\0\30\10\0\31\10\0+\10\0:\10"..., 4416) = 4416
16942 mprotect(0x7f0e700d7000, 4096, PROT_READ|PROT_WRITE) = 0
16942 mprotect(0x7f0e700d8000, 8192, PROT_READ|PROT_WRITE) = 0
16942 lseek(4, 60053780, SEEK_SET)      = 60053780
16942 read(4, "PK\3\4\n\0\0\0\0\0005\246\305B\276\3325\30\322\5\0\0\322\5\0\0\37\0\0\0", 30) = 30
16942 lseek(4, 60053841, SEEK_SET)      = 60053841
16942 read(4, "\312\376\272\276\0\0\0003\0R\10\0\n\10\0\v\10\0\27\10\0&\10\0*\1\0\24()Lj"..., 1490) = 1490
16942 lseek(4, 60053493, SEEK_SET)      = 60053493
16942 read(4, "PK\3\4\n\0\0\0\0\0004\246\305B\35y\23l\333\0\0\0\333\0\0\0&\0\0\0", 30) = 30
16942 lseek(4, 60053561, SEEK_SET)      = 60053561
16942 read(4, "\312\376\272\276\0\0\0003\0\t\1\0\nSourceFile\1\0\26create"..., 219) = 219
16942 lseek(4, 60049788, SEEK_SET)      = 60049788
16942 read(4, "PK\3\4\n\0\0\0\0\0005\246\305BQ\315\374\3745\16\0\0005\16\0\0&\0\0\0", 30) = 30
16942 lseek(4, 60049856, SEEK_SET)      = 60049856
16942 read(4, "\312\376\272\276\0\0\0003\0\277\10\0001\10\0B\10\0D\1\0\3()I\1\0\24()Lj"..., 3637) = 3637
16942 lseek(4, 60037848, SEEK_SET)      = 60037848
16942 read(4, "PK\3\4\n\0\0\0\0\0005\246\305B\370h\210di.\0\0i.\0\0\35\0\0\0", 30) = 30
16942 lseek(4, 60037907, SEEK_SET)      = 60037907
16942 read(4, "\312\376\272\276\0\0\0003\2\4\10\0\r\10\0\37\10\0 \10\0!\10\0%\10\0F\10\0J\10"..., 11881) = 11881
16942 mprotect(0x7f0e700da000, 4096, PROT_READ|PROT_WRITE) = 0
16942 mprotect(0x7f0e700db000, 4096, PROT_READ|PROT_WRITE) = 0
16942 lseek(4, 60034687, SEEK_SET)      = 60034687
16942 read(4, "PK\3\4\n\0\0\0\0\0005\246\305B\304\362\310\357\26\f\0\0\26\f\0\0%\0\0\0", 30) = 30
16942 lseek(4, 60034754, SEEK_SET)      = 60034754
16942 read(4, "\312\376\272\276\0\0\0003\0\202\10\0\5\10\0\6\10\0\16\10\0/\1\0\0\1\0\20 get"..., 3094) = 3094
16942 lseek(4, 60028839, SEEK_SET)      = 60028839
16942 read(4, "PK\3\4\n\0\0\0\0\0004\246\305B\7\"T\25\235\26\0\0\235\26\0\0\35\0\0\0", 30) = 30
16942 lseek(4, 60028898, SEEK_SET)      = 60028898
16942 read(4, "\312\376\272\276\0\0\0003\1\v\10\0000\10\0001\10\0002\10\0003\10\0004\10\0005\10\0006\10"..., 5789) = 5789
16942 lseek(4, 27749204, SEEK_SET)      = 27749204
16942 read(4, "PK\3\4\n\0\0\0\0\0004\246\305B\22\361m\260\337\4\0\0\337\4\0\0+\0\0\0", 30) = 30
16942 lseek(4, 27749277, SEEK_SET)      = 27749277
16942 read(4, "\312\376\272\276\0\0\0003\0007\1\0\3()V\1\0\25(Ljava/lang/O"..., 1247) = 1247
16942 lseek(4, 43214122, SEEK_SET)      = 43214122
16942 read(4, "PK\3\4\n\0\0\0\0\0005\246\305B\0179\235\2118\4\0\0008\4\0\0\35\0\0\0", 30) = 30
16942 lseek(4, 43214181, SEEK_SET)      = 43214181
16942 read(4, "\312\376\272\276\0\0\0003\0O\10\0\20\1\0\3()D\1\0\3()J\1\0\3()V\1"..., 1080) = 1080
16942 lseek(4, 55598740, SEEK_SET)      = 55598740
16942 read(4, "PK\3\4\n\0\0\0\0\0005\246\305B\336\253\245\17\20\22\0\0\20\22\0\0\26\0\0\0", 30) = 30
16942 lseek(4, 55598792, SEEK_SET)      = 55598792
16942 read(4, "\312\376\272\276\0\0\0003\0\375\4K\200\0\0\10\0!\10\0-\10\0I\10\0S\10\0[\1\0"..., 4624) = 4624
16942 mprotect(0x7f0e700dc000, 4096, PROT_READ|PROT_WRITE) = 0
16942 lseek(4, 55596092, SEEK_SET)      = 55596092
16942 read(4, "PK\3\4\n\0\0\0\0\0005\246\305B\243\247`<\16\n\0\0\16\n\0\0,\0\0\0", 30) = 30
16942 lseek(4, 55596166, SEEK_SET)      = 55596166
16942 read(4, "\312\376\272\276\0\0\0003\0j\10\0007\1\0\3()D\1\0\3()F\1\0\3()I\1"..., 2574) = 2574
16942 lseek(4, 29933278, SEEK_SET)      = 29933278
16942 read(4, "PK\3\4\n\0\0\0\0\0004\246\305B\252\"\307\353D\4\0\0D\4\0\0\"\0\0\0", 30) = 30
16942 lseek(4, 29933342, SEEK_SET)      = 29933342
16942 read(4, "\312\376\272\276\0\0\0003\0009\3\177\377\377\377\10\0\r\10\0\33\10\0\36\1\0\3()V\1\0"..., 1092) = 1092
16942 lseek(4, 29608632, SEEK_SET)      = 29608632
16942 read(4, "PK\3\4\n\0\0\0\0\0005\246\305B9\304\274N?\v\0\0?\v\0\0&\0\0\0", 30) = 30
16942 lseek(4, 29608700, SEEK_SET)      = 29608700
16942 read(4, "\312\376\272\276\0\0\0003\0\206\10\0\21\1\0\3()I\1\0\24()Ljava/la"..., 2879) = 2879
16942 lseek(4, 29935344, SEEK_SET)      = 29935344
16942 read(4, "PK\3\4\n\0\0\0\0\0004\246\305B\334<\273\265\216\4\0\0\216\4\0\0\"\0\0\0", 30) = 30
16942 lseek(4, 29935408, SEEK_SET)      = 29935408
16942 read(4, "\312\376\272\276\0\0\0003\0006\1\0\3()I\1\0\3()V\1\0\25(Ljava/"..., 1166) = 1166
16942 lseek(4, 60028310, SEEK_SET)      = 60028310
16942 read(4, "PK\3\4\n\0\0\0\0\0005\246\305Bz\36\210\325\324\1\0\0\324\1\0\0\37\0\0\0", 30) = 30
16942 lseek(4, 60028371, SEEK_SET)      = 60028371
16942 read(4, "\312\376\272\276\0\0\0003\0\30\1\0\3()V\1\0\6<init>\1\0\4Code"..., 468) = 468
16942 lseek(4, 60028057, SEEK_SET)      = 60028057
16942 read(4, "PK\3\4\n\0\0\0\0\0005\246\305B\265\211\340q\303\0\0\0\303\0\0\0\34\0\0\0", 30) = 30
16942 lseek(4, 60028115, SEEK_SET)      = 60028115
16942 read(4, "\312\376\272\276\0\0\0003\0\t\1\0\nSourceFile\1\0\17getURL"..., 195) = 195
16942 lseek(4, 60024792, SEEK_SET)      = 60024792
16942 read(4, "PK\3\4\n\0\0\0\0\0005\246\305B~\210\217>\204\f\0\0\204\f\0\0\37\0\0\0", 30) = 30
16942 lseek(4, 60024853, SEEK_SET)      = 60024853
16942 read(4, "\312\376\272\276\0\0\0003\0w\3\0\0\330\0\3\0\0\337\377\10\0\4\1\0\5 \t\n\r\f\1"..., 3204) = 3204
16942 lseek(4, 60023684, SEEK_SET)      = 60023684
16942 read(4, "PK\3\4\n\0\0\0\0\0005\246\305B2;w\376\16\4\0\0\16\4\0\0(\0\0\0", 30) = 30
16942 lseek(4, 60023754, SEEK_SET)      = 60023754
16942 read(4, "\312\376\272\276\0\0\0003\0002\1\0\3()V\1\0\6<init>\1\0\4Code"..., 1038) = 1038
16942 lseek(4, 60023300, SEEK_SET)      = 60023300
16942 read(4, "PK\3\4\n\0\0\0\0\0005\246\305B0/\263|5\1\0\0005\1\0\0-\0\0\0", 30) = 30
16942 lseek(4, 60023375, SEEK_SET)      = 60023375
16942 read(4, "\312\376\272\276\0\0\0003\0\17\1\0\5()TT;\1\0\nExceptions\1"..., 309) = 309
16942 lseek(4, 60020350, SEEK_SET)      = 60020350
16942 read(4, "PK\3\4\n\0\0\0\0\0005\246\305B\3\231\17\326P\v\0\0P\v\0\0\30\0\0\0", 30) = 30
16942 lseek(4, 60020404, SEEK_SET)      = 60020404
16942 read(4, "\312\376\272\276\0\0\0003\0\227\10\0\5\10\0\16\10\0007\1\0\23$assertion"..., 2896) = 2896
16942 mprotect(0x7f0e700dd000, 4096, PROT_READ|PROT_WRITE) = 0
16942 stat("/usr/lib/jvm/jdk1.7.0_25/jre/lib/ext/meta-index", {st_mode=S_IFREG|0644, st_size=581, ...}) = 0
16942 lseek(4, 60015183, SEEK_SET)      = 60015183
16942 read(4, "PK\3\4\n\0\0\0\0\0005\246\305B\357\317\34\210\365\23\0\0\365\23\0\0\34\0\0\0", 30) = 30
16942 lseek(4, 60015241, SEEK_SET)      = 60015241
16942 read(4, "\312\376\272\276\0\0\0003\0\234\10\0\24\10\0\34\10\0\35\10\0 \10\0!\10\0I\1\0\3("..., 5109) = 5109
16942 lseek(4, 60013222, SEEK_SET)      = 60013222
16942 read(4, "PK\3\4\n\0\0\0\0\0005\246\305Bw@\375\rw\7\0\0w\7\0\0\24\0\0\0", 30) = 30
16942 lseek(4, 60013272, SEEK_SET)      = 60013272
16942 read(4, "\312\376\272\276\0\0\0003\0U\10\0%\10\0.\10\0000\1\0\3()I\1\0\3()V\1"..., 1911) = 1911
16942 lseek(4, 60238312, SEEK_SET)      = 60238312
16942 read(4, "PK\3\4\n\0\0\0\0\0004\246\305B\327\332\256\337\305\0\0\0\305\0\0\0\30\0\0\0", 30) = 30
16942 lseek(4, 60238366, SEEK_SET)      = 60238366
16942 read(4, "\312\376\272\276\0\0\0003\0\f\1\0\nExceptions\1\0\nSource"..., 197) = 197
16942 lseek(4, 60012613, SEEK_SET)      = 60012613
16942 read(4, "PK\3\4\n\0\0\0\0\0005\246\305Bs[\363\301+\2\0\0+\2\0\0\30\0\0\0", 30) = 30
16942 lseek(4, 60012667, SEEK_SET)      = 60012667
16942 read(4, "\312\376\272\276\0\0\0003\0\33\1\0\25(Ljava/lang/String;"..., 555) = 555
16942 lseek(4, 60010495, SEEK_SET)      = 60010495
16942 read(4, "PK\3\4\n\0\0\0\0\0005\246\305B\"7(\276\t\10\0\0\t\10\0\0\37\0\0\0", 30) = 30
16942 lseek(4, 60010556, SEEK_SET)      = 60010556
16942 read(4, "\312\376\272\276\0\0\0003\0R\10\0\22\10\0\23\10\0\24\1\0\3()I\1\0\24()Lj"..., 2057) = 2057
16942 open("/usr/lib/jvm/jdk1.7.0_25/jre/lib/ext/meta-index", O_RDONLY) = 5
16942 fstat(5, {st_mode=S_IFREG|0644, st_size=581, ...}) = 0
16942 fcntl(5, F_GETFD)                 = 0
16942 fcntl(5, F_SETFD, FD_CLOEXEC)     = 0
16942 lseek(4, 60002775, SEEK_SET)      = 60002775
16942 read(4, "PK\3\4\n\0\0\0\0\0005\246\305B\324\226Hy\354\35\0\0\354\35\0\0\36\0\0\0", 30) = 30
16942 lseek(4, 60002835, SEEK_SET)      = 60002835
16942 read(4, "\312\376\272\276\0\0\0003\0014\10\0\21\10\0 \10\0!\10\0a\1\0\23$assert"..., 7660) = 7660
16942 lseek(4, 29747059, SEEK_SET)      = 29747059
16942 read(4, "PK\3\4\n\0\0\0\0\0004\246\305B\207q\353JR\6\0\0R\6\0\0\36\0\0\0", 30) = 30
16942 lseek(4, 29747119, SEEK_SET)      = 29747119
16942 read(4, "\312\376\272\276\0\0\0003\0[\3\177\377\377\377\10\0\16\10\0\21\10\0\33\10\0(\10\0-\1\0"..., 1618) = 1618
16942 lstat("/usr", {st_mode=S_IFDIR|0775, st_size=4096, ...}) = 0
16942 lstat("/usr/lib", {st_mode=S_IFDIR|0755, st_size=16384, ...}) = 0
16942 lstat("/usr/lib/jvm", {st_mode=S_IFDIR|0755, st_size=4096, ...}) = 0
16942 lstat("/usr/lib/jvm/jdk1.7.0_25", {st_mode=S_IFDIR|0755, st_size=4096, ...}) = 0
16942 lstat("/usr/lib/jvm/jdk1.7.0_25/jre", {st_mode=S_IFDIR|0755, st_size=4096, ...}) = 0
16942 lstat("/usr/lib/jvm/jdk1.7.0_25/jre/lib", {st_mode=S_IFDIR|0755, st_size=4096, ...}) = 0
16942 lstat("/usr/lib/jvm/jdk1.7.0_25/jre/lib/ext", {st_mode=S_IFDIR|0755, st_size=4096, ...}) = 0
16942 stat("/usr/lib/jvm/jdk1.7.0_25/jre/lib/ext", {st_mode=S_IFDIR|0755, st_size=4096, ...}) = 0
16942 stat("/usr/lib/jvm/jdk1.7.0_25/jre/lib/ext", {st_mode=S_IFDIR|0755, st_size=4096, ...}) = 0
16942 lseek(4, 60238563, SEEK_SET)      = 60238563
16942 read(4, "PK\3\4\n\0\0\0\0\0004\246\305B\310if\350\247\25\0\0\247\25\0\0\31\0\0\0", 30) = 30
16942 lseek(4, 60238618, SEEK_SET)      = 60238618
16942 read(4, "\312\376\272\276\0\0\0003\0\321\10\0G\1\0\3()C\1\0\3()I\1\0\24()Lj"..., 5543) = 5543
16942 mprotect(0x7f0e700de000, 8192, PROT_READ|PROT_WRITE) = 0
16942 lseek(4, 60235087, SEEK_SET)      = 60235087
16942 read(4, "PK\3\4\n\0\0\0\0\0005\246\305B\27\245\240\373^\f\0\0^\f\0\0\35\0\0\0", 30) = 30
16942 lseek(4, 60235146, SEEK_SET)      = 60235146
16942 read(4, "\312\376\272\276\0\0\0003\0\211\1\0\3()C\1\0\3()I\1\0\3()V\1\0\3("..., 3166) = 3166
16942 lseek(4, 60232067, SEEK_SET)      = 60232067
16942 read(4, "PK\3\4\n\0\0\0\0\0005\246\305Bz\363\37\242\214\v\0\0\214\v\0\0\"\0\0\0", 30) = 30
16942 lseek(4, 60232131, SEEK_SET)      = 60232131
16942 read(4, "\312\376\272\276\0\0\0003\0\213\10\0\33\10\0\34\10\0\37\10\0 \10\0\"\10\0$\1\0\23$"..., 2956) = 2956
16942 mprotect(0x7f0e700e0000, 4096, PROT_READ|PROT_WRITE) = 0
16942 lseek(4, 60231476, SEEK_SET)      = 60231476
16942 read(4, "PK\3\4\n\0\0\0\0\0005\246\305B\264_\337\234\r\2\0\0\r\2\0\0$\0\0\0", 30) = 30
16942 lseek(4, 60231542, SEEK_SET)      = 60231542
16942 read(4, "\312\376\272\276\0\0\0003\0\30\1\0\3()V\1\0\6<init>\1\0\4Code"..., 525) = 525
16942 lseek(4, 60229963, SEEK_SET)      = 60229963
16942 read(4, "PK\3\4\n\0\0\0\0\0005\246\305B\367u(\254\243\5\0\0\243\5\0\0(\0\0\0", 30) = 30
16942 lseek(4, 60230033, SEEK_SET)      = 60230033
16942 read(4, "\312\376\272\276\0\0\0003\0E\10\0\n\1\0\3()V\1\0\4(I)V\1\0\25(Lj"..., 1443) = 1443
16942 lseek(4, 60229328, SEEK_SET)      = 60229328
16942 read(4, "PK\3\4\n\0\0\0\0\0005\246\305B\304\221\316\0109\2\0\0009\2\0\0$\0\0\0", 30) = 30
16942 lseek(4, 60229394, SEEK_SET)      = 60229394
16942 read(4, "\312\376\272\276\0\0\0003\0\32\1\0\3()V\1\0\6<init>\1\0\4Code"..., 569) = 569
16942 read(5, "% VERSION 2\n% WARNING: this file"..., 8192) = 581
16942 fstat(5, {st_mode=S_IFREG|0644, st_size=581, ...}) = 0
16942 lseek(5, 0, SEEK_CUR)             = 581
16942 lseek(5, 0, SEEK_END)             = 581
16942 lseek(5, 581, SEEK_SET)           = 581
16942 lseek(4, 60000873, SEEK_SET)      = 60000873
16942 read(4, "PK\3\4\n\0\0\0\0\0005\246\305B\272\377\227\3753\7\0\0003\7\0\0\35\0\0\0", 30) = 30
16942 lseek(4, 60000932, SEEK_SET)      = 60000932
16942 read(4, "\312\376\272\276\0\0\0003\0F\1\0\3()V\1\0\25(Ljava/lang/O"..., 1843) = 1843
16942 read(5, "", 8192)                 = 0
16942 close(5)                          = 0
16942 stat("/usr/java/packages/lib/ext/meta-index", 0x7f0e77b4a500) = -1 ENOENT (No such file or directory)
16942 open("/usr/lib/jvm/jdk1.7.0_25/jre/lib/ext", O_RDONLY|O_NONBLOCK|O_DIRECTORY|O_CLOEXEC) = 5
16942 mprotect(0x7f0e700e1000, 32768, PROT_READ|PROT_WRITE) = 0
16942 mprotect(0x7f0e700e9000, 4096, PROT_READ|PROT_WRITE) = 0
16942 getdents(5, /* 21 entries */, 32768) = 720
16942 getdents(5, /* 0 entries */, 32768) = 0
16942 close(5)                          = 0
16942 lstat("/usr", {st_mode=S_IFDIR|0775, st_size=4096, ...}) = 0
16942 lstat("/usr/lib", {st_mode=S_IFDIR|0755, st_size=16384, ...}) = 0
16942 lstat("/usr/lib/jvm", {st_mode=S_IFDIR|0755, st_size=4096, ...}) = 0
16942 lstat("/usr/lib/jvm/jdk1.7.0_25", {st_mode=S_IFDIR|0755, st_size=4096, ...}) = 0
16942 lstat("/usr/lib/jvm/jdk1.7.0_25/jre", {st_mode=S_IFDIR|0755, st_size=4096, ...}) = 0
16942 lstat("/usr/lib/jvm/jdk1.7.0_25/jre/lib", {st_mode=S_IFDIR|0755, st_size=4096, ...}) = 0
16942 lstat("/usr/lib/jvm/jdk1.7.0_25/jre/lib/ext", {st_mode=S_IFDIR|0755, st_size=4096, ...}) = 0
16942 lstat("/usr/lib/jvm/jdk1.7.0_25/jre/lib/ext/vecmath.jar", {st_mode=S_IFREG|0644, st_size=325572, ...}) = 0
16942 stat("/usr/lib/jvm/jdk1.7.0_25/jre/lib/ext/vecmath.jar", {st_mode=S_IFREG|0644, st_size=325572, ...}) = 0
16942 stat("/usr/lib/jvm/jdk1.7.0_25/jre/lib/ext/vecmath.jar", {st_mode=S_IFREG|0644, st_size=325572, ...}) = 0
16942 lseek(4, 59989130, SEEK_SET)      = 59989130
16942 read(4, "PK\3\4\n\0\0\0\0\0005\246\305B\341\326\232\233\246-\0\0\246-\0\0\33\0\0\0", 30) = 30
16942 lseek(4, 59989187, SEEK_SET)      = 59989187
16942 read(4, "\312\376\272\276\0\0\0003\1\373\3\177\377\377\377\10\0\32\10\0\33\10\0006\10\0007\10\0008\10\0"..., 11686) = 11686
16942 lseek(4, 59977985, SEEK_SET)      = 59977985
16942 read(4, "PK\3\4\n\0\0\0\0\0005\246\305B\267^<\277U+\0\0U+\0\0\26\0\0\0", 30) = 30
16942 lseek(4, 59978037, SEEK_SET)      = 59978037
16942 read(4, "\312\376\272\276\0\0\0003\1T\10\0\n\10\0\"\10\0<\10\0=\10\0I\10\0J\10\0K\10"..., 11093) = 11093
16942 stat("/usr/lib/jvm/jdk1.7.0_25/jre/lib/ext/vecmath.jar", {st_mode=S_IFREG|0644, st_size=325572, ...}) = 0
16942 lseek(4, 59936184, SEEK_SET)      = 59936184
16942 read(4, "PK\3\4\n\0\0\0\0\0004\246\305B\277Ul\r\241-\0\0\241-\0\0\22\0\0\0", 30) = 30
16942 lseek(4, 59936232, SEEK_SET)      = 59936232
16942 read(4, "\312\376\272\276\0\0\0003\1\334\10\0\23\10\0#\10\0$\10\0%\10\0&\10\0)\10\0002\10"..., 11681) = 11681
16942 lseek(4, 29748989, SEEK_SET)      = 29748989
16942 read(4, "PK\3\4\n\0\0\0\0\0004\246\305B\226\212)0>\4\0\0>\4\0\0 \0\0\0", 30) = 30
16942 lseek(4, 29749051, SEEK_SET)      = 29749051
16942 read(4, "\312\376\272\276\0\0\0003\0009\3\177\377\377\377\10\0\16\10\0\34\10\0\37\1\0\3()V\1\0"..., 1086) = 1086
16942 lseek(4, 28591745, SEEK_SET)      = 28591745
16942 read(4, "PK\3\4\n\0\0\0\0\0004\246\305BX:\267\371z\3\0\0z\3\0\0\24\0\0\0", 30) = 30
16942 lseek(4, 28591795, SEEK_SET)      = 28591795
16942 read(4, "\312\376\272\276\0\0\0003\0001\10\0\20\10\0\31\1\0\3()V\1\0&(Ljava/"..., 890) = 890
16942 lseek(4, 59913750, SEEK_SET)      = 59913750
16942 read(4, "PK\3\4\n\0\0\0\0\0004\246\305B\3454\230\350nW\0\0nW\0\0\26\0\0\0", 30) = 30
16942 lseek(4, 59913802, SEEK_SET)      = 59913802
16942 read(4, "\312\376\272\276\0\0\0003\3M\10\0;\10\0<\10\0?\10\0U\10\0X\10\0`\10\0a\10"..., 22382) = 22382
16942 lseek(4, 29807596, SEEK_SET)      = 29807596
16942 read(4, "PK\3\4\n\0\0\0\0\0004\246\305B\2376\324U\17\4\0\0\17\4\0\0\34\0\0\0", 30) = 30
16942 lseek(4, 29807654, SEEK_SET)      = 29807654
16942 read(4, "\312\376\272\276\0\0\0003\0*\1\0\3()V\1\0\6<init>\1\0\4Code"..., 1039) = 1039
16942 lseek(4, 50992391, SEEK_SET)      = 50992391
16942 read(4, "PK\3\4\n\0\0\0\0\0004\246\305BO\t\260\264\250\7\0\0\250\7\0\0'\0\0\0", 30) = 30
16942 lseek(4, 50992460, SEEK_SET)      = 50992460
16942 read(4, "\312\376\272\276\0\0\0003\0Q\4?@\0\0\1\0\3()V\1\0\6(IFI)V\1\0"..., 1960) = 1960
16942 lseek(4, 59899776, SEEK_SET)      = 59899776
16942 read(4, "PK\3\4\n\0\0\0\0\0004\246\305B\253\263\232\302L6\0\0L6\0\0,\0\0\0", 30) = 30
16942 lseek(4, 59899850, SEEK_SET)      = 59899850
16942 read(4, "\312\376\272\276\0\0\0003\1\311\3\0\1\0\0\3@\0\0\0\3\177\377\377\377\4?@\0\0\10\0"..., 13900) = 13900
16942 lseek(4, 59899172, SEEK_SET)      = 59899172
16942 read(4, "PK\3\4\n\0\0\0\0\0004\246\305B\0177Z<\26\2\0\0\26\2\0\0(\0\0\0", 30) = 30
16942 lseek(4, 59899242, SEEK_SET)      = 59899242
16942 read(4, "\312\376\272\276\0\0\0003\0\23\1\0'(Ljava/lang/Object;"..., 534) = 534
16942 lseek(4, 59868809, SEEK_SET)      = 59868809
16942 read(4, "PK\3\4\n\0\0\0\0\0004\246\305B'\232\25\226\246\6\0\0\246\6\0\0006\0\0\0", 30) = 30
16942 lseek(4, 59868893, SEEK_SET)      = 59868893
16942 read(4, "\312\376\272\276\0\0\0003\0P\10\0\34\1\0\3()V\1\0\30(Ljava/lan"..., 1702) = 1702
16942 lseek(4, 59893525, SEEK_SET)      = 59893525
16942 read(4, "PK\3\4\n\0\0\0\0\0004\246\305B!\272*\261\275\25\0\0\275\25\0\0004\0\0\0", 30) = 30
16942 lseek(4, 59893607, SEEK_SET)      = 59893607
16942 read(4, "\312\376\272\276\0\0\0003\0\216\3@\0\0\0\1\0\3()I\1\0\3()V\1\0\3()"..., 5565) = 5565
16942 lseek(4, 59889386, SEEK_SET)      = 59889386
16942 read(4, "PK\3\4\n\0\0\0\0\0004\246\305Bm?\233a\337\17\0\0\337\17\0\0.\0\0\0", 30) = 30
16942 lseek(4, 59889462, SEEK_SET)      = 59889462
16942 read(4, "\312\376\272\276\0\0\0003\0\246\10\0\31\10\0\32\10\0\33\10\0A\1\0\3()I\1\0\24("..., 4063) = 4063
16942 mprotect(0x7f0e700ea000, 4096, PROT_READ|PROT_WRITE) = 0
16942 lseek(4, 59888932, SEEK_SET)      = 59888932
16942 read(4, "PK\3\4\n\0\0\0\0\0004\246\305Bd\313t\237\203\1\0\0\203\1\0\0%\0\0\0", 30) = 30
16942 lseek(4, 59888999, SEEK_SET)      = 59888999
16942 read(4, "\312\376\272\276\0\0\0003\0\23\1\0\3()V\1\0\3()Z\1\0\nExcepti"..., 387) = 387
16942 lseek(4, 29974985, SEEK_SET)      = 29974985
16942 read(4, "PK\3\4\n\0\0\0\0\0004\246\305B\252\336\327\20t\4\0\0t\4\0\0003\0\0\0", 30) = 30
16942 lseek(4, 29975066, SEEK_SET)      = 29975066
16942 read(4, "\312\376\272\276\0\0\0003\0:\3@\0\0\0\3\177\377\377\377\10\0\r\10\0\34\10\0\37\1\0\3"..., 1140) = 1140
16942 open("/proc/stat", O_RDONLY|O_CLOEXEC) = 5
16942 read(5, "cpu  50386797 5416 4132006 77544"..., 8192) = 2457
16942 close(5)                          = 0
16942 lseek(4, 59888007, SEEK_SET)      = 59888007
16942 read(4, "PK\3\4\n\0\0\0\0\0004\246\305Bj\261\370\224E\3\0\0E\3\0\0:\0\0\0", 30) = 30
16942 lseek(4, 59888095, SEEK_SET)      = 59888095
16942 read(4, "\312\376\272\276\0\0\0003\0000\1\0\3()V\1\0\4(I)V\1\0\4(I)Z\1\0"..., 837) = 837
16942 lseek(4, 59885841, SEEK_SET)      = 59885841
16942 read(4, "PK\3\4\n\0\0\0\0\0004\246\305B\352c+Z%\10\0\0%\10\0\0003\0\0\0", 30) = 30
16942 lseek(4, 59885922, SEEK_SET)      = 59885922
16942 read(4, "\312\376\272\276\0\0\0003\0Y\10\0\20\1\0\3()I\1\0\3()V\1\0\3()Z\1"..., 2085) = 2085
16942 lseek(4, 59872792, SEEK_SET)      = 59872792
16942 read(4, "PK\3\4\n\0\0\0\0\0005\246\305B\30b^\357\2402\0\0\2402\0\0;\0\0\0", 30) = 30
16942 lseek(4, 59872881, SEEK_SET)      = 59872881
16942 read(4, "\312\376\272\276\0\0\0003\1v\10\0\f\10\0\33\10\0'\10\0,\10\0F\10\0Y\10\0x\10"..., 12960) = 12960
16942 mprotect(0x7f0e700eb000, 4096, PROT_READ|PROT_WRITE) = 0
16942 mprotect(0x7f0e700ec000, 8192, PROT_READ|PROT_WRITE) = 0
16942 lseek(4, 59872103, SEEK_SET)      = 59872103
16942 read(4, "PK\3\4\n\0\0\0\0\0005\246\305B\304\350\24\303W\2\0\0W\2\0\0<\0\0\0", 30) = 30
16942 lseek(4, 59872193, SEEK_SET)      = 59872193
16942 read(4, "\312\376\272\276\0\0\0003\0\34\1\0\3()V\1\0\6<init>\1\0\4Code"..., 599) = 599
16942 lseek(4, 59870595, SEEK_SET)      = 59870595
16942 read(4, "PK\3\4\n\0\0\0\0\0005\246\305Bb\235N\22\206\5\0\0\206\5\0\0@\0\0\0", 30) = 30
16942 lseek(4, 59870689, SEEK_SET)      = 59870689
16942 read(4, "\312\376\272\276\0\0\0003\0=\1\0\3()V\1\0\3()Z\1\0\10<clinit"..., 1414) = 1414
16942 lseek(4, 50955058, SEEK_SET)      = 50955058
16942 read(4, "PK\3\4\n\0\0\0\0\0004\246\305B\304\304\346\227\201\r\0\0\201\r\0\0 \0\0\0", 30) = 30
16942 lseek(4, 50955120, SEEK_SET)      = 50955120
16942 read(4, "\312\376\272\276\0\0\0003\0\217\10\0\r\10\0\24\10\0/\10\0000\10\0001\10\0003\10\0007\10"..., 3457) = 3457
16942 lseek(4, 50950235, SEEK_SET)      = 50950235
16942 read(4, "PK\3\4\n\0\0\0\0\0004\246\305B\230y\357l\320\4\0\0\320\4\0\0&\0\0\0", 30) = 30
16942 lseek(4, 50950303, SEEK_SET)      = 50950303
16942 read(4, "\312\376\272\276\0\0\0003\0004\1\0\3()V\1\0\6<init>\1\0\4Code"..., 1232) = 1232
16942 lseek(4, 50951535, SEEK_SET)      = 50951535
16942 read(4, "PK\3\4\n\0\0\0\0\0004\246\305B\30p\\1\201\r\0\0\201\r\0\0$\0\0\0", 30) = 30
16942 lseek(4, 50951601, SEEK_SET)      = 50951601
16942 read(4, "\312\376\272\276\0\0\0003\0\200\10\0\2\1\0\0\1\0\23$assertionsDi"..., 3457) = 3457
16942 mprotect(0x7f0e700ee000, 4096, PROT_READ|PROT_WRITE) = 0
16942 lseek(4, 50991543, SEEK_SET)      = 50991543
16942 read(4, "PK\3\4\n\0\0\0\0\0004\246\305B1S\230\"\0\3\0\0\0\3\0\0002\0\0\0", 30) = 30
16942 lseek(4, 50991623, SEEK_SET)      = 50991623
16942 read(4, "\312\376\272\276\0\0\0003\0\35\1\0\5()TK;\1\0\6<init>\1\0\4Co"..., 768) = 768
16942 lseek(4, 29810279, SEEK_SET)      = 29810279
16942 read(4, "PK\3\4\n\0\0\0\0\0004\246\305B!K\332\231b\5\0\0b\5\0\0 \0\0\0", 30) = 30
16942 lseek(4, 29810341, SEEK_SET)      = 29810341
16942 read(4, "\312\376\272\276\0\0\0003\0006\1\0\3()I\1\0\3()V\1\0\25(Ljava/"..., 1378) = 1378
16942 lseek(4, 50995012, SEEK_SET)      = 50995012
16942 read(4, "PK\3\4\n\0\0\0\0\0005\246\305B\34l\215\23\250\f\0\0\250\f\0\0!\0\0\0", 30) = 30
16942 lseek(4, 50995075, SEEK_SET)      = 50995075
16942 read(4, "\312\376\272\276\0\0\0003\0Y\1\0\3()I\1\0\3()V\1\0\3()Z\1\0\4("..., 3240) = 3240
16942 lseek(4, 27711716, SEEK_SET)      = 27711716
16942 read(4, "PK\3\4\n\0\0\0\0\0005\246\305B\236\335\34Sp\6\0\0p\6\0\0\35\0\0\0", 30) = 30
16942 lseek(4, 27711775, SEEK_SET)      = 27711775
16942 read(4, "\312\376\272\276\0\0\0003\0H\1\0\3()V\1\0\4(I)B\1\0\4(I)I\1\0"..., 1648) = 1648
16942 lseek(4, 59863491, SEEK_SET)      = 59863491
16942 read(4, "PK\3\4\n\0\0\0\0\0006\246\305B\373)\250\343\205\24\0\0\205\24\0\0#\0\0\0", 30) = 30
16942 lseek(4, 59863556, SEEK_SET)      = 59863556
16942 read(4, "\312\376\272\276\0\0\0003\0`\3\200\0\0\0\3\0\1\0\0\3\0\2\0\0\3\7\374\0\0\3x"..., 5253) = 5253
16942 lseek(4, 59862605, SEEK_SET)      = 59862605
16942 read(4, "PK\3\4\n\0\0\0\0\0005\246\305Bbj\27\303D\3\0\0D\3\0\0\24\0\0\0", 30) = 30
16942 lseek(4, 59862655, SEEK_SET)      = 59862655
16942 read(4, "\312\376\272\276\0\0\0003\0-\1\0\24()Ljava/lang/String"..., 836) = 836
16942 lseek(4, 59860058, SEEK_SET)      = 59860058
16942 read(4, "PK\3\4\n\0\0\0\0\0005\246\305B\226?\267\3\256\t\0\0\256\t\0\0'\0\0\0", 30) = 30
16942 lseek(4, 59860127, SEEK_SET)      = 59860127
16942 read(4, "\312\376\272\276\0\0\0003\0{\10\0\7\10\0\10\10\0\27\10\0\35\10\0+\10\0005\1\0\0\1"..., 2478) = 2478
16942 mprotect(0x7f0e700ef000, 4096, PROT_READ|PROT_WRITE) = 0
16942 lseek(4, 59853462, SEEK_SET)      = 59853462
16942 read(4, "PK\3\4\n\0\0\0\0\0004\246\305B\224c\364\243\207\31\0\0\207\31\0\0\37\0\0\0", 30) = 30
16942 lseek(4, 59853523, SEEK_SET)      = 59853523
16942 read(4, "\312\376\272\276\0\0\0003\0\346\10\0\20\10\0\21\10\0 \10\0!\10\0\"\10\0#\10\0$\10"..., 6535) = 6535
16942 stat("/usr/lib/jvm/jdk1.7.0_25/jre/lib/ext/multiplayer.jar", {st_mode=S_IFREG|0644, st_size=63515, ...}) = 0
16942 stat("/usr/lib/jvm/jdk1.7.0_25/jre/lib/ext/QTJava.zip", {st_mode=S_IFREG|0755, st_size=970995, ...}) = 0
16942 stat("/usr/lib/jvm/jdk1.7.0_25/jre/lib/ext/jmf.jar", {st_mode=S_IFREG|0644, st_size=1904171, ...}) = 0
16942 stat("/usr/lib/jvm/jdk1.7.0_25/jre/lib/ext/zipfs.jar", {st_mode=S_IFREG|0644, st_size=68654, ...}) = 0
16942 stat("/usr/lib/jvm/jdk1.7.0_25/jre/lib/ext/jai_codec.jar", {st_mode=S_IFREG|0644, st_size=213586, ...}) = 0
16942 stat("/usr/lib/jvm/jdk1.7.0_25/jre/lib/ext/sunec.jar", {st_mode=S_IFREG|0644, st_size=15943, ...}) = 0
16942 stat("/usr/lib/jvm/jdk1.7.0_25/jre/lib/ext/j3dutils.jar", {st_mode=S_IFREG|0644, st_size=1703580, ...}) = 0
16942 stat("/usr/lib/jvm/jdk1.7.0_25/jre/lib/ext/jai_core.jar", {st_mode=S_IFREG|0644, st_size=1576549, ...}) = 0
16942 stat("/usr/lib/jvm/jdk1.7.0_25/jre/lib/ext/sunpkcs11.jar", {st_mode=S_IFREG|0644, st_size=238303, ...}) = 0
16942 stat("/usr/lib/jvm/jdk1.7.0_25/jre/lib/ext/dnsns.jar", {st_mode=S_IFREG|0644, st_size=8934, ...}) = 0
16942 stat("/usr/lib/jvm/jdk1.7.0_25/jre/lib/ext/j3dcore.jar", {st_mode=S_IFREG|0644, st_size=2959771, ...}) = 0
16942 stat("/usr/lib/jvm/jdk1.7.0_25/jre/lib/ext/localedata.jar", {st_mode=S_IFREG|0644, st_size=1024028, ...}) = 0
16942 stat("/usr/lib/jvm/jdk1.7.0_25/jre/lib/ext/mlibwrapper_jai.jar", {st_mode=S_IFREG|0444, st_size=41239, ...}) = 0
16942 stat("/usr/lib/jvm/jdk1.7.0_25/jre/lib/ext/mediaplayer.jar", {st_mode=S_IFREG|0644, st_size=39078, ...}) = 0
16942 stat("/usr/lib/jvm/jdk1.7.0_25/jre/lib/ext/sunjce_provider.jar", {st_mode=S_IFREG|0644, st_size=198317, ...}) = 0
16942 stat("/usr/lib/jvm/jdk1.7.0_25/jre/lib/ext/customizer.jar", {st_mode=S_IFREG|0644, st_size=71644, ...}) = 0
16942 stat("/usr/lib/jvm/jdk1.7.0_25/jre/lib/ext/RXTXcomm.jar", {st_mode=S_IFREG|0644, st_size=60898, ...}) = 0
16942 open("/usr/java/packages/lib/ext", O_RDONLY|O_NONBLOCK|O_DIRECTORY|O_CLOEXEC) = -1 ENOENT (No such file or directory)
16942 lseek(4, 29161753, SEEK_SET)      = 29161753
16942 read(4, "PK\3\4\n\0\0\0\0\0004\246\305B\362a\211Vk\5\0\0k\5\0\0&\0\0\0", 30) = 30
16942 lseek(4, 29161821, SEEK_SET)      = 29161821
16942 read(4, "\312\376\272\276\0\0\0003\0003\1\0\3()V\1\0\6<init>\1\0\4Code"..., 1387) = 1387
16942 lseek(4, 43223934, SEEK_SET)      = 43223934
16942 read(4, "PK\3\4\n\0\0\0\0\0005\246\305B\373\210t\216\220\2\0\0\220\2\0\0!\0\0\0", 30) = 30
16942 lseek(4, 43223997, SEEK_SET)      = 43223997
16942 read(4, "\312\376\272\276\0\0\0003\0\r\1\0\tSignature\1\0\nSourceF"..., 656) = 656
16942 lseek(4, 29165978, SEEK_SET)      = 29165978
16942 read(4, "PK\3\4\n\0\0\0\0\0004\246\305B\2414A^\313\2\0\0\313\2\0\0&\0\0\0", 30) = 30
16942 lseek(4, 29166046, SEEK_SET)      = 29166046
16942 read(4, "\312\376\272\276\0\0\0003\0\35\1\0\3()V\1\0\6<init>\1\0\4Code"..., 715) = 715
16942 lseek(4, 43225213, SEEK_SET)      = 43225213
16942 read(4, "PK\3\4\n\0\0\0\0\0004\246\305B\321\343.Q\207\1\0\0\207\1\0\0001\0\0\0", 30) = 30
16942 lseek(4, 43225292, SEEK_SET)      = 43225292
16942 read(4, "\312\376\272\276\0\0\0003\0\r\1\0\fInnerClasses\1\0\nSour"..., 391) = 391
16942 lseek(4, 59795837, SEEK_SET)      = 59795837
16942 read(4, "PK\3\4\n\0\0\0\0\0004\246\305BV\226\235\341[\35\0\0[\35\0\0\36\0\0\0", 30) = 30
16942 lseek(4, 59795897, SEEK_SET)      = 59795897
16942 read(4, "\312\376\272\276\0\0\0003\1?\10\0\17\10\0\20\10\0\21\10\0\22\10\0\23\10\0\"\10\0#\10"..., 7515) = 7515
16942 mprotect(0x7f0e700f0000, 4096, PROT_READ|PROT_WRITE) = 0
16942 lseek(4, 29166761, SEEK_SET)      = 29166761
16942 read(4, "PK\3\4\n\0\0\0\0\0004\246\305B\277\243zN\222\1\0\0\222\1\0\0(\0\0\0", 30) = 30
16942 lseek(4, 29166831, SEEK_SET)      = 29166831
16942 read(4, "\312\376\272\276\0\0\0003\0\26\1\0\3()V\1\0\6<init>\1\0\4Code"..., 402) = 402
16942 lseek(4, 59696557, SEEK_SET)      = 59696557
16942 read(4, "PK\3\4\n\0\0\0\0\0004\246\305BX\236\232\221\357\0\0\0\357\0\0\0\35\0\0\0", 30) = 30
16942 lseek(4, 59696616, SEEK_SET)      = 59696616
16942 read(4, "\312\376\272\276\0\0\0003\0\16\1\0\3()I\1\0\24()Ljava/lang/"..., 239) = 239
16942 lseek(4, 59845204, SEEK_SET)      = 59845204
16942 read(4, "PK\3\4\n\0\0\0\0\0005\246\305B):S\215\357\f\0\0\357\f\0\0\27\0\0\0", 30) = 30
16942 lseek(4, 59845257, SEEK_SET)      = 59845257
16942 read(4, "\312\376\272\276\0\0\0003\0\250\4?@\0\0\1\0\3()F\1\0\3()I\1\0\3()"..., 3311) = 3311
16942 lseek(4, 59836730, SEEK_SET)      = 59836730
16942 read(4, "PK\3\4\n\0\0\0\0\0004\246\305B\27\310\217\243\341 \0\0\341 \0\0\33\0\0\0", 30) = 30
16942 lseek(4, 59836787, SEEK_SET)      = 59836787
16942 read(4, "\312\376\272\276\0\0\0003\1\207\10\0\v\10\0\f\10\0%\10\0009\10\0Y\10\0[\10\0\204\10"..., 8417) = 8417
16942 lseek(4, 59833072, SEEK_SET)      = 59833072
16942 read(4, "PK\3\4\n\0\0\0\0\0005\246\305B\305\25\34\35\6\16\0\0\6\16\0\0&\0\0\0", 30) = 30
16942 lseek(4, 59833140, SEEK_SET)      = 59833140
16942 read(4, "\312\376\272\276\0\0\0003\0\233\10\0\f\10\0\r\10\0\16\10\0\34\10\0\35\10\0\36\10\0003\10"..., 3590) = 3590
16942 lseek(4, 59829809, SEEK_SET)      = 59829809
16942 read(4, "PK\3\4\n\0\0\0\0\0005\246\305B,\23\7\231{\f\0\0{\f\0\0&\0\0\0", 30) = 30
16942 lseek(4, 59829877, SEEK_SET)      = 59829877
16942 read(4, "\312\376\272\276\0\0\0003\0\244\10\0\37\10\0(\1\0\23$assertionsDi"..., 3195) = 3195
16942 lseek(4, 59828550, SEEK_SET)      = 59828550
16942 read(4, "PK\3\4\n\0\0\0\0\0005\246\305Bp\177I\372\245\4\0\0\245\4\0\0(\0\0\0", 30) = 30
16942 lseek(4, 59828620, SEEK_SET)      = 59828620
16942 read(4, "\312\376\272\276\0\0\0003\0009\1\0\3()V\1\0\6<init>\1\0\4Code"..., 1189) = 1189
16942 mprotect(0x7f0e700f1000, 4096, PROT_READ|PROT_WRITE) = 0
16942 lstat("/home", {st_mode=S_IFDIR|0755, st_size=4096, ...}) = 0
16942 lstat("/home/cxh", {st_mode=S_IFDIR|0755, st_size=4096, ...}) = 0
16942 lstat("/home/cxh/src", {st_mode=S_IFDIR|0755, st_size=4096, ...}) = 0
16942 lstat("/home/cxh/src/OmcFmuExitBug", {st_mode=S_IFDIR|0755, st_size=4096, ...}) = 0
16942 stat("/home/cxh/src/OmcFmuExitBug", {st_mode=S_IFDIR|0755, st_size=4096, ...}) = 0
16942 lstat("/home", {st_mode=S_IFDIR|0755, st_size=4096, ...}) = 0
16942 lstat("/home/cxh", {st_mode=S_IFDIR|0755, st_size=4096, ...}) = 0
16942 lstat("/home/cxh/src", {st_mode=S_IFDIR|0755, st_size=4096, ...}) = 0
16942 lstat("/home/cxh/src/OmcFmuExitBug", {st_mode=S_IFDIR|0755, st_size=4096, ...}) = 0
16942 lstat("/home/cxh/src/OmcFmuExitBug/jna.jar", {st_mode=S_IFREG|0644, st_size=692070, ...}) = 0
16942 stat("/home/cxh/src/OmcFmuExitBug/jna.jar", {st_mode=S_IFREG|0644, st_size=692070, ...}) = 0
16942 lseek(4, 59827122, SEEK_SET)      = 59827122
16942 read(4, "PK\3\4\n\0\0\0\0\0005\246\305B\346\322\273?O\5\0\0O\5\0\0'\0\0\0", 30) = 30
16942 lseek(4, 59827191, SEEK_SET)      = 59827191
16942 read(4, "\312\376\272\276\0\0\0003\0D\10\0\21\1\0\3()V\1\0&(Ljava/lan"..., 1359) = 1359
16942 mprotect(0x7f0e700f2000, 4096, PROT_READ|PROT_WRITE) = 0
16942 mprotect(0x7f0e700f3000, 4096, PROT_READ|PROT_WRITE) = 0
16942 mmap(NULL, 1052672, PROT_READ|PROT_WRITE, MAP_PRIVATE|MAP_ANONYMOUS|MAP_STACK, -1, 0) = 0x7f0e748eb000
16942 clone(child_stack=0x7f0e749eaff0, flags=CLONE_VM|CLONE_FS|CLONE_FILES|CLONE_SIGHAND|CLONE_THREAD|CLONE_SYSVSEM|CLONE_SETTLS|CLONE_PARENT_SETTID|CLONE_CHILD_CLEARTID, parent_tidptr=0x7f0e749eb9d0, tls=0x7f0e749eb700, child_tidptr=0x7f0e749eb9d0) = 16954
16954 set_robust_list(0x7f0e749eb9e0, 0x18 <unfinished ...>
16942 futex(0x7f0e70008854, FUTEX_WAIT_PRIVATE, 25, NULL <unfinished ...>
16954 <... set_robust_list resumed> )   = 0
16954 gettid()                          = 16954
16954 rt_sigprocmask(SIG_BLOCK, NULL, [QUIT], 8) = 0
16954 rt_sigprocmask(SIG_UNBLOCK, [HUP INT ILL BUS FPE SEGV USR2 TERM], NULL, 8) = 0
16954 rt_sigprocmask(SIG_BLOCK, [QUIT], NULL, 8) = 0
16954 futex(0x7f0e70008854, FUTEX_WAKE_OP_PRIVATE, 1, 1, 0x7f0e70008850, {FUTEX_OP_SET, 0, FUTEX_OP_CMP_GT, 1}) = 1
16942 <... futex resumed> )             = 0
16954 futex(0x7f0e700f2a54, FUTEX_WAIT_PRIVATE, 1, NULL <unfinished ...>
16942 futex(0x7f0e70008828, FUTEX_WAKE_PRIVATE, 1) = 0
16942 futex(0x7f0e700f2a54, FUTEX_WAKE_OP_PRIVATE, 1, 1, 0x7f0e700f2a50, {FUTEX_OP_SET, 0, FUTEX_OP_CMP_GT, 1} <unfinished ...>
16954 <... futex resumed> )             = 0
16942 <... futex resumed> )             = 1
16954 futex(0x7f0e700f2a28, FUTEX_WAIT_PRIVATE, 2, NULL <unfinished ...>
16942 futex(0x7f0e700f2a28, FUTEX_WAKE_PRIVATE, 1 <unfinished ...>
16954 <... futex resumed> )             = -1 EAGAIN (Resource temporarily unavailable)
16942 <... futex resumed> )             = 0
16954 futex(0x7f0e700f2a28, FUTEX_WAKE_PRIVATE, 1 <unfinished ...>
16942 rt_sigaction(SIGQUIT, {0x7f0e7744a0b0, ~[RTMIN RT_1], SA_RESTORER|SA_RESTART|SA_SIGINFO, 0x3e6300f500},  <unfinished ...>
16954 <... futex resumed> )             = 0
16942 <... rt_sigaction resumed> {SIG_DFL, [], 0}, 8) = 0
16954 mmap(NULL, 134217728, PROT_NONE, MAP_PRIVATE|MAP_ANONYMOUS|MAP_NORESERVE, -1, 0) = 0x7f0e2216f000
16942 mprotect(0x7f0e700f4000, 4096, PROT_READ|PROT_WRITE <unfinished ...>
16954 munmap(0x7f0e2216f000, 32051200 <unfinished ...>
16942 <... mprotect resumed> )          = 0
16954 <... munmap resumed> )            = 0
16942 mprotect(0x7f0e700f5000, 4096, PROT_READ|PROT_WRITE <unfinished ...>
16954 munmap(0x7f0e28000000, 35057664 <unfinished ...>
16942 <... mprotect resumed> )          = 0
16954 <... munmap resumed> )            = 0
16954 mprotect(0x7f0e24000000, 135168, PROT_READ|PROT_WRITE <unfinished ...>
16942 mmap(NULL, 1052672, PROT_READ|PROT_WRITE, MAP_PRIVATE|MAP_ANONYMOUS|MAP_STACK, -1, 0 <unfinished ...>
16954 <... mprotect resumed> )          = 0
16942 <... mmap resumed> )              = 0x7f0e747ea000
16954 sched_getaffinity(16954, 32,  <unfinished ...>
16942 mprotect(0x7f0e747ea000, 4096, PROT_NONE <unfinished ...>
16954 <... sched_getaffinity resumed>  { ff, 0, 0, 0 }) = 32
16942 <... mprotect resumed> )          = 0
16954 sched_getaffinity(16954, 32,  <unfinished ...>
16942 clone( <unfinished ...>
16954 <... sched_getaffinity resumed>  { ff, 0, 0, 0 }) = 32
16954 mmap(0x7f0e748eb000, 12288, PROT_READ|PROT_WRITE, MAP_PRIVATE|MAP_FIXED|MAP_ANONYMOUS, -1, 0 <unfinished ...>
16942 <... clone resumed> child_stack=0x7f0e748e9ff0, flags=CLONE_VM|CLONE_FS|CLONE_FILES|CLONE_SIGHAND|CLONE_THREAD|CLONE_SYSVSEM|CLONE_SETTLS|CLONE_PARENT_SETTID|CLONE_CHILD_CLEARTID, parent_tidptr=0x7f0e748ea9d0, tls=0x7f0e748ea700, child_tidptr=0x7f0e748ea9d0) = 16955
16954 <... mmap resumed> )              = 0x7f0e748eb000
16955 set_robust_list(0x7f0e748ea9e0, 0x18 <unfinished ...>
16942 futex(0x7f0e70008854, FUTEX_WAIT_PRIVATE, 27, NULL <unfinished ...>
16955 <... set_robust_list resumed> )   = 0
16954 mprotect(0x7f0e748eb000, 12288, PROT_NONE <unfinished ...>
16955 gettid( <unfinished ...>
16954 <... mprotect resumed> )          = 0
16955 <... gettid resumed> )            = 16955
16954 futex(0x7f0e779f9f00, FUTEX_WAIT_PRIVATE, 0, NULL <unfinished ...>
16955 rt_sigprocmask(SIG_BLOCK, NULL, [QUIT], 8) = 0
16955 rt_sigprocmask(SIG_UNBLOCK, [HUP INT ILL BUS FPE SEGV USR2 TERM], NULL, 8) = 0
16955 rt_sigprocmask(SIG_BLOCK, [QUIT], NULL, 8) = 0
16955 futex(0x7f0e70008854, FUTEX_WAKE_OP_PRIVATE, 1, 1, 0x7f0e70008850, {FUTEX_OP_SET, 0, FUTEX_OP_CMP_GT, 1}) = 1
16942 <... futex resumed> )             = 0
16955 futex(0x7f0e700f4e54, FUTEX_WAIT_PRIVATE, 1, NULL <unfinished ...>
16942 futex(0x7f0e70008828, FUTEX_WAKE_PRIVATE, 1) = 0
16942 futex(0x7f0e700f4e54, FUTEX_WAKE_OP_PRIVATE, 1, 1, 0x7f0e700f4e50, {FUTEX_OP_SET, 0, FUTEX_OP_CMP_GT, 1} <unfinished ...>
16955 <... futex resumed> )             = 0
16942 <... futex resumed> )             = 1
16955 futex(0x7f0e700f4e28, FUTEX_WAIT_PRIVATE, 2, NULL <unfinished ...>
16942 futex(0x7f0e700f4e28, FUTEX_WAKE_PRIVATE, 1 <unfinished ...>
16955 <... futex resumed> )             = -1 EAGAIN (Resource temporarily unavailable)
16942 <... futex resumed> )             = 0
16955 futex(0x7f0e700f4e28, FUTEX_WAKE_PRIVATE, 1 <unfinished ...>
16942 sched_yield( <unfinished ...>
16955 <... futex resumed> )             = 0
16942 <... sched_yield resumed> )       = 0
16955 mmap(NULL, 134217728, PROT_NONE, MAP_PRIVATE|MAP_ANONYMOUS|MAP_NORESERVE, -1, 0 <unfinished ...>
16942 mprotect(0x7f0e700f6000, 4096, PROT_READ|PROT_WRITE <unfinished ...>
16955 <... mmap resumed> )              = 0x7f0e1c000000
16942 <... mprotect resumed> )          = 0
16955 munmap(0x7f0e20000000, 67108864)  = 0
16942 mprotect(0x7f0e700f7000, 4096, PROT_READ|PROT_WRITE <unfinished ...>
16955 mprotect(0x7f0e1c000000, 135168, PROT_READ|PROT_WRITE <unfinished ...>
16942 <... mprotect resumed> )          = 0
16955 <... mprotect resumed> )          = 0
16955 sched_getaffinity(16955, 32,  <unfinished ...>
16942 mmap(NULL, 1052672, PROT_READ|PROT_WRITE, MAP_PRIVATE|MAP_ANONYMOUS|MAP_STACK, -1, 0 <unfinished ...>
16955 <... sched_getaffinity resumed>  { ff, 0, 0, 0 }) = 32
16942 <... mmap resumed> )              = 0x7f0e746e9000
16955 sched_getaffinity(16955, 32,  <unfinished ...>
16942 mprotect(0x7f0e746e9000, 4096, PROT_NONE <unfinished ...>
16955 <... sched_getaffinity resumed>  { ff, 0, 0, 0 }) = 32
16942 <... mprotect resumed> )          = 0
16955 mmap(0x7f0e747ea000, 12288, PROT_READ|PROT_WRITE, MAP_PRIVATE|MAP_FIXED|MAP_ANONYMOUS, -1, 0 <unfinished ...>
16942 clone( <unfinished ...>
16955 <... mmap resumed> )              = 0x7f0e747ea000
16955 mprotect(0x7f0e747ea000, 12288, PROT_NONE) = 0
16942 <... clone resumed> child_stack=0x7f0e747e8ff0, flags=CLONE_VM|CLONE_FS|CLONE_FILES|CLONE_SIGHAND|CLONE_THREAD|CLONE_SYSVSEM|CLONE_SETTLS|CLONE_PARENT_SETTID|CLONE_CHILD_CLEARTID, parent_tidptr=0x7f0e747e99d0, tls=0x7f0e747e9700, child_tidptr=0x7f0e747e99d0) = 16956
16956 set_robust_list(0x7f0e747e99e0, 0x18 <unfinished ...>
16942 futex(0x7f0e70008854, FUTEX_WAIT_PRIVATE, 29, NULL <unfinished ...>
16956 <... set_robust_list resumed> )   = 0
16956 gettid()                          = 16956
16956 rt_sigprocmask(SIG_BLOCK, NULL, [QUIT], 8) = 0
16956 rt_sigprocmask(SIG_UNBLOCK, [HUP INT ILL BUS FPE SEGV USR2 TERM], NULL, 8) = 0
16956 rt_sigprocmask(SIG_BLOCK, [QUIT], NULL, 8) = 0
16956 futex(0x7f0e70008854, FUTEX_WAKE_OP_PRIVATE, 1, 1, 0x7f0e70008850, {FUTEX_OP_SET, 0, FUTEX_OP_CMP_GT, 1}) = 1
16942 <... futex resumed> )             = 0
16956 futex(0x7f0e700f7854, FUTEX_WAIT_PRIVATE, 1, NULL <unfinished ...>
16942 futex(0x7f0e70008828, FUTEX_WAKE_PRIVATE, 1) = 0
16955 futex(0x7f0e700f4e54, FUTEX_WAIT_PRIVATE, 3, NULL <unfinished ...>
16942 futex(0x7f0e700f7854, FUTEX_WAKE_OP_PRIVATE, 1, 1, 0x7f0e700f7850, {FUTEX_OP_SET, 0, FUTEX_OP_CMP_GT, 1} <unfinished ...>
16956 <... futex resumed> )             = 0
16942 <... futex resumed> )             = 1
16956 futex(0x7f0e700f7828, FUTEX_WAIT_PRIVATE, 2, NULL <unfinished ...>
16942 futex(0x7f0e700f7828, FUTEX_WAKE_PRIVATE, 1 <unfinished ...>
16956 <... futex resumed> )             = -1 EAGAIN (Resource temporarily unavailable)
16942 <... futex resumed> )             = 0
16956 futex(0x7f0e700f7828, FUTEX_WAKE_PRIVATE, 1 <unfinished ...>
16942 sched_yield( <unfinished ...>
16956 <... futex resumed> )             = 0
16942 <... sched_yield resumed> )       = 0
16956 mmap(0x7f0e20000000, 67108864, PROT_NONE, MAP_PRIVATE|MAP_ANONYMOUS|MAP_NORESERVE, -1, 0 <unfinished ...>
16942 mprotect(0x7f0e700f8000, 4096, PROT_READ|PROT_WRITE <unfinished ...>
16956 <... mmap resumed> )              = 0x7f0e20000000
16942 <... mprotect resumed> )          = 0
16956 mprotect(0x7f0e20000000, 135168, PROT_READ|PROT_WRITE) = 0
16942 mprotect(0x7f0e700f9000, 4096, PROT_READ|PROT_WRITE <unfinished ...>
16956 sched_getaffinity(16956, 32,  <unfinished ...>
16942 <... mprotect resumed> )          = 0
16956 <... sched_getaffinity resumed>  { ff, 0, 0, 0 }) = 32
16942 mprotect(0x7f0e700fa000, 4096, PROT_READ|PROT_WRITE <unfinished ...>
16956 sched_getaffinity(16956, 32,  <unfinished ...>
16942 <... mprotect resumed> )          = 0
16956 <... sched_getaffinity resumed>  { ff, 0, 0, 0 }) = 32
16942 mmap(NULL, 1052672, PROT_READ|PROT_WRITE, MAP_PRIVATE|MAP_ANONYMOUS|MAP_STACK, -1, 0 <unfinished ...>
16956 mmap(0x7f0e746e9000, 12288, PROT_READ|PROT_WRITE, MAP_PRIVATE|MAP_FIXED|MAP_ANONYMOUS, -1, 0 <unfinished ...>
16942 <... mmap resumed> )              = 0x7f0e745e8000
16956 <... mmap resumed> )              = 0x7f0e746e9000
16942 clone( <unfinished ...>
16956 mprotect(0x7f0e746e9000, 12288, PROT_NONE) = 0
16957 set_robust_list(0x7f0e746e89e0, 0x18 <unfinished ...>
16942 <... clone resumed> child_stack=0x7f0e746e7ff0, flags=CLONE_VM|CLONE_FS|CLONE_FILES|CLONE_SIGHAND|CLONE_THREAD|CLONE_SYSVSEM|CLONE_SETTLS|CLONE_PARENT_SETTID|CLONE_CHILD_CLEARTID, parent_tidptr=0x7f0e746e89d0, tls=0x7f0e746e8700, child_tidptr=0x7f0e746e89d0) = 16957
16957 <... set_robust_list resumed> )   = 0
16956 futex(0x7f0e700f7854, FUTEX_WAIT_PRIVATE, 3, NULL <unfinished ...>
16957 gettid( <unfinished ...>
16942 futex(0x7f0e70008854, FUTEX_WAIT_PRIVATE, 31, NULL <unfinished ...>
16957 <... gettid resumed> )            = 16957
16957 rt_sigprocmask(SIG_BLOCK, NULL, [QUIT], 8) = 0
16957 rt_sigprocmask(SIG_UNBLOCK, [HUP INT ILL BUS FPE SEGV USR2 TERM], NULL, 8) = 0
16957 rt_sigprocmask(SIG_BLOCK, [QUIT], NULL, 8) = 0
16957 futex(0x7f0e70008854, FUTEX_WAKE_OP_PRIVATE, 1, 1, 0x7f0e70008850, {FUTEX_OP_SET, 0, FUTEX_OP_CMP_GT, 1}) = 1
16942 <... futex resumed> )             = 0
16957 futex(0x7f0e700f9d54, FUTEX_WAIT_PRIVATE, 1, NULL <unfinished ...>
16942 futex(0x7f0e70008828, FUTEX_WAKE_PRIVATE, 1) = 0
16942 futex(0x7f0e700f9d54, FUTEX_WAKE_OP_PRIVATE, 1, 1, 0x7f0e700f9d50, {FUTEX_OP_SET, 0, FUTEX_OP_CMP_GT, 1} <unfinished ...>
16957 <... futex resumed> )             = 0
16942 <... futex resumed> )             = 1
16957 futex(0x7f0e700f9d28, FUTEX_WAIT_PRIVATE, 2, NULL <unfinished ...>
16942 futex(0x7f0e700f9d28, FUTEX_WAKE_PRIVATE, 1 <unfinished ...>
16957 <... futex resumed> )             = -1 EAGAIN (Resource temporarily unavailable)
16942 <... futex resumed> )             = 0
16957 futex(0x7f0e700f9d28, FUTEX_WAKE_PRIVATE, 1) = 0
16957 mmap(NULL, 134217728, PROT_NONE, MAP_PRIVATE|MAP_ANONYMOUS|MAP_NORESERVE, -1, 0) = 0x7f0e14000000
16957 munmap(0x7f0e18000000, 67108864 <unfinished ...>
16942 mprotect(0x7f0e700fb000, 4096, PROT_READ|PROT_WRITE <unfinished ...>
16957 <... munmap resumed> )            = 0
16942 <... mprotect resumed> )          = 0
16957 mprotect(0x7f0e14000000, 135168, PROT_READ|PROT_WRITE <unfinished ...>
16942 mprotect(0x7f0e700fc000, 32768, PROT_READ|PROT_WRITE <unfinished ...>
16957 <... mprotect resumed> )          = 0
16942 <... mprotect resumed> )          = 0
16957 sched_getaffinity(16957, 32,  { ff, 0, 0, 0 }) = 32
16957 sched_getaffinity(16957, 32,  { ff, 0, 0, 0 }) = 32
16957 mmap(0x7f0e745e8000, 12288, PROT_READ|PROT_WRITE, MAP_PRIVATE|MAP_FIXED|MAP_ANONYMOUS, -1, 0 <unfinished ...>
16942 stat("/usr/lib/jvm/jdk1.7.0_25/jre/lib/management/usagetracker.properties",  <unfinished ...>
16957 <... mmap resumed> )              = 0x7f0e745e8000
16942 <... stat resumed> 0x7f0e77b4b620) = -1 ENOENT (No such file or directory)
16957 mprotect(0x7f0e745e8000, 12288, PROT_NONE) = 0
16942 mprotect(0x7f0e70104000, 4096, PROT_READ|PROT_WRITE <unfinished ...>
16957 futex(0x7f0e700f9d54, FUTEX_WAIT_PRIVATE, 3, NULL <unfinished ...>
16942 <... mprotect resumed> )          = 0
16942 mmap(NULL, 1052672, PROT_READ|PROT_WRITE, MAP_PRIVATE|MAP_ANONYMOUS|MAP_STACK, -1, 0) = 0x7f0e744e7000
16942 mprotect(0x7f0e744e7000, 4096, PROT_NONE) = 0
16942 clone(child_stack=0x7f0e745e6ff0, flags=CLONE_VM|CLONE_FS|CLONE_FILES|CLONE_SIGHAND|CLONE_THREAD|CLONE_SYSVSEM|CLONE_SETTLS|CLONE_PARENT_SETTID|CLONE_CHILD_CLEARTID, parent_tidptr=0x7f0e745e79d0, tls=0x7f0e745e7700, child_tidptr=0x7f0e745e79d0) = 16958
16958 set_robust_list(0x7f0e745e79e0, 0x18 <unfinished ...>
16942 futex(0x7f0e70008854, FUTEX_WAIT_PRIVATE, 33, NULL <unfinished ...>
16958 <... set_robust_list resumed> )   = 0
16958 gettid()                          = 16958
16958 rt_sigprocmask(SIG_BLOCK, NULL, [QUIT], 8) = 0
16958 rt_sigprocmask(SIG_UNBLOCK, [HUP INT ILL BUS FPE SEGV USR2 TERM], NULL, 8) = 0
16958 rt_sigprocmask(SIG_BLOCK, [QUIT], NULL, 8) = 0
16958 futex(0x7f0e70008854, FUTEX_WAKE_OP_PRIVATE, 1, 1, 0x7f0e70008850, {FUTEX_OP_SET, 0, FUTEX_OP_CMP_GT, 1}) = 1
16942 <... futex resumed> )             = 0
16958 futex(0x7f0e70104754, FUTEX_WAIT_PRIVATE, 1, NULL <unfinished ...>
16942 futex(0x7f0e70008828, FUTEX_WAKE_PRIVATE, 1) = 0
16942 futex(0x7f0e70104754, FUTEX_WAKE_OP_PRIVATE, 1, 1, 0x7f0e70104750, {FUTEX_OP_SET, 0, FUTEX_OP_CMP_GT, 1} <unfinished ...>
16958 <... futex resumed> )             = 0
16942 <... futex resumed> )             = 1
16958 futex(0x7f0e70104728, FUTEX_WAIT_PRIVATE, 2, NULL <unfinished ...>
16942 futex(0x7f0e70104728, FUTEX_WAKE_PRIVATE, 1 <unfinished ...>
16958 <... futex resumed> )             = -1 EAGAIN (Resource temporarily unavailable)
16942 <... futex resumed> )             = 0
16958 futex(0x7f0e70104728, FUTEX_WAKE_PRIVATE, 1) = 0
16942 lseek(4, 42402312, SEEK_SET <unfinished ...>
16958 mmap(0x7f0e18000000, 67108864, PROT_NONE, MAP_PRIVATE|MAP_ANONYMOUS|MAP_NORESERVE, -1, 0 <unfinished ...>
16942 <... lseek resumed> )             = 42402312
16958 <... mmap resumed> )              = 0x7f0e18000000
16942 read(4,  <unfinished ...>
16958 mprotect(0x7f0e18000000, 135168, PROT_READ|PROT_WRITE <unfinished ...>
16942 <... read resumed> "PK\3\4\n\0\0\0\0\0v\246\305B\211\355i\244Y4\0\0Y4\0\0!\0\0\0", 30) = 30
16958 <... mprotect resumed> )          = 0
16942 lseek(4, 42402375, SEEK_SET <unfinished ...>
16958 sched_getaffinity(16958, 32,  <unfinished ...>
16942 <... lseek resumed> )             = 42402375
16958 <... sched_getaffinity resumed>  { ff, 0, 0, 0 }) = 32
16942 read(4,  <unfinished ...>
16958 sched_getaffinity(16958, 32,  <unfinished ...>
16942 <... read resumed> "\312\376\272\276\0\0\0003\2z\10\0C\10\0D\10\0E\10\0F\10\0G\10\0H\10\0I\10"..., 13401) = 13401
16958 <... sched_getaffinity resumed>  { ff, 0, 0, 0 }) = 32
16958 futex(0x7f0e70104654, FUTEX_WAIT_BITSET_PRIVATE|FUTEX_CLOCK_REALTIME, 1, {1375312857, 841168000}, ffffffff <unfinished ...>
16942 mprotect(0x7f0e70105000, 4096, PROT_READ|PROT_WRITE) = 0
16942 mprotect(0x7f0e70106000, 8192, PROT_READ|PROT_WRITE) = 0
16942 mprotect(0x7f0e70108000, 4096, PROT_READ|PROT_WRITE) = 0
16942 lseek(4, 59187617, SEEK_SET)      = 59187617
16942 read(4, "PK\3\4\n\0\0\0\0\0004\246\305B\204>\340pJ\n\0\0J\n\0\0\24\0\0\0", 30) = 30
16942 lseek(4, 59187667, SEEK_SET)      = 59187667
16942 read(4, "\312\376\272\276\0\0\0003\0w\10\0\f\10\0\23\10\0\24\10\0\31\1\0\3()I\1\0\24("..., 2634) = 2634
16942 lseek(4, 59825451, SEEK_SET)      = 59825451
16942 read(4, "PK\3\4\n\0\0\0\0\0005\246\305B\2436\6\267J\6\0\0J\6\0\0\37\0\0\0", 30) = 30
16942 lseek(4, 59825512, SEEK_SET)      = 59825512
16942 read(4, "\312\376\272\276\0\0\0003\0P\10\0\6\1\0\3()V\1\0%(Ljava/lan"..., 1610) = 1610
16942 lseek(4, 43682447, SEEK_SET)      = 43682447
16942 read(4, "PK\3\4\n\0\0\0\0\0006\246\305B\246v\217\360\220\3\0\0\220\3\0\0\32\0\0\0", 30) = 30
16942 lseek(4, 43682503, SEEK_SET)      = 43682503
16942 read(4, "\312\376\272\276\0\0\0003\0009\10\0\6\10\0\7\1\0\3()I\1\0\24()Ljava"..., 912) = 912
16942 lseek(4, 59823737, SEEK_SET)      = 59823737
16942 read(4, "PK\3\4\n\0\0\0\0\0004\246\305B\363\261!\30w\6\0\0w\6\0\0\35\0\0\0", 30) = 30
16942 lseek(4, 59823796, SEEK_SET)      = 59823796
16942 read(4, "\312\376\272\276\0\0\0003\0[\10\0\7\10\0\24\1\0\24()Ljava/lang/"..., 1655) = 1655
16942 lseek(4, 59813361, SEEK_SET)      = 59813361
16942 read(4, "PK\3\4\n\0\0\0\0\0004\246\305B\256AX\25E(\0\0E(\0\0%\0\0\0", 30) = 30
16942 lseek(4, 59813428, SEEK_SET)      = 59813428
16942 read(4, "\312\376\272\276\0\0\0003\1\273\10\0\t\10\0\n\10\0\26\10\0\35\10\0\36\10\0&\10\0E\10"..., 10309) = 10309
16942 mprotect(0x7f0e70109000, 4096, PROT_READ|PROT_WRITE) = 0
16942 lseek(4, 59810677, SEEK_SET)      = 59810677
16942 read(4, "PK\3\4\n\0\0\0\0\0004\246\305Bx\rfE<\n\0\0<\n\0\0\"\0\0\0", 30) = 30
16942 lseek(4, 59810741, SEEK_SET)      = 59810741
16942 read(4, "\312\376\272\276\0\0\0003\0z\10\0\t\10\0)\1\0\3()I\1\0\3()V\1\0\25("..., 2620) = 2620
16942 lseek(4, 56822956, SEEK_SET)      = 56822956
16942 read(4, "PK\3\4\n\0\0\0\0\0005\246\305B^\350\211\273N(\0\0N(\0\0\33\0\0\0", 30) = 30
16942 lseek(4, 56823013, SEEK_SET)      = 56823013
16942 read(4, "\312\376\272\276\0\0\0003\1\345\10\0(\10\0006\10\0009\10\0N\10\0\\\10\0\202\10\0\255\10"..., 10318) = 10318
16942 mprotect(0x7f0e7010a000, 4096, PROT_READ|PROT_WRITE) = 0
16942 lseek(4, 56821615, SEEK_SET)      = 56821615
16942 read(4, "PK\3\4\n\0\0\0\0\0005\246\305B9\360z&\377\4\0\0\377\4\0\0 \0\0\0", 30) = 30
16942 lseek(4, 56821677, SEEK_SET)      = 56821677
16942 read(4, "\312\376\272\276\0\0\0003\0N\1\0\6CENATT\1\0\6CENATX\1\0\6C"..., 1279) = 1279
16942 mprotect(0x7f0e7010b000, 4096, PROT_READ|PROT_WRITE) = 0
16942 lseek(4, 55412164, SEEK_SET)      = 55412164
16942 read(4, "PK\3\4\n\0\0\0\0\0005\246\305B\270\21h\335\276\1\0\0\276\1\0\0\35\0\0\0", 30) = 30
16942 lseek(4, 55412223, SEEK_SET)      = 55412223
16942 read(4, "\312\376\272\276\0\0\0003\0\30\1\0\3()V\1\0\6<init>\1\0\4Code"..., 446) = 446
16942 lseek(4, 43225936, SEEK_SET)      = 43225936
16942 read(4, "PK\3\4\n\0\0\0\0\0005\246\305B\336\241\366\301\277\0\0\0\277\0\0\0$\0\0\0", 30) = 30
16942 lseek(4, 43226002, SEEK_SET)      = 43226002
16942 read(4, "\312\376\272\276\0\0\0003\0\t\1\0\nSourceFile\1\0\20java/l"..., 191) = 191
16942 lseek(4, 58651956, SEEK_SET)      = 58651956
16942 read(4, "PK\3\4\n\0\0\0\0\0004\246\305B\31\227y\213\366\n\0\0\366\n\0\0'\0\0\0", 30) = 30
16942 lseek(4, 58652025, SEEK_SET)      = 58652025
16942 read(4, "\312\376\272\276\0\0\0003\0\222\10\0\16\1\0\24()Ljava/lang/Str"..., 2806) = 2806
16942 lseek(4, 58650909, SEEK_SET)      = 58650909
16942 read(4, "PK\3\4\n\0\0\0\0\0005\246\305Bj\326H\r\335\3\0\0\335\3\0\0\34\0\0\0", 30) = 30
16942 lseek(4, 58650967, SEEK_SET)      = 58650967
16942 read(4, "\312\376\272\276\0\0\0003\0@\10\0\3\10\0\34\1\0\0\1\0\24()Ljava/la"..., 989) = 989
16942 stat("/usr/lib/jvm/jdk1.7.0_25/jre/lib/ext/vecmath.jar", {st_mode=S_IFREG|0644, st_size=325572, ...}) = 0
16942 lseek(4, 56833331, SEEK_SET)      = 56833331
16942 read(4, "PK\3\4\n\0\0\0\0\0005\246\305BK\270\263UL(\0\0L(\0\0\33\0\0\0", 30) = 30
16942 lseek(4, 56833388, SEEK_SET)      = 56833388
16942 read(4, "\312\376\272\276\0\0\0003\1\237\10\0\"\10\0#\10\0$\10\0%\10\0001\10\0?\10\0B\10"..., 10316) = 10316
16942 mprotect(0x7f0e7010c000, 8192, PROT_READ|PROT_WRITE) = 0
16942 mprotect(0x7f0e7010e000, 4096, PROT_READ|PROT_WRITE) = 0
16942 lseek(4, 56819855, SEEK_SET)      = 56819855
16942 read(4, "PK\3\4\n\0\0\0\0\0006\246\305B\34l*\371\231\6\0\0\231\6\0\0)\0\0\0", 30) = 30
16942 lseek(4, 56819926, SEEK_SET)      = 56819926
16942 read(4, "\312\376\272\276\0\0\0003\0;\1\0\3()V\1\0\3()Z\1\0\4(Z)V\1\0\6"..., 1689) = 1689
16942 lseek(4, 56818845, SEEK_SET)      = 56818845
16942 read(4, "PK\3\4\n\0\0\0\0\0005\246\305B^6b%\264\3\0\0\264\3\0\0 \0\0\0", 30) = 30
16942 lseek(4, 56818907, SEEK_SET)      = 56818907
16942 read(4, "\312\376\272\276\0\0\0003\0\33\1\0\nExceptions\1\0\tSignat"..., 948) = 948
16942 lseek(4, 28835898, SEEK_SET)      = 28835898
16942 read(4, "PK\3\4\n\0\0\0\0\0006\246\305B\212\214S\337[\3\0\0[\3\0\0'\0\0\0", 30) = 30
16942 lseek(4, 28835967, SEEK_SET)      = 28835967
16942 read(4, "\312\376\272\276\0\0\0003\0:\10\0\r\10\0\20\10\0\22\10\0\24\10\0\25\10\0\26\10\0\27\1"..., 859) = 859
16942 lseek(4, 60300819, SEEK_SET)      = 60300819
16942 read(4, "PK\3\4\n\0\0\0\0\0006\246\305B\357\300K\362\360\3\0\0\360\3\0\0\31\0\0\0", 30) = 30
16942 lseek(4, 60300874, SEEK_SET)      = 60300874
16942 read(4, "\312\376\272\276\0\0\0003\0/\10\0\6\10\0\v\1\0\24()Ljava/lang/"..., 1008) = 1008
16942 lseek(4, 57450618, SEEK_SET)      = 57450618
16942 read(4, "PK\3\4\n\0\0\0\0\0009\246\305B\317\306\367wH\4\0\0H\4\0\0\33\0\0\0", 30) = 30
16942 lseek(4, 57450675, SEEK_SET)      = 57450675
16942 read(4, "\312\376\272\276\0\0\0003\0002\10\0\7\10\0\10\1\0\24()Ljava/lang/"..., 1096) = 1096
16942 lseek(4, 55457802, SEEK_SET)      = 55457802
16942 read(4, "PK\3\4\n\0\0\0\0\0009\246\305B\203\225\265\203:\3\0\0:\3\0\0\31\0\0\0", 30) = 30
16942 lseek(4, 55457857, SEEK_SET)      = 55457857
16942 read(4, "\312\376\272\276\0\0\0003\0)\10\0\n\10\0\v\1\0\24()Ljava/lang/"..., 826) = 826
16942 lseek(4, 55458683, SEEK_SET)      = 55458683
16942 read(4, "PK\3\4\n\0\0\0\0\0009\246\305BF\215A\207=\3\0\0=\3\0\0\31\0\0\0", 30) = 30
16942 lseek(4, 55458738, SEEK_SET)      = 55458738
16942 read(4, "\312\376\272\276\0\0\0003\0)\10\0\n\10\0\v\1\0\24()Ljava/lang/"..., 829) = 829
16942 lseek(4, 55872956, SEEK_SET)      = 55872956
16942 read(4, "PK\3\4\n\0\0\0\0\0009\246\305Bg\352\317~\26\3\0\0\26\3\0\0\27\0\0\0", 30) = 30
16942 lseek(4, 55873009, SEEK_SET)      = 55873009
16942 read(4, "\312\376\272\276\0\0\0003\0'\10\0\t\1\0\24()Ljava/lang/Str"..., 790) = 790
16942 lseek(4, 29547869, SEEK_SET)      = 29547869
16942 read(4, "PK\3\4\n\0\0\0\0\0005\246\305B\6\256\224\7\353\36\0\0\353\36\0\0\32\0\0\0", 30) = 30
16942 lseek(4, 29547925, SEEK_SET)      = 29547925
16942 read(4, "\312\376\272\276\0\0\0003\0\367\10\0\32\1\0\23$assertionsDisab"..., 7915) = 7915
16942 mprotect(0x7f0e7010f000, 4096, PROT_READ|PROT_WRITE) = 0
16942 lseek(4, 57901487, SEEK_SET)      = 57901487
16942 read(4, "PK\3\4\n\0\0\0\0\0005\246\305B&8\272\254 \4\0\0 \4\0\0\25\0\0\0", 30) = 30
16942 lseek(4, 57901538, SEEK_SET)      = 57901538
16942 read(4, "\312\376\272\276\0\0\0003\0.\1\0\3()I\1\0\5()TE;\1\0\25(Ljav"..., 1056) = 1056
16942 lseek(4, 57901010, SEEK_SET)      = 57901010
16942 read(4, "PK\3\4\n\0\0\0\0\0005\246\305B\22/}&\252\1\0\0\252\1\0\0\25\0\0\0", 30) = 30
16942 lseek(4, 57901061, SEEK_SET)      = 57901061
16942 read(4, "\312\376\272\276\0\0\0003\0\25\1\0\5()TE;\1\0\25(Ljava/lang"..., 426) = 426
16942 lseek(4, 30726759, SEEK_SET)      = 30726759
16942 read(4, "PK\3\4\n\0\0\0\0\0005\246\305B\7\226\346\316\307\16\0\0\307\16\0\0\34\0\0\0", 30) = 30
16942 lseek(4, 30726817, SEEK_SET)      = 30726817
16942 read(4, "\312\376\272\276\0\0\0003\0\302\10\0\22\1\0\3()F\1\0\3()I\1\0\24()Lj"..., 3783) = 3783
16942 stat("/usr/lib/jvm/jdk1.7.0_25/jre/lib/ext/vecmath.jar", {st_mode=S_IFREG|0644, st_size=325572, ...}) = 0
16942 open("/usr/lib/jvm/jdk1.7.0_25/jre/lib/ext/vecmath.jar", O_RDONLY) = 5
16942 fstat(5, {st_mode=S_IFREG|0644, st_size=325572, ...}) = 0
16942 fcntl(5, F_GETFD)                 = 0
16942 fcntl(5, F_SETFD, FD_CLOEXEC)     = 0
16942 read(5, "PK\3\4", 4)              = 4
16942 lseek(5, 0, SEEK_END)             = 325572
16942 lseek(5, 325444, SEEK_SET)        = 325444
16942 read(5, "L\330\4\0javax/vecmath/Vector4d.class"..., 128) = 128
16942 mmap(NULL, 6084, PROT_READ, MAP_SHARED, 5, 0x4e000) = 0x7f0e744e5000
16942 mprotect(0x7f0e70110000, 4096, PROT_READ|PROT_WRITE) = 0
16942 lseek(4, 43240997, SEEK_SET)      = 43240997
16942 read(4, "PK\3\4\n\0\0\0\0\0005\246\305BN\321&\351E\v\0\0E\v\0\0\32\0\0\0", 30) = 30
16942 lseek(4, 43241053, SEEK_SET)      = 43241053
16942 read(4, "\312\376\272\276\0\0\0003\0\230\10\0\2\1\0\3 = \1\0\3()J\1\0\24()Lj"..., 2885) = 2885
16942 lseek(4, 43235776, SEEK_SET)      = 43235776
16942 read(4, "PK\3\4\n\0\0\0\0\0005\246\305B\\-\246\3153\2\0\0003\2\0\0!\0\0\0", 30) = 30
16942 lseek(4, 43235839, SEEK_SET)      = 43235839
16942 read(4, "\312\376\272\276\0\0\0003\0\35\1\0\3()V\1\0\6<init>\1\0\4Code"..., 563) = 563
16942 lseek(4, 43236402, SEEK_SET)      = 43236402
16942 read(4, "PK\3\4\n\0\0\0\0\0005\246\305B\221$t\4\302\v\0\0\302\v\0\0\23\0\0\0", 30) = 30
16942 lseek(4, 43236451, SEEK_SET)      = 43236451
16942 read(4, "\312\376\272\276\0\0\0003\0\211\10\0\27\10\0007\10\0009\10\0:\10\0?\1\0\3()J\1"..., 3010) = 3010
16942 lseek(4, 43239461, SEEK_SET)      = 43239461
16942 read(4, "PK\3\4\n\0\0\0\0\0005\246\305Bx\22<\4W\3\0\0W\3\0\0'\0\0\0", 30) = 30
16942 lseek(4, 43239530, SEEK_SET)      = 43239530
16942 read(4, "\312\376\272\276\0\0\0003\0005\10\0\24\10\0\25\10\0\26\10\0\27\10\0\30\10\0\31\1\0\3("..., 855) = 855
16942 lseek(4, 58534067, SEEK_SET)      = 58534067
16942 read(4, "PK\3\4\n\0\0\0\0\0005\246\305B\335\200\16 \341\0\0\0\341\0\0\0\35\0\0\0", 30) = 30
16942 lseek(4, 58534126, SEEK_SET)      = 58534126
16942 read(4, "\312\376\272\276\0\0\0003\0\r\1\0\3()J\1\0\nSourceFile\1\0\7"..., 225) = 225
16942 lseek(4, 58521361, SEEK_SET)      = 58521361
16942 read(4, "PK\3\4\n\0\0\0\0\0005\246\305B\346\255\271]e1\0\0e1\0\0\37\0\0\0", 30) = 30
16942 lseek(4, 58521422, SEEK_SET)      = 58521422
16942 read(4, "\312\376\272\276\0\0\0003\1\365\1\0\23$assertionsDisabled"..., 12645) = 12645
16942 mprotect(0x7f0e70111000, 4096, PROT_READ|PROT_WRITE) = 0
16942 lseek(4, 58717741, SEEK_SET)      = 58717741
16942 read(4, "PK\3\4\n\0\0\0\0\0005\246\305B\371\262\224\314\327\6\0\0\327\6\0\0\37\0\0\0", 30) = 30
16942 lseek(4, 58717802, SEEK_SET)      = 58717802
16942 read(4, "\312\376\272\276\0\0\0003\0V\1\0\3()I\1\0\3()J\1\0\3()V\1\0\3("..., 1751) = 1751
16942 lseek(4, 28711274, SEEK_SET)      = 28711274
16942 read(4, "PK\3\4\n\0\0\0\0\0006\246\305B\222_\2\315\312\20\0\0\312\20\0\0 \0\0\0", 30) = 30
16942 lseek(4, 28711336, SEEK_SET)      = 28711336
16942 read(4, "\312\376\272\276\0\0\0003\0\307\1\0\23$assertionsDisabled"..., 4298) = 4298
16942 lseek(4, 28763991, SEEK_SET)      = 28763991
16942 read(4, "PK\3\4\n\0\0\0\0\0004\246\305B\33\342\310\230n\17\0\0n\17\0\0\31\0\0\0", 30) = 30
16942 lseek(4, 28764046, SEEK_SET)      = 28764046
16942 read(4, "\312\376\272\276\0\0\0003\0\257\10\0\5\10\0\6\10\0\"\10\0#\1\0\5 cap=\1\0"..., 3950) = 3950
16942 lseek(4, 56813236, SEEK_SET)      = 56813236
16942 read(4, "PK\3\4\n\0\0\0\0\0005\246\305B\310\2670]\264\25\0\0\264\25\0\0\27\0\0\0", 30) = 30
16942 lseek(4, 56813289, SEEK_SET)      = 56813289
16942 read(4, "\312\376\272\276\0\0\0003\1\34\10\0\v\10\0\31\10\0\32\10\0$\10\0'\10\0(\10\0)\10"..., 5556) = 5556
16942 lseek(4, 56553965, SEEK_SET)      = 56553965
16942 read(4, "PK\3\4\n\0\0\0\0\0006\246\305B\301\223(u\231\"\0\0\231\"\0\0\"\0\0\0", 30) = 30
16942 lseek(4, 56554029, SEEK_SET)      = 56554029
16942 read(4, "\312\376\272\276\0\0\0003\1\202\10\0$\10\0%\10\0&\10\0'\10\0(\10\0)\10\0*\10"..., 8857) = 8857
16942 mprotect(0x7f0e70112000, 4096, PROT_READ|PROT_WRITE) = 0
16942 lseek(4, 56809517, SEEK_SET)      = 56809517
16942 read(4, "PK\3\4\n\0\0\0\0\0005\246\305B\223.\354\rM\16\0\0M\16\0\0\34\0\0\0", 30) = 30
16942 lseek(4, 56809575, SEEK_SET)      = 56809575
16942 read(4, "\312\376\272\276\0\0\0003\0\262\3\0\0\377\377\10\0\25\10\0(\10\0:\10\0;\10\0<\10\0"..., 3661) = 3661
16942 mprotect(0x7f0e70113000, 4096, PROT_READ|PROT_WRITE) = 0
16942 lseek(4, 56807608, SEEK_SET)      = 56807608
16942 read(4, "PK\3\4\n\0\0\0\0\0005\246\305B\237YG]/\7\0\0/\7\0\0(\0\0\0", 30) = 30
16942 lseek(4, 56807678, SEEK_SET)      = 56807678
16942 read(4, "\312\376\272\276\0\0\0003\0R\1\0\24()Ljava/lang/String"..., 1839) = 1839
16942 mprotect(0x7f0e70114000, 8192, PROT_READ|PROT_WRITE) = 0
16942 lseek(4, 56806479, SEEK_SET)      = 56806479
16942 read(4, "PK\3\4\n\0\0\0\0\0005\246\305B\362\205+\252/\4\0\0/\4\0\0\34\0\0\0", 30) = 30
16942 lseek(4, 56806537, SEEK_SET)      = 56806537
16942 read(4, "\312\376\272\276\0\0\0003\0/\1\0\25(Ljava/lang/String;"..., 1071) = 1071
16942 lseek(4, 56776130, SEEK_SET)      = 56776130
16942 read(4, "PK\3\4\n\0\0\0\0\0005\246\305B\340\331\21+>\10\0\0>\10\0\0.\0\0\0", 30) = 30
16942 lseek(4, 56776206, SEEK_SET)      = 56776206
16942 read(4, "\312\376\272\276\0\0\0003\0a\3\177\377\377\377\1\0\3()I\1\0\3()J\1\0\3()"..., 2110) = 2110
16942 lseek(4, 55815371, SEEK_SET)      = 55815371
16942 read(4, "PK\3\4\n\0\0\0\0\0005\246\305B1r\374,z\17\0\0z\17\0\0\34\0\0\0", 30) = 30
16942 lseek(4, 55815429, SEEK_SET)      = 55815429
16942 read(4, "\312\376\272\276\0\0\0003\0\227\10\0\31\1\0\23$assertionsDisab"..., 3962) = 3962
16942 lseek(4, 30726334, SEEK_SET)      = 30726334
16942 read(4, "PK\3\4\n\0\0\0\0\0005\246\305B0\25\367zm\1\0\0m\1\0\0\36\0\0\0", 30) = 30
16942 lseek(4, 30726394, SEEK_SET)      = 30726394
16942 read(4, "\312\376\272\276\0\0\0003\0\24\1\0\3()J\1\0\3()V\1\0\4(J)V\1\0\6"..., 365) = 365
16942 mprotect(0x7f0e70116000, 8192, PROT_READ|PROT_WRITE) = 0
16942 lseek(4, 30732555, SEEK_SET)      = 30732555
16942 read(4, "PK\3\4\n\0\0\0\0\0005\246\305B\215\271fiE\10\0\0E\10\0\0006\0\0\0", 30) = 30
16942 lseek(4, 30732639, SEEK_SET)      = 30732639
16942 read(4, "\312\376\272\276\0\0\0003\0p\3\177\377\377\377\10\0\21\1\0\3()I\1\0\3()J\1\0"..., 2117) = 2117
16942 mprotect(0x7f0e70118000, 4096, PROT_READ|PROT_WRITE) = 0
16942 lseek(4, 55819391, SEEK_SET)      = 55819391
16942 read(4, "PK\3\4\n\0\0\0\0\0005\246\305BZt\203Dl\f\0\0l\f\0\0'\0\0\0", 30) = 30
16942 lseek(4, 55819460, SEEK_SET)      = 55819460
16942 read(4, "\312\376\272\276\0\0\0003\0\227\10\0\25\10\0\31\10\0\32\10\0 \10\0:\10\0?\1\0\3("..., 3180) = 3180
16942 lseek(4, 43219860, SEEK_SET)      = 43219860
16942 read(4, "PK\3\4\n\0\0\0\0\0006\246\305B\246\247\24h8\3\0\0008\3\0\0\26\0\0\0", 30) = 30
16942 lseek(4, 43219912, SEEK_SET)      = 43219912
16942 read(4, "\312\376\272\276\0\0\0003\0/\3\177\377\377\377\10\0\n\1\0\3()V\1\0\5(II)I"..., 824) = 824
16942 lseek(5, 0, SEEK_SET)             = 0
16942 read(5, "PK\3\4\24\0\10\0\10\0\213x\3316\0\0\0\0\0\0\0\0\0\0\0\0\24\0\0\0", 30) = 30
16942 lseek(5, 50, SEEK_SET)            = 50
16942 read(5, "\205WYs\262\332\22}OU\376\203\217\367\2247\1d\20r\352<0)( \n\342\360r\v\31"..., 1874) = 1874
16942 mprotect(0x7f0e70119000, 32768, PROT_READ|PROT_WRITE) = 0
16942 stat("/usr/lib/jvm/jdk1.7.0_25/jre/lib/ext/multiplayer.jar", {st_mode=S_IFREG|0644, st_size=63515, ...}) = 0
16942 stat("/usr/lib/jvm/jdk1.7.0_25/jre/lib/ext/multiplayer.jar", {st_mode=S_IFREG|0644, st_size=63515, ...}) = 0
16942 open("/usr/lib/jvm/jdk1.7.0_25/jre/lib/ext/multiplayer.jar", O_RDONLY) = 6
16942 fstat(6, {st_mode=S_IFREG|0644, st_size=63515, ...}) = 0
16942 fcntl(6, F_GETFD)                 = 0
16942 fcntl(6, F_SETFD, FD_CLOEXEC)     = 0
16942 read(6, "PK\3\4", 4)              = 4
16942 lseek(6, 0, SEEK_END)             = 63515
16942 lseek(6, 63387, SEEK_SET)         = 63387
16942 read(6, "ources.classPK\1\2\24\0\24\0\10\0\10\0\270n\241.2;\263x"..., 128) = 128
16942 mmap(NULL, 6171, PROT_READ, MAP_SHARED, 6, 0xe000) = 0x7f0e744e3000
16942 mprotect(0x7f0e70121000, 8192, PROT_READ|PROT_WRITE) = 0
16942 lseek(6, 61, SEEK_SET)            = 61
16942 read(6, "PK\3\4\24\0\10\0\10\0\315n\241.\0\0\0\0\0\0\0\0\0\0\0\0\24\0\0\0", 30) = 30
16942 lseek(6, 111, SEEK_SET)           = 111
16942 read(6, "\35\214=\v\3020\24\0\367@\376CF\35\222\264\272e\254S\205\212\240\270\312k\372\204@>$/"..., 130) = 130
16942 stat("/usr/lib/jvm/jdk1.7.0_25/jre/lib/ext/QTJava.zip", {st_mode=S_IFREG|0755, st_size=970995, ...}) = 0
16942 stat("/usr/lib/jvm/jdk1.7.0_25/jre/lib/ext/QTJava.zip", {st_mode=S_IFREG|0755, st_size=970995, ...}) = 0
16942 open("/usr/lib/jvm/jdk1.7.0_25/jre/lib/ext/QTJava.zip", O_RDONLY) = 7
16942 fstat(7, {st_mode=S_IFREG|0755, st_size=970995, ...}) = 0
16942 fcntl(7, F_GETFD)                 = 0
16942 fcntl(7, F_SETFD, FD_CLOEXEC)     = 0
16942 read(7, "PK\3\4", 4)              = 4
16942 lseek(7, 0, SEEK_END)             = 970995
16942 lseek(7, 970867, SEEK_SET)        = 970867
16942 read(7, "lper$1$PrivelegedAction.classPK\1"..., 128) = 128
16942 mmap(NULL, 57587, PROT_READ, MAP_SHARED, 7, 0xdf000) = 0x7f0e744d4000
16942 mprotect(0x7f0e70123000, 16384, PROT_READ|PROT_WRITE) = 0
16942 mprotect(0x7f0e70127000, 4096, PROT_READ|PROT_WRITE) = 0
16942 mprotect(0x7f0e70128000, 8192, PROT_READ|PROT_WRITE) = 0
16942 lseek(7, 61, SEEK_SET)            = 61
16942 read(7, "PK\3\4\24\0\10\0\10\0o\34\37/\0\0\0\0\0\0\0\0\0\0\0\0\24\0\0\0", 30) = 30
16942 lseek(7, 111, SEEK_SET)           = 111
16942 read(7, "\363M\314\313LK-.\321\rK-*\316\314\317\263R0\3243\340\345r.JM,IM\321u"..., 70) = 70
16942 stat("/usr/lib/jvm/jdk1.7.0_25/jre/lib/ext/jmf.jar", {st_mode=S_IFREG|0644, st_size=1904171, ...}) = 0
16942 stat("/usr/lib/jvm/jdk1.7.0_25/jre/lib/ext/jmf.jar", {st_mode=S_IFREG|0644, st_size=1904171, ...}) = 0
16942 open("/usr/lib/jvm/jdk1.7.0_25/jre/lib/ext/jmf.jar", O_RDONLY) = 8
16942 fstat(8, {st_mode=S_IFREG|0644, st_size=1904171, ...}) = 0
16942 fcntl(8, F_GETFD)                 = 0
16942 fcntl(8, F_SETFD, FD_CLOEXEC)     = 0
16942 read(8, "PK\3\4", 4)              = 4
16942 lseek(8, 0, SEEK_END)             = 1904171
16942 lseek(8, 1904043, SEEK_SET)       = 1904043
16942 read(8, "\0\33\202\33\0jmapps/util/JMFUtils.classP"..., 128) = 128
16942 mmap(NULL, 97835, PROT_READ, MAP_SHARED, 8, 0x1b9000) = 0x7f0e744bc000
16942 mprotect(0x7f0e7012a000, 28672, PROT_READ|PROT_WRITE) = 0
16942 stat("/usr/lib/jvm/jdk1.7.0_25/jre/lib/ext/zipfs.jar", {st_mode=S_IFREG|0644, st_size=68654, ...}) = 0
16942 stat("/usr/lib/jvm/jdk1.7.0_25/jre/lib/ext/jai_codec.jar", {st_mode=S_IFREG|0644, st_size=213586, ...}) = 0
16942 stat("/usr/lib/jvm/jdk1.7.0_25/jre/lib/ext/jai_codec.jar", {st_mode=S_IFREG|0644, st_size=213586, ...}) = 0
16942 open("/usr/lib/jvm/jdk1.7.0_25/jre/lib/ext/jai_codec.jar", O_RDONLY) = 9
16942 fstat(9, {st_mode=S_IFREG|0644, st_size=213586, ...}) = 0
16942 fcntl(9, F_GETFD)                 = 0
16942 fcntl(9, F_SETFD, FD_CLOEXEC)     = 0
16942 read(9, "PK\3\4", 4)              = 4
16942 lseek(9, 0, SEEK_END)             = 213586
16942 lseek(9, 213458, SEEK_SET)        = 213458
16942 read(9, "lassPK\1\2\24\0\24\0\10\0\10\0b]11|(o\263\1\1\0\0\177\1\0\0"..., 128) = 128
16942 mmap(NULL, 12882, PROT_READ, MAP_SHARED, 9, 0x31000) = 0x7f0e744b8000
16942 mprotect(0x7f0e70131000, 4096, PROT_READ|PROT_WRITE) = 0
16942 mprotect(0x7f0e70132000, 8192, PROT_READ|PROT_WRITE) = 0
16942 lseek(9, 61, SEEK_SET)            = 61
16942 read(9, "PK\3\4\24\0\10\0\10\0\10u11\0\0\0\0\0\0\0\0\0\0\0\0\24\0\0\0", 30) = 30
16942 lseek(9, 111, SEEK_SET)           = 111
16942 read(9, "}\3171\v\3020\20\206\341\275\320\377p\243\202\r\255n\335\2648T\320\245\342*Gr\312Is\221"..., 192) = 192
16942 stat("/usr/lib/jvm/jdk1.7.0_25/jre/lib/ext/sunec.jar", {st_mode=S_IFREG|0644, st_size=15943, ...}) = 0
16942 stat("/usr/lib/jvm/jdk1.7.0_25/jre/lib/ext/j3dutils.jar", {st_mode=S_IFREG|0644, st_size=1703580, ...}) = 0
16942 stat("/usr/lib/jvm/jdk1.7.0_25/jre/lib/ext/j3dutils.jar", {st_mode=S_IFREG|0644, st_size=1703580, ...}) = 0
16942 open("/usr/lib/jvm/jdk1.7.0_25/jre/lib/ext/j3dutils.jar", O_RDONLY) = 10
16942 fstat(10, {st_mode=S_IFREG|0644, st_size=1703580, ...}) = 0
16942 fcntl(10, F_GETFD)                = 0
16942 fcntl(10, F_SETFD, FD_CLOEXEC)    = 0
16942 mprotect(0x7f0e70134000, 4096, PROT_READ|PROT_WRITE) = 0
16942 read(10, "PK\3\4", 4)             = 4
16942 lseek(10, 0, SEEK_END)            = 1703580
16942 lseek(10, 1703452, SEEK_SET)      = 1703452
16942 read(10, "Avatar.classPK\1\2\n\0\n\0\0\0\0\0\235q\3316\346\354l\230"..., 128) = 128
16942 mmap(NULL, 56988, PROT_READ, MAP_SHARED, 10, 0x192000) = 0x7f0e744aa000
16942 mprotect(0x7f0e70135000, 12288, PROT_READ|PROT_WRITE) = 0
16942 mprotect(0x7f0e70138000, 8192, PROT_READ|PROT_WRITE) = 0
16942 lseek(10, 0, SEEK_SET)            = 0
16942 read(10, "PK\3\4\24\0\10\0\10\0\212x\3316\0\0\0\0\0\0\0\0\0\0\0\0\24\0\0\0", 30) = 30
16942 lseek(10, 50, SEEK_SET)           = 50
16942 read(10, "\265\275I\223\252\352\02668\277\21\367?\234\301\31T\205\337\275\240(\342\215\250\1\275 =\10\352\244"..., 8192) = 8192
16942 mprotect(0x7f0e7013a000, 32768, PROT_READ|PROT_WRITE) = 0
16942 lseek(10, 8242, SEEK_SET)         = 8242
16942 read(10, "\327\1\301\357\24\272~\340\217I\215_\313VsJ\212C7\233H\24\210T\243vW9\200l?\303"..., 7211) = 7211
16942 stat("/usr/lib/jvm/jdk1.7.0_25/jre/lib/ext/jai_core.jar", {st_mode=S_IFREG|0644, st_size=1576549, ...}) = 0
16942 stat("/usr/lib/jvm/jdk1.7.0_25/jre/lib/ext/jai_core.jar", {st_mode=S_IFREG|0644, st_size=1576549, ...}) = 0
16942 open("/usr/lib/jvm/jdk1.7.0_25/jre/lib/ext/jai_core.jar", O_RDONLY) = 11
16942 fstat(11, {st_mode=S_IFREG|0644, st_size=1576549, ...}) = 0
16942 fcntl(11, F_GETFD)                = 0
16942 fcntl(11, F_SETFD, FD_CLOEXEC)    = 0
16942 read(11, "PK\3\4", 4)             = 4
16942 lseek(11, 0, SEEK_END)            = 1576549
16942 lseek(11, 1576421, SEEK_SET)      = 1576421
16942 read(11, "/WorkerThread.classPK\1\2\24\0\24\0\10\0\10\0\201"..., 128) = 128
16942 mmap(NULL, 77413, PROT_READ, MAP_SHARED, 11, 0x16e000) = 0x7f0e74497000
16942 mprotect(0x7f0e70142000, 20480, PROT_READ|PROT_WRITE) = 0
16942 mprotect(0x7f0e70147000, 4096, PROT_READ|PROT_WRITE) = 0
16942 mprotect(0x7f0e70148000, 8192, PROT_READ|PROT_WRITE) = 0
16942 lseek(11, 61, SEEK_SET)           = 61
16942 read(11, "PK\3\4\24\0\10\0\10\0\4u11\0\0\0\0\0\0\0\0\0\0\0\0\24\0\0\0", 30) = 30
16942 lseek(11, 111, SEEK_SET)          = 111
16942 read(11, "}\317?\v\3020\20\207\341\275\320\357p\243\202\r\255\335\262\2518T\250\213\342Z\216\344\224\223\346*"..., 183) = 183
16942 stat("/usr/lib/jvm/jdk1.7.0_25/jre/lib/ext/sunpkcs11.jar", {st_mode=S_IFREG|0644, st_size=238303, ...}) = 0
16942 stat("/usr/lib/jvm/jdk1.7.0_25/jre/lib/ext/dnsns.jar", {st_mode=S_IFREG|0644, st_size=8934, ...}) = 0
16942 stat("/usr/lib/jvm/jdk1.7.0_25/jre/lib/ext/j3dcore.jar", {st_mode=S_IFREG|0644, st_size=2959771, ...}) = 0
16942 stat("/usr/lib/jvm/jdk1.7.0_25/jre/lib/ext/j3dcore.jar", {st_mode=S_IFREG|0644, st_size=2959771, ...}) = 0
16942 open("/usr/lib/jvm/jdk1.7.0_25/jre/lib/ext/j3dcore.jar", O_RDONLY) = 12
16942 fstat(12, {st_mode=S_IFREG|0644, st_size=2959771, ...}) = 0
16942 fcntl(12, F_GETFD)                = 0
16942 fcntl(12, F_SETFD, FD_CLOEXEC)    = 0
16942 read(12, "PK\3\4", 4)             = 4
16942 lseek(12, 0, SEEK_END)            = 2959771
16942 lseek(12, 2959643, SEEK_SET)      = 2959643
16942 read(12, "gTemplate3D.classPK\1\2\n\0\n\0\0\0\0\0\32t\331"..., 128) = 128
16942 mmap(NULL, 47515, PROT_READ, MAP_SHARED, 12, 0x2c7000) = 0x7f0e7448b000
16942 mprotect(0x7f0e7014a000, 12288, PROT_READ|PROT_WRITE) = 0
16942 mprotect(0x7f0e7014d000, 4096, PROT_READ|PROT_WRITE) = 0
16942 mprotect(0x7f0e7014e000, 8192, PROT_READ|PROT_WRITE) = 0
16942 lseek(12, 0, SEEK_SET)            = 0
16942 read(12, "PK\3\4\24\0\10\0\10\0\210x\3316\0\0\0\0\0\0\0\0\0\0\0\0\24\0\0\0", 30) = 30
16942 lseek(12, 50, SEEK_SET)           = 50
16942 read(12, "\245\275\311\222\343\306\2626\270?f\347\35\264\320\242\333\360\237C\2 H\340\232\365\2#\1\20\363L"..., 8192) = 8192
16942 mprotect(0x7f0e70150000, 32768, PROT_READ|PROT_WRITE) = 0
16942 lseek(12, 8242, SEEK_SET)         = 8242
16942 read(12, "5g?}\226\7\371Z\360\337_\227\203\201\373\252\33,\23\375D\327\246yg\356\362\363\357\0\213\274"..., 7518) = 7518
16942 futex(0x7f0e700f4e54, FUTEX_WAKE_OP_PRIVATE, 1, 1, 0x7f0e700f4e50, {FUTEX_OP_SET, 0, FUTEX_OP_CMP_GT, 1}) = 1
16955 <... futex resumed> )             = 0
16955 futex(0x7f0e700f4e28, FUTEX_WAKE_PRIVATE, 1) = 0
16955 futex(0x7f0e700f7854, FUTEX_WAKE_OP_PRIVATE, 1, 1, 0x7f0e700f7850, {FUTEX_OP_SET, 0, FUTEX_OP_CMP_GT, 1}) = 1
16956 <... futex resumed> )             = 0
16956 futex(0x7f0e700f7828, FUTEX_WAKE_PRIVATE, 1) = 0
16956 futex(0x7f0e700f7854, FUTEX_WAIT_PRIVATE, 5, NULL <unfinished ...>
16955 mprotect(0x7f0e1c021000, 8192, PROT_READ|PROT_WRITE) = 0
16955 mprotect(0x7f0e1c023000, 32768, PROT_READ|PROT_WRITE) = 0
16955 mprotect(0x7f0e1c02b000, 12288, PROT_READ|PROT_WRITE) = 0
16955 mprotect(0x7f0e1c02e000, 32768, PROT_READ|PROT_WRITE) = 0
16955 mprotect(0x7f0e1c036000, 32768, PROT_READ|PROT_WRITE) = 0
16942 stat("/usr/lib/jvm/jdk1.7.0_25/jre/lib/ext/localedata.jar", {st_mode=S_IFREG|0644, st_size=1024028, ...}) = 0
16942 stat("/usr/lib/jvm/jdk1.7.0_25/jre/lib/ext/mlibwrapper_jai.jar", {st_mode=S_IFREG|0444, st_size=41239, ...}) = 0
16942 stat("/usr/lib/jvm/jdk1.7.0_25/jre/lib/ext/mlibwrapper_jai.jar", {st_mode=S_IFREG|0444, st_size=41239, ...}) = 0
16942 open("/usr/lib/jvm/jdk1.7.0_25/jre/lib/ext/mlibwrapper_jai.jar", O_RDONLY) = 13
16942 fstat(13, {st_mode=S_IFREG|0444, st_size=41239, ...}) = 0
16942 fcntl(13, F_GETFD)                = 0
16942 fcntl(13, F_SETFD, FD_CLOEXEC)    = 0
16942 read(13, "PK\3\4", 4)             = 4
16942 lseek(13, 0, SEEK_END)            = 41239
16942 lseek(13, 41111, SEEK_SET)        = 41111
16942 read(13, "rpTable.classPK\1\2\24\0\24\0\10\0\10\0\344}v,+\212\205"..., 128) = 128
16942 mmap(NULL, 4375, PROT_READ, MAP_SHARED, 13, 0x9000) = 0x7f0e74489000
16942 futex(0x7f0e700f7854, FUTEX_WAKE_OP_PRIVATE, 1, 1, 0x7f0e700f7850, {FUTEX_OP_SET, 0, FUTEX_OP_CMP_GT, 1} <unfinished ...>
16956 <... futex resumed> )             = 0
16942 <... futex resumed> )             = 1
16956 futex(0x7f0e700f7828, FUTEX_WAIT_PRIVATE, 2, NULL <unfinished ...>
16942 futex(0x7f0e700f7828, FUTEX_WAKE_PRIVATE, 1 <unfinished ...>
16956 <... futex resumed> )             = -1 EAGAIN (Resource temporarily unavailable)
16942 <... futex resumed> )             = 0
16956 futex(0x7f0e700f7828, FUTEX_WAKE_PRIVATE, 1) = 0
16942 mprotect(0x7f0e70158000, 12288, PROT_READ|PROT_WRITE) = 0
16956 futex(0x7f0e700f7854, FUTEX_WAIT_PRIVATE, 7, NULL <unfinished ...>
16942 lseek(13, 61, SEEK_SET)           = 61
16942 read(13, "PK\3\4\24\0\10\0\10\0\311\204\255.\0\0\0\0\0\0\0\0\0\0\0\0\24\0\0\0", 30) = 30
16955 mprotect(0x7f0e1c03e000, 32768, PROT_READ|PROT_WRITE <unfinished ...>
16942 lseek(13, 111, SEEK_SET <unfinished ...>
16955 <... mprotect resumed> )          = 0
16942 <... lseek resumed> )             = 111
16942 read(13, "\215\217\261\n\3020\20\206\367@\336\341F\5\33\254n\335\324)b\247J\3674\275\302As)I:"..., 160) = 160
16942 stat("/usr/lib/jvm/jdk1.7.0_25/jre/lib/ext/mediaplayer.jar", {st_mode=S_IFREG|0644, st_size=39078, ...}) = 0
16942 stat("/usr/lib/jvm/jdk1.7.0_25/jre/lib/ext/mediaplayer.jar", {st_mode=S_IFREG|0644, st_size=39078, ...}) = 0
16942 open("/usr/lib/jvm/jdk1.7.0_25/jre/lib/ext/mediaplayer.jar", O_RDONLY) = 14
16942 fstat(14, {st_mode=S_IFREG|0644, st_size=39078, ...}) = 0
16942 fcntl(14, F_GETFD)                = 0
16942 fcntl(14, F_SETFD, FD_CLOEXEC)    = 0
16942 read(14, "PK\3\4", 4)             = 4
16942 lseek(14, 0, SEEK_END)            = 39078
16942 lseek(14, 38950, SEEK_SET)        = 38950
16942 read(14, "\0\24\0\10\0\10\0\\m\241.\334\33\324_B\2\0\0E\4\0\0A\0\0\0\0\0\0\0\0"..., 128) = 128
16942 mmap(NULL, 6310, PROT_READ, MAP_SHARED, 14, 0x8000) = 0x7f0e74487000
16942 mprotect(0x7f0e7015b000, 8192, PROT_READ|PROT_WRITE) = 0
16942 lseek(14, 61, SEEK_SET)           = 61
16942 read(14, "PK\3\4\24\0\10\0\10\0\315n\241.\0\0\0\0\0\0\0\0\0\0\0\0\24\0\0\0", 30) = 30
16942 lseek(14, 111, SEEK_SET)          = 111
16942 read(14, "\35\214\301\n\3020\20D\357\201\374\303\36\365\220\244\325[\216\365\244\20\21\24\257\262\246+D\232T\262"..., 127) = 127
16942 stat("/usr/lib/jvm/jdk1.7.0_25/jre/lib/ext/sunjce_provider.jar", {st_mode=S_IFREG|0644, st_size=198317, ...}) = 0
16955 mprotect(0x7f0e1c046000, 32768, PROT_READ|PROT_WRITE <unfinished ...>
16942 stat("/usr/lib/jvm/jdk1.7.0_25/jre/lib/ext/customizer.jar",  <unfinished ...>
16955 <... mprotect resumed> )          = 0
16942 <... stat resumed> {st_mode=S_IFREG|0644, st_size=71644, ...}) = 0
16942 stat("/usr/lib/jvm/jdk1.7.0_25/jre/lib/ext/customizer.jar", {st_mode=S_IFREG|0644, st_size=71644, ...}) = 0
16942 open("/usr/lib/jvm/jdk1.7.0_25/jre/lib/ext/customizer.jar", O_RDONLY) = 15
16942 fstat(15, {st_mode=S_IFREG|0644, st_size=71644, ...}) = 0
16942 fcntl(15, F_GETFD)                = 0
16942 fcntl(15, F_SETFD, FD_CLOEXEC)    = 0
16942 read(15, "PK\3\4", 4)             = 4
16942 lseek(15, 0, SEEK_END)            = 71644
16942 lseek(15, 71516, SEEK_SET)        = 71516
16942 read(15, "\250\16\0\0\23\0\0\0\0\0\0\0\0\0\0\0\0\0\306\3\1\0Customizer"..., 128) = 128
16942 mmap(NULL, 2012, PROT_READ, MAP_SHARED, 15, 0x11000) = 0x7f0e74486000
16942 mprotect(0x7f0e7015d000, 4096, PROT_READ|PROT_WRITE) = 0
16942 stat("/usr/lib/jvm/jdk1.7.0_25/jre/lib/ext/RXTXcomm.jar", {st_mode=S_IFREG|0644, st_size=60898, ...}) = 0
16942 stat("/usr/lib/jvm/jdk1.7.0_25/jre/lib/ext/RXTXcomm.jar", {st_mode=S_IFREG|0644, st_size=60898, ...}) = 0
16942 open("/usr/lib/jvm/jdk1.7.0_25/jre/lib/ext/RXTXcomm.jar", O_RDONLY) = 16
16942 fstat(16, {st_mode=S_IFREG|0644, st_size=60898, ...}) = 0
16942 fcntl(16, F_GETFD)                = 0
16942 fcntl(16, F_SETFD, FD_CLOEXEC)    = 0
16942 read(16, "PK\3\4", 4)             = 4
16955 futex(0x7f0e700f7854, FUTEX_WAKE_OP_PRIVATE, 1, 1, 0x7f0e700f7850, {FUTEX_OP_SET, 0, FUTEX_OP_CMP_GT, 1} <unfinished ...>
16942 lseek(16, 0, SEEK_END <unfinished ...>
16956 <... futex resumed> )             = 0
16955 <... futex resumed> )             = 1
16942 <... lseek resumed> )             = 60898
16956 futex(0x7f0e700f7828, FUTEX_WAIT_PRIVATE, 2, NULL <unfinished ...>
16955 futex(0x7f0e700f7828, FUTEX_WAKE_PRIVATE, 1 <unfinished ...>
16942 lseek(16, 60770, SEEK_SET <unfinished ...>
16956 <... futex resumed> )             = -1 EAGAIN (Resource temporarily unavailable)
16955 <... futex resumed> )             = 0
16942 <... lseek resumed> )             = 60770
16956 futex(0x7f0e700f7828, FUTEX_WAKE_PRIVATE, 1 <unfinished ...>
16942 read(16,  <unfinished ...>
16956 <... futex resumed> )             = 0
16942 <... read resumed> "io/RXTXPort$SerialOutputStream.c"..., 128) = 128
16942 mmap(NULL, 7650, PROT_READ, MAP_SHARED, 16, 0xd000) = 0x7f0e74484000
16942 mprotect(0x7f0e7015e000, 8192, PROT_READ|PROT_WRITE) = 0
16942 lseek(16, 61, SEEK_SET)           = 61
16942 read(16,  <unfinished ...>
16955 mprotect(0x7f0e1c04e000, 32768, PROT_READ|PROT_WRITE <unfinished ...>
16956 futex(0x7f0e77a10ba0, FUTEX_WAIT_PRIVATE, 2, NULL <unfinished ...>
16942 <... read resumed> "PK\3\4\24\0\10\0\10\0\33\266\2079\0\0\0\0\0\0\0\0\0\0\0\0\24\0\0\0", 30) = 30
16955 <... mprotect resumed> )          = 0
16942 lseek(16, 111, SEEK_SET <unfinished ...>
16955 futex(0x7f0e77a10ba0, FUTEX_WAKE_PRIVATE, 1 <unfinished ...>
16942 <... lseek resumed> )             = 111
16956 <... futex resumed> )             = 0
16955 <... futex resumed> )             = 1
16942 read(16,  <unfinished ...>
16956 futex(0x7f0e77a10ba0, FUTEX_WAKE_PRIVATE, 1 <unfinished ...>
16955 mprotect(0x7f0e1c056000, 32768, PROT_READ|PROT_WRITE <unfinished ...>
16942 <... read resumed> "\363M\314\313LK-.\321\rK-*\316\314\317\263R0\3243\340\345r.JM,IM\321u"..., 71) = 71
16956 <... futex resumed> )             = 0
16955 <... mprotect resumed> )          = 0
16955 futex(0x7f0e77a10ba0, FUTEX_WAIT_PRIVATE, 2, NULL <unfinished ...>
16942 mprotect(0x7f0e70160000, 32768, PROT_READ|PROT_WRITE) = 0
16942 futex(0x7f0e77a10ba0, FUTEX_WAKE_PRIVATE, 1 <unfinished ...>
16955 <... futex resumed> )             = 0
16942 <... futex resumed> )             = 1
16955 futex(0x7f0e77a10ba0, FUTEX_WAKE_PRIVATE, 1 <unfinished ...>
16956 futex(0x7f0e77a10ba0, FUTEX_WAKE_PRIVATE, 1 <unfinished ...>
16955 <... futex resumed> )             = 0
16942 futex(0x7f0e77a10ba0, FUTEX_WAIT_PRIVATE, 2, NULL <unfinished ...>
16956 <... futex resumed> )             = 0
16942 <... futex resumed> )             = -1 EAGAIN (Resource temporarily unavailable)
16942 futex(0x7f0e77a10ba0, FUTEX_WAKE_PRIVATE, 1) = 0
16956 futex(0x7f0e700f7854, FUTEX_WAIT_PRIVATE, 9, NULL <unfinished ...>
16955 futex(0x7f0e700f7854, FUTEX_WAKE_OP_PRIVATE, 1, 1, 0x7f0e700f7850, {FUTEX_OP_SET, 0, FUTEX_OP_CMP_GT, 1} <unfinished ...>
16942 mprotect(0x7f0e70168000, 4096, PROT_READ|PROT_WRITE <unfinished ...>
16956 <... futex resumed> )             = -1 EAGAIN (Resource temporarily unavailable)
16955 <... futex resumed> )             = 0
16956 futex(0x7f0e700f7828, FUTEX_WAIT_PRIVATE, 2, NULL <unfinished ...>
16942 <... mprotect resumed> )          = 0
16956 <... futex resumed> )             = -1 EAGAIN (Resource temporarily unavailable)
16955 futex(0x7f0e700f7828, FUTEX_WAKE_PRIVATE, 1 <unfinished ...>
16956 futex(0x7f0e700f7828, FUTEX_WAKE_PRIVATE, 1 <unfinished ...>
16942 lseek(4, 59809567, SEEK_SET <unfinished ...>
16956 <... futex resumed> )             = 0
16955 <... futex resumed> )             = 0
16942 <... lseek resumed> )             = 59809567
16955 futex(0x7f0e700f4e54, FUTEX_WAIT_PRIVATE, 5, NULL <unfinished ...>
16942 read(4, "PK\3\4\n\0\0\0\0\0005\246\305B\215~G\245\v\4\0\0\v\4\0\0-\0\0\0", 30) = 30
16942 lseek(4, 59809642, SEEK_SET)      = 59809642
16942 read(4, "\312\376\272\276\0\0\0003\0;\10\0\5\1\0\24()Ljava/lang/Str"..., 1035) = 1035
16942 lseek(4, 59807359, SEEK_SET)      = 59807359
16942 read(4, "PK\3\4\n\0\0\0\0\0004\246\305B\261\30\322\315\\\10\0\0\\\10\0\0&\0\0\0", 30) = 30
16942 lseek(4, 59807427, SEEK_SET)      = 59807427
16942 read(4, "\312\376\272\276\0\0\0003\0}\10\0\f\10\0\r\10\0\34\10\0005\1\0\24()Ljava"..., 2140) = 2140
16942 lstat("/home", {st_mode=S_IFDIR|0755, st_size=4096, ...}) = 0
16942 lstat("/home/cxh", {st_mode=S_IFDIR|0755, st_size=4096, ...}) = 0
16942 lstat("/home/cxh/src", {st_mode=S_IFDIR|0755, st_size=4096, ...}) = 0
16942 lstat("/home/cxh/src/OmcFmuExitBug", {st_mode=S_IFDIR|0755, st_size=4096, ...}) = 0
16942 stat("/home/cxh/src/OmcFmuExitBug/OmcFmuExitBug.class", {st_mode=S_IFREG|0644, st_size=758, ...}) = 0
16942 lseek(4, 59805989, SEEK_SET)      = 59805989
16942 read(4, "PK\3\4\n\0\0\0\0\0004\246\305B\263r\33*\24\5\0\0\24\5\0\0(\0\0\0", 30) = 30
16942 lseek(4, 59806059, SEEK_SET)      = 59806059
16942 read(4, "\312\376\272\276\0\0\0003\0B\1\0\3()I\1\0\3()J\1\0\24()Ljava"..., 1300) = 1300
16942 lseek(4, 59803679, SEEK_SET)      = 59803679
16942 read(4, "PK\3\4\n\0\0\0\0\0004\246\305B\272\371R\314\321\10\0\0\321\10\0\0\27\0\0\0", 30) = 30
16942 lseek(4, 59803732, SEEK_SET)      = 59803732
16942 read(4, "\312\376\272\276\0\0\0003\0c\3\177\377\377\377\10\0\16\1\0\3()I\1\0\24()Lja"..., 2257) = 2257
16942 open("/home/cxh/src/OmcFmuExitBug/OmcFmuExitBug.class", O_RDONLY) = 17
16942 fstat(17, {st_mode=S_IFREG|0644, st_size=758, ...}) = 0
16942 fcntl(17, F_GETFD)                = 0
16942 fcntl(17, F_SETFD, FD_CLOEXEC)    = 0
16942 lseek(4, 59803412, SEEK_SET)      = 59803412
16942 read(4, "PK\3\4\n\0\0\0\0\0006\246\305B\236E\203#\323\0\0\0\323\0\0\0\32\0\0\0", 30) = 30
16942 lseek(4, 59803468, SEEK_SET)      = 59803468
16942 read(4, "\312\376\272\276\0\0\0003\0\f\1\0\nExceptions\1\0\nSource"..., 211) = 211
16942 stat("/home/cxh/src/OmcFmuExitBug/OmcFmuExitBug.class", {st_mode=S_IFREG|0644, st_size=758, ...}) = 0
16942 read(17, "\312\376\272\276\0\0\0003\0,\n\0\n\0\25\t\0\26\0\27\10\0\30\n\0\31\0\32\10\0\33\10"..., 758) = 758
16942 close(17)                         = 0
16942 lseek(4, 59790653, SEEK_SET)      = 59790653
16942 read(4, "PK\3\4\n\0\0\0\0\0005\246\305B\3659\25\3\3\24\0\0\3\24\0\0\37\0\0\0", 30) = 30
16942 lseek(4, 59790714, SEEK_SET)      = 59790714
16942 read(4, "\312\376\272\276\0\0\0003\0\325\10\0\32\10\0\33\10\0C\1\0\3()I\1\0\3()V\1"..., 5123) = 5123
16956 mprotect(0x7f0e20021000, 16384, PROT_READ|PROT_WRITE) = 0
16942 lseek(4, 59789294, SEEK_SET)      = 59789294
16942 read(4, "PK\3\4\n\0\0\0\0\0004\246\305B\270+\10\352\t\5\0\0\t\5\0\0(\0\0\0", 30) = 30
16942 lseek(4, 59789364, SEEK_SET)      = 59789364
16942 read(4, "\312\376\272\276\0\0\0003\0H\10\0\5\10\0\6\10\0\7\10\0\v\1\0\1\n\1\0\1 \1\0"..., 1289) = 1289
16956 mprotect(0x7f0e20025000, 32768, PROT_READ|PROT_WRITE <unfinished ...>
16942 futex(0x7f0e77a10ba0, FUTEX_WAIT_PRIVATE, 2, NULL <unfinished ...>
16956 <... mprotect resumed> )          = 0
16956 futex(0x7f0e77a10ba0, FUTEX_WAKE_PRIVATE, 1) = 1
16942 <... futex resumed> )             = 0
16956 mprotect(0x7f0e2002d000, 32768, PROT_READ|PROT_WRITE <unfinished ...>
16942 futex(0x7f0e77a10ba0, FUTEX_WAIT_PRIVATE, 2, NULL <unfinished ...>
16956 <... mprotect resumed> )          = 0
16956 futex(0x7f0e77a10ba0, FUTEX_WAKE_PRIVATE, 1) = 1
16942 <... futex resumed> )             = 0
16942 futex(0x7f0e77a10ba0, FUTEX_WAKE_PRIVATE, 1) = 0
16942 lseek(4, 59783691, SEEK_SET)      = 59783691
16942 read(4, "PK\3\4\n\0\0\0\0\0005\246\305BE&*\342\224\25\0\0\224\25\0\0001\0\0\0", 30) = 30
16942 lseek(4, 59783770, SEEK_SET)      = 59783770
16942 read(4,  <unfinished ...>
16956 mprotect(0x7f0e20035000, 32768, PROT_READ|PROT_WRITE <unfinished ...>
16942 <... read resumed> "\312\376\272\276\0\0\0003\1?\10\0\v\10\0\f\10\0 \10\0\"\10\0#\10\0005\10\0006\10"..., 5524) = 5524
16956 <... mprotect resumed> )          = 0
16942 mprotect(0x7f0e70169000, 4096, PROT_READ|PROT_WRITE) = 0
16942 lseek(4, 59779525, SEEK_SET)      = 59779525
16942 read(4, "PK\3\4\n\0\0\0\0\0005\246\305B\316cx\241\t\20\0\0\t\20\0\0\37\0\0\0", 30) = 30
16942 lseek(4, 59779586, SEEK_SET)      = 59779586
16942 read(4, "\312\376\272\276\0\0\0003\0\274\10\0\32\10\0\33\10\0\34\10\0\37\10\0+\10\0000\10\0001\10"..., 4105) = 4105
16942 lseek(4, 59765558, SEEK_SET)      = 59765558
16942 read(4, "PK\3\4\n\0\0\0\0\0004\246\305B\261*!0U6\0\0U6\0\0\34\0\0\0", 30) = 30
16942 lseek(4, 59765616, SEEK_SET)      = 59765616
16942 read(4, "\312\376\272\276\0\0\0003\2\5\10\0!\10\0006\10\0007\10\0;\10\0U\10\0V\10\0W\10"..., 13909) = 13909
16942 mprotect(0x7f0e7016a000, 4096, PROT_READ|PROT_WRITE) = 0
16942 lseek(4, 59756365, SEEK_SET)      = 59756365
16942 read(4, "PK\3\4\n\0\0\0\0\0005\246\305B/U\17M\213\36\0\0\213\36\0\0\37\0\0\0", 30) = 30
16942 lseek(4, 59756426, SEEK_SET)      = 59756426
16942 read(4, "\312\376\272\276\0\0\0003\0\347\10\0\n\10\0\v\10\0\f\10\0\32\10\0!\10\0#\10\0$\10"..., 7819) = 7819
16942 lseek(4, 59750686, SEEK_SET)      = 59750686
16942 read(4, "PK\3\4\n\0\0\0\0\0005\246\305B\33\210v0\365\25\0\0\365\25\0\0\34\0\0\0", 30) = 30
16942 lseek(4, 59750744, SEEK_SET)      = 59750744
16942 read(4, "\312\376\272\276\0\0\0003\0\315\10\0\v\10\0\32\10\0:\10\0>\10\0F\10\0G\10\0Z\10"..., 5621) = 5621
16942 mprotect(0x7f0e7016b000, 4096, PROT_READ|PROT_WRITE) = 0
16942 lseek(4, 59749291, SEEK_SET)      = 59749291
16942 read(4, "PK\3\4\n\0\0\0\0\0005\246\305B\fQ\315\2207\5\0\0007\5\0\0\36\0\0\0", 30) = 30
16942 lseek(4, 59749351, SEEK_SET)      = 59749351
16942 read(4, "\312\376\272\276\0\0\0003\0M\10\0\n\10\0\v\1\0\3()I\1\0\24()Ljava"..., 1335) = 1335
16942 lstat("/home",  <unfinished ...>
16956 futex(0x7f0e700f7854, FUTEX_WAIT_PRIVATE, 11, NULL <unfinished ...>
16942 <... lstat resumed> {st_mode=S_IFDIR|0755, st_size=4096, ...}) = 0
16942 lstat("/home/cxh", {st_mode=S_IFDIR|0755, st_size=4096, ...}) = 0
16942 lstat("/home/cxh/src", {st_mode=S_IFDIR|0755, st_size=4096, ...}) = 0
16942 lstat("/home/cxh/src/OmcFmuExitBug", {st_mode=S_IFDIR|0755, st_size=4096, ...}) = 0
16942 lstat("/home/cxh/src/OmcFmuExitBug/-", 0x7f0e77b48060) = -1 ENOENT (No such file or directory)
16942 lstat("/home", {st_mode=S_IFDIR|0755, st_size=4096, ...}) = 0
16942 lstat("/home/cxh", {st_mode=S_IFDIR|0755, st_size=4096, ...}) = 0
16942 lstat("/home/cxh/src", {st_mode=S_IFDIR|0755, st_size=4096, ...}) = 0
16942 lstat("/home/cxh/src/OmcFmuExitBug", {st_mode=S_IFDIR|0755, st_size=4096, ...}) = 0
16942 lseek(4, 59709617, SEEK_SET)      = 59709617
16942 read(4, "PK\3\4\n\0\0\0\0\0005\246\305B\250\r\261\3110\r\0\0000\r\0\0&\0\0\0", 30) = 30
16942 lseek(4, 59709685, SEEK_SET)      = 59709685
16942 read(4, "\312\376\272\276\0\0\0003\0\242\10\0\33\10\0\"\10\0009\1\0\3()I\1\0\24()Lj"..., 3376) = 3376
16942 lseek(4, 59708644, SEEK_SET)      = 59708644
16942 read(4, "PK\3\4\n\0\0\0\0\0005\246\305B$\235\206\327\216\3\0\0\216\3\0\0!\0\0\0", 30) = 30
16942 lseek(4, 59708707, SEEK_SET)      = 59708707
16942 read(4, "\312\376\272\276\0\0\0003\0'\10\0\t\10\0\n\1\0\3()I\1\0\24()Ljava"..., 910) = 910
16942 lseek(4, 59701512, SEEK_SET)      = 59701512
16942 read(4, "PK\3\4\n\0\0\0\0\0006\246\305B\373\216\233}\226\33\0\0\226\33\0\0(\0\0\0", 30) = 30
16942 lseek(4, 59701582, SEEK_SET)      = 59701582
16942 read(4, "\312\376\272\276\0\0\0003\1\23\10\0\r\10\0\16\10\0\17\10\0\31\10\0\32\10\0\35\10\0\36\10"..., 7062) = 7062
16942 lseek(4, 59696855, SEEK_SET)      = 59696855
16942 read(4, "PK\3\4\n\0\0\0\0\0006\246\305B\263\244d`\346\21\0\0\346\21\0\0-\0\0\0", 30) = 30
16942 lseek(4, 59696930, SEEK_SET)      = 59696930
16942 read(4, "\312\376\272\276\0\0\0003\0\340\10\0\21\10\0\22\10\0$\10\0&\10\0/\10\0M\10\0N\1"..., 4582) = 4582
16942 mprotect(0x7f0e7016c000, 8192, PROT_READ|PROT_WRITE) = 0
16942 lseek(4, 55364638, SEEK_SET)      = 55364638
16942 read(4, "PK\3\4\n\0\0\0\0\0004\246\305Buc6=\306\1\0\0\306\1\0\0\24\0\0\0", 30) = 30
16942 lseek(4, 55364688, SEEK_SET)      = 55364688
16942 read(4, "\312\376\272\276\0\0\0003\0\34\10\0\20\1\0\3()V\1\0%(Ljava/lan"..., 454) = 454
16942 mprotect(0x7f0e7016e000, 4096, PROT_READ|PROT_WRITE) = 0
16942 write(1, "This class illustrates a bug whe"..., 41) = 41
16942 write(1, "\n", 1)                 = 1
16942 write(1, "generated by OpenModelica fails "..., 40) = 40
16942 write(1, "\n", 1 <unfinished ...>
16958 <... futex resumed> )             = -1 ETIMEDOUT (Connection timed out)
16942 <... write resumed> )             = 1
16958 futex(0x7f0e70104628, FUTEX_WAKE_PRIVATE, 1) = 0
16942 write(1, "When this file is run, it hangs "..., 43 <unfinished ...>
16958 futex(0x7f0e70104654, FUTEX_WAIT_BITSET_PRIVATE|FUTEX_CLOCK_REALTIME, 1, {1375312857, 891353000}, ffffffff <unfinished ...>
16942 <... write resumed> )             = 43
16942 write(1, "\n", 1)                 = 1
16942 stat("/home/cxh/src/OmcFmuExitBug/com/sun/jna/NativeLibrary.class", 0x7f0e77b49f90) = -1 ENOENT (No such file or directory)
16942 stat("/home/cxh/src/OmcFmuExitBug/jna.jar", {st_mode=S_IFREG|0644, st_size=692070, ...}) = 0
16942 stat("/home/cxh/src/OmcFmuExitBug/jna.jar", {st_mode=S_IFREG|0644, st_size=692070, ...}) = 0
16942 open("/home/cxh/src/OmcFmuExitBug/jna.jar", O_RDONLY) = 17
16942 fstat(17, {st_mode=S_IFREG|0644, st_size=692070, ...}) = 0
16942 fcntl(17, F_GETFD)                = 0
16942 fcntl(17, F_SETFD, FD_CLOEXEC)    = 0
16942 read(17, "PK\3\4", 4)             = 4
16942 lseek(17, 0, SEEK_END)            = 692070
16942 lseek(17, 691942, SEEK_SET)       = 691942
16942 read(17, "\0com/sun/jna/w32ce-arm/PK\1\2\24\3\n\0\0"..., 128) = 128
16942 mmap(NULL, 12134, PROT_READ, MAP_SHARED, 17, 0xa6000) = 0x7f0e74481000
16942 mprotect(0x7f0e7016f000, 4096, PROT_READ|PROT_WRITE) = 0
16942 mprotect(0x7f0e70170000, 8192, PROT_READ|PROT_WRITE) = 0
16942 lseek(17, 43, SEEK_SET)           = 43
16942 read(17, "PK\3\4\n\0\0\10\10\0B6\206B\257\374\23\202\243\2\0\0\177\10\0\0\24\0\0\0", 30) = 30
16942 lseek(17, 93, SEEK_SET)           = 93
16942 read(17, "\215\224OS\3330\20\305\357\236\361w\320\221\316D&\177\\\227\222\311!\204\34\3504\fS\30\256\35"..., 675) = 675
16942 mprotect(0x7f0e70172000, 32768, PROT_READ|PROT_WRITE) = 0
16942 lseek(4, 56804571, SEEK_SET)      = 56804571
16942 read(4, "PK\3\4\n\0\0\0\0\0004\246\305B_%+n/\7\0\0/\7\0\0'\0\0\0", 30) = 30
16942 lseek(4, 56804640, SEEK_SET)      = 56804640
16942 read(4, "\312\376\272\276\0\0\0003\0S\1\0\3()I\1\0\3()J\1\0\24()Ljava"..., 1839) = 1839
16942 lseek(17, 43, SEEK_SET)           = 43
16942 read(17, "PK\3\4\n\0\0\10\10\0B6\206B\257\374\23\202\243\2\0\0\177\10\0\0\24\0\0\0", 30) = 30
16942 lseek(17, 93, SEEK_SET)           = 93
16942 read(17, "\215\224OS\3330\20\305\357\236\361w\320\221\316D&\177\\\227\222\311!\204\34\3504\fS\30\256\35"..., 675) = 675
16942 lseek(4, 56592787, SEEK_SET)      = 56592787
16942 read(4, "PK\3\4\n\0\0\0\0\0004\246\305B@\364v\276\332\21\0\0\332\21\0\0\34\0\0\0", 30) = 30
16942 lseek(4, 56592845, SEEK_SET)      = 56592845
16942 read(4, "\312\376\272\276\0\0\0003\0\345\10\0\7\10\0\10\10\0\34\10\0 \10\0005\10\0K\1\0\2\r"..., 4570) = 4570
16942 lseek(4, 56591220, SEEK_SET)      = 56591220
16942 read(4, "PK\3\4\n\0\0\0\0\0005\246\305B\364r\347\271\337\5\0\0\337\5\0\0\"\0\0\0", 30) = 30
16942 lseek(4, 56591284, SEEK_SET)      = 56591284
16942 read(4, "\312\376\272\276\0\0\0003\0>\1\0\3()I\1\0\3()V\1\0\3()Z\1\0\4("..., 1503) = 1503
16942 lseek(4, 56585103, SEEK_SET)      = 56585103
16942 read(4, "PK\3\4\n\0\0\0\0\0004\246\305B\342\2042\25\251\27\0\0\251\27\0\0\36\0\0\0", 30) = 30
16942 lseek(4, 56585163, SEEK_SET)      = 56585163
16942 read(4, "\312\376\272\276\0\0\0003\1\7\10\0\21\10\0\37\10\0 \10\0#\10\0$\10\0/\10\0007\10"..., 6057) = 6057
16942 mprotect(0x7f0e7017a000, 4096, PROT_READ|PROT_WRITE) = 0
16942 lseek(4, 56582846, SEEK_SET)      = 56582846
16942 read(4, "PK\3\4\n\0\0\0\0\0004\246\305B\240\254#\264\207\10\0\0\207\10\0\0,\0\0\0", 30) = 30
16942 lseek(4, 56582920, SEEK_SET)      = 56582920
16942 read(4, "\312\376\272\276\0\0\0003\0I\1\0\3()B\1\0\3()I\1\0\3()V\1\0\4("..., 2183) = 2183
16942 lseek(4, 56579707, SEEK_SET)      = 56579707
16942 read(4, "PK\3\4\n\0\0\0\0\0004\246\305Bd\206#\363\2\f\0\0\2\f\0\0#\0\0\0", 30) = 30
16942 lseek(4, 56579772, SEEK_SET)      = 56579772
16942 read(4, "\312\376\272\276\0\0\0003\0\251\10\0!\10\0#\10\0'\10\0(\10\0)\10\0000\10\0001\10"..., 3074) = 3074
16942 mprotect(0x7f0e7017b000, 8192, PROT_READ|PROT_WRITE) = 0
16942 lseek(4, 56577928, SEEK_SET)      = 56577928
16942 read(4, "PK\3\4\n\0\0\0\0\0005\246\305B\305b{|\250\6\0\0\250\6\0\0-\0\0\0", 30) = 30
16942 lseek(4, 56578003, SEEK_SET)      = 56578003
16942 read(4, "\312\376\272\276\0\0\0003\0C\1\0\23$assertionsDisabled"..., 1704) = 1704
16942 lseek(4, 56565249, SEEK_SET)      = 56565249
16942 read(4, "PK\3\4\n\0\0\0\0\0005\246\305B-\353\215\\J1\0\0J1\0\0\37\0\0\0", 30) = 30
16942 lseek(4, 56565310, SEEK_SET)      = 56565310
16942 read(4, "\312\376\272\276\0\0\0003\2!\10\0&\10\0'\10\0(\10\0)\10\0*\10\0+\10\0,\10"..., 12618) = 12618
16942 mprotect(0x7f0e7017d000, 4096, PROT_READ|PROT_WRITE) = 0
16942 lseek(4, 29075586, SEEK_SET)      = 29075586
16942 read(4, "PK\3\4\n\0\0\0\0\0004\246\305B\231\372\206uv\10\0\0v\10\0\0\36\0\0\0", 30) = 30
16942 lseek(4, 29075646, SEEK_SET)      = 29075646
16942 read(4, "\312\376\272\276\0\0\0003\0n\10\0\5\10\0\v\10\0\23\10\0/\1\0\1(\1\0\3()I"..., 2166) = 2166
16942 lseek(4, 30480834, SEEK_SET)      = 30480834
16942 read(4, "PK\3\4\n\0\0\0\0\0005\246\305B\364U&.\10\3\0\0\10\3\0\0!\0\0\0", 30) = 30
16942 lseek(4, 30480897, SEEK_SET)      = 30480897
16942 read(4, "\312\376\272\276\0\0\0003\0$\1\0\24()Ljava/lang/String"..., 776) = 776
16942 lseek(4, 56562886, SEEK_SET)      = 56562886
16942 read(4, "PK\3\4\n\0\0\0\0\0005\246\305B\33l{h\372\10\0\0\372\10\0\0#\0\0\0", 30) = 30
16942 lseek(4, 56562951, SEEK_SET)      = 56562951
16942 read(4, "\312\376\272\276\0\0\0003\0g\3\177\377\377\377\10\0\24\1\0\3()I\1\0\24()Lja"..., 2298) = 2298
16942 lseek(4, 56544693, SEEK_SET)      = 56544693
16942 read(4, "PK\3\4\n\0\0\0\0\0004\246\305B\314|\26\360\3$\0\0\3$\0\0\27\0\0\0", 30) = 30
16942 lseek(4, 56544746, SEEK_SET)      = 56544746
16942 read(4, "\312\376\272\276\0\0\0003\1p\10\0\n\10\0\32\10\0\33\10\0\34\10\0\35\10\0!\10\0007\10"..., 9219) = 9219
16942 mprotect(0x7f0e7017e000, 4096, PROT_READ|PROT_WRITE) = 0
16942 lseek(4, 56539272, SEEK_SET)      = 56539272
16942 read(4, "PK\3\4\n\0\0\0\0\0005\246\305B\307wiz\342\24\0\0\342\24\0\0-\0\0\0", 30) = 30
16942 lseek(4, 56539347, SEEK_SET)      = 56539347
16942 read(4, "\312\376\272\276\0\0\0003\1\26\10\0\n\10\0\v\10\0\f\10\0\r\10\0\33\10\0\34\10\0\35\10"..., 5346) = 5346
16942 lseek(4, 56475687, SEEK_SET)      = 56475687
16942 read(4, "PK\3\4\n\0\0\0\0\0005\246\305B\217\255\r\360\377\7\0\0\377\7\0\0\34\0\0\0", 30) = 30
16942 lseek(4, 56475745, SEEK_SET)      = 56475745
16942 read(4, "\312\376\272\276\0\0\0003\0;\10\0\10\1\0\3()I\1\0\3()V\1\0\4(I)V"..., 2047) = 2047
16942 lseek(4, 56473122, SEEK_SET)      = 56473122
16942 read(4, "PK\3\4\n\0\0\0\0\0005\246\305B\260\251\242\225\310\t\0\0\310\t\0\0\37\0\0\0", 30) = 30
16942 lseek(4, 56473183, SEEK_SET)      = 56473183
16942 read(4, "\312\376\272\276\0\0\0003\0c\1\0\3()I\1\0\3()V\1\0\4()[B\1\0\10"..., 2504) = 2504
16942 lseek(17, 43, SEEK_SET)           = 43
16942 read(17, "PK\3\4\n\0\0\10\10\0B6\206B\257\374\23\202\243\2\0\0\177\10\0\0\24\0\0\0", 30) = 30
16942 lseek(17, 93, SEEK_SET)           = 93
16942 read(17, "\215\224OS\3330\20\305\357\236\361w\320\221\316D&\177\\\227\222\311!\204\34\3504\fS\30\256\35"..., 675) = 675
16942 lseek(4, 56460075, SEEK_SET)      = 56460075
16942 read(4, "PK\3\4\n\0\0\0\0\0006\246\305BpV\334c\2542\0\0\2542\0\0-\0\0\0", 30) = 30
16942 lseek(4, 56460150, SEEK_SET)      = 56460150
16942 read(4, "\312\376\272\276\0\0\0003\2\32\10\0&\10\0'\10\0(\10\0)\10\0*\10\0+\10\0,\10"..., 12972) = 12972
16942 mprotect(0x7f0e7017f000, 4096, PROT_READ|PROT_WRITE) = 0
16942 mprotect(0x7f0e70180000, 8192, PROT_READ|PROT_WRITE) = 0
16942 mprotect(0x7f0e70182000, 4096, PROT_READ|PROT_WRITE) = 0
16942 lseek(17, 68073, SEEK_SET)        = 68073
16942 read(17, "PK\3\4\n\0\0\10\10\0B6\206BB]\214\314\332\37\0\0$<\0\0\37\0\0\0", 30) = 30
16942 lseek(17, 68134, SEEK_SET)        = 68134
16942 read(17, "\215Z\t|T\325\325?\347\316\362\336L\36\1\7\2\214\200\4\4\t\223\204\200\354#\242\20\10\4\222"..., 8154) = 8154
16942 mprotect(0x7f0e70183000, 12288, PROT_READ|PROT_WRITE) = 0
16942 mprotect(0x7f0e70186000, 4096, PROT_READ|PROT_WRITE) = 0
16942 mprotect(0x7f0e70187000, 4096, PROT_READ|PROT_WRITE) = 0
16942 mprotect(0x7f0e70188000, 4096, PROT_READ|PROT_WRITE) = 0
16942 mprotect(0x7f0e70189000, 4096, PROT_READ|PROT_WRITE) = 0
16942 mprotect(0x7f0e7018a000, 4096, PROT_READ|PROT_WRITE) = 0
16942 mprotect(0x7f0e7018b000, 4096, PROT_READ|PROT_WRITE) = 0
16942 lseek(4, 56458799, SEEK_SET)      = 56458799
16942 read(4, "PK\3\4\n\0\0\0\0\0004\246\305B\177o\217\315\317\2\0\0\317\2\0\0%\0\0\0", 30) = 30
16942 lseek(4, 56458866, SEEK_SET)      = 56458866
16942 read(4, "\312\376\272\276\0\0\0003\0'\10\0\3\10\0\n\1\0\1\"\1\0\24()Ljava/l"..., 719) = 719
16942 mprotect(0x7f0e7018c000, 16384, PROT_READ|PROT_WRITE) = 0
16942 mprotect(0x7f0e70190000, 8192, PROT_READ|PROT_WRITE) = 0
16942 lseek(4, 59242436, SEEK_SET)      = 59242436
16942 read(4, "PK\3\4\n\0\0\0\0\0004\246\305Bn\0343\261\254\0\0\0\254\0\0\0\34\0\0\0", 30) = 30
16942 lseek(4, 59242494, SEEK_SET)      = 59242494
16942 read(4, "\312\376\272\276\0\0\0003\0\t\1\0\nSourceFile\1\0\6accept"..., 172) = 172
16942 mprotect(0x7f0e70192000, 4096, PROT_READ|PROT_WRITE) = 0
16942 mprotect(0x7f0e70193000, 4096, PROT_READ|PROT_WRITE) = 0
16942 mprotect(0x7f0e70194000, 4096, PROT_READ|PROT_WRITE) = 0
16942 mprotect(0x7f0e70195000, 4096, PROT_READ|PROT_WRITE) = 0
16942 mprotect(0x7f0e70196000, 4096, PROT_READ|PROT_WRITE) = 0
16942 lseek(4, 54210181, SEEK_SET)      = 54210181
16942 read(4, "PK\3\4\n\0\0\0\0\0005\246\305B!l\215\5|\1\0\0|\1\0\0$\0\0\0", 30) = 30
16942 lseek(4, 54210247, SEEK_SET)      = 54210247
16942 read(4, "\312\376\272\276\0\0\0003\0\25\1\0\3()V\1\0\25(Ljava/lang/S"..., 380) = 380
16942 mprotect(0x7f0e70197000, 4096, PROT_READ|PROT_WRITE) = 0
16942 mprotect(0x7f0e70198000, 4096, PROT_READ|PROT_WRITE) = 0
16942 mprotect(0x7f0e70199000, 4096, PROT_READ|PROT_WRITE) = 0
16942 mprotect(0x7f0e7019a000, 4096, PROT_READ|PROT_WRITE) = 0
16942 mprotect(0x7f0e7019b000, 12288, PROT_READ|PROT_WRITE) = 0
16942 mprotect(0x7f0e7019e000, 4096, PROT_READ|PROT_WRITE) = 0
16942 mprotect(0x7f0e7019f000, 20480, PROT_READ|PROT_WRITE) = 0
16942 lseek(4, 59339574, SEEK_SET)      = 59339574
16942 read(4, "PK\3\4\n\0\0\0\0\0003\246\305B\330!\17\270\"\2\0\0\"\2\0\0\31\0\0\0", 30) = 30
16942 lseek(4, 59339629, SEEK_SET)      = 59339629
16942 read(4, "\312\376\272\276\0\0\0003\0\33\1\0\3()V\1\0\25(Ljava/lang/S"..., 546) = 546
16942 mprotect(0x7f0e701a4000, 12288, PROT_READ|PROT_WRITE) = 0
16942 mprotect(0x7f0e701a7000, 16384, PROT_READ|PROT_WRITE) = 0
16942 mprotect(0x7f0e701ab000, 8192, PROT_READ|PROT_WRITE) = 0
16942 lseek(4, 57902594, SEEK_SET)      = 57902594
16942 read(4, "PK\3\4\n\0\0\0\0\0005\246\305BnF#\374\256&\0\0\256&\0\0\32\0\0\0", 30) = 30
16942 lseek(4, 57902650, SEEK_SET)      = 57902650
16942 read(4, "\312\376\272\276\0\0\0003\1$\10\0\23\10\0\31\1\0\3()I\1\0\24()Ljava"..., 9902) = 9902
16942 lseek(4, 57898895, SEEK_SET)      = 57898895
16942 read(4, "PK\3\4\n\0\0\0\0\0005\246\305B\tn]\v\377\7\0\0\377\7\0\0&\0\0\0", 30) = 30
16942 lseek(4, 57898963, SEEK_SET)      = 57898963
16942 read(4, "\312\376\272\276\0\0\0003\0W\10\0\f\1\0\24()Ljava/lang/Str"..., 2047) = 2047
16942 stat("/home/cxh/src/OmcFmuExitBug/com/sun/jna/Native.class", 0x7f0e77b49640) = -1 ENOENT (No such file or directory)
16942 lseek(17, 49184, SEEK_SET)        = 49184
16942 read(17, "PK\3\4\n\0\0\10\10\0B6\206B |\5w\370D\0\0\217\222\0\0\30\0\0\0", 30) = 30
16942 lseek(17, 49238, SEEK_SET)        = 49238
16942 read(17, "\225=\7|\224E\366o\332\356\267\233/\275\300\322\fE\10)\364\242A\3244$\220\204H\2\30P"..., 8192) = 8192
16942 lseek(17, 57430, SEEK_SET)        = 57430
16942 read(17, "\301\372\7\n\32\264\341\26\275\257\36\237Tt\355\357yyV\314Z\t\264\324F\337\214\17Mny\306"..., 8192) = 8192
16942 lseek(17, 65622, SEEK_SET)        = 65622
16942 read(17, "\3659\274\255\276\210\371M\327\333/\305\25\\\3\207\213)\302\322\33\357D\367\v\336\21S\365\7\3T"..., 1272) = 1272
16942 mprotect(0x7f0e701ad000, 8192, PROT_READ|PROT_WRITE) = 0
16942 lseek(4, 55582066, SEEK_SET)      = 55582066
16942 read(4, "PK\3\4\n\0\0\0\0\0004\246\305B\206\231\362\253\214\1\0\0\214\1\0\0$\0\0\0", 30) = 30
16942 lseek(4, 55582132, SEEK_SET)      = 55582132
16942 read(4, "\312\376\272\276\0\0\0003\0\25\1\0\3()V\1\0\25(Ljava/lang/S"..., 396) = 396
16942 mprotect(0x7f0e701af000, 8192, PROT_READ|PROT_WRITE) = 0
16942 mprotect(0x7f0e701b1000, 4096, PROT_READ|PROT_WRITE) = 0
16942 mprotect(0x7f0e701b2000, 4096, PROT_READ|PROT_WRITE) = 0
16942 mprotect(0x7f0e701b3000, 12288, PROT_READ|PROT_WRITE) = 0
16942 lseek(4, 58440613, SEEK_SET)      = 58440613
16942 read(4, "PK\3\4\n\0\0\0\0\0005\246\305BV\246\2\26?\2\0\0?\2\0\0%\0\0\0", 30) = 30
16942 lseek(4, 58440680, SEEK_SET)      = 58440680
16942 read(4, "\312\376\272\276\0\0\0003\0\33\1\0\3()V\1\0\25(Ljava/lang/S"..., 575) = 575
16942 mprotect(0x7f0e701b6000, 4096, PROT_READ|PROT_WRITE) = 0
16942 mprotect(0x7f0e701b7000, 4096, PROT_READ|PROT_WRITE) = 0
16942 mprotect(0x7f0e701b8000, 20480, PROT_READ|PROT_WRITE) = 0
16942 lseek(4, 28590375, SEEK_SET)      = 28590375
16942 read(4, "PK\3\4\n\0\0\0\0\0004\246\305B.\272l\274\33\5\0\0\33\5\0\0!\0\0\0", 30) = 30
16942 lseek(4, 28590438, SEEK_SET)      = 28590438
16942 read(4, "\312\376\272\276\0\0\0003\0D\10\0\3\10\0\v\1\0\n at index \1\0\3"..., 1307) = 1307
16942 mprotect(0x7f0e701bd000, 4096, PROT_READ|PROT_WRITE) = 0
16942 mprotect(0x7f0e701be000, 28672, PROT_READ|PROT_WRITE) = 0
16942 mprotect(0x7f0e701c5000, 4096, PROT_READ|PROT_WRITE) = 0
16942 mprotect(0x7f0e701c6000, 4096, PROT_READ|PROT_WRITE) = 0
16942 mprotect(0x7f0e701c7000, 4096, PROT_READ|PROT_WRITE) = 0
16942 lseek(4, 54219508, SEEK_SET)      = 54219508
16942 read(4, "PK\3\4\n\0\0\0\0\0004\246\305B0\177\225\230\207\1\0\0\207\1\0\0*\0\0\0", 30) = 30
16942 lseek(4, 54219580, SEEK_SET)      = 54219580
16942 read(4, "\312\376\272\276\0\0\0003\0\25\1\0\3()V\1\0\25(Ljava/lang/S"..., 391) = 391
16942 mprotect(0x7f0e701c8000, 4096, PROT_READ|PROT_WRITE) = 0
16942 mprotect(0x7f0e701c9000, 40960, PROT_READ|PROT_WRITE) = 0
16942 mprotect(0x7f0e701d3000, 4096, PROT_READ|PROT_WRITE) = 0
16942 mprotect(0x7f0e701d4000, 8192, PROT_READ|PROT_WRITE) = 0
16942 mprotect(0x7f0e701d6000, 12288, PROT_READ|PROT_WRITE) = 0
16942 stat("/home/cxh/src/OmcFmuExitBug/com/sun/jna/Callback$UncaughtExceptionHandler.class", 0x7f0e77b48800) = -1 ENOENT (No such file or directory)
16942 lseek(17, 1153, SEEK_SET)         = 1153
16942 read(17, "PK\3\4\n\0\0\10\10\0B6\206B0\231\217T\277\0\0\0'\1\0\0003\0\0\0", 30) = 30
16942 lseek(17, 1234, SEEK_SET)         = 1234
16942 read(17, "u\216\315\16\1A\20\204\253\375\354\262HH\34<\200\3\7\306\335Q\10\211\304\301\317\275wL\2265"..., 191) = 191
16942 stat("/home/cxh/src/OmcFmuExitBug/com/sun/jna/Native$3.class", 0x7f0e77b48800) = -1 ENOENT (No such file or directory)
16942 lseek(17, 44427, SEEK_SET)        = 44427
16942 read(17, "PK\3\4\n\0\0\10\10\0B6\206BP2\217\2240\1\0\0\305\1\0\0\32\0\0\0", 30) = 30
16942 lseek(17, 44483, SEEK_SET)        = 44483
16942 read(17, "mPMO\302@\20}\333\26\n\5E\20P\357\34\300\2035\341\250\361BbB\322\340A\322\304\343"..., 304) = 304
16942 stat("/home/cxh/src/OmcFmuExitBug/com/sun/jna/Native$1.class", 0x7f0e77b49210) = -1 ENOENT (No such file or directory)
16942 lseek(17, 43435, SEEK_SET)        = 43435
16942 read(17, "PK\3\4\n\0\0\10\10\0B6\206B\276\300\t\237P\2\0\0Q\4\0\0\32\0\0\0", 30) = 30
16942 lseek(17, 43491, SEEK_SET)        = 43491
16942 read(17, "}S[s\322@\24\376\26(\1\32[J/\326kcA\205\226\222\326\273\245\326\v\243\243\16\203\316"..., 592) = 592
16942 stat("/tmp/jna-cxh", {st_mode=S_IFDIR|0755, st_size=4096, ...}) = 0
16942 stat("/tmp/jna-cxh", {st_mode=S_IFDIR|0755, st_size=4096, ...}) = 0
16942 access("/tmp/jna-cxh", W_OK)      = 0
16942 stat("/tmp/jna-cxh", {st_mode=S_IFDIR|0755, st_size=4096, ...}) = 0
16942 access("/tmp/jna-cxh", W_OK)      = 0
16942 stat("/home/cxh/src/OmcFmuExitBug/com/sun/jna/Native$6.class", 0x7f0e77b490f0) = -1 ENOENT (No such file or directory)
16942 lseek(17, 46090, SEEK_SET)        = 46090
16942 read(17, "PK\3\4\n\0\0\10\10\0B6\206B\313\277\226\35\220\1\0\0\200\2\0\0\32\0\0\0", 30) = 30
16942 lseek(17, 46146, SEEK_SET)        = 46146
16942 read(17, "mQ\313J\303@\24=\323\304\246\306\250\265j}\277_U\304\270rSq#\10B\321\205R\301\335"..., 400) = 400
16942 open("/tmp/jna-cxh", O_RDONLY|O_NONBLOCK|O_DIRECTORY|O_CLOEXEC) = 18
16942 getdents(18, /* 2 entries */, 32768) = 48
16942 getdents(18, /* 0 entries */, 32768) = 0
16942 close(18)                         = 0
16942 stat("/home/cxh/src/OmcFmuExitBug/com/sun/jna/Platform.class", 0x7f0e77b48ee0) = -1 ENOENT (No such file or directory)
16942 lseek(17, 80032, SEEK_SET)        = 80032
16942 read(17, "PK\3\4\n\0\0\10\10\0B6\206B\307ea&\177\10\0\0,\20\0\0\32\0\0\0", 30) = 30
16942 lseek(17, 80088, SEEK_SET)        = 80088
16942 read(17, "\215W\375{\34U\25~'\273\233\235l\246M:\375\242\5\333Z\351\327\"\211\205\22R\23\n\233\315"..., 2175) = 2175
16942 stat("/usr/lib/jvm/jdk1.7.0_25/jre/lib/amd64/libjnidispatch.so", 0x7f0e77b49c60) = -1 ENOENT (No such file or directory)
16942 lseek(4, 27750524, SEEK_SET)      = 27750524
16942 read(4, "PK\3\4\n\0\0\0\0\0005\246\305B\221@\214\0348\1\0\0008\1\0\0!\0\0\0", 30) = 30
16942 lseek(4, 27750587, SEEK_SET)      = 27750587
16942 read(4, "\312\376\272\276\0\0\0003\0\17\1\0\3()V\1\0\6<init>\1\0\4Code"..., 312) = 312
16942 stat("/usr/local/lib/libjnidispatch.so", 0x7f0e77b49c60) = -1 ENOENT (No such file or directory)
16942 stat("/usr/local/lib/libjnidispatch.so", 0x7f0e77b49c60) = -1 ENOENT (No such file or directory)
16942 stat("./libjnidispatch.so", 0x7f0e77b49c60) = -1 ENOENT (No such file or directory)
16942 stat("/opt/dymola/bin/lib/libjnidispatch.so", 0x7f0e77b49c60) = -1 ENOENT (No such file or directory)
16942 stat("/home/cxh/src/ptII/lib/libjnidispatch.so", 0x7f0e77b49c60) = -1 ENOENT (No such file or directory)
16942 stat("/opt/dymola/bin/lib/libjnidispatch.so", 0x7f0e77b49c60) = -1 ENOENT (No such file or directory)
16942 stat("/home/cxh/src/ptII/lib/libjnidispatch.so", 0x7f0e77b49c60) = -1 ENOENT (No such file or directory)
16942 stat("/usr/java/packages/lib/amd64/libjnidispatch.so", 0x7f0e77b49c60) = -1 ENOENT (No such file or directory)
16942 stat("/usr/lib64/libjnidispatch.so", 0x7f0e77b49c60) = -1 ENOENT (No such file or directory)
16942 stat("/lib64/libjnidispatch.so", 0x7f0e77b49c60) = -1 ENOENT (No such file or directory)
16942 stat("/lib/libjnidispatch.so", 0x7f0e77b49c60) = -1 ENOENT (No such file or directory)
16942 stat("/usr/lib/libjnidispatch.so", 0x7f0e77b49c60) = -1 ENOENT (No such file or directory)
16942 lseek(4, 43228885, SEEK_SET)      = 43228885
16942 read(4, "PK\3\4\n\0\0\0\0\0005\246\305B\25\317\251\313\201\3\0\0\201\3\0\0+\0\0\0", 30) = 30
16942 lseek(4, 43228958, SEEK_SET)      = 43228958
16942 read(4, "\312\376\272\276\0\0\0003\0001\1\0\24()Ljava/lang/String"..., 897) = 897
16942 lseek(4, 43227552, SEEK_SET)      = 43227552
16942 read(4, "PK\3\4\n\0\0\0\0\0005\246\305Bf\265p\366\352\4\0\0\352\4\0\0-\0\0\0", 30) = 30
16942 lseek(4, 43227627, SEEK_SET)      = 43227627
16942 read(4, "\312\376\272\276\0\0\0003\0E\1\0\24()Ljava/lang/String"..., 1258) = 1258
16942 stat("/usr/lib/jvm/jdk1.7.0_25/jre/lib/resources.jar", {st_mode=S_IFREG|0755, st_size=2479402, ...}) = 0
16942 stat("/usr/lib/jvm/jdk1.7.0_25/jre/lib/meta-index", {st_mode=S_IFREG|0755, st_size=2097, ...}) = 0
16942 open("/usr/lib/jvm/jdk1.7.0_25/jre/lib/meta-index", O_RDONLY) = 18
16942 fstat(18, {st_mode=S_IFREG|0755, st_size=2097, ...}) = 0
16942 fcntl(18, F_GETFD)                = 0
16942 fcntl(18, F_SETFD, FD_CLOEXEC)    = 0
16942 lstat("/usr", {st_mode=S_IFDIR|0775, st_size=4096, ...}) = 0
16942 lstat("/usr/lib", {st_mode=S_IFDIR|0755, st_size=16384, ...}) = 0
16942 lstat("/usr/lib/jvm", {st_mode=S_IFDIR|0755, st_size=4096, ...}) = 0
16942 lstat("/usr/lib/jvm/jdk1.7.0_25", {st_mode=S_IFDIR|0755, st_size=4096, ...}) = 0
16942 lstat("/usr/lib/jvm/jdk1.7.0_25/jre", {st_mode=S_IFDIR|0755, st_size=4096, ...}) = 0
16942 lstat("/usr/lib/jvm/jdk1.7.0_25/jre/lib", {st_mode=S_IFDIR|0755, st_size=4096, ...}) = 0
16942 stat("/usr/lib/jvm/jdk1.7.0_25/jre/lib", {st_mode=S_IFDIR|0755, st_size=4096, ...}) = 0
16942 stat("/usr/lib/jvm/jdk1.7.0_25/jre/lib", {st_mode=S_IFDIR|0755, st_size=4096, ...}) = 0
16942 read(18, "% VERSION 2\n% WARNING: this file"..., 8192) = 2097
16942 fstat(18, {st_mode=S_IFREG|0755, st_size=2097, ...}) = 0
16942 lseek(18, 0, SEEK_CUR)            = 2097
16942 lseek(18, 0, SEEK_END)            = 2097
16942 lseek(18, 2097, SEEK_SET)         = 2097
16942 read(18, "", 8192)                = 0
16942 close(18)                         = 0
16942 stat("/usr/lib/jvm/jdk1.7.0_25/jre/lib/rt.jar", {st_mode=S_IFREG|0644, st_size=62611458, ...}) = 0
16942 futex(0x7f0e700f4e54, FUTEX_WAKE_OP_PRIVATE, 1, 1, 0x7f0e700f4e50, {FUTEX_OP_SET, 0, FUTEX_OP_CMP_GT, 1}) = 1
16955 <... futex resumed> )             = 0
16942 stat("/usr/lib/jvm/jdk1.7.0_25/jre/lib/sunrsasign.jar",  <unfinished ...>
16955 futex(0x7f0e700f4e28, FUTEX_WAKE_PRIVATE, 1 <unfinished ...>
16942 <... stat resumed> 0x7f0e77b492d0) = -1 ENOENT (No such file or directory)
16955 <... futex resumed> )             = 0
16955 futex(0x7f0e700f7854, FUTEX_WAKE_OP_PRIVATE, 1, 1, 0x7f0e700f7850, {FUTEX_OP_SET, 0, FUTEX_OP_CMP_GT, 1} <unfinished ...>
16942 stat("/usr/lib/jvm/jdk1.7.0_25/jre/lib/jsse.jar",  <unfinished ...>
16956 <... futex resumed> )             = 0
16955 <... futex resumed> )             = 1
16956 futex(0x7f0e700f7828, FUTEX_WAIT_PRIVATE, 2, NULL <unfinished ...>
16942 <... stat resumed> {st_mode=S_IFREG|0644, st_size=580526, ...}) = 0
16955 futex(0x7f0e700f7828, FUTEX_WAKE_PRIVATE, 1 <unfinished ...>
16956 <... futex resumed> )             = -1 EAGAIN (Resource temporarily unavailable)
16955 <... futex resumed> )             = 0
16942 stat("/usr/lib/jvm/jdk1.7.0_25/jre/lib/jce.jar",  <unfinished ...>
16956 futex(0x7f0e700f7828, FUTEX_WAKE_PRIVATE, 1 <unfinished ...>
16942 <... stat resumed> {st_mode=S_IFREG|0755, st_size=109196, ...}) = 0
16956 <... futex resumed> )             = 0
16956 futex(0x7f0e700f7854, FUTEX_WAIT_PRIVATE, 13, NULL <unfinished ...>
16942 stat("/usr/lib/jvm/jdk1.7.0_25/jre/lib/charsets.jar", {st_mode=S_IFREG|0644, st_size=3649132, ...}) = 0
16942 stat("/usr/lib/jvm/jdk1.7.0_25/jre/lib/jfr.jar", {st_mode=S_IFREG|0755, st_size=462133, ...}) = 0
16942 stat("/usr/lib/jvm/jdk1.7.0_25/jre/classes", 0x7f0e77b492d0) = -1 ENOENT (No such file or directory)
16942 stat("/usr/lib/jvm/jdk1.7.0_25/jre/meta-index", 0x7f0e77b49230) = -1 ENOENT (No such file or directory)
16942 lstat("/usr", {st_mode=S_IFDIR|0775, st_size=4096, ...}) = 0
16942 lstat("/usr/lib", {st_mode=S_IFDIR|0755, st_size=16384, ...}) = 0
16942 lstat("/usr/lib/jvm", {st_mode=S_IFDIR|0755, st_size=4096, ...}) = 0
16942 lstat("/usr/lib/jvm/jdk1.7.0_25", {st_mode=S_IFDIR|0755, st_size=4096, ...}) = 0
16942 lstat("/usr/lib/jvm/jdk1.7.0_25/jre", {st_mode=S_IFDIR|0755, st_size=4096, ...}) = 0
16942 lstat("/usr/lib/jvm/jdk1.7.0_25/jre/lib", {st_mode=S_IFDIR|0755, st_size=4096, ...}) = 0
16942 lstat("/usr/lib/jvm/jdk1.7.0_25/jre/lib/resources.jar", {st_mode=S_IFREG|0755, st_size=2479402, ...}) = 0
16942 stat("/usr/lib/jvm/jdk1.7.0_25/jre/lib/resources.jar", {st_mode=S_IFREG|0755, st_size=2479402, ...}) = 0
16942 stat("/usr/lib/jvm/jdk1.7.0_25/jre/lib/resources.jar", {st_mode=S_IFREG|0755, st_size=2479402, ...}) = 0
16942 futex(0x7f0e700f7854, FUTEX_WAKE_OP_PRIVATE, 1, 1, 0x7f0e700f7850, {FUTEX_OP_SET, 0, FUTEX_OP_CMP_GT, 1}) = 1
16956 <... futex resumed> )             = 0
16942 stat("/usr/lib/jvm/jdk1.7.0_25/jre/lib/resources.jar",  <unfinished ...>
16956 futex(0x7f0e700f7828, FUTEX_WAKE_PRIVATE, 1 <unfinished ...>
16942 <... stat resumed> {st_mode=S_IFREG|0755, st_size=2479402, ...}) = 0
16956 <... futex resumed> )             = 0
16942 stat("/usr/lib/jvm/jdk1.7.0_25/jre/lib/rt.jar", {st_mode=S_IFREG|0644, st_size=62611458, ...}) = 0
16942 stat("/usr/lib/jvm/jdk1.7.0_25/jre/lib/sunrsasign.jar", 0x7f0e77b49140) = -1 ENOENT (No such file or directory)
16942 stat("/usr/lib/jvm/jdk1.7.0_25/jre/lib/jsse.jar", {st_mode=S_IFREG|0644, st_size=580526, ...}) = 0
16942 stat("/usr/lib/jvm/jdk1.7.0_25/jre/lib/jce.jar", {st_mode=S_IFREG|0755, st_size=109196, ...}) = 0
16942 stat("/usr/lib/jvm/jdk1.7.0_25/jre/lib/charsets.jar", {st_mode=S_IFREG|0644, st_size=3649132, ...}) = 0
16955 mprotect(0x7f0e1c05e000, 32768, PROT_READ|PROT_WRITE) = 0
16942 stat("/usr/lib/jvm/jdk1.7.0_25/jre/lib/jfr.jar", {st_mode=S_IFREG|0755, st_size=462133, ...}) = 0
16955 mprotect(0x7f0e1c066000, 32768, PROT_READ|PROT_WRITE <unfinished ...>
16942 lstat("/usr",  <unfinished ...>
16955 <... mprotect resumed> )          = 0
16942 <... lstat resumed> {st_mode=S_IFDIR|0775, st_size=4096, ...}) = 0
16942 lstat("/usr/lib", {st_mode=S_IFDIR|0755, st_size=16384, ...}) = 0
16942 lstat("/usr/lib/jvm", {st_mode=S_IFDIR|0755, st_size=4096, ...}) = 0
16942 lstat("/usr/lib/jvm/jdk1.7.0_25", {st_mode=S_IFDIR|0755, st_size=4096, ...}) = 0
16942 lstat("/usr/lib/jvm/jdk1.7.0_25/jre",  <unfinished ...>
16956 mprotect(0x7f0e2003d000, 32768, PROT_READ|PROT_WRITE <unfinished ...>
16955 futex(0x7f0e77a10ba0, FUTEX_WAIT_PRIVATE, 2, NULL <unfinished ...>
16942 <... lstat resumed> {st_mode=S_IFDIR|0755, st_size=4096, ...}) = 0
16956 <... mprotect resumed> )          = 0
16942 lstat("/usr/lib/jvm/jdk1.7.0_25/jre/classes",  <unfinished ...>
16956 futex(0x7f0e77a10ba0, FUTEX_WAKE_PRIVATE, 1 <unfinished ...>
16942 <... lstat resumed> 0x7f0e77b47090) = -1 ENOENT (No such file or directory)
16956 <... futex resumed> )             = 1
16955 <... futex resumed> )             = 0
16942 lstat("/usr",  <unfinished ...>
16955 mprotect(0x7f0e1c06e000, 32768, PROT_READ|PROT_WRITE <unfinished ...>
16956 mprotect(0x7f0e20045000, 45056, PROT_READ|PROT_WRITE <unfinished ...>
16942 <... lstat resumed> {st_mode=S_IFDIR|0775, st_size=4096, ...}) = 0
16956 <... mprotect resumed> )          = 0
16955 <... mprotect resumed> )          = 0
16942 lstat("/usr/lib",  <unfinished ...>
16955 futex(0x7f0e77a10ba0, FUTEX_WAKE_PRIVATE, 1 <unfinished ...>
16956 mprotect(0x7f0e20050000, 32768, PROT_READ|PROT_WRITE <unfinished ...>
16942 <... lstat resumed> {st_mode=S_IFDIR|0755, st_size=16384, ...}) = 0
16956 <... mprotect resumed> )          = 0
16955 <... futex resumed> )             = 0
16942 lstat("/usr/lib/jvm", {st_mode=S_IFDIR|0755, st_size=4096, ...}) = 0
16942 lstat("/usr/lib/jvm/jdk1.7.0_25", {st_mode=S_IFDIR|0755, st_size=4096, ...}) = 0
16942 lstat("/usr/lib/jvm/jdk1.7.0_25/jre", {st_mode=S_IFDIR|0755, st_size=4096, ...}) = 0
16942 stat("/usr/lib/jvm/jdk1.7.0_25/jre/classes", 0x7f0e77b49060) = -1 ENOENT (No such file or directory)
16942 stat("/usr/lib/jvm/jdk1.7.0_25/jre/classes", 0x7f0e77b49140) = -1 ENOENT (No such file or directory)
16956 mprotect(0x7f0e20058000, 49152, PROT_READ|PROT_WRITE <unfinished ...>
16942 stat("/usr/lib/jvm/jdk1.7.0_25/jre/lib/resources.jar",  <unfinished ...>
16956 <... mprotect resumed> )          = 0
16942 <... stat resumed> {st_mode=S_IFREG|0755, st_size=2479402, ...}) = 0
16942 stat("/usr/lib/jvm/jdk1.7.0_25/jre/lib/rt.jar", {st_mode=S_IFREG|0644, st_size=62611458, ...}) = 0
16942 stat("/usr/lib/jvm/jdk1.7.0_25/jre/lib/sunrsasign.jar", 0x7f0e77b49020) = -1 ENOENT (No such file or directory)
16942 lseek(4, 59340175, SEEK_SET)      = 59340175
16942 read(4, "PK\3\4\n\0\0\0\0\0004\246\305B\213Q\332\v\377\2\0\0\377\2\0\0#\0\0\0", 30) = 30
16942 lseek(4, 59340240, SEEK_SET <unfinished ...>
16955 futex(0x7f0e700f4e54, FUTEX_WAIT_PRIVATE, 7, NULL <unfinished ...>
16942 <... lseek resumed> )             = 59340240
16942 read(4, "\312\376\272\276\0\0\0003\0*\10\0\4\10\0\5\10\0\n\1\0\0\1\0\2 (\1\0\24()"..., 767) = 767
16956 mprotect(0x7f0e20064000, 16384, PROT_READ|PROT_WRITE <unfinished ...>
16942 stat("/usr/lib/jvm/jdk1.7.0_25/jre/lib/jsse.jar",  <unfinished ...>
16956 <... mprotect resumed> )          = 0
16942 <... stat resumed> {st_mode=S_IFREG|0644, st_size=580526, ...}) = 0
16942 stat("/usr/lib/jvm/jdk1.7.0_25/jre/lib/jce.jar", {st_mode=S_IFREG|0755, st_size=109196, ...}) = 0
16942 stat("/usr/lib/jvm/jdk1.7.0_25/jre/lib/charsets.jar", {st_mode=S_IFREG|0644, st_size=3649132, ...}) = 0
16942 stat("/usr/lib/jvm/jdk1.7.0_25/jre/lib/jfr.jar", {st_mode=S_IFREG|0755, st_size=462133, ...}) = 0
16942 stat("/usr/lib/jvm/jdk1.7.0_25/jre/classes", 0x7f0e77b49020) = -1 ENOENT (No such file or directory)
16942 lseek(4, 56120042, SEEK_SET)      = 56120042
16942 read(4, "PK\3\4\n\0\0\0\0\0005\246\305B]#\335F\273\3\0\0\273\3\0\0\37\0\0\0", 30) = 30
16942 lseek(4, 56120103, SEEK_SET)      = 56120103
16942 read(4, "\312\376\272\276\0\0\0003\0/\1\0\3()V\1\0\6<init>\1\0\4Code"..., 955) = 955
16942 stat("/home/cxh/src/OmcFmuExitBug/com/sun/jna/linux-amd64/libjnidispatch.so", 0x7f0e77b49b10) = -1 ENOENT (No such file or directory)
16956 mprotect(0x7f0e20068000, 4096, PROT_READ|PROT_WRITE) = 0
16942 stat("/home/cxh/src/OmcFmuExitBug/com/sun/jna/linux-amd64/libjnidispatch.so", 0x7f0e77b49a70) = -1 ENOENT (No such file or directory)
16942 lseek(4, 56799239, SEEK_SET)      = 56799239
16942 read(4, "PK\3\4\n\0\0\0\0\0005\246\305B)\30N\304\207\24\0\0\207\24\0\0/\0\0\0", 30) = 30
16942 lseek(4, 56799316, SEEK_SET)      = 56799316
16942 read(4,  <unfinished ...>
16956 mprotect(0x7f0e20069000, 4096, PROT_READ|PROT_WRITE <unfinished ...>
16942 <... read resumed> "\312\376\272\276\0\0\0003\0\354\10\0\6\10\0\27\10\0$\10\0Q\10\0]\1\0\16 not"..., 5255) = 5255
16956 <... mprotect resumed> )          = 0
16942 lseek(4, 56796890, SEEK_SET)      = 56796890
16942 read(4, "PK\3\4\n\0\0\0\0\0005\246\305B\210{\311\306\360\10\0\0\360\10\0\0\37\0\0\0", 30) = 30
16942 lseek(4, 56796951, SEEK_SET)      = 56796951
16942 read(4, "\312\376\272\276\0\0\0003\0v\10\0\3\10\0.\1\0\2!/\1\0\3()I\1\0\24()"..., 2288) = 2288
16942 lseek(4, 56793509, SEEK_SET)      = 56793509
16942 read(4, "PK\3\4\n\0\0\0\0\0005\246\305B\234K\17S\352\f\0\0\352\f\0\0-\0\0\0", 30) = 30
16942 lseek(4, 56793584, SEEK_SET)      = 56793584
16942 read(4, "\312\376\272\276\0\0\0003\0\227\10\0\25\10\0003\1\0\3()I\1\0\24()Ljava"..., 3306) = 3306
16942 lseek(4, 56793115, SEEK_SET)      = 56793115
16942 read(4, "PK\3\4\n\0\0\0\0\0005\246\305B\221B\207\333)\1\0\0)\1\0\0C\0\0\0", 30) = 30
16942 lseek(4, 56793212, SEEK_SET)      = 56793212
16942 read(4, "\312\376\272\276\0\0\0003\0\r\1\0\fInnerClasses\1\0\nSour"..., 297) = 297
16956 futex(0x7f0e77a10ba0, FUTEX_WAKE_PRIVATE, 1) = 0
16942 lseek(4, 56780953, SEEK_SET)      = 56780953
16942 read(4, "PK\3\4\n\0\0\0\0\0005\246\305BB3\361\22\20\26\0\0\20\26\0\0)\0\0\0", 30) = 30
16942 lseek(4, 56781024, SEEK_SET)      = 56781024
16942 read(4, "\312\376\272\276\0\0\0003\1\1\10\0\6\10\0\7\10\0'\10\0M\10\0^\1\0\0\1\0  "..., 5648) = 5648
16942 stat("/home/cxh/src/OmcFmuExitBug/jna.jar", {st_mode=S_IFREG|0644, st_size=692070, ...}) = 0
16942 lseek(4, 56779361, SEEK_SET)      = 56779361
16942 read(4, "PK\3\4\n\0\0\0\0\0005\246\305B)p\350\252\341\5\0\0\341\5\0\0009\0\0\0", 30) = 30
16942 lseek(4, 56779448, SEEK_SET)      = 56779448
16942 read(4, "\312\376\272\276\0\0\0003\0F\1\0\24()Ljava/lang/String"..., 1505) = 1505
16942 lseek(4, 56778316, SEEK_SET)      = 56778316
16942 read(4, "PK\3\4\n\0\0\0\0\0005\246\305BE\237\355\177\266\3\0\0\266\3\0\0A\0\0\0", 30) = 30
16942 lseek(4, 56778411, SEEK_SET)      = 56778411
16942 read(4, "\312\376\272\276\0\0\0003\0+\1\0\3()V\1\0\3()Z\1\0\6<init>\1"..., 950) = 950
16942 stat("/tmp/jna-cxh", {st_mode=S_IFDIR|0755, st_size=4096, ...}) = 0
16942 stat("/tmp/jna-cxh", {st_mode=S_IFDIR|0755, st_size=4096, ...}) = 0
16942 access("/tmp/jna-cxh", W_OK)      = 0
16942 stat("/tmp/jna-cxh", {st_mode=S_IFDIR|0755, st_size=4096, ...}) = 0
16942 access("/tmp/jna-cxh", W_OK)      = 0
16942 lseek(4, 27617237, SEEK_SET)      = 27617237
16942 read(4, "PK\3\4\n\0\0\0\0\0004\246\305B\274I\330\342\336\5\0\0\336\5\0\0 \0\0\0", 30) = 30
16956 mprotect(0x7f0e2006a000, 24576, PROT_READ|PROT_WRITE <unfinished ...>
16942 lseek(4, 27617299, SEEK_SET <unfinished ...>
16956 <... mprotect resumed> )          = 0
16942 <... lseek resumed> )             = 27617299
16942 read(4, "\312\376\272\276\0\0\0003\0[\10\0\24\1\0\3()J\1\0\24()Ljava/la"..., 1502) = 1502
16942 lseek(4, 29168131, SEEK_SET)      = 29168131
16942 read(4, "PK\3\4\n\0\0\0\0\0005\246\305B\3505\31\267m\22\0\0m\22\0\0 \0\0\0", 30) = 30
16942 lseek(4, 29168193, SEEK_SET)      = 29168193
16942 read(4, "\312\376\272\276\0\0\0003\0\312\10\0\32\10\0\33\10\0U\1\0\24()Ljava/la"..., 4717) = 4717
16942 lseek(4, 52921824, SEEK_SET)      = 52921824
16942 read(4, "PK\3\4\n\0\0\0\0\0006\246\305B\263\224+x9\16\0\0009\16\0\0 \0\0\0", 30) = 30
16942 lseek(4, 52921886, SEEK_SET)      = 52921886
16942 read(4, "\312\376\272\276\0\0\0003\0\237\10\0\23\10\0\30\10\0\34\10\0\35\10\0B\10\0C\10\0D\10"..., 3641) = 3641
16942 lseek(4, 55704591, SEEK_SET)      = 55704591
16942 read(4, "PK\3\4\n\0\0\0\0\0005\246\305B\10\377>\200\233\3\0\0\233\3\0\0&\0\0\0", 30) = 30
16942 lseek(4, 55704659, SEEK_SET)      = 55704659
16942 read(4, "\312\376\272\276\0\0\0003\0$\1\0\3()V\1\0\10(TT;)TT;\1\0\6<i"..., 923) = 923
16956 mprotect(0x7f0e20070000, 16384, PROT_READ|PROT_WRITE <unfinished ...>
16942 lseek(4, 52914000, SEEK_SET <unfinished ...>
16956 <... mprotect resumed> )          = 0
16942 <... lseek resumed> )             = 52914000
16942 read(4, "PK\3\4\n\0\0\0\0\0006\246\305B\307\177\330\211O\36\0\0O\36\0\0#\0\0\0", 30) = 30
16942 lseek(4, 52914065, SEEK_SET)      = 52914065
16942 read(4, "\312\376\272\276\0\0\0003\0012\10\0\n\10\0\31\10\0!\10\0$\10\0E\10\0G\10\0X\10"..., 7759) = 7759
16942 lseek(4, 52909835, SEEK_SET)      = 52909835
16942 read(4, "PK\3\4\n\0\0\0\0\0006\246\305B\6\303\371\302\2\20\0\0\2\20\0\0%\0\0\0", 30) = 30
16942 lseek(4, 52909902, SEEK_SET)      = 52909902
16942 read(4, "\312\376\272\276\0\0\0003\0\275\10\0\v\10\0\f\10\0\r\10\0\16\10\0\17\10\0\33\10\0'\10"..., 4098) = 4098
16942 lseek(4, 56524811, SEEK_SET)      = 56524811
16942 read(4, "PK\3\4\n\0\0\0\0\0004\246\305B\276T\243\32C8\0\0C8\0\0\34\0\0\0", 30) = 30
16942 lseek(4, 56524869, SEEK_SET)      = 56524869
16942 read(4, "\312\376\272\276\0\0\0003\2J\10\0B\10\0C\10\0D\10\0E\10\0F\10\0G\10\0W\10"..., 14403) = 14403
16942 lseek(4, 52908937, SEEK_SET)      = 52908937
16942 read(4, "PK\3\4\n\0\0\0\0\0006\246\305B\231\3128\301?\3\0\0?\3\0\0%\0\0\0", 30) = 30
16942 lseek(4, 52909004, SEEK_SET)      = 52909004
16942 read(4, "\312\376\272\276\0\0\0003\0&\1\0\3()I\1\0\3()V\1\0\6<init>\1"..., 831) = 831
16942 lseek(4, 52908332, SEEK_SET)      = 52908332
16942 read(4, "PK\3\4\n\0\0\0\0\0006\246\305B\215\220\205p\32\2\0\0\32\2\0\0%\0\0\0", 30) = 30
16942 lseek(4, 52908399, SEEK_SET)      = 52908399
16942 read(4, "\312\376\272\276\0\0\0003\0\26\1\0\6<init>\1\0\4Code\1\0\17Enc"..., 538) = 538
16942 lseek(4, 56523444, SEEK_SET)      = 56523444
16942 read(4, "PK\3\4\n\0\0\0\0\0004\246\305B%C1N\22\5\0\0\22\5\0\0'\0\0\0", 30) = 30
16942 lseek(4, 56523513, SEEK_SET)      = 56523513
16942 read(4, "\312\376\272\276\0\0\0003\0<\1\0\3()I\1\0\24()Ljava/lang/"..., 1298) = 1298
16942 lseek(4, 56522486, SEEK_SET)      = 56522486
16942 read(4, "PK\3\4\n\0\0\0\0\0004\246\305B\177\305q\260r\3\0\0r\3\0\0.\0\0\0", 30) = 30
16942 lseek(4, 56522562, SEEK_SET)      = 56522562
16942 read(4, "\312\376\272\276\0\0\0003\0-\1\0\3()V\1\0%(Ljava/lang/S"..., 882) = 882
16956 futex(0x7f0e700f7854, FUTEX_WAIT_PRIVATE, 15, NULL <unfinished ...>
16942 lseek(4, 56485402, SEEK_SET)      = 56485402
16942 read(4, "PK\3\4\n\0\0\0\0\0005\246\305B\271}\266\201\234U\0\0\234U\0\0\36\0\0\0", 30) = 30
16942 lseek(4, 56485462, SEEK_SET)      = 56485462
16942 read(4, "\312\376\272\276\0\0\0003\2\236\3\200\0\0\0\3\0\177\377\377\3\0\200\0\0\3\f\314\314\314\3\177"..., 21916) = 21916
16942 lseek(4, 56484950, SEEK_SET)      = 56484950
16942 read(4, "PK\3\4\n\0\0\0\0\0005\246\305B\251\264\334\\\206\1\0\0\206\1\0\0 \0\0\0", 30) = 30
16942 lseek(4, 56485012, SEEK_SET)      = 56485012
16942 read(4, "\312\376\272\276\0\0\0003\0\23\1\0\3()V\1\0\6<init>\1\0\4Code"..., 390) = 390
16942 lseek(4, 52907521, SEEK_SET)      = 52907521
16942 read(4, "PK\3\4\n\0\0\0\0\0006\246\305Bk\245\10\253\350\2\0\0\350\2\0\0%\0\0\0", 30) = 30
16942 lseek(4, 52907588, SEEK_SET)      = 52907588
16942 read(4, "\312\376\272\276\0\0\0003\0!\1\0\3()V\1\0\6<init>\1\0\4Code"..., 744) = 744
16942 lseek(4, 56508033, SEEK_SET)      = 56508033
16942 read(4, "PK\3\4\n\0\0\0\0\0006\246\305B\337]XD;8\0\0;8\0\0\34\0\0\0", 30) = 30
16942 lseek(4, 56508091, SEEK_SET)      = 56508091
16942 read(4, "\312\376\272\276\0\0\0003\0027\10\0-\10\0.\10\0?\10\0B\10\0C\10\0D\10\0I\10"..., 14395) = 14395
16942 lseek(4, 56507378, SEEK_SET)      = 56507378
16942 read(4, "PK\3\4\n\0\0\0\0\0006\246\305Bl{\16,S\2\0\0S\2\0\0\36\0\0\0", 30) = 30
16942 lseek(4, 56507438, SEEK_SET)      = 56507438
16942 read(4, "\312\376\272\276\0\0\0003\0\35\1\0\3()V\1\0\6<init>\1\0\4Code"..., 595) = 595
16942 stat("/usr/lib/jvm/jdk1.7.0_25/jre/lib/security/java.security", {st_mode=S_IFREG|0644, st_size=17511, ...}) = 0
16942 open("/usr/lib/jvm/jdk1.7.0_25/jre/lib/security/java.security", O_RDONLY) = 18
16942 fstat(18, {st_mode=S_IFREG|0644, st_size=17511, ...}) = 0
16942 fcntl(18, F_GETFD)                = 0
16942 fcntl(18, F_SETFD, FD_CLOEXEC)    = 0
16942 lseek(4, 59439991, SEEK_SET)      = 59439991
16942 read(4, "PK\3\4\n\0\0\0\0\0004\246\305BM\236\343\305\256\7\0\0\256\7\0\0%\0\0\0", 30) = 30
16942 lseek(4, 59440058, SEEK_SET)      = 59440058
16942 read(4, "\312\376\272\276\0\0\0003\0I\3\177\377\377\377\1\0\3()I\1\0\3()V\1\0\5(["..., 1966) = 1966
16942 read(18, "#\n# This is the \"master security"..., 8192) = 8192
16942 read(18, "ust manager factory algorithms f"..., 8192) = 8192
16942 futex(0x7f0e700f4e54, FUTEX_WAKE_OP_PRIVATE, 1, 1, 0x7f0e700f4e50, {FUTEX_OP_SET, 0, FUTEX_OP_CMP_GT, 1}) = 1
16955 <... futex resumed> )             = 0
16955 futex(0x7f0e700f4e28, FUTEX_WAKE_PRIVATE, 1) = 0
16955 futex(0x7f0e700f7854, FUTEX_WAKE_OP_PRIVATE, 1, 1, 0x7f0e700f7850, {FUTEX_OP_SET, 0, FUTEX_OP_CMP_GT, 1}) = 1
16956 <... futex resumed> )             = 0
16956 futex(0x7f0e700f7828, FUTEX_WAKE_PRIVATE, 1) = 0
16955 mprotect(0x7f0e1c076000, 32768, PROT_READ|PROT_WRITE <unfinished ...>
16956 futex(0x7f0e700f7854, FUTEX_WAIT_PRIVATE, 17, NULL <unfinished ...>
16955 <... mprotect resumed> )          = 0
16942 read(18, "Algorithms=MD2\n\n# Algorithm rest"..., 8192) = 1127
16942 fstat(18, {st_mode=S_IFREG|0644, st_size=17511, ...}) = 0
16942 lseek(18, 0, SEEK_CUR)            = 17511
16942 lseek(18, 0, SEEK_END)            = 17511
16942 lseek(18, 17511, SEEK_SET)        = 17511
16942 read(18, "", 8192)                = 0
16942 close(18)                         = 0
16942 futex(0x7f0e700f7854, FUTEX_WAKE_OP_PRIVATE, 1, 1, 0x7f0e700f7850, {FUTEX_OP_SET, 0, FUTEX_OP_CMP_GT, 1} <unfinished ...>
16956 <... futex resumed> )             = 0
16942 <... futex resumed> )             = 1
16956 futex(0x7f0e700f7828, FUTEX_WAIT_PRIVATE, 2, NULL <unfinished ...>
16942 futex(0x7f0e700f7828, FUTEX_WAKE_PRIVATE, 1 <unfinished ...>
16956 <... futex resumed> )             = -1 EAGAIN (Resource temporarily unavailable)
16942 <... futex resumed> )             = 0
16956 futex(0x7f0e700f7828, FUTEX_WAKE_PRIVATE, 1) = 0
16942 lseek(4, 59692766, SEEK_SET)      = 59692766
16942 read(4, "PK\3\4\n\0\0\0\0\0004\246\305B \254\251c=\6\0\0=\6\0\0 \0\0\0", 30) = 30
16942 lseek(4, 59692828, SEEK_SET)      = 59692828
16942 read(4, "\312\376\272\276\0\0\0003\0K\1\0\3()I\1\0\5()TE;\1\0\3()V\1\0"..., 1597) = 1597
16942 lseek(4, 47560750, SEEK_SET)      = 47560750
16942 read(4, "PK\3\4\n\0\0\0\0\0006\246\305BW^\t}\376\t\0\0\376\t\0\0'\0\0\0", 30) = 30
16942 lseek(4, 47560819, SEEK_SET)      = 47560819
16942 read(4, "\312\376\272\276\0\0\0003\0\202\10\0\5\10\0\16\10\0\21\10\0\22\1\0\22 is not"..., 2558) = 2558
16955 mprotect(0x7f0e1c07e000, 77824, PROT_READ|PROT_WRITE <unfinished ...>
16942 lstat("/usr",  <unfinished ...>
16955 <... mprotect resumed> )          = 0
16942 <... lstat resumed> {st_mode=S_IFDIR|0775, st_size=4096, ...}) = 0
16942 lstat("/usr/lib", {st_mode=S_IFDIR|0755, st_size=16384, ...}) = 0
16942 lstat("/usr/lib/jvm",  <unfinished ...>
16955 futex(0x7f0e77a10ba0, FUTEX_WAKE_PRIVATE, 1 <unfinished ...>
16942 <... lstat resumed> {st_mode=S_IFDIR|0755, st_size=4096, ...}) = 0
16955 <... futex resumed> )             = 0
16942 lstat("/usr/lib/jvm/jdk1.7.0_25", {st_mode=S_IFDIR|0755, st_size=4096, ...}) = 0
16942 lstat("/usr/lib/jvm/jdk1.7.0_25/jre", {st_mode=S_IFDIR|0755, st_size=4096, ...}) = 0
16942 lstat("/usr/lib/jvm/jdk1.7.0_25/jre/lib", {st_mode=S_IFDIR|0755, st_size=4096, ...}) = 0
16942 lstat("/usr/lib/jvm/jdk1.7.0_25/jre/lib/jsse.jar", {st_mode=S_IFREG|0644, st_size=580526, ...}) = 0
16942 open("/usr/lib/jvm/jdk1.7.0_25/jre/lib/jsse.jar", O_RDONLY) = 18
16942 fstat(18, {st_mode=S_IFREG|0644, st_size=580526, ...}) = 0
16942 fcntl(18, F_GETFD)                = 0
16942 fcntl(18, F_SETFD, FD_CLOEXEC)    = 0
16942 read(18, "PK\3\4", 4)             = 4
16942 lseek(18, 0, SEEK_END)            = 580526
16942 lseek(18, 580398, SEEK_SET)       = 580398
16942 read(18, "ager.classPK\1\2\n\0\n\0\0\0\0\0h\246\305B\263\3\3705E\2"..., 128) = 128
16956 mprotect(0x7f0e20074000, 16384, PROT_READ|PROT_WRITE <unfinished ...>
16955 futex(0x7f0e77a10ba0, FUTEX_WAIT_PRIVATE, 2, NULL <unfinished ...>
16942 lseek(18, 580519, SEEK_SET <unfinished ...>
16956 <... mprotect resumed> )          = 0
16942 <... lseek resumed> )             = 580519
16956 futex(0x7f0e77a10ba0, FUTEX_WAKE_PRIVATE, 1 <unfinished ...>
16942 read(18,  <unfinished ...>
16956 <... futex resumed> )             = 1
16955 <... futex resumed> )             = 0
16942 <... read resumed> "PACK200", 7)  = 7
16955 futex(0x7f0e77a10ba0, FUTEX_WAKE_PRIVATE, 1 <unfinished ...>
16956 mprotect(0x7f0e20078000, 32768, PROT_READ|PROT_WRITE <unfinished ...>
16942 mmap(NULL, 15271, PROT_READ, MAP_SHARED, 18, 0x8a000 <unfinished ...>
16956 <... mprotect resumed> )          = 0
16955 <... futex resumed> )             = 0
16942 <... mmap resumed> )              = 0x7f0e7447d000
16942 futex(0x7f0e77a10ba0, FUTEX_WAKE_PRIVATE, 1) = 0
16942 lseek(18, 409, SEEK_SET)          = 409
16942 read(18, "PK\3\4\n\0\0\0\0\0h\246\305B\211\0\0\230v\4\0\0v\4\0\0\37\0\0\0", 30) = 30
16942 lseek(18, 470, SEEK_SET)          = 470
16942 read(18, "\312\376\272\276\0\0\0003\0007\10\0\7\10\0\10\1\0\3()V\1\0\6<init>\1"..., 1142) = 1142
16942 lseek(4, 57515885, SEEK_SET <unfinished ...>
16956 mprotect(0x7f0e20080000, 32768, PROT_READ|PROT_WRITE <unfinished ...>
16942 <... lseek resumed> )             = 57515885
16956 <... mprotect resumed> )          = 0
16942 read(4, "PK\3\4\n\0\0\0\0\0005\246\305Bi\3213\23L\20\0\0L\20\0\0\32\0\0\0", 30) = 30
16942 lseek(4, 57515941, SEEK_SET)      = 57515941
16942 read(4, "\312\376\272\276\0\0\0003\0\266\4\200\0\0\0\1\0\23$assertionsDis"..., 4172) = 4172
16955 mprotect(0x7f0e1c091000, 4096, PROT_READ|PROT_WRITE) = 0
16942 lseek(4, 43202010, SEEK_SET)      = 43202010
16942 read(4, "PK\3\4\n\0\0\0\0\0006\246\305B\34\327\242\t\332\22\0\0\332\22\0\0\26\0\0\0", 30) = 30
16942 lseek(4, 43202062, SEEK_SET)      = 43202062
16942 read(4, "\312\376\272\276\0\0\0003\0\252\3\200\0\0\0\3\200\0\0\1\3\360\0\0\0\3\0\177\377\377\3\0"..., 4826) = 4826
16956 futex(0x7f0e700f7854, FUTEX_WAIT_PRIVATE, 19, NULL <unfinished ...>
16942 lseek(4, 48530677, SEEK_SET)      = 48530677
16942 read(4, "PK\3\4\n\0\0\0\0\0007\246\305BX\207\232N\305\27\0\0\305\27\0\0&\0\0\0", 30) = 30
16942 lseek(4, 48530745, SEEK_SET)      = 48530745
16942 read(4, "\312\376\272\276\0\0\0003\1\20\10\0m\10\0p\10\0q\10\0r\10\0s\10\0t\10\0u\10"..., 6085) = 6085
16942 lseek(4, 48529646, SEEK_SET)      = 48529646
16942 read(4, "PK\3\4\n\0\0\0\0\0007\246\305B7.k\371\301\3\0\0\301\3\0\0(\0\0\0", 30) = 30
16942 lseek(4, 48529716, SEEK_SET)      = 48529716
16942 read(4, "\312\376\272\276\0\0\0003\0002\10\0\4\10\0\22\10\0\32\1\0\0\1\0\3()I\1\0\24("..., 961) = 961
16942 lseek(4, 56483339, SEEK_SET)      = 56483339
16942 read(4, "PK\3\4\n\0\0\0\0\0007\246\305B\303\302\256\32\7\6\0\0\7\6\0\0&\0\0\0", 30) = 30
16942 lseek(4, 56483407, SEEK_SET)      = 56483407
16942 read(4, "\312\376\272\276\0\0\0003\0I\10\0\24\1\0\3()V\1\0\3()Z\1\0\5(I)["..., 1543) = 1543
16942 lseek(4, 56482869, SEEK_SET)      = 56482869
16942 read(4, "PK\3\4\n\0\0\0\0\0005\246\305B\217j=)\225\1\0\0\225\1\0\0#\0\0\0", 30) = 30
16942 lseek(4, 56482934, SEEK_SET)      = 56482934
16942 read(4, "\312\376\272\276\0\0\0003\0\31\1\0\3()V\1\0\5(I)[B\1\0\5([B)V"..., 405) = 405
16942 lseek(4, 56481731, SEEK_SET)      = 56481731
16942 read(4, "PK\3\4\n\0\0\0\0\0007\246\305B\361!\33\f,\4\0\0,\4\0\0(\0\0\0", 30) = 30
16942 lseek(4, 56481801, SEEK_SET)      = 56481801
16942 read(4, "\312\376\272\276\0\0\0003\0002\10\0\6\10\0\7\1\0\3()V\1\0\3()Z\1\0\25("..., 1068) = 1068
16955 mprotect(0x7f0e1c092000, 4096, PROT_READ|PROT_WRITE) = 0
16942 stat("/dev/random", {st_mode=S_IFCHR|0666, st_rdev=makedev(1, 8), ...}) = 0
16942 stat("/dev/urandom", {st_mode=S_IFCHR|0666, st_rdev=makedev(1, 9), ...}) = 0
16942 lseek(4, 56477792, SEEK_SET)      = 56477792
16942 read(4, "PK\3\4\n\0\0\0\0\0007\246\305Br\303?\252\26\17\0\0\26\17\0\0/\0\0\0", 30) = 30
16942 lseek(4, 56477869, SEEK_SET)      = 56477869
16942 read(4, "\312\376\272\276\0\0\0003\0\250\10\0\r\10\0\22\10\0*\10\0/\10\0<\10\0B\1\0\3("..., 3862) = 3862
16942 open("/dev/random", O_RDONLY)     = 19
16942 fstat(19, {st_mode=S_IFCHR|0666, st_rdev=makedev(1, 8), ...}) = 0
16942 fcntl(19, F_GETFD)                = 0
16942 fcntl(19, F_SETFD, FD_CLOEXEC)    = 0
16955 mprotect(0x7f0e1c093000, 69632, PROT_READ|PROT_WRITE <unfinished ...>
16942 open("/dev/urandom", O_RDONLY <unfinished ...>
16955 <... mprotect resumed> )          = 0
16942 <... open resumed> )              = 20
16942 fstat(20, {st_mode=S_IFCHR|0666, st_rdev=makedev(1, 9), ...}) = 0
16942 fcntl(20, F_GETFD)                = 0
16942 fcntl(20, F_SETFD, FD_CLOEXEC)    = 0
16958 <... futex resumed> )             = -1 ETIMEDOUT (Connection timed out)
16958 futex(0x7f0e70104628, FUTEX_WAKE_PRIVATE, 1) = 0
16958 futex(0x7f0e70104654, FUTEX_WAIT_BITSET_PRIVATE|FUTEX_CLOCK_REALTIME, 1, {1375312857, 941491000}, ffffffff <unfinished ...>
16942 lseek(4, 58661727, SEEK_SET)      = 58661727
16955 mprotect(0x7f0e1c0a4000, 32768, PROT_READ|PROT_WRITE <unfinished ...>
16942 read(4,  <unfinished ...>
16955 <... mprotect resumed> )          = 0
16942 <... read resumed> "PK\3\4\n\0\0\0\0\0005\246\305Bj\346\362\322\36\4\0\0\36\4\0\0+\0\0\0", 30) = 30
16942 lseek(4, 58661800, SEEK_SET)      = 58661800
16942 read(4, "\312\376\272\276\0\0\0003\0.\1\0\6<init>\1\0\4Code\1\0\5Ent"..., 1054) = 1054
16942 lseek(4, 59680778, SEEK_SET)      = 59680778
16942 read(4, "PK\3\4\n\0\0\0\0\0005\246\305B\310\224\16\353\366\6\0\0\366\6\0\0000\0\0\0", 30) = 30
16942 lseek(4, 59680856, SEEK_SET)      = 59680856
16942 read(4, "\312\376\272\276\0\0\0003\0N\1\0\3()V\1\0\3()Z\1\0\6<init>\1"..., 1782) = 1782
16942 lseek(4, 52895399, SEEK_SET)      = 52895399
16942 read(4, "PK\3\4\n\0\0\0\0\0004\246\305Bc%\204\375\24&\0\0\24&\0\0$\0\0\0", 30) = 30
16942 lseek(4, 52895465, SEEK_SET <unfinished ...>
16955 mprotect(0x7f0e1c0ac000, 16384, PROT_READ|PROT_WRITE <unfinished ...>
16942 <... lseek resumed> )             = 52895465
16955 <... mprotect resumed> )          = 0
16942 read(4, "\312\376\272\276\0\0\0003\1\231\10\0\33\10\0\34\10\0\35\10\0\36\10\0\37\10\0 \10\0!\10"..., 9748) = 9748
16942 lseek(4, 52894460, SEEK_SET)      = 52894460
16942 read(4, "PK\3\4\n\0\0\0\0\0004\246\305B{\6\206\"i\3\0\0i\3\0\0$\0\0\0", 30) = 30
16942 lseek(4, 52894526, SEEK_SET)      = 52894526
16942 read(4, "\312\376\272\276\0\0\0003\0000\1\0\3()I\1\0\24()Ljava/lang/"..., 873) = 873
16955 mprotect(0x7f0e1c0b0000, 40960, PROT_READ|PROT_WRITE) = 0
16955 mprotect(0x7f0e1c0ba000, 49152, PROT_READ|PROT_WRITE) = 0
16955 madvise(0x7f0e1c0c4000, 8192, MADV_DONTNEED) = 0
16955 mprotect(0x7f0e1c0c6000, 4096, PROT_READ|PROT_WRITE) = 0
16955 madvise(0x7f0e1c0c4000, 12288, MADV_DONTNEED) = 0
16955 mprotect(0x7f0e1c0c7000, 4096, PROT_READ|PROT_WRITE) = 0
16942 futex(0x7f0e77a10ba0, FUTEX_WAKE_PRIVATE, 1) = 0
16942 lseek(4, 59684802, SEEK_SET)      = 59684802
16942 read(4, "PK\3\4\n\0\0\0\0\0005\246\305B\361\336\345\210\211\3\0\0\211\3\0\0\35\0\0\0", 30) = 30
16942 lseek(4, 59684861, SEEK_SET)      = 59684861
16942 read(4, "\312\376\272\276\0\0\0003\0000\4?@\0\0\1\0\3()I\1\0\3()V\1\0\4(I"..., 905) = 905
16942 lseek(4, 59122341, SEEK_SET)      = 59122341
16942 read(4, "PK\3\4\n\0\0\0\0\0004\246\305B\216\255\r\24\264\3\0\0\264\3\0\0\36\0\0\0", 30) = 30
16942 lseek(4, 59122401, SEEK_SET)      = 59122401
16942 read(4, "\312\376\272\276\0\0\0003\0000\1\0\3()I\1\0\3()V\1\0\25(Ljava/"..., 948) = 948
16942 lseek(4, 29799681, SEEK_SET)      = 29799681
16942 read(4, "PK\3\4\n\0\0\0\0\0005\246\305B\330T0\236\221\3\0\0\221\3\0\0+\0\0\0", 30) = 30
16942 lseek(4, 29799754, SEEK_SET)      = 29799754
16942 read(4, "\312\376\272\276\0\0\0003\0+\1\0\5()TV;\1\0\6<init>\1\0\4Co"..., 913) = 913
16942 lseek(4, 57735431, SEEK_SET)      = 57735431
16942 read(4, "PK\3\4\n\0\0\0\0\0005\246\305B\t\341(9\302\3\0\0\302\3\0\0+\0\0\0", 30) = 30
16942 lseek(4, 57735504, SEEK_SET)      = 57735504
16942 read(4, "\312\376\272\276\0\0\0003\0.\1\0\3()I\1\0\25(Ljava/lang/O"..., 962) = 962
16942 lseek(4, 53330926, SEEK_SET)      = 53330926
16955 madvise(0x7f0e1c0c4000, 16384, MADV_DONTNEED <unfinished ...>
16942 read(4,  <unfinished ...>
16955 <... madvise resumed> )           = 0
16942 <... read resumed> "PK\3\4\n\0\0\0\0\0005\246\305B9i\224fa\4\0\0a\4\0\0004\0\0\0", 30) = 30
16942 lseek(4, 53331008, SEEK_SET)      = 53331008
16942 read(4, "\312\376\272\276\0\0\0003\0009\1\0\5()TE;\1\0\3()V\1\0\3()Z\1\0"..., 1121) = 1121
16942 lseek(4, 59683598, SEEK_SET)      = 59683598
16942 read(4, "PK\3\4\n\0\0\0\0\0004\246\305B\6\355\2351x\4\0\0x\4\0\0\36\0\0\0", 30) = 30
16942 lseek(4, 59683658, SEEK_SET)      = 59683658
16942 read(4, "\312\376\272\276\0\0\0003\0009\1\0\3()I\1\0\3()V\1\0\25(Ljava/"..., 1144) = 1144
16942 lseek(4, 59682638, SEEK_SET)      = 59682638
16942 read(4, "PK\3\4\n\0\0\0\0\0005\246\305B\233\v\365>y\3\0\0y\3\0\0)\0\0\0", 30) = 30
16942 lseek(4, 59682709, SEEK_SET)      = 59682709
16942 read(4, "\312\376\272\276\0\0\0003\0*\1\0\5()TK;\1\0\6<init>\1\0\4Co"..., 889) = 889
16942 futex(0x7f0e70008854, FUTEX_WAIT_PRIVATE, 35, NULL <unfinished ...>
16955 futex(0x7f0e70008854, FUTEX_WAKE_OP_PRIVATE, 1, 1, 0x7f0e70008850, {FUTEX_OP_SET, 0, FUTEX_OP_CMP_GT, 1} <unfinished ...>
16942 <... futex resumed> )             = -1 EAGAIN (Resource temporarily unavailable)
16955 <... futex resumed> )             = 0
16942 futex(0x7f0e70008828, FUTEX_WAIT_PRIVATE, 2, NULL <unfinished ...>
16955 futex(0x7f0e70008828, FUTEX_WAKE_PRIVATE, 1 <unfinished ...>
16942 <... futex resumed> )             = -1 EAGAIN (Resource temporarily unavailable)
16955 <... futex resumed> )             = 0
16942 futex(0x7f0e70008828, FUTEX_WAKE_PRIVATE, 1 <unfinished ...>
16955 madvise(0x7f0e1c097000, 184320, MADV_DONTNEED <unfinished ...>
16942 <... futex resumed> )             = 0
16955 <... madvise resumed> )           = 0
16955 futex(0x7f0e700f4e54, FUTEX_WAIT_PRIVATE, 9, NULL <unfinished ...>
16942 lseek(4, 52925527, SEEK_SET)      = 52925527
16942 read(4, "PK\3\4\n\0\0\0\0\0004\246\305B\303\367\362TW\25\0\0W\25\0\0\"\0\0\0", 30) = 30
16942 lseek(4, 52925591, SEEK_SET)      = 52925591
16942 read(4, "\312\376\272\276\0\0\0003\0\257\10\0\n\10\0\v\10\0\f\10\0\r\10\0\23\10\0!\10\0:\10"..., 5463) = 5463
16942 lseek(4, 52888612, SEEK_SET)      = 52888612
16942 read(4, "PK\3\4\n\0\0\0\0\0004\246\305B]\350\212'\344\2\0\0\344\2\0\0+\0\0\0", 30) = 30
16942 lseek(4, 52888685, SEEK_SET)      = 52888685
16942 read(4, "\312\376\272\276\0\0\0003\0!\1\0\3()V\1\0\6<init>\1\0\4Code"..., 740) = 740
16942 lseek(4, 48509292, SEEK_SET)      = 48509292
16942 read(4, "PK\3\4\n\0\0\0\0\0006\246\305B+\315\36}\330\n\0\0\330\n\0\0(\0\0\0", 30) = 30
16942 lseek(4, 48509362, SEEK_SET)      = 48509362
16942 read(4, "\312\376\272\276\0\0\0003\0o\10\0\23\10\0 \1\0\3()V\1\0\4()[B\1\0\5"..., 2776) = 2776
16942 lseek(4, 52932881, SEEK_SET)      = 52932881
16942 read(4, "PK\3\4\n\0\0\0\0\0005\246\305Bg\224\343\313\370\22\0\0\370\22\0\0!\0\0\0", 30) = 30
16942 lseek(4, 52932944, SEEK_SET)      = 52932944
16942 read(4, "\312\376\272\276\0\0\0003\0\272\10\0\f\10\0\r\10\0\31\10\0\32\10\0\34\10\0%\10\0(\10"..., 4856) = 4856
16942 lseek(4, 52931054, SEEK_SET)      = 52931054
16942 read(4, "PK\3\4\n\0\0\0\0\0005\246\305B\234\311\367\360\341\6\0\0\341\6\0\0$\0\0\0", 30) = 30
16942 lseek(4, 52931120, SEEK_SET)      = 52931120
16942 read(4, "\312\376\272\276\0\0\0003\0e\10\0 \10\0+\1\0\3()I\1\0\3()V\1\0\3("..., 1761) = 1761
16942 lseek(4, 52892220, SEEK_SET)      = 52892220
16942 read(4, "PK\3\4\n\0\0\0\0\0h\246\305B\264\353\346\232\203\10\0\0\203\10\0\0\37\0\0\0", 30) = 30
16942 lseek(4, 52892281, SEEK_SET)      = 52892281
16942 read(4, "\312\376\272\276\0\0\0003\0X\3\217\33\274\334\3\230\272\334\376\3\303\322\341\360\3\312b\301\326\3\357"..., 2179) = 2179
16942 lseek(4, 52889425, SEEK_SET)      = 52889425
16942 read(4, "PK\3\4\n\0\0\0\0\0006\246\305B\17\357\256u\247\n\0\0\247\n\0\0&\0\0\0", 30) = 30
16942 lseek(4, 52889493, SEEK_SET)      = 52889493
16942 read(4, "\312\376\272\276\0\0\0003\0\203\10\0\6\10\0\23\10\0\27\10\0\31\10\0(\1\0\5 for"..., 2727) = 2727
16942 lseek(4, 52886795, SEEK_SET)      = 52886795
16942 read(4, "PK\3\4\n\0\0\0\0\0005\246\305Br'\223,\321\6\0\0\321\6\0\0*\0\0\0", 30) = 30
16942 lseek(4, 52886867, SEEK_SET)      = 52886867
16942 read(4, "\312\376\272\276\0\0\0003\0S\1\0\3()I\1\0\3()V\1\0\4()[B\1\0\4"..., 1745) = 1745
16942 read(20, "c,_\322\267^\303\366\364\350\24450\24\207\244.\216$G", 20) = 20
16942 lseek(4, 52880695, SEEK_SET)      = 52880695
16942 read(4, "PK\3\4\n\0\0\0\0\0006\246\305B\263\16\16R\213\27\0\0\213\27\0\0+\0\0\0", 30) = 30
16942 lseek(4, 52880768, SEEK_SET)      = 52880768
16942 read(4, "\312\376\272\276\0\0\0003\0\220\10\0\7\10\0\"\10\0006\10\0@\10\0H\10\0I\1\0\0\1"..., 6027) = 6027
16942 read(20, "\2152\277x\344\303\253\325\203(\371\206\204\354\320m(\232\353\224\264\30\331\201*\34\263\17;\341\335\205", 32) = 32
16942 open("/tmp/jna-cxh/jna8208158486249367866.tmp", O_RDWR|O_CREAT|O_EXCL, 0666) = 21
16942 fstat(21, {st_mode=S_IFREG|0644, st_size=0, ...}) = 0
16942 fcntl(21, F_GETFD)                = 0
16942 fcntl(21, F_SETFD, FD_CLOEXEC)    = 0
16942 close(21)                         = 0
16942 lseek(4, 59685766, SEEK_SET)      = 59685766
16942 read(4, "PK\3\4\n\0\0\0\0\0005\246\305B%\254@\305\355\5\0\0\355\5\0\0\36\0\0\0", 30) = 30
16942 lseek(4, 59685826, SEEK_SET)      = 59685826
16942 read(4, "\312\376\272\276\0\0\0003\0W\10\0\v\1\0\3()V\1\0\3()Z\1\0\25(Lja"..., 1517) = 1517
16942 lseek(4, 27616771, SEEK_SET)      = 27616771
16942 read(4, "PK\3\4\n\0\0\0\0\0005\246\305B=GEs\224\1\0\0\224\1\0\0 \0\0\0", 30) = 30
16942 lseek(4, 27616833, SEEK_SET)      = 27616833
16942 read(4, "\312\376\272\276\0\0\0003\0\27\1\0\3()V\1\0\6<init>\1\0\4Code"..., 404) = 404
16942 lseek(4, 60085646, SEEK_SET)      = 60085646
16942 read(4, "PK\3\4\n\0\0\0\0\0005\246\305B-}\313\324\214\v\0\0\214\v\0\0\30\0\0\0", 30) = 30
16942 lseek(4, 60085700, SEEK_SET)      = 60085700
16942 read(4, "\312\376\272\276\0\0\0003\0r\10\0\4\10\0\26\10\0\27\1\0\23 already r"..., 2956) = 2956
16942 lseek(4, 60076569, SEEK_SET)      = 60076569
16942 read(4, "PK\3\4\n\0\0\0\0\0005\246\305B(G12y\1\0\0y\1\0\0\35\0\0\0", 30) = 30
16942 lseek(4, 60076628, SEEK_SET)      = 60076628
16942 read(4, "\312\376\272\276\0\0\0003\0\25\1\0\3()V\1\0\6<init>\1\0\4Code"..., 377) = 377
16942 open("/tmp/jna-cxh/jna8208158486249367866.tmp", O_WRONLY|O_CREAT|O_TRUNC, 0666) = 21
16942 fstat(21, {st_mode=S_IFREG|0644, st_size=0, ...}) = 0
16942 fcntl(21, F_GETFD)                = 0
16942 fcntl(21, F_SETFD, FD_CLOEXEC)    = 0
16942 lseek(17, 356305, SEEK_SET)       = 356305
16942 read(17, "PK\3\4\n\0\0\10\10\0\16i3B\340\301\210K\276\247\0\0(\231\1\0)\0\0\0", 30) = 30
16942 lseek(17, 356376, SEEK_SET)       = 356376
16942 read(17, "\314\275y@T\325\373?> #\270\340\240\211\222i\222a\231\275+\250(\255(Q\306\6\3\243\224"..., 8192) = 8192
16942 write(21, "\177ELF\2\1\1\0\0\0\0\0\0\0\0\0\3\0>\0\1\0\0\0\200@\0\0\0\0\0\0"..., 1024) = 1024
16942 write(21, "\0\0\0\0\0\0\0\0\0\0\0\0\26\0\0\0\0\0\0\0\0\0\0\0\0\0\0\0\0\0\0\0"..., 1024) = 1024
16942 write(21, "\0\0\0\0\0\0\0\0\0\0\0\0\0\0\0\0\216\n\0\0\22\0\n\0P\262\0\0\0\0\0\0"..., 1024) = 1024
16942 write(21, "\224\0\0\0\22\0\n\0\240O\0\0\0\0\0\0\24\2\0\0\0\0\0\0\317\1\0\0\22\0\n\0"..., 1024) = 1024
16942 write(21, "3\0\0\0\0\0\0\0\310\3\0\0\22\0\n\0@\204\0\0\0\0\0\0(\0\0\0\0\0\0\0"..., 1024) = 1024
16942 write(21, " \220\0\0\0\0\0\0\372\0\0\0\0\0\0\0 \16\0\0\22\0\n\0`\351\0\0\0\0\0\0"..., 1024) = 1024
16942 write(21, "X\2\0\0\22\0\n\0@i\0\0\0\0\0\0(\0\0\0\0\0\0\0\322\16\0\0\22\0\0\0"..., 1024) = 1024
16942 write(21, "ture\0Java_com_sun_jna_Native_inv"..., 1024) = 1024
16942 write(21, "_sun_jna_Native_getChar\0Java_com"..., 1024) = 1024
16942 write(21, "tPreserveLastError\0Java_com_sun_"..., 1024) = 1024
16942 write(21, "nd\0/home/twall/jna/build-d64/nat"..., 1024) = 1024
16942 write(21, "\10\0\0\0\0\0\0\0(k\21\0\0\0\0\0pa\21\0\0\0\0\0\10\0\0\0\0\0\0\0"..., 1024) = 1024
16942 write(21, "8h\21\0\0\0\0\0\10\0\0\0\0\0\0\0P\353\0\0\0\0\0\0@h\21\0\0\0\0\0"..., 1024) = 1024
16942 write(21, "\0\0\0\0\0\0\0\0@e\21\0\0\0\0\0\7\0\0\0+\0\0\0\0\0\0\0\0\0\0\0"..., 1024) = 1024
16942 write(21, "\7\0\0\0{\0\0\0\0\0\0\0\0\0\0\0\230f\21\0\0\0\0\0\7\0\0\0~\0\0\0"..., 1024) = 1024
16942 write(21, "\377%J)\21\0h\16\0\0\0\351\0\377\377\377\377%B)\21\0h\17\0\0\0\351\360\376\377\377"..., 1024) = 1024
16942 write(21, "\377%J'\21\0hN\0\0\0\351\0\373\377\377\377%B'\21\0hO\0\0\0\351\360\372\377\377"..., 1024) = 1024
16942 write(21, "\300\377\221\210\1\0\0A\211\306H\213\3H\213\0254'\21\0L\211\356H\211\337\377\220\0\1\0\0"..., 1024) = 1024
16942 write(21, "\221\210\1\0\0\215\4\0031\322L\211\366L\211\347\215\34\0I\213\4$\377\220\320\5\0\0M\205\377"..., 1024) = 1024
16942 write(21, "\300\17\204\305\376\377\377H\213}\330H\215\25\33\347\0\0H\2155\347\346\0\0\350R\364\377\377\351W"..., 1024) = 1024
16942 write(21, "\200\5\0\0H\205\300H\211\303tXH\213U\320L\213E\310D\211\341H\211\336H\213}\320H\213"..., 1024) = 1024
16942 write(21, "H\213U\340H\213u\360H\213}\330H\213\32\350\\\351\377\377H\213u\320H\211\307H\211\332\350\315"..., 1024) = 1024
16942 write(21, "\0\0\0\351\301\376\377\377H\213\3H\2135\206\23\21\0L\211\342H\211\337\377\220\300\0\0\0\204\300"..., 360) = 360
16942 lseek(17, 364568, SEEK_SET)       = 364568
16942 read(17, "\367 \317b\344\343\36V\340\16\254\311\376&\374\353\274\367\2326\337z1\366\0056\6\234|\276\33v"..., 8192) = 8192
16942 write(21, "\354\21\21\0L\211\346H\211\337\377PX\204\300u\232H\213\3H\213\25\335\21\21\0L\211\346H\211"..., 1024) = 1024
16942 write(21, "\5\363\6\21\0I\211\6M\211e\0\351;\377\377\377fff\220ff\220H\213\275\350\372\377\377H"..., 1024) = 1024
16942 write(21, "\302\0\0\276\200\0\0\0001\300H\211\337\350\246\333\377\377H\215\r\277\302\0\0H\211M\300H\211]"..., 1024) = 1024
16942 write(21, "\0\0t\7\203\370*t\0171\322[A\\\311\211\320\303ff\220ff\220H\213\3H\213\25\206\5"..., 1024) = 1024
16942 write(21, "fff\220fff\220UH\213\0171\300H\213\25\273\377\20\0H\211\345L\213\231 \4\0\0\311"..., 1024) = 1024
16942 write(21, "\377H\203\304 [A\\\311\303\213\5\234\376\20\0\205\300uTH\213U\330H\213}\3401\366\350\365"..., 1024) = 1024
16942 write(21, "\357\350r\312\377\377H\211\303I\213E\0L\211\357\377\220 \7\0\0\204\300t\36H\213\34$L\213"..., 1024) = 1024
16942 write(21, "\327\377\220 \7\0\0\204\300\17\204\301\0\0\0H\213\235@\373\377\377H\203{X\0t\25H\213\235"..., 1024) = 1024
16942 write(21, "\377\377H\213]\310H\213E\300H\213\2758\373\377\377I\213t\5\0\350\355\303\377\377I\211D\35\0"..., 1024) = 1024
16942 write(21, "\377\377I\213D\5\0H\2130\350\211\301\377\377H\213\275@\373\377\377H\211\306A\215V\2H\213G"..., 1024) = 1024
16942 write(21, "E1\366H\211]\330H\203\354PH\211u\300H\211U\270H\213\231\200\0\0\0I\211\377I\211\315"..., 1024) = 1024
16942 write(21, "\300\350\262\267\377\377H\2155\373\240\0\0H\211\332L\211\367\350\360\272\377\377\353\245fff\220ff"..., 1024) = 1024
16942 write(21, "\360\213M\340H\213u\350H\213}\370H\213\2\213U\344\377\220h\6\0\0\213\5\222\342\20\0\205\300"..., 1024) = 1024
16942 write(21, "H\377\300u\226H\213E\370H\213M\350\17\266U\3378\24\1u\322\353\303H\2155\231\263\377\377\277"..., 1024) = 1024
16942 write(21, "\20\0\350\341\254\377\377H\215=\252\332\20\0H\211\5#\327\20\0\350\356\251\377\377\205\300\17\225\300\17"..., 1024) = 1024
16942 write(21, "4\323\20\0\350\377\245\377\377\205\300\17\225\300\17\266\300\211\5\231\326\20\0\213\5\223\326\20\0\205\300t"..., 1024) = 1024
16942 write(21, "\377\377H\215=\257\322\20\0H\211\5(\317\20\0\350\363\241\377\377\205\300\17\225\300\17\266\300\211\5\215"..., 1024) = 1024
16942 write(21, "\0\213\5\251\316\20\0\205\300t#H\213}\360H\215\25\257\225\0\0H\2155{\225\0\0\350\346\242"..., 1024) = 1024
16942 write(21, "f\220ff\220ff\220UH\211\345H\203\354 H\211U\350\213\25\222\312\20\0H\211}\360\211M"..., 179) = 179
16942 lseek(17, 372760, SEEK_SET)       = 372760
16942 read(17, "\272\274m*\272\333\31\272\221\333Tt\301\263\3357l\205\371\323\232\n=\377\250\376]$\200\337\314U"..., 8192) = 8192
16942 write(21, "\20\0\205\300t\341H\2135\200\306\20\0\277\v\0\0\0\350\36\234\377\377H\2135g\306\20\0\277\7"..., 1024) = 1024
16942 write(21, "f\220ff\220UH\211\345H\211]\330L\211e\340H\211\363L\211m\350L\211u\360I\211\374L"..., 1024) = 1024
16942 write(21, "H\211\5\316\300\20\0\17\204\"\6\0\0I\213\4$H\2155\315\201\0\0L\211\347\377P0H\205"..., 1024) = 1024
16942 write(21, "\377\377H\213\214\5@\377\377\3771\300\350\364\216\377\377I\213\4$H\215\ri\206\0\0H\213\225\300"..., 1024) = 1024
16942 write(21, "\0H\2155Mt\0\0L\211\347\350E\216\377\377\351{\374\377\377H\215\25I}\0\0H\21552"..., 1024) = 1024
16942 write(21, "\205\366u\27I\213E\0001\322H\211\336L\211\357\377P \205\300\17\205\252\22\0\0L\213e\320H"..., 1024) = 1024
16942 write(21, "\211\5\277\261\20\0\17\204\314\17\0\0I\213\4$L\211\347\377\220\20\7\0\0H\205\300H\211\306H"..., 1024) = 1024
16942 write(21, "a\255\20\0\17\204\206\v\0\0I\213\4$H\215\r\t{\0\0H\215\25\235y\0\0L\211\347H"..., 1024) = 1024
16942 write(21, "H\2135>\251\20\0H\215\r\375w\0\0L\211\347\377\220\10\1\0\0H\205\300H\211\5T\250\20"..., 1024) = 1024
16942 write(21, "\0\0H\2135\274\245\20\0H\215\r\263u\0\0L\211\347\377\220\360\2\0\0H\205\300H\211\5\352"..., 1024) = 1024
16942 write(21, "\0\0H\211\345AVE1\366AUI\211\375H\215\275\220\376\377\377ATSH\215]\330H\201\354"..., 1024) = 1024
16942 write(21, "H\213}\240H\301\347\2\350xm\377\377I\211FX\213E I\307Fp\0\0\0\0A\211F`"..., 1024) = 1024
16942 write(21, "\0H\203\354 I\211\326I\211\315\350ui\377\377H\211\303I\213\4$L\211\347H\215\263\200\0\0"..., 1024) = 1024
16942 write(21, "\305L\215\5\375L\0\0\17\204\251\0\0\0M\213FX\213\225d\377\377\377M\215f\30H\211\301\276"..., 1024) = 1024
16942 write(21, "\266\373\377\377H\213\265@\377\377\377L\211\377\350\22f\377\377H\211\205@\377\377\377\351\233\373\377\377f"..., 1024) = 1024
16942 write(21, ")\304H\215E\300L\215t$\17I\203\346\360I\211\6H\215E\320I\215~\30I\211F\10I\215"..., 1024) = 1024
16942 write(21, "\230\0\0\0\211\331H\213}\300H\213\24\316\17\2764\0101\311\350\254Y\377\377H\213}\300H\211\301"..., 1024) = 1024
16942 write(21, "H\211E\230\17\204\375\376\377\377H\213\3H\215U\220L\211\376H\211\337\377P8\205\300\17\204\375\376"..., 630) = 630
16942 lseek(17, 380952, SEEK_SET)       = 380952
16942 read(17, "9%g\222\255\255p\f[>\363g\31\274\213\n\3>\223=p\217\0057u'\24f|\332\231\210"..., 8192) = 8192
16942 write(21, "\4M\211M\20A\307E\34\0\0\0\0I\2039\0t`E\213u\4I\213]\10E\205\366t/"..., 1024) = 1024
16942 write(21, "\5\326\200\20\0\0\0\0\0\311\260\1\303f\220H\215\5\31{\20\0001\377\377\24\1\2135\276\200\20"..., 1024) = 1024
16942 write(21, "\0\0\350hO\377\377H\211\2058\377\377\3771\300H\203\2758\377\377\377\0\17\204\221\0\0\0H\215"..., 1024) = 1024
16942 write(21, "\0\0H\213=\16y\20\0H\211\370L)\340I9\301\17\203+\375\377\377H\213=\10y\20\0I"..., 1024) = 1024
16942 write(21, "A\10H\213\5\246x\20\0I\211A\20H\213\5\243x\20\0I\211A\30L\211=\200x\20\0L"..., 1024) = 1024
16942 write(21, "\205\300tGH\211\301\277\1\0\0\0L\213\25\34q\20\0H\301\351\3\215\4\t\323\347\211\300L\215"..., 1024) = 1024
16942 write(21, "\213@\10H\203\340\376N\211\f\16I\211@\10L\211\310H\203\310\1H\211F\10L\211\310H\301\350"..., 1024) = 1024
16942 write(21, "\37\262\37A\260\37wJ\215\220\0\377\377\377\301\352\20\203\342\10\211\321\323\340\215\210\0\360\377\377\301\351"..., 1024) = 1024
16942 write(21, "\0L\213m\350L\213u\360L\213}\370\311\351\0347\377\377H)\303H\1\306H9\331\17\207A\377"..., 1024) = 1024
16942 write(21, "a\20\0\17\207Z\373\377\377H\307\2\0\0\0\0\351\322\376\377\377I\213I H\211\302H\205\311u"..., 1024) = 1024
16942 write(21, "\271\351\202\376\377\377H;\5\32]\20\0f\220\17\202N\367\377\377H\307\0\0\0\0\0ff\220\351"..., 1024) = 1024
16942 write(21, "\300\307\2\0\0\0\0H\203\302\4A9\304u\357L\213o\20I\213}\0H\205\377\17\204\31\377\377"..., 1024) = 1024
16942 write(21, "\211\322\3U\314\203\372\6\177M\213E\254\3E\310\203\370\10\177BA\377\305H\203\303\10\211E\254E"..., 1024) = 1024
16942 write(21, "\341\4\353\333fff\220fff\220ff\220\213\6UA\271\2\0\0\0H\211\345\377\310\203\370\1"..., 65) = 65
16942 lseek(17, 389144, SEEK_SET)       = 389144
16942 read(17, "\7\327\353.+\276Vr\3\323\323n\343U-\205\351\7+\315\347\355\225\322\264Q\20\373J\371\223\203"..., 8192) = 8192
16942 write(21, "w\30H\211W H\211O(%\0\10\0\0\203\370\1\31\300E0\311f\5\371If\211G\24f"..., 1024) = 1024
16942 write(21, "\7\303\211\300H\211\7\220H\230H\211\7\303H\211\7\303\363\17\21\7\303\220\362\17\21\7\303\333?\303"..., 1024) = 1024
16942 write(21, "er\0\0\0\0Unrecognized calling conve"..., 1024) = 1024
16942 write(21, "ava/lang/Object;)Ljava/lang/Obje"..., 1024) = 1024
16942 write(21, "back;\0Can't obtain class com.sun"..., 1024) = 1024
16942 write(21, ".jna.Native$ffi_callback\0\0\0\0\0\0co"..., 1024) = 1024
16942 write(21, "m/sun/jna/Pointer;)V\0useMemory\0("..., 1024) = 1024
16942 write(21, "lang.Byte<init>(B)V\0java.lang.Bo"..., 1024) = 1024
16942 write(21, "io.ByteBuffer\0java.nio.CharBuffe"..., 1024) = 1024
16942 write(21, "\377\377(2\377\377(2\377\377?2\377\377e4\377\377\2617\377\377\3327\377\377\n8\377\377`8"..., 1024) = 1024
16942 write(21, "\377\377\237\232\377\377\321\234\377\377\245\234\377\377\321\234\377\377\321\234\377\377\361\231\377\377\301\235\377\377\327\235"..., 1024) = 1024
16942 write(21, "\377\377T\t\0\0\34(\377\377t\t\0\0|)\377\377\224\t\0\0,*\377\377\274\t\0\0<*"..., 1024) = 1024
16942 write(21, "\376\377\324\0\0\0\0A\16\20\206\2C\r\6O\203\4\214\3\0\0\34\0\0\0\204\0\0\0\300\365"..., 1024) = 1024
16942 write(21, "\16\20\206\2C\r\6H\214\6\203\7V\217\3\216\4\215\5\0\0\0\34\0\0\0\204\4\0\0\20\34"..., 1024) = 1024
16942 write(21, "\0\0l\10\0\0\3507\377\3774\1\0\0\0A\16\20\206\2C\r\6\0\0\0\0\0\0\0\34\0"..., 1024) = 1024
16942 write(21, "\4\215\5\0\0\0$\0\0\0t\f\0\0pY\377\377\210\2\0\0\0A\16\20\206\2C\r\6H"..., 1024) = 1024
16942 write(21, "\0\0\0\0\0\0\34\0\0\0t\20\0\0\200\212\377\377\333\0\0\0\0A\16\20\206\2C\r\6L"..., 1024) = 1024
16942 write(21, "\1\0\0\0\0\0\0164\1\0\0\0\0\0\0254\1\0\0\0\0\0\0344\1\0\0\0\0\0#4"..., 1024) = 1024
16942 write(21, "\0\0\0\0\0\0\0\0\0\0\0\0\0\0&;\0\0\0\0\0\0006;\0\0\0\0\0\0F;"..., 1024) = 1024
16942 write(21, "ntu 4.0.3-1ubuntu5)\0\0GCC: (GNU) "..., 1024) = 1024
16942 write(21, "\0\0\0\0\0\0\2\0\0\0\t\0\0\0\10\0\0\0\0\0\0\0\30\0\0\0\0\0\0\0a\0"..., 1024) = 1024
16942 write(21, "\0\0\0\0\0\0\0\0\0\0\0\0\0\0 \0\0\0\0\0\0\0\0\0\0\0\0\0\0\0\325\0"..., 1024) = 1024
16942 write(21, "\0\0\0\0\0\0G\0\0\0\4\0\361\377\0\0\0\0\0\0\0\0\0\0\0\0\0\0\0\0\1\0"..., 1024) = 1024
16942 write(21, "\0\0\0\0\0\0)\0\0\0\0\0\0\0Y\4\0\0\22\0\0\0\0\0\0\0\0\0\0\0r\1"..., 1024) = 1024
16942 write(21, "\0\0\22\0\n\0\340B\0\0\0\0\0\0]\0\0\0\0\0\0\0K\10\0\0\22\0\n\0\320r"..., 311) = 311
16942 lseek(17, 397336, SEEK_SET)       = 397336
16942 read(17, "wQ\277(\372\273\204\360\271\324\357\212\236\376\230\360-\33xX\261K\273\10\177\3629\36V\306\307\217"..., 1982) = 1982
16942 write(21, "\t\0\0\22\0\n\0\360\322\0\0\0\0\0\0003\0\0\0\0\0\0\0g\t\0\0\22\0\n\0@"..., 1024) = 1024
16942 write(21, "\0\0\0\0\0\0\0\246\r\0\0\22\0\n\0 \220\0\0\0\0\0\0\372\0\0\0\0\0\0\0\313"..., 1024) = 1024
16942 write(21, "\240\0\0\0\0\0\0\327\0\0\0\0\0\0\0\320\21\0\0\22\0\n\0@i\0\0\0\0\0\0("..., 1024) = 1024
16942 write(21, "va_com_sun_jna_Native_write__J_3"..., 1024) = 1024
16942 write(21, "call\0abort@@GLIBC_2.2.5\0Java_com"..., 1024) = 1024
16942 write(21, "cxa_finalize@@GLIBC_2.2.5\0Java_c"..., 1024) = 1024
16942 write(21, "BC_2.2.5\0Java_com_sun_jna_Native"..., 799) = 799
16942 close(21)                         = 0
16942 stat("/tmp/jna-cxh/jna8208158486249367866.tmp", {st_mode=S_IFREG|0644, st_size=104744, ...}) = 0
16942 lstat("/tmp", {st_mode=S_IFDIR|S_ISVTX|0777, st_size=299008, ...}) = 0
16942 lstat("/tmp/jna-cxh", {st_mode=S_IFDIR|0755, st_size=4096, ...}) = 0
16942 lstat("/tmp/jna-cxh/jna8208158486249367866.tmp", {st_mode=S_IFREG|0644, st_size=104744, ...}) = 0
16942 open("/tmp/jna-cxh/jna8208158486249367866.tmp", O_RDONLY) = 21
16942 read(21, "\177ELF\2\1\1\0\0\0\0\0\0\0\0\0\3\0>\0\1\0\0\0\200@\0\0\0\0\0\0"..., 832) = 832
16942 fstat(21, {st_mode=S_IFREG|0644, st_size=104744, ...}) = 0
16942 mmap(NULL, 1143184, PROT_READ|PROT_EXEC, MAP_PRIVATE|MAP_DENYWRITE, 21, 0) = 0x7f0e74365000
16942 mprotect(0x7f0e7437c000, 1044480, PROT_NONE) = 0
16942 mmap(0x7f0e7447b000, 4096, PROT_READ|PROT_WRITE, MAP_PRIVATE|MAP_FIXED|MAP_DENYWRITE, 21, 0x16000) = 0x7f0e7447b000
16942 mmap(0x7f0e7447c000, 400, PROT_READ|PROT_WRITE, MAP_PRIVATE|MAP_FIXED|MAP_ANONYMOUS, -1, 0) = 0x7f0e7447c000
16942 close(21)                         = 0
16942 lseek(4, 55873799, SEEK_SET)      = 55873799
16942 read(4, "PK\3\4\n\0\0\0\0\0004\246\305B\n\372c\10z\17\0\0z\17\0\0\32\0\0\0", 30) = 30
16942 lseek(4, 55873855, SEEK_SET)      = 55873855
16942 read(4, "\312\376\272\276\0\0\0003\0\257\10\0\5\10\0\6\10\0\"\10\0#\1\0\5 cap=\1\0"..., 3962) = 3962
16942 lseek(4, 55880970, SEEK_SET)      = 55880970
16942 read(4, "PK\3\4\n\0\0\0\0\0004\246\305Bn\313\217\177:\17\0\0:\17\0\0\30\0\0\0", 30) = 30
16942 lseek(4, 55881024, SEEK_SET)      = 55881024
16942 read(4, "\312\376\272\276\0\0\0003\0\254\10\0\5\10\0\6\10\0 \10\0!\1\0\5 cap=\1\0"..., 3898) = 3898
16942 lseek(4, 28732197, SEEK_SET)      = 28732197
16942 read(4, "PK\3\4\n\0\0\0\0\0004\246\305B\235\332iL\336\17\0\0\336\17\0\0\32\0\0\0", 30) = 30
16942 lseek(4, 28732253, SEEK_SET)      = 28732253
16942 read(4, "\312\376\272\276\0\0\0003\0\262\10\0\5\10\0\6\10\0#\10\0$\1\0\5 cap=\1\0"..., 4062) = 4062
16942 lseek(4, 28728064, SEEK_SET)      = 28728064
16942 read(4, "PK\3\4\n\0\0\0\0\0004\246\305B~\214\246\370\354\17\0\0\354\17\0\0\33\0\0\0", 30) = 30
16942 lseek(4, 28728121, SEEK_SET)      = 28728121
16942 read(4, "\312\376\272\276\0\0\0003\0\262\10\0\5\10\0\6\10\0#\10\0$\1\0\5 cap=\1\0"..., 4076) = 4076
16942 unlink("/tmp/jna-cxh/jna8208158486249367866.tmp") = 0
16942 stat("/home/cxh/src/OmcFmuExitBug/com/sun/jna/Pointer.class", 0x7f0e77b49420) = -1 ENOENT (No such file or directory)
16942 lseek(17, 83853, SEEK_SET)        = 83853
16942 read(17, "PK\3\4\n\0\0\10\10\0B6\206B\320=\244\242\303#\0\0{R\0\0\31\0\0\0", 30) = 30
16942 lseek(17, 83908, SEEK_SET)        = 83908
16942 read(17, "\245\\\t|TE\322\257\352\236\231\367f\362\2$\220\220\1B\2\202\204`@Q\21\3\242\20\10$"..., 8192) = 8192
16942 lseek(17, 92100, SEEK_SET)        = 92100
16942 read(17, "\17\205] \357\242`\367n\212+\356\241\270\342^\212+\266\300\20\271\25\216\224\367Qlq?\214\223"..., 963) = 963
16942 stat("/home/cxh/src/OmcFmuExitBug/com/sun/jna/Pointer$Opaque.class", 0x7f0e77b48180) = -1 ENOENT (No such file or directory)
16942 lseek(17, 82467, SEEK_SET)        = 82467
16942 read(17, "PK\3\4\n\0\0\10\10\0B6\206B\316\27y+,\5\0\0&\23\0\0 \0\0\0", 30) = 30
16942 lseek(17, 82529, SEEK_SET)        = 82529
16942 read(17, "\245W\377k\34E\24\377\314\345\276$\327m\33\223&m\372\305F\215\366\22k\223h\365\264\2515\336"..., 1324) = 1324
16942 mprotect(0x7f0e701d9000, 4096, PROT_READ|PROT_WRITE) = 0
16942 mprotect(0x7f0e701da000, 32768, PROT_READ|PROT_WRITE) = 0
16942 mprotect(0x7f0e701e2000, 4096, PROT_READ|PROT_WRITE) = 0
16942 mprotect(0x7f0e701e3000, 40960, PROT_READ|PROT_WRITE) = 0
16942 stat("/home/cxh/src/OmcFmuExitBug/com/sun/jna/Structure.class", 0x7f0e77b485a0) = -1 ENOENT (No such file or directory)
16942 lseek(17, 105482, SEEK_SET)       = 105482
16942 read(17, "PK\3\4\n\0\0\10\10\0C6\206B\322\276\232\201\317<\0\0V\201\0\0\33\0\0\0", 30) = 30
16942 lseek(17, 105539, SEEK_SET)       = 105539
16942 read(17, "\245}\t|T\325\365\360\271\313\2337\231\274,$\4\30B \354a&\1\302\22 \254a\17$\1"..., 8192) = 8192
16942 lseek(17, 113731, SEEK_SET)       = 113731
16942 read(17, "\354C\246\305\206,\262\334I\372\274\4\\|\24\350|\264\r\225\16c\331gx\270$\225\312m\370\312"..., 7375) = 7375
16942 mprotect(0x7f0e701ed000, 32768, PROT_READ|PROT_WRITE) = 0
16942 mprotect(0x7f0e701f5000, 4096, PROT_READ|PROT_WRITE) = 0
16942 mprotect(0x7f0e701f6000, 4096, PROT_READ|PROT_WRITE) = 0
16942 stat("/home/cxh/src/OmcFmuExitBug/com/sun/jna/NativeMapped.class", 0x7f0e77b485a0) = -1 ENOENT (No such file or directory)
16942 lseek(17, 76693, SEEK_SET)        = 76693
16942 read(17, "PK\3\4\n\0\0\10\10\0B6\206B\7P8\377\265\0\0\0'\1\0\0\36\0\0\0", 30) = 30
16942 lseek(17, 76753, SEEK_SET)        = 76753
16942 read(17, "m\216\315\16\301@\24\205\317\255\237R$\204\205G\250\215\261\357RX\25\v^`\324\22065\323\264"..., 181) = 181
16942 stat("/home/cxh/src/OmcFmuExitBug/com/sun/jna/ToNativeConverter.class", 0x7f0e77b48180) = -1 ENOENT (No such file or directory)
16942 lseek(17, 122308, SEEK_SET)       = 122308
16942 read(17, "PK\3\4\n\0\0\10\10\0B6\206B\24x-\306\247\0\0\0\3\1\0\0#\0\0\0", 30) = 30
16942 lseek(17, 122373, SEEK_SET)       = 122373
16942 read(17, ";\365o\327>\6\6\6\3\6nv\6Nv\6.F\6\216\222|\277\304\222\314\262TF\6g\r"..., 167) = 167
16942 stat("/home/cxh/src/OmcFmuExitBug/com/sun/jna/FromNativeConverter.class", 0x7f0e77b48180) = -1 ENOENT (No such file or directory)
16942 lseek(17, 19279, SEEK_SET)        = 19279
16942 read(17, "PK\3\4\n\0\0\10\10\0B6\206B\203\200T\254\251\0\0\0\v\1\0\0%\0\0\0", 30) = 30
16942 lseek(17, 19346, SEEK_SET)        = 19346
16942 read(17, ";\365o\327>\6\6\6\3\6nv\6Nv\6.F\6\256\264\242\374\\\277\304\222\314\262TF\6"..., 169) = 169
16942 stat("/home/cxh/src/OmcFmuExitBug/com/sun/jna/FromNativeContext.class", 0x7f0e77b48180) = -1 ENOENT (No such file or directory)
16942 lseek(17, 18902, SEEK_SET)        = 18902
16942 read(17, "PK\3\4\n\0\0\10\10\0B6\206Bs?g=8\1\0\0\365\1\0\0#\0\0\0", 30) = 30
16942 lseek(17, 18967, SEEK_SET)        = 18967
16942 read(17, "}QMO\302@\20}[\n\205Z>\4\4/\306x\3L\254w\215\27\222\236\32<H\270/u"..., 312) = 312
16942 stat("/home/cxh/src/OmcFmuExitBug/com/sun/jna/StructureReadContext.class", 0x7f0e77b48180) = -1 ENOENT (No such file or directory)
16942 lseek(17, 121106, SEEK_SET)       = 121106
16942 read(17, "PK\3\4\n\0\0\10\10\0B6\206B\335\203\347\254\236\1\0\0C\3\0\0&\0\0\0", 30) = 30
16942 lseek(17, 121174, SEEK_SET)       = 121174
16942 read(17, "\205R\313N\302@\24=\3\205\n\326\27\250X\361\201\217\5\240\261&.5nHX\21\27b\330\271"..., 414) = 414
16942 stat("/home/cxh/src/OmcFmuExitBug/com/sun/jna/ToNativeContext.class", 0x7f0e77b48180) = -1 ENOENT (No such file or directory)
16942 lseek(17, 122026, SEEK_SET)       = 122026
16942 read(17, "PK\3\4\n\0\0\10\10\0B6\206B\f\5\205\17\333\0\0\0*\1\0\0!\0\0\0", 30) = 30
16942 lseek(17, 122089, SEEK_SET)       = 122089
16942 read(17, "}O\261N\3030\20}\227\244\t\244)\251\n\33b`\243\f\270\22#\210\245\22S\24\6\242\356N"..., 219) = 219
16942 stat("/home/cxh/src/OmcFmuExitBug/com/sun/jna/StructureWriteContext.class", 0x7f0e77b48180) = -1 ENOENT (No such file or directory)
16942 lseek(17, 121588, SEEK_SET)       = 121588
16942 read(17, "PK\3\4\n\0\0\10\10\0B6\206B\30\361z\214q\1\0\0\334\2\0\0'\0\0\0", 30) = 30
16942 lseek(17, 121657, SEEK_SET)       = 121657
16942 read(17, "\205R[K\2A\24\376F]omYv\361\226\240\364\242\26m\320c\321\213\340\223\370\242\30=\256"..., 369) = 369
16942 lseek(4, 56774077, SEEK_SET)      = 56774077
16942 read(4, "PK\3\4\n\0\0\0\0\0004\246\305B\216>\210q\220\1\0\0\220\1\0\0&\0\0\0", 30) = 30
16942 lseek(4, 56774145, SEEK_SET)      = 56774145
16942 read(4, "\312\376\272\276\0\0\0003\0\25\1\0\3()V\1\0\25(Ljava/lang/S"..., 400) = 400
16942 lseek(4, 57424130, SEEK_SET)      = 57424130
16942 read(4, "PK\3\4\n\0\0\0\0\0004\246\305B\22z\323IO\2\0\0O\2\0\0-\0\0\0", 30) = 30
16942 lseek(4, 57424205, SEEK_SET)      = 57424205
16942 read(4, "\312\376\272\276\0\0\0003\0\33\1\0\3()V\1\0\25(Ljava/lang/S"..., 591) = 591
16942 lseek(4, 55580353, SEEK_SET)      = 55580353
16942 read(4, "PK\3\4\n\0\0\0\0\0005\246\305B\346\7\323a\212\1\0\0\212\1\0\0)\0\0\0", 30) = 30
16942 lseek(4, 55580424, SEEK_SET)      = 55580424
16942 read(4, "\312\376\272\276\0\0\0003\0\25\1\0\3()V\1\0\25(Ljava/lang/S"..., 394) = 394
16942 stat("/home/cxh/src/OmcFmuExitBug/com/sun/jna/Memory.class", 0x7f0e77b48180) = -1 ENOENT (No such file or directory)
16942 lseek(17, 39059, SEEK_SET)        = 39059
16942 read(17, "PK\3\4\n\0\0\10\10\0B6\206B\354\233\n\271S\r\0\0W \0\0\30\0\0\0", 30) = 30
16942 lseek(17, 39113, SEEK_SET)        = 39113
16942 read(17, "\245Y\txT\325\25\376\357d&\263\360\262\20\262\30\2d\2\210\311\260\f\n\202F@H \222\260"..., 3411) = 3411
16942 stat("/home/cxh/src/OmcFmuExitBug/com/sun/jna/Structure$AutoAllocated.class", 0x7f0e77b48180) = -1 ENOENT (No such file or directory)
16942 lseek(17, 98099, SEEK_SET)        = 98099
16942 read(17, "PK\3\4\n\0\0\10\10\0C6\206B7\312<7\254\1\0\0\262\2\0\0)\0\0\0", 30) = 30
16942 lseek(17, 98170, SEEK_SET)        = 98170
16942 read(17, "\215QMO\333@\20}\233\217upL\240\1B[\332\22\276Z'\2\334;\10)E*J\225\366"..., 428) = 428
16942 mprotect(0x7f0e701f7000, 8192, PROT_READ|PROT_WRITE) = 0
16942 mprotect(0x7f0e701f9000, 4096, PROT_READ|PROT_WRITE) = 0
16942 mprotect(0x7f0e701fa000, 4096, PROT_READ|PROT_WRITE) = 0
16942 lseek(4, 55581598, SEEK_SET)      = 55581598
16942 read(4, "PK\3\4\n\0\0\0\0\0004\246\305B\256_\5\326\220\1\0\0\220\1\0\0&\0\0\0", 30) = 30
16942 lseek(4, 55581666, SEEK_SET)      = 55581666
16942 read(4, "\312\376\272\276\0\0\0003\0\25\1\0\3()V\1\0\25(Ljava/lang/S"..., 400) = 400
16942 mprotect(0x7f0e701fb000, 8192, PROT_READ|PROT_WRITE) = 0
16942 lseek(4, 57937685, SEEK_SET)      = 57937685
16942 read(4, "PK\3\4\n\0\0\0\0\0004\246\305B\240\253\305\322!\3\0\0!\3\0\0001\0\0\0", 30) = 30
16942 lseek(4, 57937764, SEEK_SET)      = 57937764
16942 read(4, "\312\376\272\276\0\0\0003\0 \1\0\3()V\1\0\30(Ljava/lang/T"..., 801) = 801
16942 lseek(4, 55592776, SEEK_SET)      = 55592776
16942 read(4, "PK\3\4\n\0\0\0\0\0004\246\305BH\236\253I7\2\0\0007\2\0\0!\0\0\0", 30) = 30
16942 lseek(4, 55592839, SEEK_SET)      = 55592839
16942 read(4, "\312\376\272\276\0\0\0003\0\33\1\0\3()V\1\0\25(Ljava/lang/S"..., 567) = 567
16942 lseek(4, 59274573, SEEK_SET)      = 59274573
16942 read(4, "PK\3\4\n\0\0\0\0\0004\246\305B\252\207\342i\216\1\0\0\216\1\0\0%\0\0\0", 30) = 30
16942 lseek(4, 59274640, SEEK_SET)      = 59274640
16942 read(4, "\312\376\272\276\0\0\0003\0\25\1\0\3()V\1\0\25(Ljava/lang/S"..., 398) = 398
16942 mprotect(0x7f0e701fd000, 8192, PROT_READ|PROT_WRITE) = 0
16942 mprotect(0x7f0e701ff000, 8192, PROT_READ|PROT_WRITE) = 0
16942 mprotect(0x7f0e70201000, 8192, PROT_READ|PROT_WRITE) = 0
16942 mprotect(0x7f0e70203000, 4096, PROT_READ|PROT_WRITE) = 0
16942 mprotect(0x7f0e70204000, 4096, PROT_READ|PROT_WRITE) = 0
16942 mprotect(0x7f0e70205000, 32768, PROT_READ|PROT_WRITE) = 0
16942 mprotect(0x7f0e7020d000, 8192, PROT_READ|PROT_WRITE) = 0
16942 mprotect(0x7f0e7020f000, 4096, PROT_READ|PROT_WRITE) = 0
16942 stat("/home/cxh/src/OmcFmuExitBug/com/sun/jna/Structure$1.class", 0x7f0e77b48180) = -1 ENOENT (No such file or directory)
16942 lseek(17, 95739, SEEK_SET)        = 95739
16942 read(17, "PK\3\4\n\0\0\10\10\0C6\206B\2259\256J/\1\0\0\301\1\0\0\35\0\0\0", 30) = 30
16942 lseek(17, 95798, SEEK_SET)        = 95798
16942 read(17, "uP\301N\0021\20}]\26XW\24A\220x\347\0\36\254z\325x!1\232\254z\200\220x,"..., 303) = 303
16942 stat("/home/cxh/src/OmcFmuExitBug/com/sun/jna/Structure$2.class", 0x7f0e77b48180) = -1 ENOENT (No such file or directory)
16942 lseek(17, 97350, SEEK_SET)        = 97350
16942 read(17, "PK\3\4\n\0\0\10\10\0C6\206B\221\351 \275H\1\0\0\24\2\0\0\35\0\0\0", 30) = 30
16942 lseek(17, 97409, SEEK_SET)        = 97409
16942 read(17, "u\221\301N\302@\20\206\377m\v\205ZA\21D\214\307\36\300\2035z\324x!11i\364\0!"..., 328) = 328
16942 stat("/home/cxh/src/OmcFmuExitBug/com/sun/jna/Structure$3.class", 0x7f0e77b48180) = -1 ENOENT (No such file or directory)
16942 lseek(17, 97737, SEEK_SET)        = 97737
16942 read(17, "PK\3\4\n\0\0\10\10\0C6\206B\31\220\302\365/\1\0\0\322\1\0\0\35\0\0\0", 30) = 30
16942 lseek(17, 97796, SEEK_SET)        = 97796
16942 read(17, "u\220AK\2A\24\307\377\263\352\256\231Yii\236\352\320A=\270B\267\212\10\204\240m\211\300\360"..., 303) = 303
16942 mprotect(0x7f0e70210000, 4096, PROT_READ|PROT_WRITE) = 0
16942 stat("/home/cxh/src/OmcFmuExitBug/com/sun/jna/Structure$ByValue.class", 0x7f0e77b49420) = -1 ENOENT (No such file or directory)
16942 lseek(17, 98813, SEEK_SET)        = 98813
16942 read(17, "PK\3\4\n\0\0\10\10\0C6\206B\200\346\327:\216\0\0\0\273\0\0\0#\0\0\0", 30) = 30
16942 lseek(17, 98878, SEEK_SET)        = 98878
16942 read(17, ";\365o\327>\6\6\6\3\6nv\0066v\6NF\6\256\340\374\322\242\344T\267\314\234TF\6"..., 142) = 142
16942 stat("/home/cxh/src/OmcFmuExitBug/com/sun/jna/Callback.class", 0x7f0e77b49420) = -1 ENOENT (No such file or directory)
16942 lseek(17, 1425, SEEK_SET)         = 1425
16942 read(17, "PK\3\4\n\0\0\10\10\0B6\206B2z=\252\236\1\0\0a\2\0\0\32\0\0\0", 30) = 30
16942 lseek(17, 1481, SEEK_SET)         = 1481
16942 read(17, "u\222[O\32A\24\307\377#\270\273\"\10\335z\301{\253\330\350C\273\306W\214\t]0\232 $"..., 414) = 414
16942 lseek(4, 59383203, SEEK_SET)      = 59383203
16942 read(4, "PK\3\4\n\0\0\0\0\0005\246\305B\5\325\225\31\200\7\0\0\200\7\0\0 \0\0\0", 30) = 30
16942 lseek(4, 59383265, SEEK_SET)      = 59383265
16942 read(4, "\312\376\272\276\0\0\0003\0S\1\0\3()I\1\0\3()V\1\0\6(I)TE;\1"..., 1920) = 1920
16958 <... futex resumed> )             = -1 ETIMEDOUT (Connection timed out)
16958 futex(0x7f0e70104628, FUTEX_WAKE_PRIVATE, 1) = 0
16958 futex(0x7f0e70104654, FUTEX_WAIT_BITSET_PRIVATE|FUTEX_CLOCK_REALTIME, 1, {1375312857, 991638000}, ffffffff <unfinished ...>
16942 stat("/home/cxh/src/OmcFmuExitBug/com/sun/jna/CallbackReference$AttachOptions.class", 0x7f0e77b49420) = -1 ENOENT (No such file or directory)
16942 lseek(17, 2708, SEEK_SET)         = 2708
16942 read(17, "PK\3\4\n\0\0\10\10\0C6\206B\255m\23R\251\1\0\0\315\2\0\0001\0\0\0", 30) = 30
16942 lseek(17, 2787, SEEK_SET)         = 2787
16942 read(17, "\225Q]o\323@\20\234K\34\333u\35Z\fm\370*\264\320V)\10\314{Q\245(R%\244\210"..., 425) = 425
16942 futex(0x7f0e700f7854, FUTEX_WAKE_OP_PRIVATE, 1, 1, 0x7f0e700f7850, {FUTEX_OP_SET, 0, FUTEX_OP_CMP_GT, 1}) = 1
16956 <... futex resumed> )             = 0
16956 futex(0x7f0e700f7828, FUTEX_WAKE_PRIVATE, 1) = 0
16956 futex(0x7f0e700f4e54, FUTEX_WAKE_OP_PRIVATE, 1, 1, 0x7f0e700f4e50, {FUTEX_OP_SET, 0, FUTEX_OP_CMP_GT, 1} <unfinished ...>
16942 stat("/home/cxh/src/OmcFmuExitBug/com/sun/jna/CallbackReference.class",  <unfinished ...>
16956 <... futex resumed> )             = 1
16955 <... futex resumed> )             = 0
16942 <... stat resumed> 0x7f0e77b49420) = -1 ENOENT (No such file or directory)
16955 futex(0x7f0e700f4e28, FUTEX_WAKE_PRIVATE, 1) = 0
16955 futex(0x7f0e700f4e54, FUTEX_WAIT_PRIVATE, 11, NULL <unfinished ...>
16942 lseek(17, 8476, SEEK_SET)         = 8476
16942 read(17, "PK\3\4\n\0\0\10\10\0C6\206BN\341\215x\3\33\0\0\3429\0\0#\0\0\0", 30) = 30
16942 lseek(17, 8541, SEEK_SET)         = 8541
16942 read(17, "\235Z\txT\325\365?\347ff\336\314\344\261$\22`Xd\220\200\311\204$,\312\22\20\205\0\22"..., 6915) = 6915
16942 futex(0x7f0e77a10ba0, FUTEX_WAKE_PRIVATE, 1) = 0
16942 stat("/home/cxh/src/OmcFmuExitBug/com/sun/jna/CallbackProxy.class", 0x7f0e77b48180) = -1 ENOENT (No such file or directory)
16942 lseek(17, 2449, SEEK_SET)         = 2449
16942 read(17, "PK\3\4\n\0\0\10\10\0B6\206B\232\221S\245\306\0\0\0001\1\0\0\37\0\0\0", 30) = 30
16942 lseek(17, 2510, SEEK_SET)         = 2510
16942 read(17, "m\220\261n\302@\f\206\177\7\232\320\26(\24\26\236\240\311\302ugDb\252\324\10\330:\231\323\t"..., 198) = 198
16956 futex(0x7f0e700f7854, FUTEX_WAIT_PRIVATE, 21, NULL <unfinished ...>
16942 stat("/home/cxh/src/OmcFmuExitBug/com/sun/jna/WString.class", 0x7f0e77b49420) = -1 ENOENT (No such file or directory)
16942 lseek(17, 125787, SEEK_SET)       = 125787
16942 read(17, "PK\3\4\n\0\0\10\10\0B6\206B\336\321\245W\364\2\0\0\346\5\0\0\31\0\0\0", 30) = 30
16942 lseek(17, 125842, SEEK_SET)       = 125842
16942 read(17, "u\223[O\23A\24\307\377\323\333\266e+X\256Z\304\" \275\10\vx\267\200@\5\255\0200)"..., 756) = 756
16942 futex(0x7f0e700f4e54, FUTEX_WAKE_OP_PRIVATE, 1, 1, 0x7f0e700f4e50, {FUTEX_OP_SET, 0, FUTEX_OP_CMP_GT, 1}) = 1
16955 <... futex resumed> )             = 0
16955 futex(0x7f0e700f4e28, FUTEX_WAKE_PRIVATE, 1) = 0
16955 futex(0x7f0e700f7854, FUTEX_WAKE_OP_PRIVATE, 1, 1, 0x7f0e700f7850, {FUTEX_OP_SET, 0, FUTEX_OP_CMP_GT, 1}) = 1
16956 <... futex resumed> )             = 0
16956 futex(0x7f0e700f7828, FUTEX_WAKE_PRIVATE, 1) = 0
16956 futex(0x7f0e700f7854, FUTEX_WAIT_PRIVATE, 23, NULL <unfinished ...>
16942 stat("/home/cxh/src/OmcFmuExitBug/com/sun/jna/IntegerType.class", 0x7f0e77b49420) = -1 ENOENT (No such file or directory)
16942 lseek(17, 30724, SEEK_SET)        = 30724
16942 read(17, "PK\3\4\n\0\0\10\10\0B6\206B.|V\374\250\6\0\0\353\r\0\0\35\0\0\0", 30) = 30
16942 lseek(17, 30783, SEEK_SET)        = 30783
16942 read(17, "\205VYS\34U\24\376\32f\350\231\246+A\302\220\205\310Lb4\303\240\201\270E\211[\6\211\1"..., 1704) = 1704
16955 futex(0x7f0e700f4e54, FUTEX_WAIT_PRIVATE, 13, NULL <unfinished ...>
16942 stat("/home/cxh/src/OmcFmuExitBug/com/sun/jna/PointerType.class", 0x7f0e77b49420) = -1 ENOENT (No such file or directory)
16942 lseek(17, 93063, SEEK_SET)        = 93063
16942 read(17, "PK\3\4\n\0\0\10\10\0B6\206B|\24\342(,\5\0\0\33\v\0\0\35\0\0\0", 30) = 30
16942 lseek(17, 93122, SEEK_SET)        = 93122
16942 read(17, "\205U\333r\323V\24]r\34\313V\4\1\207\30R \30\10\340\304!\206\24hK \\r\241\200"..., 1324) = 1324
16942 futex(0x7f0e700f7854, FUTEX_WAKE_OP_PRIVATE, 1, 1, 0x7f0e700f7850, {FUTEX_OP_SET, 0, FUTEX_OP_CMP_GT, 1} <unfinished ...>
16956 <... futex resumed> )             = 0
16942 <... futex resumed> )             = 1
16956 futex(0x7f0e700f7828, FUTEX_WAIT_PRIVATE, 2, NULL <unfinished ...>
16942 futex(0x7f0e700f7828, FUTEX_WAKE_PRIVATE, 1 <unfinished ...>
16956 <... futex resumed> )             = -1 EAGAIN (Resource temporarily unavailable)
16942 <... futex resumed> )             = 0
16956 futex(0x7f0e700f7828, FUTEX_WAKE_PRIVATE, 1) = 0
16942 stat("/home/cxh/src/OmcFmuExitBug/com/sun/jna/Native$ffi_callback.class",  <unfinished ...>
16956 futex(0x7f0e700f4e54, FUTEX_WAKE_OP_PRIVATE, 1, 1, 0x7f0e700f4e50, {FUTEX_OP_SET, 0, FUTEX_OP_CMP_GT, 1} <unfinished ...>
16942 <... stat resumed> 0x7f0e77b49420) = -1 ENOENT (No such file or directory)
16956 <... futex resumed> )             = 1
16955 <... futex resumed> )             = 0
16955 futex(0x7f0e700f4e28, FUTEX_WAKE_PRIVATE, 1) = 0
16955 futex(0x7f0e700f4e54, FUTEX_WAIT_PRIVATE, 15, NULL <unfinished ...>
16942 lseek(17, 48952, SEEK_SET)        = 48952
16942 read(17, "PK\3\4\n\0\0\10\10\0B6\206B8Y\34\247\245\0\0\0\326\0\0\0%\0\0\0", 30) = 30
16942 lseek(17, 49019, SEEK_SET)        = 49019
16942 read(17, "e\214;\16\3020\20Dg!\330\344\203\204\270\0\r\0054\230; !\221\2\n$Z\344X\16r"..., 165) = 165
16942 stat("/home/cxh/src/OmcFmuExitBug/com/sun/jna/Structure$FFIType$FFITypes.class",  <unfinished ...>
16956 mprotect(0x7f0e20088000, 32768, PROT_READ|PROT_WRITE <unfinished ...>
16942 <... stat resumed> 0x7f0e77b49420) = -1 ENOENT (No such file or directory)
16956 <... mprotect resumed> )          = 0
16942 lseek(17, 99020, SEEK_SET)        = 99020
16942 read(17, "PK\3\4\n\0\0\10\10\0C6\206B\366\2\330MF\2\0\0\16\6\0\0,\0\0\0", 30) = 30
16942 lseek(17, 99094, SEEK_SET)        = 99094
16942 read(17, "\215\223[O\32Q\24\205\327A\3442\200(\212X/\275R\v\266u\0\21\261Z{\241%1!m"..., 582) = 582
16956 mprotect(0x7f0e20090000, 8192, PROT_READ|PROT_WRITE) = 0
16956 futex(0x7f0e77a10ba0, FUTEX_WAKE_PRIVATE, 1 <unfinished ...>
16942 futex(0x7f0e77a10ba0, FUTEX_WAIT_PRIVATE, 2, NULL <unfinished ...>
16956 <... futex resumed> )             = 0
16942 <... futex resumed> )             = -1 EAGAIN (Resource temporarily unavailable)
16942 futex(0x7f0e77a10ba0, FUTEX_WAKE_PRIVATE, 1) = 0
16956 mprotect(0x7f0e20092000, 4096, PROT_READ|PROT_WRITE) = 0
16942 stat("/home/cxh/src/OmcFmuExitBug/com/sun/jna/Native$2.class", 0x7f0e77b49210) = -1 ENOENT (No such file or directory)
16942 lseek(17, 44083, SEEK_SET)        = 44083
16942 read(17, "PK\3\4\n\0\0\10\10\0B6\206Bn1&i \1\0\0\253\1\0\0\32\0\0\0", 30) = 30
16942 lseek(17, 44139, SEEK_SET)        = 44139
16942 read(17, "mPAN\3030\20\34\267&\t!\320RJ\341\1=\0\7\22\365\n\342R\t\t)*\7P\357"..., 288) = 288
16956 mprotect(0x7f0e20093000, 8192, PROT_READ|PROT_WRITE) = 0
16942 stat("/home/cxh/src/OmcFmuExitBug/com/sun/jna/Native$8.class", 0x7f0e77b49210) = -1 ENOENT (No such file or directory)
16956 mprotect(0x7f0e20095000, 4096, PROT_READ|PROT_WRITE) = 0
16942 lseek(17, 46884, SEEK_SET)        = 46884
16942 read(17, "PK\3\4\n\0\0\10\10\0B6\206B\356\205\360\330|\2\0\0\v\4\0\0\32\0\0\0", 30) = 30
16942 lseek(17, 46940, SEEK_SET)        = 46940
16942 read(17, "mS]S\323@\24=[\266Ii\3\205RPT\24\261J\313W\n\242\" \250\10\n\266u\34"..., 636) = 636
16956 mprotect(0x7f0e20096000, 4096, PROT_READ|PROT_WRITE) = 0
16942 stat("/usr/lib/x86_64-linux-gnu", 0x7f0e77b4af90) = -1 ENOENT (No such file or directory)
16942 stat("/lib/x86_64-linux-gnu", 0x7f0e77b4af90) = -1 ENOENT (No such file or directory)
16942 stat("/usr/lib64", {st_mode=S_IFDIR|0775, st_size=86016, ...}) = 0
16942 stat("/usr/lib64", {st_mode=S_IFDIR|0775, st_size=86016, ...}) = 0
16942 stat("/lib64", {st_mode=S_IFDIR|0555, st_size=12288, ...}) = 0
16942 stat("/lib64", {st_mode=S_IFDIR|0555, st_size=12288, ...}) = 0
16942 stat("/usr/lib", {st_mode=S_IFDIR|0755, st_size=16384, ...}) = 0
16942 stat("/usr/lib", {st_mode=S_IFDIR|0755, st_size=16384, ...}) = 0
16942 stat("/lib", {st_mode=S_IFDIR|0555, st_size=4096, ...}) = 0
16942 stat("/lib", {st_mode=S_IFDIR|0555, st_size=4096, ...}) = 0
16942 lseek(4, 29802129, SEEK_SET)      = 29802129
16942 read(4, "PK\3\4\n\0\0\0\0\0005\246\305Bf\321\271\315\315\2\0\0\315\2\0\0\37\0\0\0", 30) = 30
16942 lseek(4, 29802190, SEEK_SET)      = 29802190
16942 read(4, "\312\376\272\276\0\0\0003\0\"\1\0\3()V\1\0\6<init>\1\0\4Code"..., 717) = 717
16942 lseek(4, 29604324, SEEK_SET)      = 29604324
16942 read(4, "PK\3\4\n\0\0\0\0\0005\246\305B\235U\220\17\367\3\0\0\367\3\0\0)\0\0\0", 30) = 30
16942 lseek(4, 29604395, SEEK_SET)      = 29604395
16942 read(4, "\312\376\272\276\0\0\0003\0+\1\0\5()TE;\1\0\3()V\1\0\3()Z\1\0"..., 1015) = 1015
16942 lseek(4, 57394441, SEEK_SET <unfinished ...>
16956 mprotect(0x7f0e20097000, 32768, PROT_READ|PROT_WRITE <unfinished ...>
16942 <... lseek resumed> )             = 57394441
16956 <... mprotect resumed> )          = 0
16942 read(4, "PK\3\4\n\0\0\0\0\0005\246\305B\257w[\374\362\t\0\0\362\t\0\0\"\0\0\0", 30) = 30
16942 lseek(4, 57394505, SEEK_SET)      = 57394505
16942 read(4, "\312\376\272\276\0\0\0003\0j\1\0\3()I\1\0\5()TE;\1\0\3()V\1\0"..., 2546) = 2546
16942 lseek(4, 57393877, SEEK_SET)      = 57393877
16942 read(4, "PK\3\4\n\0\0\0\0\0004\246\305Bq\335\37\344\372\1\0\0\372\1\0\0\34\0\0\0", 30) = 30
16942 lseek(4, 57393935, SEEK_SET)      = 57393935
16942 read(4, "\312\376\272\276\0\0\0003\0\33\1\0\3()I\1\0\5()TE;\1\0\3()V\1\0"..., 506) = 506
16942 open("/usr/lib/jvm/jdk1.7.0_25/bin/../jre/lib/amd64/jli/Simple.so", O_RDONLY) = -1 ENOENT (No such file or directory)
16942 open("/usr/local/lib/Simple.so", O_RDONLY) = -1 ENOENT (No such file or directory)
16942 open("tls/x86_64/Simple.so", O_RDONLY) = -1 ENOENT (No such file or directory)
16942 open("tls/Simple.so", O_RDONLY)   = -1 ENOENT (No such file or directory)
16942 open("x86_64/Simple.so", O_RDONLY) = -1 ENOENT (No such file or directory)
16942 open("Simple.so", O_RDONLY)       = 21
16942 read(21, "\177ELF\2\1\1\0\0\0\0\0\0\0\0\0\3\0>\0\1\0\0\0 $\2\0\0\0\0\0"..., 832) = 832
16956 mprotect(0x7f0e2009f000, 8192, PROT_READ|PROT_WRITE <unfinished ...>
16942 fstat(21,  <unfinished ...>
16956 <... mprotect resumed> )          = 0
16942 <... fstat resumed> {st_mode=S_IFREG|0755, st_size=6056743, ...}) = 0
16942 getcwd("/home/cxh/src/OmcFmuExitBug", 128) = 28
16942 mmap(NULL, 11566856, PROT_READ|PROT_EXEC, MAP_PRIVATE|MAP_DENYWRITE, 21, 0) = 0x7f0e6c4f8000
16942 mprotect(0x7f0e6c5cc000, 2093056, PROT_NONE) = 0
16942 mmap(0x7f0e6c7cb000, 28672, PROT_READ|PROT_WRITE, MAP_PRIVATE|MAP_FIXED|MAP_DENYWRITE, 21, 0xd3000) = 0x7f0e6c7cb000
16942 mmap(0x7f0e6c7d2000, 8576776, PROT_READ|PROT_WRITE, MAP_PRIVATE|MAP_FIXED|MAP_ANONYMOUS, -1, 0) = 0x7f0e6c7d2000
16942 close(21)                         = 0
16942 open("/usr/lib/jvm/jdk1.7.0_25/bin/../jre/lib/amd64/jli/libexpat.so.1", O_RDONLY) = -1 ENOENT (No such file or directory)
16942 open("/usr/local/lib/libexpat.so.1", O_RDONLY) = -1 ENOENT (No such file or directory)
16942 open("tls/x86_64/libexpat.so.1", O_RDONLY) = -1 ENOENT (No such file or directory)
16942 open("tls/libexpat.so.1", O_RDONLY) = -1 ENOENT (No such file or directory)
16942 open("x86_64/libexpat.so.1", O_RDONLY) = -1 ENOENT (No such file or directory)
16942 open("libexpat.so.1", O_RDONLY)   = -1 ENOENT (No such file or directory)
16942 open("/opt/dymola/bin/lib/libexpat.so.1", O_RDONLY) = -1 ENOENT (No such file or directory)
16942 open("/home/cxh/src/ptII/lib/libexpat.so.1", O_RDONLY) = -1 ENOENT (No such file or directory)
16942 open("/etc/ld.so.cache", O_RDONLY) = 21
16942 fstat(21, {st_mode=S_IFREG|0644, st_size=119647, ...}) = 0
16942 mmap(NULL, 119647, PROT_READ, MAP_PRIVATE, 21, 0) = 0x7f0e74347000
16942 close(21)                         = 0
16942 open("/lib64/libexpat.so.1", O_RDONLY <unfinished ...>
16956 mprotect(0x7f0e200a1000, 8192, PROT_READ|PROT_WRITE <unfinished ...>
16942 <... open resumed> )              = 21
16956 <... mprotect resumed> )          = 0
16942 read(21,  <unfinished ...>
16956 mprotect(0x7f0e200a3000, 32768, PROT_READ|PROT_WRITE <unfinished ...>
16942 <... read resumed> "\177ELF\2\1\1\0\0\0\0\0\0\0\0\0\3\0>\0\1\0\0\0\320<\300f>\0\0\0"..., 832) = 832
16956 <... mprotect resumed> )          = 0
16942 fstat(21, {st_mode=S_IFREG|0755, st_size=167648, ...}) = 0
16942 mmap(0x3e66c00000, 2260432, PROT_READ|PROT_EXEC, MAP_PRIVATE|MAP_DENYWRITE, 21, 0) = 0x3e66c00000
16942 mprotect(0x3e66c26000, 2093056, PROT_NONE) = 0
16942 mmap(0x3e66e25000, 12288, PROT_READ|PROT_WRITE, MAP_PRIVATE|MAP_FIXED|MAP_DENYWRITE, 21, 0x25000) = 0x3e66e25000
16942 close(21)                         = 0
16942 open("/usr/lib/jvm/jdk1.7.0_25/bin/../jre/lib/amd64/jli/libgc.so.1", O_RDONLY) = -1 ENOENT (No such file or directory)
16942 open("/usr/local/lib/libgc.so.1", O_RDONLY) = -1 ENOENT (No such file or directory)
16942 open("tls/x86_64/libgc.so.1", O_RDONLY) = -1 ENOENT (No such file or directory)
16942 open("tls/libgc.so.1", O_RDONLY)  = -1 ENOENT (No such file or directory)
16942 open("x86_64/libgc.so.1", O_RDONLY) = -1 ENOENT (No such file or directory)
16942 open("libgc.so.1", O_RDONLY)      = -1 ENOENT (No such file or directory)
16942 open("/opt/dymola/bin/lib/libgc.so.1", O_RDONLY) = -1 ENOENT (No such file or directory)
16942 open("/home/cxh/src/ptII/lib/libgc.so.1", O_RDONLY) = -1 ENOENT (No such file or directory)
16942 open("/usr/lib64/libgc.so.1", O_RDONLY) = 21
16942 read(21, "\177ELF\2\1\1\0\0\0\0\0\0\0\0\0\3\0>\0\1\0\0\0\340\272@y>\0\0\0"..., 832) = 832
16942 fstat(21, {st_mode=S_IFREG|0755, st_size=161640, ...}) = 0
16942 mmap(0x3e79400000, 3188624, PROT_READ|PROT_EXEC, MAP_PRIVATE|MAP_DENYWRITE, 21, 0) = 0x3e79400000
16942 mprotect(0x3e79425000, 2097152, PROT_NONE) = 0
16942 mmap(0x3e79625000, 8192, PROT_READ|PROT_WRITE, MAP_PRIVATE|MAP_FIXED|MAP_DENYWRITE, 21, 0x25000) = 0x3e79625000
16942 mmap(0x3e79627000, 931728, PROT_READ|PROT_WRITE, MAP_PRIVATE|MAP_FIXED|MAP_ANONYMOUS, -1, 0) = 0x3e79627000
16956 mprotect(0x7f0e200ab000, 4096, PROT_READ|PROT_WRITE <unfinished ...>
16942 close(21 <unfinished ...>
16956 <... mprotect resumed> )          = 0
16942 <... close resumed> )             = 0
16942 open("/usr/lib/jvm/jdk1.7.0_25/bin/../jre/lib/amd64/jli/liblapack.so.3", O_RDONLY) = -1 ENOENT (No such file or directory)
16942 open("/usr/local/lib/liblapack.so.3", O_RDONLY) = -1 ENOENT (No such file or directory)
16942 open("tls/x86_64/liblapack.so.3", O_RDONLY) = -1 ENOENT (No such file or directory)
16942 open("tls/liblapack.so.3", O_RDONLY) = -1 ENOENT (No such file or directory)
16942 open("x86_64/liblapack.so.3", O_RDONLY) = -1 ENOENT (No such file or directory)
16942 open("liblapack.so.3", O_RDONLY)  = -1 ENOENT (No such file or directory)
16942 open("/opt/dymola/bin/lib/liblapack.so.3", O_RDONLY) = -1 ENOENT (No such file or directory)
16942 open("/home/cxh/src/ptII/lib/liblapack.so.3", O_RDONLY) = -1 ENOENT (No such file or directory)
16942 open("/usr/lib64/atlas/liblapack.so.3", O_RDONLY) = 21
16942 read(21, "\177ELF\2\1\1\0\0\0\0\0\0\0\0\0\3\0>\0\1\0\0\0\240\4\2\0\0\0\0\0"..., 832) = 832
16942 fstat(21, {st_mode=S_IFREG|0755, st_size=5326088, ...}) = 0
16942 mmap(NULL, 8525120, PROT_READ|PROT_EXEC, MAP_PRIVATE|MAP_DENYWRITE, 21, 0) = 0x7f0e3f7b6000
16942 mprotect(0x7f0e3fcc7000, 2097152, PROT_NONE) = 0
16942 mmap(0x7f0e3fec7000, 12288, PROT_READ|PROT_WRITE, MAP_PRIVATE|MAP_FIXED|MAP_DENYWRITE, 21, 0x511000) = 0x7f0e3fec7000
16942 mmap(0x7f0e3feca000, 1103168, PROT_READ|PROT_WRITE, MAP_PRIVATE|MAP_FIXED|MAP_ANONYMOUS, -1, 0) = 0x7f0e3feca000
16942 close(21)                         = 0
16942 open("/usr/lib/jvm/jdk1.7.0_25/bin/../jre/lib/amd64/jli/libstdc++.so.6", O_RDONLY) = -1 ENOENT (No such file or directory)
16942 open("/usr/local/lib/libstdc++.so.6", O_RDONLY) = -1 ENOENT (No such file or directory)
16942 open("tls/x86_64/libstdc++.so.6", O_RDONLY) = -1 ENOENT (No such file or directory)
16942 open("tls/libstdc++.so.6", O_RDONLY) = -1 ENOENT (No such file or directory)
16942 open("x86_64/libstdc++.so.6", O_RDONLY) = -1 ENOENT (No such file or directory)
16942 open("libstdc++.so.6", O_RDONLY)  = -1 ENOENT (No such file or directory)
16942 open("/opt/dymola/bin/lib/libstdc++.so.6", O_RDONLY) = -1 ENOENT (No such file or directory)
16942 open("/home/cxh/src/ptII/lib/libstdc++.so.6", O_RDONLY) = -1 ENOENT (No such file or directory)
16942 open("/usr/lib64/libstdc++.so.6", O_RDONLY) = 21
16942 read(21, "\177ELF\2\1\1\0\0\0\0\0\0\0\0\0\3\0>\0\1\0\0\0\360cEm>\0\0\0"..., 832) = 832
16942 fstat(21, {st_mode=S_IFREG|0755, st_size=989840, ...}) = 0
16942 mmap(0x3e6d400000, 3166648, PROT_READ|PROT_EXEC, MAP_PRIVATE|MAP_DENYWRITE, 21, 0) = 0x3e6d400000
16942 mprotect(0x3e6d4e8000, 2097152, PROT_NONE) = 0
16942 mmap(0x3e6d6e8000, 36864, PROT_READ|PROT_WRITE, MAP_PRIVATE|MAP_FIXED|MAP_DENYWRITE, 21, 0xe8000) = 0x3e6d6e8000
16942 mmap(0x3e6d6f1000, 82360, PROT_READ|PROT_WRITE, MAP_PRIVATE|MAP_FIXED|MAP_ANONYMOUS, -1, 0) = 0x3e6d6f1000
16942 close(21 <unfinished ...>
16956 madvise(0x7f0e200a8000, 16384, MADV_DONTNEED <unfinished ...>
16942 <... close resumed> )             = 0
16956 <... madvise resumed> )           = 0
16942 open("/usr/lib/jvm/jdk1.7.0_25/bin/../jre/lib/amd64/jli/libgomp.so.1", O_RDONLY <unfinished ...>
16956 futex(0x7f0e700f7854, FUTEX_WAIT_PRIVATE, 25, NULL <unfinished ...>
16942 <... open resumed> )              = -1 ENOENT (No such file or directory)
16942 open("/usr/local/lib/libgomp.so.1", O_RDONLY) = -1 ENOENT (No such file or directory)
16942 open("tls/x86_64/libgomp.so.1", O_RDONLY) = -1 ENOENT (No such file or directory)
16942 open("tls/libgomp.so.1", O_RDONLY) = -1 ENOENT (No such file or directory)
16942 open("x86_64/libgomp.so.1", O_RDONLY) = -1 ENOENT (No such file or directory)
16942 open("libgomp.so.1", O_RDONLY)    = -1 ENOENT (No such file or directory)
16942 open("/opt/dymola/bin/lib/libgomp.so.1", O_RDONLY) = -1 ENOENT (No such file or directory)
16942 open("/home/cxh/src/ptII/lib/libgomp.so.1", O_RDONLY) = -1 ENOENT (No such file or directory)
16942 open("/usr/lib64/libgomp.so.1", O_RDONLY) = 21
16942 read(21, "\177ELF\2\1\1\0\0\0\0\0\0\0\0\0\3\0>\0\1\0\0\0@6\0t>\0\0\0"..., 832) = 832
16942 fstat(21, {st_mode=S_IFREG|0755, st_size=57712, ...}) = 0
16942 mmap(0x3e74000000, 2150272, PROT_READ|PROT_EXEC, MAP_PRIVATE|MAP_DENYWRITE, 21, 0) = 0x3e74000000
16942 mprotect(0x3e7400d000, 2093056, PROT_NONE) = 0
16942 mmap(0x3e7420c000, 4096, PROT_READ|PROT_WRITE, MAP_PRIVATE|MAP_FIXED|MAP_DENYWRITE, 21, 0xc000) = 0x3e7420c000
16942 close(21)                         = 0
16942 open("/usr/lib/jvm/jdk1.7.0_25/bin/../jre/lib/amd64/jli/libgcc_s.so.1", O_RDONLY) = -1 ENOENT (No such file or directory)
16942 open("/usr/local/lib/libgcc_s.so.1", O_RDONLY) = -1 ENOENT (No such file or directory)
16942 open("tls/x86_64/libgcc_s.so.1", O_RDONLY) = -1 ENOENT (No such file or directory)
16942 open("tls/libgcc_s.so.1", O_RDONLY) = -1 ENOENT (No such file or directory)
16942 open("x86_64/libgcc_s.so.1", O_RDONLY) = -1 ENOENT (No such file or directory)
16942 open("libgcc_s.so.1", O_RDONLY)   = -1 ENOENT (No such file or directory)
16942 open("/opt/dymola/bin/lib/libgcc_s.so.1", O_RDONLY) = -1 ENOENT (No such file or directory)
16942 open("/home/cxh/src/ptII/lib/libgcc_s.so.1", O_RDONLY) = -1 ENOENT (No such file or directory)
16942 open("/lib64/libgcc_s.so.1", O_RDONLY) = 21
16942 read(21, "\177ELF\2\1\1\0\0\0\0\0\0\0\0\0\3\0>\0\1\0\0\0\20)\200l>\0\0\0"..., 832) = 832
16942 fstat(21, {st_mode=S_IFREG|0755, st_size=93224, ...}) = 0
16942 mmap(0x3e6c800000, 2186488, PROT_READ|PROT_EXEC, MAP_PRIVATE|MAP_DENYWRITE, 21, 0) = 0x3e6c800000
16942 mprotect(0x3e6c816000, 2093056, PROT_NONE) = 0
16942 mmap(0x3e6ca15000, 4096, PROT_READ|PROT_WRITE, MAP_PRIVATE|MAP_FIXED|MAP_DENYWRITE, 21, 0x15000) = 0x3e6ca15000
16942 close(21)                         = 0
16942 open("/usr/lib/jvm/jdk1.7.0_25/bin/../jre/lib/amd64/jli/libgfortran.so.3", O_RDONLY) = -1 ENOENT (No such file or directory)
16942 open("/usr/local/lib/libgfortran.so.3", O_RDONLY) = -1 ENOENT (No such file or directory)
16942 open("tls/x86_64/libgfortran.so.3", O_RDONLY) = -1 ENOENT (No such file or directory)
16942 open("tls/libgfortran.so.3", O_RDONLY) = -1 ENOENT (No such file or directory)
16942 open("x86_64/libgfortran.so.3", O_RDONLY) = -1 ENOENT (No such file or directory)
16942 open("libgfortran.so.3", O_RDONLY) = -1 ENOENT (No such file or directory)
16942 open("/opt/dymola/bin/lib/libgfortran.so.3", O_RDONLY) = -1 ENOENT (No such file or directory)
16942 open("/home/cxh/src/ptII/lib/libgfortran.so.3", O_RDONLY) = -1 ENOENT (No such file or directory)
16942 open("/usr/lib64/libgfortran.so.3", O_RDONLY) = 21
16942 read(21, "\177ELF\2\1\1\0\0\0\0\0\0\0\0\0\3\0>\0\1\0\0\0000>\1\0\0\0\0\0"..., 832) = 832
16942 fstat(21, {st_mode=S_IFREG|0755, st_size=988032, ...}) = 0
16942 mmap(NULL, 3085744, PROT_READ|PROT_EXEC, MAP_PRIVATE|MAP_DENYWRITE, 21, 0) = 0x7f0e74055000
16942 mprotect(0x7f0e74145000, 2093056, PROT_NONE) = 0
16942 mmap(0x7f0e74344000, 8192, PROT_READ|PROT_WRITE, MAP_PRIVATE|MAP_FIXED|MAP_DENYWRITE, 21, 0xef000) = 0x7f0e74344000
16942 mmap(0x7f0e74346000, 1456, PROT_READ|PROT_WRITE, MAP_PRIVATE|MAP_FIXED|MAP_ANONYMOUS, -1, 0) = 0x7f0e74346000
16942 close(21)                         = 0
16942 open("/usr/lib/jvm/jdk1.7.0_25/bin/../jre/lib/amd64/jli/libf77blas.so.3", O_RDONLY) = -1 ENOENT (No such file or directory)
16942 open("/usr/local/lib/libf77blas.so.3", O_RDONLY) = -1 ENOENT (No such file or directory)
16942 open("tls/x86_64/libf77blas.so.3", O_RDONLY) = -1 ENOENT (No such file or directory)
16942 open("tls/libf77blas.so.3", O_RDONLY) = -1 ENOENT (No such file or directory)
16942 open("x86_64/libf77blas.so.3", O_RDONLY) = -1 ENOENT (No such file or directory)
16942 open("libf77blas.so.3", O_RDONLY) = -1 ENOENT (No such file or directory)
16942 open("/opt/dymola/bin/lib/libf77blas.so.3", O_RDONLY) = -1 ENOENT (No such file or directory)
16942 open("/home/cxh/src/ptII/lib/libf77blas.so.3", O_RDONLY) = -1 ENOENT (No such file or directory)
16942 open("/usr/lib64/atlas/libf77blas.so.3", O_RDONLY) = 21
16942 read(21, "\177ELF\2\1\1\0\0\0\0\0\0\0\0\0\3\0>\0\1\0\0\0\340\177\0\0\0\0\0\0"..., 832) = 832
16942 fstat(21, {st_mode=S_IFREG|0755, st_size=127888, ...}) = 0
16942 mmap(NULL, 2223128, PROT_READ|PROT_EXEC, MAP_PRIVATE|MAP_DENYWRITE, 21, 0) = 0x7f0e6c2d9000
16942 mprotect(0x7f0e6c2f8000, 2093056, PROT_NONE) = 0
16942 mmap(0x7f0e6c4f7000, 4096, PROT_READ|PROT_WRITE, MAP_PRIVATE|MAP_FIXED|MAP_DENYWRITE, 21, 0x1e000) = 0x7f0e6c4f7000
16942 close(21)                         = 0
16942 open("/usr/lib/jvm/jdk1.7.0_25/bin/../jre/lib/amd64/jli/libcblas.so.3", O_RDONLY) = -1 ENOENT (No such file or directory)
16942 open("/usr/local/lib/libcblas.so.3", O_RDONLY) = -1 ENOENT (No such file or directory)
16942 open("tls/x86_64/libcblas.so.3", O_RDONLY) = -1 ENOENT (No such file or directory)
16942 open("tls/libcblas.so.3", O_RDONLY) = -1 ENOENT (No such file or directory)
16942 open("x86_64/libcblas.so.3", O_RDONLY) = -1 ENOENT (No such file or directory)
16942 open("libcblas.so.3", O_RDONLY)   = -1 ENOENT (No such file or directory)
16942 open("/opt/dymola/bin/lib/libcblas.so.3", O_RDONLY) = -1 ENOENT (No such file or directory)
16942 open("/home/cxh/src/ptII/lib/libcblas.so.3", O_RDONLY) = -1 ENOENT (No such file or directory)
16942 open("/usr/lib64/atlas/libcblas.so.3", O_RDONLY) = 21
16942 read(21, "\177ELF\2\1\1\0\0\0\0\0\0\0\0\0\3\0>\0\1\0\0\0000S\0\0\0\0\0\0"..., 832) = 832
16942 fstat(21, {st_mode=S_IFREG|0755, st_size=130872, ...}) = 0
16942 mmap(NULL, 2226112, PROT_READ|PROT_EXEC, MAP_PRIVATE|MAP_DENYWRITE, 21, 0) = 0x7f0e6c0b9000
16942 mprotect(0x7f0e6c0d9000, 2093056, PROT_NONE) = 0
16942 mmap(0x7f0e6c2d8000, 4096, PROT_READ|PROT_WRITE, MAP_PRIVATE|MAP_FIXED|MAP_DENYWRITE, 21, 0x1f000) = 0x7f0e6c2d8000
16942 close(21)                         = 0
16942 open("/usr/lib/jvm/jdk1.7.0_25/bin/../jre/lib/amd64/jli/libatlas.so.3", O_RDONLY) = -1 ENOENT (No such file or directory)
16942 open("/usr/local/lib/libatlas.so.3", O_RDONLY) = -1 ENOENT (No such file or directory)
16942 open("tls/x86_64/libatlas.so.3", O_RDONLY) = -1 ENOENT (No such file or directory)
16942 open("tls/libatlas.so.3", O_RDONLY) = -1 ENOENT (No such file or directory)
16942 open("x86_64/libatlas.so.3", O_RDONLY) = -1 ENOENT (No such file or directory)
16942 open("libatlas.so.3", O_RDONLY)   = -1 ENOENT (No such file or directory)
16942 open("/opt/dymola/bin/lib/libatlas.so.3", O_RDONLY) = -1 ENOENT (No such file or directory)
16942 open("/home/cxh/src/ptII/lib/libatlas.so.3", O_RDONLY) = -1 ENOENT (No such file or directory)
16942 open("/usr/lib64/atlas/libatlas.so.3", O_RDONLY) = 21
16942 read(21, "\177ELF\2\1\1\0\0\0\0\0\0\0\0\0\3\0>\0\1\0\0\0\0Z\5\0\0\0\0\0"..., 832) = 832
16942 fstat(21, {st_mode=S_IFREG|0755, st_size=4570424, ...}) = 0
16942 mmap(NULL, 6665856, PROT_READ|PROT_EXEC, MAP_PRIVATE|MAP_DENYWRITE, 21, 0) = 0x7f0e3f15a000
16942 mprotect(0x7f0e3f5ad000, 2093056, PROT_NONE) = 0
16942 mmap(0x7f0e3f7ac000, 40960, PROT_READ|PROT_WRITE, MAP_PRIVATE|MAP_FIXED|MAP_DENYWRITE, 21, 0x452000) = 0x7f0e3f7ac000
16942 close(21)                         = 0
16942 mprotect(0x3e6d6e8000, 28672, PROT_READ) = 0
16942 fstat(0, {st_mode=S_IFCHR|0620, st_rdev=makedev(136, 3), ...}) = 0
16942 lseek(0, 0, SEEK_CUR)             = -1 ESPIPE (Illegal seek)
16942 ioctl(0, SNDCTL_TMR_TIMEBASE or TCGETS, {B38400 opost isig icanon -echo ...}) = 0
16942 fstat(1, {st_mode=S_IFCHR|0620, st_rdev=makedev(136, 3), ...}) = 0
16942 lseek(1, 0, SEEK_CUR)             = -1 ESPIPE (Illegal seek)
16942 ioctl(1, SNDCTL_TMR_TIMEBASE or TCGETS, {B38400 opost isig icanon -echo ...}) = 0
16942 fstat(2, {st_mode=S_IFCHR|0620, st_rdev=makedev(136, 3), ...}) = 0
16942 lseek(2, 0, SEEK_CUR)             = -1 ESPIPE (Illegal seek)
16942 ioctl(2, SNDCTL_TMR_TIMEBASE or TCGETS, {B38400 opost isig icanon -echo ...}) = 0
16942 sched_getaffinity(16942, 128,  { ff, 0, 0, 0, 0, 0, 0, 0, 0, 0, 0, 0, 0, 0, 0, 0 }) = 128
16942 futex(0x3e6d6f1d08, FUTEX_WAKE_PRIVATE, 2147483647) = 0
16942 munmap(0x7f0e74347000, 119647)    = 0
16942 mmap(0x7f0e77a4c000, 12288, PROT_NONE, MAP_PRIVATE|MAP_FIXED|MAP_ANONYMOUS|MAP_NORESERVE, -1, 0) = 0x7f0e77a4c000
16942 rt_sigprocmask(SIG_SETMASK, [], NULL, 8) = 0
16942 sched_getaffinity(16942, 32,  { ff, 0, 0, 0 }) = 32
16942 sched_getaffinity(16942, 32,  { ff, 0, 0, 0 }) = 32
16942 gettid()                          = 16942
16942 rt_sigprocmask(SIG_BLOCK, NULL, [], 8) = 0
16942 rt_sigprocmask(SIG_UNBLOCK, [HUP INT ILL BUS FPE SEGV USR2 TERM], NULL, 8) = 0
16942 rt_sigprocmask(SIG_BLOCK, [QUIT], NULL, 8) = 0
16942 mmap(0x7f0e77a4c000, 12288, PROT_READ|PROT_WRITE, MAP_PRIVATE|MAP_FIXED|MAP_ANONYMOUS, -1, 0) = 0x7f0e77a4c000
16942 mprotect(0x7f0e77a4c000, 12288, PROT_NONE) = 0
16942 lseek(4, 29556092, SEEK_SET)      = 29556092
16942 read(4, "PK\3\4\n\0\0\0\0\0004\246\305Bw\357\306\354\205\6\0\0\205\6\0\0\35\0\0\0", 30) = 30
16942 lseek(4, 29556151, SEEK_SET)      = 29556151
16942 read(4, "\312\376\272\276\0\0\0003\0N\1\0\5()TE;\1\0\3()V\1\0\3()Z\1\0"..., 1669) = 1669
16942 unlink("/tmp/jna-cxh/jna8208158486249367866.tmp") = -1 ENOENT (No such file or directory)
16942 futex(0x7f0e70104654, FUTEX_WAKE_OP_PRIVATE, 1, 1, 0x7f0e70104650, {FUTEX_OP_SET, 0, FUTEX_OP_CMP_GT, 1}) = 1
16958 <... futex resumed> )             = 0
16942 futex(0x7f0e70008654, FUTEX_WAIT_PRIVATE, 1, NULL <unfinished ...>
16958 futex(0x7f0e70104628, FUTEX_WAKE_PRIVATE, 1) = 0
16958 futex(0x7f0e70008654, FUTEX_WAKE_OP_PRIVATE, 1, 1, 0x7f0e70008650, {FUTEX_OP_SET, 0, FUTEX_OP_CMP_GT, 1}) = 1
16942 <... futex resumed> )             = 0
16958 madvise(0x7f0e744e7000, 1028096, MADV_DONTNEED <unfinished ...>
16942 futex(0x7f0e70008628, FUTEX_WAKE_PRIVATE, 1 <unfinished ...>
16958 <... madvise resumed> )           = 0
16942 <... futex resumed> )             = 0
16958 _exit(0)                          = ?
16942 futex(0x7f0e779f9f00, FUTEX_WAKE_PRIVATE, 1 <unfinished ...>
16954 <... futex resumed> )             = 0
16942 <... futex resumed> )             = 1
16942 mmap(0x7f0e77a4c000, 12288, PROT_NONE, MAP_PRIVATE|MAP_FIXED|MAP_ANONYMOUS|MAP_NORESERVE, -1, 0) = 0x7f0e77a4c000
16942 futex(0x7f0e7009a254, FUTEX_WAKE_OP_PRIVATE, 1, 1, 0x7f0e7009a250, {FUTEX_OP_SET, 0, FUTEX_OP_CMP_GT, 1}) = 1
16954 mmap(0x7f0e748eb000, 12288, PROT_NONE, MAP_PRIVATE|MAP_FIXED|MAP_ANONYMOUS|MAP_NORESERVE, -1, 0 <unfinished ...>
16951 <... futex resumed> )             = 0
16942 futex(0x7f0e70008654, FUTEX_WAIT_PRIVATE, 3, NULL <unfinished ...>
16954 <... mmap resumed> )              = 0x7f0e748eb000
16951 futex(0x7f0e7009a228, FUTEX_WAKE_PRIVATE, 1 <unfinished ...>
16954 rt_sigprocmask(SIG_SETMASK, [QUIT],  <unfinished ...>
16951 <... futex resumed> )             = 0
16954 <... rt_sigprocmask resumed> NULL, 8) = 0
16951 mprotect(0x7f0e77a49000, 4096, PROT_READ <unfinished ...>
16954 madvise(0x7f0e748eb000, 1028096, MADV_DONTNEED <unfinished ...>
16951 <... mprotect resumed> )          = 0
16954 <... madvise resumed> )           = 0
16951 mprotect(0x7f0e77a49000, 4096, PROT_READ|PROT_WRITE <unfinished ...>
16954 _exit(0)                          = ?
16951 <... mprotect resumed> )          = 0
16951 mprotect(0x7f0e77a4a000, 4096, PROT_NONE) = 0
16951 futex(0x7f0e70008654, FUTEX_WAKE_OP_PRIVATE, 1, 1, 0x7f0e70008650, {FUTEX_OP_SET, 0, FUTEX_OP_CMP_GT, 1}) = 1
16942 <... futex resumed> )             = 0
16951 madvise(0x7f0e44192000, 1028096, MADV_DONTNEED <unfinished ...>
16942 futex(0x7f0e70008628, FUTEX_WAKE_PRIVATE, 1 <unfinished ...>
16951 <... madvise resumed> )           = 0
16942 <... futex resumed> )             = 0
16951 _exit(0)                          = ?
16942 rt_sigprocmask(SIG_SETMASK, [], NULL, 8) = 0
16942 unlink("/tmp/hsperfdata_cxh/16941") = 0
16942 madvise(0x7f0e77a4c000, 1028096, MADV_DONTNEED) = 0
16942 _exit(0)                          = ?
16941 <... futex resumed> )             = 0
16941 close(0)                          = 0
16941 close(0)                          = -1 EBADF (Bad file descriptor)
16941 futex(0x3e6ca15a90, FUTEX_WAKE_PRIVATE, 2147483647) = 0
16941 _exit(0)                          = ?
16943 <... futex resumed> )             = ? ERESTARTSYS (To be restarted)
16943 futex(0x7f0e70016654, FUTEX_WAIT_PRIVATE, 3, NULL