"time", "stairBouncingBall.Root.$wallTime", "stairBouncingBall.Root.stairBouncingBallwin3264.$wallTime", "stairBouncingBall.Root.stairBouncingBallwin3264.x", "stairBouncingBall.Root.stairBouncingBallwin3264.der(x)", "stairBouncingBall.Root.stairBouncingBallwin3264.y", "stairBouncingBall.Root.stairBouncingBallwin3264.der(y)", "stairBouncingBall.Root.stairBouncingBallwin3264.xs", "stairBouncingBall.Root.stairBouncingBallwin3264.der(xs)", "stairBouncingBall.Root.stairBouncingBallwin3264.ys", "stairBouncingBall.Root.stairBouncingBallwin3264.der(ys)", "stairBouncingBall.Root.stairBouncingBallwin3264.rebound", "stairBouncingBall.Root.stairBouncingBallwin3264.stair"
0, 0, 0, 0.575, 0.5, 10.5, 0, 0.5, -0.05, 0, -9.80665, 0, 10
0.01, 0, 0, 0.579997332335, 0.499500266766, 10.499476783, -0.0980141738669, 0.499500266766, -0.0499500266766, -0.0980141738669, -9.79684858261, 0, 10
0.01, 0, 0, 0.579997332335, 0.499500266766, 10.499476783, -0.0980141738669, 0.499500266766, -0.0499500266766, -0.0980141738669, -9.79684858261, 0, 10
0.02, 0, 0, 0.584989735789, 0.499001026421, 10.4979868496, -0.195931670257, 0.499001026421, -0.0499001026421, -0.195931670257, -9.78705683297, 0, 10
0.02, 0, 0, 0.584989735789, 0.499001026421, 10.4979868496, -0.195931670257, 0.499001026421, -0.0499001026421, -0.195931670257, -9.78705683297, 0, 10
0.03, 0, 0, 0.589977129577, 0.498502287042, 10.4955143557, -0.293750910117, 0.498502287042, -0.0498502287042, -0.293750910117, -9.77727490899, 0, 10
0.03, 0, 0, 0.589977129577, 0.498502287042, 10.4955143557, -0.293750910117, 0.498502287042, -0.0498502287042, -0.293750910117, -9.77727490899, 0, 10
0.04, 0, 0, 0.59495958826, 0.498004041174, 10.492073925, -0.39147335363, 0.498004041174, -0.0498004041174, -0.39147335363, -9.76750266464, 0, 10
0.04, 0, 0, 0.59495958826, 0.498004041174, 10.492073925, -0.39147335363, 0.498004041174, -0.0498004041174, -0.39147335363, -9.76750266464, 0, 10
0.05, 0, 0, 0.599937110724, 0.497506288928, 10.4876653389, -0.489098979748, 0.497506288928, -0.0497506288928, -0.489098979748, -9.75774010203, 0, 10
0.05, 0, 0, 0.599937110724, 0.497506288928, 10.4876653389, -0.489098979748, 0.497506288928, -0.0497506288928, -0.489098979748, -9.75774010203, 0, 10
0.06, 0, 0, 0.604909636423, 0.497009036358, 10.4822767225, -0.586626606843, 0.497009036358, -0.0497009036358, -0.586626606843, -9.74798733932, 0, 10
0.06, 0, 0, 0.604909636423, 0.497009036358, 10.4822767225, -0.586626606843, 0.497009036358, -0.0497009036358, -0.586626606843, -9.74798733932, 0, 10
0.07, 0, 0, 0.609877211919, 0.496512278808, 10.4759172078, -0.684057143605, 0.496512278808, -0.0496512278808, -0.684057143605, -9.73824428564, 0, 10
0.07, 0, 0, 0.609877211919, 0.496512278808, 10.4759172078, -0.684057143605, 0.496512278808, -0.0496512278808, -0.684057143605, -9.73824428564, 0, 10
0.08, 0, 0, 0.61483983721, 0.496016016279, 10.4685867949, -0.781390590034, 0.496016016279, -0.0496016016279, -0.781390590034, -9.728510941, 0, 10
0.08, 0, 0, 0.61483983721, 0.496016016279, 10.4685867949, -0.781390590034, 0.496016016279, -0.0496016016279, -0.781390590034, -9.728510941, 0, 10
0.09, 0, 0, 0.619797512297, 0.49552024877, 10.4602854837, -0.87862694613, 0.49552024877, -0.049552024877, -0.87862694613, -9.71878730539, 0, 10
0.09, 0, 0, 0.619797512297, 0.49552024877, 10.4602854837, -0.87862694613, 0.49552024877, -0.049552024877, -0.87862694613, -9.71878730539, 0, 10
0.1, 0, 0, 0.62475023718, 0.495024976282, 10.4510132743, -0.975766211893, 0.495024976282, -0.0495024976282, -0.975766211893, -9.70907337881, 0, 10
0.1, 0, 0, 0.62475023718, 0.495024976282, 10.4510132743, -0.975766211893, 0.495024976282, -0.0495024976282, -0.975766211893, -9.70907337881, 0, 10
0.11, 0, 0, 0.62969811291, 0.494530188709, 10.4407899847, -1.07281039029, 0.494530188709, -0.0494530188709, -1.07281039029, -9.69936896097, 0, 10
0.11, 0, 0, 0.62969811291, 0.494530188709, 10.4407899847, -1.07281039029, 0.494530188709, -0.0494530188709, -1.07281039029, -9.69936896097, 0, 10
0.12, 0, 0, 0.634641066705, 0.494035893329, 10.429601341, -1.16975803869, 0.494035893329, -0.0494035893329, -1.16975803869, -9.68967419613, 0, 10
0.12, 0, 0, 0.634641066705, 0.494035893329, 10.429601341, -1.16975803869, 0.494035893329, -0.0494035893329, -1.16975803869, -9.68967419613, 0, 10
0.13, 0, 0, 0.639579088831, 0.493542091117, 10.417445434, -1.26660896413, 0.493542091117, -0.0493542091117, -1.26660896413, -9.67998910359, 0, 10
0.13, 0, 0, 0.639579088831, 0.493542091117, 10.417445434, -1.26660896413, 0.493542091117, -0.0493542091117, -1.26660896413, -9.67998910359, 0, 10
0.14, 0, 0, 0.644512179288, 0.493048782071, 10.4043222638, -1.36336316663, 0.493048782071, -0.0493048782071, -1.36336316663, -9.67031368334, 0, 10
0.14, 0, 0, 0.644512179288, 0.493048782071, 10.4043222638, -1.36336316663, 0.493048782071, -0.0493048782071, -1.36336316663, -9.67031368334, 0, 10
0.15, 0, 0, 0.649440338075, 0.492555966193, 10.3902318303, -1.46002064617, 0.492555966193, -0.0492555966193, -1.46002064617, -9.66064793538, 0, 10
0.15, 0.0009972, 0, 0.649440338075, 0.492555966193, 10.3902318303, -1.46002064617, 0.492555966193, -0.0492555966193, -1.46002064617, -9.66064793538, 0, 10
0.16, 0.0009972, 0, 0.654363565193, 0.492063643481, 10.3751741336, -1.55658140277, 0.492063643481, -0.0492063643481, -1.55658140277, -9.65099185972, 0, 10
0.16, 0.0009972, 0, 0.654363565193, 0.492063643481, 10.3751741336, -1.55658140277, 0.492063643481, -0.0492063643481, -1.55658140277, -9.65099185972, 0, 10
0.17, 0.0009972, 0, 0.659281860641, 0.491571813936, 10.3591491736, -1.65304543641, 0.491571813936, -0.0491571813936, -1.65304543641, -9.64134545636, 0, 10
0.17, 0.0009972, 0, 0.659281860641, 0.491571813936, 10.3591491736, -1.65304543641, 0.491571813936, -0.0491571813936, -1.65304543641, -9.64134545636, 0, 10
0.18, 0.0009972, 0, 0.664195224421, 0.491080477558, 10.3421569504, -1.7494127471, 0.491080477558, -0.0491080477558, -1.7494127471, -9.63170872529, 0, 10
0.18, 0.0009972, 0, 0.664195224421, 0.491080477558, 10.3421569504, -1.7494127471, 0.491080477558, -0.0491080477558, -1.7494127471, -9.63170872529, 0, 10
0.19, 0.0009972, 0, 0.66910365653, 0.490589634347, 10.324197464, -1.84568333485, 0.490589634347, -0.0490589634347, -1.84568333485, -9.62208166652, 0, 10
0.19, 0.0009972, 0, 0.66910365653, 0.490589634347, 10.324197464, -1.84568333485, 0.490589634347, -0.0490589634347, -1.84568333485, -9.62208166652, 0, 10
0.2, 0.0009972, 0, 0.674007156971, 0.490099284303, 10.3052707143, -1.94185719964, 0.490099284303, -0.0490099284303, -1.94185719964, -9.61246428004, 0, 10
0.2, 0.0009972, 0, 0.674007156971, 0.490099284303, 10.3052707143, -1.94185719964, 0.490099284303, -0.0490099284303, -1.94185719964, -9.61246428004, 0, 10
0.21, 0.0009972, 0, 0.678905725742, 0.489609427426, 10.2853767014, -2.03793434148, 0.489609427426, -0.0489609427426, -2.03793434148, -9.60285656585, 0, 10
0.21, 0.0009972, 0, 0.678905725742, 0.489609427426, 10.2853767014, -2.03793434148, 0.489609427426, -0.0489609427426, -2.03793434148, -9.60285656585, 0, 10
0.22, 0.0009972, 0, 0.683799555231, 0.489120044477, 10.264553159, -2.133918511, 0.489120044477, -0.0489120044477, -2.133918511, -9.5932581489, 0, 10
0.22, 0.0009972, 0, 0.683799555231, 0.489120044477, 10.264553159, -2.133918511, 0.489120044477, -0.0489120044477, -2.133918511, -9.5932581489, 0, 10
0.23, 0.0009972, 0, 0.688688551074, 0.488631144893, 10.2427815789, -2.22980786854, 0.488631144893, -0.0488631144893, -2.22980786854, -9.58366921315, 0, 10
0.23, 0.0009972, 0, 0.688688551074, 0.488631144893, 10.2427815789, -2.22980786854, 0.488631144893, -0.0488631144893, -2.22980786854, -9.58366921315, 0, 10
0.24, 0.0009972, 0, 0.693572657751, 0.488142734225, 10.2200510719, -2.32560133174, 0.488142734225, -0.0488142734225, -2.32560133174, -9.57408986683, 0, 10
0.24, 0.0009972, 0, 0.693572657751, 0.488142734225, 10.2200510719, -2.32560133174, 0.488142734225, -0.0488142734225, -2.32560133174, -9.57408986683, 0, 10
0.25, 0.0009972, 0, 0.698451875262, 0.487654812474, 10.196361638, -2.4212989006, 0.487654812474, -0.0487654812474, -2.4212989006, -9.56452010994, 0, 10
0.25, 0.0009972, 0, 0.698451875262, 0.487654812474, 10.196361638, -2.4212989006, 0.487654812474, -0.0487654812474, -2.4212989006, -9.56452010994, 0, 10
0.26, 0.0009972, 0, 0.703326203607, 0.487167379639, 10.1717132772, -2.51690057511, 0.487167379639, -0.0487167379639, -2.51690057511, -9.55495994249, 0, 10
0.26, 0.0009972, 0, 0.703326203607, 0.487167379639, 10.1717132772, -2.51690057511, 0.487167379639, -0.0487167379639, -2.51690057511, -9.55495994249, 0, 10
0.27, 0.0009972, 0, 0.708195642785, 0.486680435722, 10.1461059894, -2.61240635528, 0.486680435722, -0.0486680435722, -2.61240635528, -9.54540936447, 0, 10
0.27, 0.0009972, 0, 0.708195642785, 0.486680435722, 10.1461059894, -2.61240635528, 0.486680435722, -0.0486680435722, -2.61240635528, -9.54540936447, 0, 10
0.28, 0.0009972, 0, 0.713060192797, 0.48619398072, 10.1195397747, -2.7078162411, 0.48619398072, -0.048619398072, -2.7078162411, -9.53586837589, 0, 10
0.28, 0.0009972, 0, 0.713060192797, 0.48619398072, 10.1195397747, -2.7078162411, 0.48619398072, -0.048619398072, -2.7078162411, -9.53586837589, 0, 10
0.29, 0.0009972, 0, 0.717919853643, 0.485708014636, 10.0920146331, -2.80313023258, 0.485708014636, -0.0485708014636, -2.80313023258, -9.52633697674, 0, 10
0.29, 0.0009972, 0, 0.717919853643, 0.485708014636, 10.0920146331, -2.80313023258, 0.485708014636, -0.0485708014636, -2.80313023258, -9.52633697674, 0, 10
0.3, 0.0009972, 0, 0.722774625323, 0.485222537468, 10.0635305645, -2.89834832971, 0.485222537468, -0.0485222537468, -2.89834832971, -9.51681516703, 0, 10
0.3, 0.0009972, 0, 0.722774625323, 0.485222537468, 10.0635305645, -2.89834832971, 0.485222537468, -0.0485222537468, -2.89834832971, -9.51681516703, 0, 10
0.31, 0.0009972, 0, 0.727624507836, 0.484737549216, 10.034087569, -2.9934705325, 0.484737549216, -0.0484737549216, -2.9934705325, -9.50730294675, 0, 10
0.31, 0.0009972, 0, 0.727624507836, 0.484737549216, 10.034087569, -2.9934705325, 0.484737549216, -0.0484737549216, -2.9934705325, -9.50730294675, 0, 10
0.32, 0.0009972, 0, 0.732469501184, 0.484253049882, 10.0036856465, -3.08849684095, 0.484253049882, -0.0484253049882, -3.08849684095, -9.49780031591, 0, 10
0.32, 0.0009972, 0, 0.732469501184, 0.484253049882, 10.0036856465, -3.08849684095, 0.484253049882, -0.0484253049882, -3.08849684095, -9.49780031591, 0, 10
0.33, 0.0009972, 0, 0.737309612891, 0.483769038711, 9.99678208422, 2.5835859519, 0.483769038711, -0.0483769038711, 2.5835859519, 234.218991166, 1, 10
0.33, 0.0009972, 0, 0.737309612891, 0.483769038711, 9.99678208422, 2.5835859519, 0.483769038711, -0.0483769038711, 2.5835859519, 234.218991166, 1, 10
0.34, 0.0009972, 0, 0.742143017233, 0.483285698277, 10.0227142688, 2.58412315617, 0.483285698277, -0.0483285698277, 2.58412315617, -10.0650623156, 0, 10
0.34, 0.0009972, 0, 0.742143017233, 0.483285698277, 10.0227142688, 2.58412315617, 0.483285698277, -0.0483285698277, 2.58412315617, -10.0650623156, 0, 10
0.35, 0.0009972, 0, 0.746970410206, 0.482802958979, 10.0474175482, 2.48358632823, 0.482802958979, -0.0482802958979, 2.48358632823, -10.0550086328, 0, 10
0.35, 0.0009972, 0, 0.746970410206, 0.482802958979, 10.0474175482, 2.48358632823, 0.482802958979, -0.0482802958979, 2.48358632823, -10.0550086328, 0, 10
0.36, 0.0009972, 0, 0.751794586279, 0.482320541372, 10.0714508659, 2.38311649646, 0.482320541372, -0.0482320541372, 2.38311649646, -10.0449616496, 0, 10
0.36, 0.0009972, 0, 0.751794586279, 0.482320541372, 10.0714508659, 2.38311649646, 0.482320541372, -0.0482320541372, 2.38311649646, -10.0449616496, 0, 10
0.37, 0.0009972, 0, 0.756614542055, 0.481838545794, 10.0946052509, 2.28273455796, 0.481838545794, -0.0481838545794, 2.28273455796, -10.0349234558, 0, 10
0.37, 0.0009972, 0, 0.756614542055, 0.481838545794, 10.0946052509, 2.28273455796, 0.481838545794, -0.0481838545794, 2.28273455796, -10.0349234558, 0, 10
0.38, 0.0009972, 0, 0.761429765822, 0.481357023418, 10.1167741327, 2.18245116979, 0.481357023418, -0.0481357023418, 2.18245116979, -10.024895117, 0, 10
0.38, 0.0009972, 0, 0.761429765822, 0.481357023418, 10.1167741327, 2.18245116979, 0.481357023418, -0.0481357023418, 2.18245116979, -10.024895117, 0, 10
0.39, 0.0009972, 0, 0.766240672024, 0.480875932798, 10.1380438244, 2.08225770061, 0.480875932798, -0.0480875932798, 2.08225770061, -10.0148757701, 0, 10
0.39, 0.0009972, 0, 0.766240672024, 0.480875932798, 10.1380438244, 2.08225770061, 0.480875932798, -0.0480875932798, 2.08225770061, -10.0148757701, 0, 10
0.4, 0.0009972, 0, 0.771046692642, 0.480395330736, 10.158296029, 1.98216598015, 0.480395330736, -0.0480395330736, 1.98216598015, -10.004866598, 0, 10
0.4, 0.0009972, 0, 0.771046692642, 0.480395330736, 10.158296029, 1.98216598015, 0.480395330736, -0.0480395330736, 1.98216598015, -10.004866598, 0, 10
0.41, 0.0009972, 0, 0.775848084024, 0.479915191598, 10.177584134, 1.88217066966, 0.479915191598, -0.0479915191598, 1.88217066966, -9.99486706697, 0, 10
0.41, 0.0009972, 0, 0.775848084024, 0.479915191598, 10.177584134, 1.88217066966, 0.479915191598, -0.0479915191598, 1.88217066966, -9.99486706697, 0, 10
0.42, 0.0019943, 0.0009971, 0.780644718483, 0.479435528152, 10.1958815472, 1.78227442834, 0.479435528152, -0.0479435528152, 1.78227442834, -9.98487744283, 0, 10
0.42, 0.0019943, 0.0009971, 0.780644718483, 0.479435528152, 10.1958815472, 1.78227442834, 0.479435528152, -0.0479435528152, 1.78227442834, -9.98487744283, 0, 10
0.43, 0.0019943, 0.0009971, 0.785436539059, 0.478956346094, 10.2131764055, 1.6824784425, 0.478956346094, -0.0478956346094, 1.6824784425, -9.97489784425, 0, 10
0.43, 0.0019943, 0.0009971, 0.785436539059, 0.478956346094, 10.2131764055, 1.6824784425, 0.478956346094, -0.0478956346094, 1.6824784425, -9.97489784425, 0, 10
0.44, 0.0019943, 0.0009971, 0.790223624675, 0.478477637532, 10.2294851461, 1.58278106845, 0.478477637532, -0.0478477637532, 1.58278106845, -9.96492810684, 0, 10
0.44, 0.0019943, 0.0009971, 0.790223624675, 0.478477637532, 10.2294851461, 1.58278106845, 0.478477637532, -0.0478477637532, 1.58278106845, -9.96492810684, 0, 10
0.45, 0.0019943, 0.0009971, 0.795005975332, 0.477999402467, 10.2448077688, 1.48318230618, 0.477999402467, -0.0477999402467, 1.48318230618, -9.95496823062, 0, 10
0.45, 0.0019943, 0.0009971, 0.795005975332, 0.477999402467, 10.2448077688, 1.48318230618, 0.477999402467, -0.0477999402467, 1.48318230618, -9.95496823062, 0, 10
0.46, 0.0019943, 0.0009971, 0.799783539498, 0.47752164605, 10.2591335417, 1.38368322888, 0.47752164605, -0.047752164605, 1.38368322888, -9.94501832289, 0, 10
0.46, 0.0019943, 0.0009971, 0.799783539498, 0.47752164605, 10.2591335417, 1.38368322888, 0.47752164605, -0.047752164605, 1.38368322888, -9.94501832289, 0, 10
0.47, 0.0019943, 0.0009971, 0.804556335316, 0.477044366468, 10.2724662434, 1.28428345871, 0.477044366468, -0.0477044366468, 1.28428345871, -9.93507834587, 0, 10
0.47, 0.0019943, 0.0009971, 0.804556335316, 0.477044366468, 10.2724662434, 1.28428345871, 0.477044366468, -0.0477044366468, 1.28428345871, -9.93507834587, 0, 10
0.48, 0.0019943, 0.0009971, 0.809324377098, 0.47656756229, 10.2848088542, 1.18498269764, 0.47656756229, -0.047656756229, 1.18498269764, -9.92514826976, 0, 10
0.48, 0.0019943, 0.0009971, 0.809324377098, 0.47656756229, 10.2848088542, 1.18498269764, 0.47656756229, -0.047656756229, 1.18498269764, -9.92514826976, 0, 10
0.49, 0.0019943, 0.0009971, 0.814087664842, 0.476091233516, 10.2961613739, 1.08578094566, 0.476091233516, -0.0476091233516, 1.08578094566, -9.91522809457, 0, 10
0.49, 0.0019943, 0.0009971, 0.814087664842, 0.476091233516, 10.2961613739, 1.08578094566, 0.476091233516, -0.0476091233516, 1.08578094566, -9.91522809457, 0, 10
0.5, 0.0019943, 0.0009971, 0.818846198549, 0.475615380145, 10.3065238027, 0.986678202779, 0.475615380145, -0.0475615380145, 0.986678202779, -9.90531782028, 0, 10
0.5, 0.0019943, 0.0009971, 0.818846198549, 0.475615380145, 10.3065238027, 0.986678202779, 0.475615380145, -0.0475615380145, 0.986678202779, -9.90531782028, 0, 10
0.51, 0.0019943, 0.0009971, 0.82359997822, 0.475140002178, 10.3158961406, 0.887674468995, 0.475140002178, -0.0475140002178, 0.887674468995, -9.8954174469, 0, 10
0.51, 0.0019943, 0.0009971, 0.82359997822, 0.475140002178, 10.3158961406, 0.887674468995, 0.475140002178, -0.0475140002178, 0.887674468995, -9.8954174469, 0, 10
0.52, 0.0019943, 0.0009971, 0.828349065658, 0.474665093434, 10.3242912592, 0.788768457133, 0.474665093434, -0.0474665093434, 0.788768457133, -9.88552684571, 0, 10
0.52, 0.0019943, 0.0009971, 0.828349065658, 0.474665093434, 10.3242912592, 0.788768457133, 0.474665093434, -0.0474665093434, 0.788768457133, -9.88552684571, 0, 10
0.53, 0.0019943, 0.0009971, 0.833093523296, 0.47419064767, 10.331722161, 0.689958866951, 0.47419064767, -0.047419064767, 0.689958866951, -9.8756458867, 0, 10
0.53, 0.0019943, 0.0009971, 0.833093523296, 0.47419064767, 10.331722161, 0.689958866951, 0.47419064767, -0.047419064767, 0.689958866951, -9.8756458867, 0, 10
0.54, 0.0019943, 0.0009971, 0.837833251587, 0.473716674841, 10.3381681136, 0.591247771691, 0.473716674841, -0.0473716674841, 0.591247771691, -9.86577477717, 0, 10
0.54, 0.0019943, 0.0009971, 0.837833251587, 0.473716674841, 10.3381681136, 0.591247771691, 0.473716674841, -0.0473716674841, 0.591247771691, -9.86577477717, 0, 10
0.55, 0.0019943, 0.0009971, 0.842568250528, 0.473243174947, 10.343629117, 0.492635171351, 0.473243174947, -0.0473243174947, 0.492635171351, -9.85591351714, 0, 10
0.55, 0.0019943, 0.0009971, 0.842568250528, 0.473243174947, 10.343629117, 0.492635171351, 0.473243174947, -0.0473243174947, 0.492635171351, -9.85591351714, 0, 10
0.56, 0.0019943, 0.0009971, 0.847298520122, 0.472770147988, 10.3481051712, 0.394121065932, 0.472770147988, -0.0472770147988, 0.394121065932, -9.84606210659, 0, 10
0.56, 0.0019943, 0.0009971, 0.847298520122, 0.472770147988, 10.3481051712, 0.394121065932, 0.472770147988, -0.0472770147988, 0.394121065932, -9.84606210659, 0, 10
0.57, 0.0019943, 0.0009971, 0.852024060367, 0.472297593963, 10.3515962762, 0.295705455435, 0.472297593963, -0.0472297593963, 0.295705455435, -9.83622054554, 0, 10
0.57, 0.0019943, 0.0009971, 0.852024060367, 0.472297593963, 10.3515962762, 0.295705455435, 0.472297593963, -0.0472297593963, 0.295705455435, -9.83622054554, 0, 10
0.58, 0.0019943, 0.0009971, 0.856744871263, 0.471825512874, 10.3541024319, 0.197388339859, 0.471825512874, -0.0471825512874, 0.197388339859, -9.82638883399, 0, 10
0.58, 0.0019943, 0.0009971, 0.856744871263, 0.471825512874, 10.3541024319, 0.197388339859, 0.471825512874, -0.0471825512874, 0.197388339859, -9.82638883399, 0, 10
0.59, 0.0019943, 0.0009971, 0.861460952811, 0.471353904719, 10.3556236385, 0.0991697192031, 0.471353904719, -0.0471353904719, 0.0991697192031, -9.81656697192, 0, 10
0.59, 0.0019943, 0.0009971, 0.861460952811, 0.471353904719, 10.3556236385, 0.0991697192031, 0.471353904719, -0.0471353904719, 0.0991697192031, -9.81656697192, 0, 10
0.6, 0.0019943, 0.0009971, 0.866172305011, 0.470882769499, 10.3561598958, 0.00104959346873, 0.470882769499, -0.0470882769499, 0.00104959346873, -9.80675495935, 0, 10
0.6, 0.0019943, 0.0009971, 0.866172305011, 0.470882769499, 10.3561598958, 0.00104959346873, 0.470882769499, -0.0470882769499, 0.00104959346873, -9.80675495935, 0, 10
0.61, 0.0019943, 0.0009971, 0.870878927862, 0.470412107214, 10.355711204, -0.0969720373446, 0.470412107214, -0.0470412107214, -0.0969720373446, -9.79695279627, 0, 10
0.61, 0.0019943, 0.0009971, 0.870878927862, 0.470412107214, 10.355711204, -0.0969720373446, 0.470412107214, -0.0470412107214, -0.0969720373446, -9.79695279627, 0, 10
0.62, 0.0019943, 0.0009971, 0.875580821365, 0.469941917863, 10.3542775629, -0.194895173237, 0.469941917863, -0.0469941917863, -0.194895173237, -9.78716048268, 0, 10
0.62, 0.0019943, 0.0009971, 0.875580821365, 0.469941917863, 10.3542775629, -0.194895173237, 0.469941917863, -0.0469941917863, -0.194895173237, -9.78716048268, 0, 10
0.63, 0.0019943, 0.0009971, 0.88027798552, 0.469472201448, 10.3518589726, -0.292719814208, 0.469472201448, -0.0469472201448, -0.292719814208, -9.77737801858, 0, 10
0.63, 0.0019943, 0.0009971, 0.88027798552, 0.469472201448, 10.3518589726, -0.292719814208, 0.469472201448, -0.0469472201448, -0.292719814208, -9.77737801858, 0, 10
0.64, 0.0019943, 0.0009971, 0.884970420325, 0.469002957967, 10.3484554331, -0.390445960259, 0.469002957967, -0.0469002957967, -0.390445960259, -9.76760540397, 0, 10
0.64, 0.0019943, 0.0009971, 0.884970420325, 0.469002957967, 10.3484554331, -0.390445960259, 0.469002957967, -0.0469002957967, -0.390445960259, -9.76760540397, 0, 10
0.65, 0.0019943, 0.0009971, 0.889658134052, 0.468534186595, 10.3440686665, -0.488073783594, 0.468534186595, -0.0468534186595, -0.488073783594, -9.75784262164, 0, 10
0.65, 0.0019943, 0.0009971, 0.889658134052, 0.468534186595, 10.3440686665, -0.488073783594, 0.468534186595, -0.0468534186595, -0.488073783594, -9.75784262164, 0, 10
0.66, 0.0019943, 0.0009971, 0.894341468816, 0.468065853118, 10.3387699233, -0.585610409275, 0.468065853118, -0.0468065853118, -0.585610409275, -9.74808895907, 0, 10
0.66, 0.0019943, 0.0009971, 0.894341468816, 0.468065853118, 10.3387699233, -0.585610409275, 0.468065853118, -0.0468065853118, -0.585610409275, -9.74808895907, 0, 10
0.67, 0.0019943, 0.0009971, 0.89902012408, 0.467597987592, 10.3324966123, -0.683049578173, 0.467597987592, -0.0467597987592, -0.683049578173, -9.73834504218, 0, 10
0.67, 0.0019943, 0.0009971, 0.89902012408, 0.467597987592, 10.3324966123, -0.683049578173, 0.467597987592, -0.0467597987592, -0.683049578173, -9.73834504218, 0, 10
0.68, 0.0019943, 0.0009971, 0.903694099842, 0.467130590016, 10.3252487334, -0.780391290288, 0.467130590016, -0.0467130590016, -0.780391290288, -9.72861087097, 0, 10
0.68, 0.0019943, 0.0009971, 0.903694099842, 0.467130590016, 10.3252487334, -0.780391290288, 0.467130590016, -0.0467130590016, -0.780391290288, -9.72861087097, 0, 10
0.69, 0.0019943, 0.0009971, 0.908363396104, 0.46666366039, 10.3170262867, -0.877635545622, 0.46666366039, -0.046666366039, -0.877635545622, -9.71888644544, 0, 10
0.69, 0.0019943, 0.0009971, 0.908363396104, 0.46666366039, 10.3170262867, -0.877635545622, 0.46666366039, -0.046666366039, -0.877635545622, -9.71888644544, 0, 10
0.7, 0.0019943, 0.0009971, 0.913028012864, 0.466197198714, 10.3078292723, -0.974782344173, 0.466197198714, -0.0466197198714, -0.974782344173, -9.70917176558, 0, 10
0.7, 0.0029917, 0.0009971, 0.913028012864, 0.466197198714, 10.3078292723, -0.974782344173, 0.466197198714, -0.0466197198714, -0.974782344173, -9.70917176558, 0, 10
0.71, 0.0029917, 0.0009971, 0.917687950124, 0.465731204988, 10.2976576899, -1.07183168594, 0.465731204988, -0.0465731204988, -1.07183168594, -9.69946683141, 0, 10
0.71, 0.0029917, 0.0009971, 0.917687950124, 0.465731204988, 10.2976576899, -1.07183168594, 0.465731204988, -0.0465731204988, -1.07183168594, -9.69946683141, 0, 10
0.72, 0.0029917, 0.0009971, 0.922343207882, 0.465265679212, 10.2865115398, -1.16878357093, 0.465265679212, -0.0465265679212, -1.16878357093, -9.68977164291, 0, 10
0.72, 0.0029917, 0.0009971, 0.922343207882, 0.465265679212, 10.2865115398, -1.16878357093, 0.465265679212, -0.0465265679212, -1.16878357093, -9.68977164291, 0, 10
0.73, 0.0029917, 0.0009971, 0.92699378614, 0.464800621386, 10.2743908218, -1.26563799913, 0.464800621386, -0.0464800621386, -1.26563799913, -9.68008620009, 0, 10
0.73, 0.0029917, 0.0009971, 0.92699378614, 0.464800621386, 10.2743908218, -1.26563799913, 0.464800621386, -0.0464800621386, -1.26563799913, -9.68008620009, 0, 10
0.74, 0.0029917, 0.0009971, 0.931639684896, 0.46433603151, 10.2612955361, -1.36239497055, 0.46433603151, -0.046433603151, -1.36239497055, -9.67041050294, 0, 10
0.74, 0.0029917, 0.0009971, 0.931639684896, 0.46433603151, 10.2612955361, -1.36239497055, 0.46433603151, -0.046433603151, -1.36239497055, -9.67041050294, 0, 10
0.75, 0.0029917, 0.0009971, 0.936280904152, 0.463871909585, 10.2472256824, -1.45905448519, 0.463871909585, -0.0463871909585, -1.45905448519, -9.66074455148, 0, 10
0.75, 0.0029917, 0.0009971, 0.936280904152, 0.463871909585, 10.2472256824, -1.45905448519, 0.463871909585, -0.0463871909585, -1.45905448519, -9.66074455148, 0, 10
0.76, 0.0029917, 0.0009971, 0.940917443906, 0.463408255609, 10.232181261, -1.55561654305, 0.463408255609, -0.0463408255609, -1.55561654305, -9.6510883457, 0, 10
0.76, 0.0029917, 0.0009971, 0.940917443906, 0.463408255609, 10.232181261, -1.55561654305, 0.463408255609, -0.0463408255609, -1.55561654305, -9.6510883457, 0, 10
0.77, 0.0029917, 0.0009971, 0.94554930416, 0.462945069584, 10.2161622718, -1.65208114412, 0.462945069584, -0.0462945069584, -1.65208114412, -9.64144188559, 0, 10
0.77, 0.0029917, 0.0009971, 0.94554930416, 0.462945069584, 10.2161622718, -1.65208114412, 0.462945069584, -0.0462945069584, -1.65208114412, -9.64144188559, 0, 10
0.78, 0.0029917, 0.0009971, 0.950176484912, 0.462482351509, 10.1991687147, -1.74844828841, 0.462482351509, -0.0462482351509, -1.74844828841, -9.63180517116, 0, 10
0.78, 0.0029917, 0.0009971, 0.950176484912, 0.462482351509, 10.1991687147, -1.74844828841, 0.462482351509, -0.0462482351509, -1.74844828841, -9.63180517116, 0, 10
0.79, 0.0029917, 0.0009971, 0.954799263158, 0.462020073684, 10.1812582773, -1.84472374468, 0.462020073684, -0.0462020073684, -1.84472374468, -9.62217762553, 0, 10
0.79, 0.0029917, 0.0009971, 0.954799263158, 0.462020073684, 10.1812582773, -1.84472374468, 0.462020073684, -0.0462020073684, -1.84472374468, -9.62217762553, 0, 10
0.8, 0.0029917, 0.0009971, 0.959417538277, 0.461558246172, 10.1624100047, -1.94090541742, 0.461558246172, -0.0461558246172, -1.94090541742, -9.61255945826, 0, 10
0.8, 0.0029917, 0.0009971, 0.959417538277, 0.461558246172, 10.1624100047, -1.94090541742, 0.461558246172, -0.0461558246172, -1.94090541742, -9.61255945826, 0, 10
0.81, 0.0029917, 0.0009971, 0.964031191616, 0.461096880838, 10.1425991853, -2.03699083547, 0.461096880838, -0.0461096880838, -2.03699083547, -9.60295091645, 0, 10
0.81, 0.0029917, 0.0009971, 0.964031191616, 0.461096880838, 10.1425991853, -2.03699083547, 0.461096880838, -0.0461096880838, -2.03699083547, -9.60295091645, 0, 10
0.82, 0.0029917, 0.0009971, 0.968640223175, 0.460635977683, 10.121825819, -2.13297999885, 0.460635977683, -0.0460635977683, -2.13297999885, -9.59335200012, 0, 10
0.82, 0.0029917, 0.0009971, 0.968640223175, 0.460635977683, 10.121825819, -2.13297999885, 0.460635977683, -0.0460635977683, -2.13297999885, -9.59335200012, 0, 10
0.83, 0.0029917, 0.0009971, 0.973244632952, 0.460175536705, 10.100089906, -2.22887290754, 0.460175536705, -0.0460175536705, -2.22887290754, -9.58376270925, 0, 10
0.83, 0.0029917, 0.0009971, 0.973244632952, 0.460175536705, 10.100089906, -2.22887290754, 0.460175536705, -0.0460175536705, -2.22887290754, -9.58376270925, 0, 10
0.84, 0.0029917, 0.0009971, 0.977844420949, 0.459715557905, 10.0773914461, -2.32466956156, 0.459715557905, -0.0459715557905, -2.32466956156, -9.57418304384, 0, 10
0.84, 0.0029917, 0.0009971, 0.977844420949, 0.459715557905, 10.0773914461, -2.32466956156, 0.459715557905, -0.0459715557905, -2.32466956156, -9.57418304384, 0, 10
0.85, 0.0029917, 0.0009971, 0.982439587165, 0.459256041283, 10.0537304394, -2.42036996089, 0.459256041283, -0.0459256041283, -2.42036996089, -9.56461300391, 0, 10
0.85, 0.0029917, 0.0009971, 0.982439587165, 0.459256041283, 10.0537304394, -2.42036996089, 0.459256041283, -0.0459256041283, -2.42036996089, -9.56461300391, 0, 10
0.86, 0.0029917, 0.0009971, 0.987030131601, 0.45879698684, 10.029106886, -2.51597410555, 0.45879698684, -0.045879698684, -2.51597410555, -9.55505258945, 0, 10
0.86, 0.0029917, 0.0009971, 0.987030131601, 0.45879698684, 10.029106886, -2.51597410555, 0.45879698684, -0.045879698684, -2.51597410555, -9.55505258945, 0, 10
0.87, 0.0029917, 0.0009971, 0.991616054256, 0.458338394574, 10.0035207857, -2.61148199552, 0.458338394574, -0.0458338394574, -2.61148199552, -9.54550180045, 0, 10
0.87, 0.0029917, 0.0009971, 0.991616054256, 0.458338394574, 10.0035207857, -2.61148199552, 0.458338394574, -0.0458338394574, -2.61148199552, -9.54550180045, 0, 10
0.88, 0.0029917, 0.0009971, 0.996197177418, 0.457880282258, 9.99691133553, 2.14931224653, 0.457880282258, -0.0457880282258, 2.14931224653, 234.36549806, 1, 10
0.88, 0.0029917, 0.0009971, 0.996197177418, 0.457880282258, 9.99691133553, 2.14931224653, 0.457880282258, -0.0457880282258, 2.14931224653, 234.36549806, 1, 10
0.89, 0.0029917, 0.0009971, 1.00077202699, 0.457422797301, 10.0187360384, 2.17250068567, 0.457422797301, -0.0457422797301, 2.17250068567, -10.0239000686, 0, 9
0.89, 0.0029917, 0.0009971, 1.00077202699, 0.457422797301, 10.0187360384, 2.17250068567, 0.457422797301, -0.0457422797301, 2.17250068567, -10.0239000686, 0, 9
0.9, 0.0029917, 0.0009971, 1.00534078378, 0.456965921622, 10.0392620967, 2.07238157983, 0.456965921622, -0.0456965921622, 2.07238157983, -10.013888158, 0, 9
0.9, 0.0029917, 0.0009971, 1.00534078378, 0.456965921622, 10.0392620967, 2.07238157983, 0.456965921622, -0.0456965921622, 2.07238157983, -10.013888158, 0, 9
0.91, 0.0029917, 0.0009971, 1.00990605521, 0.456509394479, 10.0590243801, 1.9723388515, 0.456509394479, -0.0456509394479, 1.9723388515, -10.0038838851, 0, 9
0.91, 0.0029917, 0.0009971, 1.00990605521, 0.456509394479, 10.0590243801, 1.9723388515, 0.456509394479, -0.0456509394479, 1.9723388515, -10.0038838851, 0, 9
0.92, 0.0029917, 0.0009971, 1.01446811577, 0.456053188423, 10.0780830378, 1.87236648572, 0.456053188423, -0.0456053188423, 1.87236648572, -9.99388664857, 0, 9
0.92, 0.0029917, 0.0009971, 1.01446811577, 0.456053188423, 10.0780830378, 1.87236648572, 0.456053188423, -0.0456053188423, 1.87236648572, -9.99388664857, 0, 9
0.93, 0.0029917, 0.0009971, 1.01902528307, 0.455597471693, 10.0960693916, 1.77250135034, 0.455597471693, -0.0455597471693, 1.77250135034, -9.98390013503, 0, 9
0.93, 0.0029917, 0.0009971, 1.01902528307, 0.455597471693, 10.0960693916, 1.77250135034, 0.455597471693, -0.0455597471693, 1.77250135034, -9.98390013503, 0, 9
0.94, 0.0029917, 0.0009971, 1.02357839984, 0.455142160016, 10.1131681178, 1.67272497773, 0.455142160016, -0.0455142160016, 1.67272497773, -9.97392249777, 0, 9
0.94, 0.0029917, 0.0009971, 1.02357839984, 0.455142160016, 10.1131681178, 1.67272497773, 0.455142160016, -0.0455142160016, 1.67272497773, -9.97392249777, 0, 9
0.95, 0.0029917, 0.0009971, 1.02812729324, 0.454687270676, 10.1293413415, 1.57304115536, 0.454687270676, -0.0454687270676, 1.57304115536, -9.96395411554, 0, 9
0.95, 0.0029917, 0.0009971, 1.02812729324, 0.454687270676, 10.1293413415, 1.57304115536, 0.454687270676, -0.0454687270676, 1.57304115536, -9.96395411554, 0, 9
0.96, 0.0029917, 0.0009971, 1.03267157949, 0.454232842051, 10.1445049619, 1.47345829331, 0.454232842051, -0.0454232842051, 1.47345829331, -9.95399582933, 0, 9
0.96, 0.0029917, 0.0009971, 1.03267157949, 0.454232842051, 10.1445049619, 1.47345829331, 0.454232842051, -0.0454232842051, 1.47345829331, -9.95399582933, 0, 9
0.97, 0.0029917, 0.0009971, 1.03721148765, 0.453778851235, 10.1587091721, 1.3739713723, 0.453778851235, -0.0453778851235, 1.3739713723, -9.94404713723, 0, 9
0.97, 0.0029917, 0.0009971, 1.03721148765, 0.453778851235, 10.1587091721, 1.3739713723, 0.453778851235, -0.0453778851235, 1.3739713723, -9.94404713723, 0, 9
0.98, 0.0029917, 0.0009971, 1.04174692295, 0.453325307705, 10.1719332061, 1.2745824689, 0.453325307705, -0.0453325307705, 1.2745824689, -9.93410824689, 0, 9
0.98, 0.0029917, 0.0009971, 1.04174692295, 0.453325307705, 10.1719332061, 1.2745824689, 0.453325307705, -0.0453325307705, 1.2745824689, -9.93410824689, 0, 9
0.99, 0.0039889, 0.0009971, 1.04627782765, 0.452872217235, 10.1841644088, 1.17529284862, 0.452872217235, -0.0452872217235, 1.17529284862, -9.92417928486, 0, 9
0.99, 0.0039889, 0.0009971, 1.04627782765, 0.452872217235, 10.1841644088, 1.17529284862, 0.452872217235, -0.0452872217235, 1.17529284862, -9.92417928486, 0, 9
1, 0.0039889, 0.0009971, 1.05080425334, 0.452419574666, 10.1954140904, 1.07610138047, 0.452419574666, -0.0452419574666, 1.07610138047, -9.91426013805, 0, 9
1, 0.0039889, 0.0009971, 1.05080425334, 0.452419574666, 10.1954140904, 1.07610138047, 0.452419574666, -0.0452419574666, 1.07610138047, -9.91426013805, 0, 9
1.01, 0.0039889, 0.0009971, 1.05532614654, 0.451967385346, 10.2056705277, 0.977009236734, 0.451967385346, -0.0451967385346, 0.977009236734, -9.90435092367, 0, 9
1.01, 0.0039889, 0.0009971, 1.05532614654, 0.451967385346, 10.2056705277, 0.977009236734, 0.451967385346, -0.0451967385346, 0.977009236734, -9.90435092367, 0, 9
1.02, 0.0039889, 0.0009971, 1.05984352761, 0.451515647239, 10.2149381821, 0.878015971299, 0.451515647239, -0.0451515647239, 0.878015971299, -9.89445159713, 0, 9
1.02, 0.0039889, 0.0009971, 1.05984352761, 0.451515647239, 10.2149381821, 0.878015971299, 0.451515647239, -0.0451515647239, 0.878015971299, -9.89445159713, 0, 9
1.03, 0.0039889, 0.0009971, 1.06435640885, 0.451064359115, 10.2232197501, 0.779121314491, 0.451064359115, -0.0451064359115, 0.779121314491, -9.88456213145, 0, 9
1.03, 0.0039889, 0.0009971, 1.06435640885, 0.451064359115, 10.2232197501, 0.779121314491, 0.451064359115, -0.0451064359115, 0.779121314491, -9.88456213145, 0, 9
1.04, 0.0039889, 0.0009971, 1.06886479026, 0.450613520974, 10.230515232, 0.680325266309, 0.450613520974, -0.0450613520974, 0.680325266309, -9.87468252663, 0, 9
1.04, 0.0039889, 0.0009971, 1.06886479026, 0.450613520974, 10.230515232, 0.680325266309, 0.450613520974, -0.0450613520974, 0.680325266309, -9.87468252663, 0, 9
1.05, 0.0039889, 0.0009971, 1.07336867184, 0.450163132816, 10.2368246275, 0.581627826753, 0.450163132816, -0.0450163132816, 0.581627826753, -9.86481278268, 0, 9
1.05, 0.0039889, 0.0009971, 1.07336867184, 0.450163132816, 10.2368246275, 0.581627826753, 0.450163132816, -0.0450163132816, 0.581627826753, -9.86481278268, 0, 9
1.06, 0.0039889, 0.0009971, 1.07786805856, 0.449713194144, 10.2421490251, 0.483028886991, 0.449713194144, -0.0449713194144, 0.483028886991, -9.8549528887, 0, 9
1.06, 0.0039889, 0.0009971, 1.07786805856, 0.449713194144, 10.2421490251, 0.483028886991, 0.449713194144, -0.0449713194144, 0.483028886991, -9.8549528887, 0, 9
1.07, 0.0039889, 0.0009971, 1.08236306975, 0.449263693025, 10.2465145763, 0.384525831878, 0.449263693025, -0.0449263693025, 0.384525831878, -9.84510258319, 0, 9
1.07, 0.0039889, 0.0009971, 1.08236306975, 0.449263693025, 10.2465145763, 0.384525831878, 0.449263693025, -0.0449263693025, 0.384525831878, -9.84510258319, 0, 9
1.08, 0.0039889, 0.0009971, 1.08685360075, 0.448814639925, 10.2498983445, 0.28612095506, 0.448814639925, -0.0448814639925, 0.28612095506, -9.83526209551, 0, 9
1.08, 0.0039889, 0.0009971, 1.08685360075, 0.448814639925, 10.2498983445, 0.28612095506, 0.448814639925, -0.0448814639925, 0.28612095506, -9.83526209551, 0, 9
1.09, 0.0039889, 0.0009971, 1.09133965156, 0.448366034844, 10.2523003297, 0.187814256538, 0.448366034844, -0.0448366034844, 0.187814256538, -9.82543142565, 0, 9
1.09, 0.0039889, 0.0009971, 1.09133965156, 0.448366034844, 10.2523003297, 0.187814256538, 0.448366034844, -0.0448366034844, 0.187814256538, -9.82543142565, 0, 9
1.1, 0.0039889, 0.0009971, 1.09582122218, 0.447917877782, 10.2537205319, 0.089605736312, 0.447917877782, -0.0447917877782, 0.089605736312, -9.81561057363, 0, 9
1.1, 0.0039889, 0.0009971, 1.09582122218, 0.447917877782, 10.2537205319, 0.089605736312, 0.447917877782, -0.0447917877782, 0.089605736312, -9.81561057363, 0, 9
1.11, 0.0039889, 0.0009971, 1.10029831261, 0.447470168739, 10.2541589512, -0.00850460561832, 0.447470168739, -0.0447470168739, -0.00850460561832, -9.80579953944, 0, 9
1.11, 0.0039889, 0.0009971, 1.10029831261, 0.447470168739, 10.2541589512, -0.00850460561832, 0.447470168739, -0.0447470168739, -0.00850460561832, -9.80579953944, 0, 9
1.12, 0.0039889, 0.0009971, 1.10477092285, 0.447022907715, 10.2536155876, -0.106516769253, 0.447022907715, -0.0447022907715, -0.106516769253, -9.79599832307, 0, 9
1.12, 0.0039889, 0.0009971, 1.10477092285, 0.447022907715, 10.2536155876, -0.106516769253, 0.447022907715, -0.0447022907715, -0.106516769253, -9.79599832307, 0, 9
1.13, 0.0039889, 0.0009971, 1.10923905289, 0.446576094711, 10.252090441, -0.204430754592, 0.446576094711, -0.0446576094711, -0.204430754592, -9.78620692454, 0, 9
1.13, 0.0039889, 0.0009971, 1.10923905289, 0.446576094711, 10.252090441, -0.204430754592, 0.446576094711, -0.0446576094711, -0.204430754592, -9.78620692454, 0, 9
1.14, 0.0039889, 0.0009971, 1.11370270275, 0.446129729725, 10.2495835114, -0.302246561635, 0.446129729725, -0.0446129729725, -0.302246561635, -9.77642534384, 0, 9
1.14, 0.0039889, 0.0009971, 1.11370270275, 0.446129729725, 10.2495835114, -0.302246561635, 0.446129729725, -0.0446129729725, -0.302246561635, -9.77642534384, 0, 9
1.15, 0.0039889, 0.0009971, 1.11816187241, 0.445683812759, 10.2460947989, -0.399964190382, 0.445683812759, -0.0445683812759, -0.399964190382, -9.76665358096, 0, 9
1.15, 0.0039889, 0.0009971, 1.11816187241, 0.445683812759, 10.2460947989, -0.399964190382, 0.445683812759, -0.0445683812759, -0.399964190382, -9.76665358096, 0, 9
1.16, 0.0039889, 0.0009971, 1.12261656188, 0.445238343812, 10.2416243034, -0.497583640834, 0.445238343812, -0.0445238343812, -0.497583640834, -9.75689163592, 0, 9
1.16, 0.0039889, 0.0009971, 1.12261656188, 0.445238343812, 10.2416243034, -0.497583640834, 0.445238343812, -0.0445238343812, -0.497583640834, -9.75689163592, 0, 9
1.17, 0.0039889, 0.0009971, 1.12706677116, 0.444793322884, 10.236172025, -0.595104912989, 0.444793322884, -0.0444793322884, -0.595104912989, -9.7471395087, 0, 9
1.17, 0.0039889, 0.0009971, 1.12706677116, 0.444793322884, 10.236172025, -0.595104912989, 0.444793322884, -0.0444793322884, -0.595104912989, -9.7471395087, 0, 9
1.18, 0.0039889, 0.0009971, 1.13151250025, 0.444348749975, 10.2297379636, -0.692528006849, 0.444348749975, -0.0444348749975, -0.692528006849, -9.73739719932, 0, 9
1.18, 0.0039889, 0.0009971, 1.13151250025, 0.444348749975, 10.2297379636, -0.692528006849, 0.444348749975, -0.0444348749975, -0.692528006849, -9.73739719932, 0, 9
1.19, 0.0039889, 0.0009971, 1.13595401374, 0.443904598626, 10.2223801015, -0.789858720646, 0.443904598626, -0.0443904598626, -0.789858720646, -9.72766412794, 0, 9
1.19, 0.0039889, 0.0009971, 1.13595401374, 0.443904598626, 10.2223801015, -0.789858720646, 0.443904598626, -0.0443904598626, -0.789858720646, -9.72766412794, 0, 9
1.2, 0.0039889, 0.0009971, 1.14039109966, 0.443460890034, 10.2140519888, -0.887092409379, 0.443460890034, -0.0443460890034, -0.887092409379, -9.71794075906, 0, 9
1.2, 0.0039889, 0.0009971, 1.14039109966, 0.443460890034, 10.2140519888, -0.887092409379, 0.443460890034, -0.0443460890034, -0.887092409379, -9.71794075906, 0, 9
1.21, 0.0039889, 0.0009971, 1.14482374769, 0.443017625231, 10.2047513611, -0.984228846607, 0.443017625231, -0.0443017625231, -0.984228846607, -9.70822711534, 0, 9
1.21, 0.0039889, 0.0009971, 1.14482374769, 0.443017625231, 10.2047513611, -0.984228846607, 0.443017625231, -0.0443017625231, -0.984228846607, -9.70822711534, 0, 9
1.22, 0.0039889, 0.0009971, 1.14925195781, 0.442574804219, 10.1944782184, -1.08126803233, 0.442574804219, -0.0442574804219, -1.08126803233, -9.69852319677, 0, 9
1.22, 0.0039889, 0.0009971, 1.14925195781, 0.442574804219, 10.1944782184, -1.08126803233, 0.442574804219, -0.0442574804219, -1.08126803233, -9.69852319677, 0, 9
1.23, 0.0039889, 0.0009971, 1.15367573004, 0.442132426996, 10.1832325606, -1.17820996655, 0.442132426996, -0.0442132426996, -1.17820996655, -9.68882900334, 0, 9
1.23, 0.0039889, 0.0009971, 1.15367573004, 0.442132426996, 10.1832325606, -1.17820996655, 0.442132426996, -0.0442132426996, -1.17820996655, -9.68882900334, 0, 9
1.24, 0.0039889, 0.0009971, 1.15809506437, 0.441690493563, 10.1710143877, -1.27505464927, 0.441690493563, -0.0441690493563, -1.27505464927, -9.67914453507, 0, 9
1.24, 0.0039889, 0.0009971, 1.15809506437, 0.441690493563, 10.1710143877, -1.27505464927, 0.441690493563, -0.0441690493563, -1.27505464927, -9.67914453507, 0, 9
1.25, 0.0039889, 0.0009971, 1.1625099608, 0.44124900392, 10.1578236998, -1.37180208048, 0.44124900392, -0.044124900392, -1.37180208048, -9.66946979195, 0, 9
1.25, 0.0039889, 0.0009971, 1.1625099608, 0.44124900392, 10.1578236998, -1.37180208048, 0.44124900392, -0.044124900392, -1.37180208048, -9.66946979195, 0, 9
1.26, 0.0039889, 0.0009971, 1.16692041933, 0.440807958067, 10.1436604969, -1.46845226018, 0.440807958067, -0.0440807958067, -1.46845226018, -9.65980477398, 0, 9
1.26, 0.0039889, 0.0009971, 1.16692041933, 0.440807958067, 10.1436604969, -1.46845226018, 0.440807958067, -0.0440807958067, -1.46845226018, -9.65980477398, 0, 9
1.27, 0.0039889, 0.0009971, 1.17132643996, 0.440367356004, 10.1285247789, -1.56500518838, 0.440367356004, -0.0440367356004, -1.56500518838, -9.65014948116, 0, 9
1.27, 0.0039889, 0.0009971, 1.17132643996, 0.440367356004, 10.1285247789, -1.56500518838, 0.440367356004, -0.0440367356004, -1.56500518838, -9.65014948116, 0, 9
1.28, 0.0039889, 0.0009971, 1.17572802269, 0.439927197731, 10.1124165459, -1.66146086508, 0.439927197731, -0.0439927197731, -1.66146086508, -9.64050391349, 0, 9
1.28, 0.0049862, 0.0019944, 1.17572802269, 0.439927197731, 10.1124165459, -1.66146086508, 0.439927197731, -0.0439927197731, -1.66146086508, -9.64050391349, 0, 9
1.29, 0.0049862, 0.0019944, 1.18012516752, 0.439487483248, 10.0953357978, -1.75781929028, 0.439487483248, -0.0439487483248, -1.75781929028, -9.63086807097, 0, 9
1.29, 0.0049862, 0.0019944, 1.18012516752, 0.439487483248, 10.0953357978, -1.75781929028, 0.439487483248, -0.0439487483248, -1.75781929028, -9.63086807097, 0, 9
1.3, 0.0049862, 0.0019944, 1.18451787446, 0.439048212554, 10.0772825347, -1.85408046397, 0.439048212554, -0.0439048212554, -1.85408046397, -9.6212419536, 0, 9
1.3, 0.0049862, 0.0019944, 1.18451787446, 0.439048212554, 10.0772825347, -1.85408046397, 0.439048212554, -0.0439048212554, -1.85408046397, -9.6212419536, 0, 9
1.31, 0.0049862, 0.0019944, 1.18890642452, 0.438609357548, 10.05831834, -1.95025054449, 0.438609357548, -0.0438609357548, -1.95025054449, -9.61162494555, 0, 9
1.31, 0.0049862, 0.0019944, 1.18890642452, 0.438609357548, 10.05831834, -1.95025054449, 0.438609357548, -0.0438609357548, -1.95025054449, -9.61162494555, 0, 9
1.32, 0.0049862, 0.0019944, 1.19329062246, 0.438170937754, 10.0384004275, -2.04632525324, 0.438170937754, -0.0438170937754, -2.04632525324, -9.60201747468, 0, 9
1.32, 0.0049862, 0.0019944, 1.19329062246, 0.438170937754, 10.0384004275, -2.04632525324, 0.438170937754, -0.0438170937754, -2.04632525324, -9.60201747468, 0, 9
1.33, 0.0049862, 0.0019944, 1.19767043194, 0.437732956806, 10.0175208355, -2.14230379404, 0.437732956806, -0.0437732956806, -2.14230379404, -9.5924196206, 0, 9
1.33, 0.0049862, 0.0019944, 1.19767043194, 0.437732956806, 10.0175208355, -2.14230379404, 0.437732956806, -0.0437732956806, -2.14230379404, -9.5924196206, 0, 9
1.34, 0.0049862, 0.0019944, 1.20204585298, 0.437295414702, 9.9956795639, -2.23818616688, 0.437295414702, -0.0437295414702, -2.23818616688, -9.58283138331, 0, 9
1.34, 0.0049862, 0.0019944, 1.20204585298, 0.437295414702, 9.9956795639, -2.23818616688, 0.437295414702, -0.0437295414702, -2.23818616688, -9.58283138331, 0, 9
1.35, 0.0049862, 0.0019944, 1.20641688556, 0.436858311444, 9.97287661279, -2.33397237177, 0.436858311444, -0.0436858311444, -2.33397237177, -9.57325276282, 0, 9
1.35, 0.0049862, 0.0019944, 1.20641688556, 0.436858311444, 9.97287661279, -2.33397237177, 0.436858311444, -0.0436858311444, -2.33397237177, -9.57325276282, 0, 9
1.36, 0.0049862, 0.0019944, 1.21078352968, 0.436421647032, 9.94911198215, -2.42966240871, 0.436421647032, -0.0436421647032, -2.42966240871, -9.56368375913, 0, 9
1.36, 0.0049862, 0.0019944, 1.21078352968, 0.436421647032, 9.94911198215, -2.42966240871, 0.436421647032, -0.0436421647032, -2.42966240871, -9.56368375913, 0, 9
1.37, 0.0049862, 0.0019944, 1.21514578536, 0.435985421464, 9.92438567196, -2.52525627769, 0.435985421464, -0.0435985421464, -2.52525627769, -9.55412437223, 0, 9
1.37, 0.0049862, 0.0019944, 1.21514578536, 0.435985421464, 9.92438567196, -2.52525627769, 0.435985421464, -0.0435985421464, -2.52525627769, -9.55412437223, 0, 9
1.38, 0.0049862, 0.0019944, 1.21950365258, 0.435549634742, 9.89869768224, -2.62075397872, 0.435549634742, -0.0435549634742, -2.62075397872, -9.54457460213, 0, 9
1.38, 0.0049862, 0.0019944, 1.21950365258, 0.435549634742, 9.89869768224, -2.62075397872, 0.435549634742, -0.0435549634742, -2.62075397872, -9.54457460213, 0, 9
1.39, 0.0049862, 0.0019944, 1.22385713135, 0.435114286865, 9.87204801299, -2.71615551179, 0.435114286865, -0.0435114286865, -2.71615551179, -9.53503444882, 0, 9
1.39, 0.0049862, 0.0019944, 1.22385713135, 0.435114286865, 9.87204801299, -2.71615551179, 0.435114286865, -0.0435114286865, -2.71615551179, -9.53503444882, 0, 9
1.4, 0.0049862, 0.0019944, 1.22820622166, 0.434679377834, 9.84443666419, -2.81146087691, 0.434679377834, -0.0434679377834, -2.81146087691, -9.52550391231, 0, 9
1.4, 0.0049862, 0.0019944, 1.22820622166, 0.434679377834, 9.84443666419, -2.81146087691, 0.434679377834, -0.0434679377834, -2.81146087691, -9.52550391231, 0, 9
1.41, 0.0049862, 0.0019944, 1.23255092353, 0.434244907647, 9.81586363586, -2.90667007408, 0.434244907647, -0.0434244907647, -2.90667007408, -9.51598299259, 0, 9
1.41, 0.0049862, 0.0019944, 1.23255092353, 0.434244907647, 9.81586363586, -2.90667007408, 0.434244907647, -0.0434244907647, -2.90667007408, -9.51598299259, 0, 9
1.42, 0.0049862, 0.0019944, 1.23689123694, 0.433810876306, 9.78632892798, -3.00178310329, 0.433810876306, -0.0433810876306, -3.00178310329, -9.50647168967, 0, 9
1.42, 0.0049862, 0.0019944, 1.23689123694, 0.433810876306, 9.78632892798, -3.00178310329, 0.433810876306, -0.0433810876306, -3.00178310329, -9.50647168967, 0, 9
1.43, 0.0049862, 0.0019944, 1.24122742502, 0.433377257498, 9.75589020086, -3.09680573058, 0.433377257498, -0.0433377257498, -3.09680573058, -9.49696942694, 0, 9
1.43, 0.0049862, 0.0019944, 1.24122742502, 0.433377257498, 9.75589020086, -3.09680573058, 0.433377257498, -0.0433377257498, -3.09680573058, -9.49696942694, 0, 9
1.44, 0.0049862, 0.0019944, 1.24555933871, 0.432944066129, 9.72451479033, -3.19173468953, 0.432944066129, -0.0432944066129, -3.19173468953, -9.48747653105, 0, 9
1.44, 0.0049862, 0.0019944, 1.24555933871, 0.432944066129, 9.72451479033, -3.19173468953, 0.432944066129, -0.0432944066129, -3.19173468953, -9.48747653105, 0, 9
1.45, 0.0049862, 0.0019944, 1.24988691536, 0.432511308464, 9.69218896755, -3.28656860725, 0.432511308464, -0.0432511308464, -3.28656860725, -9.47799313928, 0, 9
1.45, 0.0049862, 0.0019944, 1.24988691536, 0.432511308464, 9.69218896755, -3.28656860725, 0.432511308464, -0.0432511308464, -3.28656860725, -9.47799313928, 0, 9
1.46, 0.0049862, 0.0019944, 1.25421015498, 0.432078984502, 9.65891273251, -3.38130748375, 0.432078984502, -0.0432078984502, -3.38130748375, -9.46851925163, 0, 9
1.46, 0.0049862, 0.0019944, 1.25421015498, 0.432078984502, 9.65891273251, -3.38130748375, 0.432078984502, -0.0432078984502, -3.38130748375, -9.46851925163, 0, 9
1.47, 0.0049862, 0.0019944, 1.25852905756, 0.431647094244, 9.6246860852, -3.47595131901, 0.431647094244, -0.0431647094244, -3.47595131901, -9.4590548681, 0, 9
1.47, 0.0049862, 0.0019944, 1.25852905756, 0.431647094244, 9.6246860852, -3.47595131901, 0.431647094244, -0.0431647094244, -3.47595131901, -9.4590548681, 0, 9
1.48, 0.0049862, 0.0019944, 1.2628436231, 0.43121563769, 9.58950902564, -3.57050011306, 0.43121563769, -0.043121563769, -3.57050011306, -9.44959998869, 0, 9
1.48, 0.0049862, 0.0019944, 1.2628436231, 0.43121563769, 9.58950902564, -3.57050011306, 0.43121563769, -0.043121563769, -3.57050011306, -9.44959998869, 0, 9
1.49, 0.0049862, 0.0019944, 1.26715385161, 0.430784614839, 9.55338155382, -3.66495386588, 0.430784614839, -0.0430784614839, -3.66495386588, -9.44015461341, 0, 9
1.49, 0.0049862, 0.0019944, 1.26715385161, 0.430784614839, 9.55338155382, -3.66495386588, 0.430784614839, -0.0430784614839, -3.66495386588, -9.44015461341, 0, 9
1.5, 0.0049862, 0.0019944, 1.27145974308, 0.430354025692, 9.51630366974, -3.75931257747, 0.430354025692, -0.0430354025692, -3.75931257747, -9.43071874225, 0, 9
1.5, 0.0049862, 0.0019944, 1.27145974308, 0.430354025692, 9.51630366974, -3.75931257747, 0.430354025692, -0.0430354025692, -3.75931257747, -9.43071874225, 0, 9
1.51, 0.0049862, 0.0019944, 1.27576129752, 0.429923870248, 9.4782753734, -3.85357624783, 0.429923870248, -0.0429923870248, -3.85357624783, -9.42129237522, 0, 9
1.51, 0.0049862, 0.0019944, 1.27576129752, 0.429923870248, 9.4782753734, -3.85357624783, 0.429923870248, -0.0429923870248, -3.85357624783, -9.42129237522, 0, 9
1.52, 0.0049862, 0.0019944, 1.28005851491, 0.429494148509, 9.4392966648, -3.94774487697, 0.429494148509, -0.0429494148509, -3.94774487697, -9.4118755123, 0, 9
1.52, 0.0049862, 0.0019944, 1.28005851491, 0.429494148509, 9.4392966648, -3.94774487697, 0.429494148509, -0.0429494148509, -3.94774487697, -9.4118755123, 0, 9
1.53, 0.0049862, 0.0019944, 1.28435139527, 0.429064860473, 9.39936754394, -4.04181846489, 0.429064860473, -0.0429064860473, -4.04181846489, -9.40246815351, 0, 9
1.53, 0.0049862, 0.0019944, 1.28435139527, 0.429064860473, 9.39936754394, -4.04181846489, 0.429064860473, -0.0429064860473, -4.04181846489, -9.40246815351, 0, 9
1.54, 0.0049862, 0.0019944, 1.2886399386, 0.42863600614, 9.35848801083, -4.13579701158, 0.42863600614, -0.042863600614, -4.13579701158, -9.39307029884, 0, 9
1.54, 0.0049862, 0.0019944, 1.2886399386, 0.42863600614, 9.35848801083, -4.13579701158, 0.42863600614, -0.042863600614, -4.13579701158, -9.39307029884, 0, 9
1.55, 0.0049862, 0.0019944, 1.29292446449, 0.428207553551, 9.31672810326, -4.22968752082, 0.428207553551, -0.0428207553551, -4.22968752082, -9.38368124792, 0, 9
1.55, 0.0049862, 0.0019944, 1.29292446449, 0.428207553551, 9.31672810326, -4.22968752082, 0.428207553551, -0.0428207553551, -4.22968752082, -9.38368124792, 0, 9
1.56, 0.0049862, 0.0019944, 1.29720484751, 0.427779515249, 9.27406033216, -4.32348724371, 0.427779515249, -0.0427779515249, -4.32348724371, -9.37430127563, 0, 9
1.56, 0.0049862, 0.0019944, 1.29720484751, 0.427779515249, 9.27406033216, -4.32348724371, 0.427779515249, -0.0427779515249, -4.32348724371, -9.37430127563, 0, 9
1.57, 0.0049862, 0.0019944, 1.30148097084, 0.427351902916, 9.23045909895, -4.41719362039, 0.427351902916, -0.0427351902916, -4.41719362039, -9.36493063796, 0, 9
1.57, 0.0049862, 0.0019944, 1.30148097084, 0.427351902916, 9.23045909895, -4.41719362039, 0.427351902916, -0.0427351902916, -4.41719362039, -9.36493063796, 0, 9
1.58, 0.0049862, 0.0019944, 1.30575283579, 0.426924716421, 9.18592469174, -4.51080667967, 0.426924716421, -0.0426924716421, -4.51080667967, -9.35556933203, 0, 9
1.58, 0.0049862, 0.0019944, 1.30575283579, 0.426924716421, 9.18592469174, -4.51080667967, 0.426924716421, -0.0426924716421, -4.51080667967, -9.35556933203, 0, 9
1.59, 0.0049862, 0.0019944, 1.31002044369, 0.426497955631, 9.14045739861, -4.60432645036, 0.426497955631, -0.0426497955631, -4.60432645036, -9.34621735496, 0, 9
1.59, 0.0049862, 0.0019944, 1.31002044369, 0.426497955631, 9.14045739861, -4.60432645036, 0.426497955631, -0.0426497955631, -4.60432645036, -9.34621735496, 0, 9
1.6, 0.0049862, 0.0019944, 1.31428379585, 0.426071620415, 9.09405750764, -4.69775296126, 0.426071620415, -0.0426071620415, -4.69775296126, -9.33687470387, 0, 9
1.6, 0.0059835, 0.0019944, 1.31428379585, 0.426071620415, 9.09405750764, -4.69775296126, 0.426071620415, -0.0426071620415, -4.69775296126, -9.33687470387, 0, 9
1.61, 0.0059835, 0.0019944, 1.31854289357, 0.425645710643, 9.04672530695, -4.79108624119, 0.425645710643, -0.0425645710643, -4.79108624119, -9.32754137588, 0, 9
1.61, 0.0059835, 0.0019944, 1.31854289357, 0.425645710643, 9.04672530695, -4.79108624119, 0.425645710643, -0.0425645710643, -4.79108624119, -9.32754137588, 0, 9
1.62, 0.0059835, 0.0019944, 1.32279772178, 0.425220227822, 8.99846824765, -4.81299394794, 0.425220227822, -0.0425220227822, -4.81299394794, 288.239702846, 1, 9
1.62, 0.0059835, 0.0019944, 1.32279772178, 0.425220227822, 8.99846824765, -4.81299394794, 0.425220227822, -0.0425220227822, -4.81299394794, 288.239702846, 1, 9
1.63, 0.0059835, 0.0019944, 1.32704778822, 0.424795221178, 9.00134326105, 4.20366077172, 0.424795221178, -0.0424795221178, 4.20366077172, -10.2270160772, 0, 9
1.63, 0.0059835, 0.0019944, 1.32704778822, 0.424795221178, 9.00134326105, 4.20366077172, 0.424795221178, -0.0424795221178, 4.20366077172, -10.2270160772, 0, 9
1.64, 0.0059835, 0.0019944, 1.3312929958, 0.42437070042, 9.04271909626, 4.1014566882, 0.42437070042, -0.042437070042, 4.1014566882, -10.2167956688, 0, 9
1.64, 0.0059835, 0.0019944, 1.3312929958, 0.42437070042, 9.04271909626, 4.1014566882, 0.42437070042, -0.042437070042, 4.1014566882, -10.2167956688, 0, 9
1.65, 0.0059835, 0.0019944, 1.3355343614, 0.42394656386, 9.08316996556, 3.99934510127, 0.42394656386, -0.042394656386, 3.99934510127, -10.2065845101, 0, 9
1.65, 0.0059835, 0.0019944, 1.3355343614, 0.42394656386, 9.08316996556, 3.99934510127, 0.42394656386, -0.042394656386, 3.99934510127, -10.2065845101, 0, 9
1.66, 0.0059835, 0.0019944, 1.33977151748, 0.423522848252, 9.12260738498, 3.89733485933, 0.423522848252, -0.0423522848252, 3.89733485933, -10.1963834859, 0, 9
1.66, 0.0059835, 0.0019944, 1.33977151748, 0.423522848252, 9.12260738498, 3.89733485933, 0.423522848252, -0.0423522848252, 3.89733485933, -10.1963834859, 0, 9
1.67, 0.0059835, 0.0019944, 1.34400454852, 0.423099545148, 9.16105169728, 3.7954239281, 0.423099545148, -0.0423099545148, 3.7954239281, -10.1861923928, 0, 9
1.67, 0.0059835, 0.0019944, 1.34400454852, 0.423099545148, 9.16105169728, 3.7954239281, 0.423099545148, -0.0423099545148, 3.7954239281, -10.1861923928, 0, 9
1.68, 0.0059835, 0.0019944, 1.34823331307, 0.422676668693, 9.19846884261, 3.69361571357, 0.422676668693, -0.0422676668693, 3.69361571357, -10.1760115714, 0, 9
1.68, 0.0059835, 0.0019944, 1.34823331307, 0.422676668693, 9.19846884261, 3.69361571357, 0.422676668693, -0.0422676668693, 3.69361571357, -10.1760115714, 0, 9
1.69, 0.0059835, 0.0019944, 1.35245790056, 0.422254209944, 9.23488035338, 3.59190806249, 0.422254209944, -0.0422254209944, 3.59190806249, -10.1658408062, 0, 9
1.69, 0.0059835, 0.0019944, 1.35245790056, 0.422254209944, 9.23488035338, 3.59190806249, 0.422254209944, -0.0422254209944, 3.59190806249, -10.1658408062, 0, 9
1.7, 0.0059835, 0.0019944, 1.3566783107, 0.42183216893, 9.27028616223, 3.4903009816, 0.42183216893, -0.042183216893, 3.4903009816, -10.1556800982, 0, 9
1.7, 0.0059835, 0.0019944, 1.3566783107, 0.42183216893, 9.27028616223, 3.4903009816, 0.42183216893, -0.042183216893, 3.4903009816, -10.1556800982, 0, 9
1.71, 0.0059835, 0.0019944, 1.36089447783, 0.421410552217, 9.30467045875, 3.38879605195, 0.421410552217, -0.0421410552217, 3.38879605195, -10.1455296052, 0, 9
1.71, 0.0059835, 0.0019944, 1.36089447783, 0.421410552217, 9.30467045875, 3.38879605195, 0.421410552217, -0.0421410552217, 3.38879605195, -10.1455296052, 0, 9
1.72, 0.0059835, 0.0019944, 1.36510644861, 0.420989355139, 9.33804447641, 3.28739215019, 0.420989355139, -0.0420989355139, 3.28739215019, -10.135389215, 0, 9
1.72, 0.0059835, 0.0019944, 1.36510644861, 0.420989355139, 9.33804447641, 3.28739215019, 0.420989355139, -0.0420989355139, 3.28739215019, -10.135389215, 0, 9
1.73, 0.0059835, 0.0019944, 1.36931422304, 0.420568577696, 9.37040821519, 3.18608927631, 0.420568577696, -0.0420568577696, 3.18608927631, -10.1252589276, 0, 9
1.73, 0.0059835, 0.0019944, 1.36931422304, 0.420568577696, 9.37040821519, 3.18608927631, 0.420568577696, -0.0420568577696, 3.18608927631, -10.1252589276, 0, 9
1.74, 0.0059835, 0.0019944, 1.37351780111, 0.420148219889, 9.40176167511, 3.08488743032, 0.420148219889, -0.0420148219889, 3.08488743032, -10.115138743, 0, 9
1.74, 0.0059835, 0.0019944, 1.37351780111, 0.420148219889, 9.40176167511, 3.08488743032, 0.420148219889, -0.0420148219889, 3.08488743032, -10.115138743, 0, 9
1.75, 0.0059835, 0.0019944, 1.37771718284, 0.419728281716, 9.43210485615, 2.98378661221, 0.419728281716, -0.0419728281716, 2.98378661221, -10.1050286612, 0, 9
1.75, 0.0059835, 0.0019944, 1.37771718284, 0.419728281716, 9.43210485615, 2.98378661221, 0.419728281716, -0.0419728281716, 2.98378661221, -10.1050286612, 0, 9
1.76, 0.0059835, 0.0019944, 1.3819123853, 0.41930876147, 9.46144187384, 2.88278641044, 0.41930876147, -0.041930876147, 2.88278641044, -10.094928641, 0, 9
1.76, 0.0059835, 0.0019944, 1.3819123853, 0.41930876147, 9.46144187384, 2.88278641044, 0.41930876147, -0.041930876147, 2.88278641044, -10.094928641, 0, 9
1.77, 0.0059835, 0.0019944, 1.38610350029, 0.418889649971, 9.48979482585, 2.78188461524, 0.418889649971, -0.0418889649971, 2.78188461524, -10.0848384615, 0, 9
1.77, 0.0059835, 0.0019944, 1.38610350029, 0.418889649971, 9.48979482585, 2.78188461524, 0.418889649971, -0.0418889649971, 2.78188461524, -10.0848384615, 0, 9
1.78, 0.0059835, 0.0019944, 1.3902904376, 0.41847095624, 9.51714199415, 2.68108339841, 0.41847095624, -0.041847095624, 2.68108339841, -10.0747583398, 0, 9
1.78, 0.0059835, 0.0019944, 1.3902904376, 0.41847095624, 9.51714199415, 2.68108339841, 0.41847095624, -0.041847095624, 2.68108339841, -10.0747583398, 0, 9
1.79, 0.0059835, 0.0019944, 1.39447319723, 0.418052680277, 9.54348337876, 2.58038275995, 0.418052680277, -0.0418052680277, 2.58038275995, -10.064688276, 0, 9
1.79, 0.0059835, 0.0019944, 1.39447319723, 0.418052680277, 9.54348337876, 2.58038275995, 0.418052680277, -0.0418052680277, 2.58038275995, -10.064688276, 0, 9
1.8, 0.0059835, 0.0019944, 1.39865177918, 0.417634822082, 9.56881897967, 2.47978269986, 0.417634822082, -0.0417634822082, 2.47978269986, -10.05462827, 0, 9
1.8, 0.0059835, 0.0019944, 1.39865177918, 0.417634822082, 9.56881897967, 2.47978269986, 0.417634822082, -0.0417634822082, 2.47978269986, -10.05462827, 0, 9
1.81, 0.0059835, 0.0019944, 1.40282618345, 0.417217381655, 9.59314879687, 2.37928321814, 0.417217381655, -0.0417217381655, 2.37928321814, -10.0445783218, 0, 9
1.81, 0.0059835, 0.0019944, 1.40282618345, 0.417217381655, 9.59314879687, 2.37928321814, 0.417217381655, -0.0417217381655, 2.37928321814, -10.0445783218, 0, 9
1.82, 0.0059835, 0.0019944, 1.40699641004, 0.416800358996, 9.61647283038, 2.27888431479, 0.416800358996, -0.0416800358996, 2.27888431479, -10.0345384315, 0, 9
1.82, 0.0059835, 0.0019944, 1.40699641004, 0.416800358996, 9.61647283038, 2.27888431479, 0.416800358996, -0.0416800358996, 2.27888431479, -10.0345384315, 0, 9
1.83, 0.0059835, 0.0019944, 1.41116245895, 0.416383754105, 9.63879108019, 2.17858598981, 0.416383754105, -0.0416383754105, 2.17858598981, -10.024508599, 0, 9
1.83, 0.0059835, 0.0019944, 1.41116245895, 0.416383754105, 9.63879108019, 2.17858598981, 0.416383754105, -0.0416383754105, 2.17858598981, -10.024508599, 0, 9
1.84, 0.0059835, 0.0019944, 1.41532433017, 0.415967566983, 9.66010354629, 2.0783882432, 0.415967566983, -0.0415967566983, 2.0783882432, -10.0144888243, 0, 9
1.84, 0.0059835, 0.0019944, 1.41532433017, 0.415967566983, 9.66010354629, 2.0783882432, 0.415967566983, -0.0415967566983, 2.0783882432, -10.0144888243, 0, 9
1.85, 0.0059835, 0.0019944, 1.41948202372, 0.415551797628, 9.6804102287, 1.97829107496, 0.415551797628, -0.0415551797628, 1.97829107496, -10.0044791075, 0, 9
1.85, 0.0059835, 0.0019944, 1.41948202372, 0.415551797628, 9.6804102287, 1.97829107496, 0.415551797628, -0.0415551797628, 1.97829107496, -10.0044791075, 0, 9
1.86, 0.0059835, 0.0019944, 1.42363553958, 0.415136446042, 9.6997111274, 1.87829448509, 0.415136446042, -0.0415136446042, 1.87829448509, -9.99447944851, 0, 9
1.86, 0.0059835, 0.0019944, 1.42363553958, 0.415136446042, 9.6997111274, 1.87829448509, 0.415136446042, -0.0415136446042, 1.87829448509, -9.99447944851, 0, 9
1.87, 0.0059835, 0.0019944, 1.42778487776, 0.414721512224, 9.71800624241, 1.77839847359, 0.414721512224, -0.0414721512224, 1.77839847359, -9.98448984736, 0, 9
1.87, 0.0059835, 0.0019944, 1.42778487776, 0.414721512224, 9.71800624241, 1.77839847359, 0.414721512224, -0.0414721512224, 1.77839847359, -9.98448984736, 0, 9
1.88, 0.0059835, 0.0019944, 1.43193003826, 0.414306996174, 9.73529557372, 1.67860304045, 0.414306996174, -0.0414306996174, 1.67860304045, -9.97451030405, 0, 9
1.88, 0.0059835, 0.0019944, 1.43193003826, 0.414306996174, 9.73529557372, 1.67860304045, 0.414306996174, -0.0414306996174, 1.67860304045, -9.97451030405, 0, 9
1.89, 0.0059835, 0.0019944, 1.43607127037, 0.413892872963, 9.75163913704, 1.57890218412, 0.413892872963, -0.0413892872963, 1.57890218412, -9.96454021841, 0, 9
1.89, 0.0059835, 0.0019944, 1.43607127037, 0.413892872963, 9.75163913704, 1.57890218412, 0.413892872963, -0.0413892872963, 1.57890218412, -9.96454021841, 0, 9
1.9, 0.0059835, 0.0019944, 1.44020837652, 0.413479162348, 9.76698936946, 1.47930066088, 0.413479162348, -0.0413479162348, 1.47930066088, -9.95458006609, 0, 9
1.9, 0.0069809, 0.0019944, 1.44020837652, 0.413479162348, 9.76698936946, 1.47930066088, 0.413479162348, -0.0413479162348, 1.47930066088, -9.95458006609, 0, 9
1.91, 0.0069809, 0.0019944, 1.44434134485, 0.413065865515, 9.78134341706, 1.37979875612, 0.413065865515, -0.0413065865515, 1.37979875612, -9.94462987561, 0, 9
1.91, 0.0069809, 0.0019944, 1.44434134485, 0.413065865515, 9.78134341706, 1.37979875612, 0.413065865515, -0.0413065865515, 1.37979875612, -9.94462987561, 0, 9
1.92, 0.0069809, 0.0019944, 1.44847017538, 0.412652982462, 9.79470127984, 1.28039646984, 0.412652982462, -0.0412652982462, 1.28039646984, -9.93468964698, 0, 9
1.92, 0.0069809, 0.0019944, 1.44847017538, 0.412652982462, 9.79470127984, 1.28039646984, 0.412652982462, -0.0412652982462, 1.28039646984, -9.93468964698, 0, 9
1.93, 0.0069809, 0.0019944, 1.4525948681, 0.41224051319, 9.80706295779, 1.18109380205, 0.41224051319, -0.041224051319, 1.18109380205, -9.9247593802, 0, 9
1.93, 0.0069809, 0.0019944, 1.4525948681, 0.41224051319, 9.80706295779, 1.18109380205, 0.41224051319, -0.041224051319, 1.18109380205, -9.9247593802, 0, 9
1.94, 0.0069809, 0.0019944, 1.456715423, 0.4118284577, 9.81842845093, 1.08189075273, 0.4118284577, -0.04118284577, 1.08189075273, -9.91483907527, 0, 9
1.94, 0.0069809, 0.0019944, 1.456715423, 0.4118284577, 9.81842845093, 1.08189075273, 0.4118284577, -0.04118284577, 1.08189075273, -9.91483907527, 0, 9
1.95, 0.0069809, 0.0019944, 1.4608318401, 0.41141681599, 9.82879775924, 0.982787321903, 0.41141681599, -0.041141681599, 0.982787321903, -9.90492873219, 0, 9
1.95, 0.0069809, 0.0019944, 1.4608318401, 0.41141681599, 9.82879775924, 0.982787321903, 0.41141681599, -0.041141681599, 0.982787321903, -9.90492873219, 0, 9
1.96, 0.0069809, 0.0019944, 1.46494411939, 0.411005588061, 9.83817088273, 0.883783509553, 0.411005588061, -0.0411005588061, 0.883783509553, -9.89502835096, 0, 9
1.96, 0.0069809, 0.0019944, 1.46494411939, 0.411005588061, 9.83817088273, 0.883783509553, 0.411005588061, -0.0411005588061, 0.883783509553, -9.89502835096, 0, 9
1.97, 0.0069809, 0.0019944, 1.46905226086, 0.410594773914, 9.8465478214, 0.784879315686, 0.410594773914, -0.0410594773914, 0.784879315686, -9.88513793157, 0, 9
1.97, 0.0069809, 0.0019944, 1.46905226086, 0.410594773914, 9.8465478214, 0.784879315686, 0.410594773914, -0.0410594773914, 0.784879315686, -9.88513793157, 0, 9
1.98, 0.0069809, 0.0019944, 1.47315626452, 0.410184373548, 9.85392857525, 0.686074740302, 0.410184373548, -0.0410184373548, 0.686074740302, -9.87525747403, 0, 9
1.98, 0.0069809, 0.0019944, 1.47315626452, 0.410184373548, 9.85392857525, 0.686074740302, 0.410184373548, -0.0410184373548, 0.686074740302, -9.87525747403, 0, 9
1.99, 0.0069809, 0.0019944, 1.47725613038, 0.409774386962, 9.86031314427, 0.587369783399, 0.409774386962, -0.0409774386962, 0.587369783399, -9.86538697834, 0, 9
1.99, 0.0069809, 0.0019944, 1.47725613038, 0.409774386962, 9.86031314427, 0.587369783399, 0.409774386962, -0.0409774386962, 0.587369783399, -9.86538697834, 0, 9
2, 0.0069809, 0.0019944, 1.48135185842, 0.409364814158, 9.86570152848, 0.488764444979, 0.409364814158, -0.0409364814158, 0.488764444979, -9.8555264445, 0, 9
2, 0.0069809, 0.0019944, 1.48135185842, 0.409364814158, 9.86570152848, 0.488764444979, 0.409364814158, -0.0409364814158, 0.488764444979, -9.8555264445, 0, 9
2.01, 0.0069809, 0.0019944, 1.48544367591, 0.408955632409, 9.87014844057, 0.390253253769, 0.408955632409, -0.0408955632409, 0.390253253769, -9.84567532538, 0, 9
2.01, 0.0069809, 0.0019944, 1.48544367591, 0.408955632409, 9.87014844057, 0.390253253769, 0.408955632409, -0.0408955632409, 0.390253253769, -9.84567532538, 0, 9
2.02, 0.0069809, 0.0019944, 1.48953147065, 0.408546852935, 9.87362686816, 0.29183891101, 0.408546852935, -0.0408546852935, 0.29183891101, -9.8358338911, 0, 9
2.02, 0.0069809, 0.0019944, 1.48953147065, 0.408546852935, 9.87362686816, 0.29183891101, 0.408546852935, -0.0408546852935, 0.29183891101, -9.8358338911, 0, 9
2.03, 0.0069809, 0.0019944, 1.49361517413, 0.408138482587, 9.8761203199, 0.193523065837, 0.408138482587, -0.0408138482587, 0.193523065837, -9.82600230658, 0, 9
2.03, 0.0069809, 0.0019944, 1.49361517413, 0.408138482587, 9.8761203199, 0.193523065837, 0.408138482587, -0.0408138482587, 0.193523065837, -9.82600230658, 0, 9
2.04, 0.0069809, 0.0019944, 1.49769478637, 0.407730521363, 9.87762879578, 0.0953057182484, 0.407730521363, -0.0407730521363, 0.0953057182484, -9.81618057182, 0, 9
2.04, 0.0069809, 0.0019944, 1.49769478637, 0.407730521363, 9.87762879578, 0.0953057182484, 0.407730521363, -0.0407730521363, 0.0953057182484, -9.81618057182, 0, 9
2.05, 0.0069809, 0.0019944, 1.50177030735, 0.407322969265, 9.87815229581, -0.00281313175459, 0.407322969265, -0.0407322969265, -0.00281313175459, -9.80636868682, 0, 9
2.05, 0.0069809, 0.0019944, 1.50177030735, 0.407322969265, 9.87815229581, -0.00281313175459, 0.407322969265, -0.0407322969265, -0.00281313175459, -9.80636868682, 0, 9
2.06, 0.0069809, 0.0019944, 1.50584173708, 0.406915826292, 9.87769081999, -0.100833484172, 0.406915826292, -0.0406915826292, -0.100833484172, -9.79656665158, 0, 9
2.06, 0.0069809, 0.0019944, 1.50584173708, 0.406915826292, 9.87769081999, -0.100833484172, 0.406915826292, -0.0406915826292, -0.100833484172, -9.79656665158, 0, 9
2.07, 0.0069809, 0.0019944, 1.50990907555, 0.406509092445, 9.87624436831, -0.198755339005, 0.406509092445, -0.0406509092445, -0.198755339005, -9.7867744661, 0, 9
2.07, 0.0069809, 0.0019944, 1.50990907555, 0.406509092445, 9.87624436831, -0.198755339005, 0.406509092445, -0.0406509092445, -0.198755339005, -9.7867744661, 0, 9
2.08, 0.0069809, 0.0019944, 1.51397232277, 0.406102767723, 9.87381294078, -0.296578696252, 0.406102767723, -0.0406102767723, -0.296578696252, -9.77699213037, 0, 9
2.08, 0.0069809, 0.0019944, 1.51397232277, 0.406102767723, 9.87381294078, -0.296578696252, 0.406102767723, -0.0406102767723, -0.296578696252, -9.77699213037, 0, 9
2.09, 0.0069809, 0.0019944, 1.51803147875, 0.405696852125, 9.8703965374, -0.394303555914, 0.405696852125, -0.0405696852125, -0.394303555914, -9.76721964441, 0, 9
2.09, 0.0069809, 0.0019944, 1.51803147875, 0.405696852125, 9.8703965374, -0.394303555914, 0.405696852125, -0.0405696852125, -0.394303555914, -9.76721964441, 0, 9
2.1, 0.0069809, 0.0019944, 1.52208654346, 0.405291345654, 9.86599515816, -0.49192991799, 0.405291345654, -0.0405291345654, -0.49192991799, -9.7574570082, 0, 9
2.1, 0.0069809, 0.0019944, 1.52208654346, 0.405291345654, 9.86599515816, -0.49192991799, 0.405291345654, -0.0405291345654, -0.49192991799, -9.7574570082, 0, 9
2.11, 0.0069809, 0.0019944, 1.52613751693, 0.404886248307, 9.86060880308, -0.589457782481, 0.404886248307, -0.0404886248307, -0.589457782481, -9.74770422175, 0, 9
2.11, 0.0069809, 0.0019944, 1.52613751693, 0.404886248307, 9.86060880308, -0.589457782481, 0.404886248307, -0.0404886248307, -0.589457782481, -9.74770422175, 0, 9
2.12, 0.0069809, 0.0019944, 1.53018439914, 0.404481560086, 9.85423747213, -0.686887149387, 0.404481560086, -0.0404481560086, -0.686887149387, -9.73796128506, 0, 9
2.12, 0.0069809, 0.0019944, 1.53018439914, 0.404481560086, 9.85423747213, -0.686887149387, 0.404481560086, -0.0404481560086, -0.686887149387, -9.73796128506, 0, 9
2.13, 0.0069809, 0.0019944, 1.53422736185, 0.404077263815, 9.8469225128, -0.784222153453, 0.404077263815, -0.0404077263815, -0.784222153453, -9.72822778465, 0, 9
2.13, 0.0069809, 0.0019944, 1.53422736185, 0.404077263815, 9.8469225128, -0.784222153453, 0.404077263815, -0.0404077263815, -0.784222153453, -9.72822778465, 0, 9
2.14, 0.0069809, 0.0019944, 1.53826640782, 0.403673359218, 9.83866459429, -0.881462861602, 0.403673359218, -0.0403673359218, -0.881462861602, -9.71850371384, 0, 9
2.14, 0.0069809, 0.0019944, 1.53826640782, 0.403673359218, 9.83866459429, -0.881462861602, 0.403673359218, -0.0403673359218, -0.881462861602, -9.71850371384, 0, 9
2.15, 0.0069809, 0.0019944, 1.54230141094, 0.403269858906, 9.82943335085, -0.978606237259, 0.403269858906, -0.0403269858906, -0.978606237259, -9.70878937627, 0, 9
2.15, 0.0069809, 0.0019944, 1.54230141094, 0.403269858906, 9.82943335085, -0.978606237259, 0.403269858906, -0.0403269858906, -0.978606237259, -9.70878937627, 0, 9
2.16, 0.0069809, 0.0019944, 1.5463323712, 0.40286676288, 9.81922878248, -1.07565228042, 0.40286676288, -0.040286676288, -1.07565228042, -9.69908477196, 0, 9
2.16, 0.0069809, 0.0019944, 1.5463323712, 0.40286676288, 9.81922878248, -1.07565228042, 0.40286676288, -0.040286676288, -1.07565228042, -9.69908477196, 0, 9
2.17, 0.0069809, 0.0019944, 1.5503592886, 0.40246407114, 9.80805088919, -1.17260099109, 0.40246407114, -0.040246407114, -1.17260099109, -9.68938990089, 0, 9
2.17, 0.0069809, 0.0019944, 1.5503592886, 0.40246407114, 9.80805088919, -1.17260099109, 0.40246407114, -0.040246407114, -1.17260099109, -9.68938990089, 0, 9
2.18, 0.0069809, 0.0019944, 1.55438216314, 0.402061783686, 9.79589967097, -1.26945236927, 0.402061783686, -0.0402061783686, -1.26945236927, -9.67970476307, 0, 9
2.18, 0.0069809, 0.0019944, 1.55438216314, 0.402061783686, 9.79589967097, -1.26945236927, 0.402061783686, -0.0402061783686, -1.26945236927, -9.67970476307, 0, 9
2.19, 0.0069809, 0.0019944, 1.55840099482, 0.401659900518, 9.78277512782, -1.36620641496, 0.401659900518, -0.0401659900518, -1.36620641496, -9.6700293585, 0, 9
2.19, 0.0069809, 0.0019944, 1.55840099482, 0.401659900518, 9.78277512782, -1.36620641496, 0.401659900518, -0.0401659900518, -1.36620641496, -9.6700293585, 0, 9
2.2, 0.0069809, 0.0019944, 1.56241578365, 0.401258421635, 9.76867725975, -1.46286312815, 0.401258421635, -0.0401258421635, -1.46286312815, -9.66036368719, 0, 9
2.2, 0.0079783, 0.0019944, 1.56241578365, 0.401258421635, 9.76867725975, -1.46286312815, 0.401258421635, -0.0401258421635, -1.46286312815, -9.66036368719, 0, 9
2.21, 0.0079783, 0.0019944, 1.56642652962, 0.400857347038, 9.75360606674, -1.55942250885, 0.400857347038, -0.0400857347038, -1.55942250885, -9.65070774912, 0, 9
2.21, 0.0079783, 0.0019944, 1.56642652962, 0.400857347038, 9.75360606674, -1.55942250885, 0.400857347038, -0.0400857347038, -1.55942250885, -9.65070774912, 0, 9
2.22, 0.0079783, 0.0019944, 1.57043323272, 0.400456676728, 9.73756154881, -1.65588455706, 0.400456676728, -0.0400456676728, -1.65588455706, -9.64106154429, 0, 9
2.22, 0.0079783, 0.0019944, 1.57043323272, 0.400456676728, 9.73756154881, -1.65588455706, 0.400456676728, -0.0400456676728, -1.65588455706, -9.64106154429, 0, 9
2.23, 0.0079783, 0.0019944, 1.57443589297, 0.400056410703, 9.72054370595, -1.75224927277, 0.400056410703, -0.0400056410703, -1.75224927277, -9.63142507272, 0, 9
2.23, 0.0079783, 0.0019944, 1.57443589297, 0.400056410703, 9.72054370595, -1.75224927277, 0.400056410703, -0.0400056410703, -1.75224927277, -9.63142507272, 0, 9
2.24, 0.0079783, 0.0019944, 1.57843451037, 0.399656548963, 9.70255253817, -1.84851665599, 0.399656548963, -0.0399656548963, -1.84851665599, -9.6217983344, 0, 9
2.24, 0.0079783, 0.0019944, 1.57843451037, 0.399656548963, 9.70255253817, -1.84851665599, 0.399656548963, -0.0399656548963, -1.84851665599, -9.6217983344, 0, 9
2.25, 0.0079783, 0.0019944, 1.58242922689, 0.399257077311, 9.68362222973, -1.94469012515, 0.399257077311, -0.0399257077311, -1.94469012515, -9.61218098749, 0, 9
2.25, 0.0079783, 0.0019944, 1.58242922689, 0.399257077311, 9.68362222973, -1.94469012515, 0.399257077311, -0.0399257077311, -1.94469012515, -9.61218098749, 0, 9
2.26, 0.0079783, 0.0019944, 1.58642020061, 0.398857979939, 9.66379083656, -2.04077348583, 0.398857979939, -0.0398857979939, -2.04077348583, -9.60257265142, 0, 9
2.26, 0.0079783, 0.0019944, 1.58642020061, 0.398857979939, 9.66379083656, -2.04077348583, 0.398857979939, -0.0398857979939, -2.04077348583, -9.60257265142, 0, 9
2.27, 0.0079783, 0.0019944, 1.59040720139, 0.398459279861, 9.64300294974, -2.13676119715, 0.398459279861, -0.0398459279861, -2.13676119715, -9.59297388029, 0, 9
2.27, 0.0079783, 0.0019944, 1.59040720139, 0.398459279861, 9.64300294974, -2.13676119715, 0.398459279861, -0.0398459279861, -2.13676119715, -9.59297388029, 0, 9
2.28, 0.0079783, 0.0019944, 1.59439023053, 0.398060976947, 9.62125888502, -2.23265329068, 0.398060976947, -0.0398060976947, -2.23265329068, -9.58338467093, 0, 9
2.28, 0.0079783, 0.0019944, 1.59439023053, 0.398060976947, 9.62125888502, -2.23265329068, 0.398060976947, -0.0398060976947, -2.23265329068, -9.58338467093, 0, 9
2.29, 0.0079783, 0.0019944, 1.59836928935, 0.397663071065, 9.59855895814, -2.32844979799, 0.397663071065, -0.0397663071065, -2.32844979799, -9.5738050202, 0, 9
2.29, 0.0079783, 0.0019944, 1.59836928935, 0.397663071065, 9.59855895814, -2.32844979799, 0.397663071065, -0.0397663071065, -2.32844979799, -9.5738050202, 0, 9
2.3, 0.0079783, 0.0019944, 1.60234437916, 0.397265562084, 9.57490348486, -2.42415075066, 0.397265562084, -0.0397265562084, -2.42415075066, -9.56423492493, 0, 9
2.3, 0.0079783, 0.0019944, 1.60234437916, 0.397265562084, 9.57490348486, -2.42415075066, 0.397265562084, -0.0397265562084, -2.42415075066, -9.56423492493, 0, 9
2.31, 0.0079783, 0.0019944, 1.60631550126, 0.396868449874, 9.55029278091, -2.51975618026, 0.396868449874, -0.0396868449874, -2.51975618026, -9.55467438197, 0, 9
2.31, 0.0079783, 0.0019944, 1.60631550126, 0.396868449874, 9.55029278091, -2.51975618026, 0.396868449874, -0.0396868449874, -2.51975618026, -9.55467438197, 0, 9
2.32, 0.0079783, 0.0019944, 1.61028265698, 0.396471734302, 9.52472716204, -2.61526611838, 0.396471734302, -0.0396471734302, -2.61526611838, -9.54512338816, 0, 9
2.32, 0.0079783, 0.0019944, 1.61028265698, 0.396471734302, 9.52472716204, -2.61526611838, 0.396471734302, -0.0396471734302, -2.61526611838, -9.54512338816, 0, 9
2.33, 0.0079783, 0.0019944, 1.61424584762, 0.396075415238, 9.49820694401, -2.71068059658, 0.396075415238, -0.0396075415238, -2.71068059658, -9.53558194034, 0, 9
2.33, 0.0079783, 0.0019944, 1.61424584762, 0.396075415238, 9.49820694401, -2.71068059658, 0.396075415238, -0.0396075415238, -2.71068059658, -9.53558194034, 0, 9
2.34, 0.0079783, 0.0019944, 1.61820507449, 0.395679492551, 9.47073244256, -2.80599964643, 0.395679492551, -0.0395679492551, -2.80599964643, -9.52605003536, 0, 9
2.34, 0.0079783, 0.0019944, 1.61820507449, 0.395679492551, 9.47073244256, -2.80599964643, 0.395679492551, -0.0395679492551, -2.80599964643, -9.52605003536, 0, 9
2.35, 0.0079783, 0.0019944, 1.62216033891, 0.395283966109, 9.44230397344, -2.90122329952, 0.395283966109, -0.0395283966109, -2.90122329952, -9.51652767005, 0, 9
2.35, 0.0079783, 0.0019944, 1.62216033891, 0.395283966109, 9.44230397344, -2.90122329952, 0.395283966109, -0.0395283966109, -2.90122329952, -9.51652767005, 0, 9
2.36, 0.0079783, 0.0019944, 1.62611164218, 0.394888835782, 9.41292185239, -2.99635158741, 0.394888835782, -0.0394888835782, -2.99635158741, -9.50701484126, 0, 9
2.36, 0.0079783, 0.0019944, 1.62611164218, 0.394888835782, 9.41292185239, -2.99635158741, 0.394888835782, -0.0394888835782, -2.99635158741, -9.50701484126, 0, 9
2.37, 0.0079783, 0.0019944, 1.63005898562, 0.394494101438, 9.38258639517, -3.09138454169, 0.394494101438, -0.0394494101438, -3.09138454169, -9.49751154583, 0, 9
2.37, 0.0079783, 0.0019944, 1.63005898562, 0.394494101438, 9.38258639517, -3.09138454169, 0.394494101438, -0.0394494101438, -3.09138454169, -9.49751154583, 0, 9
2.38, 0.0079783, 0.0019944, 1.63400237054, 0.394099762946, 9.35129791752, -3.18632219393, 0.394099762946, -0.0394099762946, -3.18632219393, -9.48801778061, 0, 9
2.38, 0.0079783, 0.0019944, 1.63400237054, 0.394099762946, 9.35129791752, -3.18632219393, 0.394099762946, -0.0394099762946, -3.18632219393, -9.48801778061, 0, 9
2.39, 0.0079783, 0.0019944, 1.63794179825, 0.393705820175, 9.31905673518, -3.28116457569, 0.393705820175, -0.0393705820175, -3.28116457569, -9.47853354243, 0, 9
2.39, 0.0079783, 0.0019944, 1.63794179825, 0.393705820175, 9.31905673518, -3.28116457569, 0.393705820175, -0.0393705820175, -3.28116457569, -9.47853354243, 0, 9
2.4, 0.0079783, 0.0019944, 1.64187727007, 0.393312272993, 9.28586316391, -3.37591171857, 0.393312272993, -0.0393312272993, -3.37591171857, -9.46905882814, 0, 9
2.4, 0.0079783, 0.0019944, 1.64187727007, 0.393312272993, 9.28586316391, -3.37591171857, 0.393312272993, -0.0393312272993, -3.37591171857, -9.46905882814, 0, 9
2.41, 0.0079783, 0.0019944, 1.64580878729, 0.392919121271, 9.25171751945, -3.47056365412, 0.392919121271, -0.0392919121271, -3.47056365412, -9.45959363459, 0, 9
2.41, 0.0079783, 0.0019944, 1.64580878729, 0.392919121271, 9.25171751945, -3.47056365412, 0.392919121271, -0.0392919121271, -3.47056365412, -9.45959363459, 0, 9
2.42, 0.0079783, 0.0019944, 1.64973635125, 0.392526364875, 9.21662011755, -3.56512041393, 0.392526364875, -0.0392526364875, -3.56512041393, -9.45013795861, 0, 9
2.42, 0.0079783, 0.0019944, 1.64973635125, 0.392526364875, 9.21662011755, -3.56512041393, 0.392526364875, -0.0392526364875, -3.56512041393, -9.45013795861, 0, 9
2.43, 0.0079783, 0.0019944, 1.65365996324, 0.392134003676, 9.18057127396, -3.65958202957, 0.392134003676, -0.0392134003676, -3.65958202957, -9.44069179704, 0, 9
2.43, 0.0079783, 0.0019944, 1.65365996324, 0.392134003676, 9.18057127396, -3.65958202957, 0.392134003676, -0.0392134003676, -3.65958202957, -9.44069179704, 0, 9
2.44, 0.0079783, 0.0019944, 1.65757962458, 0.391742037542, 9.14357130442, -3.75394853262, 0.391742037542, -0.0391742037542, -3.75394853262, -9.43125514674, 0, 9
2.44, 0.0079783, 0.0019944, 1.65757962458, 0.391742037542, 9.14357130442, -3.75394853262, 0.391742037542, -0.0391742037542, -3.75394853262, -9.43125514674, 0, 9
2.45, 0.0079783, 0.0019944, 1.66149533658, 0.391350466342, 9.10562052469, -3.84821995464, 0.391350466342, -0.0391350466342, -3.84821995464, -9.42182800454, 0, 9
2.45, 0.0079783, 0.0019944, 1.66149533658, 0.391350466342, 9.10562052469, -3.84821995464, 0.391350466342, -0.0391350466342, -3.84821995464, -9.42182800454, 0, 9
2.46, 0.0079783, 0.0019944, 1.66540710055, 0.390959289945, 9.0667192505, -3.94239632722, 0.390959289945, -0.0390959289945, -3.94239632722, -9.41241036728, 0, 9
2.46, 0.0079783, 0.0019944, 1.66540710055, 0.390959289945, 9.0667192505, -3.94239632722, 0.390959289945, -0.0390959289945, -3.94239632722, -9.41241036728, 0, 9
2.47, 0.0079783, 0.0019944, 1.6693149178, 0.39056850822, 9.02686779762, -4.03647768194, 0.39056850822, -0.039056850822, -4.03647768194, -9.40300223181, 0, 9
2.47, 0.0079783, 0.0019944, 1.6693149178, 0.39056850822, 9.02686779762, -4.03647768194, 0.39056850822, -0.039056850822, -4.03647768194, -9.40300223181, 0, 9
2.48, 0.0079783, 0.0019944, 1.673218747, 0.3901781253, 8.98913989513, -1.73502838503, 0.3901781253, -0.03901781253, -1.73502838503, 1128.42819183, 1, 9
2.48, 0.0079783, 0.0019944, 1.673218747, 0.3901781253, 8.98913989513, -1.73502838503, 0.3901781253, -0.03901781253, -1.73502838503, 1128.42819183, 1, 9
2.49, 0.0079783, 0.0019944, 1.67711800258, 0.389788199742, 9.01176295103, 3.49938107663, 0.389788199742, -0.0389788199742, 3.49938107663, -10.1565881077, 0, 9
2.49, 0.0079783, 0.0019944, 1.67711800258, 0.389788199742, 9.01176295103, 3.49938107663, 0.389788199742, -0.0389788199742, 3.49938107663, -10.1565881077, 0, 9
2.5, 0.0079783, 0.0019944, 1.68101197681, 0.389398802319, 9.04573852871, 3.39791701887, 0.389398802319, -0.0389398802319, 3.39791701887, -10.1464417019, 0, 9
2.5, 0.0089757, 0.0019944, 1.68101197681, 0.389398802319, 9.04573852871, 3.39791701887, 0.389398802319, -0.0389398802319, 3.39791701887, -10.1464417019, 0, 9
2.51, 0.0089757, 0.0019944, 1.68490265972, 0.389009734028, 9.07885649412, 3.29653872232, 0.389009734028, -0.0389009734028, 3.29653872232, -10.1363038722, 0, 9
2.51, 0.0089757, 0.0019944, 1.68490265972, 0.389009734028, 9.07885649412, 3.29653872232, 0.389009734028, -0.0389009734028, 3.29653872232, -10.1363038722, 0, 9
2.52, 0.0089757, 0.0019944, 1.68879021953, 0.388620978047, 9.11116068579, 3.19524180316, 0.388620978047, -0.0388620978047, 3.19524180316, -10.1261741803, 0, 9
2.52, 0.0089757, 0.0019944, 1.68879021953, 0.388620978047, 9.11116068579, 3.19524180316, 0.388620978047, -0.0388620978047, 3.19524180316, -10.1261741803, 0, 9
2.53, 0.0089757, 0.0019944, 1.69267391676, 0.388232608324, 9.14245841734, 3.09404553, 0.388232608324, -0.0388232608324, 3.09404553, -10.116054553, 0, 9
2.53, 0.0089757, 0.0019944, 1.69267391676, 0.388232608324, 9.14245841734, 3.09404553, 0.388232608324, -0.0388232608324, 3.09404553, -10.116054553, 0, 9
2.54, 0.0089757, 0.0019944, 1.69655410293, 0.387844589707, 9.17284128281, 2.99294074346, 0.387844589707, -0.0387844589707, 2.99294074346, -10.1059440743, 0, 9
2.54, 0.0089757, 0.0019944, 1.69655410293, 0.387844589707, 9.17284128281, 2.99294074346, 0.387844589707, -0.0387844589707, 2.99294074346, -10.1059440743, 0, 9
2.55, 0.0089757, 0.0019944, 1.70043038551, 0.387456961449, 9.20220699985, 2.89193767175, 0.387456961449, -0.0387456961449, 2.89193767175, -10.0958437672, 0, 9
2.55, 0.0089757, 0.0019944, 1.70043038551, 0.387456961449, 9.20220699985, 2.89193767175, 0.387456961449, -0.0387456961449, 2.89193767175, -10.0958437672, 0, 9
2.56, 0.0089757, 0.0019944, 1.70430293396, 0.387069706604, 9.23059972821, 2.79103189892, 0.387069706604, -0.0387069706604, 2.79103189892, -10.0857531899, 0, 9
2.56, 0.0089757, 0.0019944, 1.70430293396, 0.387069706604, 9.23059972821, 2.79103189892, 0.387069706604, -0.0387069706604, 2.79103189892, -10.0857531899, 0, 9
2.57, 0.0089757, 0.0019944, 1.70817157796, 0.386682842204, 9.25797508802, 2.69022786294, 0.386682842204, -0.0386682842204, 2.69022786294, -10.0756727863, 0, 9
2.57, 0.0089757, 0.0019944, 1.70817157796, 0.386682842204, 9.25797508802, 2.69022786294, 0.386682842204, -0.0386682842204, 2.69022786294, -10.0756727863, 0, 9
2.58, 0.0089757, 0.0019944, 1.71203638459, 0.386296361541, 9.28435055239, 2.5895238165, 0.386296361541, -0.0386296361541, 2.5895238165, -10.0656023816, 0, 9
2.58, 0.0089757, 0.0019944, 1.71203638459, 0.386296361541, 9.28435055239, 2.5895238165, 0.386296361541, -0.0386296361541, 2.5895238165, -10.0656023816, 0, 9
2.59, 0.0089757, 0.0019944, 1.715897371, 0.3859102629, 9.30973059771, 2.48891931197, 0.3859102629, -0.03859102629, 2.48891931197, -10.0555419312, 0, 9
2.59, 0.0089757, 0.0019944, 1.715897371, 0.3859102629, 9.30973059771, 2.48891931197, 0.3859102629, -0.03859102629, 2.48891931197, -10.0555419312, 0, 9
2.6, 0.0089757, 0.0019944, 1.71975452161, 0.385524547839, 9.3341111598, 2.38841475576, 0.385524547839, -0.0385524547839, 2.38841475576, -10.0454914756, 0, 9
2.6, 0.0089757, 0.0019944, 1.71975452161, 0.385524547839, 9.3341111598, 2.38841475576, 0.385524547839, -0.0385524547839, 2.38841475576, -10.0454914756, 0, 9
2.61, 0.0089757, 0.0019944, 1.72360780485, 0.385139219515, 9.35748401172, 2.28801097056, 0.385139219515, -0.0385139219515, 2.28801097056, -10.0354510971, 0, 9
2.61, 0.0089757, 0.0019944, 1.72360780485, 0.385139219515, 9.35748401172, 2.28801097056, 0.385139219515, -0.0385139219515, 2.28801097056, -10.0354510971, 0, 9
2.62, 0.0089757, 0.0019944, 1.7274572516, 0.38475427484, 9.37985720498, 2.18770715124, 0.38475427484, -0.038475427484, 2.18770715124, -10.0254207151, 0, 9
2.62, 0.0089757, 0.0019944, 1.7274572516, 0.38475427484, 9.37985720498, 2.18770715124, 0.38475427484, -0.038475427484, 2.18770715124, -10.0254207151, 0, 9
2.63, 0.0089757, 0.0019944, 1.73130286189, 0.384369713811, 9.40123073957, 2.08750329778, 0.384369713811, -0.0384369713811, 2.08750329778, -10.0154003298, 0, 9
2.63, 0.0089757, 0.0019944, 1.73130286189, 0.384369713811, 9.40123073957, 2.08750329778, 0.384369713811, -0.0384369713811, 2.08750329778, -10.0154003298, 0, 9
2.64, 0.0089757, 0.0019944, 1.73514463569, 0.383985536431, 9.4216046155, 1.98739941019, 0.383985536431, -0.0383985536431, 1.98739941019, -10.005389941, 0, 9
2.64, 0.0089757, 0.0019944, 1.73514463569, 0.383985536431, 9.4216046155, 1.98739941019, 0.383985536431, -0.0383985536431, 1.98739941019, -10.005389941, 0, 9
2.65, 0.0089757, 0.0019944, 1.73898257302, 0.383601742698, 9.44097883276, 1.88739548846, 0.383601742698, -0.0383601742698, 1.88739548846, -9.99538954885, 0, 9
2.65, 0.0089757, 0.0019944, 1.73898257302, 0.383601742698, 9.44097883276, 1.88739548846, 0.383601742698, -0.0383601742698, 1.88739548846, -9.99538954885, 0, 9
2.66, 0.0089757, 0.0019944, 1.74281669546, 0.383218330454, 9.45935901827, 1.78749096991, 0.383218330454, -0.0383218330454, 1.78749096991, -9.98539909699, 0, 9
2.66, 0.0089757, 0.0019944, 1.74281669546, 0.383218330454, 9.45935901827, 1.78749096991, 0.383218330454, -0.0383218330454, 1.78749096991, -9.98539909699, 0, 9
2.67, 0.0089757, 0.0019944, 1.74664709013, 0.382835290987, 9.47676786903, 1.68768358483, 0.382835290987, -0.0382835290987, 1.68768358483, -9.97541835848, 0, 9
2.67, 0.0089757, 0.0019944, 1.74664709013, 0.382835290987, 9.47676786903, 1.68768358483, 0.382835290987, -0.0382835290987, 1.68768358483, -9.97541835848, 0, 9
2.68, 0.0089757, 0.0019944, 1.75047366683, 0.382452633317, 9.49318188363, 1.58797568337, 0.382452633317, -0.0382452633317, 1.58797568337, -9.96544756834, 0, 9
2.68, 0.0089757, 0.0019944, 1.75047366683, 0.382452633317, 9.49318188363, 1.58797568337, 0.382452633317, -0.0382452633317, 1.58797568337, -9.96544756834, 0, 9
2.69, 0.0089757, 0.0019944, 1.75429642556, 0.382070357444, 9.50860106207, 1.48836726553, 0.382070357444, -0.0382070357444, 1.48836726553, -9.95548672655, 0, 9
2.69, 0.0089757, 0.0019944, 1.75429642556, 0.382070357444, 9.50860106207, 1.48836726553, 0.382070357444, -0.0382070357444, 1.48836726553, -9.95548672655, 0, 9
2.7, 0.0089757, 0.0019944, 1.75811536633, 0.381688463367, 9.52302540435, 1.3888583313, 0.381688463367, -0.0381688463367, 1.3888583313, -9.94553583313, 0, 9
2.7, 0.0089757, 0.0019944, 1.75811536633, 0.381688463367, 9.52302540435, 1.3888583313, 0.381688463367, -0.0381688463367, 1.3888583313, -9.94553583313, 0, 9
2.71, 0.0089757, 0.0019944, 1.76193048912, 0.381306951088, 9.53645491047, 1.28944888069, 0.381306951088, -0.0381306951088, 1.28944888069, -9.93559488807, 0, 9
2.71, 0.0089757, 0.0019944, 1.76193048912, 0.381306951088, 9.53645491047, 1.28944888069, 0.381306951088, -0.0381306951088, 1.28944888069, -9.93559488807, 0, 9
2.72, 0.0099734, 0.0019944, 1.76574179394, 0.380925820606, 9.54888958042, 1.19013891369, 0.380925820606, -0.0380925820606, 1.19013891369, -9.92566389137, 0, 9
2.72, 0.0099734, 0.0019944, 1.76574179394, 0.380925820606, 9.54888958042, 1.19013891369, 0.380925820606, -0.0380925820606, 1.19013891369, -9.92566389137, 0, 9
2.73, 0.0099734, 0.0019944, 1.7695492808, 0.38054507192, 9.56032941422, 1.09092843032, 0.38054507192, -0.038054507192, 1.09092843032, -9.91574284303, 0, 9
2.73, 0.0099734, 0.0019944, 1.7695492808, 0.38054507192, 9.56032941422, 1.09092843032, 0.38054507192, -0.038054507192, 1.09092843032, -9.91574284303, 0, 9
2.74, 0.0099734, 0.0019944, 1.77335294969, 0.380164705031, 9.57077441185, 0.991817430552, 0.380164705031, -0.0380164705031, 0.991817430552, -9.90583174306, 0, 9
2.74, 0.0099734, 0.0019944, 1.77335294969, 0.380164705031, 9.57077441185, 0.991817430552, 0.380164705031, -0.0380164705031, 0.991817430552, -9.90583174306, 0, 9
2.75, 0.0099734, 0.0019944, 1.7771528006, 0.37978471994, 9.58022457332, 0.892805914405, 0.37978471994, -0.037978471994, 0.892805914405, -9.89593059144, 0, 9
2.75, 0.0099734, 0.0019944, 1.7771528006, 0.37978471994, 9.58022457332, 0.892805914405, 0.37978471994, -0.037978471994, 0.892805914405, -9.89593059144, 0, 9
2.76, 0.0099734, 0.0019944, 1.78094883355, 0.379405116645, 9.58867989863, 0.793893881874, 0.379405116645, -0.0379405116645, 0.793893881874, -9.88603938819, 0, 9
2.76, 0.0099734, 0.0019944, 1.78094883355, 0.379405116645, 9.58867989863, 0.793893881874, 0.379405116645, -0.0379405116645, 0.793893881874, -9.88603938819, 0, 9
2.77, 0.0099734, 0.0019944, 1.78474104853, 0.379025895147, 9.59614038777, 0.69508133296, 0.379025895147, -0.0379025895147, 0.69508133296, -9.8761581333, 0, 9
2.77, 0.0099734, 0.0019944, 1.78474104853, 0.379025895147, 9.59614038777, 0.69508133296, 0.379025895147, -0.0379025895147, 0.69508133296, -9.8761581333, 0, 9
2.78, 0.0099734, 0.0019944, 1.78852944554, 0.378647055446, 9.60260604076, 0.596368267661, 0.378647055446, -0.0378647055446, 0.596368267661, -9.86628682677, 0, 9
2.78, 0.0099734, 0.0019944, 1.78852944554, 0.378647055446, 9.60260604076, 0.596368267661, 0.378647055446, -0.0378647055446, 0.596368267661, -9.86628682677, 0, 9
2.79, 0.0099734, 0.0019944, 1.79231414108, 0.378268585892, 9.60810721513, 0.497751650225, 0.378268585892, -0.0378268585892, 0.497751650225, -9.85642516502, 0, 9
2.79, 0.0099734, 0.0019944, 1.79231414108, 0.378268585892, 9.60810721513, 0.497751650225, 0.378268585892, -0.0378268585892, 0.497751650225, -9.85642516502, 0, 9
2.8, 0.0099734, 0.0019944, 1.79609518197, 0.377890481803, 9.61265610697, 0.39923026104, 0.377890481803, -0.0377890481803, 0.39923026104, -9.8465730261, 0, 9
2.8, 0.0099734, 0.0019944, 1.79609518197, 0.377890481803, 9.61265610697, 0.39923026104, 0.377890481803, -0.0377890481803, 0.39923026104, -9.8465730261, 0, 9
2.81, 0.0099734, 0.0019944, 1.79987244311, 0.377512755689, 9.61622012084, 0.300807359653, 0.377512755689, -0.0377512755689, 0.300807359653, -9.83673073597, 0, 9
2.81, 0.0099734, 0.0019944, 1.79987244311, 0.377512755689, 9.61622012084, 0.300807359653, 0.377512755689, -0.0377512755689, 0.300807359653, -9.83673073597, 0, 9
2.82, 0.0099734, 0.0019944, 1.8036459245, 0.37713540755, 9.61879925672, 0.202482946065, 0.37713540755, -0.037713540755, 0.202482946065, -9.82689829461, 0, 9
2.82, 0.0099734, 0.0019944, 1.8036459245, 0.37713540755, 9.61879925672, 0.202482946065, 0.37713540755, -0.037713540755, 0.202482946065, -9.82689829461, 0, 9
2.83, 0.0099734, 0.0019944, 1.80741562613, 0.376758437387, 9.62039351463, 0.104257020274, 0.376758437387, -0.0376758437387, 0.104257020274, -9.81707570203, 0, 9
2.83, 0.0099734, 0.0019944, 1.80741562613, 0.376758437387, 9.62039351463, 0.104257020274, 0.376758437387, -0.0376758437387, 0.104257020274, -9.81707570203, 0, 9
2.84, 0.0099734, 0.0019944, 1.81118154801, 0.376381845199, 9.62100289455, 0.00612958228179, 0.376381845199, -0.0376381845199, 0.00612958228179, -9.80726295823, 0, 9
2.84, 0.0099734, 0.0019944, 1.81118154801, 0.376381845199, 9.62100289455, 0.00612958228179, 0.376381845199, -0.0376381845199, 0.00612958228179, -9.80726295823, 0, 9
2.85, 0.0099734, 0.0019944, 1.81494369014, 0.376005630986, 9.6206273965, -0.0918993679127, 0.376005630986, -0.0376005630986, -0.0918993679127, -9.79746006321, 0, 9
2.85, 0.0099734, 0.0019944, 1.81494369014, 0.376005630986, 9.6206273965, -0.0918993679127, 0.376005630986, -0.0376005630986, -0.0918993679127, -9.79746006321, 0, 9
2.86, 0.0099734, 0.0019944, 1.81870205252, 0.375629794748, 9.61926702046, -0.189829830309, 0.375629794748, -0.0375629794748, -0.189829830309, -9.78766701697, 0, 9
2.86, 0.0099734, 0.0019944, 1.81870205252, 0.375629794748, 9.61926702046, -0.189829830309, 0.375629794748, -0.0375629794748, -0.189829830309, -9.78766701697, 0, 9
2.87, 0.0099734, 0.0019944, 1.82245663515, 0.375254336485, 9.61692176645, -0.287661804908, 0.375254336485, -0.0375254336485, -0.287661804908, -9.77788381951, 0, 9
2.87, 0.0099734, 0.0019944, 1.82245663515, 0.375254336485, 9.61692176645, -0.287661804908, 0.375254336485, -0.0375254336485, -0.287661804908, -9.77788381951, 0, 9
2.88, 0.0099734, 0.0019944, 1.82620743802, 0.374879256198, 9.61359163445, -0.385395291708, 0.374879256198, -0.0374879256198, -0.385395291708, -9.76811047083, 0, 9
2.88, 0.0099734, 0.0019944, 1.82620743802, 0.374879256198, 9.61359163445, -0.385395291708, 0.374879256198, -0.0374879256198, -0.385395291708, -9.76811047083, 0, 9
2.89, 0.0099734, 0.0019944, 1.82995446114, 0.374504553886, 9.60927662448, -0.483030290711, 0.374504553886, -0.0374504553886, -0.483030290711, -9.75834697093, 0, 9
2.89, 0.0099734, 0.0019944, 1.82995446114, 0.374504553886, 9.60927662448, -0.483030290711, 0.374504553886, -0.0374504553886, -0.483030290711, -9.75834697093, 0, 9
2.9, 0.0099734, 0.0019944, 1.83369770452, 0.374130229548, 9.60397673652, -0.580566801915, 0.374130229548, -0.0374130229548, -0.580566801915, -9.74859331981, 0, 9
2.9, 0.0099734, 0.0019944, 1.83369770452, 0.374130229548, 9.60397673652, -0.580566801915, 0.374130229548, -0.0374130229548, -0.580566801915, -9.74859331981, 0, 9
2.91, 0.0099734, 0.0019944, 1.83743716814, 0.373756283186, 9.59769197059, -0.678004825321, 0.373756283186, -0.0373756283186, -0.678004825321, -9.73884951747, 0, 9
2.91, 0.0099734, 0.0019944, 1.83743716814, 0.373756283186, 9.59769197059, -0.678004825321, 0.373756283186, -0.0373756283186, -0.678004825321, -9.73884951747, 0, 9
2.92, 0.0099734, 0.0019944, 1.84117307448, 0.373382692552, 9.59048029673, -0.775350157936, 0.373382692552, -0.0373382692552, -0.775350157936, -9.72911498421, 0, 9
2.92, 0.0099734, 0.0019944, 1.84117307448, 0.373382692552, 9.59048029673, -0.775350157936, 0.373382692552, -0.0373382692552, -0.775350157936, -9.72911498421, 0, 9
2.93, 0.0099734, 0.0019944, 1.84490531627, 0.373009468373, 9.58231376093, -0.872600004356, 0.373009468373, -0.0373009468373, -0.872600004356, -9.71938999956, 0, 9
2.93, 0.0099734, 0.0019944, 1.84490531627, 0.373009468373, 9.58231376093, -0.872600004356, 0.373009468373, -0.0373009468373, -0.872600004356, -9.71938999956, 0, 9
2.94, 0.0099734, 0.0019944, 1.84863382272, 0.372636617728, 9.57317391911, -0.969752520174, 0.372636617728, -0.0372636617728, -0.969752520174, -9.70967474798, 0, 9
2.94, 0.0099734, 0.0019944, 1.84863382272, 0.372636617728, 9.57317391911, -0.969752520174, 0.372636617728, -0.0372636617728, -0.969752520174, -9.70967474798, 0, 9
2.95, 0.0099734, 0.0019944, 1.85235859382, 0.372264140618, 9.56306077126, -1.06680770539, 0.372264140618, -0.0372264140618, -1.06680770539, -9.69996922946, 0, 9
2.95, 0.0109709, 0.0019944, 1.85235859382, 0.372264140618, 9.56306077126, -1.06680770539, 0.372264140618, -0.0372264140618, -1.06680770539, -9.69996922946, 0, 9
2.96, 0.0109709, 0.0019944, 1.85607962959, 0.371892037041, 9.55197431739, -1.16376556, 0.371892037041, -0.0371892037041, -1.16376556, -9.690273444, 0, 9
2.96, 0.0109709, 0.0019944, 1.85607962959, 0.371892037041, 9.55197431739, -1.16376556, 0.371892037041, -0.0371892037041, -1.16376556, -9.690273444, 0, 9
2.97, 0.0109709, 0.0019944, 1.85979693001, 0.371520306999, 9.53991455749, -1.26062608401, 0.371520306999, -0.0371520306999, -1.26062608401, -9.6805873916, 0, 9
2.97, 0.0109709, 0.0019944, 1.85979693001, 0.371520306999, 9.53991455749, -1.26062608401, 0.371520306999, -0.0371520306999, -1.26062608401, -9.6805873916, 0, 9
2.98, 0.0109709, 0.0019944, 1.86351049509, 0.371148950491, 9.52688149157, -1.35738927742, 0.371148950491, -0.0371148950491, -1.35738927742, -9.67091107226, 0, 9
2.98, 0.0109709, 0.0019944, 1.86351049509, 0.371148950491, 9.52688149157, -1.35738927742, 0.371148950491, -0.0371148950491, -1.35738927742, -9.67091107226, 0, 9
2.99, 0.0109709, 0.0019944, 1.86722032484, 0.370777967516, 9.51287511963, -1.45405514023, 0.370777967516, -0.0370777967516, -1.45405514023, -9.66124448598, 0, 9
2.99, 0.0109709, 0.0019944, 1.86722032484, 0.370777967516, 9.51287511963, -1.45405514023, 0.370777967516, -0.0370777967516, -1.45405514023, -9.66124448598, 0, 9
3, 0.0109709, 0.0019944, 1.87092641924, 0.370407358076, 9.49789544166, -1.55062367243, 0.370407358076, -0.0370407358076, -1.55062367243, -9.65158763276, 0, 9
3, 0.0109709, 0.0019944, 1.87092641924, 0.370407358076, 9.49789544166, -1.55062367243, 0.370407358076, -0.0370407358076, -1.55062367243, -9.65158763276, 0, 9
3.01, 0.0109709, 0.0019944, 1.8746287783, 0.37003712217, 9.48194245767, -1.64709487403, 0.37003712217, -0.037003712217, -1.64709487403, -9.6419405126, 0, 9
3.01, 0.0109709, 0.0019944, 1.8746287783, 0.37003712217, 9.48194245767, -1.64709487403, 0.37003712217, -0.037003712217, -1.64709487403, -9.6419405126, 0, 9
3.02, 0.0109709, 0.0019944, 1.87832740202, 0.369667259798, 9.46501616765, -1.74346874503, 0.369667259798, -0.0369667259798, -1.74346874503, -9.6323031255, 0, 9
3.02, 0.0109709, 0.0019944, 1.87832740202, 0.369667259798, 9.46501616765, -1.74346874503, 0.369667259798, -0.0369667259798, -1.74346874503, -9.6323031255, 0, 9
3.03, 0.0109709, 0.0019944, 1.88202229039, 0.369297770961, 9.44711657162, -1.83974528542, 0.369297770961, -0.0369297770961, -1.83974528542, -9.62267547146, 0, 9
3.03, 0.0109709, 0.0019944, 1.88202229039, 0.369297770961, 9.44711657162, -1.83974528542, 0.369297770961, -0.0369297770961, -1.83974528542, -9.62267547146, 0, 9
3.04, 0.0109709, 0.0019944, 1.88571345103, 0.368928654897, 9.428245649, -1.93592469316, 0.368928654897, -0.0368928654897, -1.93592469316, -9.61305753068, 0, 9
3.04, 0.0109709, 0.0019944, 1.88571345103, 0.368928654897, 9.428245649, -1.93592469316, 0.368928654897, -0.0368928654897, -1.93592469316, -9.61305753068, 0, 9
3.05, 0.0109709, 0.0019944, 1.88940118602, 0.368559881398, 9.40848211696, -2.03201483996, 0.368559881398, -0.0368559881398, -2.03201483996, -9.603448516, 0, 9
3.05, 0.0109709, 0.0019944, 1.88940118602, 0.368559881398, 9.40848211696, -2.03201483996, 0.368559881398, -0.0368559881398, -2.03201483996, -9.603448516, 0, 9
3.06, 0.0109709, 0.0019944, 1.89308523175, 0.368191476825, 9.38775728696, -2.12800885696, 0.368191476825, -0.0368191476825, -2.12800885696, -9.5938491143, 0, 9
3.06, 0.0109709, 0.0019944, 1.89308523175, 0.368191476825, 9.38775728696, -2.12800885696, 0.368191476825, -0.0368191476825, -2.12800885696, -9.5938491143, 0, 9
3.07, 0.0109709, 0.0019944, 1.89676558823, 0.367823441177, 9.36607115901, -2.22390674416, 0.367823441177, -0.0367823441177, -2.22390674416, -9.58425932558, 0, 9
3.07, 0.0109709, 0.0019944, 1.89676558823, 0.367823441177, 9.36607115901, -2.22390674416, 0.367823441177, -0.0367823441177, -2.22390674416, -9.58425932558, 0, 9
3.08, 0.0109709, 0.0019944, 1.90044225544, 0.367455774456, 9.3434237331, -2.31970850157, 0.367455774456, -0.0367455774456, -2.31970850157, -9.57467914984, 0, 9
3.08, 0.0109709, 0.0019944, 1.90044225544, 0.367455774456, 9.3434237331, -2.31970850157, 0.367455774456, -0.0367455774456, -2.31970850157, -9.57467914984, 0, 9
3.09, 0.0109709, 0.0019944, 1.90411523341, 0.367088476659, 9.31981500924, -2.41541412919, 0.367088476659, -0.0367088476659, -2.41541412919, -9.56510858708, 0, 9
3.09, 0.0109709, 0.0019944, 1.90411523341, 0.367088476659, 9.31981500924, -2.41541412919, 0.367088476659, -0.0367088476659, -2.41541412919, -9.56510858708, 0, 9
3.1, 0.0109709, 0.0019944, 1.90778452211, 0.366721547789, 9.29524498741, -2.511023627, 0.366721547789, -0.0366721547789, -2.511023627, -9.5555476373, 0, 9
3.1, 0.0109709, 0.0019944, 1.90778452211, 0.366721547789, 9.29524498741, -2.511023627, 0.366721547789, -0.0366721547789, -2.511023627, -9.5555476373, 0, 9
3.11, 0.0109709, 0.0019944, 1.91145012156, 0.366354987844, 9.26971366763, -2.60653699503, 0.366354987844, -0.0366354987844, -2.60653699503, -9.5459963005, 0, 9
3.11, 0.0109709, 0.0019944, 1.91145012156, 0.366354987844, 9.26971366763, -2.60653699503, 0.366354987844, -0.0366354987844, -2.60653699503, -9.5459963005, 0, 9
3.12, 0.0109709, 0.0019944, 1.91511203175, 0.365988796825, 9.24322104989, -2.70195423325, 0.365988796825, -0.0365988796825, -2.70195423325, -9.53645457667, 0, 9
3.12, 0.0109709, 0.0019944, 1.91511203175, 0.365988796825, 9.24322104989, -2.70195423325, 0.365988796825, -0.0365988796825, -2.70195423325, -9.53645457667, 0, 9
3.13, 0.0109709, 0.0019944, 1.91877025269, 0.365622974731, 9.21576713419, -2.79727534168, 0.365622974731, -0.0365622974731, -2.79727534168, -9.52692246583, 0, 9
3.13, 0.0109709, 0.0019944, 1.91877025269, 0.365622974731, 9.21576713419, -2.79727534168, 0.365622974731, -0.0365622974731, -2.79727534168, -9.52692246583, 0, 9
3.14, 0.0109709, 0.0019944, 1.92242478437, 0.365257521563, 9.18735192053, -2.89250032032, 0.365257521563, -0.0365257521563, -2.89250032032, -9.51739996797, 0, 9
3.14, 0.0109709, 0.0019944, 1.92242478437, 0.365257521563, 9.18735192053, -2.89250032032, 0.365257521563, -0.0365257521563, -2.89250032032, -9.51739996797, 0, 9
3.15, 0.0109709, 0.0019944, 1.92607562679, 0.364892437321, 9.15797540892, -2.98762916916, 0.364892437321, -0.0364892437321, -2.98762916916, -9.50788708308, 0, 9
3.15, 0.0109709, 0.0019944, 1.92607562679, 0.364892437321, 9.15797540892, -2.98762916916, 0.364892437321, -0.0364892437321, -2.98762916916, -9.50788708308, 0, 9
3.16, 0.0119687, 0.0029922, 1.92972277996, 0.364527722004, 9.12763759935, -3.0826618882, 0.364527722004, -0.0364527722004, -3.0826618882, -9.49838381118, 0, 9
3.16, 0.0119687, 0.0029922, 1.92972277996, 0.364527722004, 9.12763759935, -3.0826618882, 0.364527722004, -0.0364527722004, -3.0826618882, -9.49838381118, 0, 9
3.17, 0.0119687, 0.0029922, 1.93336636362, 0.364163363638, 9.09636969604, -3.17760159787, 0.364163363638, -0.0364163363638, -3.17760159787, -9.48888984021, 0, 9
3.17, 0.0119687, 0.0029922, 1.93336636362, 0.364163363638, 9.09636969604, -3.17760159787, 0.364163363638, -0.0364163363638, -3.17760159787, -9.48888984021, 0, 9
3.18, 0.0119687, 0.0029922, 1.93700657045, 0.363799342955, 9.06422189988, -3.27245331825, 0.363799342955, -0.0363799342955, -3.27245331825, -9.47940466817, 0, 9
3.18, 0.0119687, 0.0029922, 1.93700657045, 0.363799342955, 9.06422189988, -3.27245331825, 0.363799342955, -0.0363799342955, -3.27245331825, -9.47940466817, 0, 9
3.19, 0.0119687, 0.0029922, 1.94064315433, 0.363435684567, 9.03113008512, -3.36721063678, 0.363435684567, -0.0363435684567, -3.36721063678, -9.46992893632, 0, 9
3.19, 0.0119687, 0.0029922, 1.94064315433, 0.363435684567, 9.03113008512, -3.36721063678, 0.363435684567, -0.0363435684567, -3.36721063678, -9.46992893632, 0, 9
3.2, 0.0119687, 0.0029922, 1.94427608032, 0.363072391968, 8.997159513, -3.25475484137, 0.363072391968, -0.0363072391968, -3.25475484137, 372.210170861, 1, 9
3.2, 0.0119687, 0.0029922, 1.94427608032, 0.363072391968, 8.997159513, -3.25475484137, 0.363072391968, -0.0363072391968, -3.25475484137, 372.210170861, 1, 9
3.21, 0.0119687, 0.0029922, 1.94790493416, 0.362709506584, 9.00245745374, 2.96878433741, 0.362709506584, -0.0362709506584, 2.96878433741, -10.1035284337, 0, 9
3.21, 0.0119687, 0.0029922, 1.94790493416, 0.362709506584, 9.00245745374, 2.96878433741, 0.362709506584, -0.0362709506584, 2.96878433741, -10.1035284337, 0, 9
3.22, 0.0119687, 0.0029922, 1.95152829514, 0.362347170486, 9.03110514036, 2.86785306875, 0.362347170486, -0.0362347170486, 2.86785306875, -10.0934353069, 0, 9
3.22, 0.0119687, 0.0029922, 1.95152829514, 0.362347170486, 9.03110514036, 2.86785306875, 0.362347170486, -0.0362347170486, 2.86785306875, -10.0934353069, 0, 9
3.23, 0.0119687, 0.0029922, 1.95514888101, 0.361985111899, 9.05897980179, 2.7669991026, 0.361985111899, -0.0361985111899, 2.7669991026, -10.0833499103, 0, 9
3.23, 0.0119687, 0.0029922, 1.95514888101, 0.361985111899, 9.05897980179, 2.7669991026, 0.361985111899, -0.0361985111899, 2.7669991026, -10.0833499103, 0, 9
3.24, 0.0119687, 0.0029922, 1.9587663578, 0.36162336422, 9.08598840694, 2.66623174209, 0.36162336422, -0.036162336422, 2.66623174209, -10.0732731742, 0, 9
3.24, 0.0119687, 0.0029922, 1.9587663578, 0.36162336422, 9.08598840694, 2.66623174209, 0.36162336422, -0.036162336422, 2.66623174209, -10.0732731742, 0, 9
3.25, 0.0119687, 0.0029922, 1.96238032929, 0.361261967071, 9.11202058681, 2.5655620241, 0.361261967071, -0.0361261967071, 2.5655620241, -10.0632062024, 0, 9
3.25, 0.0119687, 0.0029922, 1.96238032929, 0.361261967071, 9.11202058681, 2.5655620241, 0.361261967071, -0.0361261967071, 2.5655620241, -10.0632062024, 0, 9
3.26, 0.0119687, 0.0029922, 1.96599096483, 0.360900903517, 9.13712351224, 2.46498523156, 0.360900903517, -0.0360900903517, 2.46498523156, -10.0531485232, 0, 9
3.26, 0.0119687, 0.0029922, 1.96599096483, 0.360900903517, 9.13712351224, 2.46498523156, 0.360900903517, -0.0360900903517, 2.46498523156, -10.0531485232, 0, 9
3.27, 0.0119687, 0.0029922, 1.96959799001, 0.360540200999, 9.16122074761, 2.36450900802, 0.360540200999, -0.0360540200999, 2.36450900802, -10.0431009008, 0, 9
3.27, 0.0119687, 0.0029922, 1.96959799001, 0.360540200999, 9.16122074761, 2.36450900802, 0.360540200999, -0.0360540200999, 2.36450900802, -10.0431009008, 0, 9
3.28, 0.0119687, 0.0029922, 1.97320152396, 0.360179847604, 9.18434547668, 2.26413003512, 0.360179847604, -0.0360179847604, 2.26413003512, -10.0330630035, 0, 9
3.28, 0.0119687, 0.0029922, 1.97320152396, 0.360179847604, 9.18434547668, 2.26413003512, 0.360179847604, -0.0360179847604, 2.26413003512, -10.0330630035, 0, 9
3.29, 0.0119687, 0.0029922, 1.97680140685, 0.359819859315, 9.20645317768, 2.16385276502, 0.359819859315, -0.0359819859315, 2.16385276502, -10.0230352765, 0, 9
3.29, 0.0119687, 0.0029922, 1.97680140685, 0.359819859315, 9.20645317768, 2.16385276502, 0.359819859315, -0.0359819859315, 2.16385276502, -10.0230352765, 0, 9
3.3, 0.0119687, 0.0029922, 1.98039773414, 0.359460226586, 9.22757043928, 2.06367453885, 0.359460226586, -0.0359460226586, 2.06367453885, -10.0130174539, 0, 9
3.3, 0.0119687, 0.0029922, 1.98039773414, 0.359460226586, 9.22757043928, 2.06367453885, 0.359460226586, -0.0359460226586, 2.06367453885, -10.0130174539, 0, 9
3.31, 0.0119687, 0.0029922, 1.98399050581, 0.359100949419, 9.24769726148, 1.96359535663, 0.359100949419, -0.0359100949419, 1.96359535663, -10.0030095357, 0, 9
3.31, 0.0119687, 0.0029922, 1.98399050581, 0.359100949419, 9.24769726148, 1.96359535663, 0.359100949419, -0.0359100949419, 1.96359535663, -10.0030095357, 0, 9
3.32, 0.0119687, 0.0029922, 1.98757969417, 0.358742030583, 9.2668259246, 1.86361599032, 0.358742030583, -0.0358742030583, 1.86361599032, -9.99301159903, 0, 9
3.32, 0.0119687, 0.0029922, 1.98757969417, 0.358742030583, 9.2668259246, 1.86361599032, 0.358742030583, -0.0358742030583, 1.86361599032, -9.99301159903, 0, 9
3.33, 0.0119687, 0.0029922, 1.99116529228, 0.358383470772, 9.28495449984, 1.7637366328, 0.358383470772, -0.0358383470772, 1.7637366328, -9.98302366328, 0, 9
3.33, 0.0119687, 0.0029922, 1.99116529228, 0.358383470772, 9.28495449984, 1.7637366328, 0.358383470772, -0.0358383470772, 1.7637366328, -9.98302366328, 0, 9
3.34, 0.0119687, 0.0029922, 1.99474731953, 0.358025268047, 9.30208838605, 1.66395674418, 0.358025268047, -0.0358025268047, 1.66395674418, -9.97304567442, 0, 9
3.34, 0.0119687, 0.0029922, 1.99474731953, 0.358025268047, 9.30208838605, 1.66395674418, 0.358025268047, -0.0358025268047, 1.66395674418, -9.97304567442, 0, 9
3.35, 0.0119687, 0.0029922, 1.99832577592, 0.357667422408, 9.31822758322, 1.56427632446, 0.357667422408, -0.0357667422408, 1.56427632446, -9.96307763245, 0, 9
3.35, 0.0119687, 0.0029922, 1.99832577592, 0.357667422408, 9.31822758322, 1.56427632446, 0.357667422408, -0.0357667422408, 1.56427632446, -9.96307763245, 0, 9
3.36, 0.0119687, 0.0029922, 2.00189966099, 0.357310033901, 9.33309340756, 1.46472324203, 0.357310033901, -0.0357310033901, 1.46472324203, -9.9531223242, 0, 8
3.36, 0.0119687, 0.0029922, 2.00189966099, 0.357310033901, 9.33309340756, 1.46472324203, 0.357310033901, -0.0357310033901, 1.46472324203, -9.9531223242, 0, 8
3.37, 0.0119687, 0.0029922, 2.00546899, 0.356953101, 9.3466901106, 1.36529707172, 0.356953101, -0.0356953101, 1.36529707172, -9.94317970717, 0, 8
3.37, 0.0119687, 0.0029922, 2.00546899, 0.356953101, 9.3466901106, 1.36529707172, 0.356953101, -0.0356953101, 1.36529707172, -9.94317970717, 0, 8
3.38, 0.0119687, 0.0029922, 2.00903524896, 0.356596475104, 9.35943162804, 1.26595641998, 0.356596475104, -0.0356596475104, 1.26595641998, -9.933245642, 0, 8
3.38, 0.0119687, 0.0029922, 2.00903524896, 0.356596475104, 9.35943162804, 1.26595641998, 0.356596475104, -0.0356596475104, 1.26595641998, -9.933245642, 0, 8
3.39, 0.0119687, 0.0029922, 2.01259886501, 0.356240113499, 9.37143694614, 1.16668938817, 0.356240113499, -0.0356240113499, 1.16668938817, -9.92331893882, 0, 8
3.39, 0.0119687, 0.0029922, 2.01259886501, 0.356240113499, 9.37143694614, 1.16668938817, 0.356240113499, -0.0356240113499, 1.16668938817, -9.92331893882, 0, 8
3.4, 0.0119687, 0.0029922, 2.01615880036, 0.355884119964, 9.38241697704, 1.06752488508, 0.355884119964, -0.0355884119964, 1.06752488508, -9.91340248851, 0, 8
3.4, 0.0119687, 0.0029922, 2.01615880036, 0.355884119964, 9.38241697704, 1.06752488508, 0.355884119964, -0.0355884119964, 1.06752488508, -9.91340248851, 0, 8
3.41, 0.0119687, 0.0029922, 2.01971557097, 0.355528442903, 9.39251544932, 0.968448537851, 0.355528442903, -0.0355528442903, 0.968448537851, -9.90349485379, 0, 8
3.41, 0.0119687, 0.0029922, 2.01971557097, 0.355528442903, 9.39251544932, 0.968448537851, 0.355528442903, -0.0355528442903, 0.968448537851, -9.90349485379, 0, 8
3.42, 0.0119687, 0.0029922, 2.02326886291, 0.355173113709, 9.40164491197, 0.869469091586, 0.355173113709, -0.0355173113709, 0.869469091586, -9.89359690916, 0, 8
3.42, 0.0119687, 0.0029922, 2.02326886291, 0.355173113709, 9.40164491197, 0.869469091586, 0.355173113709, -0.0355173113709, 0.869469091586, -9.89359690916, 0, 8
3.43, 0.0119687, 0.0029922, 2.02681866229, 0.354818133771, 9.40980149851, 0.770586932932, 0.354818133771, -0.0354818133771, 0.770586932932, -9.88370869329, 0, 8
3.43, 0.0119687, 0.0029922, 2.02681866229, 0.354818133771, 9.40980149851, 0.770586932932, 0.354818133771, -0.0354818133771, 0.770586932932, -9.88370869329, 0, 8
3.44, 0.0119687, 0.0029922, 2.03036501159, 0.354463498841, 9.41699704085, 0.671800878698, 0.354463498841, -0.0354463498841, 0.671800878698, -9.87383008787, 0, 8
3.44, 0.0119687, 0.0029922, 2.03036501159, 0.354463498841, 9.41699704085, 0.671800878698, 0.354463498841, -0.0354463498841, 0.671800878698, -9.87383008787, 0, 8
3.45, 0.0119687, 0.0029922, 2.03390780797, 0.354109219203, 9.42320289372, 0.57311379341, 0.354109219203, -0.0354109219203, 0.57311379341, -9.86396137934, 0, 8
3.45, 0.0129652, 0.0029922, 2.03390780797, 0.354109219203, 9.42320289372, 0.57311379341, 0.354109219203, -0.0354109219203, 0.57311379341, -9.86396137934, 0, 8
3.46, 0.0129652, 0.0029922, 2.03744710314, 0.353755289686, 9.42843345793, 0.47452423699, 0.353755289686, -0.0353755289686, 0.47452423699, -9.8541024237, 0, 8
3.46, 0.0129652, 0.0029922, 2.03744710314, 0.353755289686, 9.42843345793, 0.47452423699, 0.353755289686, -0.0353755289686, 0.47452423699, -9.8541024237, 0, 8
3.47, 0.0129652, 0.0029922, 2.04098285646, 0.353401714354, 9.43267741555, 0.376033341228, 0.353401714354, -0.0353401714354, 0.376033341228, -9.84425333412, 0, 8
3.47, 0.0129652, 0.0029922, 2.04098285646, 0.353401714354, 9.43267741555, 0.376033341228, 0.353401714354, -0.0353401714354, 0.376033341228, -9.84425333412, 0, 8
3.48, 0.0129652, 0.0029922, 2.04451508088, 0.353048491912, 9.43593837362, 0.277640745421, 0.353048491912, -0.0353048491912, 0.277640745421, -9.83441407454, 0, 8
3.48, 0.0129652, 0.0029922, 2.04451508088, 0.353048491912, 9.43593837362, 0.277640745421, 0.353048491912, -0.0353048491912, 0.277640745421, -9.83441407454, 0, 8
3.49, 0.0129652, 0.0029922, 2.04804378667, 0.352695621333, 9.43821918996, 0.179346163786, 0.352695621333, -0.0352695621333, 0.179346163786, -9.82458461638, 0, 8
3.49, 0.0129652, 0.0029922, 2.04804378667, 0.352695621333, 9.43821918996, 0.179346163786, 0.352695621333, -0.0352695621333, 0.179346163786, -9.82458461638, 0, 8
3.5, 0.0129652, 0.0029922, 2.05156897381, 0.352343102619, 9.43951986457, 0.0811495963251, 0.352343102619, -0.0352343102619, 0.0811495963251, -9.81476495963, 0, 8
3.5, 0.0129652, 0.0029922, 2.05156897381, 0.352343102619, 9.43951986457, 0.0811495963251, 0.352343102619, -0.0352343102619, 0.0811495963251, -9.81476495963, 0, 8
3.51, 0.0129652, 0.0029922, 2.05509064231, 0.351990935769, 9.43984039746, -0.0169489569635, 0.351990935769, -0.0351990935769, -0.0169489569635, -9.8049551043, 0, 8
3.51, 0.0129652, 0.0029922, 2.05509064231, 0.351990935769, 9.43984039746, -0.0169489569635, 0.351990935769, -0.0351990935769, -0.0169489569635, -9.8049551043, 0, 8
3.52, 0.0129652, 0.0029922, 2.05860882694, 0.351639117306, 9.43919047326, -0.114950464543, 0.351639117306, -0.0351639117306, -0.114950464543, -9.79515495355, 0, 8
3.52, 0.0129652, 0.0029922, 2.05860882694, 0.351639117306, 9.43919047326, -0.114950464543, 0.351639117306, -0.0351639117306, -0.114950464543, -9.79515495355, 0, 8
3.53, 0.0129652, 0.0029922, 2.0621235431, 0.35128764569, 9.43757438226, -0.212855355443, 0.35128764569, -0.035128764569, -0.212855355443, -9.78536446446, 0, 8
3.53, 0.0129652, 0.0029922, 2.0621235431, 0.35128764569, 9.43757438226, -0.212855355443, 0.35128764569, -0.035128764569, -0.212855355443, -9.78536446446, 0, 8
3.54, 0.0129652, 0.0029922, 2.06563475381, 0.350936524619, 9.434981821, -0.310662599317, 0.350936524619, -0.0350936524619, -0.310662599317, -9.77558374007, 0, 8
3.54, 0.0129652, 0.0029922, 2.06563475381, 0.350936524619, 9.434981821, -0.310662599317, 0.350936524619, -0.0350936524619, -0.310662599317, -9.77558374007, 0, 8
3.55, 0.0129652, 0.0029922, 2.06914245905, 0.350585754095, 9.43141278949, -0.408372196166, 0.350585754095, -0.0350585754095, -0.408372196166, -9.76581278038, 0, 8
3.55, 0.0129652, 0.0029922, 2.06914245905, 0.350585754095, 9.43141278949, -0.408372196166, 0.350585754095, -0.0350585754095, -0.408372196166, -9.76581278038, 0, 8
3.56, 0.0129652, 0.0029922, 2.07264665883, 0.350235334117, 9.42686728773, -0.50598414599, 0.350235334117, -0.0350235334117, -0.50598414599, -9.7560515854, 0, 8
3.56, 0.0129652, 0.0029922, 2.07264665883, 0.350235334117, 9.42686728773, -0.50598414599, 0.350235334117, -0.0350235334117, -0.50598414599, -9.7560515854, 0, 8
3.57, 0.0129652, 0.0029922, 2.07614735316, 0.349885264684, 9.42134531571, -0.603498448789, 0.349885264684, -0.0349885264684, -0.603498448789, -9.74630015512, 0, 8
3.57, 0.0129652, 0.0029922, 2.07614735316, 0.349885264684, 9.42134531571, -0.603498448789, 0.349885264684, -0.0349885264684, -0.603498448789, -9.74630015512, 0, 8
3.58, 0.0129652, 0.0029922, 2.07964454203, 0.349535545797, 9.41484687345, -0.700915104562, 0.349535545797, -0.0349535545797, -0.700915104562, -9.73655848954, 0, 8
3.58, 0.0129652, 0.0029922, 2.07964454203, 0.349535545797, 9.41484687345, -0.700915104562, 0.349535545797, -0.0349535545797, -0.700915104562, -9.73655848954, 0, 8
3.59, 0.0129652, 0.0029922, 2.08313822543, 0.349186177457, 9.40737196093, -0.79823411331, 0.349186177457, -0.0349186177457, -0.79823411331, -9.72682658867, 0, 8
3.59, 0.0129652, 0.0029922, 2.08313822543, 0.349186177457, 9.40737196093, -0.79823411331, 0.349186177457, -0.0349186177457, -0.79823411331, -9.72682658867, 0, 8
3.6, 0.0129652, 0.0029922, 2.08662840338, 0.348837159662, 9.39892057816, -0.895455475033, 0.348837159662, -0.0348837159662, -0.895455475033, -9.7171044525, 0, 8
3.6, 0.0129652, 0.0029922, 2.08662840338, 0.348837159662, 9.39892057816, -0.895455475033, 0.348837159662, -0.0348837159662, -0.895455475033, -9.7171044525, 0, 8
3.61, 0.0129652, 0.0029922, 2.09011507587, 0.348488492413, 9.38949272513, -0.992579189731, 0.348488492413, -0.0348488492413, -0.992579189731, -9.70739208103, 0, 8
3.61, 0.0129652, 0.0029922, 2.09011507587, 0.348488492413, 9.38949272513, -0.992579189731, 0.348488492413, -0.0348488492413, -0.992579189731, -9.70739208103, 0, 8
3.62, 0.0129652, 0.0029922, 2.0935982429, 0.34814017571, 9.37908840186, -1.0896052574, 0.34814017571, -0.034814017571, -1.0896052574, -9.69768947426, 0, 8
3.62, 0.0129652, 0.0029922, 2.0935982429, 0.34814017571, 9.37908840186, -1.0896052574, 0.34814017571, -0.034814017571, -1.0896052574, -9.69768947426, 0, 8
3.63, 0.0129652, 0.0029922, 2.09707798931, 0.347792201069, 9.36773124087, -1.1865360413, 0.347792201069, -0.0347792201069, -1.1865360413, -9.68799639587, 0, 8
3.63, 0.0129652, 0.0029922, 2.09707798931, 0.347792201069, 9.36773124087, -1.1865360413, 0.347792201069, -0.0347792201069, -1.1865360413, -9.68799639587, 0, 8
3.64, 0.0129652, 0.0029922, 2.10055433851, 0.347444566149, 9.3554277618, -1.2833721934, 0.347444566149, -0.0347444566149, -1.2833721934, -9.67831278066, 0, 8
3.64, 0.0129652, 0.0029922, 2.10055433851, 0.347444566149, 9.3554277618, -1.2833721934, 0.347444566149, -0.0347444566149, -1.2833721934, -9.67831278066, 0, 8
3.65, 0.0129652, 0.0029922, 2.10402721204, 0.347097278796, 9.34215611358, -1.38011152858, 0.347097278796, -0.0347097278796, -1.38011152858, -9.66863884714, 0, 8
3.65, 0.0129652, 0.0029922, 2.10402721204, 0.347097278796, 9.34215611358, -1.38011152858, 0.347097278796, -0.0347097278796, -1.38011152858, -9.66863884714, 0, 8
3.66, 0.0129652, 0.0029922, 2.10749660992, 0.346750339008, 9.32791629619, -1.47675404684, 0.346750339008, -0.0346750339008, -1.47675404684, -9.65897459532, 0, 8
3.66, 0.0129652, 0.0029922, 2.10749660992, 0.346750339008, 9.32791629619, -1.47675404684, 0.346750339008, -0.0346750339008, -1.47675404684, -9.65897459532, 0, 8
3.67, 0.0129652, 0.0029922, 2.11096253214, 0.346403746786, 9.31270830965, -1.57329974818, 0.346403746786, -0.0346403746786, -1.57329974818, -9.64932002518, 0, 8
3.67, 0.0129652, 0.0029922, 2.11096253214, 0.346403746786, 9.31270830965, -1.57329974818, 0.346403746786, -0.0346403746786, -1.57329974818, -9.64932002518, 0, 8
3.68, 0.0129652, 0.0029922, 2.1144249787, 0.34605750213, 9.29653215394, -1.66974863261, 0.34605750213, -0.034605750213, -1.66974863261, -9.63967513674, 0, 8
3.68, 0.0129652, 0.0029922, 2.1144249787, 0.34605750213, 9.29653215394, -1.66974863261, 0.34605750213, -0.034605750213, -1.66974863261, -9.63967513674, 0, 8
3.69, 0.0129652, 0.0029922, 2.11788394961, 0.345711605039, 9.27938782908, -1.76610070013, 0.345711605039, -0.0345711605039, -1.76610070013, -9.63003992999, 0, 8
3.69, 0.0129652, 0.0029922, 2.11788394961, 0.345711605039, 9.27938782908, -1.76610070013, 0.345711605039, -0.0345711605039, -1.76610070013, -9.63003992999, 0, 8
3.7, 0.0129652, 0.0029922, 2.12133944485, 0.345366055515, 9.26127533505, -1.86235595072, 0.345366055515, -0.0345366055515, -1.86235595072, -9.62041440493, 0, 8
3.7, 0.0129652, 0.0029922, 2.12133944485, 0.345366055515, 9.26127533505, -1.86235595072, 0.345366055515, -0.0345366055515, -1.86235595072, -9.62041440493, 0, 8
3.71, 0.0129652, 0.0029922, 2.12479146444, 0.345020853556, 9.24219467187, -1.9585143844, 0.345020853556, -0.0345020853556, -1.9585143844, -9.61079856156, 0, 8
3.71, 0.0129652, 0.0029922, 2.12479146444, 0.345020853556, 9.24219467187, -1.9585143844, 0.345020853556, -0.0345020853556, -1.9585143844, -9.61079856156, 0, 8
3.72, 0.0129652, 0.0029922, 2.12824000836, 0.344675999164, 9.22214583953, -2.05457600117, 0.344675999164, -0.0344675999164, -2.05457600117, -9.60119239988, 0, 8
3.72, 0.0129652, 0.0029922, 2.12824000836, 0.344675999164, 9.22214583953, -2.05457600117, 0.344675999164, -0.0344675999164, -2.05457600117, -9.60119239988, 0, 8
3.73, 0.0129652, 0.0029922, 2.13168507663, 0.344331492337, 9.20112883802, -2.15054080102, 0.344331492337, -0.0344331492337, -2.15054080102, -9.5915959199, 0, 8
3.73, 0.0129652, 0.0029922, 2.13168507663, 0.344331492337, 9.20112883802, -2.15054080102, 0.344331492337, -0.0344331492337, -2.15054080102, -9.5915959199, 0, 8
3.74, 0.0129652, 0.0029922, 2.1351267765, 0.34398732235, 9.17917354555, -2.24641177177, 0.34398732235, -0.034398732235, -2.24641177177, -9.58200882282, 0, 8
3.74, 0.0129652, 0.0029922, 2.1351267765, 0.34398732235, 9.17917354555, -2.24641177177, 0.34398732235, -0.034398732235, -2.24641177177, -9.58200882282, 0, 8
3.75, 0.0129652, 0.0029922, 2.138565122, 0.3436434878, 9.15628386916, -2.34218930413, 0.3436434878, -0.03436434878, -2.34218930413, -9.57243106959, 0, 8
3.75, 0.0139625, 0.0029922, 2.138565122, 0.3436434878, 9.15628386916, -2.34218930413, 0.3436434878, -0.03436434878, -2.34218930413, -9.57243106959, 0, 8
3.76, 0.0139625, 0.0029922, 2.14200002692, 0.343299997308, 9.13243579646, -2.43787099686, 0.343299997308, -0.0343299997308, -2.43787099686, -9.56286290031, 0, 8
3.76, 0.0139625, 0.0029922, 2.14200002692, 0.343299997308, 9.13243579646, -2.43787099686, 0.343299997308, -0.0343299997308, -2.43787099686, -9.56286290031, 0, 8
3.77, 0.0139625, 0.0029922, 2.14543149127, 0.342956850873, 9.10762932746, -2.53345684996, 0.342956850873, -0.0342956850873, -2.53345684996, -9.553304315, 0, 8
3.77, 0.0139625, 0.0029922, 2.14543149127, 0.342956850873, 9.10762932746, -2.53345684996, 0.342956850873, -0.0342956850873, -2.53345684996, -9.553304315, 0, 8
3.78, 0.0139625, 0.0029922, 2.14885951504, 0.342614048496, 9.08186446216, -2.62894686343, 0.342614048496, -0.0342614048496, -2.62894686343, -9.54375531366, 0, 8
3.78, 0.0139625, 0.0029922, 2.14885951504, 0.342614048496, 9.08186446216, -2.62894686343, 0.342614048496, -0.0342614048496, -2.62894686343, -9.54375531366, 0, 8
3.79, 0.0139625, 0.0029922, 2.15228409824, 0.342271590176, 9.05514120056, -2.72434103727, 0.342271590176, -0.0342271590176, -2.72434103727, -9.53421589627, 0, 8
3.79, 0.0139625, 0.0029922, 2.15228409824, 0.342271590176, 9.05514120056, -2.72434103727, 0.342271590176, -0.0342271590176, -2.72434103727, -9.53421589627, 0, 8
3.8, 0.0139625, 0.0029922, 2.15570524087, 0.341929475913, 9.02745954267, -2.81963937148, 0.341929475913, -0.0341929475913, -2.81963937148, -9.52468606285, 0, 8
3.8, 0.0139625, 0.0029922, 2.15570524087, 0.341929475913, 9.02745954267, -2.81963937148, 0.341929475913, -0.0341929475913, -2.81963937148, -9.52468606285, 0, 8
3.81, 0.0139625, 0.0029922, 2.15912294292, 0.341587705708, 8.99881948847, -2.91484186606, 0.341587705708, -0.0341587705708, -2.91484186606, -9.51516581339, 0, 8
3.81, 0.0139625, 0.0029922, 2.15912294292, 0.341587705708, 8.99881948847, -2.91484186606, 0.341587705708, -0.0341587705708, -2.91484186606, -9.51516581339, 0, 8
3.82, 0.0139625, 0.0029922, 2.16253720439, 0.341246279561, 8.96922103797, -3.00994852101, 0.341246279561, -0.0341246279561, -3.00994852101, -9.5056551479, 0, 8
3.82, 0.0139625, 0.0029922, 2.16253720439, 0.341246279561, 8.96922103797, -3.00994852101, 0.341246279561, -0.0341246279561, -3.00994852101, -9.5056551479, 0, 8
3.83, 0.0139625, 0.0029922, 2.16594802529, 0.340905197471, 8.93866419117, -3.10495933633, 0.340905197471, -0.0340905197471, -3.10495933633, -9.49615406637, 0, 8
3.83, 0.0139625, 0.0029922, 2.16594802529, 0.340905197471, 8.93866419117, -3.10495933633, 0.340905197471, -0.0340905197471, -3.10495933633, -9.49615406637, 0, 8
3.84, 0.0139625, 0.0029922, 2.16935540562, 0.340564459438, 8.90714894807, -3.19987431202, 0.340564459438, -0.0340564459438, -3.19987431202, -9.4866625688, 0, 8
3.84, 0.0139625, 0.0029922, 2.16935540562, 0.340564459438, 8.90714894807, -3.19987431202, 0.340564459438, -0.0340564459438, -3.19987431202, -9.4866625688, 0, 8
3.85, 0.0139625, 0.0029922, 2.17275946493, 0.340224053507, 8.87470861473, -3.29469677869, 0.340224053507, -0.0340224053507, -3.29469677869, -9.47718032213, 0, 8
3.85, 0.0139625, 0.0029922, 2.17275946493, 0.340224053507, 8.87470861473, -3.29469677869, 0.340224053507, -0.0340224053507, -3.29469677869, -9.47718032213, 0, 8
3.86, 0.0139625, 0.0029922, 2.17616020367, 0.339883979633, 8.84134331049, -3.38942674827, 0.339883979633, -0.0339883979633, -3.38942674827, -9.46770732517, 0, 8
3.86, 0.0139625, 0.0029922, 2.17616020367, 0.339883979633, 8.84134331049, -3.38942674827, 0.339883979633, -0.0339883979633, -3.38942674827, -9.46770732517, 0, 8
3.87, 0.0139625, 0.0029922, 2.17955753841, 0.339544246159, 8.80702979893, -3.48406189711, 0.339544246159, -0.0339544246159, -3.48406189711, -9.45824381029, 0, 8
3.87, 0.0139625, 0.0029922, 2.17955753841, 0.339544246159, 8.80702979893, -3.48406189711, 0.339544246159, -0.0339544246159, -3.48406189711, -9.45824381029, 0, 8
3.88, 0.0139625, 0.0029922, 2.18295146915, 0.339204853085, 8.77176808003, -3.57860222522, 0.339204853085, -0.0339204853085, -3.57860222522, -9.44878977748, 0, 8
3.88, 0.0139625, 0.0029922, 2.18295146915, 0.339204853085, 8.77176808003, -3.57860222522, 0.339204853085, -0.0339204853085, -3.57860222522, -9.44878977748, 0, 8
3.89, 0.0139625, 0.0029922, 2.1863419959, 0.33886580041, 8.7355581538, -3.6730477326, 0.33886580041, -0.033886580041, -3.6730477326, -9.43934522674, 0, 8
3.89, 0.0139625, 0.0029922, 2.1863419959, 0.33886580041, 8.7355581538, -3.6730477326, 0.33886580041, -0.033886580041, -3.6730477326, -9.43934522674, 0, 8
3.9, 0.0139625, 0.0029922, 2.18972911865, 0.338527088135, 8.69840002024, -3.76739841924, 0.338527088135, -0.0338527088135, -3.76739841924, -9.42991015808, 0, 8
3.9, 0.0139625, 0.0029922, 2.18972911865, 0.338527088135, 8.69840002024, -3.76739841924, 0.338527088135, -0.0338527088135, -3.76739841924, -9.42991015808, 0, 8
3.91, 0.0139625, 0.0029922, 2.1931128374, 0.33818871626, 8.66029367934, -3.86165428515, 0.33818871626, -0.033818871626, -3.86165428515, -9.42048457148, 0, 8
3.91, 0.0139625, 0.0029922, 2.1931128374, 0.33818871626, 8.66029367934, -3.86165428515, 0.33818871626, -0.033818871626, -3.86165428515, -9.42048457148, 0, 8
3.92, 0.0139625, 0.0029922, 2.19649315215, 0.337850684785, 8.62123913111, -3.95581533033, 0.337850684785, -0.0337850684785, -3.95581533033, -9.41106846697, 0, 8
3.92, 0.0139625, 0.0029922, 2.19649315215, 0.337850684785, 8.62123913111, -3.95581533033, 0.337850684785, -0.0337850684785, -3.95581533033, -9.41106846697, 0, 8
3.93, 0.0139625, 0.0029922, 2.19987006291, 0.337512993709, 8.58123637555, -4.04988155477, 0.337512993709, -0.0337512993709, -4.04988155477, -9.40166184452, 0, 8
3.93, 0.0139625, 0.0029922, 2.19987006291, 0.337512993709, 8.58123637555, -4.04988155477, 0.337512993709, -0.0337512993709, -4.04988155477, -9.40166184452, 0, 8
3.94, 0.0139625, 0.0029922, 2.20324356967, 0.337175643033, 8.54028541266, -4.14385295848, 0.337175643033, -0.0337175643033, -4.14385295848, -9.39226470415, 0, 8
3.94, 0.0139625, 0.0029922, 2.20324356967, 0.337175643033, 8.54028541266, -4.14385295848, 0.337175643033, -0.0337175643033, -4.14385295848, -9.39226470415, 0, 8
3.95, 0.0139625, 0.0029922, 2.20661367243, 0.336838632757, 8.49838624243, -4.23772954146, 0.336838632757, -0.0336838632757, -4.23772954146, -9.38287704585, 0, 8
3.95, 0.0139625, 0.0029922, 2.20661367243, 0.336838632757, 8.49838624243, -4.23772954146, 0.336838632757, -0.0336838632757, -4.23772954146, -9.38287704585, 0, 8
3.96, 0.0139625, 0.0029922, 2.20998055245, 0.336501944755, 8.45558935429, -4.33151635265, 0.336501944755, -0.0336501944755, -4.33151635265, -9.37349836474, 0, 8
3.96, 0.0139625, 0.0029922, 2.20998055245, 0.336501944755, 8.45558935429, -4.33151635265, 0.336501944755, -0.0336501944755, -4.33151635265, -9.37349836474, 0, 8
3.97, 0.0139625, 0.0029922, 2.21334419326, 0.336165580674, 8.41189015944, -4.42521293316, 0.336165580674, -0.0336165580674, -4.42521293316, -9.36412870668, 0, 8
3.97, 0.0139625, 0.0029922, 2.21334419326, 0.336165580674, 8.41189015944, -4.42521293316, 0.336165580674, -0.0336165580674, -4.42521293316, -9.36412870668, 0, 8
3.98, 0.0139625, 0.0029922, 2.21670448701, 0.335829551299, 8.36725862216, -4.51881627943, 0.335829551299, -0.0335829551299, -4.51881627943, -9.35476837206, 0, 8
3.98, 0.0139625, 0.0029922, 2.21670448701, 0.335829551299, 8.36725862216, -4.51881627943, 0.335829551299, -0.0335829551299, -4.51881627943, -9.35476837206, 0, 8
3.99, 0.0139625, 0.0029922, 2.2200614347, 0.33549385653, 8.32169501208, -4.61232641842, 0.33549385653, -0.033549385653, -4.61232641842, -9.34541735816, 0, 8
3.99, 0.0139625, 0.0029922, 2.2200614347, 0.33549385653, 8.32169501208, -4.61232641842, 0.33549385653, -0.033549385653, -4.61232641842, -9.34541735816, 0, 8
4, 0.0139625, 0.0029922, 2.22341503728, 0.335158496272, 8.2751995988, -4.7057433771, 0.335158496272, -0.0335158496272, -4.7057433771, -9.33607566229, 0, 8
4, 0.0139625, 0.0029922, 2.22341503728, 0.335158496272, 8.2751995988, -4.7057433771, 0.335158496272, -0.0335158496272, -4.7057433771, -9.33607566229, 0, 8
4.01, 0.0139625, 0.0029922, 2.22676529571, 0.334823470429, 8.22777265196, -4.79906718241, 0.334823470429, -0.0334823470429, -4.79906718241, -9.32674328176, 0, 8
4.01, 0.0139625, 0.0029922, 2.22676529571, 0.334823470429, 8.22777265196, -4.79906718241, 0.334823470429, -0.0334823470429, -4.79906718241, -9.32674328176, 0, 8
4.02, 0.0139625, 0.0029922, 2.23011221098, 0.334488778902, 8.17941444117, -4.89229786133, 0.334488778902, -0.0334488778902, -4.89229786133, -9.31742021387, 0, 8
4.02, 0.0139625, 0.0029922, 2.23011221098, 0.334488778902, 8.17941444117, -4.89229786133, 0.334488778902, -0.0334488778902, -4.89229786133, -9.31742021387, 0, 8
4.03, 0.0139625, 0.0029922, 2.23345578404, 0.334154421596, 8.13012523605, -4.98543544082, 0.334154421596, -0.0334154421596, -4.98543544082, -9.30810645592, 0, 8
4.03, 0.0139625, 0.0029922, 2.23345578404, 0.334154421596, 8.13012523605, -4.98543544082, 0.334154421596, -0.0334154421596, -4.98543544082, -9.30810645592, 0, 8
4.04, 0.0139625, 0.0029922, 2.23679601587, 0.333820398413, 8.07990530622, -5.07847994784, 0.333820398413, -0.0333820398413, -5.07847994784, -9.29880200522, 0, 8
4.04, 0.0139625, 0.0029922, 2.23679601587, 0.333820398413, 8.07990530622, -5.07847994784, 0.333820398413, -0.0333820398413, -5.07847994784, -9.29880200522, 0, 8
4.05, 0.0139625, 0.0029922, 2.24013290742, 0.333486709258, 8.02875492131, -5.17143140935, 0.333486709258, -0.0333486709258, -5.17143140935, -9.28950685907, 0, 8
4.05, 0.0149597, 0.0029922, 2.24013290742, 0.333486709258, 8.02875492131, -5.17143140935, 0.333486709258, -0.0333486709258, -5.17143140935, -9.28950685907, 0, 8
4.06, 0.0149597, 0.0029922, 2.24346630329, 0.333153369671, 7.98466743663, -0.596190119482, 0.333153369671, -0.0333153369671, -0.596190119482, 1541.39500986, 1, 8
4.06, 0.0149597, 0.0029922, 2.24346630329, 0.333153369671, 7.98466743663, -0.596190119482, 0.333153369671, -0.0333153369671, -0.596190119482, 1541.39500986, 1, 8
4.07, 0.0149597, 0.0029922, 2.24679538467, 0.332820461533, 8.01972854042, 4.44619528006, 0.332820461533, -0.0332820461533, 4.44619528006, -10.251269528, 0, 8
4.07, 0.0149597, 0.0029922, 2.24679538467, 0.332820461533, 8.01972854042, 4.44619528006, 0.332820461533, -0.0332820461533, 4.44619528006, -10.251269528, 0, 8
4.08, 0.0149597, 0.0029922, 2.25012021405, 0.332487978595, 8.06315088165, 4.34378654594, 0.332487978595, -0.0332487978595, 4.34378654594, -10.2410286546, 0, 8
4.08, 0.0149597, 0.0029922, 2.25012021405, 0.332487978595, 8.06315088165, 4.34378654594, 0.332487978595, -0.0332487978595, 4.34378654594, -10.2410286546, 0, 8
4.09, 0.0149597, 0.0029922, 2.25344212782, 0.332155787218, 8.10567517638, 4.24146761647, 0.332155787218, -0.0332155787218, 4.24146761647, -10.2307967616, 0, 8
4.09, 0.0149597, 0.0029922, 2.25344212782, 0.332155787218, 8.10567517638, 4.24146761647, 0.332155787218, -0.0332155787218, 4.24146761647, -10.2307967616, 0, 8
4.1, 0.0149597, 0.0029922, 2.25676151055, 0.331823848945, 8.14741988508, 4.1392266456, 0.331823848945, -0.0331823848945, 4.1392266456, -10.2205726646, 0, 8
4.1, 0.0149597, 0.0029922, 2.25676151055, 0.331823848945, 8.14741988508, 4.1392266456, 0.331823848945, -0.0331823848945, 4.1392266456, -10.2205726646, 0, 8
4.11, 0.0149597, 0.0029922, 2.26007752285, 0.331492247715, 8.18812645819, 4.03708948829, 0.331492247715, -0.0331492247715, 4.03708948829, -10.2103589488, 0, 8
4.11, 0.0149597, 0.0029922, 2.26007752285, 0.331492247715, 8.18812645819, 4.03708948829, 0.331492247715, -0.0331492247715, 4.03708948829, -10.2103589488, 0, 8
4.12, 0.0149597, 0.0029922, 2.26339058699, 0.331160941301, 8.22792496234, 3.93504313787, 0.331160941301, -0.0331160941301, 3.93504313787, -10.2001543138, 0, 8
4.12, 0.0149597, 0.0029922, 2.26339058699, 0.331160941301, 8.22792496234, 3.93504313787, 0.331160941301, -0.0331160941301, 3.93504313787, -10.2001543138, 0, 8
4.13, 0.0149597, 0.0029922, 2.26670032659, 0.330829967341, 8.26669947022, 3.83309918709, 0.330829967341, -0.0330829967341, 3.83309918709, -10.1899599187, 0, 8
4.13, 0.0149597, 0.0029922, 2.26670032659, 0.330829967341, 8.26669947022, 3.83309918709, 0.330829967341, -0.0330829967341, 3.83309918709, -10.1899599187, 0, 8
4.14, 0.0149597, 0.0029922, 2.27000686377, 0.330499313623, 8.30448759125, 3.73125387498, 0.330499313623, -0.0330499313623, 3.73125387498, -10.1797753875, 0, 8
4.14, 0.0149597, 0.0029922, 2.27000686377, 0.330499313623, 8.30448759125, 3.73125387498, 0.330499313623, -0.0330499313623, 3.73125387498, -10.1797753875, 0, 8
4.15, 0.0149597, 0.0029922, 2.27331015026, 0.330168984974, 8.34127446197, 3.62950868791, 0.330168984974, -0.0330168984974, 3.62950868791, -10.1696008688, 0, 8
4.15, 0.0149597, 0.0029922, 2.27331015026, 0.330168984974, 8.34127446197, 3.62950868791, 0.330168984974, -0.0330168984974, 3.62950868791, -10.1696008688, 0, 8
4.16, 0.0149597, 0.0029922, 2.27661014344, 0.329838985656, 8.37704695433, 3.52786493867, 0.329838985656, -0.0329838985656, 3.52786493867, -10.1594364939, 0, 8
4.16, 0.0149597, 0.0029922, 2.27661014344, 0.329838985656, 8.37704695433, 3.52786493867, 0.329838985656, -0.0329838985656, 3.52786493867, -10.1594364939, 0, 8
4.17, 0.0149597, 0.0029922, 2.27990686537, 0.329509313463, 8.41181186229, 3.42632194788, 0.329509313463, -0.0329509313463, 3.42632194788, -10.1492821948, 0, 8
4.17, 0.0149597, 0.0029922, 2.27990686537, 0.329509313463, 8.41181186229, 3.42632194788, 0.329509313463, -0.0329509313463, 3.42632194788, -10.1492821948, 0, 8
4.18, 0.0149597, 0.0029922, 2.28320027916, 0.329179972084, 8.44555782317, 3.32488085179, 0.329179972084, -0.0329179972084, 3.32488085179, -10.1391380852, 0, 8
4.18, 0.0149597, 0.0029922, 2.28320027916, 0.329179972084, 8.44555782317, 3.32488085179, 0.329179972084, -0.0329179972084, 3.32488085179, -10.1391380852, 0, 8
4.19, 0.0149597, 0.0029922, 2.28649041407, 0.328850958593, 8.4782938516, 3.22354074895, 0.328850958593, -0.0328850958593, 3.22354074895, -10.1290040749, 0, 8
4.19, 0.0149597, 0.0029922, 2.28649041407, 0.328850958593, 8.4782938516, 3.22354074895, 0.328850958593, -0.0328850958593, 3.22354074895, -10.1290040749, 0, 8
4.2, 0.0149597, 0.0029922, 2.28977727011, 0.328522272989, 8.51001994757, 3.12230163935, 0.328522272989, -0.0328522272989, 3.12230163935, -10.1188801639, 0, 8
4.2, 0.0149597, 0.0029922, 2.28977727011, 0.328522272989, 8.51001994757, 3.12230163935, 0.328522272989, -0.0328522272989, 3.12230163935, -10.1188801639, 0, 8
4.21, 0.0149597, 0.0029922, 2.29306084728, 0.328193915272, 8.54073611108, 3.021163523, 0.328193915272, -0.0328193915272, 3.021163523, -10.1087663523, 0, 8
4.21, 0.0149597, 0.0029922, 2.29306084728, 0.328193915272, 8.54073611108, 3.021163523, 0.328193915272, -0.0328193915272, 3.021163523, -10.1087663523, 0, 8
4.22, 0.0149597, 0.0029922, 2.29634114558, 0.327865885442, 8.57044234214, 2.92012639989, 0.327865885442, -0.0327865885442, 2.92012639989, -10.09866264, 0, 8
4.22, 0.0149597, 0.0029922, 2.29634114558, 0.327865885442, 8.57044234214, 2.92012639989, 0.327865885442, -0.0327865885442, 2.92012639989, -10.09866264, 0, 8
4.23, 0.0149597, 0.0029922, 2.29961823682, 0.327538176318, 8.59916076193, 2.81918805791, 0.327538176318, -0.0327538176318, 2.81918805791, -10.0885688058, 0, 8
4.23, 0.0149597, 0.0029922, 2.29961823682, 0.327538176318, 8.59916076193, 2.81918805791, 0.327538176318, -0.0327538176318, 2.81918805791, -10.0885688058, 0, 8
4.24, 0.0149597, 0.0029922, 2.30289206206, 0.327210793794, 8.62687321577, 2.71835031253, 0.327210793794, -0.0327210793794, 2.71835031253, -10.0784850313, 0, 8
4.24, 0.0149597, 0.0029922, 2.30289206206, 0.327210793794, 8.62687321577, 2.71835031253, 0.327210793794, -0.0327210793794, 2.71835031253, -10.0784850313, 0, 8
4.25, 0.0149597, 0.0029922, 2.30616262054, 0.326883737946, 8.65357946773, 2.61761318733, 0.326883737946, -0.0326883737946, 2.61761318733, -10.0684113187, 0, 8
4.25, 0.0149597, 0.0029922, 2.30616262054, 0.326883737946, 8.65357946773, 2.61761318733, 0.326883737946, -0.0326883737946, 2.61761318733, -10.0684113187, 0, 8
4.26, 0.0149597, 0.0029922, 2.30942991226, 0.326557008774, 8.6792795178, 2.51697668233, 0.326557008774, -0.0326557008774, 2.51697668233, -10.0583476682, 0, 8
4.26, 0.0149597, 0.0029922, 2.30942991226, 0.326557008774, 8.6792795178, 2.51697668233, 0.326557008774, -0.0326557008774, 2.51697668233, -10.0583476682, 0, 8
4.27, 0.0149597, 0.0029922, 2.31269393722, 0.326230606278, 8.70397336599, 2.41644079751, 0.326230606278, -0.0326230606278, 2.41644079751, -10.0482940798, 0, 8
4.27, 0.0149597, 0.0029922, 2.31269393722, 0.326230606278, 8.70397336599, 2.41644079751, 0.326230606278, -0.0326230606278, 2.41644079751, -10.0482940798, 0, 8
4.28, 0.0149597, 0.0029922, 2.31595469541, 0.325904530459, 8.72766101229, 2.31600553288, 0.325904530459, -0.0325904530459, 2.31600553288, -10.0382505533, 0, 8
4.28, 0.0149597, 0.0029922, 2.31595469541, 0.325904530459, 8.72766101229, 2.31600553288, 0.325904530459, -0.0325904530459, 2.31600553288, -10.0382505533, 0, 8
4.29, 0.0149597, 0.0029922, 2.31921218685, 0.325578781315, 8.75034245671, 2.21567088844, 0.325578781315, -0.0325578781315, 2.21567088844, -10.0282170888, 0, 8
4.29, 0.0149597, 0.0029922, 2.31921218685, 0.325578781315, 8.75034245671, 2.21567088844, 0.325578781315, -0.0325578781315, 2.21567088844, -10.0282170888, 0, 8
4.3, 0.0149597, 0.0029922, 2.32246641152, 0.325253358848, 8.77201769925, 2.11543686418, 0.325253358848, -0.0325253358848, 2.11543686418, -10.0181936864, 0, 8
4.3, 0.0149597, 0.0029922, 2.32246641152, 0.325253358848, 8.77201769925, 2.11543686418, 0.325253358848, -0.0325253358848, 2.11543686418, -10.0181936864, 0, 8
4.31, 0.0149597, 0.0029922, 2.32571736943, 0.324928263057, 8.7926867399, 2.01530346012, 0.324928263057, -0.0324928263057, 2.01530346012, -10.008180346, 0, 8
4.31, 0.0149597, 0.0029922, 2.32571736943, 0.324928263057, 8.7926867399, 2.01530346012, 0.324928263057, -0.0324928263057, 2.01530346012, -10.008180346, 0, 8
4.32, 0.0159577, 0.0039902, 2.32896506058, 0.324603493942, 8.81234957866, 1.91527067624, 0.324603493942, -0.0324603493942, 1.91527067624, -9.99817706762, 0, 8
4.32, 0.0159577, 0.0039902, 2.32896506058, 0.324603493942, 8.81234957866, 1.91527067624, 0.324603493942, -0.0324603493942, 1.91527067624, -9.99817706762, 0, 8
4.33, 0.0159577, 0.0039902, 2.33220948496, 0.324279051504, 8.83100621555, 1.81533851255, 0.324279051504, -0.0324279051504, 1.81533851255, -9.98818385126, 0, 8
4.33, 0.0159577, 0.0039902, 2.33220948496, 0.324279051504, 8.83100621555, 1.81533851255, 0.324279051504, -0.0324279051504, 1.81533851255, -9.98818385126, 0, 8
4.34, 0.0159577, 0.0039902, 2.33545080588, 0.323954919412, 8.84870694663, 1.71550193944, 0.323954919412, -0.0323954919412, 1.71550193944, -9.97820019394, 0, 8
4.34, 0.0159577, 0.0039902, 2.33545080588, 0.323954919412, 8.84870694663, 1.71550193944, 0.323954919412, -0.0323954919412, 1.71550193944, -9.97820019394, 0, 8
4.35, 0.0159577, 0.0039902, 2.33868889096, 0.323631110904, 8.86541100122, 1.61576503398, 0.323631110904, -0.0323631110904, 1.61576503398, -9.9682265034, 0, 8
4.35, 0.0159577, 0.0039902, 2.33868889096, 0.323631110904, 8.86541100122, 1.61576503398, 0.323631110904, -0.0323631110904, 1.61576503398, -9.9682265034, 0, 8
4.36, 0.0159577, 0.0039902, 2.34192373708, 0.323307626292, 8.88111741937, 1.51612789217, 0.323307626292, -0.0323307626292, 1.51612789217, -9.95826278922, 0, 8
4.36, 0.0159577, 0.0039902, 2.34192373708, 0.323307626292, 8.88111741937, 1.51612789217, 0.323307626292, -0.0323307626292, 1.51612789217, -9.95826278922, 0, 8
4.37, 0.0159577, 0.0039902, 2.34515534426, 0.322984465574, 8.89582620108, 1.416590514, 0.322984465574, -0.0322984465574, 1.416590514, -9.9483090514, 0, 8
4.37, 0.0159577, 0.0039902, 2.34515534426, 0.322984465574, 8.89582620108, 1.416590514, 0.322984465574, -0.0322984465574, 1.416590514, -9.9483090514, 0, 8
4.38, 0.0159577, 0.0039902, 2.34838371248, 0.322661628752, 8.90953734635, 1.31715289947, 0.322661628752, -0.0322661628752, 1.31715289947, -9.93836528995, 0, 8
4.38, 0.0159577, 0.0039902, 2.34838371248, 0.322661628752, 8.90953734635, 1.31715289947, 0.322661628752, -0.0322661628752, 1.31715289947, -9.93836528995, 0, 8
4.39, 0.0159577, 0.0039902, 2.35160884174, 0.322339115826, 8.92225085517, 1.21781504859, 0.322339115826, -0.0322339115826, 1.21781504859, -9.92843150486, 0, 8
4.39, 0.0159577, 0.0039902, 2.35160884174, 0.322339115826, 8.92225085517, 1.21781504859, 0.322339115826, -0.0322339115826, 1.21781504859, -9.92843150486, 0, 8
4.4, 0.0159577, 0.0039902, 2.35483073206, 0.322016926794, 8.93396672755, 1.11857696135, 0.322016926794, -0.0322016926794, 1.11857696135, -9.91850769614, 0, 8
4.4, 0.0159577, 0.0039902, 2.35483073206, 0.322016926794, 8.93396672755, 1.11857696135, 0.322016926794, -0.0322016926794, 1.11857696135, -9.91850769614, 0, 8
4.41, 0.0159577, 0.0039902, 2.35804938342, 0.321695061658, 8.94468496349, 1.01943863776, 0.321695061658, -0.0321695061658, 1.01943863776, -9.90859386378, 0, 8
4.41, 0.0159577, 0.0039902, 2.35804938342, 0.321695061658, 8.94468496349, 1.01943863776, 0.321695061658, -0.0321695061658, 1.01943863776, -9.90859386378, 0, 8
4.42, 0.0159577, 0.0039902, 2.36126479583, 0.321373520417, 8.95440556298, 0.920400077808, 0.321373520417, -0.0321373520417, 0.920400077808, -9.89869000778, 0, 8
4.42, 0.0159577, 0.0039902, 2.36126479583, 0.321373520417, 8.95440556298, 0.920400077808, 0.321373520417, -0.0321373520417, 0.920400077808, -9.89869000778, 0, 8
4.43, 0.0159577, 0.0039902, 2.36447696928, 0.321052303072, 8.96312852604, 0.821461281503, 0.321052303072, -0.0321052303072, 0.821461281503, -9.88879612815, 0, 8
4.43, 0.0159577, 0.0039902, 2.36447696928, 0.321052303072, 8.96312852604, 0.821461281503, 0.321052303072, -0.0321052303072, 0.821461281503, -9.88879612815, 0, 8
4.44, 0.0159577, 0.0039902, 2.36768590378, 0.320731409622, 8.97085385265, 0.722622248842, 0.320731409622, -0.0320731409622, 0.722622248842, -9.87891222488, 0, 8
4.44, 0.0159577, 0.0039902, 2.36768590378, 0.320731409622, 8.97085385265, 0.722622248842, 0.320731409622, -0.0320731409622, 0.722622248842, -9.87891222488, 0, 8
4.45, 0.0159577, 0.0039902, 2.37089179004, 0.320410820996, 8.97764028453, 0.623877105654, 0.320410820996, -0.0320410820996, 0.623877105654, -9.86903771057, 0, 8
4.45, 0.0159577, 0.0039902, 2.37089179004, 0.320410820996, 8.97764028453, 0.623877105654, 0.320410820996, -0.0320410820996, 0.623877105654, -9.86903771057, 0, 8
4.46, 0.0159577, 0.0039902, 2.37409447542, 0.320090552458, 8.98344080766, 0.525230553341, 0.320090552458, -0.0320090552458, 0.525230553341, -9.85917305533, 0, 8
4.46, 0.0159577, 0.0039902, 2.37409447542, 0.320090552458, 8.98344080766, 0.525230553341, 0.320090552458, -0.0320090552458, 0.525230553341, -9.85917305533, 0, 8
4.47, 0.0159577, 0.0039902, 2.37729395465, 0.319770604535, 8.98825379726, 0.426682754381, 0.319770604535, -0.0319770604535, 0.426682754381, -9.84931827544, 0, 8
4.47, 0.0159577, 0.0039902, 2.37729395465, 0.319770604535, 8.98825379726, 0.426682754381, 0.319770604535, -0.0319770604535, 0.426682754381, -9.84931827544, 0, 8
4.48, 0.0159577, 0.0039902, 2.38049022773, 0.319450977227, 8.99207925333, 0.328233708774, 0.319450977227, -0.0319450977227, 0.328233708774, -9.83947337088, 0, 8
4.48, 0.0159577, 0.0039902, 2.38049022773, 0.319450977227, 8.99207925333, 0.328233708774, 0.319450977227, -0.0319450977227, 0.328233708774, -9.83947337088, 0, 8
4.49, 0.0159577, 0.0039902, 2.38368329465, 0.319131670535, 8.99491717588, 0.229883416519, 0.319131670535, -0.0319131670535, 0.229883416519, -9.82963834165, 0, 8
4.49, 0.0159577, 0.0039902, 2.38368329465, 0.319131670535, 8.99491717588, 0.229883416519, 0.319131670535, -0.0319131670535, 0.229883416519, -9.82963834165, 0, 8
4.5, 0.0159577, 0.0039902, 2.38687315543, 0.318812684457, 8.99676756491, 0.131631877616, 0.318812684457, -0.0318812684457, 0.131631877616, -9.81981318776, 0, 8
4.5, 0.0159577, 0.0039902, 2.38687315543, 0.318812684457, 8.99676756491, 0.131631877616, 0.318812684457, -0.0318812684457, 0.131631877616, -9.81981318776, 0, 8
4.51, 0.0159577, 0.0039902, 2.39005981004, 0.318494018996, 8.9976304204, 0.0334790920663, 0.318494018996, -0.0318494018996, 0.0334790920663, -9.80999790921, 0, 8
4.51, 0.0159577, 0.0039902, 2.39005981004, 0.318494018996, 8.9976304204, 0.0334790920663, 0.318494018996, -0.0318494018996, 0.0334790920663, -9.80999790921, 0, 8
4.52, 0.0159577, 0.0039902, 2.39324325851, 0.318175674149, 8.99750574238, -0.0645749401311, 0.318175674149, -0.0318175674149, -0.0645749401311, -9.80019250599, 0, 8
4.52, 0.0159577, 0.0039902, 2.39324325851, 0.318175674149, 8.99750574238, -0.0645749401311, 0.318175674149, -0.0318175674149, -0.0645749401311, -9.80019250599, 0, 8
4.53, 0.0159577, 0.0039902, 2.39642350082, 0.317857649918, 8.99639353083, -0.162530218976, 0.317857649918, -0.0317857649918, -0.162530218976, -9.7903969781, 0, 8
4.53, 0.0159577, 0.0039902, 2.39642350082, 0.317857649918, 8.99639353083, -0.162530218976, 0.317857649918, -0.0317857649918, -0.162530218976, -9.7903969781, 0, 8
4.54, 0.0159577, 0.0039902, 2.39960053698, 0.317539946302, 8.99429378575, -0.260386744468, 0.317539946302, -0.0317539946302, -0.260386744468, -9.78061132555, 0, 8
4.54, 0.0159577, 0.0039902, 2.39960053698, 0.317539946302, 8.99429378575, -0.260386744468, 0.317539946302, -0.0317539946302, -0.260386744468, -9.78061132555, 0, 8
4.55, 0.0159577, 0.0039902, 2.40277436699, 0.317222563301, 8.99120650715, -0.358144516608, 0.317222563301, -0.0317222563301, -0.358144516608, -9.77083554834, 0, 8
4.55, 0.0159577, 0.0039902, 2.40277436699, 0.317222563301, 8.99120650715, -0.358144516608, 0.317222563301, -0.0317222563301, -0.358144516608, -9.77083554834, 0, 8
4.56, 0.0159577, 0.0039902, 2.4059451878, 0.31690548122, 8.9871923602, -0.455809601913, 0.31690548122, -0.031690548122, -0.455809601913, -9.76106903981, 0, 8
4.56, 0.0159577, 0.0039902, 2.4059451878, 0.31690548122, 8.9871923602, -0.455809601913, 0.31690548122, -0.031690548122, -0.455809601913, -9.76106903981, 0, 8
4.57, 0.0159577, 0.0039902, 2.40911284384, 0.316588715616, 8.98220342543, -0.553377208436, 0.316588715616, -0.0316588715616, -0.553377208436, -9.75131227916, 0, 8
4.57, 0.0159577, 0.0039902, 2.40911284384, 0.316588715616, 8.98220342543, -0.553377208436, 0.316588715616, -0.0316588715616, -0.553377208436, -9.75131227916, 0, 8
4.58, 0.0159577, 0.0039902, 2.41227732794, 0.316272267206, 8.9762374952, -0.650847115413, 0.316272267206, -0.0316272267206, -0.650847115413, -9.74156528846, 0, 8
4.58, 0.0159577, 0.0039902, 2.41227732794, 0.316272267206, 8.9762374952, -0.650847115413, 0.316272267206, -0.0316272267206, -0.650847115413, -9.74156528846, 0, 8
4.59, 0.0159577, 0.0039902, 2.4154386401, 0.31595613599, 8.96929456951, -0.748219322845, 0.31595613599, -0.031595613599, -0.748219322845, -9.73182806772, 0, 8
4.59, 0.0159577, 0.0039902, 2.4154386401, 0.31595613599, 8.96929456951, -0.748219322845, 0.31595613599, -0.031595613599, -0.748219322845, -9.73182806772, 0, 8
4.6, 0.0159577, 0.0039902, 2.41859678032, 0.315640321968, 8.96137464837, -0.84549383073, 0.315640321968, -0.0315640321968, -0.84549383073, -9.72210061693, 0, 8
4.6, 0.0159577, 0.0039902, 2.41859678032, 0.315640321968, 8.96137464837, -0.84549383073, 0.315640321968, -0.0315640321968, -0.84549383073, -9.72210061693, 0, 8
4.61, 0.0159577, 0.0039902, 2.4217517486, 0.31532482514, 8.95247773177, -0.94267063907, 0.31532482514, -0.031532482514, -0.94267063907, -9.71238293609, 0, 8
4.61, 0.0169543, 0.0049868, 2.4217517486, 0.31532482514, 8.95247773177, -0.94267063907, 0.31532482514, -0.031532482514, -0.94267063907, -9.71238293609, 0, 8
4.62, 0.0169543, 0.0049868, 2.42490354495, 0.315009645505, 8.94260381971, -1.03974974786, 0.315009645505, -0.0315009645505, -1.03974974786, -9.70267502521, 0, 8
4.62, 0.0169543, 0.0049868, 2.42490354495, 0.315009645505, 8.94260381971, -1.03974974786, 0.315009645505, -0.0315009645505, -1.03974974786, -9.70267502521, 0, 8
4.63, 0.0169543, 0.0049868, 2.42805216935, 0.314694783065, 8.93175291219, -1.13673115711, 0.314694783065, -0.0314694783065, -1.13673115711, -9.69297688429, 0, 8
4.63, 0.0169543, 0.0049868, 2.42805216935, 0.314694783065, 8.93175291219, -1.13673115711, 0.314694783065, -0.0314694783065, -1.13673115711, -9.69297688429, 0, 8
4.64, 0.0169543, 0.0049868, 2.43119762181, 0.314380237819, 8.91992500921, -1.23361486681, 0.314380237819, -0.0314380237819, -1.23361486681, -9.68328851332, 0, 8
4.64, 0.0169543, 0.0049868, 2.43119762181, 0.314380237819, 8.91992500921, -1.23361486681, 0.314380237819, -0.0314380237819, -1.23361486681, -9.68328851332, 0, 8
4.65, 0.0169543, 0.0049868, 2.43433990233, 0.314066009767, 8.90712011078, -1.33040087697, 0.314066009767, -0.0314066009767, -1.33040087697, -9.6736099123, 0, 8
4.65, 0.0169543, 0.0049868, 2.43433990233, 0.314066009767, 8.90712011078, -1.33040087697, 0.314066009767, -0.0314066009767, -1.33040087697, -9.6736099123, 0, 8
4.66, 0.0169543, 0.0049868, 2.43747901092, 0.313752098908, 8.89333821688, -1.42708918758, 0.313752098908, -0.0313752098908, -1.42708918758, -9.66394108124, 0, 8
4.66, 0.0169543, 0.0049868, 2.43747901092, 0.313752098908, 8.89333821688, -1.42708918758, 0.313752098908, -0.0313752098908, -1.42708918758, -9.66394108124, 0, 8
4.67, 0.0169543, 0.0049868, 2.44061520919, 0.313438479081, 8.87865991197, -1.52368785709, 0.313438479081, -0.0313438479081, -1.52368785709, -9.65428121429, 0, 8
4.67, 0.0169543, 0.0049868, 2.44061520919, 0.313438479081, 8.87865991197, -1.52368785709, 0.313438479081, -0.0313438479081, -1.52368785709, -9.65428121429, 0, 8
4.68, 0.0169543, 0.0049868, 2.44374829746, 0.313125170254, 8.8630236916, -1.62019073505, 0.313125170254, -0.0313125170254, -1.62019073505, -9.64463092649, 0, 8
4.68, 0.0169543, 0.0049868, 2.44374829746, 0.313125170254, 8.8630236916, -1.62019073505, 0.313125170254, -0.0313125170254, -1.62019073505, -9.64463092649, 0, 8
4.69, 0.0169543, 0.0049868, 2.44687826498, 0.312812173502, 8.84642623908, -1.7165974898, 0.312812173502, -0.0312812173502, -1.7165974898, -9.63499025102, 0, 8
4.69, 0.0169543, 0.0049868, 2.44687826498, 0.312812173502, 8.84642623908, -1.7165974898, 0.312812173502, -0.0312812173502, -1.7165974898, -9.63499025102, 0, 8
4.7, 0.0169543, 0.0049868, 2.45000511273, 0.312499488727, 8.82886786051, -1.81290815194, 0.312499488727, -0.0312499488727, -1.81290815194, -9.62535918481, 0, 8
4.7, 0.0169543, 0.0049868, 2.45000511273, 0.312499488727, 8.82886786051, -1.81290815194, 0.312499488727, -0.0312499488727, -1.81290815194, -9.62535918481, 0, 8
4.71, 0.0169543, 0.0049868, 2.4531288417, 0.31218711583, 8.810348862, -1.90912275209, 0.31218711583, -0.031218711583, -1.90912275209, -9.61573772479, 0, 8
4.71, 0.0169543, 0.0049868, 2.4531288417, 0.31218711583, 8.810348862, -1.90912275209, 0.31218711583, -0.031218711583, -1.90912275209, -9.61573772479, 0, 8
4.72, 0.0169543, 0.0049868, 2.45624945289, 0.311875054711, 8.79086954968, -2.00524132086, 0.311875054711, -0.0311875054711, -2.00524132086, -9.60612586791, 0, 8
4.72, 0.0169543, 0.0049868, 2.45624945289, 0.311875054711, 8.79086954968, -2.00524132086, 0.311875054711, -0.0311875054711, -2.00524132086, -9.60612586791, 0, 8
4.73, 0.0169543, 0.0049868, 2.45936694729, 0.311563305271, 8.77043022963, -2.10126388886, 0.311563305271, -0.0311563305271, -2.10126388886, -9.59652361111, 0, 8
4.73, 0.0169543, 0.0049868, 2.45936694729, 0.311563305271, 8.77043022963, -2.10126388886, 0.311563305271, -0.0311563305271, -2.10126388886, -9.59652361111, 0, 8
4.74, 0.0169543, 0.0049868, 2.46248132591, 0.311251867409, 8.74903120799, -2.19719048669, 0.311251867409, -0.0311251867409, -2.19719048669, -9.58693095133, 0, 8
4.74, 0.0169543, 0.0049868, 2.46248132591, 0.311251867409, 8.74903120799, -2.19719048669, 0.311251867409, -0.0311251867409, -2.19719048669, -9.58693095133, 0, 8
4.75, 0.0169543, 0.0049868, 2.46559258972, 0.310940741028, 8.72667279085, -2.29302114498, 0.310940741028, -0.0310940741028, -2.29302114498, -9.5773478855, 0, 8
4.75, 0.0169543, 0.0049868, 2.46559258972, 0.310940741028, 8.72667279085, -2.29302114498, 0.310940741028, -0.0310940741028, -2.29302114498, -9.5773478855, 0, 8
4.76, 0.0169543, 0.0049868, 2.46870073973, 0.310629926027, 8.70335528433, -2.38875589433, 0.310629926027, -0.0310629926027, -2.38875589433, -9.56777441057, 0, 8
4.76, 0.0169543, 0.0049868, 2.46870073973, 0.310629926027, 8.70335528433, -2.38875589433, 0.310629926027, -0.0310629926027, -2.38875589433, -9.56777441057, 0, 8
4.77, 0.0169543, 0.0049868, 2.47180577692, 0.310319422308, 8.67907899454, -2.48439476535, 0.310319422308, -0.0310319422308, -2.48439476535, -9.55821052347, 0, 8
4.77, 0.0169543, 0.0049868, 2.47180577692, 0.310319422308, 8.67907899454, -2.48439476535, 0.310319422308, -0.0310319422308, -2.48439476535, -9.55821052347, 0, 8
4.78, 0.0169543, 0.0049868, 2.4749077023, 0.31000922977, 8.65384422759, -2.57993778865, 0.31000922977, -0.031000922977, -2.57993778865, -9.54865622113, 0, 8
4.78, 0.0169543, 0.0049868, 2.4749077023, 0.31000922977, 8.65384422759, -2.57993778865, 0.31000922977, -0.031000922977, -2.57993778865, -9.54865622113, 0, 8
4.79, 0.0169543, 0.0049868, 2.47800651686, 0.309699348314, 8.62765128959, -2.67538499485, 0.309699348314, -0.0309699348314, -2.67538499485, -9.53911150051, 0, 8
4.79, 0.0169543, 0.0049868, 2.47800651686, 0.309699348314, 8.62765128959, -2.67538499485, 0.309699348314, -0.0309699348314, -2.67538499485, -9.53911150051, 0, 8
4.8, 0.0169543, 0.0049868, 2.48110222158, 0.309389777842, 8.60050048665, -2.77073641456, 0.309389777842, -0.0309389777842, -2.77073641456, -9.52957635854, 0, 8
4.8, 0.0169543, 0.0049868, 2.48110222158, 0.309389777842, 8.60050048665, -2.77073641456, 0.309389777842, -0.0309389777842, -2.77073641456, -9.52957635854, 0, 8
4.81, 0.0169543, 0.0049868, 2.48419481747, 0.309080518253, 8.57239212488, -2.86599207838, 0.309080518253, -0.0309080518253, -2.86599207838, -9.52005079216, 0, 8
4.81, 0.0169543, 0.0049868, 2.48419481747, 0.309080518253, 8.57239212488, -2.86599207838, 0.309080518253, -0.0309080518253, -2.86599207838, -9.52005079216, 0, 8
4.82, 0.0169543, 0.0049868, 2.48728430552, 0.308771569448, 8.54332651039, -2.96115201693, 0.308771569448, -0.0308771569448, -2.96115201693, -9.51053479831, 0, 8
4.82, 0.0169543, 0.0049868, 2.48728430552, 0.308771569448, 8.54332651039, -2.96115201693, 0.308771569448, -0.0308771569448, -2.96115201693, -9.51053479831, 0, 8
4.83, 0.0169543, 0.0049868, 2.49037068672, 0.308462931328, 8.5133039493, -3.05621626082, 0.308462931328, -0.0308462931328, -3.05621626082, -9.50102837392, 0, 8
4.83, 0.0169543, 0.0049868, 2.49037068672, 0.308462931328, 8.5133039493, -3.05621626082, 0.308462931328, -0.0308462931328, -3.05621626082, -9.50102837392, 0, 8
4.84, 0.0169543, 0.0049868, 2.49345396206, 0.308154603794, 8.48232474771, -3.15118484066, 0.308154603794, -0.0308154603794, -3.15118484066, -9.49153151593, 0, 8
4.84, 0.0169543, 0.0049868, 2.49345396206, 0.308154603794, 8.48232474771, -3.15118484066, 0.308154603794, -0.0308154603794, -3.15118484066, -9.49153151593, 0, 8
4.85, 0.0169543, 0.0049868, 2.49653413254, 0.307846586746, 8.45038921174, -3.24605778707, 0.307846586746, -0.0307846586746, -3.24605778707, -9.48204422129, 0, 8
4.85, 0.0169543, 0.0049868, 2.49653413254, 0.307846586746, 8.45038921174, -3.24605778707, 0.307846586746, -0.0307846586746, -3.24605778707, -9.48204422129, 0, 8
4.86, 0.0169543, 0.0049868, 2.49961119916, 0.307538880084, 8.41749764748, -3.34083513064, 0.307538880084, -0.0307538880084, -3.34083513064, -9.47256648694, 0, 8
4.86, 0.0169543, 0.0049868, 2.49961119916, 0.307538880084, 8.41749764748, -3.34083513064, 0.307538880084, -0.0307538880084, -3.34083513064, -9.47256648694, 0, 8
4.87, 0.0169543, 0.0049868, 2.5026851629, 0.30723148371, 8.38365036107, -3.435516902, 0.30723148371, -0.030723148371, -3.435516902, -9.4630983098, 0, 8
4.87, 0.0169543, 0.0049868, 2.5026851629, 0.30723148371, 8.38365036107, -3.435516902, 0.30723148371, -0.030723148371, -3.435516902, -9.4630983098, 0, 8
4.88, 0.0169543, 0.0049868, 2.50575602476, 0.306924397524, 8.3488476586, -3.53010313175, 0.306924397524, -0.0306924397524, -3.53010313175, -9.45363968682, 0, 8
4.88, 0.0169543, 0.0049868, 2.50575602476, 0.306924397524, 8.3488476586, -3.53010313175, 0.306924397524, -0.0306924397524, -3.53010313175, -9.45363968682, 0, 8
4.89, 0.0169543, 0.0049868, 2.50882378574, 0.306617621426, 8.31308984619, -3.62459385051, 0.306617621426, -0.0306617621426, -3.62459385051, -9.44419061495, 0, 8
4.89, 0.0169543, 0.0049868, 2.50882378574, 0.306617621426, 8.31308984619, -3.62459385051, 0.306617621426, -0.0306617621426, -3.62459385051, -9.44419061495, 0, 8
4.9, 0.0169543, 0.0049868, 2.51188844742, 0.306311155258, 8.27637741457, -3.71898910735, 0.306311155258, -0.0306311155258, -3.71898910735, -9.43475108926, 0, 8
4.9, 0.0169543, 0.0049868, 2.51188844742, 0.306311155258, 8.27637741457, -3.71898910735, 0.306311155258, -0.0306311155258, -3.71898910735, -9.43475108926, 0, 8
4.91, 0.0169543, 0.0049868, 2.51495028807, 0.306004971193, 8.23879606895, -3.81329747279, 0.306004971193, -0.0306004971193, -3.81329747279, -9.42532025272, 0, 8
4.91, 0.0169543, 0.0049868, 2.51495028807, 0.306004971193, 8.23879606895, -3.81329747279, 0.306004971193, -0.0306004971193, -3.81329747279, -9.42532025272, 0, 8
4.92, 0.0169543, 0.0049868, 2.51800906497, 0.305699093503, 8.20027105325, -3.90751147122, 0.305699093503, -0.0305699093503, -3.90751147122, -9.41589885288, 0, 8
4.92, 0.0169543, 0.0049868, 2.51800906497, 0.305699093503, 8.20027105325, -3.90751147122, 0.305699093503, -0.0305699093503, -3.90751147122, -9.41589885288, 0, 8
4.93, 0.0169543, 0.0049868, 2.52106478049, 0.305393521951, 8.16080309523, -4.00163117542, 0.305393521951, -0.0305393521951, -4.00163117542, -9.40648688246, 0, 8
4.93, 0.0169543, 0.0049868, 2.52106478049, 0.305393521951, 8.16080309523, -4.00163117542, 0.305393521951, -0.0305393521951, -4.00163117542, -9.40648688246, 0, 8
4.94, 0.0169543, 0.0049868, 2.52411743699, 0.305088256301, 8.12039292265, -4.09565665816, 0.305088256301, -0.0305088256301, -4.09565665816, -9.39708433418, 0, 8
4.94, 0.0169543, 0.0049868, 2.52411743699, 0.305088256301, 8.12039292265, -4.09565665816, 0.305088256301, -0.0305088256301, -4.09565665816, -9.39708433418, 0, 8
4.95, 0.0169543, 0.0049868, 2.52716703684, 0.304783296316, 8.07904126329, -4.18958799222, 0.304783296316, -0.0304783296316, -4.18958799222, -9.38769120078, 0, 8
4.95, 0.0179518, 0.0049868, 2.52716703684, 0.304783296316, 8.07904126329, -4.18958799222, 0.304783296316, -0.0304783296316, -4.18958799222, -9.38769120078, 0, 8
4.96, 0.0179518, 0.0049868, 2.53021358239, 0.304478641761, 8.0367488449, -4.28342525038, 0.304478641761, -0.0304478641761, -4.28342525038, -9.37830747496, 0, 8
4.96, 0.0179518, 0.0049868, 2.53021358239, 0.304478641761, 8.0367488449, -4.28342525038, 0.304478641761, -0.0304478641761, -4.28342525038, -9.37830747496, 0, 8
4.97, 0.0179518, 0.0049868, 2.53325704231, 0.304174295769, 7.99388917061, -3.72746578352, 0.304174295769, -0.0304174295769, -3.72746578352, 713.47300869, 1, 8
4.97, 0.0179518, 0.0049868, 2.53325704231, 0.304174295769, 7.99388917061, -3.72746578352, 0.304174295769, -0.0304174295769, -3.72746578352, 713.47300869, 1, 8
4.98, 0.0179518, 0.0049868, 2.53629712299, 0.303870287701, 8.00553921283, 3.74711214064, 0.303870287701, -0.0303870287701, 3.74711214064, -10.1813612141, 0, 8
4.98, 0.0179518, 0.0049868, 2.53629712299, 0.303870287701, 8.00553921283, 3.74711214064, 0.303870287701, -0.0303870287701, 3.74711214064, -10.1813612141, 0, 8
4.99, 0.0179518, 0.0049868, 2.5393330502, 0.30356669498, 8.04208033119, 3.64539152881, 0.30356669498, -0.030356669498, 3.64539152881, -10.1711891529, 0, 8
4.99, 0.0179518, 0.0049868, 2.5393330502, 0.30356669498, 8.04208033119, 3.64539152881, 0.30356669498, -0.030356669498, 3.64539152881, -10.1711891529, 0, 8
5, 0.0179518, 0.0049868, 2.5423665516, 0.30326334484, 8.07780866749, 3.54375219518, 0.30326334484, -0.030326334484, 3.54375219518, -10.1610252195, 0, 8
5, 0.0179518, 0.0049868, 2.5423665516, 0.30326334484, 8.07780866749, 3.54375219518, 0.30326334484, -0.030326334484, 3.54375219518, -10.1610252195, 0, 8
5.01, 0.0179518, 0.0049868, 2.54539723593, 0.302960276407, 8.11259312236, 3.44220724969, 0.302960276407, -0.0302960276407, 3.44220724969, -10.150870725, 0, 8
5.01, 0.0179518, 0.0049868, 2.54539723593, 0.302960276407, 8.11259312236, 3.44220724969, 0.302960276407, -0.0302960276407, 3.44220724969, -10.150870725, 0, 8
5.02, 0.0179518, 0.0049868, 2.54842514279, 0.302657485721, 8.14644697198, 3.34075536473, 0.302657485721, -0.0302657485721, 3.34075536473, -10.1407255365, 0, 8
5.02, 0.0179518, 0.0049868, 2.54842514279, 0.302657485721, 8.14644697198, 3.34075536473, 0.302657485721, -0.0302657485721, 3.34075536473, -10.1407255365, 0, 8
5.03, 0.0179518, 0.0049868, 2.55145005577, 0.302354994423, 8.17929770381, 3.23940379155, 0.302354994423, -0.0302354994423, 3.23940379155, -10.1305903792, 0, 8
5.03, 0.0179518, 0.0049868, 2.55145005577, 0.302354994423, 8.17929770381, 3.23940379155, 0.302354994423, -0.0302354994423, 3.23940379155, -10.1305903792, 0, 8
5.04, 0.0179518, 0.0049868, 2.55447204016, 0.302052795984, 8.21116719527, 3.1381503424, 0.302052795984, -0.0302052795984, 3.1381503424, -10.1204650342, 0, 8
5.04, 0.0179518, 0.0049868, 2.55447204016, 0.302052795984, 8.21116719527, 3.1381503424, 0.302052795984, -0.0302052795984, 3.1381503424, -10.1204650342, 0, 8
5.05, 0.0179518, 0.0049868, 2.55749096828, 0.301750903172, 8.24201266021, 3.03699929591, 0.301750903172, -0.0301750903172, 3.03699929591, -10.1103499296, 0, 8
5.05, 0.0179518, 0.0049868, 2.55749096828, 0.301750903172, 8.24201266021, 3.03699929591, 0.301750903172, -0.0301750903172, 3.03699929591, -10.1103499296, 0, 8
5.06, 0.0179518, 0.0049868, 2.56050691475, 0.301449308525, 8.2718591066, 2.93594815127, 0.301449308525, -0.0301449308525, 2.93594815127, -10.1002448151, 0, 8
5.06, 0.0179518, 0.0049868, 2.56050691475, 0.301449308525, 8.2718591066, 2.93594815127, 0.301449308525, -0.0301449308525, 2.93594815127, -10.1002448151, 0, 8
5.07, 0.0179518, 0.0049868, 2.56351987957, 0.301148012043, 8.30070653443, 2.83499690848, 0.301148012043, -0.0301148012043, 2.83499690848, -10.0901496908, 0, 8
5.07, 0.0179518, 0.0049868, 2.56351987957, 0.301148012043, 8.30070653443, 2.83499690848, 0.301148012043, -0.0301148012043, 2.83499690848, -10.0901496908, 0, 8
5.08, 0.0179518, 0.0049868, 2.56652982735, 0.300847017265, 8.32854308363, 2.73414675356, 0.300847017265, -0.0300847017265, 2.73414675356, -10.0800646754, 0, 8
5.08, 0.0179518, 0.0049868, 2.56652982735, 0.300847017265, 8.32854308363, 2.73414675356, 0.300847017265, -0.0300847017265, 2.73414675356, -10.0800646754, 0, 8
5.09, 0.0179518, 0.0049868, 2.5695367719, 0.30054632281, 8.35537338077, 2.63339722385, 0.30054632281, -0.030054632281, 2.63339722385, -10.0699897224, 0, 8
5.09, 0.0179518, 0.0049868, 2.5695367719, 0.30054632281, 8.35537338077, 2.63339722385, 0.30054632281, -0.030054632281, 2.63339722385, -10.0699897224, 0, 8
5.1, 0.0179518, 0.0049868, 2.57254072104, 0.300245927896, 8.38120004987, 2.53274805694, 0.300245927896, -0.0300245927896, 2.53274805694, -10.0599248057, 0, 8
5.1, 0.0179518, 0.0049868, 2.57254072104, 0.300245927896, 8.38120004987, 2.53274805694, 0.300245927896, -0.0300245927896, 2.53274805694, -10.0599248057, 0, 8
5.11, 0.0179518, 0.0049868, 2.57554167478, 0.299945832522, 8.40602309094, 2.43219925283, 0.299945832522, -0.0299945832522, 2.43219925283, -10.0498699253, 0, 8
5.11, 0.0179518, 0.0049868, 2.57554167478, 0.299945832522, 8.40602309094, 2.43219925283, 0.299945832522, -0.0299945832522, 2.43219925283, -10.0498699253, 0, 8
5.12, 0.0179518, 0.0049868, 2.57853963312, 0.299646036688, 8.42984250398, 2.33175081153, 0.299646036688, -0.0299646036688, 2.33175081153, -10.0398250812, 0, 8
5.12, 0.0179518, 0.0049868, 2.57853963312, 0.299646036688, 8.42984250398, 2.33175081153, 0.299646036688, -0.0299646036688, 2.33175081153, -10.0398250812, 0, 8
5.13, 0.0179518, 0.0049868, 2.58153460308, 0.299346539692, 8.45266064178, 2.23140249775, 0.299346539692, -0.0299346539692, 2.23140249775, -10.0297902498, 0, 8
5.13, 0.0179518, 0.0049868, 2.58153460308, 0.299346539692, 8.45266064178, 2.23140249775, 0.299346539692, -0.0299346539692, 2.23140249775, -10.0297902498, 0, 8
5.14, 0.0179518, 0.0049868, 2.58452665262, 0.299047334738, 8.47450027532, 2.1311520344, 0.299047334738, -0.0299047334738, 2.1311520344, -10.0197652034, 0, 8
5.14, 0.0179518, 0.0049868, 2.58452665262, 0.299047334738, 8.47450027532, 2.1311520344, 0.299047334738, -0.0299047334738, 2.1311520344, -10.0197652034, 0, 8
5.15, 0.0179518, 0.0049868, 2.58751571947, 0.298748428053, 8.49534053846, 2.03100150808, 0.298748428053, -0.0298748428053, 2.03100150808, -10.0097501508, 0, 8
5.15, 0.0179518, 0.0049868, 2.58751571947, 0.298748428053, 8.49534053846, 2.03100150808, 0.298748428053, -0.0298748428053, 2.03100150808, -10.0097501508, 0, 8
5.16, 0.0179518, 0.0049868, 2.59050180362, 0.298449819638, 8.51518143121, 1.93095091881, 0.298449819638, -0.0298449819638, 1.93095091881, -9.99974509188, 0, 8
5.16, 0.0179518, 0.0049868, 2.59050180362, 0.298449819638, 8.51518143121, 1.93095091881, 0.298449819638, -0.0298449819638, 1.93095091881, -9.99974509188, 0, 8
5.17, 0.0179518, 0.0049868, 2.59348490507, 0.298151509493, 8.53402295356, 1.83100026657, 0.298151509493, -0.0298151509493, 1.83100026657, -9.98975002666, 0, 8
5.17, 0.0179518, 0.0049868, 2.59348490507, 0.298151509493, 8.53402295356, 1.83100026657, 0.298151509493, -0.0298151509493, 1.83100026657, -9.98975002666, 0, 8
5.18, 0.0179518, 0.0049868, 2.59646502383, 0.297853497617, 8.55186510551, 1.73114955138, 0.297853497617, -0.0297853497617, 1.73114955138, -9.97976495514, 0, 8
5.18, 0.0179518, 0.0049868, 2.59646502383, 0.297853497617, 8.55186510551, 1.73114955138, 0.297853497617, -0.0297853497617, 1.73114955138, -9.97976495514, 0, 8
5.19, 0.0179518, 0.0049868, 2.5994421599, 0.29755578401, 8.56870788707, 1.63139877322, 0.29755578401, -0.029755578401, 1.63139877322, -9.96978987732, 0, 8
5.19, 0.0179518, 0.0049868, 2.5994421599, 0.29755578401, 8.56870788707, 1.63139877322, 0.29755578401, -0.029755578401, 1.63139877322, -9.96978987732, 0, 8
5.2, 0.0179518, 0.0049868, 2.60241631326, 0.297258368674, 8.58455129823, 1.5317479321, 0.297258368674, -0.0297258368674, 1.5317479321, -9.95982479321, 0, 8
5.2, 0.0189491, 0.0049868, 2.60241631326, 0.297258368674, 8.58455129823, 1.5317479321, 0.297258368674, -0.0297258368674, 1.5317479321, -9.95982479321, 0, 8
5.21, 0.0189491, 0.0049868, 2.60538748394, 0.296961251606, 8.599395339, 1.43219702803, 0.296961251606, -0.0296961251606, 1.43219702803, -9.9498697028, 0, 8
5.21, 0.0189491, 0.0049868, 2.60538748394, 0.296961251606, 8.599395339, 1.43219702803, 0.296961251606, -0.0296961251606, 1.43219702803, -9.9498697028, 0, 8
5.22, 0.0189491, 0.0049868, 2.60835567192, 0.296664432808, 8.61324000937, 1.33274606099, 0.296664432808, -0.0296664432808, 1.33274606099, -9.9399246061, 0, 8
5.22, 0.0189491, 0.0049868, 2.60835567192, 0.296664432808, 8.61324000937, 1.33274606099, 0.296664432808, -0.0296664432808, 1.33274606099, -9.9399246061, 0, 8
5.23, 0.0189491, 0.0049868, 2.6113208772, 0.29636791228, 8.62608530934, 1.23339503099, 0.29636791228, -0.029636791228, 1.23339503099, -9.9299895031, 0, 8
5.23, 0.0189491, 0.0049868, 2.6113208772, 0.29636791228, 8.62608530934, 1.23339503099, 0.29636791228, -0.029636791228, 1.23339503099, -9.9299895031, 0, 8
5.24, 0.0189491, 0.0049868, 2.61428309979, 0.296071690021, 8.63793123892, 1.13414393804, 0.296071690021, -0.0296071690021, 1.13414393804, -9.9200643938, 0, 8
5.24, 0.0189491, 0.0049868, 2.61428309979, 0.296071690021, 8.63793123892, 1.13414393804, 0.296071690021, -0.0296071690021, 1.13414393804, -9.9200643938, 0, 8
5.25, 0.0189491, 0.0049868, 2.61724240143, 0.295775759857, 8.64879848798, 1.03499071313, 0.295775759857, -0.0295775759857, 1.03499071313, -9.91014907131, 0, 8
5.25, 0.0189491, 0.0049868, 2.61724240143, 0.295775759857, 8.64879848798, 1.03499071313, 0.295775759857, -0.0295775759857, 1.03499071313, -9.91014907131, 0, 8
5.26, 0.0189491, 0.0049868, 2.62019884264, 0.295480115736, 8.6587073298, 0.935933328948, 0.295480115736, -0.0295480115736, 0.935933328948, -9.90024333289, 0, 8
5.26, 0.0189491, 0.0049868, 2.62019884264, 0.295480115736, 8.6587073298, 0.935933328948, 0.295480115736, -0.0295480115736, 0.935933328948, -9.90024333289, 0, 8
5.27, 0.0189491, 0.0049868, 2.62315232848, 0.295184767152, 8.66762595721, 0.836974966207, 0.295184767152, -0.0295184767152, 0.836974966207, -9.89034749662, 0, 8
5.27, 0.0189491, 0.0049868, 2.62315232848, 0.295184767152, 8.66762595721, 0.836974966207, 0.295184767152, -0.0295184767152, 0.836974966207, -9.89034749662, 0, 8
5.28, 0.0189491, 0.0049868, 2.62610285895, 0.294889714105, 8.67555437021, 0.738115624906, 0.294889714105, -0.0294889714105, 0.738115624906, -9.88046156249, 0, 8
5.28, 0.0189491, 0.0049868, 2.62610285895, 0.294889714105, 8.67555437021, 0.738115624906, 0.294889714105, -0.0294889714105, 0.738115624906, -9.88046156249, 0, 8
5.29, 0.0189491, 0.0049868, 2.62905043405, 0.294594956595, 8.68249256881, 0.639355305047, 0.294594956595, -0.0294594956595, 0.639355305047, -9.8705855305, 0, 8
5.29, 0.0189491, 0.0049868, 2.62905043405, 0.294594956595, 8.68249256881, 0.639355305047, 0.294594956595, -0.0294594956595, 0.639355305047, -9.8705855305, 0, 8
5.3, 0.0189491, 0.0049868, 2.63199505378, 0.294300494622, 8.68844055299, 0.540694006628, 0.294300494622, -0.0294300494622, 0.540694006628, -9.86071940066, 0, 8
5.3, 0.0189491, 0.0049868, 2.63199505378, 0.294300494622, 8.68844055299, 0.540694006628, 0.294300494622, -0.0294300494622, 0.540694006628, -9.86071940066, 0, 8
5.31, 0.0189491, 0.0049868, 2.63493671815, 0.294006328185, 8.69339832277, 0.442131729651, 0.294006328185, -0.0294006328185, 0.442131729651, -9.85086317297, 0, 8
5.31, 0.0189491, 0.0049868, 2.63493671815, 0.294006328185, 8.69339832277, 0.442131729651, 0.294006328185, -0.0294006328185, 0.442131729651, -9.85086317297, 0, 8
5.32, 0.0189491, 0.0049868, 2.63787542714, 0.293712457286, 8.69736587814, 0.343668474114, 0.293712457286, -0.0293712457286, 0.343668474114, -9.84101684741, 0, 8
5.32, 0.0189491, 0.0049868, 2.63787542714, 0.293712457286, 8.69736587814, 0.343668474114, 0.293712457286, -0.0293712457286, 0.343668474114, -9.84101684741, 0, 8
5.33, 0.0189491, 0.0049868, 2.64081118077, 0.293418881923, 8.7003432191, 0.245304240018, 0.293418881923, -0.0293418881923, 0.245304240018, -9.831180424, 0, 8
5.33, 0.0189491, 0.0049868, 2.64081118077, 0.293418881923, 8.7003432191, 0.245304240018, 0.293418881923, -0.0293418881923, 0.245304240018, -9.831180424, 0, 8
5.34, 0.0189491, 0.0049868, 2.64374397903, 0.293125602097, 8.70233034565, 0.147039027363, 0.293125602097, -0.0293125602097, 0.147039027363, -9.82135390274, 0, 8
5.34, 0.0189491, 0.0049868, 2.64374397903, 0.293125602097, 8.70233034565, 0.147039027363, 0.293125602097, -0.0293125602097, 0.147039027363, -9.82135390274, 0, 8
5.35, 0.0189491, 0.0049868, 2.64667382192, 0.292832617808, 8.70332725779, 0.0488728361484, 0.292832617808, -0.0292832617808, 0.0488728361484, -9.81153728361, 0, 8
5.35, 0.0189491, 0.0049868, 2.64667382192, 0.292832617808, 8.70332725779, 0.0488728361484, 0.292832617808, -0.0292832617808, 0.0488728361484, -9.81153728361, 0, 8
5.36, 0.0189491, 0.0049868, 2.64960070944, 0.292539929056, 8.70333395553, -0.0491943336251, 0.292539929056, -0.0292539929056, -0.0491943336251, -9.80173056664, 0, 8
5.36, 0.0189491, 0.0049868, 2.64960070944, 0.292539929056, 8.70333395553, -0.0491943336251, 0.292539929056, -0.0292539929056, -0.0491943336251, -9.80173056664, 0, 8
5.37, 0.0189491, 0.0049868, 2.65252477084, 0.292247522916, 8.70239374434, -0.147166812506, 0.292247522916, -0.0292247522916, -0.147166812506, -9.79193331875, 0, 8
5.37, 0.0189491, 0.0049868, 2.65252477084, 0.292247522916, 8.70239374434, -0.147166812506, 0.292247522916, -0.0292247522916, -0.147166812506, -9.79193331875, 0, 8
5.38, 0.0189491, 0.0049868, 2.65544597172, 0.291955402828, 8.70049509669, -0.245043447741, 0.291955402828, -0.0291955402828, -0.245043447741, -9.78214565523, 0, 8
5.38, 0.0189491, 0.0049868, 2.65544597172, 0.291955402828, 8.70049509669, -0.245043447741, 0.291955402828, -0.0291955402828, -0.245043447741, -9.78214565523, 0, 8
5.39, 0.0189491, 0.0049868, 2.65836424918, 0.291663575082, 8.69761693975, -0.342822132048, 0.291663575082, -0.0291663575082, -0.342822132048, -9.7723677868, 0, 8
5.39, 0.0189491, 0.0049868, 2.65836424918, 0.291663575082, 8.69761693975, -0.342822132048, 0.291663575082, -0.0291663575082, -0.342822132048, -9.7723677868, 0, 8
5.4, 0.0189491, 0.0049868, 2.66127960322, 0.291372039678, 8.69375927354, -0.440502865427, 0.291372039678, -0.0291372039678, -0.440502865427, -9.76259971346, 0, 8
5.4, 0.0189491, 0.0049868, 2.66127960322, 0.291372039678, 8.69375927354, -0.440502865427, 0.291372039678, -0.0291372039678, -0.440502865427, -9.76259971346, 0, 8
5.41, 0.0189491, 0.0049868, 2.66419203384, 0.291080796616, 8.68892209806, -0.538085647878, 0.291080796616, -0.0291080796616, -0.538085647878, -9.75284143521, 0, 8
5.41, 0.0189491, 0.0049868, 2.66419203384, 0.291080796616, 8.68892209806, -0.538085647878, 0.291080796616, -0.0291080796616, -0.538085647878, -9.75284143521, 0, 8
5.42, 0.0189491, 0.0049868, 2.66710154104, 0.290789845896, 8.68310541329, -0.635570479401, 0.290789845896, -0.0290789845896, -0.635570479401, -9.74309295206, 0, 8
5.42, 0.0189491, 0.0049868, 2.66710154104, 0.290789845896, 8.68310541329, -0.635570479401, 0.290789845896, -0.0290789845896, -0.635570479401, -9.74309295206, 0, 8
5.43, 0.0189491, 0.0049868, 2.67000812483, 0.290499187517, 8.67630921925, -0.732957359997, 0.290499187517, -0.0290499187517, -0.732957359997, -9.733354264, 0, 8
5.43, 0.0189491, 0.0049868, 2.67000812483, 0.290499187517, 8.67630921925, -0.732957359997, 0.290499187517, -0.0290499187517, -0.732957359997, -9.733354264, 0, 8
5.44, 0.0189491, 0.0049868, 2.6729117852, 0.29020882148, 8.66853351593, -0.830246289665, 0.29020882148, -0.029020882148, -0.830246289665, -9.72362537103, 0, 8
5.44, 0.0189491, 0.0049868, 2.6729117852, 0.29020882148, 8.66853351593, -0.830246289665, 0.29020882148, -0.029020882148, -0.830246289665, -9.72362537103, 0, 8
5.45, 0.0189491, 0.0049868, 2.67581252215, 0.289918747785, 8.65977830333, -0.927437268405, 0.289918747785, -0.0289918747785, -0.927437268405, -9.71390627316, 0, 8
5.45, 0.0189491, 0.0049868, 2.67581252215, 0.289918747785, 8.65977830333, -0.927437268405, 0.289918747785, -0.0289918747785, -0.927437268405, -9.71390627316, 0, 8
5.46, 0.0189491, 0.0049868, 2.67871033568, 0.289628966432, 8.65004358145, -1.02453029622, 0.289628966432, -0.0289628966432, -1.02453029622, -9.70419697038, 0, 8
5.46, 0.0189491, 0.0049868, 2.67871033568, 0.289628966432, 8.65004358145, -1.02453029622, 0.289628966432, -0.0289628966432, -1.02453029622, -9.70419697038, 0, 8
5.47, 0.0189491, 0.0049868, 2.68160522579, 0.289339477421, 8.6393293503, -1.1215253731, 0.289339477421, -0.0289339477421, -1.1215253731, -9.69449746269, 0, 8
5.47, 0.0189491, 0.0049868, 2.68160522579, 0.289339477421, 8.6393293503, -1.1215253731, 0.289339477421, -0.0289339477421, -1.1215253731, -9.69449746269, 0, 8
5.48, 0.0189491, 0.0049868, 2.68449719249, 0.289050280751, 8.62763560987, -1.21842249906, 0.289050280751, -0.0289050280751, -1.21842249906, -9.68480775009, 0, 8
5.48, 0.0189491, 0.0049868, 2.68449719249, 0.289050280751, 8.62763560987, -1.21842249906, 0.289050280751, -0.0289050280751, -1.21842249906, -9.68480775009, 0, 8
5.49, 0.0189491, 0.0049868, 2.68738643214, 0.288761356786, 8.6150281582, -1.31522825389, 0.288761356786, -0.0288761356786, -1.31522825389, -9.67512717461, 0, 8
5.49, 0.0189491, 0.0049868, 2.68738643214, 0.288761356786, 8.6150281582, -1.31522825389, 0.288761356786, -0.0288761356786, -1.31522825389, -9.67512717461, 0, 8
5.5, 0.0189491, 0.0049868, 2.69027279439, 0.288472720561, 8.60145661358, -1.41193759943, 0.288472720561, -0.0288472720561, -1.41193759943, -9.66545624006, 0, 8
5.5, 0.0199467, 0.0049868, 2.69027279439, 0.288472720561, 8.60145661358, -1.41193759943, 0.288472720561, -0.0288472720561, -1.41193759943, -9.66545624006, 0, 8
5.51, 0.0199467, 0.0049868, 2.69315626646, 0.288184373354, 8.5869166942, -1.50855010749, 0.288184373354, -0.0288184373354, -1.50855010749, -9.65579498925, 0, 8
5.51, 0.0199467, 0.0049868, 2.69315626646, 0.288184373354, 8.5869166942, -1.50855010749, 0.288184373354, -0.0288184373354, -1.50855010749, -9.65579498925, 0, 8
5.52, 0.0199467, 0.0049868, 2.69603684833, 0.287896315167, 8.57140840005, -1.60506577808, 0.287896315167, -0.0287896315167, -1.60506577808, -9.64614342219, 0, 8
5.52, 0.0199467, 0.0049868, 2.69603684833, 0.287896315167, 8.57140840005, -1.60506577808, 0.287896315167, -0.0287896315167, -1.60506577808, -9.64614342219, 0, 8
5.53, 0.0199467, 0.0049868, 2.69891454002, 0.287608545998, 8.55493173114, -1.70148461119, 0.287608545998, -0.0287608545998, -1.70148461119, -9.63650153888, 0, 8
5.53, 0.0199467, 0.0049868, 2.69891454002, 0.287608545998, 8.55493173114, -1.70148461119, 0.287608545998, -0.0287608545998, -1.70148461119, -9.63650153888, 0, 8
5.54, 0.0199467, 0.0049868, 2.70178934153, 0.287321065847, 8.53748668747, -1.79780660682, 0.287321065847, -0.0287321065847, -1.79780660682, -9.62686933932, 0, 8
5.54, 0.0199467, 0.0049868, 2.70178934153, 0.287321065847, 8.53748668747, -1.79780660682, 0.287321065847, -0.0287321065847, -1.79780660682, -9.62686933932, 0, 8
5.55, 0.0199467, 0.0049868, 2.70466125284, 0.287033874716, 8.51907326903, -1.89403176498, 0.287033874716, -0.0287033874716, -1.89403176498, -9.6172468235, 0, 8
5.55, 0.0199467, 0.0049868, 2.70466125284, 0.287033874716, 8.51907326903, -1.89403176498, 0.287033874716, -0.0287033874716, -1.89403176498, -9.6172468235, 0, 8
5.56, 0.0199467, 0.0049868, 2.70753027397, 0.286746972603, 8.49969147584, -1.99016008566, 0.286746972603, -0.0286746972603, -1.99016008566, -9.60763399143, 0, 8
5.56, 0.0199467, 0.0049868, 2.70753027397, 0.286746972603, 8.49969147584, -1.99016008566, 0.286746972603, -0.0286746972603, -1.99016008566, -9.60763399143, 0, 8
5.57, 0.0199467, 0.0049868, 2.71039640492, 0.286460359508, 8.47934130788, -2.08619156886, 0.286460359508, -0.0286460359508, -2.08619156886, -9.59803084311, 0, 8
5.57, 0.0199467, 0.0049868, 2.71039640492, 0.286460359508, 8.47934130788, -2.08619156886, 0.286460359508, -0.0286460359508, -2.08619156886, -9.59803084311, 0, 8
5.58, 0.0199467, 0.0049868, 2.71325964567, 0.286174035433, 8.45802276515, -2.18212621459, 0.286174035433, -0.0286174035433, -2.18212621459, -9.58843737854, 0, 8
5.58, 0.0199467, 0.0049868, 2.71325964567, 0.286174035433, 8.45802276515, -2.18212621459, 0.286174035433, -0.0286174035433, -2.18212621459, -9.58843737854, 0, 8
5.59, 0.0199467, 0.0049868, 2.71611999625, 0.285888000375, 8.43573584767, -2.27796402284, 0.285888000375, -0.0285888000375, -2.27796402284, -9.57885359772, 0, 8
5.59, 0.0199467, 0.0049868, 2.71611999625, 0.285888000375, 8.43573584767, -2.27796402284, 0.285888000375, -0.0285888000375, -2.27796402284, -9.57885359772, 0, 8
5.6, 0.0199467, 0.0049868, 2.7189775129, 0.28560224871, 8.41249940867, -2.37370687894, 0.28560224871, -0.028560224871, -2.37370687894, -9.56927931211, 0, 8
5.6, 0.0199467, 0.0049868, 2.7189775129, 0.28560224871, 8.41249940867, -2.37370687894, 0.28560224871, -0.028560224871, -2.37370687894, -9.56927931211, 0, 8
5.61, 0.0199467, 0.0049868, 2.72183237497, 0.285316762503, 8.38837353435, -2.46936079151, 0.285316762503, -0.0285316762503, -2.46936079151, -9.55971392085, 0, 8
5.61, 0.0199467, 0.0049868, 2.72183237497, 0.285316762503, 8.38837353435, -2.46936079151, 0.285316762503, -0.0285316762503, -2.46936079151, -9.55971392085, 0, 8
5.62, 0.0199467, 0.0049868, 2.72468439549, 0.285031560451, 8.36329558249, -2.56491949632, 0.285031560451, -0.0285031560451, -2.56491949632, -9.55015805037, 0, 8
5.62, 0.0199467, 0.0049868, 2.72468439549, 0.285031560451, 8.36329558249, -2.56491949632, 0.285031560451, -0.0285031560451, -2.56491949632, -9.55015805037, 0, 8
5.63, 0.0199467, 0.0049868, 2.72753357538, 0.284746642462, 8.33726585874, -2.66038302395, 0.284746642462, -0.0284746642462, -2.66038302395, -9.54061169761, 0, 8
5.63, 0.0199467, 0.0049868, 2.72753357538, 0.284746642462, 8.33726585874, -2.66038302395, 0.284746642462, -0.0284746642462, -2.66038302395, -9.54061169761, 0, 8
5.64, 0.0199467, 0.0049868, 2.73037991554, 0.284462008446, 8.31028466876, -2.75575140495, 0.284462008446, -0.0284462008446, -2.75575140495, -9.53107485951, 0, 8
5.64, 0.0199467, 0.0049868, 2.73037991554, 0.284462008446, 8.31028466876, -2.75575140495, 0.284462008446, -0.0284462008446, -2.75575140495, -9.53107485951, 0, 8
5.65, 0.0199467, 0.0049868, 2.7332234169, 0.28417765831, 8.28235231823, -2.8510246699, 0.28417765831, -0.028417765831, -2.8510246699, -9.52154753301, 0, 8
5.65, 0.0199467, 0.0049868, 2.7332234169, 0.28417765831, 8.28235231823, -2.8510246699, 0.28417765831, -0.028417765831, -2.8510246699, -9.52154753301, 0, 8
5.66, 0.0199467, 0.0049868, 2.73606408036, 0.283893591964, 8.2534691128, -2.94620284935, 0.283893591964, -0.0283893591964, -2.94620284935, -9.51202971506, 0, 8
5.66, 0.0199467, 0.0049868, 2.73606408036, 0.283893591964, 8.2534691128, -2.94620284935, 0.283893591964, -0.0283893591964, -2.94620284935, -9.51202971506, 0, 8
5.67, 0.0199467, 0.0049868, 2.73890190684, 0.283609809316, 8.22363535814, -3.04128597389, 0.283609809316, -0.0283609809316, -3.04128597389, -9.50252140261, 0, 8
5.67, 0.0199467, 0.0049868, 2.73890190684, 0.283609809316, 8.22363535814, -3.04128597389, 0.283609809316, -0.0283609809316, -3.04128597389, -9.50252140261, 0, 8
5.68, 0.0199467, 0.0049868, 2.74173689724, 0.283326310276, 8.1928513599, -3.13627407406, 0.283326310276, -0.0283326310276, -3.13627407406, -9.49302259259, 0, 8
5.68, 0.0199467, 0.0049868, 2.74173689724, 0.283326310276, 8.1928513599, -3.13627407406, 0.283326310276, -0.0283326310276, -3.13627407406, -9.49302259259, 0, 8
5.69, 0.0199467, 0.0049868, 2.74456905248, 0.283043094752, 8.16111742375, -3.23116718045, 0.283043094752, -0.0283043094752, -3.23116718045, -9.48353328196, 0, 8
5.69, 0.0199467, 0.0049868, 2.74456905248, 0.283043094752, 8.16111742375, -3.23116718045, 0.283043094752, -0.0283043094752, -3.23116718045, -9.48353328196, 0, 8
5.7, 0.0199467, 0.0049868, 2.74739837348, 0.282760162652, 8.12843385536, -3.32596532361, 0.282760162652, -0.0282760162652, -3.32596532361, -9.47405346764, 0, 8
5.7, 0.0199467, 0.0049868, 2.74739837348, 0.282760162652, 8.12843385536, -3.32596532361, 0.282760162652, -0.0282760162652, -3.32596532361, -9.47405346764, 0, 8
5.71, 0.0199467, 0.0049868, 2.75022486114, 0.282477513886, 8.09480096038, -3.42066853411, 0.282477513886, -0.0282477513886, -3.42066853411, -9.46458314659, 0, 8
5.71, 0.0199467, 0.0049868, 2.75022486114, 0.282477513886, 8.09480096038, -3.42066853411, 0.282477513886, -0.0282477513886, -3.42066853411, -9.46458314659, 0, 8
5.72, 0.0199467, 0.0049868, 2.75304851637, 0.282195148363, 8.06021904448, -3.51527684252, 0.282195148363, -0.0282195148363, -3.51527684252, -9.45512231575, 0, 8
5.72, 0.0199467, 0.0049868, 2.75304851637, 0.282195148363, 8.06021904448, -3.51527684252, 0.282195148363, -0.0282195148363, -3.51527684252, -9.45512231575, 0, 8
5.73, 0.0199467, 0.0049868, 2.7558693401, 0.28191306599, 8.02468841333, -3.60979027941, 0.28191306599, -0.028191306599, -3.60979027941, -9.44567097206, 0, 8
5.73, 0.0199467, 0.0049868, 2.7558693401, 0.28191306599, 8.02468841333, -3.60979027941, 0.28191306599, -0.028191306599, -3.60979027941, -9.44567097206, 0, 8
5.74, 0.0199467, 0.0049868, 2.75868724742, 0.281631275258, 7.99056612483, -1.7430710053, 0.281631275258, -0.0281631275258, -1.7430710053, 986.047304714, 1, 8
5.74, 0.0199467, 0.0049868, 2.75868724742, 0.281631275258, 7.99056612483, -1.7430710053, 0.281631275258, -0.0281631275258, -1.7430710053, 986.047304714, 1, 8
5.75, 0.0199467, 0.0049868, 2.76150165405, 0.281349834595, 8.00989540369, 3.1357659463, 0.281349834595, -0.0281349834595, 3.1357659463, -10.1202265946, 0, 8
5.75, 0.0209456, 0.0049868, 2.76150165405, 0.281349834595, 8.00989540369, 3.1357659463, 0.281349834595, -0.0281349834595, 3.1357659463, -10.1202265946, 0, 8
5.76, 0.0209456, 0.0049868, 2.76431237743, 0.281068762257, 8.04025490247, 3.03466349642, 0.281068762257, -0.0281068762257, 3.03466349642, -10.1101163496, 0, 8
5.76, 0.0209456, 0.0049868, 2.76431237743, 0.281068762257, 8.04025490247, 3.03466349642, 0.281068762257, -0.0281068762257, 3.03466349642, -10.1101163496, 0, 8
5.77, 0.0209456, 0.0049868, 2.76712051222, 0.280787948778, 8.06968327708, 2.93365415896, 0.280787948778, -0.0280787948778, 2.93365415896, -10.1000154159, 0, 8
5.77, 0.0209456, 0.0049868, 2.76712051222, 0.280787948778, 8.06968327708, 2.93365415896, 0.280787948778, -0.0280787948778, 2.93365415896, -10.1000154159, 0, 8
5.78, 0.0209456, 0.0049868, 2.76992655563, 0.280507344437, 8.09835937462, 2.83272004921, 0.280507344437, -0.0280507344437, 2.83272004921, -10.0899220049, 0, 8
5.78, 0.0209456, 0.0049868, 2.76992655563, 0.280507344437, 8.09835937462, 2.83272004921, 0.280507344437, -0.0280507344437, 2.83272004921, -10.0899220049, 0, 8
5.79, 0.0209456, 0.0049868, 2.77272974438, 0.280227025562, 8.12600864515, 2.73188862215, 0.280227025562, -0.0280227025562, 2.73188862215, -10.0798388622, 0, 8
5.79, 0.0209456, 0.0049868, 2.77272974438, 0.280227025562, 8.12600864515, 2.73188862215, 0.280227025562, -0.0280227025562, 2.73188862215, -10.0798388622, 0, 8
5.8, 0.0209456, 0.0049868, 2.77553044099, 0.279946955901, 8.15276148635, 2.63114683803, 0.279946955901, -0.0279946955901, 2.63114683803, -10.0697646838, 0, 8
5.8, 0.0209456, 0.0049868, 2.77553044099, 0.279946955901, 8.15276148635, 2.63114683803, 0.279946955901, -0.0279946955901, 2.63114683803, -10.0697646838, 0, 8
5.81, 0.0209456, 0.0049868, 2.77832833469, 0.279667166531, 8.17850611453, 2.53050587521, 0.279667166531, -0.0279667166531, 2.53050587521, -10.0597005875, 0, 8
5.81, 0.0209456, 0.0049868, 2.77832833469, 0.279667166531, 8.17850611453, 2.53050587521, 0.279667166531, -0.0279667166531, 2.53050587521, -10.0597005875, 0, 8
5.82, 0.0209456, 0.0049868, 2.78112351949, 0.279387648051, 8.20327634514, 2.42996235215, 0.279387648051, -0.0279387648051, 2.42996235215, -10.0496462352, 0, 8
5.82, 0.0209456, 0.0049868, 2.78112351949, 0.279387648051, 8.20327634514, 2.42996235215, 0.279387648051, -0.0279387648051, 2.42996235215, -10.0496462352, 0, 8
5.83, 0.0209456, 0.0049868, 2.78391595349, 0.279108404651, 8.22705710456, 2.32951777621, 0.279108404651, -0.0279108404651, 2.32951777621, -10.0396017776, 0, 8
5.83, 0.0209456, 0.0049868, 2.78391595349, 0.279108404651, 8.22705710456, 2.32951777621, 0.279108404651, -0.0279108404651, 2.32951777621, -10.0396017776, 0, 8
5.84, 0.0209456, 0.0049868, 2.78670560539, 0.278829439461, 8.24983713721, 2.22917327295, 0.278829439461, -0.0278829439461, 2.22917327295, -10.0295673273, 0, 8
5.84, 0.0209456, 0.0049868, 2.78670560539, 0.278829439461, 8.24983713721, 2.22917327295, 0.278829439461, -0.0278829439461, 2.22917327295, -10.0295673273, 0, 8
5.85, 0.0209456, 0.0049868, 2.78949248903, 0.278550751097, 8.27162141604, 2.12892834506, 0.278550751097, -0.0278550751097, 2.12892834506, -10.0195428345, 0, 8
5.85, 0.0209456, 0.0049868, 2.78949248903, 0.278550751097, 8.27162141604, 2.12892834506, 0.278550751097, -0.0278550751097, 2.12892834506, -10.0195428345, 0, 8
5.86, 0.0209456, 0.0049868, 2.79227657785, 0.278272342215, 8.2924003927, 2.0287839474, 0.278272342215, -0.0278272342215, 2.0287839474, -10.0095283947, 0, 8
5.86, 0.0209456, 0.0049868, 2.79227657785, 0.278272342215, 8.2924003927, 2.0287839474, 0.278272342215, -0.0278272342215, 2.0287839474, -10.0095283947, 0, 8
5.87, 0.0209456, 0.0049868, 2.79505789466, 0.277994210534, 8.3121822689, 1.92873925978, 0.277994210534, -0.0277994210534, 1.92873925978, -9.99952392598, 0, 8
5.87, 0.0209456, 0.0049868, 2.79505789466, 0.277994210534, 8.3121822689, 1.92873925978, 0.277994210534, -0.0277994210534, 1.92873925978, -9.99952392598, 0, 8
5.88, 0.0209456, 0.0049868, 2.79783643945, 0.277716356055, 8.33096704464, 1.8287942822, 0.277716356055, -0.0277716356055, 1.8287942822, -9.98952942822, 0, 8
5.88, 0.0209456, 0.0049868, 2.79783643945, 0.277716356055, 8.33096704464, 1.8287942822, 0.277716356055, -0.0277716356055, 1.8287942822, -9.98952942822, 0, 8
5.89, 0.0209456, 0.0049868, 2.80061221223, 0.277438778777, 8.34875471992, 1.72894901468, 0.277438778777, -0.0277438778777, 1.72894901468, -9.97954490147, 0, 8
5.89, 0.0209456, 0.0049868, 2.80061221223, 0.277438778777, 8.34875471992, 1.72894901468, 0.277438778777, -0.0277438778777, 1.72894901468, -9.97954490147, 0, 8
5.9, 0.0209456, 0.0049868, 2.80338521947, 0.277161478053, 8.3655476227, 1.6292032244, 0.277161478053, -0.0277161478053, 1.6292032244, -9.96957032244, 0, 8
5.9, 0.0209456, 0.0049868, 2.80338521947, 0.277161478053, 8.3655476227, 1.6292032244, 0.277161478053, -0.0277161478053, 1.6292032244, -9.96957032244, 0, 8
5.91, 0.0209456, 0.0049868, 2.80615550873, 0.276884449127, 8.38136286153, 1.52955520051, 0.276884449127, -0.0276884449127, 1.52955520051, -9.95960552005, 0, 8
5.91, 0.0209456, 0.0049868, 2.80615550873, 0.276884449127, 8.38136286153, 1.52955520051, 0.276884449127, -0.0276884449127, 1.52955520051, -9.95960552005, 0, 8
5.92, 0.0209456, 0.0049868, 2.80892303598, 0.276607696402, 8.39618459955, 1.43000652671, 0.276607696402, -0.0276607696402, 1.43000652671, -9.94965065267, 0, 8
5.92, 0.0209456, 0.0049868, 2.80892303598, 0.276607696402, 8.39618459955, 1.43000652671, 0.276607696402, -0.0276607696402, 1.43000652671, -9.94965065267, 0, 8
5.93, 0.0209456, 0.0049868, 2.81168780123, 0.276331219877, 8.41001283678, 1.33055720299, 0.276331219877, -0.0276331219877, 1.33055720299, -9.9397057203, 0, 8
5.93, 0.0209456, 0.0049868, 2.81168780123, 0.276331219877, 8.41001283678, 1.33055720299, 0.276331219877, -0.0276331219877, 1.33055720299, -9.9397057203, 0, 8
5.94, 0.0209456, 0.0049868, 2.81444980447, 0.276055019553, 8.42284757322, 1.23120722935, 0.276055019553, -0.0276055019553, 1.23120722935, -9.92977072293, 0, 8
5.94, 0.0209456, 0.0049868, 2.81444980447, 0.276055019553, 8.42284757322, 1.23120722935, 0.276055019553, -0.0276055019553, 1.23120722935, -9.92977072293, 0, 8
5.95, 0.0209456, 0.0049868, 2.8172090457, 0.27577909543, 8.43468880886, 1.13195660578, 0.27577909543, -0.027577909543, 1.13195660578, -9.91984566058, 0, 8
5.95, 0.0209456, 0.0049868, 2.8172090457, 0.27577909543, 8.43468880886, 1.13195660578, 0.27577909543, -0.027577909543, 1.13195660578, -9.91984566058, 0, 8
5.96, 0.0209456, 0.0049868, 2.81996552493, 0.275503447507, 8.4455365437, 1.0328053323, 0.275503447507, -0.0275503447507, 1.0328053323, -9.90993053323, 0, 8
5.96, 0.0209456, 0.0049868, 2.81996552493, 0.275503447507, 8.4455365437, 1.0328053323, 0.275503447507, -0.0275503447507, 1.0328053323, -9.90993053323, 0, 8
5.97, 0.0209456, 0.0049868, 2.82271924215, 0.275228075785, 8.45539077774, 0.933753408893, 0.275228075785, -0.0275228075785, 0.933753408893, -9.90002534089, 0, 8
5.97, 0.0209456, 0.0049868, 2.82271924215, 0.275228075785, 8.45539077774, 0.933753408893, 0.275228075785, -0.0275228075785, 0.933753408893, -9.90002534089, 0, 8
5.98, 0.0209456, 0.0049868, 2.82547019737, 0.274952980263, 8.46425151099, 0.834800835568, 0.274952980263, -0.0274952980263, 0.834800835568, -9.89013008356, 0, 8
5.98, 0.0209456, 0.0049868, 2.82547019737, 0.274952980263, 8.46425151099, 0.834800835568, 0.274952980263, -0.0274952980263, 0.834800835568, -9.89013008356, 0, 8
5.99, 0.021942, 0.0059832, 2.82821839058, 0.274678160942, 8.47211874344, 0.735947612323, 0.274678160942, -0.0274678160942, 0.735947612323, -9.88024476123, 0, 8
5.99, 0.021942, 0.0059832, 2.82821839058, 0.274678160942, 8.47211874344, 0.735947612323, 0.274678160942, -0.0274678160942, 0.735947612323, -9.88024476123, 0, 8
6, 0.021942, 0.0059832, 2.83096382178, 0.274403617822, 8.4789924751, 0.637193739157, 0.274403617822, -0.0274403617822, 0.637193739157, -9.87036937392, 0, 8
6, 0.021942, 0.0059832, 2.83096382178, 0.274403617822, 8.4789924751, 0.637193739157, 0.274403617822, -0.0274403617822, 0.637193739157, -9.87036937392, 0, 8
6.01, 0.021942, 0.0059832, 2.83370652459, 0.274129347541, 8.48488479551, 0.538538007116, 0.274129347541, -0.0274129347541, 0.538538007116, -9.86050380071, 0, 8
6.01, 0.021942, 0.0059832, 2.83370652459, 0.274129347541, 8.48488479551, 0.538538007116, 0.274129347541, -0.0274129347541, 0.538538007116, -9.86050380071, 0, 8
6.02, 0.021942, 0.0059832, 2.83644657512, 0.273855342488, 8.48982308634, 0.439977678033, 0.273855342488, -0.0273855342488, 0.439977678033, -9.8506477678, 0, 8
6.02, 0.021942, 0.0059832, 2.83644657512, 0.273855342488, 8.48982308634, 0.439977678033, 0.273855342488, -0.0273855342488, 0.439977678033, -9.8506477678, 0, 8
6.03, 0.021942, 0.0059832, 2.83918388681, 0.273581611319, 8.49377620679, 0.341515865988, 0.273581611319, -0.0273581611319, 0.341515865988, -9.8408015866, 0, 8
6.03, 0.021942, 0.0059832, 2.83918388681, 0.273581611319, 8.49377620679, 0.341515865988, 0.273581611319, -0.0273581611319, 0.341515865988, -9.8408015866, 0, 8
6.04, 0.021942, 0.0059832, 2.84191845965, 0.273308154035, 8.49674415685, 0.243152570982, 0.273308154035, -0.0273308154035, 0.243152570982, -9.8309652571, 0, 8
6.04, 0.021942, 0.0059832, 2.84191845965, 0.273308154035, 8.49674415685, 0.243152570982, 0.273308154035, -0.0273308154035, 0.243152570982, -9.8309652571, 0, 8
6.05, 0.021942, 0.0059832, 2.84465029364, 0.273034970636, 8.49872693653, 0.144887793014, 0.273034970636, -0.0273034970636, 0.144887793014, -9.8211387793, 0, 8
6.05, 0.021942, 0.0059832, 2.84465029364, 0.273034970636, 8.49872693653, 0.144887793014, 0.273034970636, -0.0273034970636, 0.144887793014, -9.8211387793, 0, 8
6.06, 0.021942, 0.0059832, 2.84737938879, 0.272762061121, 8.49972454582, 0.0467215320847, 0.272762061121, -0.0272762061121, 0.0467215320847, -9.81132215321, 0, 8
6.06, 0.021942, 0.0059832, 2.84737938879, 0.272762061121, 8.49972454582, 0.0467215320847, 0.272762061121, -0.0272762061121, 0.0467215320847, -9.81132215321, 0, 8
6.07, 0.021942, 0.0059832, 2.85010574509, 0.272489425491, 8.49973698473, -0.0513462118062, 0.272489425491, -0.0272489425491, -0.0513462118062, -9.80151537882, 0, 8
6.07, 0.021942, 0.0059832, 2.85010574509, 0.272489425491, 8.49973698473, -0.0513462118062, 0.272489425491, -0.0272489425491, -0.0513462118062, -9.80151537882, 0, 8
6.08, 0.021942, 0.0059832, 2.85282936254, 0.272217063746, 8.49876425326, -0.149315438659, 0.272217063746, -0.0272217063746, -0.149315438659, -9.79171845613, 0, 8
6.08, 0.021942, 0.0059832, 2.85282936254, 0.272217063746, 8.49876425326, -0.149315438659, 0.272217063746, -0.0272217063746, -0.149315438659, -9.79171845613, 0, 8
6.09, 0.021942, 0.0059832, 2.85555024114, 0.271944975886, 8.4968063514, -0.247186148473, 0.271944975886, -0.0271944975886, -0.247186148473, -9.78193138515, 0, 8
6.09, 0.021942, 0.0059832, 2.85555024114, 0.271944975886, 8.4968063514, -0.247186148473, 0.271944975886, -0.0271944975886, -0.247186148473, -9.78193138515, 0, 8
6.1, 0.021942, 0.0059832, 2.8582683809, 0.27167316191, 8.49386327915, -0.344958341248, 0.27167316191, -0.027167316191, -0.344958341248, -9.77215416588, 0, 8
6.1, 0.021942, 0.0059832, 2.8582683809, 0.27167316191, 8.49386327915, -0.344958341248, 0.27167316191, -0.027167316191, -0.344958341248, -9.77215416588, 0, 8
6.11, 0.021942, 0.0059832, 2.86098378181, 0.271401621819, 8.48993503653, -0.442632016985, 0.271401621819, -0.0271401621819, -0.442632016985, -9.7623867983, 0, 8
6.11, 0.021942, 0.0059832, 2.86098378181, 0.271401621819, 8.48993503653, -0.442632016985, 0.271401621819, -0.0271401621819, -0.442632016985, -9.7623867983, 0, 8
6.12, 0.021942, 0.0059832, 2.86369650612, 0.271130349388, 8.48504401354, -0.540209414686, 0.271130349388, -0.0271130349388, -0.540209414686, -9.75262905853, 0, 8
6.12, 0.021942, 0.0059832, 2.86369650612, 0.271130349388, 8.48504401354, -0.540209414686, 0.271130349388, -0.0271130349388, -0.540209414686, -9.75262905853, 0, 8
6.13, 0.021942, 0.0059832, 2.86640660251, 0.270859339749, 8.47920771917, -0.63769228525, 0.270859339749, -0.0270859339749, -0.63769228525, -9.74288077148, 0, 8
6.13, 0.021942, 0.0059832, 2.86640660251, 0.270859339749, 8.47920771917, -0.63769228525, 0.270859339749, -0.0270859339749, -0.63769228525, -9.74288077148, 0, 8
6.14, 0.021942, 0.0059832, 2.86911398739, 0.270588601261, 8.47239609056, -0.735077622389, 0.270588601261, -0.0270588601261, -0.735077622389, -9.73314223776, 0, 8
6.14, 0.021942, 0.0059832, 2.86911398739, 0.270588601261, 8.47239609056, -0.735077622389, 0.270588601261, -0.0270588601261, -0.735077622389, -9.73314223776, 0, 8
6.15, 0.021942, 0.0059832, 2.87181866077, 0.270318133923, 8.4646091277, -0.832365426103, 0.270318133923, -0.0270318133923, -0.832365426103, -9.72341345739, 0, 8
6.15, 0.021942, 0.0059832, 2.87181866077, 0.270318133923, 8.4646091277, -0.832365426103, 0.270318133923, -0.0270318133923, -0.832365426103, -9.72341345739, 0, 8
6.16, 0.021942, 0.0059832, 2.87452062265, 0.270047937735, 8.45584683059, -0.929555696392, 0.270047937735, -0.0270047937735, -0.929555696392, -9.71369443036, 0, 8
6.16, 0.021942, 0.0059832, 2.87452062265, 0.270047937735, 8.45584683059, -0.929555696392, 0.270047937735, -0.0270047937735, -0.929555696392, -9.71369443036, 0, 8
6.17, 0.021942, 0.0059832, 2.87721987303, 0.269778012697, 8.44610919923, -1.02664843326, 0.269778012697, -0.0269778012697, -1.02664843326, -9.70398515667, 0, 8
6.17, 0.021942, 0.0059832, 2.87721987303, 0.269778012697, 8.44610919923, -1.02664843326, 0.269778012697, -0.0269778012697, -1.02664843326, -9.70398515667, 0, 8
6.18, 0.021942, 0.0059832, 2.8799164119, 0.26950835881, 8.43539623363, -1.1236436367, 0.26950835881, -0.026950835881, -1.1236436367, -9.69428563633, 0, 8
6.18, 0.021942, 0.0059832, 2.8799164119, 0.26950835881, 8.43539623363, -1.1236436367, 0.26950835881, -0.026950835881, -1.1236436367, -9.69428563633, 0, 8
6.19, 0.021942, 0.0059832, 2.88261023928, 0.269238976072, 8.42370793377, -1.22054130671, 0.269238976072, -0.0269238976072, -1.22054130671, -9.68459586933, 0, 8
6.19, 0.021942, 0.0059832, 2.88261023928, 0.269238976072, 8.42370793377, -1.22054130671, 0.269238976072, -0.0269238976072, -1.22054130671, -9.68459586933, 0, 8
6.2, 0.021942, 0.0059832, 2.88530135515, 0.268969864485, 8.41104429967, -1.3173414433, 0.268969864485, -0.0268969864485, -1.3173414433, -9.67491585567, 0, 8
6.2, 0.021942, 0.0059832, 2.88530135515, 0.268969864485, 8.41104429967, -1.3173414433, 0.268969864485, -0.0268969864485, -1.3173414433, -9.67491585567, 0, 8
6.21, 0.021942, 0.0059832, 2.88798975952, 0.268701024048, 8.39740533132, -1.41404404646, 0.268701024048, -0.0268701024048, -1.41404404646, -9.66524559535, 0, 8
6.21, 0.021942, 0.0059832, 2.88798975952, 0.268701024048, 8.39740533132, -1.41404404646, 0.268701024048, -0.0268701024048, -1.41404404646, -9.66524559535, 0, 8
6.22, 0.021942, 0.0059832, 2.89067545239, 0.268432454761, 8.38279102872, -1.5106491162, 0.268432454761, -0.0268432454761, -1.5106491162, -9.65558508838, 0, 8
6.22, 0.021942, 0.0059832, 2.89067545239, 0.268432454761, 8.38279102872, -1.5106491162, 0.268432454761, -0.0268432454761, -1.5106491162, -9.65558508838, 0, 8
6.23, 0.021942, 0.0059832, 2.89335852284, 0.268164147716, 8.36723343388, -1.60715985672, 0.268164147716, -0.0268164147716, -1.60715985672, -9.64593401433, 0, 8
6.23, 0.021942, 0.0059832, 2.89335852284, 0.268164147716, 8.36723343388, -1.60715985672, 0.268164147716, -0.0268164147716, -1.60715985672, -9.64593401433, 0, 8
6.24, 0.021942, 0.0059832, 2.89603897748, 0.267896102252, 8.35073492968, -1.7035765063, 0.267896102252, -0.0267896102252, -1.7035765063, -9.63629234937, 0, 8
6.24, 0.021942, 0.0059832, 2.89603897748, 0.267896102252, 8.35073492968, -1.7035765063, 0.267896102252, -0.0267896102252, -1.7035765063, -9.63629234937, 0, 8
6.25, 0.021942, 0.0059832, 2.89871674916, 0.267628325084, 8.33327135499, -1.79989664883, 0.267628325084, -0.0267628325084, -1.79989664883, -9.62666033512, 0, 8
6.25, 0.021942, 0.0059832, 2.89871674916, 0.267628325084, 8.33327135499, -1.79989664883, 0.267628325084, -0.0267628325084, -1.79989664883, -9.62666033512, 0, 8
6.26, 0.021942, 0.0059832, 2.90139183787, 0.267360816213, 8.31484270981, -1.89612028431, 0.267360816213, -0.0267360816213, -1.89612028431, -9.61703797157, 0, 8
6.26, 0.021942, 0.0059832, 2.90139183787, 0.267360816213, 8.31484270981, -1.89612028431, 0.267360816213, -0.0267360816213, -1.89612028431, -9.61703797157, 0, 8
6.27, 0.021942, 0.0059832, 2.90406424362, 0.267093575638, 8.29544899413, -1.99224741275, 0.267093575638, -0.0267093575638, -1.99224741275, -9.60742525873, 0, 8
6.27, 0.021942, 0.0059832, 2.90406424362, 0.267093575638, 8.29544899413, -1.99224741275, 0.267093575638, -0.0267093575638, -1.99224741275, -9.60742525873, 0, 8
6.28, 0.021942, 0.0059832, 2.9067339664, 0.26682660336, 8.27509020796, -2.08827803413, 0.26682660336, -0.026682660336, -2.08827803413, -9.59782219659, 0, 8
6.28, 0.021942, 0.0059832, 2.9067339664, 0.26682660336, 8.27509020796, -2.08827803413, 0.26682660336, -0.026682660336, -2.08827803413, -9.59782219659, 0, 8
6.29, 0.021942, 0.0059832, 2.9094010062, 0.26655989938, 8.25376635131, -2.18421214846, 0.26655989938, -0.026655989938, -2.18421214846, -9.58822878515, 0, 8
6.29, 0.021942, 0.0059832, 2.9094010062, 0.26655989938, 8.25376635131, -2.18421214846, 0.26655989938, -0.026655989938, -2.18421214846, -9.58822878515, 0, 8
6.3, 0.0229389, 0.0069801, 2.91206536304, 0.266293463696, 8.23147742416, -2.28004975575, 0.266293463696, -0.0266293463696, -2.28004975575, -9.57864502443, 0, 8
6.3, 0.0229389, 0.0069801, 2.91206536304, 0.266293463696, 8.23147742416, -2.28004975575, 0.266293463696, -0.0266293463696, -2.28004975575, -9.57864502443, 0, 8
6.31, 0.0229389, 0.0069801, 2.91472703692, 0.266027296308, 8.20822342651, -2.37579085598, 0.266027296308, -0.0266027296308, -2.37579085598, -9.5690709144, 0, 8
6.31, 0.0229389, 0.0069801, 2.91472703692, 0.266027296308, 8.20822342651, -2.37579085598, 0.266027296308, -0.0266027296308, -2.37579085598, -9.5690709144, 0, 8
6.32, 0.0229389, 0.0069801, 2.91738602782, 0.265761397218, 8.18400435838, -2.47143544917, 0.265761397218, -0.0265761397218, -2.47143544917, -9.55950645508, 0, 8
6.32, 0.0229389, 0.0069801, 2.91738602782, 0.265761397218, 8.18400435838, -2.47143544917, 0.265761397218, -0.0265761397218, -2.47143544917, -9.55950645508, 0, 8
6.33, 0.0229389, 0.0069801, 2.92004233576, 0.265495766424, 8.15882021976, -2.56698353531, 0.265495766424, -0.0265495766424, -2.56698353531, -9.54995164647, 0, 8
6.33, 0.0229389, 0.0069801, 2.92004233576, 0.265495766424, 8.15882021976, -2.56698353531, 0.265495766424, -0.0265495766424, -2.56698353531, -9.54995164647, 0, 8
6.34, 0.0229389, 0.0069801, 2.9226961187, 0.26523038813, 8.13272783377, -2.66244079671, 0.26523038813, -0.026523038813, -2.66244079671, -9.54040592033, 0, 8
6.34, 0.0229389, 0.0069801, 2.9226961187, 0.26523038813, 8.13272783377, -2.66244079671, 0.26523038813, -0.026523038813, -2.66244079671, -9.54040592033, 0, 8
6.35, 0.0229389, 0.0069801, 2.92534732572, 0.264965267428, 8.10570887985, -2.75780540132, 0.264965267428, -0.0264965267428, -2.75780540132, -9.53086945987, 0, 8
6.35, 0.0229389, 0.0069801, 2.92534732572, 0.264965267428, 8.10570887985, -2.75780540132, 0.264965267428, -0.0264965267428, -2.75780540132, -9.53086945987, 0, 8
6.36, 0.0229389, 0.0069801, 2.92799589342, 0.264700410658, 8.07774055751, -2.85307506908, 0.264700410658, -0.0264700410658, -2.85307506908, -9.52134249309, 0, 8
6.36, 0.0229389, 0.0069801, 2.92799589342, 0.264700410658, 8.07774055751, -2.85307506908, 0.264700410658, -0.0264700410658, -2.85307506908, -9.52134249309, 0, 8
6.37, 0.0229389, 0.0069801, 2.9306418226, 0.26443581774, 8.04882315285, -2.94824982862, 0.26443581774, -0.026443581774, -2.94824982862, -9.51182501714, 0, 8
6.37, 0.0229389, 0.0069801, 2.9306418226, 0.26443581774, 8.04882315285, -2.94824982862, 0.26443581774, -0.026443581774, -2.94824982862, -9.51182501714, 0, 8
6.38, 0.0229389, 0.0069801, 2.93328511405, 0.264171488595, 8.01895695198, -3.04332970853, 0.264171488595, -0.0264171488595, -3.04332970853, -9.50231702915, 0, 8
6.38, 0.0229389, 0.0069801, 2.93328511405, 0.264171488595, 8.01895695198, -3.04332970853, 0.264171488595, -0.0264171488595, -3.04332970853, -9.50231702915, 0, 8
6.39, 0.0229389, 0.0069801, 2.93592566885, 0.263907433115, 7.991288084, -0.950712707215, 0.263907433115, -0.0263907433115, -0.950712707215, 890.001402075, 1, 8
6.39, 0.0229389, 0.0069801, 2.93592566885, 0.263907433115, 7.991288084, -0.950712707215, 0.263907433115, -0.0263907433115, -0.950712707215, 890.001402075, 1, 8
6.4, 0.0229389, 0.0069801, 2.93856286041, 0.263643713959, 8.00985751596, 2.63640086902, 0.263643713959, -0.0263643713959, 2.63640086902, -10.0702900869, 0, 8
6.4, 0.0229389, 0.0069801, 2.93856286041, 0.263643713959, 8.00985751596, 2.63640086902, 0.263643713959, -0.0263643713959, 2.63640086902, -10.0702900869, 0, 8
6.41, 0.0229389, 0.0069801, 2.94119666498, 0.263380333502, 8.03521597136, 2.53579852348, 0.263380333502, -0.0263380333502, 2.53579852348, -10.0602298523, 0, 8
6.41, 0.0229389, 0.0069801, 2.94119666498, 0.263380333502, 8.03521597136, 2.53579852348, 0.263380333502, -0.0263380333502, 2.53579852348, -10.0602298523, 0, 8
6.42, 0.0229389, 0.0069801, 2.94382805863, 0.263117194137, 8.05965353887, 2.43528826673, 0.263117194137, -0.0263117194137, 2.43528826673, -10.0501788267, 0, 8
6.42, 0.0229389, 0.0069801, 2.94382805863, 0.263117194137, 8.05965353887, 2.43528826673, 0.263117194137, -0.0263117194137, 2.43528826673, -10.0501788267, 0, 8
6.43, 0.0229389, 0.0069801, 2.94645750621, 0.262854249379, 8.08334777411, 2.3348523432, 0.262854249379, -0.0262854249379, 2.3348523432, -10.0401352343, 0, 8
6.43, 0.0229389, 0.0069801, 2.94645750621, 0.262854249379, 8.08334777411, 2.3348523432, 0.262854249379, -0.0262854249379, 2.3348523432, -10.0401352343, 0, 8
6.44, 0.0229389, 0.0069801, 2.94908426511, 0.262591573489, 8.10601502819, 2.23451911779, 0.262591573489, -0.0262591573489, 2.23451911779, -10.0301019118, 0, 8
6.44, 0.0229389, 0.0069801, 2.94908426511, 0.262591573489, 8.10601502819, 2.23451911779, 0.262591573489, -0.0262591573489, 2.23451911779, -10.0301019118, 0, 8
6.45, 0.0229389, 0.0069801, 2.9517086888, 0.26232913112, 8.12779030605, 2.13427509001, 0.26232913112, -0.026232913112, 2.13427509001, -10.020077509, 0, 8
6.45, 0.0229389, 0.0069801, 2.9517086888, 0.26232913112, 8.12779030605, 2.13427509001, 0.26232913112, -0.026232913112, 2.13427509001, -10.020077509, 0, 8
6.46, 0.0229389, 0.0069801, 2.95433050662, 0.262066949338, 8.14857023597, 2.03413059702, 0.262066949338, -0.0262066949338, 2.03413059702, -10.0100630597, 0, 8
6.46, 0.0229389, 0.0069801, 2.95433050662, 0.262066949338, 8.14857023597, 2.03413059702, 0.262066949338, -0.0262066949338, 2.03413059702, -10.0100630597, 0, 8
6.47, 0.0229389, 0.0069801, 2.9569497734, 0.26180502266, 8.16837575283, 1.93408354533, 0.26180502266, -0.026180502266, 1.93408354533, -10.0000583545, 0, 8
6.47, 0.0229389, 0.0069801, 2.9569497734, 0.26180502266, 8.16837575283, 1.93408354533, 0.26180502266, -0.026180502266, 1.93408354533, -10.0000583545, 0, 8
6.48, 0.0229389, 0.0069801, 2.95956647242, 0.261543352758, 8.18720047385, 1.83413457323, 0.261543352758, -0.0261543352758, 1.83413457323, -9.99006345732, 0, 8
6.48, 0.0229389, 0.0069801, 2.95956647242, 0.261543352758, 8.18720047385, 1.83413457323, 0.261543352758, -0.0261543352758, 1.83413457323, -9.99006345732, 0, 8
6.49, 0.0229389, 0.0069801, 2.96218055984, 0.261281944016, 8.20502765158, 1.73428535545, 0.261281944016, -0.0261281944016, 1.73428535545, -9.98007853555, 0, 8
6.49, 0.0229389, 0.0069801, 2.96218055984, 0.261281944016, 8.20502765158, 1.73428535545, 0.261281944016, -0.0261281944016, 1.73428535545, -9.98007853555, 0, 8
6.5, 0.0229389, 0.0069801, 2.96479205869, 0.261020794131, 8.22186608531, 1.63453501208, 0.261020794131, -0.0261020794131, 1.63453501208, -9.97010350121, 0, 8
6.5, 0.0229389, 0.0069801, 2.96479205869, 0.261020794131, 8.22186608531, 1.63453501208, 0.261020794131, -0.0261020794131, 1.63453501208, -9.97010350121, 0, 8
6.51, 0.0229389, 0.0069801, 2.9674009357, 0.26075990643, 8.23770306482, 1.53488481413, 0.26075990643, -0.026075990643, 1.53488481413, -9.96013848141, 0, 8
6.51, 0.0229389, 0.0069801, 2.9674009357, 0.26075990643, 8.23770306482, 1.53488481413, 0.26075990643, -0.026075990643, 1.53488481413, -9.96013848141, 0, 8
6.52, 0.0229389, 0.0069801, 2.97000721549, 0.260499278451, 8.25254799594, 1.43533382102, 0.260499278451, -0.0260499278451, 1.43533382102, -9.9501833821, 0, 8
6.52, 0.0229389, 0.0069801, 2.97000721549, 0.260499278451, 8.25254799594, 1.43533382102, 0.260499278451, -0.0260499278451, 1.43533382102, -9.9501833821, 0, 8
6.53, 0.0229389, 0.0069801, 2.97261089807, 0.260238910193, 8.26640087867, 1.33588203275, 0.260238910193, -0.0260238910193, 1.33588203275, -9.94023820327, 0, 8
6.53, 0.0229389, 0.0069801, 2.97261089807, 0.260238910193, 8.26640087867, 1.33588203275, 0.260238910193, -0.0260238910193, 1.33588203275, -9.94023820327, 0, 8
6.54, 0.0229389, 0.0069801, 2.97521198342, 0.259978801658, 8.27926171301, 1.23652944931, 0.259978801658, -0.0259978801658, 1.23652944931, -9.93030294493, 0, 8
6.54, 0.0229389, 0.0069801, 2.97521198342, 0.259978801658, 8.27926171301, 1.23652944931, 0.259978801658, -0.0259978801658, 1.23652944931, -9.93030294493, 0, 8
6.55, 0.0229389, 0.0069801, 2.97781047156, 0.259718952844, 8.29113049895, 1.13727607072, 0.259718952844, -0.0259718952844, 1.13727607072, -9.92037760707, 0, 8
6.55, 0.0229389, 0.0069801, 2.97781047156, 0.259718952844, 8.29113049895, 1.13727607072, 0.259718952844, -0.0259718952844, 1.13727607072, -9.92037760707, 0, 8
6.56, 0.023936, 0.0069801, 2.98040641586, 0.259459358414, 8.30202762498, 1.03811985811, 0.259459358414, -0.0259459358414, 1.03811985811, -9.91046198581, 0, 8
6.56, 0.023936, 0.0069801, 2.98040641586, 0.259459358414, 8.30202762498, 1.03811985811, 0.259459358414, -0.0259459358414, 1.03811985811, -9.91046198581, 0, 8
6.57, 0.023936, 0.0069801, 2.98299977418, 0.259200022582, 8.31193699434, 0.939062421178, 0.259200022582, -0.0259200022582, 0.939062421178, -9.90055624212, 0, 8
6.57, 0.023936, 0.0069801, 2.98299977418, 0.259200022582, 8.31193699434, 0.939062421178, 0.259200022582, -0.0259200022582, 0.939062421178, -9.90055624212, 0, 8
6.58, 0.023936, 0.0069801, 2.98559054468, 0.258940945532, 8.32085790264, 0.840103830348, 0.258940945532, -0.0258940945532, 0.840103830348, -9.89066038303, 0, 8
6.58, 0.023936, 0.0069801, 2.98559054468, 0.258940945532, 8.32085790264, 0.840103830348, 0.258940945532, -0.0258940945532, 0.840103830348, -9.89066038303, 0, 8
6.59, 0.023936, 0.0069801, 2.98817872734, 0.258682127266, 8.32879034988, 0.741244085624, 0.258682127266, -0.0258682127266, 0.741244085624, -9.88077440856, 0, 8
6.59, 0.023936, 0.0069801, 2.98817872734, 0.258682127266, 8.32879034988, 0.741244085624, 0.258682127266, -0.0258682127266, 0.741244085624, -9.88077440856, 0, 8
6.6, 0.023936, 0.0069801, 2.99076432219, 0.258423567781, 8.33573433606, 0.642483187007, 0.258423567781, -0.0258423567781, 0.642483187007, -9.8708983187, 0, 8
6.6, 0.023936, 0.0069801, 2.99076432219, 0.258423567781, 8.33573433606, 0.642483187007, 0.258423567781, -0.0258423567781, 0.642483187007, -9.8708983187, 0, 8
6.61, 0.023936, 0.0069801, 2.9933473292, 0.25816526708, 8.34168986117, 0.543821134495, 0.25816526708, -0.025816526708, 0.543821134495, -9.86103211345, 0, 8
6.61, 0.023936, 0.0069801, 2.9933473292, 0.25816526708, 8.34168986117, 0.543821134495, 0.25816526708, -0.025816526708, 0.543821134495, -9.86103211345, 0, 8
6.62, 0.023936, 0.0069801, 2.99592774839, 0.257907225161, 8.34665692522, 0.445257928091, 0.257907225161, -0.0257907225161, 0.445257928091, -9.85117579281, 0, 8
6.62, 0.023936, 0.0069801, 2.99592774839, 0.257907225161, 8.34665692522, 0.445257928091, 0.257907225161, -0.0257907225161, 0.445257928091, -9.85117579281, 0, 8
6.63, 0.023936, 0.0069801, 2.99850557976, 0.257649442024, 8.3506355282, 0.346793567792, 0.257649442024, -0.0257649442024, 0.346793567792, -9.84132935678, 0, 8
6.63, 0.023936, 0.0069801, 2.99850557976, 0.257649442024, 8.3506355282, 0.346793567792, 0.257649442024, -0.0257649442024, 0.346793567792, -9.84132935678, 0, 8
6.64, 0.023936, 0.0069801, 3.00108026847, 0.257391973153, 8.35341374381, 0.248449246231, 0.257391973153, -0.0257391973153, 0.248449246231, -9.83149492462, 0, 7
6.64, 0.023936, 0.0069801, 3.00108026847, 0.257391973153, 8.35341374381, 0.248449246231, 0.257391973153, -0.0257391973153, 0.248449246231, -9.83149492462, 0, 7
6.65, 0.023936, 0.0069801, 3.00365166006, 0.257134833994, 8.35493257337, 0.150230863275, 0.257134833994, -0.0257134833994, 0.150230863275, -9.82167308633, 0, 7
6.65, 0.023936, 0.0069801, 3.00365166006, 0.257134833994, 8.35493257337, 0.150230863275, 0.257134833994, -0.0257134833994, 0.150230863275, -9.82167308633, 0, 7
6.66, 0.023936, 0.0069801, 3.0062208576, 0.25687791424, 8.35561335116, 0.0520962854962, 0.25687791424, -0.025687791424, 0.0520962854962, -9.81185962855, 0, 7
6.66, 0.023936, 0.0069801, 3.0062208576, 0.25687791424, 8.35561335116, 0.0520962854962, 0.25687791424, -0.025687791424, 0.0520962854962, -9.81185962855, 0, 7
6.67, 0.023936, 0.0069801, 3.00878796733, 0.256621203267, 8.3554966552, -0.0459585449079, 0.256621203267, -0.0256621203267, -0.0459585449079, -9.80205414551, 0, 7
6.67, 0.023936, 0.0069801, 3.00878796733, 0.256621203267, 8.3554966552, -0.0459585449079, 0.256621203267, -0.0256621203267, -0.0459585449079, -9.80205414551, 0, 7
6.68, 0.023936, 0.0069801, 3.01135254807, 0.256364745193, 8.35441397054, -0.143916776441, 0.256364745193, -0.0256364745193, -0.143916776441, -9.79225832236, 0, 7
6.68, 0.023936, 0.0069801, 3.01135254807, 0.256364745193, 8.35441397054, -0.143916776441, 0.256364745193, -0.0256364745193, -0.143916776441, -9.79225832236, 0, 7
6.69, 0.023936, 0.0069801, 3.01391478684, 0.256108521316, 8.35243673304, -0.241785552691, 0.256108521316, -0.0256108521316, -0.241785552691, -9.78247144473, 0, 7
6.69, 0.023936, 0.0069801, 3.01391478684, 0.256108521316, 8.35243673304, -0.241785552691, 0.256108521316, -0.0256108521316, -0.241785552691, -9.78247144473, 0, 7
6.7, 0.023936, 0.0069801, 3.0164744583, 0.25585255417, 8.34947887263, -0.33955626665, 0.25585255417, -0.025585255417, -0.33955626665, -9.77269437333, 0, 7
6.7, 0.023936, 0.0069801, 3.0164744583, 0.25585255417, 8.34947887263, -0.33955626665, 0.25585255417, -0.025585255417, -0.33955626665, -9.77269437333, 0, 7
6.71, 0.023936, 0.0069801, 3.01903166075, 0.255596833925, 8.34557793309, -0.437232672696, 0.255596833925, -0.0255596833925, -0.437232672696, -9.76292673273, 0, 7
6.71, 0.023936, 0.0069801, 3.01903166075, 0.255596833925, 8.34557793309, -0.437232672696, 0.255596833925, -0.0255596833925, -0.437232672696, -9.76292673273, 0, 7
6.72, 0.023936, 0.0069801, 3.0215863039, 0.25534136961, 8.3406994293, -0.534811322318, 0.25534136961, -0.025534136961, -0.534811322318, -9.75316886777, 0, 7
6.72, 0.023936, 0.0069801, 3.0215863039, 0.25534136961, 8.3406994293, -0.534811322318, 0.25534136961, -0.025534136961, -0.534811322318, -9.75316886777, 0, 7
6.73, 0.023936, 0.0069801, 3.02413842289, 0.255086157711, 8.33485678251, -0.632293557639, 0.255086157711, -0.0255086157711, -0.632293557639, -9.74342064424, 0, 7
6.73, 0.023936, 0.0069801, 3.02413842289, 0.255086157711, 8.33485678251, -0.632293557639, 0.255086157711, -0.0255086157711, -0.632293557639, -9.74342064424, 0, 7
6.74, 0.023936, 0.0069801, 3.02668798629, 0.254831201371, 8.32803798842, -0.729678178229, 0.254831201371, -0.0254831201371, -0.729678178229, -9.73368218218, 0, 7
6.74, 0.023936, 0.0069801, 3.02668798629, 0.254831201371, 8.32803798842, -0.729678178229, 0.254831201371, -0.0254831201371, -0.729678178229, -9.73368218218, 0, 7
6.75, 0.023936, 0.0069801, 3.02923500664, 0.254576499336, 8.32024783703, -0.826965663091, 0.254576499336, -0.0254576499336, -0.826965663091, -9.72395343369, 0, 7
6.75, 0.023936, 0.0069801, 3.02923500664, 0.254576499336, 8.32024783703, -0.826965663091, 0.254576499336, -0.0254576499336, -0.826965663091, -9.72395343369, 0, 7
6.76, 0.023936, 0.0069801, 3.0317794895, 0.25432205105, 8.31148844853, -0.92415622424, 0.25432205105, -0.025432205105, -0.92415622424, -9.71423437758, 0, 7
6.76, 0.023936, 0.0069801, 3.0317794895, 0.25432205105, 8.31148844853, -0.92415622424, 0.25432205105, -0.025432205105, -0.92415622424, -9.71423437758, 0, 7
6.77, 0.023936, 0.0069801, 3.03432143486, 0.254067856514, 8.30175982291, -1.02124986168, 0.254067856514, -0.0254067856514, -1.02124986168, -9.70452501383, 0, 7
6.77, 0.023936, 0.0069801, 3.03432143486, 0.254067856514, 8.30175982291, -1.02124986168, 0.254067856514, -0.0254067856514, -1.02124986168, -9.70452501383, 0, 7
6.78, 0.023936, 0.0069801, 3.03686084273, 0.253813915727, 8.29106196016, -1.1182465754, 0.253813915727, -0.0253813915727, -1.1182465754, -9.69482534246, 0, 7
6.78, 0.023936, 0.0069801, 3.03686084273, 0.253813915727, 8.29106196016, -1.1182465754, 0.253813915727, -0.0253813915727, -1.1182465754, -9.69482534246, 0, 7
6.79, 0.023936, 0.0069801, 3.03939775693, 0.253560224307, 8.27941160369, -1.21514803976, 0.253560224307, -0.0253560224307, -1.21514803976, -9.68513519602, 0, 7
6.79, 0.023936, 0.0069801, 3.03939775693, 0.253560224307, 8.27941160369, -1.21514803976, 0.253560224307, -0.0253560224307, -1.21514803976, -9.68513519602, 0, 7
6.8, 0.023936, 0.0069801, 3.04193214524, 0.253306785476, 8.26679644167, -1.31195302355, 0.253306785476, -0.0253306785476, -1.31195302355, -9.67545469764, 0, 7
6.8, 0.023936, 0.0069801, 3.04193214524, 0.253306785476, 8.26679644167, -1.31195302355, 0.253306785476, -0.0253306785476, -1.31195302355, -9.67545469764, 0, 7
6.81, 0.023936, 0.0069801, 3.04446400445, 0.253053599555, 8.2532152497, -1.40866140436, 0.253053599555, -0.0253053599555, -1.40866140436, -9.66578385956, 0, 7
6.81, 0.023936, 0.0069801, 3.04446400445, 0.253053599555, 8.2532152497, -1.40866140436, 0.253053599555, -0.0253053599555, -1.40866140436, -9.66578385956, 0, 7
6.82, 0.023936, 0.0069801, 3.04699333455, 0.252800666545, 8.23866802781, -1.50527318217, 0.252800666545, -0.0252800666545, -1.50527318217, -9.65612268178, 0, 7
6.82, 0.023936, 0.0069801, 3.04699333455, 0.252800666545, 8.23866802781, -1.50527318217, 0.252800666545, -0.0252800666545, -1.50527318217, -9.65612268178, 0, 7
6.83, 0.023936, 0.0069801, 3.04952013556, 0.252547986444, 8.22315477597, -1.60178835698, 0.252547986444, -0.0252547986444, -1.60178835698, -9.6464711643, 0, 7
6.83, 0.023936, 0.0069801, 3.04952013556, 0.252547986444, 8.22315477597, -1.60178835698, 0.252547986444, -0.0252547986444, -1.60178835698, -9.6464711643, 0, 7
6.84, 0.023936, 0.0069801, 3.05204440747, 0.252295559253, 8.2066754942, -1.69820692881, 0.252295559253, -0.0252295559253, -1.69820692881, -9.63682930712, 0, 7
6.84, 0.023936, 0.0069801, 3.05204440747, 0.252295559253, 8.2066754942, -1.69820692881, 0.252295559253, -0.0252295559253, -1.69820692881, -9.63682930712, 0, 7
6.85, 0.023936, 0.0069801, 3.05456615028, 0.252043384972, 8.18923018249, -1.79452889764, 0.252043384972, -0.0252043384972, -1.79452889764, -9.62719711024, 0, 7
6.85, 0.0249334, 0.0069801, 3.05456615028, 0.252043384972, 8.18923018249, -1.79452889764, 0.252043384972, -0.0252043384972, -1.79452889764, -9.62719711024, 0, 7
6.86, 0.0249334, 0.0069801, 3.05708536399, 0.251791463601, 8.17081884085, -1.89075426347, 0.251791463601, -0.0251791463601, -1.89075426347, -9.61757457365, 0, 7
6.86, 0.0249334, 0.0069801, 3.05708536399, 0.251791463601, 8.17081884085, -1.89075426347, 0.251791463601, -0.0251791463601, -1.89075426347, -9.61757457365, 0, 7
6.87, 0.0249334, 0.0069801, 3.05960204859, 0.251539795141, 8.15144146927, -1.98688302631, 0.251539795141, -0.0251539795141, -1.98688302631, -9.60796169737, 0, 7
6.87, 0.0249334, 0.0069801, 3.05960204859, 0.251539795141, 8.15144146927, -1.98688302631, 0.251539795141, -0.0251539795141, -1.98688302631, -9.60796169737, 0, 7
6.88, 0.0249334, 0.0069801, 3.0621162041, 0.25128837959, 8.13109806775, -2.08291518616, 0.25128837959, -0.025128837959, -2.08291518616, -9.59835848138, 0, 7
6.88, 0.0249334, 0.0069801, 3.0621162041, 0.25128837959, 8.13109806775, -2.08291518616, 0.25128837959, -0.025128837959, -2.08291518616, -9.59835848138, 0, 7
6.89, 0.0249334, 0.0069801, 3.06462794528, 0.251037205472, 8.10983247686, -2.17885512707, 0.251037205472, -0.0251037205472, -2.17885512707, -9.58876448729, 0, 7
6.89, 0.0249334, 0.0069801, 3.06462794528, 0.251037205472, 8.10983247686, -2.17885512707, 0.251037205472, -0.0251037205472, -2.17885512707, -9.58876448729, 0, 7
6.9, 0.0249334, 0.0069801, 3.06713726239, 0.250786273761, 8.08764097282, -2.27470247667, 0.250786273761, -0.0250786273761, -2.27470247667, -9.57917975233, 0, 7
6.9, 0.0249334, 0.0069801, 3.06713726239, 0.250786273761, 8.08764097282, -2.27470247667, 0.250786273761, -0.0250786273761, -2.27470247667, -9.57917975233, 0, 7
6.91, 0.0249334, 0.0069801, 3.06964407496, 0.250535592504, 8.06449281768, -2.37045416116, 0.250535592504, -0.0250535592504, -2.37045416116, -9.56960458388, 0, 7
6.91, 0.0249334, 0.0069801, 3.06964407496, 0.250535592504, 8.06449281768, -2.37045416116, 0.250535592504, -0.0250535592504, -2.37045416116, -9.56960458388, 0, 7
6.92, 0.0249334, 0.0069801, 3.07214838298, 0.250285161702, 8.04038801143, -2.46611018053, 0.250285161702, -0.0250285161702, -2.46611018053, -9.56003898195, 0, 7
6.92, 0.0249334, 0.0069801, 3.07214838298, 0.250285161702, 8.04038801143, -2.46611018053, 0.250285161702, -0.0250285161702, -2.46611018053, -9.56003898195, 0, 7
6.93, 0.0249334, 0.0069801, 3.07465018645, 0.250034981355, 8.01532655408, -2.5616705348, 0.250034981355, -0.0250034981355, -2.5616705348, -9.55048294652, 0, 7
6.93, 0.0249334, 0.0069801, 3.07465018645, 0.250034981355, 8.01532655408, -2.5616705348, 0.250034981355, -0.0250034981355, -2.5616705348, -9.55048294652, 0, 7
6.94, 0.0249334, 0.0069801, 3.07714948537, 0.249785051463, 7.98930844563, -2.65713522395, 0.249785051463, -0.0249785051463, -2.65713522395, -9.5409364776, 0, 7
6.94, 0.0249334, 0.0069801, 3.07714948537, 0.249785051463, 7.98930844563, -2.65713522395, 0.249785051463, -0.0249785051463, -2.65713522395, -9.5409364776, 0, 7
6.95, 0.0249334, 0.0069801, 3.07964627975, 0.249535372025, 7.96233368607, -2.75250424799, 0.249535372025, -0.0249535372025, -2.75250424799, -9.5313995752, 0, 7
6.95, 0.0249334, 0.0069801, 3.07964627975, 0.249535372025, 7.96233368607, -2.75250424799, 0.249535372025, -0.0249535372025, -2.75250424799, -9.5313995752, 0, 7
6.96, 0.0249334, 0.0069801, 3.08214056959, 0.249285943041, 7.93440227541, -2.84777760693, 0.249285943041, -0.0249285943041, -2.84777760693, -9.52187223931, 0, 7
6.96, 0.0249334, 0.0069801, 3.08214056959, 0.249285943041, 7.93440227541, -2.84777760693, 0.249285943041, -0.0249285943041, -2.84777760693, -9.52187223931, 0, 7
6.97, 0.0249334, 0.0069801, 3.08463235488, 0.249036764512, 7.90551421365, -2.94295530075, 0.249036764512, -0.0249036764512, -2.94295530075, -9.51235446992, 0, 7
6.97, 0.0249334, 0.0069801, 3.08463235488, 0.249036764512, 7.90551421365, -2.94295530075, 0.249036764512, -0.0249036764512, -2.94295530075, -9.51235446992, 0, 7
6.98, 0.0249334, 0.0069801, 3.08712163562, 0.248787836438, 7.87566950079, -3.03803732947, 0.248787836438, -0.0248787836438, -3.03803732947, -9.50284626705, 0, 7
6.98, 0.0249334, 0.0069801, 3.08712163562, 0.248787836438, 7.87566950079, -3.03803732947, 0.248787836438, -0.0248787836438, -3.03803732947, -9.50284626705, 0, 7
6.99, 0.0249334, 0.0069801, 3.08960841182, 0.248539158818, 7.84486813682, -3.13302369307, 0.248539158818, -0.0248539158818, -3.13302369307, -9.49334763069, 0, 7
6.99, 0.0249334, 0.0069801, 3.08960841182, 0.248539158818, 7.84486813682, -3.13302369307, 0.248539158818, -0.0248539158818, -3.13302369307, -9.49334763069, 0, 7
7, 0.0249334, 0.0069801, 3.09209268347, 0.248290731653, 7.81311012175, -3.22791439156, 0.248290731653, -0.0248290731653, -3.22791439156, -9.48385856084, 0, 7
7, 0.0249334, 0.0069801, 3.09209268347, 0.248290731653, 7.81311012175, -3.22791439156, 0.248290731653, -0.0248290731653, -3.22791439156, -9.48385856084, 0, 7
7.01, 0.0249334, 0.0069801, 3.09457445057, 0.248042554943, 7.78039545557, -3.32270942494, 0.248042554943, -0.0248042554943, -3.32270942494, -9.47437905751, 0, 7
7.01, 0.0249334, 0.0069801, 3.09457445057, 0.248042554943, 7.78039545557, -3.32270942494, 0.248042554943, -0.0248042554943, -3.32270942494, -9.47437905751, 0, 7
7.02, 0.0249334, 0.0069801, 3.09705371313, 0.247794628687, 7.74672413829, -3.41740879322, 0.247794628687, -0.0247794628687, -3.41740879322, -9.46490912068, 0, 7
7.02, 0.0249334, 0.0069801, 3.09705371313, 0.247794628687, 7.74672413829, -3.41740879322, 0.247794628687, -0.0247794628687, -3.41740879322, -9.46490912068, 0, 7
7.03, 0.0249334, 0.0069801, 3.09953047114, 0.247546952886, 7.71209616991, -3.51201249638, 0.247546952886, -0.0247546952886, -3.51201249638, -9.45544875036, 0, 7
7.03, 0.0249334, 0.0069801, 3.09953047114, 0.247546952886, 7.71209616991, -3.51201249638, 0.247546952886, -0.0247546952886, -3.51201249638, -9.45544875036, 0, 7
7.04, 0.0249334, 0.0069801, 3.10200472461, 0.247299527539, 7.67651155043, -3.60652053443, 0.247299527539, -0.0247299527539, -3.60652053443, -9.44599794656, 0, 7
7.04, 0.0249334, 0.0069801, 3.10200472461, 0.247299527539, 7.67651155043, -3.60652053443, 0.247299527539, -0.0247299527539, -3.60652053443, -9.44599794656, 0, 7
7.05, 0.0249334, 0.0069801, 3.10447670373, 0.247052329627, 7.64005820884, -3.70094170027, 0.247052329627, -0.0247052329627, -3.70094170027, -9.43655582997, 0, 7
7.05, 0.0249334, 0.0069801, 3.10447670373, 0.247052329627, 7.64005820884, -3.70094170027, 0.247052329627, -0.0247052329627, -3.70094170027, -9.43655582997, 0, 7
7.06, 0.0249334, 0.0069801, 3.10694626194, 0.246805373806, 7.60268016224, -3.79527039561, 0.246805373806, -0.0246805373806, -3.79527039561, -9.42712296044, 0, 7
7.06, 0.0249334, 0.0069801, 3.10694626194, 0.246805373806, 7.60268016224, -3.79527039561, 0.246805373806, -0.0246805373806, -3.79527039561, -9.42712296044, 0, 7
7.07, 0.0249334, 0.0069801, 3.10941334974, 0.246558665026, 7.56435850418, -3.88950472981, 0.246558665026, -0.0246558665026, -3.88950472981, -9.41769952702, 0, 7
7.07, 0.0249334, 0.0069801, 3.10941334974, 0.246558665026, 7.56435850418, -3.88950472981, 0.246558665026, -0.0246558665026, -3.88950472981, -9.41769952702, 0, 7
7.08, 0.0249334, 0.0069801, 3.11187796714, 0.246312203286, 7.52509323468, -3.98364470285, 0.246312203286, -0.0246312203286, -3.98364470285, -9.40828552971, 0, 7
7.08, 0.0249334, 0.0069801, 3.11187796714, 0.246312203286, 7.52509323468, -3.98364470285, 0.246312203286, -0.0246312203286, -3.98364470285, -9.40828552971, 0, 7
7.09, 0.0249334, 0.0069801, 3.11434011412, 0.246065988588, 7.48488435372, -4.07769031476, 0.246065988588, -0.0246065988588, -4.07769031476, -9.39888096852, 0, 7
7.09, 0.0249334, 0.0069801, 3.11434011412, 0.246065988588, 7.48488435372, -4.07769031476, 0.246065988588, -0.0246065988588, -4.07769031476, -9.39888096852, 0, 7
7.1, 0.0249334, 0.0069801, 3.1167997907, 0.24582002093, 7.44373186131, -4.17164156552, 0.24582002093, -0.024582002093, -4.17164156552, -9.38948584345, 0, 7
7.1, 0.0249334, 0.0069801, 3.1167997907, 0.24582002093, 7.44373186131, -4.17164156552, 0.24582002093, -0.024582002093, -4.17164156552, -9.38948584345, 0, 7
7.11, 0.0249334, 0.0069801, 3.11925699688, 0.245574300312, 7.40163575745, -4.26549845513, 0.245574300312, -0.0245574300312, -4.26549845513, -9.38010015449, 0, 7
7.11, 0.0249334, 0.0069801, 3.11925699688, 0.245574300312, 7.40163575745, -4.26549845513, 0.245574300312, -0.0245574300312, -4.26549845513, -9.38010015449, 0, 7
7.12, 0.0249334, 0.0069801, 3.12171173264, 0.245328826736, 7.35859604215, -4.3592609836, 0.245328826736, -0.0245328826736, -4.3592609836, -9.37072390164, 0, 7
7.12, 0.0249334, 0.0069801, 3.12171173264, 0.245328826736, 7.35859604215, -4.3592609836, 0.245328826736, -0.0245328826736, -4.3592609836, -9.37072390164, 0, 7
7.13, 0.0249334, 0.0069801, 3.124163998, 0.2450836002, 7.31461271539, -4.45292915093, 0.2450836002, -0.02450836002, -4.45292915093, -9.36135708491, 0, 7
7.13, 0.0249334, 0.0069801, 3.124163998, 0.2450836002, 7.31461271539, -4.45292915093, 0.2450836002, -0.02450836002, -4.45292915093, -9.36135708491, 0, 7
7.14, 0.0249334, 0.0069801, 3.12661379295, 0.244838620705, 7.26968577718, -4.5465029571, 0.244838620705, -0.0244838620705, -4.5465029571, -9.35199970429, 0, 7
7.14, 0.0249334, 0.0069801, 3.12661379295, 0.244838620705, 7.26968577718, -4.5465029571, 0.244838620705, -0.0244838620705, -4.5465029571, -9.35199970429, 0, 7
7.15, 0.0249334, 0.0069801, 3.12906111749, 0.244593888251, 7.22381522752, -4.63998240214, 0.244593888251, -0.0244593888251, -4.63998240214, -9.34265175979, 0, 7
7.15, 0.0259304, 0.0069801, 3.12906111749, 0.244593888251, 7.22381522752, -4.63998240214, 0.244593888251, -0.0244593888251, -4.63998240214, -9.34265175979, 0, 7
7.16, 0.0259304, 0.0069801, 3.13150597162, 0.244349402838, 7.17700106641, -4.73336748603, 0.244349402838, -0.0244349402838, -4.73336748603, -9.3333132514, 0, 7
7.16, 0.0259304, 0.0069801, 3.13150597162, 0.244349402838, 7.17700106641, -4.73336748603, 0.244349402838, -0.0244349402838, -4.73336748603, -9.3333132514, 0, 7
7.17, 0.0259304, 0.0069801, 3.13394835535, 0.244105164465, 7.12924329384, -4.82665820877, 0.244105164465, -0.0244105164465, -4.82665820877, -9.32398417912, 0, 7
7.17, 0.0259304, 0.0069801, 3.13394835535, 0.244105164465, 7.12924329384, -4.82665820877, 0.244105164465, -0.0244105164465, -4.82665820877, -9.32398417912, 0, 7
7.18, 0.0259304, 0.0069801, 3.13638826867, 0.243861173133, 7.08054190983, -4.91985457037, 0.243861173133, -0.0243861173133, -4.91985457037, -9.31466454296, 0, 7
7.18, 0.0259304, 0.0069801, 3.13638826867, 0.243861173133, 7.08054190983, -4.91985457037, 0.243861173133, -0.0243861173133, -4.91985457037, -9.31466454296, 0, 7
7.19, 0.0259304, 0.0069801, 3.13882571158, 0.243617428842, 7.03089691437, -5.01295657082, 0.243617428842, -0.0243617428842, -5.01295657082, -9.30535434292, 0, 7
7.19, 0.0259304, 0.0069801, 3.13882571158, 0.243617428842, 7.03089691437, -5.01295657082, 0.243617428842, -0.0243617428842, -5.01295657082, -9.30535434292, 0, 7
7.2, 0.0259304, 0.0069801, 3.14126068206, 0.243373931794, 6.98571115125, -1.44948330894, 0.243373931794, -0.0243373931794, -1.44948330894, 1462.70767305, 1, 7
7.2, 0.0259304, 0.0069801, 3.14126068206, 0.243373931794, 6.98571115125, -1.44948330894, 0.243373931794, -0.0243373931794, -1.44948330894, 1462.70767305, 1, 7
7.21, 0.0259304, 0.0069801, 3.1436927167, 0.24313072833, 7.01664021954, 4.32058532143, 0.24313072833, -0.024313072833, 4.32058532143, -10.2387085321, 0, 7
7.21, 0.0259304, 0.0069801, 3.1436927167, 0.24313072833, 7.01664021954, 4.32058532143, 0.24313072833, -0.024313072833, 4.32058532143, -10.2387085321, 0, 7
7.22, 0.0259304, 0.0069801, 3.1461216405, 0.24288783595, 7.05884233885, 4.2182986095, 0.24288783595, -0.024288783595, 4.2182986095, -10.228479861, 0, 7
7.22, 0.0259304, 0.0069801, 3.1461216405, 0.24288783595, 7.05884233885, 4.2182986095, 0.24288783595, -0.024288783595, 4.2182986095, -10.228479861, 0, 7
7.23, 0.0259304, 0.0069801, 3.14854844389, 0.242645155611, 7.1001515139, 4.116101192, 0.242645155611, -0.0242645155611, 4.116101192, -10.2182601192, 0, 7
7.23, 0.0259304, 0.0069801, 3.14854844389, 0.242645155611, 7.1001515139, 4.116101192, 0.242645155611, -0.0242645155611, 4.116101192, -10.2182601192, 0, 7
7.24, 0.0259304, 0.0069801, 3.15097331804, 0.242402668196, 7.14064825018, 4.01398501837, 0.242402668196, -0.0242402668196, 4.01398501837, -10.2080485018, 0, 7
7.24, 0.0259304, 0.0069801, 3.15097331804, 0.242402668196, 7.14064825018, 4.01398501837, 0.242402668196, -0.0242402668196, 4.01398501837, -10.2080485018, 0, 7
7.25, 0.0259304, 0.0069801, 3.15339578385, 0.242160421615, 7.18013078732, 3.91197026465, 0.242160421615, -0.0242160421615, 3.91197026465, -10.1978470265, 0, 7
7.25, 0.0259304, 0.0069801, 3.15339578385, 0.242160421615, 7.18013078732, 3.91197026465, 0.242160421615, -0.0242160421615, 3.91197026465, -10.1978470265, 0, 7
7.26, 0.0259304, 0.0069801, 3.15581605477, 0.241918394523, 7.21868901206, 3.81004794218, 0.241918394523, -0.0241918394523, 3.81004794218, -10.1876547942, 0, 7
7.26, 0.0259304, 0.0069801, 3.15581605477, 0.241918394523, 7.21868901206, 3.81004794218, 0.241918394523, -0.0241918394523, 3.81004794218, -10.1876547942, 0, 7
7.27, 0.0259304, 0.0069801, 3.15823389491, 0.241676610509, 7.25622358935, 3.70822798445, 0.241676610509, -0.0241676610509, 3.70822798445, -10.1774727984, 0, 7
7.27, 0.0259304, 0.0069801, 3.15823389491, 0.241676610509, 7.25622358935, 3.70822798445, 0.241676610509, -0.0241676610509, 3.70822798445, -10.1774727984, 0, 7
7.28, 0.0259304, 0.0069801, 3.16064940582, 0.241435059418, 7.29277728145, 3.60650611524, 0.241435059418, -0.0241435059418, 3.60650611524, -10.1673006115, 0, 7
7.28, 0.0259304, 0.0069801, 3.16064940582, 0.241435059418, 7.29277728145, 3.60650611524, 0.241435059418, -0.0241435059418, 3.60650611524, -10.1673006115, 0, 7
7.29, 0.0259304, 0.0069801, 3.1630625044, 0.24119374956, 7.32831509696, 3.50488583369, 0.24119374956, -0.024119374956, 3.50488583369, -10.1571385834, 0, 7
7.29, 0.0259304, 0.0069801, 3.1630625044, 0.24119374956, 7.32831509696, 3.50488583369, 0.24119374956, -0.024119374956, 3.50488583369, -10.1571385834, 0, 7
7.3, 0.0259304, 0.0069801, 3.16547321587, 0.240952678413, 7.36284765258, 3.40336607813, 0.240952678413, -0.0240952678413, 3.40336607813, -10.1469866078, 0, 7
7.3, 0.0259304, 0.0069801, 3.16547321587, 0.240952678413, 7.36284765258, 3.40336607813, 0.240952678413, -0.0240952678413, 3.40336607813, -10.1469866078, 0, 7
7.31, 0.0259304, 0.0069801, 3.16788151831, 0.240711848169, 7.39636571889, 3.3019477715, 0.240711848169, -0.0240711848169, 3.3019477715, -10.1368447771, 0, 7
7.31, 0.0259304, 0.0069801, 3.16788151831, 0.240711848169, 7.39636571889, 3.3019477715, 0.240711848169, -0.0240711848169, 3.3019477715, -10.1368447771, 0, 7
7.32, 0.0259304, 0.0069801, 3.17028741563, 0.240471258437, 7.42887094197, 3.20063074919, 0.240471258437, -0.0240471258437, 3.20063074919, -10.1267130749, 0, 7
7.32, 0.0259304, 0.0069801, 3.17028741563, 0.240471258437, 7.42887094197, 3.20063074919, 0.240471258437, -0.0240471258437, 3.20063074919, -10.1267130749, 0, 7
7.33, 0.0259304, 0.0069801, 3.17269091633, 0.240230908367, 7.46036690027, 3.09941465336, 0.240230908367, -0.0240230908367, 3.09941465336, -10.1165914653, 0, 7
7.33, 0.0259304, 0.0069801, 3.17269091633, 0.240230908367, 7.46036690027, 3.09941465336, 0.240230908367, -0.0240230908367, 3.09941465336, -10.1165914653, 0, 7
7.34, 0.0259304, 0.0069801, 3.17509202041, 0.239990797959, 7.49085359379, 2.99829948401, 0.239990797959, -0.0239990797959, 2.99829948401, -10.1064799484, 0, 7
7.34, 0.0259304, 0.0069801, 3.17509202041, 0.239990797959, 7.49085359379, 2.99829948401, 0.239990797959, -0.0239990797959, 2.99829948401, -10.1064799484, 0, 7
7.35, 0.0259304, 0.0069801, 3.17749072786, 0.239750927214, 7.52033102253, 2.89728524113, 0.239750927214, -0.0239750927214, 2.89728524113, -10.0963785241, 0, 7
7.35, 0.0259304, 0.0069801, 3.17749072786, 0.239750927214, 7.52033102253, 2.89728524113, 0.239750927214, -0.0239750927214, 2.89728524113, -10.0963785241, 0, 7
7.36, 0.0259304, 0.0069801, 3.17988707327, 0.239511292673, 7.54881375047, 2.79637046834, 0.239511292673, -0.0239511292673, 2.79637046834, -10.0862870468, 0, 7
7.36, 0.0259304, 0.0069801, 3.17988707327, 0.239511292673, 7.54881375047, 2.79637046834, 0.239511292673, -0.0239511292673, 2.79637046834, -10.0862870468, 0, 7
7.37, 0.0259304, 0.0069801, 3.18228103832, 0.239271896168, 7.57629406246, 2.69555593714, 0.239271896168, -0.0239271896168, 2.69555593714, -10.0762055937, 0, 7
7.37, 0.0259304, 0.0069801, 3.18228103832, 0.239271896168, 7.57629406246, 2.69555593714, 0.239271896168, -0.0239271896168, 2.69555593714, -10.0762055937, 0, 7
7.38, 0.0259304, 0.0069801, 3.18467261465, 0.239032738535, 7.60276843891, 2.59484199949, 0.239032738535, -0.0239032738535, 2.59484199949, -10.0661341999, 0, 7
7.38, 0.0259304, 0.0069801, 3.18467261465, 0.239032738535, 7.60276843891, 2.59484199949, 0.239032738535, -0.0239032738535, 2.59484199949, -10.0661341999, 0, 7
7.39, 0.0259304, 0.0069801, 3.18706180227, 0.238793819773, 7.62823687983, 2.4942286554, 0.238793819773, -0.0238793819773, 2.4942286554, -10.0560728655, 0, 7
7.39, 0.0259304, 0.0069801, 3.18706180227, 0.238793819773, 7.62823687983, 2.4942286554, 0.238793819773, -0.0238793819773, 2.4942286554, -10.0560728655, 0, 7
7.4, 0.0259304, 0.0069801, 3.18944860117, 0.238555139883, 7.6526993852, 2.39371590487, 0.238555139883, -0.0238555139883, 2.39371590487, -10.0460215905, 0, 7
7.4, 0.0259304, 0.0069801, 3.18944860117, 0.238555139883, 7.6526993852, 2.39371590487, 0.238555139883, -0.0238555139883, 2.39371590487, -10.0460215905, 0, 7
7.41, 0.0259304, 0.0069801, 3.19183301135, 0.238316698865, 7.67615595504, 2.29330374788, 0.238316698865, -0.0238316698865, 2.29330374788, -10.0359803748, 0, 7
7.41, 0.0259304, 0.0069801, 3.19183301135, 0.238316698865, 7.67615595504, 2.29330374788, 0.238316698865, -0.0238316698865, 2.29330374788, -10.0359803748, 0, 7
7.42, 0.0259304, 0.0069801, 3.19421503281, 0.238078496719, 7.69860658934, 2.19299218445, 0.238078496719, -0.0238078496719, 2.19299218445, -10.0259492184, 0, 7
7.42, 0.0259304, 0.0069801, 3.19421503281, 0.238078496719, 7.69860658934, 2.19299218445, 0.238078496719, -0.0238078496719, 2.19299218445, -10.0259492184, 0, 7
7.43, 0.0259304, 0.0069801, 3.19659466556, 0.237840533444, 7.72005128809, 2.09278121458, 0.237840533444, -0.0237840533444, 2.09278121458, -10.0159281215, 0, 7
7.43, 0.0259304, 0.0069801, 3.19659466556, 0.237840533444, 7.72005128809, 2.09278121458, 0.237840533444, -0.0237840533444, 2.09278121458, -10.0159281215, 0, 7
7.44, 0.0259304, 0.0069801, 3.19897190958, 0.237602809042, 7.74049005131, 1.99267083826, 0.237602809042, -0.0237602809042, 1.99267083826, -10.0059170838, 0, 7
7.44, 0.0259304, 0.0069801, 3.19897190958, 0.237602809042, 7.74049005131, 1.99267083826, 0.237602809042, -0.0237602809042, 1.99267083826, -10.0059170838, 0, 7
7.45, 0.0259304, 0.0069801, 3.20134676489, 0.237365323511, 7.75992287899, 1.89266105549, 0.237365323511, -0.0237365323511, 1.89266105549, -9.99591610555, 0, 7
7.45, 0.0269276, 0.0069801, 3.20134676489, 0.237365323511, 7.75992287899, 1.89266105549, 0.237365323511, -0.0237365323511, 1.89266105549, -9.99591610555, 0, 7
7.46, 0.0269276, 0.0069801, 3.20371928312, 0.237128071688, 7.77837151341, 1.79274969205, 0.237128071688, -0.0237128071688, 1.79274969205, -9.9859249692, 0, 7
7.46, 0.0269276, 0.0069801, 3.20371928312, 0.237128071688, 7.77837151341, 1.79274969205, 0.237128071688, -0.0237128071688, 1.79274969205, -9.9859249692, 0, 7
7.47, 0.0269276, 0.0069801, 3.20608947708, 0.236891052292, 7.7958413592, 1.69293620747, 0.236891052292, -0.0236891052292, 1.69293620747, -9.97594362075, 0, 7
7.47, 0.0269276, 0.0069801, 3.20608947708, 0.236891052292, 7.7958413592, 1.69293620747, 0.236891052292, -0.0236891052292, 1.69293620747, -9.97594362075, 0, 7
7.48, 0.0269276, 0.0069801, 3.20845730122, 0.236654269878, 7.81231322089, 1.5932225213, 0.236654269878, -0.0236654269878, 1.5932225213, -9.96597225213, 0, 7
7.48, 0.0269276, 0.0069801, 3.20845730122, 0.236654269878, 7.81231322089, 1.5932225213, 0.236654269878, -0.0236654269878, 1.5932225213, -9.96597225213, 0, 7
7.49, 0.0269276, 0.0069801, 3.21082275551, 0.236417724449, 7.82778709849, 1.49360863354, 0.236417724449, -0.0236417724449, 1.49360863354, -9.95601086335, 0, 7
7.49, 0.0269276, 0.0069801, 3.21082275551, 0.236417724449, 7.82778709849, 1.49360863354, 0.236417724449, -0.0236417724449, 1.49360863354, -9.95601086335, 0, 7
7.5, 0.0269276, 0.0069801, 3.21318583997, 0.236181416003, 7.84226299199, 1.39409454419, 0.236181416003, -0.0236181416003, 1.39409454419, -9.94605945442, 0, 7
7.5, 0.0269276, 0.0069801, 3.21318583997, 0.236181416003, 7.84226299199, 1.39409454419, 0.236181416003, -0.0236181416003, 1.39409454419, -9.94605945442, 0, 7
7.51, 0.0269276, 0.0069801, 3.2155465546, 0.23594534454, 7.85574090139, 1.29468025325, 0.23594534454, -0.023594534454, 1.29468025325, -9.93611802532, 0, 7
7.51, 0.0269276, 0.0069801, 3.2155465546, 0.23594534454, 7.85574090139, 1.29468025325, 0.23594534454, -0.023594534454, 1.29468025325, -9.93611802532, 0, 7
7.52, 0.0269276, 0.0069801, 3.21790489938, 0.235709510062, 7.86822082669, 1.19536576072, 0.235709510062, -0.0235709510062, 1.19536576072, -9.92618657607, 0, 7
7.52, 0.0269276, 0.0069801, 3.21790489938, 0.235709510062, 7.86822082669, 1.19536576072, 0.235709510062, -0.0235709510062, 1.19536576072, -9.92618657607, 0, 7
7.53, 0.0269276, 0.0069801, 3.22026087434, 0.235473912566, 7.8797027679, 1.0961510666, 0.235473912566, -0.0235473912566, 1.0961510666, -9.91626510666, 0, 7
7.53, 0.0269276, 0.0069801, 3.22026087434, 0.235473912566, 7.8797027679, 1.0961510666, 0.235473912566, -0.0235473912566, 1.0961510666, -9.91626510666, 0, 7
7.54, 0.0269276, 0.0069801, 3.22261447945, 0.235238552055, 7.89018672501, 0.997036170885, 0.235238552055, -0.0235238552055, 0.997036170885, -9.90635361709, 0, 7
7.54, 0.0269276, 0.0069801, 3.22261447945, 0.235238552055, 7.89018672501, 0.997036170885, 0.235238552055, -0.0235238552055, 0.997036170885, -9.90635361709, 0, 7
7.55, 0.0269276, 0.0069801, 3.22496571473, 0.235003428527, 7.89967269802, 0.898021073584, 0.235003428527, -0.0235003428527, 0.898021073584, -9.89645210736, 0, 7
7.55, 0.0269276, 0.0069801, 3.22496571473, 0.235003428527, 7.89967269802, 0.898021073584, 0.235003428527, -0.0235003428527, 0.898021073584, -9.89645210736, 0, 7
7.56, 0.0269276, 0.0069801, 3.22731460647, 0.234768539353, 7.90817175905, 0.799104667481, 0.234768539353, -0.0234768539353, 0.799104667481, -9.88656046675, 0, 7
7.56, 0.0269276, 0.0069801, 3.22731460647, 0.234768539353, 7.90817175905, 0.799104667481, 0.234768539353, -0.0234768539353, 0.799104667481, -9.88656046675, 0, 7
7.57, 0.0269276, 0.0069801, 3.22966123338, 0.234533876662, 7.91571705826, 0.70028363756, 0.234533876662, -0.0234533876662, 0.70028363756, -9.87667836376, 0, 7
7.57, 0.0269276, 0.0069801, 3.22966123338, 0.234533876662, 7.91571705826, 0.70028363756, 0.234533876662, -0.0234533876662, 0.70028363756, -9.87667836376, 0, 7
7.58, 0.0269276, 0.0069801, 3.23200551284, 0.234299448716, 7.92227380092, 0.601561463294, 0.234299448716, -0.0234299448716, 0.601561463294, -9.86680614633, 0, 7
7.58, 0.0269276, 0.0069801, 3.23200551284, 0.234299448716, 7.92227380092, 0.601561463294, 0.234299448716, -0.0234299448716, 0.601561463294, -9.86680614633, 0, 7
7.59, 0.0269276, 0.0069801, 3.23434744485, 0.234065255515, 7.92784198703, 0.502938144683, 0.234065255515, -0.0234065255515, 0.502938144683, -9.85694381447, 0, 7
7.59, 0.0269276, 0.0069801, 3.23434744485, 0.234065255515, 7.92784198703, 0.502938144683, 0.234065255515, -0.0234065255515, 0.502938144683, -9.85694381447, 0, 7
7.6, 0.0269276, 0.0069801, 3.23668702942, 0.233831297058, 7.93242161659, 0.404413681728, 0.233831297058, -0.0233831297058, 0.404413681728, -9.84709136817, 0, 7
7.6, 0.0269276, 0.0069801, 3.23668702942, 0.233831297058, 7.93242161659, 0.404413681728, 0.233831297058, -0.0233831297058, 0.404413681728, -9.84709136817, 0, 7
7.61, 0.0269276, 0.0069801, 3.23902426653, 0.233597573347, 7.93601268959, 0.305988074427, 0.233597573347, -0.0233597573347, 0.305988074427, -9.83724880744, 0, 7
7.61, 0.0269276, 0.0069801, 3.23902426653, 0.233597573347, 7.93601268959, 0.305988074427, 0.233597573347, -0.0233597573347, 0.305988074427, -9.83724880744, 0, 7
7.62, 0.0269276, 0.0069801, 3.2413591562, 0.23336408438, 7.93861520604, 0.207661322782, 0.23336408438, -0.023336408438, 0.207661322782, -9.82741613228, 0, 7
7.62, 0.0269276, 0.0069801, 3.2413591562, 0.23336408438, 7.93861520604, 0.207661322782, 0.23336408438, -0.023336408438, 0.207661322782, -9.82741613228, 0, 7
7.63, 0.0269276, 0.0069801, 3.24369169841, 0.233130830159, 7.94022916595, 0.109433426791, 0.233130830159, -0.0233130830159, 0.109433426791, -9.81759334268, 0, 7
7.63, 0.0269276, 0.0069801, 3.24369169841, 0.233130830159, 7.94022916595, 0.109433426791, 0.233130830159, -0.0233130830159, 0.109433426791, -9.81759334268, 0, 7
7.64, 0.0269276, 0.0069801, 3.24602189318, 0.232897810682, 7.9408545693, 0.0113043864563, 0.232897810682, -0.0232897810682, 0.0113043864563, -9.80778043865, 0, 7
7.64, 0.0269276, 0.0069801, 3.24602189318, 0.232897810682, 7.9408545693, 0.0113043864563, 0.232897810682, -0.0232897810682, 0.0113043864563, -9.80778043865, 0, 7
7.65, 0.0269276, 0.0069801, 3.2483497405, 0.23266502595, 7.9404914161, -0.0867257982237, 0.23266502595, -0.023266502595, -0.0867257982237, -9.79797742018, 0, 7
7.65, 0.0269276, 0.0069801, 3.2483497405, 0.23266502595, 7.9404914161, -0.0867257982237, 0.23266502595, -0.023266502595, -0.0867257982237, -9.79797742018, 0, 7
7.66, 0.0269276, 0.0069801, 3.25067524037, 0.232432475963, 7.93913970635, -0.184657127249, 0.232432475963, -0.0232432475963, -0.184657127249, -9.78818428728, 0, 7
7.66, 0.0269276, 0.0069801, 3.25067524037, 0.232432475963, 7.93913970635, -0.184657127249, 0.232432475963, -0.0232432475963, -0.184657127249, -9.78818428728, 0, 7
7.67, 0.0269276, 0.0069801, 3.25299851624, 0.232200148376, 7.93685142599, -0.282494799213, 0.232200148376, -0.0232200148376, -0.282494799213, -9.77840052008, 0, 7
7.67, 0.0269276, 0.0069801, 3.25299851624, 0.232200148376, 7.93685142599, -0.282494799213, 0.232200148376, -0.0232200148376, -0.282494799213, -9.77840052008, 0, 7
7.68, 0.0269276, 0.0069801, 3.25531947519, 0.231968052481, 7.93358744848, -0.380234901462, 0.231968052481, -0.0231968052481, -0.380234901462, -9.76862650985, 0, 7
7.68, 0.0269276, 0.0069801, 3.25531947519, 0.231968052481, 7.93358744848, -0.380234901462, 0.231968052481, -0.0231968052481, -0.380234901462, -9.76862650985, 0, 7
7.69, 0.0269276, 0.0069801, 3.25763811009, 0.231736188991, 7.92934476646, -0.47787713326, 0.231736188991, -0.0231736188991, -0.47787713326, -9.75886228667, 0, 7
7.69, 0.0269276, 0.0069801, 3.25763811009, 0.231736188991, 7.92934476646, -0.47787713326, 0.231736188991, -0.0231736188991, -0.47787713326, -9.75886228667, 0, 7
7.7, 0.0269276, 0.0069801, 3.25995442094, 0.231504557906, 7.92412337993, -0.575421494607, 0.231504557906, -0.0231504557906, -0.575421494607, -9.74910785054, 0, 7
7.7, 0.0269276, 0.0069801, 3.25995442094, 0.231504557906, 7.92412337993, -0.575421494607, 0.231504557906, -0.0231504557906, -0.575421494607, -9.74910785054, 0, 7
7.71, 0.0269276, 0.0069801, 3.26226840773, 0.231273159227, 7.91792328889, -0.672867985502, 0.231273159227, -0.0231273159227, -0.672867985502, -9.73936320145, 0, 7
7.71, 0.0269276, 0.0069801, 3.26226840773, 0.231273159227, 7.91792328889, -0.672867985502, 0.231273159227, -0.0231273159227, -0.672867985502, -9.73936320145, 0, 7
7.72, 0.0269276, 0.0069801, 3.26458007047, 0.231041992953, 7.91074449333, -0.770216605947, 0.231041992953, -0.0231041992953, -0.770216605947, -9.72962833941, 0, 7
7.72, 0.0269276, 0.0069801, 3.26458007047, 0.231041992953, 7.91074449333, -0.770216605947, 0.231041992953, -0.0231041992953, -0.770216605947, -9.72962833941, 0, 7
7.73, 0.0269276, 0.0069801, 3.26688940915, 0.230811059085, 7.90258699326, -0.86746735594, 0.230811059085, -0.0230811059085, -0.86746735594, -9.71990326441, 0, 7
7.73, 0.0269276, 0.0069801, 3.26688940915, 0.230811059085, 7.90258699326, -0.86746735594, 0.230811059085, -0.0230811059085, -0.86746735594, -9.71990326441, 0, 7
7.74, 0.0269276, 0.0069801, 3.26919642378, 0.230580357622, 7.89345078869, -0.964620235482, 0.230580357622, -0.0230580357622, -0.964620235482, -9.71018797645, 0, 7
7.74, 0.0269276, 0.0069801, 3.26919642378, 0.230580357622, 7.89345078869, -0.964620235482, 0.230580357622, -0.0230580357622, -0.964620235482, -9.71018797645, 0, 7
7.75, 0.0269276, 0.0069801, 3.27150111435, 0.230349888565, 7.88333587959, -1.06167524457, 0.230349888565, -0.0230349888565, -1.06167524457, -9.70048247554, 0, 7
7.75, 0.0269276, 0.0069801, 3.27150111435, 0.230349888565, 7.88333587959, -1.06167524457, 0.230349888565, -0.0230349888565, -1.06167524457, -9.70048247554, 0, 7
7.76, 0.0269276, 0.0069801, 3.27380348087, 0.230119651913, 7.87224226599, -1.15863238321, 0.230119651913, -0.0230119651913, -1.15863238321, -9.69078676168, 0, 7
7.76, 0.0269276, 0.0069801, 3.27380348087, 0.230119651913, 7.87224226599, -1.15863238321, 0.230119651913, -0.0230119651913, -1.15863238321, -9.69078676168, 0, 7
7.77, 0.027925, 0.0079775, 3.27610363738, 0.229889636262, 7.8602179728, -1.25549645389, 0.229889636262, -0.0229889636262, -1.25549645389, -9.68110035461, 0, 7
7.77, 0.027925, 0.0079775, 3.27610363738, 0.229889636262, 7.8602179728, -1.25549645389, 0.229889636262, -0.0229889636262, -1.25549645389, -9.68110035461, 0, 7
7.78, 0.027925, 0.0079775, 3.27840155802, 0.229659844198, 7.84725211206, -1.35226636782, 0.229659844198, -0.0229659844198, -1.35226636782, -9.67142336322, 0, 7
7.78, 0.027925, 0.0079775, 3.27840155802, 0.229659844198, 7.84725211206, -1.35226636782, 0.229659844198, -0.0229659844198, -1.35226636782, -9.67142336322, 0, 7
7.79, 0.027925, 0.0079775, 3.28069718982, 0.229430281018, 7.83332237734, -1.44893989435, 0.229430281018, -0.0229430281018, -1.44893989435, -9.66175601057, 0, 7
7.79, 0.027925, 0.0079775, 3.28069718982, 0.229430281018, 7.83332237734, -1.44893989435, 0.229430281018, -0.0229430281018, -1.44893989435, -9.66175601057, 0, 7
7.8, 0.027925, 0.0079775, 3.2829905335, 0.22920094665, 7.81842907027, -1.54551706364, 0.22920094665, -0.022920094665, -1.54551706364, -9.65209829364, 0, 7
7.8, 0.027925, 0.0079775, 3.2829905335, 0.22920094665, 7.81842907027, -1.54551706364, 0.22920094665, -0.022920094665, -1.54551706364, -9.65209829364, 0, 7
7.81, 0.027925, 0.0079775, 3.28528158978, 0.228971841022, 7.80257249252, -1.64199790587, 0.228971841022, -0.0228971841022, -1.64199790587, -9.64245020941, 0, 7
7.81, 0.027925, 0.0079775, 3.28528158978, 0.228971841022, 7.80257249252, -1.64199790587, 0.228971841022, -0.0228971841022, -1.64199790587, -9.64245020941, 0, 7
7.82, 0.027925, 0.0079775, 3.28757035936, 0.228742964064, 7.78575294575, -1.73838245119, 0.228742964064, -0.0228742964064, -1.73838245119, -9.63281175488, 0, 7
7.82, 0.027925, 0.0079775, 3.28757035936, 0.228742964064, 7.78575294575, -1.73838245119, 0.228742964064, -0.0228742964064, -1.73838245119, -9.63281175488, 0, 7
7.83, 0.027925, 0.0079775, 3.28985684298, 0.228514315702, 7.76797073159, -1.83467072977, 0.228514315702, -0.0228514315702, -1.83467072977, -9.62318292702, 0, 7
7.83, 0.027925, 0.0079775, 3.28985684298, 0.228514315702, 7.76797073159, -1.83467072977, 0.228514315702, -0.0228514315702, -1.83467072977, -9.62318292702, 0, 7
7.84, 0.027925, 0.0079775, 3.29214104134, 0.228285895866, 7.74922615172, -1.93086277179, 0.228285895866, -0.0228285895866, -1.93086277179, -9.61356372282, 0, 7
7.84, 0.027925, 0.0079775, 3.29214104134, 0.228285895866, 7.74922615172, -1.93086277179, 0.228285895866, -0.0228285895866, -1.93086277179, -9.61356372282, 0, 7
7.85, 0.027925, 0.0079775, 3.29442295516, 0.228057704484, 7.72951950779, -2.02695860739, 0.228057704484, -0.0228057704484, -2.02695860739, -9.60395413926, 0, 7
7.85, 0.027925, 0.0079775, 3.29442295516, 0.228057704484, 7.72951950779, -2.02695860739, 0.228057704484, -0.0228057704484, -2.02695860739, -9.60395413926, 0, 7
7.86, 0.027925, 0.0079775, 3.29670258516, 0.227829741484, 7.70885110144, -2.12295826676, 0.227829741484, -0.0227829741484, -2.12295826676, -9.59435417332, 0, 7
7.86, 0.027925, 0.0079775, 3.29670258516, 0.227829741484, 7.70885110144, -2.12295826676, 0.227829741484, -0.0227829741484, -2.12295826676, -9.59435417332, 0, 7
7.87, 0.027925, 0.0079775, 3.29897993205, 0.227602006795, 7.68722123433, -2.21886178005, 0.227602006795, -0.0227602006795, -2.21886178005, -9.584763822, 0, 7
7.87, 0.027925, 0.0079775, 3.29897993205, 0.227602006795, 7.68722123433, -2.21886178005, 0.227602006795, -0.0227602006795, -2.21886178005, -9.584763822, 0, 7
7.88, 0.027925, 0.0079775, 3.30125499655, 0.227374500345, 7.66463020813, -2.31466917743, 0.227374500345, -0.0227374500345, -2.31466917743, -9.57518308226, 0, 7
7.88, 0.027925, 0.0079775, 3.30125499655, 0.227374500345, 7.66463020813, -2.31466917743, 0.227374500345, -0.0227374500345, -2.31466917743, -9.57518308226, 0, 7
7.89, 0.027925, 0.0079775, 3.30352777937, 0.227147222063, 7.64107832448, -2.41038048906, 0.227147222063, -0.0227147222063, -2.41038048906, -9.56561195109, 0, 7
7.89, 0.027925, 0.0079775, 3.30352777937, 0.227147222063, 7.64107832448, -2.41038048906, 0.227147222063, -0.0227147222063, -2.41038048906, -9.56561195109, 0, 7
7.9, 0.027925, 0.0079775, 3.30579828124, 0.226920171876, 7.61656588504, -2.50599574512, 0.226920171876, -0.0226920171876, -2.50599574512, -9.55605042549, 0, 7
7.9, 0.027925, 0.0079775, 3.30579828124, 0.226920171876, 7.61656588504, -2.50599574512, 0.226920171876, -0.0226920171876, -2.50599574512, -9.55605042549, 0, 7
7.91, 0.027925, 0.0079775, 3.30806650286, 0.226693349714, 7.59109319146, -2.60151497576, 0.226693349714, -0.0226693349714, -2.60151497576, -9.54649850242, 0, 7
7.91, 0.027925, 0.0079775, 3.30806650286, 0.226693349714, 7.59109319146, -2.60151497576, 0.226693349714, -0.0226693349714, -2.60151497576, -9.54649850242, 0, 7
7.92, 0.027925, 0.0079775, 3.31033244497, 0.226466755503, 7.56466054539, -2.69693821115, 0.226466755503, -0.0226466755503, -2.69693821115, -9.53695617888, 0, 7
7.92, 0.027925, 0.0079775, 3.31033244497, 0.226466755503, 7.56466054539, -2.69693821115, 0.226466755503, -0.0226466755503, -2.69693821115, -9.53695617888, 0, 7
7.93, 0.027925, 0.0079775, 3.31259610826, 0.226240389174, 7.5372682485, -2.79226548146, 0.226240389174, -0.0226240389174, -2.79226548146, -9.52742345185, 0, 7
7.93, 0.027925, 0.0079775, 3.31259610826, 0.226240389174, 7.5372682485, -2.79226548146, 0.226240389174, -0.0226240389174, -2.79226548146, -9.52742345185, 0, 7
7.94, 0.027925, 0.0079775, 3.31485749346, 0.226014250654, 7.50891660244, -2.88749681686, 0.226014250654, -0.0226014250654, -2.88749681686, -9.51790031831, 0, 7
7.94, 0.027925, 0.0079775, 3.31485749346, 0.226014250654, 7.50891660244, -2.88749681686, 0.226014250654, -0.0226014250654, -2.88749681686, -9.51790031831, 0, 7
7.95, 0.027925, 0.0079775, 3.31711660128, 0.225788339872, 7.47960590886, -2.9826322475, 0.225788339872, -0.0225788339872, -2.9826322475, -9.50838677525, 0, 7
7.95, 0.027925, 0.0079775, 3.31711660128, 0.225788339872, 7.47960590886, -2.9826322475, 0.225788339872, -0.0225788339872, -2.9826322475, -9.50838677525, 0, 7
7.96, 0.027925, 0.0079775, 3.31937343244, 0.225562656756, 7.44933646941, -3.07767180356, 0.225562656756, -0.0225562656756, -3.07767180356, -9.49888281964, 0, 7
7.96, 0.027925, 0.0079775, 3.31937343244, 0.225562656756, 7.44933646941, -3.07767180356, 0.225562656756, -0.0225562656756, -3.07767180356, -9.49888281964, 0, 7
7.97, 0.027925, 0.0079775, 3.32162798766, 0.225337201234, 7.41810858576, -3.17261551519, 0.225337201234, -0.0225337201234, -3.17261551519, -9.48938844848, 0, 7
7.97, 0.027925, 0.0079775, 3.32162798766, 0.225337201234, 7.41810858576, -3.17261551519, 0.225337201234, -0.0225337201234, -3.17261551519, -9.48938844848, 0, 7
7.98, 0.027925, 0.0079775, 3.32388026765, 0.225111973235, 7.38592255955, -3.26746341257, 0.225111973235, -0.0225111973235, -3.26746341257, -9.47990365874, 0, 7
7.98, 0.027925, 0.0079775, 3.32388026765, 0.225111973235, 7.38592255955, -3.26746341257, 0.225111973235, -0.0225111973235, -3.26746341257, -9.47990365874, 0, 7
7.99, 0.027925, 0.0079775, 3.3261302819, 0.22488697181, 7.35278238236, -3.36221589485, 0.22488697181, -0.022488697181, -3.36221589485, -9.47042841052, 0, 7
7.99, 0.027925, 0.0079775, 3.3261302819, 0.22488697181, 7.35278238236, -3.36221589485, 0.22488697181, -0.022488697181, -3.36221589485, -9.47042841052, 0, 7
8, 0.027925, 0.0079775, 3.32837819847, 0.224662180153, 7.31875883646, -3.45688004026, 0.224662180153, -0.0224662180153, -3.45688004026, -9.46096199597, 0, 7
8, 0.027925, 0.0079775, 3.32837819847, 0.224662180153, 7.31875883646, -3.45688004026, 0.224662180153, -0.0224662180153, -3.45688004026, -9.46096199597, 0, 7
8.01, 0.027925, 0.0079775, 3.33062386587, 0.224437613413, 7.28378811872, -3.55144946849, 0.224437613413, -0.0224437613413, -3.55144946849, -9.45150505315, 0, 7
8.01, 0.027925, 0.0079775, 3.33062386587, 0.224437613413, 7.28378811872, -3.55144946849, 0.224437613413, -0.0224437613413, -3.55144946849, -9.45150505315, 0, 7
8.02, 0.027925, 0.0079775, 3.33286728582, 0.224213271418, 7.24787095628, -3.64592425224, 0.224213271418, -0.0224213271418, -3.64592425224, -9.44205757478, 0, 7
8.02, 0.027925, 0.0079775, 3.33286728582, 0.224213271418, 7.24787095628, -3.64592425224, 0.224213271418, -0.0224213271418, -3.64592425224, -9.44205757478, 0, 7
8.03, 0.027925, 0.0079775, 3.33510846005, 0.223989153995, 7.2110080763, -3.74030446424, 0.223989153995, -0.0223989153995, -3.74030446424, -9.43261955358, 0, 7
8.03, 0.027925, 0.0079775, 3.33510846005, 0.223989153995, 7.2110080763, -3.74030446424, 0.223989153995, -0.0223989153995, -3.74030446424, -9.43261955358, 0, 7
8.04, 0.027925, 0.0079775, 3.33734739028, 0.223765260972, 7.1732002059, -3.8345901772, 0.223765260972, -0.0223765260972, -3.8345901772, -9.42319098228, 0, 7
8.04, 0.027925, 0.0079775, 3.33734739028, 0.223765260972, 7.1732002059, -3.8345901772, 0.223765260972, -0.0223765260972, -3.8345901772, -9.42319098228, 0, 7
8.05, 0.027925, 0.0079775, 3.33958407824, 0.223541592176, 7.13444807223, -3.92878146384, 0.223541592176, -0.0223541592176, -3.92878146384, -9.41377185362, 0, 7
8.05, 0.027925, 0.0079775, 3.33958407824, 0.223541592176, 7.13444807223, -3.92878146384, 0.223541592176, -0.0223541592176, -3.92878146384, -9.41377185362, 0, 7
8.06, 0.027925, 0.0079775, 3.34181852566, 0.223318147434, 7.09475240244, -4.02287839686, 0.223318147434, -0.0223318147434, -4.02287839686, -9.40436216031, 0, 7
8.06, 0.027925, 0.0079775, 3.34181852566, 0.223318147434, 7.09475240244, -4.02287839686, 0.223318147434, -0.0223318147434, -4.02287839686, -9.40436216031, 0, 7
8.07, 0.027925, 0.0079775, 3.34405073427, 0.223094926573, 7.05411392365, -4.11688104898, 0.223094926573, -0.0223094926573, -4.11688104898, -9.3949618951, 0, 7
8.07, 0.027925, 0.0079775, 3.34405073427, 0.223094926573, 7.05411392365, -4.11688104898, 0.223094926573, -0.0223094926573, -4.11688104898, -9.3949618951, 0, 7
8.08, 0.027925, 0.0079775, 3.34628070578, 0.222871929422, 7.01253336303, -4.21078949292, 0.222871929422, -0.0222871929422, -4.21078949292, -9.38557105071, 0, 7
8.08, 0.027925, 0.0079775, 3.34628070578, 0.222871929422, 7.01253336303, -4.21078949292, 0.222871929422, -0.0222871929422, -4.21078949292, -9.38557105071, 0, 7
8.09, 0.027925, 0.0079775, 3.34850835057, 0.222649164943, 6.9902105811, 2.43025932644, 0.222649164943, -0.0222649164943, 2.43025932644, 895.984434082, 1, 7
8.09, 0.0289223, 0.0089748, 3.34850835057, 0.222649164943, 6.9902105811, 2.43025932644, 0.222649164943, -0.0222649164943, 2.43025932644, 895.984434082, 1, 7
8.1, 0.0289223, 0.0089748, 3.35073316095, 0.222426683905, 7.02518109835, 3.58323844227, 0.222426683905, -0.0222426683905, 3.58323844227, -10.1649738442, 0, 7
8.1, 0.0289223, 0.0089748, 3.35073316095, 0.222426683905, 7.02518109835, 3.58323844227, 0.222426683905, -0.0222426683905, 3.58323844227, -10.1649738442, 0, 7
8.11, 0.0289223, 0.0089748, 3.35295503466, 0.222204496534, 7.05991981895, 3.48169807022, 0.222204496534, -0.0222204496534, 3.48169807022, -10.154819807, 0, 7
8.11, 0.0289223, 0.0089748, 3.35295503466, 0.222204496534, 7.05991981895, 3.48169807022, 0.222204496534, -0.0222204496534, 3.48169807022, -10.154819807, 0, 7
8.12, 0.0289223, 0.0089748, 3.35517540737, 0.221982459263, 7.09397257054, 3.38022629506, 0.221982459263, -0.0221982459263, 3.38022629506, -10.1446726295, 0, 7
8.12, 0.0289223, 0.0089748, 3.35517540737, 0.221982459263, 7.09397257054, 3.38022629506, 0.221982459263, -0.0221982459263, 3.38022629506, -10.1446726295, 0, 7
8.13, 0.0289223, 0.0089748, 3.35739375725, 0.221760624275, 7.12710088675, 3.27884696344, 0.221760624275, -0.0221760624275, 3.27884696344, -10.1345346963, 0, 7
8.13, 0.0289223, 0.0089748, 3.35739375725, 0.221760624275, 7.12710088675, 3.27884696344, 0.221760624275, -0.0221760624275, 3.27884696344, -10.1345346963, 0, 7
8.14, 0.0289223, 0.0089748, 3.35961000912, 0.221538999088, 7.1592704018, 3.17756351193, 0.221538999088, -0.0221538999088, 3.17756351193, -10.1244063512, 0, 7
8.14, 0.0289223, 0.0089748, 3.35961000912, 0.221538999088, 7.1592704018, 3.17756351193, 0.221538999088, -0.0221538999088, 3.17756351193, -10.1244063512, 0, 7
8.15, 0.0289223, 0.0089748, 3.36182418171, 0.221317581829, 7.19048968308, 3.0763750838, 0.221317581829, -0.0221317581829, 3.0763750838, -10.1142875084, 0, 7
8.15, 0.0289223, 0.0089748, 3.36182418171, 0.221317581829, 7.19048968308, 3.0763750838, 0.221317581829, -0.0221317581829, 3.0763750838, -10.1142875084, 0, 7
8.16, 0.0289223, 0.0089748, 3.36403615194, 0.221096384806, 7.22070247468, 2.97528730464, 0.221096384806, -0.0221096384806, 2.97528730464, -10.1041787305, 0, 7
8.16, 0.0289223, 0.0089748, 3.36403615194, 0.221096384806, 7.22070247468, 2.97528730464, 0.221096384806, -0.0221096384806, 2.97528730464, -10.1041787305, 0, 7
8.17, 0.0289223, 0.0089748, 3.36624597537, 0.220875402463, 7.24993417401, 2.87429763471, 0.220875402463, -0.0220875402463, 2.87429763471, -10.0940797635, 0, 7
8.17, 0.0289223, 0.0089748, 3.36624597537, 0.220875402463, 7.24993417401, 2.87429763471, 0.220875402463, -0.0220875402463, 2.87429763471, -10.0940797635, 0, 7
8.18, 0.0289223, 0.0089748, 3.36845358882, 0.220654641118, 7.27815590217, 2.77340896189, 0.220654641118, -0.0220654641118, 2.77340896189, -10.0839908962, 0, 7
8.18, 0.0289223, 0.0089748, 3.36845358882, 0.220654641118, 7.27815590217, 2.77340896189, 0.220654641118, -0.0220654641118, 2.77340896189, -10.0839908962, 0, 7
8.19, 0.0289223, 0.0089748, 3.37065902057, 0.220434097943, 7.30538058719, 2.67261999339, 0.220434097943, -0.0220434097943, 2.67261999339, -10.0739119993, 0, 7
8.19, 0.0289223, 0.0089748, 3.37065902057, 0.220434097943, 7.30538058719, 2.67261999339, 0.220434097943, -0.0220434097943, 2.67261999339, -10.0739119993, 0, 7
8.2, 0.0289223, 0.0089748, 3.37286223682, 0.220213776318, 7.33159278234, 2.57193227388, 0.220213776318, -0.0220213776318, 2.57193227388, -10.0638432274, 0, 7
8.2, 0.0289223, 0.0089748, 3.37286223682, 0.220213776318, 7.33159278234, 2.57193227388, 0.220213776318, -0.0220213776318, 2.57193227388, -10.0638432274, 0, 7
8.21, 0.0289223, 0.0089748, 3.37506325979, 0.219993674021, 7.35680264258, 2.47134478785, 0.219993674021, -0.0219993674021, 2.47134478785, -10.0537844788, 0, 7
8.21, 0.0289223, 0.0089748, 3.37506325979, 0.219993674021, 7.35680264258, 2.47134478785, 0.219993674021, -0.0219993674021, 2.47134478785, -10.0537844788, 0, 7
8.22, 0.0289223, 0.0089748, 3.37726208959, 0.219773791041, 7.38101021332, 2.37085753078, 0.219773791041, -0.0219773791041, 2.37085753078, -10.0437357531, 0, 7
8.22, 0.0289223, 0.0089748, 3.37726208959, 0.219773791041, 7.38101021332, 2.37085753078, 0.219773791041, -0.0219773791041, 2.37085753078, -10.0437357531, 0, 7
8.23, 0.0289223, 0.0089748, 3.37945872621, 0.219554127379, 7.40421549457, 2.27047050265, 0.219554127379, -0.0219554127379, 2.27047050265, -10.0336970503, 0, 7
8.23, 0.0289223, 0.0089748, 3.37945872621, 0.219554127379, 7.40421549457, 2.27047050265, 0.219554127379, -0.0219554127379, 2.27047050265, -10.0336970503, 0, 7
8.24, 0.0289223, 0.0089748, 3.38165317276, 0.219334682724, 7.4264199099, 2.17018356112, 0.219334682724, -0.0219334682724, 2.17018356112, -10.0236683561, 0, 7
8.24, 0.0289223, 0.0089748, 3.38165317276, 0.219334682724, 7.4264199099, 2.17018356112, 0.219334682724, -0.0219334682724, 2.17018356112, -10.0236683561, 0, 7
8.25, 0.0289223, 0.0089748, 3.38384546422, 0.219115453578, 7.44763943605, 2.06999510851, 0.219115453578, -0.0219115453578, 2.06999510851, -10.0136495109, 0, 7
8.25, 0.0289223, 0.0089748, 3.38384546422, 0.219115453578, 7.44763943605, 2.06999510851, 0.219115453578, -0.0219115453578, 2.06999510851, -10.0136495109, 0, 7
8.26, 0.0289223, 0.0089748, 3.3860355697, 0.21889644303, 7.46785996884, 1.96990655523, 0.21889644303, -0.021889644303, 1.96990655523, -10.0036406555, 0, 7
8.26, 0.0289223, 0.0089748, 3.3860355697, 0.21889644303, 7.46785996884, 1.96990655523, 0.21889644303, -0.021889644303, 1.96990655523, -10.0036406555, 0, 7
8.27, 0.0289223, 0.0089748, 3.38822348923, 0.218677651077, 7.48708150826, 1.86991790128, 0.218677651077, -0.0218677651077, 1.86991790128, -9.99364179013, 0, 7
8.27, 0.0289223, 0.0089748, 3.38822348923, 0.218677651077, 7.48708150826, 1.86991790128, 0.218677651077, -0.0218677651077, 1.86991790128, -9.99364179013, 0, 7
8.28, 0.0289223, 0.0089748, 3.39040922279, 0.218459077721, 7.50530405431, 1.77002914668, 0.218459077721, -0.0218459077721, 1.77002914668, -9.98365291467, 0, 7
8.28, 0.0289223, 0.0089748, 3.39040922279, 0.218459077721, 7.50530405431, 1.77002914668, 0.218459077721, -0.0218459077721, 1.77002914668, -9.98365291467, 0, 7
8.29, 0.0289223, 0.0089748, 3.39259277038, 0.218240722962, 7.522527607, 1.67024029141, 0.218240722962, -0.0218240722962, 1.67024029141, -9.97367402914, 0, 7
8.29, 0.0289223, 0.0089748, 3.39259277038, 0.218240722962, 7.522527607, 1.67024029141, 0.218240722962, -0.0218240722962, 1.67024029141, -9.97367402914, 0, 7
8.3, 0.0289223, 0.0089748, 3.39477413201, 0.218022586799, 7.53875216633, 1.57055133548, 0.218022586799, -0.0218022586799, 1.57055133548, -9.96370513355, 0, 7
8.3, 0.0289223, 0.0089748, 3.39477413201, 0.218022586799, 7.53875216633, 1.57055133548, 0.218022586799, -0.0218022586799, 1.57055133548, -9.96370513355, 0, 7
8.31, 0.0289223, 0.0089748, 3.39695330767, 0.217804669233, 7.55397773229, 1.47096227888, 0.217804669233, -0.0217804669233, 1.47096227888, -9.95374622789, 0, 7
8.31, 0.0289223, 0.0089748, 3.39695330767, 0.217804669233, 7.55397773229, 1.47096227888, 0.217804669233, -0.0217804669233, 1.47096227888, -9.95374622789, 0, 7
8.32, 0.0289223, 0.0089748, 3.39913029737, 0.217586970263, 7.56820430488, 1.37147312162, 0.217586970263, -0.0217586970263, 1.37147312162, -9.94379731216, 0, 7
8.32, 0.0289223, 0.0089748, 3.39913029737, 0.217586970263, 7.56820430488, 1.37147312162, 0.217586970263, -0.0217586970263, 1.37147312162, -9.94379731216, 0, 7
8.33, 0.0289223, 0.0089748, 3.4013051011, 0.21736948989, 7.58143188411, 1.2720838637, 0.21736948989, -0.021736948989, 1.2720838637, -9.93385838637, 0, 7
8.33, 0.0289223, 0.0089748, 3.4013051011, 0.21736948989, 7.58143188411, 1.2720838637, 0.21736948989, -0.021736948989, 1.2720838637, -9.93385838637, 0, 7
8.34, 0.0289223, 0.0089748, 3.40347771887, 0.217152228113, 7.59366046997, 1.17279450511, 0.217152228113, -0.0217152228113, 1.17279450511, -9.92392945051, 0, 7
8.34, 0.0289223, 0.0089748, 3.40347771887, 0.217152228113, 7.59366046997, 1.17279450511, 0.217152228113, -0.0217152228113, 1.17279450511, -9.92392945051, 0, 7
8.35, 0.0289223, 0.0089748, 3.40564822981, 0.216935177019, 7.60492623207, 1.0736014289, 0.216935177019, -0.0216935177019, 1.0736014289, -9.91401014289, 0, 7
8.35, 0.0299199, 0.0089748, 3.40564822981, 0.216935177019, 7.60492623207, 1.0736014289, 0.216935177019, -0.0216935177019, 1.0736014289, -9.91401014289, 0, 7
8.36, 0.0299199, 0.0089748, 3.40781658689, 0.216718341311, 7.61520767033, 0.974506785078, 0.216718341311, -0.0216718341311, 0.974506785078, -9.90410067851, 0, 7
8.36, 0.0299199, 0.0089748, 3.40781658689, 0.216718341311, 7.61520767033, 0.974506785078, 0.216718341311, -0.0216718341311, 0.974506785078, -9.90410067851, 0, 7
8.37, 0.0299199, 0.0089748, 3.40998277524, 0.216501722476, 7.62449798969, 0.875511253142, 0.216501722476, -0.0216501722476, 0.875511253142, -9.89420112531, 0, 7
8.37, 0.0299199, 0.0089748, 3.40998277524, 0.216501722476, 7.62449798969, 0.875511253142, 0.216501722476, -0.0216501722476, 0.875511253142, -9.89420112531, 0, 7
8.38, 0.0299199, 0.0089748, 3.41214679485, 0.216285320515, 7.63279719015, 0.776614833095, 0.216285320515, -0.0216285320515, 0.776614833095, -9.88431148331, 0, 7
8.38, 0.0299199, 0.0089748, 3.41214679485, 0.216285320515, 7.63279719015, 0.776614833095, 0.216285320515, -0.0216285320515, 0.776614833095, -9.88431148331, 0, 7
8.39, 0.0299199, 0.0089748, 3.41430864573, 0.216069135427, 7.64010527171, 0.677817524939, 0.216069135427, -0.0216069135427, 0.677817524939, -9.87443175249, 0, 7
8.39, 0.0299199, 0.0089748, 3.41430864573, 0.216069135427, 7.64010527171, 0.677817524939, 0.216069135427, -0.0216069135427, 0.677817524939, -9.87443175249, 0, 7
8.4, 0.0299199, 0.0089748, 3.41646832788, 0.215853167212, 7.64642223438, 0.579119328672, 0.215853167212, -0.0215853167212, 0.579119328672, -9.86456193287, 0, 7
8.4, 0.0299199, 0.0089748, 3.41646832788, 0.215853167212, 7.64642223438, 0.579119328672, 0.215853167212, -0.0215853167212, 0.579119328672, -9.86456193287, 0, 7
8.41, 0.0299199, 0.0089748, 3.41862584128, 0.215637415872, 7.65174807815, 0.480520244296, 0.215637415872, -0.0215637415872, 0.480520244296, -9.85470202443, 0, 7
8.41, 0.0299199, 0.0089748, 3.41862584128, 0.215637415872, 7.65174807815, 0.480520244296, 0.215637415872, -0.0215637415872, 0.480520244296, -9.85470202443, 0, 7
8.42, 0.0299199, 0.0089748, 3.42078118596, 0.215421881404, 7.65608280301, 0.382020271809, 0.215421881404, -0.0215421881404, 0.382020271809, -9.84485202718, 0, 7
8.42, 0.0299199, 0.0089748, 3.42078118596, 0.215421881404, 7.65608280301, 0.382020271809, 0.215421881404, -0.0215421881404, 0.382020271809, -9.84485202718, 0, 7
8.43, 0.0299199, 0.0089748, 3.4229343619, 0.21520656381, 7.65942640898, 0.283619411212, 0.21520656381, -0.021520656381, 0.283619411212, -9.83501194112, 0, 7
8.43, 0.0299199, 0.0089748, 3.4229343619, 0.21520656381, 7.65942640898, 0.283619411212, 0.21520656381, -0.021520656381, 0.283619411212, -9.83501194112, 0, 7
8.44, 0.0299199, 0.0089748, 3.42508536911, 0.214991463089, 7.66177889606, 0.185317662505, 0.214991463089, -0.0214991463089, 0.185317662505, -9.82518176625, 0, 7
8.44, 0.0299199, 0.0089748, 3.42508536911, 0.214991463089, 7.66177889606, 0.185317662505, 0.214991463089, -0.0214991463089, 0.185317662505, -9.82518176625, 0, 7
8.45, 0.0299199, 0.0089748, 3.42723427109, 0.214776572891, 7.66316928868, 0.087112123242, 0.214776572891, -0.0214776572891, 0.087112123242, -9.81536121232, 0, 7
8.45, 0.0299199, 0.0089748, 3.42723427109, 0.214776572891, 7.66316928868, 0.087112123242, 0.214776572891, -0.0214776572891, 0.087112123242, -9.81536121232, 0, 7
8.46, 0.0299199, 0.0089748, 3.42938106752, 0.214561893248, 7.66359743972, -0.0109971918621, 0.214561893248, -0.0214561893248, -0.0109971918621, -9.80555028081, 0, 7
8.46, 0.0299199, 0.0089748, 3.42938106752, 0.214561893248, 7.66359743972, -0.0109971918621, 0.214561893248, -0.0214561893248, -0.0109971918621, -9.80555028081, 0, 7
8.47, 0.0299199, 0.0089748, 3.43152571566, 0.214347428434, 7.66304380862, -0.109008328751, 0.214347428434, -0.0214347428434, -0.109008328751, -9.79574916712, 0, 7
8.47, 0.0299199, 0.0089748, 3.43152571566, 0.214347428434, 7.66304380862, -0.109008328751, 0.214347428434, -0.0214347428434, -0.109008328751, -9.79574916712, 0, 7
8.48, 0.0299199, 0.0089748, 3.43366821548, 0.214133178452, 7.66150839536, -0.206921287425, 0.214133178452, -0.0214133178452, -0.206921287425, -9.78595787126, 0, 7
8.48, 0.0299199, 0.0089748, 3.43366821548, 0.214133178452, 7.66150839536, -0.206921287425, 0.214133178452, -0.0214133178452, -0.206921287425, -9.78595787126, 0, 7
8.49, 0.0299199, 0.0089748, 3.43580856701, 0.213919143299, 7.65899119995, -0.304736067884, 0.213919143299, -0.0213919143299, -0.304736067884, -9.77617639321, 0, 7
8.49, 0.0299199, 0.0089748, 3.43580856701, 0.213919143299, 7.65899119995, -0.304736067884, 0.213919143299, -0.0213919143299, -0.304736067884, -9.77617639321, 0, 7
8.5, 0.0299199, 0.0089748, 3.43794677023, 0.213705322977, 7.65549222239, -0.402452670128, 0.213705322977, -0.0213705322977, -0.402452670128, -9.76640473299, 0, 7
8.5, 0.0299199, 0.0089748, 3.43794677023, 0.213705322977, 7.65549222239, -0.402452670128, 0.213705322977, -0.0213705322977, -0.402452670128, -9.76640473299, 0, 7
8.51, 0.0299199, 0.0089748, 3.44008282514, 0.213491717486, 7.65101146268, -0.500071094157, 0.213491717486, -0.0213491717486, -0.500071094157, -9.75664289058, 0, 7
8.51, 0.0299199, 0.0089748, 3.44008282514, 0.213491717486, 7.65101146268, -0.500071094157, 0.213491717486, -0.0213491717486, -0.500071094157, -9.75664289058, 0, 7
8.52, 0.0299199, 0.0089748, 3.44221673175, 0.213278326825, 7.64554892082, -0.597591339971, 0.213278326825, -0.0213278326825, -0.597591339971, -9.746890866, 0, 7
8.52, 0.0299199, 0.0089748, 3.44221673175, 0.213278326825, 7.64554892082, -0.597591339971, 0.213278326825, -0.0213278326825, -0.597591339971, -9.746890866, 0, 7
8.53, 0.0299199, 0.0089748, 3.44434849006, 0.213065150994, 7.63910459681, -0.69501340757, 0.213065150994, -0.0213065150994, -0.69501340757, -9.73714865924, 0, 7
8.53, 0.0299199, 0.0089748, 3.44434849006, 0.213065150994, 7.63910459681, -0.69501340757, 0.213065150994, -0.0213065150994, -0.69501340757, -9.73714865924, 0, 7
8.54, 0.0299199, 0.0089748, 3.44647810006, 0.212852189994, 7.63167849064, -0.792337296954, 0.212852189994, -0.0212852189994, -0.792337296954, -9.7274162703, 0, 7
8.54, 0.0299199, 0.0089748, 3.44647810006, 0.212852189994, 7.63167849064, -0.792337296954, 0.212852189994, -0.0212852189994, -0.792337296954, -9.7274162703, 0, 7
8.55, 0.0299199, 0.0089748, 3.44860559782, 0.212639440218, 7.62328708125, -0.889564656014, 0.212639440218, -0.0212639440218, -0.889564656014, -9.7176935344, 0, 7
8.55, 0.0299199, 0.0089748, 3.44860559782, 0.212639440218, 7.62328708125, -0.889564656014, 0.212639440218, -0.0212639440218, -0.889564656014, -9.7176935344, 0, 7
8.56, 0.0299199, 0.0089748, 3.45073103819, 0.212426896181, 7.61395543634, -0.986697991524, 0.212426896181, -0.0212426896181, -0.986697991524, -9.70798020085, 0, 7
8.56, 0.0299199, 0.0089748, 3.45073103819, 0.212426896181, 7.61395543634, -0.986697991524, 0.212426896181, -0.0212426896181, -0.986697991524, -9.70798020085, 0, 7
8.57, 0.0299199, 0.0089748, 3.4528543516, 0.21221456484, 7.60365176676, -1.08373412457, 0.21221456484, -0.021221456484, -1.08373412457, -9.69827658754, 0, 7
8.57, 0.0299199, 0.0089748, 3.4528543516, 0.21221456484, 7.60365176676, -1.08373412457, 0.21221456484, -0.021221456484, -1.08373412457, -9.69827658754, 0, 7
8.58, 0.0299199, 0.0089748, 3.45497553806, 0.212002446194, 7.5923760725, -1.18067305514, 0.212002446194, -0.0212002446194, -1.18067305514, -9.68858269449, 0, 7
8.58, 0.0299199, 0.0089748, 3.45497553806, 0.212002446194, 7.5923760725, -1.18067305514, 0.212002446194, -0.0212002446194, -1.18067305514, -9.68858269449, 0, 7
8.59, 0.0299199, 0.0089748, 3.45709459756, 0.211790540244, 7.58012835355, -1.27751478324, 0.211790540244, -0.0211790540244, -1.27751478324, -9.67889852168, 0, 7
8.59, 0.0299199, 0.0089748, 3.45709459756, 0.211790540244, 7.58012835355, -1.27751478324, 0.211790540244, -0.0211790540244, -1.27751478324, -9.67889852168, 0, 7
8.6, 0.0299199, 0.0089748, 3.45921153011, 0.211578846989, 7.56690860992, -1.37425930888, 0.211578846989, -0.0211578846989, -1.37425930888, -9.66922406911, 0, 7
8.6, 0.0299199, 0.0089748, 3.45921153011, 0.211578846989, 7.56690860992, -1.37425930888, 0.211578846989, -0.0211578846989, -1.37425930888, -9.66922406911, 0, 7
8.61, 0.0299199, 0.0089748, 3.46132633571, 0.211367366429, 7.55271684161, -1.47090663205, 0.211367366429, -0.0211367366429, -1.47090663205, -9.65955933679, 0, 7
8.61, 0.0299199, 0.0089748, 3.46132633571, 0.211367366429, 7.55271684161, -1.47090663205, 0.211367366429, -0.0211367366429, -1.47090663205, -9.65955933679, 0, 7
8.62, 0.0299199, 0.0089748, 3.46343901436, 0.211156098564, 7.53755304862, -1.56745675275, 0.211156098564, -0.0211156098564, -1.56745675275, -9.64990432472, 0, 7
8.62, 0.0299199, 0.0089748, 3.46343901436, 0.211156098564, 7.53755304862, -1.56745675275, 0.211156098564, -0.0211156098564, -1.56745675275, -9.64990432472, 0, 7
8.63, 0.0299199, 0.0089748, 3.46554956605, 0.210945043395, 7.52141723095, -1.66390967098, 0.210945043395, -0.0210945043395, -1.66390967098, -9.6402590329, 0, 7
8.63, 0.0299199, 0.0089748, 3.46554956605, 0.210945043395, 7.52141723095, -1.66390967098, 0.210945043395, -0.0210945043395, -1.66390967098, -9.6402590329, 0, 7
8.64, 0.0299199, 0.0089748, 3.46765799079, 0.210734200921, 7.50430938859, -1.76026538675, 0.210734200921, -0.0210734200921, -1.76026538675, -9.63062346133, 0, 7
8.64, 0.0299199, 0.0089748, 3.46765799079, 0.210734200921, 7.50430938859, -1.76026538675, 0.210734200921, -0.0210734200921, -1.76026538675, -9.63062346133, 0, 7
8.65, 0.0299199, 0.0089748, 3.46976429848, 0.210523570152, 7.48623404757, -1.85652435265, 0.210523570152, -0.0210523570152, -1.85652435265, -9.62099756474, 0, 7
8.65, 0.0299199, 0.0089748, 3.46976429848, 0.210523570152, 7.48623404757, -1.85652435265, 0.210523570152, -0.0210523570152, -1.85652435265, -9.62099756474, 0, 7
8.66, 0.0299199, 0.0089748, 3.47186863938, 0.210313136062, 7.46725987577, -1.95269343547, 0.210313136062, -0.0210313136062, -1.95269343547, -9.61138065645, 0, 7
8.66, 0.0299199, 0.0089748, 3.47186863938, 0.210313136062, 7.46725987577, -1.95269343547, 0.210313136062, -0.0210313136062, -1.95269343547, -9.61138065645, 0, 7
8.67, 0.0299199, 0.0089748, 3.47397088578, 0.210102911422, 7.44732851166, -2.04876679906, 0.210102911422, -0.0210102911422, -2.04876679906, -9.60177332009, 0, 7
8.67, 0.0299199, 0.0089748, 3.47397088578, 0.210102911422, 7.44732851166, -2.04876679906, 0.210102911422, -0.0210102911422, -2.04876679906, -9.60177332009, 0, 7
8.68, 0.0309169, 0.0099718, 3.47607103831, 0.209892896169, 7.42644024202, -2.14474447209, 0.209892896169, -0.0209892896169, -2.14474447209, -9.59217555279, 0, 7
8.68, 0.0309169, 0.0099718, 3.47607103831, 0.209892896169, 7.42644024202, -2.14474447209, 0.209892896169, -0.0209892896169, -2.14474447209, -9.59217555279, 0, 7
8.69, 0.0309169, 0.0099718, 3.4781690976, 0.20968309024, 7.40459535365, -2.24062648325, 0.20968309024, -0.020968309024, -2.24062648325, -9.58258735167, 0, 7
8.69, 0.0309169, 0.0099718, 3.4781690976, 0.20968309024, 7.40459535365, -2.24062648325, 0.20968309024, -0.020968309024, -2.24062648325, -9.58258735167, 0, 7
8.7, 0.0309169, 0.0099718, 3.48026506427, 0.209473493573, 7.38179413335, -2.33641286122, 0.209473493573, -0.0209473493573, -2.33641286122, -9.57300871388, 0, 7
8.7, 0.0309169, 0.0099718, 3.48026506427, 0.209473493573, 7.38179413335, -2.33641286122, 0.209473493573, -0.0209473493573, -2.33641286122, -9.57300871388, 0, 7
8.71, 0.0309169, 0.0099718, 3.48235893896, 0.209264106104, 7.35803686792, -2.43210363468, 0.209264106104, -0.0209264106104, -2.43210363468, -9.56343963653, 0, 7
8.71, 0.0309169, 0.0099718, 3.48235893896, 0.209264106104, 7.35803686792, -2.43210363468, 0.209264106104, -0.0209264106104, -2.43210363468, -9.56343963653, 0, 7
8.72, 0.0309169, 0.0099718, 3.48445072229, 0.209054927771, 7.33332384414, -2.5276988323, 0.209054927771, -0.0209054927771, -2.5276988323, -9.55388011677, 0, 7
8.72, 0.0309169, 0.0099718, 3.48445072229, 0.209054927771, 7.33332384414, -2.5276988323, 0.209054927771, -0.0209054927771, -2.5276988323, -9.55388011677, 0, 7
8.73, 0.0309169, 0.0099718, 3.48654041488, 0.208845958512, 7.30765534883, -2.62319848277, 0.208845958512, -0.0208845958512, -2.62319848277, -9.54433015172, 0, 7
8.73, 0.0309169, 0.0099718, 3.48654041488, 0.208845958512, 7.30765534883, -2.62319848277, 0.208845958512, -0.0208845958512, -2.62319848277, -9.54433015172, 0, 7
8.74, 0.0309169, 0.0099718, 3.48862801737, 0.208637198263, 7.28103166877, -2.71860261477, 0.208637198263, -0.0208637198263, -2.71860261477, -9.53478973852, 0, 7
8.74, 0.0309169, 0.0099718, 3.48862801737, 0.208637198263, 7.28103166877, -2.71860261477, 0.208637198263, -0.0208637198263, -2.71860261477, -9.53478973852, 0, 7
8.75, 0.0309169, 0.0099718, 3.49071353038, 0.208428646962, 7.25345309077, -2.81391125697, 0.208428646962, -0.0208428646962, -2.81391125697, -9.5252588743, 0, 7
8.75, 0.0309169, 0.0099718, 3.49071353038, 0.208428646962, 7.25345309077, -2.81391125697, 0.208428646962, -0.0208428646962, -2.81391125697, -9.5252588743, 0, 7
8.76, 0.0309169, 0.0099718, 3.49279695455, 0.208220304545, 7.22491990162, -2.90912443805, 0.208220304545, -0.0208220304545, -2.90912443805, -9.51573755619, 0, 7
8.76, 0.0309169, 0.0099718, 3.49279695455, 0.208220304545, 7.22491990162, -2.90912443805, 0.208220304545, -0.0208220304545, -2.90912443805, -9.51573755619, 0, 7
8.77, 0.0309169, 0.0099718, 3.49487829049, 0.208012170951, 7.19543238812, -3.0042421867, 0.208012170951, -0.0208012170951, -3.0042421867, -9.50622578133, 0, 7
8.77, 0.0309169, 0.0099718, 3.49487829049, 0.208012170951, 7.19543238812, -3.0042421867, 0.208012170951, -0.0208012170951, -3.0042421867, -9.50622578133, 0, 7
8.78, 0.0309169, 0.0099718, 3.49695753884, 0.207804246116, 7.16499083706, -3.0992645316, 0.207804246116, -0.0207804246116, -3.0992645316, -9.49672354684, 0, 7
8.78, 0.0309169, 0.0099718, 3.49695753884, 0.207804246116, 7.16499083706, -3.0992645316, 0.207804246116, -0.0207804246116, -3.0992645316, -9.49672354684, 0, 7
8.79, 0.0309169, 0.0099718, 3.49903470022, 0.207596529978, 7.13359553524, -3.19419150141, 0.207596529978, -0.0207596529978, -3.19419150141, -9.48723084986, 0, 7
8.79, 0.0309169, 0.0099718, 3.49903470022, 0.207596529978, 7.13359553524, -3.19419150141, 0.207596529978, -0.0207596529978, -3.19419150141, -9.48723084986, 0, 7
8.8, 0.0309169, 0.0099718, 3.50110977526, 0.207389022474, 7.10124676947, -3.28902312484, 0.207389022474, -0.0207389022474, -3.28902312484, -9.47774768752, 0, 7
8.8, 0.0309169, 0.0099718, 3.50110977526, 0.207389022474, 7.10124676947, -3.28902312484, 0.207389022474, -0.0207389022474, -3.28902312484, -9.47774768752, 0, 7
8.81, 0.0309169, 0.0099718, 3.50318276459, 0.207181723541, 7.06794482653, -3.38375943054, 0.207181723541, -0.0207181723541, -3.38375943054, -9.46827405695, 0, 7
8.81, 0.0309169, 0.0099718, 3.50318276459, 0.207181723541, 7.06794482653, -3.38375943054, 0.207181723541, -0.0207181723541, -3.38375943054, -9.46827405695, 0, 7
8.82, 0.0309169, 0.0099718, 3.50525366884, 0.206974633116, 7.03368999322, -3.47840044721, 0.206974633116, -0.0206974633116, -3.47840044721, -9.45880995528, 0, 7
8.82, 0.0309169, 0.0099718, 3.50525366884, 0.206974633116, 7.03368999322, -3.47840044721, 0.206974633116, -0.0206974633116, -3.47840044721, -9.45880995528, 0, 7
8.83, 0.0309169, 0.0099718, 3.50732248429, 0.206767751571, 6.99849579902, -3.4948239417, 0.206767751571, -0.0206767751571, -3.4948239417, 245.807648398, 1, 7
8.83, 0.0309169, 0.0099718, 3.50732248429, 0.206767751571, 6.99849579902, -3.4948239417, 0.206767751571, -0.0206767751571, -3.4948239417, 245.807648398, 1, 7
8.84, 0.0309169, 0.0099718, 3.50938911545, 0.206561088455, 7.00126333754, 3.07200337299, 0.206561088455, -0.0206561088455, 3.07200337299, -10.1138503373, 0, 7
8.84, 0.0309169, 0.0099718, 3.50938911545, 0.206561088455, 7.00126333754, 3.07200337299, 0.206561088455, -0.0206561088455, 3.07200337299, -10.1138503373, 0, 7
8.85, 0.0309169, 0.0099718, 3.51145291162, 0.206354708838, 7.03109483012, 2.97095372373, 0.206354708838, -0.0206354708838, 2.97095372373, -10.1037453724, 0, 7
8.85, 0.0309169, 0.0099718, 3.51145291162, 0.206354708838, 7.03109483012, 2.97095372373, 0.206354708838, -0.0206354708838, 2.97095372373, -10.1037453724, 0, 7
8.86, 0.0309169, 0.0099718, 3.5135151244, 0.20614848756, 7.06015105269, 2.86998160148, 0.20614848756, -0.020614848756, 2.86998160148, -10.0936481601, 0, 7
8.86, 0.0309169, 0.0099718, 3.5135151244, 0.20614848756, 7.06015105269, 2.86998160148, 0.20614848756, -0.020614848756, 2.86998160148, -10.0936481601, 0, 7
8.87, 0.0309169, 0.0099718, 3.51557533785, 0.205942466215, 7.08822834124, 2.76910737262, 0.205942466215, -0.0205942466215, 2.76910737262, -10.0835607373, 0, 7
8.87, 0.0309169, 0.0099718, 3.51557533785, 0.205942466215, 7.08822834124, 2.76910737262, 0.205942466215, -0.0205942466215, 2.76910737262, -10.0835607373, 0, 7
8.88, 0.0309169, 0.0099718, 3.51763364849, 0.205736635151, 7.11537395208, 2.66832631154, 0.205736635151, -0.0205736635151, 2.66832631154, -10.0734826312, 0, 7
8.88, 0.0309169, 0.0099718, 3.51763364849, 0.205736635151, 7.11537395208, 2.66832631154, 0.205736635151, -0.0205736635151, 2.66832631154, -10.0734826312, 0, 7
8.89, 0.0309169, 0.0099718, 3.51968992918, 0.205531007082, 7.14152564425, 2.56764464232, 0.205531007082, -0.0205531007082, 2.56764464232, -10.0634144642, 0, 7
8.89, 0.0309169, 0.0099718, 3.51968992918, 0.205531007082, 7.14152564425, 2.56764464232, 0.205531007082, -0.0205531007082, 2.56764464232, -10.0634144642, 0, 7
8.9, 0.0309169, 0.0099718, 3.52174416469, 0.205325583531, 7.1666759527, 2.46706311148, 0.205325583531, -0.0205325583531, 2.46706311148, -10.0533563111, 0, 7
8.9, 0.0309169, 0.0099718, 3.52174416469, 0.205325583531, 7.1666759527, 2.46706311148, 0.205325583531, -0.0205325583531, 2.46706311148, -10.0533563111, 0, 7
8.91, 0.0309169, 0.0099718, 3.52379635433, 0.205120364567, 7.1908245419, 2.36658175256, 0.205120364567, -0.0205120364567, 2.36658175256, -10.0433081753, 0, 7
8.91, 0.0309169, 0.0099718, 3.52379635433, 0.205120364567, 7.1908245419, 2.36658175256, 0.205120364567, -0.0205120364567, 2.36658175256, -10.0433081753, 0, 7
8.92, 0.0309169, 0.0099718, 3.52584651572, 0.204915348428, 7.21398004198, 2.26619970255, 0.204915348428, -0.0204915348428, 2.26619970255, -10.0332699703, 0, 7
8.92, 0.0309169, 0.0099718, 3.52584651572, 0.204915348428, 7.21398004198, 2.26619970255, 0.204915348428, -0.0204915348428, 2.26619970255, -10.0332699703, 0, 7
8.93, 0.0309169, 0.0099718, 3.52789462806, 0.204710537194, 7.23613226186, 2.16591798056, 0.204710537194, -0.0204710537194, 2.16591798056, -10.0232417981, 0, 7
8.93, 0.0309169, 0.0099718, 3.52789462806, 0.204710537194, 7.23613226186, 2.16591798056, 0.204710537194, -0.0204710537194, 2.16591798056, -10.0232417981, 0, 7
8.94, 0.0309169, 0.0099718, 3.52994069476, 0.204505930524, 7.25728287954, 2.06573641879, 0.204505930524, -0.0204505930524, 2.06573641879, -10.0132236419, 0, 7
8.94, 0.0309169, 0.0099718, 3.52994069476, 0.204505930524, 7.25728287954, 2.06573641879, 0.204505930524, -0.0204505930524, 2.06573641879, -10.0132236419, 0, 7
8.95, 0.0309169, 0.0099718, 3.53198472333, 0.204301527667, 7.27743556545, 1.9656546502, 0.204301527667, -0.0204301527667, 1.9656546502, -10.003215465, 0, 7
8.95, 0.0309169, 0.0099718, 3.53198472333, 0.204301527667, 7.27743556545, 1.9656546502, 0.204301527667, -0.0204301527667, 1.9656546502, -10.003215465, 0, 7
8.96, 0.0309169, 0.0099718, 3.53402671377, 0.204097328623, 7.29659031959, 1.86567267479, 0.204097328623, -0.0204097328623, 1.86567267479, -9.99321726748, 0, 7
8.96, 0.0309169, 0.0099718, 3.53402671377, 0.204097328623, 7.29659031959, 1.86567267479, 0.204097328623, -0.0204097328623, 1.86567267479, -9.99321726748, 0, 7
8.97, 0.0309169, 0.0099718, 3.53606666607, 0.203893333393, 7.31474714194, 1.76579049255, 0.203893333393, -0.0203893333393, 1.76579049255, -9.98322904926, 0, 7
8.97, 0.0319142, 0.0109691, 3.53606666607, 0.203893333393, 7.31474714194, 1.76579049255, 0.203893333393, -0.0203893333393, 1.76579049255, -9.98322904926, 0, 7
8.98, 0.0319142, 0.0109691, 3.53810459599, 0.203689540401, 7.33191374642, 1.6660073321, 0.203689540401, -0.0203689540401, 1.6660073321, -9.97325073321, 0, 7
8.98, 0.0319142, 0.0109691, 3.53810459599, 0.203689540401, 7.33191374642, 1.6660073321, 0.203689540401, -0.0203689540401, 1.6660073321, -9.97325073321, 0, 7
8.99, 0.0319142, 0.0109691, 3.54014051977, 0.203485948023, 7.34809807959, 1.56632239879, 0.203485948023, -0.0203485948023, 1.56632239879, -9.96328223988, 0, 7
8.99, 0.0319142, 0.0109691, 3.54014051977, 0.203485948023, 7.34809807959, 1.56632239879, 0.203485948023, -0.0203485948023, 1.56632239879, -9.96328223988, 0, 7
9, 0.0319142, 0.0109691, 3.54217441301, 0.203282558699, 7.36328820683, 1.46673688606, 0.203282558699, -0.0203282558699, 1.46673688606, -9.95332368861, 0, 7
9, 0.0319142, 0.0109691, 3.54217441301, 0.203282558699, 7.36328820683, 1.46673688606, 0.203282558699, -0.0203282558699, 1.46673688606, -9.95332368861, 0, 7
9.01, 0.0319142, 0.0109691, 3.54420627574, 0.203079372426, 7.37748412815, 1.36725079393, 0.203079372426, -0.0203079372426, 1.36725079393, -9.94337507939, 0, 7
9.01, 0.0319142, 0.0109691, 3.54420627574, 0.203079372426, 7.37748412815, 1.36725079393, 0.203079372426, -0.0203079372426, 1.36725079393, -9.94337507939, 0, 7
9.02, 0.0319142, 0.0109691, 3.54623610793, 0.202876389207, 7.39068584354, 1.26786412239, 0.202876389207, -0.0202876389207, 1.26786412239, -9.93343641224, 0, 7
9.02, 0.0319142, 0.0109691, 3.54623610793, 0.202876389207, 7.39068584354, 1.26786412239, 0.202876389207, -0.0202876389207, 1.26786412239, -9.93343641224, 0, 7
9.03, 0.0319142, 0.0109691, 3.5482639096, 0.20267360904, 7.40289335301, 1.16857687145, 0.20267360904, -0.020267360904, 1.16857687145, -9.92350768714, 0, 7
9.03, 0.0319142, 0.0109691, 3.5482639096, 0.20267360904, 7.40289335301, 1.16857687145, 0.20267360904, -0.020267360904, 1.16857687145, -9.92350768714, 0, 7
9.04, 0.0319142, 0.0109691, 3.55028968075, 0.202471031925, 7.41410665656, 1.06938904109, 0.202471031925, -0.0202471031925, 1.06938904109, -9.91358890411, 0, 7
9.04, 0.0319142, 0.0109691, 3.55028968075, 0.202471031925, 7.41410665656, 1.06938904109, 0.202471031925, -0.0202471031925, 1.06938904109, -9.91358890411, 0, 7
9.05, 0.0319142, 0.0109691, 3.55231342137, 0.202268657863, 7.42432575418, 0.970300631329, 0.202268657863, -0.0202268657863, 0.970300631329, -9.90368006313, 0, 7
9.05, 0.0319142, 0.0109691, 3.55231342137, 0.202268657863, 7.42432575418, 0.970300631329, 0.202268657863, -0.0202268657863, 0.970300631329, -9.90368006313, 0, 7
9.06, 0.0319142, 0.0109691, 3.55433513147, 0.202066486853, 7.43355064588, 0.871311642159, 0.202066486853, -0.0202066486853, 0.871311642159, -9.89378116422, 0, 7
9.06, 0.0319142, 0.0109691, 3.55433513147, 0.202066486853, 7.43355064588, 0.871311642159, 0.202066486853, -0.0202066486853, 0.871311642159, -9.89378116422, 0, 7
9.07, 0.0319142, 0.0109691, 3.55635481104, 0.201864518896, 7.44178133166, 0.772422073581, 0.201864518896, -0.0201864518896, 0.772422073581, -9.88389220736, 0, 7
9.07, 0.0319142, 0.0109691, 3.55635481104, 0.201864518896, 7.44178133166, 0.772422073581, 0.201864518896, -0.0201864518896, 0.772422073581, -9.88389220736, 0, 7
9.08, 0.0319142, 0.0109691, 3.55837246009, 0.201662753991, 7.44901781151, 0.673631925596, 0.201662753991, -0.0201662753991, 0.673631925596, -9.87401319256, 0, 7
9.08, 0.0319142, 0.0109691, 3.55837246009, 0.201662753991, 7.44901781151, 0.673631925596, 0.201662753991, -0.0201662753991, 0.673631925596, -9.87401319256, 0, 7
9.09, 0.0319142, 0.0109691, 3.56038813329, 0.201461186671, 7.45528685625, 0.574938521122, 0.201461186671, -0.0201461186671, 0.574938521122, -9.86414385211, 0, 7
9.09, 0.0319142, 0.0109691, 3.56038813329, 0.201461186671, 7.45528685625, 0.574938521122, 0.201461186671, -0.0201461186671, 0.574938521122, -9.86414385211, 0, 7
9.1, 0.0319142, 0.0109691, 3.5624018315, 0.20125981685, 7.46058888957, 0.47634181779, 0.20125981685, -0.020125981685, 0.47634181779, -9.85428418178, 0, 7
9.1, 0.0319142, 0.0109691, 3.5624018315, 0.20125981685, 7.46058888957, 0.47634181779, 0.20125981685, -0.020125981685, 0.47634181779, -9.85428418178, 0, 7
9.11, 0.0319142, 0.0109691, 3.56441351623, 0.201058648377, 7.46490506118, 0.37784370063, 0.201058648377, -0.0201058648377, 0.37784370063, -9.84443437006, 0, 7
9.11, 0.0319142, 0.0109691, 3.56441351623, 0.201058648377, 7.46490506118, 0.37784370063, 0.201058648377, -0.0201058648377, 0.37784370063, -9.84443437006, 0, 7
9.12, 0.0319142, 0.0109691, 3.56642318748, 0.200857681252, 7.46823537106, 0.279444169642, 0.200857681252, -0.0200857681252, 0.279444169642, -9.83459441696, 0, 7
9.12, 0.0319142, 0.0109691, 3.56642318748, 0.200857681252, 7.46823537106, 0.279444169642, 0.200857681252, -0.0200857681252, 0.279444169642, -9.83459441696, 0, 7
9.13, 0.0319142, 0.0109691, 3.56843084524, 0.200656915476, 7.47057981922, 0.181143224826, 0.200656915476, -0.0200656915476, 0.181143224826, -9.82476432248, 0, 7
9.13, 0.0319142, 0.0109691, 3.56843084524, 0.200656915476, 7.47057981922, 0.181143224826, 0.200656915476, -0.0200656915476, 0.181143224826, -9.82476432248, 0, 7
9.14, 0.0319142, 0.0109691, 3.57043648953, 0.200456351047, 7.47193840566, 0.0829408661816, 0.200456351047, -0.0200456351047, 0.0829408661816, -9.81494408662, 0, 7
9.14, 0.0319142, 0.0109691, 3.57043648953, 0.200456351047, 7.47193840566, 0.0829408661816, 0.200456351047, -0.0200456351047, 0.0829408661816, -9.81494408662, 0, 7
9.15, 0.0319142, 0.0109691, 3.57244012032, 0.200255987968, 7.47231113037, -0.0151629062902, 0.200255987968, -0.0200255987968, -0.0151629062902, -9.80513370937, 0, 7
9.15, 0.0319142, 0.0109691, 3.57244012032, 0.200255987968, 7.47231113037, -0.0151629062902, 0.200255987968, -0.0200255987968, -0.0151629062902, -9.80513370937, 0, 7
9.16, 0.0319142, 0.0109691, 3.57444173764, 0.200055826236, 7.47169799337, -0.11316809259, 0.200055826236, -0.0200055826236, -0.11316809259, -9.79533319074, 0, 7
9.16, 0.0319142, 0.0109691, 3.57444173764, 0.200055826236, 7.47169799337, -0.11316809259, 0.200055826236, -0.0200055826236, -0.11316809259, -9.79533319074, 0, 7
9.17, 0.0319142, 0.0109691, 3.57644134147, 0.199855865853, 7.47009899465, -0.211074692718, 0.199855865853, -0.0199855865853, -0.211074692718, -9.78554253073, 0, 7
9.17, 0.0319142, 0.0109691, 3.57644134147, 0.199855865853, 7.47009899465, -0.211074692718, 0.199855865853, -0.0199855865853, -0.211074692718, -9.78554253073, 0, 7
9.18, 0.0319142, 0.0109691, 3.57843893182, 0.199656106818, 7.4675141342, -0.308882706673, 0.199656106818, -0.0199656106818, -0.308882706673, -9.77576172933, 0, 7
9.18, 0.0319142, 0.0109691, 3.57843893182, 0.199656106818, 7.4675141342, -0.308882706673, 0.199656106818, -0.0199656106818, -0.308882706673, -9.77576172933, 0, 7
9.19, 0.0319142, 0.0109691, 3.58043450868, 0.199456549132, 7.46394341204, -0.406592134457, 0.199456549132, -0.0199456549132, -0.406592134457, -9.76599078655, 0, 7
9.19, 0.0319142, 0.0109691, 3.58043450868, 0.199456549132, 7.46394341204, -0.406592134457, 0.199456549132, -0.0199456549132, -0.406592134457, -9.76599078655, 0, 7
9.2, 0.0319142, 0.0109691, 3.58242815993, 0.199257184007, 7.45942984648, -0.5042072779, 0.199257184007, -0.0199257184007, -0.5042072779, -9.75622927221, 0, 7
9.2, 0.0319142, 0.0109691, 3.58242815993, 0.199257184007, 7.45942984648, -0.5042072779, 0.199257184007, -0.0199257184007, -0.5042072779, -9.75622927221, 0, 7
9.21, 0.0319142, 0.0109691, 3.58441984333, 0.199058015667, 7.45395276738, -0.601726069991, 0.199058015667, -0.0199058015667, -0.601726069991, -9.746477393, 0, 7
9.21, 0.0319142, 0.0109691, 3.58441984333, 0.199058015667, 7.45395276738, -0.601726069991, 0.199058015667, -0.0199058015667, -0.601726069991, -9.746477393, 0, 7
9.22, 0.0319142, 0.0109691, 3.58640953329, 0.198859046671, 7.44749963953, -0.699147257206, 0.198859046671, -0.0198859046671, -0.699147257206, -9.73673527428, 0, 7
9.22, 0.0319142, 0.0109691, 3.58640953329, 0.198859046671, 7.44749963953, -0.699147257206, 0.198859046671, -0.0198859046671, -0.699147257206, -9.73673527428, 0, 7
9.23, 0.0319142, 0.0109691, 3.58839722981, 0.198660277019, 7.44007046291, -0.796470839544, 0.198660277019, -0.0198660277019, -0.796470839544, -9.72700291605, 0, 7
9.23, 0.0319142, 0.0109691, 3.58839722981, 0.198660277019, 7.44007046291, -0.796470839544, 0.198660277019, -0.0198660277019, -0.796470839544, -9.72700291605, 0, 7
9.24, 0.0319142, 0.0109691, 3.59038293288, 0.198461706712, 7.43166523754, -0.893696817006, 0.198461706712, -0.0198461706712, -0.893696817006, -9.7172803183, 0, 7
9.24, 0.0319142, 0.0109691, 3.59038293288, 0.198461706712, 7.43166523754, -0.893696817006, 0.198461706712, -0.0198461706712, -0.893696817006, -9.7172803183, 0, 7
9.25, 0.0319142, 0.0109691, 3.59236664252, 0.198263335748, 7.4222839634, -0.990825189593, 0.198263335748, -0.0198263335748, -0.990825189593, -9.70756748104, 0, 7
9.25, 0.0319142, 0.0109691, 3.59236664252, 0.198263335748, 7.4222839634, -0.990825189593, 0.198263335748, -0.0198263335748, -0.990825189593, -9.70756748104, 0, 7
9.26, 0.0319142, 0.0109691, 3.59434835871, 0.198065164129, 7.4119266405, -1.0878559573, 0.198065164129, -0.0198065164129, -1.0878559573, -9.69786440427, 0, 7
9.26, 0.0319142, 0.0109691, 3.59434835871, 0.198065164129, 7.4119266405, -1.0878559573, 0.198065164129, -0.0198065164129, -1.0878559573, -9.69786440427, 0, 7
9.27, 0.0319142, 0.0109691, 3.59632808146, 0.197867191854, 7.40059326884, -1.18478912014, 0.197867191854, -0.0197867191854, -1.18478912014, -9.68817108799, 0, 7
9.27, 0.0319142, 0.0109691, 3.59632808146, 0.197867191854, 7.40059326884, -1.18478912014, 0.197867191854, -0.0197867191854, -1.18478912014, -9.68817108799, 0, 7
9.28, 0.0319142, 0.0109691, 3.59830581077, 0.197669418923, 7.38828384842, -1.28162467809, 0.197669418923, -0.0197669418923, -1.28162467809, -9.67848753219, 0, 7
9.28, 0.0319142, 0.0109691, 3.59830581077, 0.197669418923, 7.38828384842, -1.28162467809, 0.197669418923, -0.0197669418923, -1.28162467809, -9.67848753219, 0, 7
9.29, 0.0319142, 0.0109691, 3.60028154664, 0.197471845336, 7.37499837923, -1.37836263118, 0.197471845336, -0.0197471845336, -1.37836263118, -9.66881373688, 0, 7
9.29, 0.0319142, 0.0109691, 3.60028154664, 0.197471845336, 7.37499837923, -1.37836263118, 0.197471845336, -0.0197471845336, -1.37836263118, -9.66881373688, 0, 7
9.3, 0.0319142, 0.0109691, 3.60225528907, 0.197274471093, 7.36073686129, -1.47500297938, 0.197274471093, -0.0197274471093, -1.47500297938, -9.65914970206, 0, 7
9.3, 0.0329116, 0.0109691, 3.60225528907, 0.197274471093, 7.36073686129, -1.47500297938, 0.197274471093, -0.0197274471093, -1.47500297938, -9.65914970206, 0, 7
9.31, 0.0329116, 0.0109691, 3.60422715498, 0.197077284502, 7.34555654464, -1.57155144772, 0.197077284502, -0.0197077284502, -1.57155144772, -9.64949485523, 0, 7
9.31, 0.0329116, 0.0109691, 3.60422715498, 0.197077284502, 7.34555654464, -1.57155144772, 0.197077284502, -0.0197077284502, -1.57155144772, -9.64949485523, 0, 7
9.32, 0.0329116, 0.0109691, 3.60619705373, 0.196880294627, 7.32941304885, -1.66800359814, 0.196880294627, -0.0196880294627, -1.66800359814, -9.63984964019, 0, 7
9.32, 0.0329116, 0.0109691, 3.60619705373, 0.196880294627, 7.32941304885, -1.66800359814, 0.196880294627, -0.0196880294627, -1.66800359814, -9.63984964019, 0, 7
9.33, 0.0329116, 0.0109691, 3.60816497994, 0.196683502006, 7.31230373314, -1.76435916657, 0.196683502006, -0.0196683502006, -1.76435916657, -9.63021408334, 0, 7
9.33, 0.0329116, 0.0109691, 3.60816497994, 0.196683502006, 7.31230373314, -1.76435916657, 0.196683502006, -0.0196683502006, -1.76435916657, -9.63021408334, 0, 7
9.34, 0.0329116, 0.0109691, 3.61013093359, 0.196486906641, 7.29422859754, -1.86061815301, 0.196486906641, -0.0196486906641, -1.86061815301, -9.6205881847, 0, 7
9.34, 0.0329116, 0.0109691, 3.61013093359, 0.196486906641, 7.29422859754, -1.86061815301, 0.196486906641, -0.0196486906641, -1.86061815301, -9.6205881847, 0, 7
9.35, 0.0329116, 0.0109691, 3.61209491469, 0.196290508531, 7.27518764202, -1.95678055745, 0.196290508531, -0.0196290508531, -1.95678055745, -9.61097194425, 0, 7
9.35, 0.0329116, 0.0109691, 3.61209491469, 0.196290508531, 7.27518764202, -1.95678055745, 0.196290508531, -0.0196290508531, -1.95678055745, -9.61097194425, 0, 7
9.36, 0.0329116, 0.0109691, 3.61405692324, 0.196094307676, 7.2551808666, -2.05284637991, 0.196094307676, -0.0196094307676, -2.05284637991, -9.60136536201, 0, 7
9.36, 0.0329116, 0.0109691, 3.61405692324, 0.196094307676, 7.2551808666, -2.05284637991, 0.196094307676, -0.0196094307676, -2.05284637991, -9.60136536201, 0, 7
9.37, 0.0329116, 0.0109691, 3.61601695924, 0.195898304076, 7.23420827127, -2.14881562038, 0.195898304076, -0.0195898304076, -2.14881562038, -9.59176843796, 0, 7
9.37, 0.0329116, 0.0109691, 3.61601695924, 0.195898304076, 7.23420827127, -2.14881562038, 0.195898304076, -0.0195898304076, -2.14881562038, -9.59176843796, 0, 7
9.38, 0.0329116, 0.0109691, 3.61797502269, 0.195702497731, 7.21226985604, -2.24468827886, 0.195702497731, -0.0195702497731, -2.24468827886, -9.58218117211, 0, 7
9.38, 0.0329116, 0.0109691, 3.61797502269, 0.195702497731, 7.21226985604, -2.24468827886, 0.195702497731, -0.0195702497731, -2.24468827886, -9.58218117211, 0, 7
9.39, 0.0329116, 0.0109691, 3.61993111359, 0.195506888641, 7.1893656209, -2.34046435534, 0.195506888641, -0.0195506888641, -2.34046435534, -9.57260356447, 0, 7
9.39, 0.0329116, 0.0109691, 3.61993111359, 0.195506888641, 7.1893656209, -2.34046435534, 0.195506888641, -0.0195506888641, -2.34046435534, -9.57260356447, 0, 7
9.4, 0.0329116, 0.0109691, 3.62188523194, 0.195311476806, 7.16549556586, -2.43614384984, 0.195311476806, -0.0195311476806, -2.43614384984, -9.56303561502, 0, 7
9.4, 0.0329116, 0.0109691, 3.62188523194, 0.195311476806, 7.16549556586, -2.43614384984, 0.195311476806, -0.0195311476806, -2.43614384984, -9.56303561502, 0, 7
9.41, 0.0329116, 0.0109691, 3.62383740039, 0.195116259961, 7.14067078262, -2.53172787151, 0.195116259961, -0.0195116259961, -2.53172787151, -9.55347721285, 0, 7
9.41, 0.0329116, 0.0109691, 3.62383740039, 0.195116259961, 7.14067078262, -2.53172787151, 0.195116259961, -0.0195116259961, -2.53172787151, -9.55347721285, 0, 7
9.42, 0.0329116, 0.0109691, 3.62578774659, 0.194921225341, 7.11495376756, -2.62722267001, 0.194921225341, -0.0194921225341, -2.62722267001, -9.543927733, 0, 7
9.42, 0.0329116, 0.0109691, 3.62578774659, 0.194921225341, 7.11495376756, -2.62722267001, 0.194921225341, -0.0194921225341, -2.62722267001, -9.543927733, 0, 7
9.43, 0.0329116, 0.0109691, 3.62773615143, 0.194726384857, 7.08828620519, -2.72262241377, 0.194726384857, -0.0194726384857, -2.72262241377, -9.53438775862, 0, 7
9.43, 0.0329116, 0.0109691, 3.62773615143, 0.194726384857, 7.08828620519, -2.72262241377, 0.194726384857, -0.0194726384857, -2.72262241377, -9.53438775862, 0, 7
9.44, 0.0329116, 0.0109691, 3.62968261551, 0.194531738449, 7.06066839014, -2.81792713227, 0.194531738449, -0.0194531738449, -2.81792713227, -9.52485728677, 0, 7
9.44, 0.0329116, 0.0109691, 3.62968261551, 0.194531738449, 7.06066839014, -2.81792713227, 0.194531738449, -0.0194531738449, -2.81792713227, -9.52485728677, 0, 7
9.45, 0.0329116, 0.0109691, 3.63162713943, 0.194337286057, 7.03210061706, -2.91313685496, 0.194337286057, -0.0194337286057, -2.91313685496, -9.5153363145, 0, 7
9.45, 0.0329116, 0.0109691, 3.63162713943, 0.194337286057, 7.03210061706, -2.91313685496, 0.194337286057, -0.0194337286057, -2.91313685496, -9.5153363145, 0, 7
9.46, 0.0329116, 0.0109691, 3.6335697238, 0.19414302762, 7.00258318059, -3.00825161131, 0.19414302762, -0.019414302762, -3.00825161131, -9.50582483887, 0, 7
9.46, 0.0329116, 0.0109691, 3.6335697238, 0.19414302762, 7.00258318059, -3.00825161131, 0.19414302762, -0.019414302762, -3.00825161131, -9.50582483887, 0, 7
9.47, 0.0329116, 0.0109691, 3.63551019948, 0.193948980052, 6.99770639784, 2.57587627824, 0.193948980052, -0.0193948980052, 2.57587627824, 142.019690109, 1, 7
9.47, 0.0329116, 0.0109691, 3.63551019948, 0.193948980052, 6.99770639784, 2.57587627824, 0.193948980052, -0.0193948980052, 2.57587627824, 142.019690109, 1, 7
9.48, 0.0329116, 0.0109691, 3.63744795194, 0.193755204806, 7.02289962499, 2.50899776266, 0.193755204806, -0.0193755204806, 2.50899776266, -10.0575497763, 0, 7
9.48, 0.0329116, 0.0109691, 3.63744795194, 0.193755204806, 7.02289962499, 2.50899776266, 0.193755204806, -0.0193755204806, 2.50899776266, -10.0575497763, 0, 7
9.49, 0.0329116, 0.0109691, 3.63938353503, 0.193561646497, 7.0469675452, 2.40852447064, 0.193561646497, -0.0193561646497, 2.40852447064, -10.0475024471, 0, 7
9.49, 0.0329116, 0.0109691, 3.63938353503, 0.193561646497, 7.0469675452, 2.40852447064, 0.193561646497, -0.0193561646497, 2.40852447064, -10.0475024471, 0, 7
9.5, 0.0329116, 0.0109691, 3.6413178281, 0.19336821719, 7.07036583485, 2.30811814167, 0.19336821719, -0.019336821719, 2.30811814167, -10.0374618142, 0, 7
9.5, 0.0329116, 0.0109691, 3.6413178281, 0.19336821719, 7.07036583485, 2.30811814167, 0.19336821719, -0.019336821719, 2.30811814167, -10.0374618142, 0, 7
9.51, 0.0329116, 0.0109691, 3.64325018442, 0.193174981558, 7.09275878496, 2.20781234666, 0.193174981558, -0.0193174981558, 2.20781234666, -10.0274312347, 0, 7
9.51, 0.0329116, 0.0109691, 3.64325018442, 0.193174981558, 7.09275878496, 2.20781234666, 0.193174981558, -0.0193174981558, 2.20781234666, -10.0274312347, 0, 7
9.52, 0.0329116, 0.0109691, 3.64518079842, 0.192981920158, 7.11424732138, 2.10759699302, 0.192981920158, -0.0192981920158, 2.10759699302, -10.0174096993, 0, 7
9.52, 0.0329116, 0.0109691, 3.64518079842, 0.192981920158, 7.11424732138, 2.10759699302, 0.192981920158, -0.0192981920158, 2.10759699302, -10.0174096993, 0, 7
9.53, 0.0329116, 0.0109691, 3.64710955118, 0.192789044882, 7.13476972024, 2.00747825313, 0.192789044882, -0.0192789044882, 2.00747825313, -10.0073978253, 0, 7
9.53, 0.0329116, 0.0109691, 3.64710955118, 0.192789044882, 7.13476972024, 2.00747825313, 0.192789044882, -0.0192789044882, 2.00747825313, -10.0073978253, 0, 7
9.54, 0.0329116, 0.0109691, 3.6490364058, 0.19259635942, 7.15430681869, 1.90745804329, 0.19259635942, -0.019259635942, 1.90745804329, -9.99739580433, 0, 7
9.54, 0.0329116, 0.0109691, 3.6490364058, 0.19259635942, 7.15430681869, 1.90745804329, 0.19259635942, -0.019259635942, 1.90745804329, -9.99739580433, 0, 7
9.55, 0.0329116, 0.0109691, 3.65096137673, 0.192403862327, 7.1728661221, 1.80753561295, 0.192403862327, -0.0192403862327, 1.80753561295, -9.98740356129, 0, 7
9.55, 0.0329116, 0.0109691, 3.65096137673, 0.192403862327, 7.1728661221, 1.80753561295, 0.192403862327, -0.0192403862327, 1.80753561295, -9.98740356129, 0, 7
9.56, 0.0329116, 0.0109691, 3.65288442639, 0.192211557361, 7.19042811737, 1.70771291342, 0.192211557361, -0.0192211557361, 1.70771291342, -9.97742129134, 0, 7
9.56, 0.0329116, 0.0109691, 3.65288442639, 0.192211557361, 7.19042811737, 1.70771291342, 0.192211557361, -0.0192211557361, 1.70771291342, -9.97742129134, 0, 7
9.57, 0.0329116, 0.0109691, 3.65480557004, 0.192019442996, 7.20700073771, 1.60798915138, 0.192019442996, -0.0192019442996, 1.60798915138, -9.96744891514, 0, 7
9.57, 0.0329116, 0.0109691, 3.65480557004, 0.192019442996, 7.20700073771, 1.60798915138, 0.192019442996, -0.0192019442996, 1.60798915138, -9.96744891514, 0, 7
9.58, 0.0329116, 0.0109691, 3.65672478647, 0.191827521353, 7.22257296132, 1.50836542902, 0.191827521353, -0.0191827521353, 1.50836542902, -9.9574865429, 0, 7
9.58, 0.0329116, 0.0109691, 3.65672478647, 0.191827521353, 7.22257296132, 1.50836542902, 0.191827521353, -0.0191827521353, 1.50836542902, -9.9574865429, 0, 7
9.59, 0.0329116, 0.0109691, 3.65864209201, 0.191635790799, 7.23715327546, 1.40884089761, 0.191635790799, -0.0191635790799, 1.40884089761, -9.94753408976, 0, 7
9.59, 0.0329116, 0.0109691, 3.65864209201, 0.191635790799, 7.23715327546, 1.40884089761, 0.191635790799, -0.0191635790799, 1.40884089761, -9.94753408976, 0, 7
9.6, 0.0329116, 0.0109691, 3.66055748668, 0.191444251332, 7.25074168011, 1.30941555714, 0.191444251332, -0.0191444251332, 1.30941555714, -9.93759155571, 0, 7
9.6, 0.0339089, 0.0109691, 3.66055748668, 0.191444251332, 7.25074168011, 1.30941555714, 0.191444251332, -0.0191444251332, 1.30941555714, -9.93759155571, 0, 7
9.61, 0.0339089, 0.0109691, 3.66247097047, 0.191252902953, 7.26333817527, 1.21008940763, 0.191252902953, -0.0191252902953, 1.21008940763, -9.92765894076, 0, 7
9.61, 0.0339089, 0.0109691, 3.66247097047, 0.191252902953, 7.26333817527, 1.21008940763, 0.191252902953, -0.0191252902953, 1.21008940763, -9.92765894076, 0, 7
9.62, 0.0339089, 0.0109691, 3.6643825536, 0.19106174464, 7.27494806766, 1.11086191839, 0.19106174464, -0.019106174464, 1.11086191839, -9.91773619184, 0, 7
9.62, 0.0339089, 0.0109691, 3.6643825536, 0.19106174464, 7.27494806766, 1.11086191839, 0.19106174464, -0.019106174464, 1.11086191839, -9.91773619184, 0, 7
9.63, 0.0339089, 0.0109691, 3.66629225214, 0.190870774786, 7.28557969595, 1.01173225556, 0.190870774786, -0.0190870774786, 1.01173225556, -9.90782322556, 0, 7
9.63, 0.0339089, 0.0109691, 3.66629225214, 0.190870774786, 7.28557969595, 1.01173225556, 0.190870774786, -0.0190870774786, 1.01173225556, -9.90782322556, 0, 7
9.64, 0.0339089, 0.0109691, 3.668200046, 0.1906799954, 7.29522263177, 0.912701461978, 0.1906799954, -0.01906799954, 0.912701461978, -9.8979201462, 0, 7
9.64, 0.0339089, 0.0109691, 3.668200046, 0.1906799954, 7.29522263177, 0.912701461978, 0.1906799954, -0.01906799954, 0.912701461978, -9.8979201462, 0, 7
9.65, 0.0339089, 0.0109691, 3.67010593517, 0.190489406483, 7.30387687512, 0.813769537644, 0.190489406483, -0.0190489406483, 0.813769537644, -9.88802695376, 0, 7
9.65, 0.0339089, 0.0109691, 3.67010593517, 0.190489406483, 7.30387687512, 0.813769537644, 0.190489406483, -0.0190489406483, 0.813769537644, -9.88802695376, 0, 7
9.66, 0.0339089, 0.0109691, 3.67200991967, 0.190299008033, 7.31154242598, 0.714936482557, 0.190299008033, -0.0190299008033, 0.714936482557, -9.87814364826, 0, 7
9.66, 0.0339089, 0.0109691, 3.67200991967, 0.190299008033, 7.31154242598, 0.714936482557, 0.190299008033, -0.0190299008033, 0.714936482557, -9.87814364826, 0, 7
9.67, 0.0339089, 0.0109691, 3.67391199948, 0.190108800052, 7.31821928438, 0.616202296718, 0.190108800052, -0.0190108800052, 0.616202296718, -9.86827022967, 0, 7
9.67, 0.0339089, 0.0109691, 3.67391199948, 0.190108800052, 7.31821928438, 0.616202296718, 0.190108800052, -0.0190108800052, 0.616202296718, -9.86827022967, 0, 7
9.68, 0.0339089, 0.0109691, 3.67581217461, 0.189918782539, 7.3239074503, 0.517566980126, 0.189918782539, -0.0189918782539, 0.517566980126, -9.85840669801, 0, 7
9.68, 0.0339089, 0.0109691, 3.67581217461, 0.189918782539, 7.3239074503, 0.517566980126, 0.189918782539, -0.0189918782539, 0.517566980126, -9.85840669801, 0, 7
9.69, 0.0339089, 0.0109691, 3.67771044506, 0.189728955494, 7.32860692374, 0.419030532781, 0.189728955494, -0.0189728955494, 0.419030532781, -9.84855305328, 0, 7
9.69, 0.0339089, 0.0109691, 3.67771044506, 0.189728955494, 7.32860692374, 0.419030532781, 0.189728955494, -0.0189728955494, 0.419030532781, -9.84855305328, 0, 7
9.7, 0.0339089, 0.0109691, 3.67960681083, 0.189539318917, 7.33231770472, 0.320592954684, 0.189539318917, -0.0189539318917, 0.320592954684, -9.83870929547, 0, 7
9.7, 0.0339089, 0.0109691, 3.67960681083, 0.189539318917, 7.33231770472, 0.320592954684, 0.189539318917, -0.0189539318917, 0.320592954684, -9.83870929547, 0, 7
9.71, 0.0339089, 0.0109691, 3.68150127192, 0.189349872808, 7.33503979321, 0.222254245834, 0.189349872808, -0.0189349872808, 0.222254245834, -9.82887542458, 0, 7
9.71, 0.0339089, 0.0109691, 3.68150127192, 0.189349872808, 7.33503979321, 0.222254245834, 0.189349872808, -0.0189349872808, 0.222254245834, -9.82887542458, 0, 7
9.72, 0.0339089, 0.0109691, 3.68339384082, 0.189160615918, 7.33677967771, 0.124013757384, 0.189160615918, -0.0189160615918, 0.124013757384, -9.81905137574, 0, 7
9.72, 0.0339089, 0.0109691, 3.68339384082, 0.189160615918, 7.33677967771, 0.124013757384, 0.189160615918, -0.0189160615918, 0.124013757384, -9.81905137574, 0, 7
9.73, 0.0339089, 0.0109691, 3.68528457781, 0.188971542219, 7.33756863967, 0.0258683611886, 0.188971542219, -0.0188971542219, 0.0258683611886, -9.80923683612, 0, 7
9.73, 0.0339089, 0.0109691, 3.68528457781, 0.188971542219, 7.33756863967, 0.0258683611886, 0.188971542219, -0.0188971542219, 0.0258683611886, -9.80923683612, 0, 7
9.74, 0.0339089, 0.0109691, 3.68717342497, 0.188782657503, 7.3373766208, -0.0721789369241, 0.188782657503, -0.0188782657503, -0.0721789369241, -9.79943210631, 0, 7
9.74, 0.0339089, 0.0109691, 3.68717342497, 0.188782657503, 7.3373766208, -0.0721789369241, 0.188782657503, -0.0188782657503, -0.0721789369241, -9.79943210631, 0, 7
9.75, 0.0339089, 0.0109691, 3.6890603823, 0.18859396177, 7.3362036211, -0.170128136954, 0.18859396177, -0.018859396177, -0.170128136954, -9.7896371863, 0, 7
9.75, 0.0339089, 0.0109691, 3.6890603823, 0.18859396177, 7.3362036211, -0.170128136954, 0.18859396177, -0.018859396177, -0.170128136954, -9.7896371863, 0, 7
9.76, 0.0339089, 0.0109691, 3.69094544981, 0.188405455019, 7.33404964058, -0.267979238902, 0.188405455019, -0.0188405455019, -0.267979238902, -9.77985207611, 0, 7
9.76, 0.0339089, 0.0109691, 3.69094544981, 0.188405455019, 7.33404964058, -0.267979238902, 0.188405455019, -0.0188405455019, -0.267979238902, -9.77985207611, 0, 7
9.77, 0.0339089, 0.0109691, 3.69282862749, 0.188217137251, 7.33091467923, -0.365732242767, 0.188217137251, -0.0188217137251, -0.365732242767, -9.77007677572, 0, 7
9.77, 0.0339089, 0.0109691, 3.69282862749, 0.188217137251, 7.33091467923, -0.365732242767, 0.188217137251, -0.0188217137251, -0.365732242767, -9.77007677572, 0, 7
9.78, 0.0339089, 0.0109691, 3.69470991535, 0.188029008465, 7.32679873705, -0.46338714855, 0.188029008465, -0.0188029008465, -0.46338714855, -9.76031128514, 0, 7
9.78, 0.0339089, 0.0109691, 3.69470991535, 0.188029008465, 7.32679873705, -0.46338714855, 0.188029008465, -0.0188029008465, -0.46338714855, -9.76031128514, 0, 7
9.79, 0.0339089, 0.0109691, 3.69658931338, 0.187841068662, 7.32170181406, -0.56094395625, 0.187841068662, -0.0187841068662, -0.56094395625, -9.75055560437, 0, 7
9.79, 0.0339089, 0.0109691, 3.69658931338, 0.187841068662, 7.32170181406, -0.56094395625, 0.187841068662, -0.0187841068662, -0.56094395625, -9.75055560437, 0, 7
9.8, 0.0339089, 0.0109691, 3.69846682159, 0.187653317841, 7.31562391023, -0.658402665868, 0.187653317841, -0.0187653317841, -0.658402665868, -9.74080973341, 0, 7
9.8, 0.0339089, 0.0109691, 3.69846682159, 0.187653317841, 7.31562391023, -0.658402665868, 0.187653317841, -0.0187653317841, -0.658402665868, -9.74080973341, 0, 7
9.81, 0.0339089, 0.0109691, 3.70034243997, 0.187465756003, 7.30856502558, -0.755763277403, 0.187465756003, -0.0187465756003, -0.755763277403, -9.73107367226, 0, 7
9.81, 0.0339089, 0.0109691, 3.70034243997, 0.187465756003, 7.30856502558, -0.755763277403, 0.187465756003, -0.0187465756003, -0.755763277403, -9.73107367226, 0, 7
9.82, 0.0339089, 0.0109691, 3.70221616952, 0.187278383048, 7.30052567529, -0.853025842374, 0.187278383048, -0.0187278383048, -0.853025842374, -9.72134741576, 0, 7
9.82, 0.0339089, 0.0109691, 3.70221616952, 0.187278383048, 7.30052567529, -0.853025842374, 0.187278383048, -0.0187278383048, -0.853025842374, -9.72134741576, 0, 7
9.83, 0.0339089, 0.0109691, 3.70408810671, 0.187091189329, 7.29155593958, -0.950195368803, 0.187091189329, -0.0187091189329, -0.950195368803, -9.71163046312, 0, 7
9.83, 0.0339089, 0.0109691, 3.70408810671, 0.187091189329, 7.29155593958, -0.950195368803, 0.187091189329, -0.0187091189329, -0.950195368803, -9.71163046312, 0, 7
9.84, 0.0339089, 0.0109691, 3.7059581717, 0.18690418283, 7.28161437099, -1.04726771194, 0.18690418283, -0.018690418283, -1.04726771194, -9.70192322881, 0, 7
9.84, 0.0339089, 0.0109691, 3.7059581717, 0.18690418283, 7.28161437099, -1.04726771194, 0.18690418283, -0.018690418283, -1.04726771194, -9.70192322881, 0, 7
9.85, 0.0339089, 0.0109691, 3.70782636449, 0.186717363551, 7.27070096953, -1.1442428718, 0.186717363551, -0.0186717363551, -1.1442428718, -9.69222571282, 0, 7
9.85, 0.0339089, 0.0109691, 3.70782636449, 0.186717363551, 7.27070096953, -1.1442428718, 0.186717363551, -0.0186717363551, -1.1442428718, -9.69222571282, 0, 7
9.86, 0.0339089, 0.0109691, 3.70969268507, 0.186530731493, 7.25881573519, -1.24112084836, 0.186530731493, -0.0186530731493, -1.24112084836, -9.68253791516, 0, 7
9.86, 0.0339089, 0.0109691, 3.70969268507, 0.186530731493, 7.25881573519, -1.24112084836, 0.186530731493, -0.0186530731493, -1.24112084836, -9.68253791516, 0, 7
9.87, 0.0339089, 0.0109691, 3.71155713346, 0.186344286654, 7.24595866798, -1.33790164164, 0.186344286654, -0.0186344286654, -1.33790164164, -9.67285983584, 0, 7
9.87, 0.0339089, 0.0109691, 3.71155713346, 0.186344286654, 7.24595866798, -1.33790164164, 0.186344286654, -0.0186344286654, -1.33790164164, -9.67285983584, 0, 7
9.88, 0.0339089, 0.0109691, 3.71341970964, 0.186158029036, 7.23212976789, -1.43458525163, 0.186158029036, -0.0186158029036, -1.43458525163, -9.66319147484, 0, 7
9.88, 0.0339089, 0.0109691, 3.71341970964, 0.186158029036, 7.23212976789, -1.43458525163, 0.186158029036, -0.0186158029036, -1.43458525163, -9.66319147484, 0, 7
9.89, 0.0339089, 0.0109691, 3.71528041362, 0.185971958638, 7.21732903492, -1.53117167834, 0.185971958638, -0.0185971958638, -1.53117167834, -9.65353283217, 0, 7
9.89, 0.0339089, 0.0109691, 3.71528041362, 0.185971958638, 7.21732903492, -1.53117167834, 0.185971958638, -0.0185971958638, -1.53117167834, -9.65353283217, 0, 7
9.9, 0.0339089, 0.0109691, 3.71713924539, 0.185786075461, 7.20155646908, -1.62766092175, 0.185786075461, -0.0185786075461, -1.62766092175, -9.64388390782, 0, 7
9.9, 0.0349063, 0.0109691, 3.71713924539, 0.185786075461, 7.20155646908, -1.62766092175, 0.185786075461, -0.0185786075461, -1.62766092175, -9.64388390782, 0, 7
9.91, 0.0349063, 0.0109691, 3.71899620497, 0.185600379503, 7.18481207036, -1.72405298188, 0.185600379503, -0.0185600379503, -1.72405298188, -9.63424470181, 0, 7
9.91, 0.0349063, 0.0109691, 3.71899620497, 0.185600379503, 7.18481207036, -1.72405298188, 0.185600379503, -0.0185600379503, -1.72405298188, -9.63424470181, 0, 7
9.92, 0.0349063, 0.0109691, 3.72085129234, 0.185414870766, 7.16709583876, -1.82034785872, 0.185414870766, -0.0185414870766, -1.82034785872, -9.62461521413, 0, 7
9.92, 0.0349063, 0.0109691, 3.72085129234, 0.185414870766, 7.16709583876, -1.82034785872, 0.185414870766, -0.0185414870766, -1.82034785872, -9.62461521413, 0, 7
9.93, 0.0349063, 0.0109691, 3.72270459463, 0.185229540537, 7.14845299702, -1.91655007455, 0.185229540537, -0.0185229540537, -1.91655007455, -9.61499499255, 0, 7
9.93, 0.0349063, 0.0109691, 3.72270459463, 0.185229540537, 7.14845299702, -1.91655007455, 0.185229540537, -0.0185229540537, -1.91655007455, -9.61499499255, 0, 7
9.94, 0.0349063, 0.0109691, 3.72455605614, 0.185044394386, 7.12885463168, -2.01265673801, 0.185044394386, -0.0185044394386, -2.01265673801, -9.6053843262, 0, 7
9.94, 0.0349063, 0.0109691, 3.72455605614, 0.185044394386, 7.12885463168, -2.01265673801, 0.185044394386, -0.0185044394386, -2.01265673801, -9.6053843262, 0, 7
9.95, 0.0349063, 0.0109691, 3.72640566386, 0.184859433614, 7.10829399546, -2.10866717439, 0.184859433614, -0.0184859433614, -2.10866717439, -9.59578328256, 0, 7
9.95, 0.0349063, 0.0109691, 3.72640566386, 0.184859433614, 7.10829399546, -2.10866717439, 0.184859433614, -0.0184859433614, -2.10866717439, -9.59578328256, 0, 7
9.96, 0.0349063, 0.0109691, 3.72825341781, 0.184674658219, 7.08677108836, -2.20458138368, 0.184674658219, -0.0184674658219, -2.20458138368, -9.58619186163, 0, 7
9.96, 0.0349063, 0.0109691, 3.72825341781, 0.184674658219, 7.08677108836, -2.20458138368, 0.184674658219, -0.0184674658219, -2.20458138368, -9.58619186163, 0, 7
9.97, 0.0349063, 0.0109691, 3.73009931797, 0.184490068203, 7.06428591039, -2.30039936588, 0.184490068203, -0.0184490068203, -2.30039936588, -9.57661006341, 0, 7
9.97, 0.0349063, 0.0109691, 3.73009931797, 0.184490068203, 7.06428591039, -2.30039936588, 0.184490068203, -0.0184490068203, -2.30039936588, -9.57661006341, 0, 7
9.98, 0.0349063, 0.0109691, 3.73194336435, 0.184305663565, 7.04083846154, -2.396121121, 0.184305663565, -0.0184305663565, -2.396121121, -9.5670378879, 0, 7
9.98, 0.0349063, 0.0109691, 3.73194336435, 0.184305663565, 7.04083846154, -2.396121121, 0.184305663565, -0.0184305663565, -2.396121121, -9.5670378879, 0, 7
9.99, 0.0349063, 0.0109691, 3.73378555695, 0.184121444305, 7.01642874181, -2.49174664903, 0.184121444305, -0.0184121444305, -2.49174664903, -9.5574753351, 0, 7
9.99, 0.0349063, 0.0109691, 3.73378555695, 0.184121444305, 7.01642874181, -2.49174664903, 0.184121444305, -0.0184121444305, -2.49174664903, -9.5574753351, 0, 7
10, 0.0349063, 0.0109691, 3.73562588167, 0.183937411833, 6.99311880969, -1.02717699775, 0.183937411833, -0.0183937411833, -1.02717699775, 709.230409112, 1, 7
10, 0.0349063, 0.0109691, 3.73562588167, 0.183937411833, 6.99311880969, -1.02717699775, 0.183937411833, -0.0183937411833, -1.02717699775, 709.230409112, 1, 7
10, 0.0349063, 0.0109691, 3.73562588167, 0.183937411833, 6.99311880969, -1.02717699763, 0.183937411833, -0.0183937411833, -1.02717699763, 709.230409125, 1, 7
10, 0.0349063, 0.0109691, 3.73562588167, 0.183937411833, 6.99311880969, -1.02717699763, 0.183937411833, -0.0183937411833, -1.02717699763, 709.230409125, 1, 7
