"time","Ldc.p.v","Ldc.p.i","outFem.V"
0,-0.2199999988079071,1000,5000
4e-06,-0.2199975997209549,999.8800030399539,5000
8e-06,-0.2199952006340027,999.7600156792932,0.003500000000000001
1.2e-05,-0.2199928006157279,999.6400379172644,0.004500000000000001
1.6e-05,-0.2199904015287757,999.5200697530902,0.005500000000000002
2e-05,-0.2199880022089928,999.4001111860036,2.143248452285543e-312
2.4e-05,-0.219985603238456,999.2801622152375,-1.609449225159692e-231
2.8e-05,-0.2199832043843344,999.1602228400241,8.487983164355155e-314
3.2e-05,-0.2199808057630435,999.0402930595961,4.243991591811858e-314
3.6e-05,-0.2199784074327908,998.9203728731858,1.185757550018992e-322
4e-05,-0.2199760091607459,998.8004622800261,9.456971327805318e-308
4.4e-05,-0.2199736111797392,998.6805612793491,1.485397053675691e-313
4.8e-05,-0.2199712133151479,998.5606698703879,2.308731420696697e-311
5.2e-05,-0.2199688156833872,998.4407880523747,8.420079298550201e-311
5.6e-05,-0.2199664182262495,998.3209158245427,1.424203448334824e-306
6e-05,-0.2199640210019425,998.2010531861243,4.673065926275573e-307
6.4e-05,-0.2199616239522584,998.0812001363527,-1.609801819571219e-231
6.8e-05,-0.2199592270771973,997.9613566744607,2.121995791014679e-313
7.2e-05,-0.2199568303767592,997.8415227996815,4.243991591811858e-314
7.6e-05,-0.2199544339091517,997.7216985112478,1.185757550018992e-322
8e-05,-0.2199520376161672,997.6018838083932,1.78021798415081e-306
8.4e-05,-0.2199496414978057,997.4820786903504,8.34448957102508e-308
8.8e-05,-0.2199472456122749,997.3622831563529,nan
9.2e-05,-0.2199448498431593,997.2424972056339,3.681697792617277e+180
9.6e-05,-0.2199424543650821,997.1227208374269,6.95211323174442e-310
0.0001,-0.2199400590034202,997.0029540509652,6.026468050728676e-312
0.000104,-0.2199376638745889,996.8831968454824,-1.60997381689314e-231
0.000108,-0.2199352689203806,996.7634492202118,1.060997895532043e-313
0.000112,-0.2199328741407953,996.6437111743872,1.000000000000002
0.000116,-0.2199304795940407,996.5239827072425,1.185757550018992e-322
0.00012,-0.219928085221909,996.404263818011,2.121995790965272e-314
0.000124,-0.2199256910244003,996.2845545059268,6.365987373883948e-314
0.000128,-0.2199232970015146,996.1648547702237,2.172923689950415e-311
0.000132,-0.2199209032696672,996.0451646101355,1.222269575595997e-311
0.000136,-0.2199185096542351,995.9254840248963,2
0.00014,-0.2199161161552183,995.80581301374,3.39982578630287e-317
0.000144,-0.2199137229472399,995.6861515759009,-5.562704219366416e-309
0.000148,-0.2199113299429882,995.5664997106131,6.952146885384381e-310
0.000152,-0.2199089370842557,995.4468574171107,6.952146885380033e-310
0.000156,-0.2199065444292501,995.3272246946279,6.952146885378452e-310
0.00016,-0.2199041519779712,995.2076015423995,6.952146885376476e-310
0.000164,-0.2199017597013153,995.0879879596595,6.952146885374104e-310
0.000168,-0.2198993675992824,994.9683839456427,0
0.000172,-0.2198969757009763,994.8487894995834,0
0.000176,-0.2198945840063971,994.729204620716,0
0.00018,-0.2198921925446484,994.609629308276,0
0.000184,-0.2198898011993151,994.4900635614977,-5.569940226632538e-309
0.000188,-0.2198874100868125,994.3705073796154,2.121995790965272e-314
0.000192,-0.2198850191489328,994.2509607618641,1
0.000196,-0.2198826283856761,994.1314237074795,1.267184946235656e-311
0.0002,-0.21988023785525,994.0118962156956,3.395193265593842e-313
0.000204,-0.2198778474994469,993.8923782857476,6.365987404516018e-314
0.000208,-0.2198754573473707,993.7728699168706,6.95211323174442e-310
0.000212,-0.2198730673699174,993.6533711083018,0
0.000216,-0.2198706775670871,993.5338818592751,2
0.00022,-0.2198682879970875,993.4144021690257,0
0.000224,-0.219865898572607,993.2949320367889,-5.573568841054077e-309
0.000228,-0.2198635093518533,993.1754714617999,6.952146885384381e-310
0.000232,-0.2198611203348264,993.0560204432937,6.952146885380033e-310
0.000236,-0.2198587315215264,992.9365789805057,6.952146885378452e-310
0.00024,-0.2198563428828493,992.8171470726735,6.952146885376476e-310
0.000244,-0.2198539544187952,992.6977247190321,6.952146885374104e-310
0.000248,-0.2198515661584679,992.5783119188161,0
0.000252,-0.2198491781018674,992.458908671261,0
0.000256,-0.2198467902489938,992.3395149756022,2.50096029924839e-320
0.00026,-0.2198444025707431,992.2201308310752,0
0.000264,-0.2198420150671154,992.1007562369149,-5.579001141536333e-309
0.000268,-0.2198396277381107,991.9813911923571,2.121995790965272e-314
0.000272,-0.2198372406419367,991.8620356966529,1
0.000276,-0.2198348537494894,991.7426897490301,1.267938012112687e-311
0.00028,-0.2198324670025613,991.6233533487233,3.395193265593842e-313
0.000284,-0.21983008045936,991.5040264949685,1.697596635934238e-313
0.000288,-0.2198276941198856,991.3847091870019,6.95211323174442e-310
0.000292,-0.2198253079841379,991.2654014240597,0
0.000296,-0.2198229219939094,991.1461032053782,2
0.0003,-0.2198205362365115,991.0268145301933,9.881312916824931e-324
0.000304,-0.2198181506537367,990.9075353977412,-5.586237148802474e-309
0.000308,-0.2198157652455848,990.7882658072581,8.487983163861089e-314
0.000312,-0.2198133800411597,990.6690057579802,1
0.000316,-0.2198109950404614,990.5497552491438,1.267184944907607e-311
0.00032,-0.2198086102143861,990.4305142799848,3.395193265593842e-313
0.000324,-0.2198062255920377,990.3112828497393,9.346029986702642e-307
0.000328,-0.2198038411443122,990.1920609576438,6.95211323174442e-310
0.000332,-0.2198014569003135,990.072848602944,0
0.000336,-0.2197990728600416,989.9536457848848,2
0.00034,-0.2197966889943928,989.8344525026896,0
0.000344,-0.2197943053033669,989.715268755595,-5.592157518678276e-309
0.000348,-0.2197919218160678,989.5960945428372,3.395193265544436e-313
0.000352,-0.2197895385324955,989.4769298636533,1
0.000356,-0.2197871554235462,989.3577747172792,1.267184946235656e-311
0.00036,-0.2197847725183237,989.238629102952,3.395193265593842e-313
0.000364,-0.2197823897877242,989.1194930199081,1.112606870234881e-306
0.000368,-0.2197800072608516,989.0003664673839,6.95211323174442e-310
0.000372,-0.2197776249377057,988.8812494446161,0
0.000376,-0.2197752427891828,988.7621419508411,2
0.00038,-0.2197728608152829,988.6430439852955,0
0.000384,-0.2197704790451098,988.523955547216,-5.595298074067893e-309
0.000388,-0.2197680974786635,988.4048766358682,6.952146885384381e-310
0.000392,-0.2197657160868403,988.2858072505041,6.952146885380033e-310
0.000396,-0.2197633348987438,988.1667473903298,6.952146885378452e-310
0.0004,-0.2197609538852703,988.0476970545828,6.952146885376476e-310
0.000404,-0.2197585730755236,987.9286562425007,6.952146885374104e-310
0.000408,-0.2197561924403999,987.8096249533206,0
0.000412,-0.219753812009003,987.6906031862801,0
0.000416,-0.2197514317522291,987.5715909406169,2.460446916289408e-320
0.00042,-0.219749051699182,987.4525882155681,0
0.000424,-0.2197466718498617,987.3335950103714,-5.600730374550386e-309
0.000428,-0.2197442921460606,987.214611324264,6.952146885384381e-310
0.000432,-0.2197419126750901,987.0956371564832,6.952146885380033e-310
0.000436,-0.2197395333787426,986.9766725062671,6.952146885378452e-310
0.00044,-0.2197371542861219,986.8577173728526,6.952146885376476e-310
0.000444,-0.2197347753681242,986.738771755527,6.952146885374104e-310
0.000448,-0.2197323966538534,986.61983565354,0
0.000452,-0.2197300181142054,986.5009090660891,0
0.000456,-0.2197276397782844,986.3819919924127,2.526651712832135e-320
0.00046,-0.2197252616460901,986.2630844317499,1.266831487206268e-311
0.000464,-0.2197228836594149,986.1441863833393,-5.607966381816606e-309
0.000468,-0.2197205058764666,986.0252978464202,6.952146885384381e-310
0.000472,-0.219718128326349,985.906418820231,6.952146885380033e-310
0.000476,-0.2197157509217504,985.7875493040108,6.952146885378452e-310
0.00048,-0.2197133737208787,985.6686892969983,6.952146885376476e-310
0.000484,-0.2197109967237338,985.5498387984326,6.952146885374104e-310
0.000488,-0.2197086199012119,985.4309978075522,0
0.000492,-0.219706243253313,985.3121663235962,0
0.000496,-0.2197038668091409,985.1933443458033,2.50096029924839e-320
0.0005,-0.2197014905686956,985.0745318734128,9.881312916824931e-324
0.000504,-0.2196991145028733,984.9557289056627,-5.613398692660407e-309
0.000508,-0.2196967386407778,984.8369354417927,3.395193265544436e-313
0.000512,-0.2196943629533052,984.7181514810411,1
0.000516,-0.2196919874695595,984.599377022647,1.267184946235656e-311
0.00052,-0.2196896121895406,984.4806120658493,3.395193265593842e-313
0.000524,-0.2196872370550409,984.3618566098866,1.112606870234881e-306
0.000528,-0.2196848621533718,984.2431106539981,6.95211323174442e-310
0.000532,-0.2196824874263257,984.1243741974221,0
0.000536,-0.2196801128739025,984.0056472393981,2
0.00054,-0.2196777385252062,983.8869297791647,0
0.000544,-0.2196753643802367,983.7682218159605,-5.617027338166186e-309
0.000548,-0.2196729904098902,983.6495233490245,6.952146885384381e-310
0.000552,-0.2196706166141666,983.5308343775959,6.952146885380033e-310
0.000556,-0.2196682430512737,983.4121549010194,6.952146885378452e-310
0.00056,-0.2196658696339,983.2934849185033,6.952146885376476e-310
0.000564,-0.2196634964202531,983.1748244292311,6.952146885374104e-310
0.000568,-0.2196611234103329,983.0561734324428,0
0.000572,-0.2196587505750358,982.9375319273779,0
0.000576,-0.2196563779143617,982.8188999132761,2.459458784997725e-320
0.00058,-0.2196540054865181,982.7002773893772,0
0.000584,-0.2196516332332976,982.5816643549206,-5.622459649010065e-309
0.000588,-0.2196492611547001,982.4630608091462,2.121995790965272e-314
0.000592,-0.2196468892798293,982.3444667512936,1
0.000596,-0.2196445175795816,982.2258821806024,1.267184946235656e-311
0.0006,-0.2196421460830607,982.1073070963124,3.395193265593842e-313
0.000604,-0.2196397747611627,981.9887414976631,2.33419537322382e-313
0.000608,-0.2196374036429916,981.8701853838943,6.95211323174442e-310
0.000612,-0.2196350326994434,981.7516387542456,0
0.000616,-0.2196326619887259,981.6331016079569,2
0.00062,-0.2196302913944237,981.5145739442677,0
0.000624,-0.2196279210329521,981.3960557624175,-5.627891959853886e-309
0.000628,-0.2196255508752074,981.2775470616463,6.952146885384381e-310
0.000632,-0.2196231808920857,981.1590478411935,6.952146885380033e-310
0.000636,-0.2196208110835869,981.040558100299,6.952146885378452e-310
0.00064,-0.2196184415079188,980.9220778382023,6.952146885376476e-310
0.000644,-0.2196160720777698,980.8036070541432,6.952146885374104e-310
0.000648,-0.2196137028513476,980.6851457473613,0
0.000652,-0.2196113338286523,980.5666939170961,0
0.000656,-0.2196089649805799,980.4482515625876,2.474280754372963e-320
0.00066,-0.2196065963071305,980.3298186830754,0
0.000664,-0.2196042278665118,980.2113952777989,-5.635552355916972e-309
0.000668,-0.2196018595714122,980.0929813463144,6.952146885384381e-310
0.000672,-0.2195994914800394,979.9745768876808,6.952146885380033e-310
0.000676,-0.2195971235923935,979.8561819010475,6.952146885378452e-310
0.00068,-0.2195947558793705,979.7377963856557,6.952146885376476e-310
0.000684,-0.2195923883409705,979.6194203407465,6.952146885374104e-310
0.000688,-0.2195900210354012,979.5010537655613,0
0.000692,-0.219587653875351,979.3826966593411,0
0.000696,-0.2195852869190276,979.2643490213273,2.4891027237482e-320
0.0007,-0.219582920166431,979.1460108507611,0
0.000704,-0.2195805535884574,979.0276821468835,-5.638756571180318e-309
0.000708,-0.2195781871851068,978.909362908936,2.121995790965272e-314
0.000712,-0.2195758210145868,978.7910531361596,1
0.000716,-0.219573454989586,978.6727528277954,1.185757550018992e-322
0.00072,-0.219571089168312,978.5544619830848,6.365987372895817e-314
0.000724,-0.2195687235507648,978.436180601269,2.3341953700618e-313
0.000728,-0.2195663581078406,978.3179086815891,1.765500498177967e-311
0.000732,-0.2195639928686433,978.1996462232863,8.420079298550201e-311
0.000736,-0.2195616278040688,978.0813932256019,2
0.00074,-0.2195592629432213,977.9631496877771,0
0.000744,-0.2195568982569966,977.8449156090533,-5.644188882024119e-309
0.000748,-0.219554533745395,977.7266909886712,6.952146885384381e-310
0.000752,-0.219552169466624,977.6084758258721,6.952146885380033e-310
0.000756,-0.2195498053333722,977.4902701198977,6.952146885378452e-310
0.00076,-0.219547441432951,977.3720738699888,6.952146885376476e-310
0.000764,-0.219545077678049,977.2538870753865,6.952146885374104e-310
0.000768,-0.2195427141268738,977.1357097353324,0
0.000772,-0.2195403507794254,977.0175418490674,0
0.000776,-0.2195379876065999,976.8993834158329,2.526651712832135e-320
0.00078,-0.2195356246375013,976.7812344352881,0
0.000784,-0.2195332618430257,976.6630949063549,-5.651424878928715e-309
0.000788,-0.219530899223173,976.544964828227,2.970794107351381e-313
0.000792,-0.219528536836151,976.4268442001477,1
0.000796,-0.2195261745946482,976.3087330213598,1.267184944907607e-311
0.0008,-0.2195238125568721,976.1906312911061,3.395193265593842e-313
0.000804,-0.2195214506937191,976.0725390086297,9.346029986702642e-307
0.000808,-0.2195190890633967,975.9544561731734,6.95211323174442e-310
0.000812,-0.2195167275785934,975.8363827839804,0
0.000816,-0.219514366297517,975.7183188402933,2
0.00082,-0.2195120052201673,975.6002643413551,0
0.000824,-0.2195096443174407,975.482219286409,-5.657493788509805e-309
0.000828,-0.219507283589337,975.3641836746978,6.952146885384381e-310
0.000832,-0.2195049230649602,975.246157505464,6.952146885380033e-310
0.000836,-0.219502562773414,975.1281407779512,6.952146885378452e-310
0.00084,-0.2195002026273869,975.0101334914019,6.952146885376476e-310
0.000844,-0.2194978426559828,974.8921356450594,6.952146885374104e-310
0.000848,-0.2194954828883056,974.7741472381663,0
0.000852,-0.2194931232952513,974.6561682699655,0
0.000856,-0.2194907639059238,974.5381987397002,1.562235572150022e-320
0.00086,-0.2194884046912193,974.4202386466131,0
0.000864,-0.2194860457093455,974.3022879899476,-5.660485804194055e-309
0.000868,-0.2194836868729908,974.1843467689459,6.952115745604181e-310
0.000872,-0.2194813282403629,974.0664149828515,-2.00000248508244
0.000876,-0.219478969782358,973.9484926309071,6.952082610361858e-310
0.00088,-0.21947661152808,973.8305797123558,1.267938235074632e-311
0.000884,-0.2194742534484249,973.7126762264402,1.267938235074632e-311
0.000888,-0.2194718955724966,973.59478217241,0
0.000892,-0.2194695378711913,973.4768975499647,1.267938235754466e-311
0.000896,-0.2194671804027166,973.3590223579336,0
0.0009,-0.2194648230506573,973.2411565955615,1.267938638240104e-311
0.000904,-0.2194624659314286,973.123300262093,-5.665918104676627e-309
0.000908,-0.2194601090159267,973.0054533567729,6.952092744111638e-310
0.000912,-0.219457752245944,972.8876158788456,-2.00000248508244
0.000916,-0.2194553957087919,972.7697878275558,1.266981935705246e-311
0.00092,-0.219453039317159,972.6519692021482,4.889583913205645e-312
0.000924,-0.2194506831292529,972.5341600018676,4.889583913166119e-312
0.000928,-0.2194483271450736,972.4163602259584,4.889583912573241e-312
0.000932,-0.2194459713355172,972.2985698736654,4.889583913284695e-312
0.000936,-0.2194436157151358,972.1807889442332,4.889583912217513e-312
0.00094,-0.2194412602839293,972.0630174369065,0
0.000944,-0.2194389050418977,971.9452553509299,-5.671350415520448e-309
0.000948,-0.2194365499890409,971.8275026855481,2.121995790965272e-314
0.000952,-0.2194341951253591,971.7097594400057,1
0.000956,-0.2194318404508522,971.5920256135472,1.267184946235656e-311
0.00096,-0.2194294859655201,971.4743012054176,3.395193265593842e-313
0.000964,-0.2194271316548111,971.3565862148613,2.758594531416874e-313
0.000968,-0.2194247775478289,971.2388806411229,6.95211323174442e-310
0.000972,-0.2194224236300215,971.1211844834473,0
0.000976,-0.2194200698868372,971.0034977410791,2
0.00098,-0.2194177163473796,970.8858204132628,0
0.000984,-0.219415362982545,970.768152499243,-5.678586422786648e-309
0.000988,-0.2194130098214373,970.6504939982646,6.952146885384381e-310
0.000992,-0.2194106568349525,970.532844909572,6.952146885380033e-310
0.000996,-0.2194083040521946,970.4152052324099,6.952146885378452e-310
0.001,-0.2194059514295077,970.297574966064,6.952146885376476e-310
0.001004,-0.2194035990250995,970.1799541100119,6.952146885374104e-310
0.001008,-0.2194012467953144,970.0623426632649,0
0.001012,-0.2193988947547041,969.9447406250704,0
0.001016,-0.2193965428887168,969.8271479946749,2.50096029924839e-320
0.00102,-0.2193941912410082,969.7095647713259,9.881312916824931e-324
0.001024,-0.2193918397533707,969.59199095427,-5.682215037208504e-309
0.001028,-0.21938948846946,969.4744265427553,2.121995790965272e-314
0.001032,-0.2193871373601723,969.3568715360282,1
0.001036,-0.2193847864546115,969.2393259333364,1.267184944907607e-311
0.00104,-0.2193824357236736,969.121789733927,3.395193265593842e-313
0.001044,-0.2193800851964625,969.0042629370477,1.697596635934238e-313
0.001048,-0.2193777348438744,968.8867455419456,6.95211323174442e-310
0.001052,-0.2193753846804611,968.7692375478688,0
0.001056,-0.2193730347207747,968.6517389540642,2
0.00106,-0.2193706849357113,968.5342497597799,0
0.001064,-0.2193683353398228,968.416769964263,-5.687647379136227e-309
0.001068,-0.2193659859331092,968.2992995667621,6.952146885384381e-310
0.001072,-0.2193636367155705,968.1818385665241,6.952146885380033e-310
0.001076,-0.2193612876726547,968.0643869627975,6.952146885378452e-310
0.00108,-0.2193589388334658,967.9469447548296,6.952146885376476e-310
0.001084,-0.2193565901688999,967.829511941869,6.952146885374104e-310
0.001088,-0.2193542417080607,967.7120885231631,0
0.001092,-0.2193518934218446,967.5946744979602,0
0.001096,-0.2193495453248033,967.4772698655083,2.49305524891493e-320
0.0011,-0.2193471974314889,967.3598746250559,0
0.001104,-0.2193448497127974,967.2424887758507,-5.693079689980127e-309
0.001108,-0.2193425021832809,967.1251123171414,6.952115744696286e-310
0.001112,-0.2193401548429392,967.0077452481986,1.267865643147616e-311
0.001116,-0.2193378076772206,966.8903875683186,1.267924329442881e-311
0.00112,-0.2193354607152287,966.7730392766914,1.267938235627985e-311
0.001124,-0.2193331139424117,966.6557003725661,6.952146885363432e-310
0.001128,-0.2193307673587697,966.5383708551919,0
0.001132,-0.2193284209497506,966.4210507238183,1.267185006638145e-311
0.001136,-0.2193260747444583,966.3037399776941,4.940656458412465e-324
0.00114,-0.219323728713789,966.1864386160695,0
0.001144,-0.2193213828577427,966.0691466381934,-4.755625454561446e-270
0.001148,-0.2193190372199751,965.9518640433156,6.952115745604181e-310
0.001152,-0.2193166917422786,965.8345908306857,2.764745987043752e-314
0.001156,-0.2193143464683089,965.7173269995534,6.952082610361759e-310
0.00116,-0.2193120013980661,965.6000725491685,1.266911178603653e-311
0.001164,-0.2193096564878942,965.4828274787809,1.266911178603653e-311
0.001168,-0.2193073117814492,965.3655917876405,0
0.001172,-0.2193049672496272,965.2483654749972,1.266911178619463e-311
0.001176,-0.2193026229069801,965.1311485401009,0
0.00118,-0.2193002787535079,965.0139409822021,1.267938635678868e-311
0.001184,-0.2192979347892106,964.8967428005508,-5.70394430130648e-309
0.001188,-0.2192955910140881,964.7795539943972,6.952146885384381e-310
0.001192,-0.2192932474281406,964.6623745629917,6.952146885380033e-310
0.001196,-0.2192909040168161,964.5452045055847,6.952146885378452e-310
0.0012,-0.2192885608092183,964.4280438214266,6.952146885376476e-310
0.001204,-0.2192862177907955,964.3108925097681,6.952146885374104e-310
0.001208,-0.2192838749469956,964.1937505698596,0
0.001212,-0.2192815322923707,964.0766180009521,0
0.001216,-0.2192791898414725,963.9594948022958,0
0.00122,-0.2192768475506455,963.8423809731421,0
0.001224,-0.2192745054780971,963.7252765127248,-5.70937661215036e-309
0.001228,-0.2192721635656198,963.6081814202814,1.273197474579163e-313
0.001232,-0.2192698218423175,963.4910956950874,1
0.001236,-0.2192674803227419,963.3740193363933,1.267184946235656e-311
0.00124,-0.2192651389923412,963.2569523434501,3.395193265593842e-313
0.001244,-0.2192627978365635,963.1398947155085,8.487983195481291e-314
0.001248,-0.2192604568699608,963.0228464518194,6.95211323174442e-310
0.001252,-0.2192581160925329,962.905807551634,0
0.001256,-0.219255775489728,962.7887780142033,2
0.00126,-0.2192534350906499,962.6717578387783,0
0.001264,-0.2192510948661948,962.5547470246102,-5.71480892299418e-309
0.001268,-0.2192487548454665,962.4377455709504,6.952146885384381e-310
0.001272,-0.2192464149993611,962.3207534770501,6.952146885380033e-310
0.001276,-0.2192440753424307,962.2037707421607,6.952146885378452e-310
0.00128,-0.2192417358746752,962.0867973655335,6.952146885376476e-310
0.001284,-0.2192393965960946,961.96983334642,6.952146885374104e-310
0.001288,-0.2192370575066889,961.8528786840719,0
0.001292,-0.219234718606458,961.7359333777409,0
0.001296,-0.2192323798954021,961.6189974266783,0
0.0013,-0.2192300413589692,961.5020708301363,5.566842417248906e-308
0.001304,-0.2192277029971592,961.3851535873664,-5.722044919898756e-309
0.001308,-0.2192253648390761,961.2682456976203,2.121995790965272e-314
0.001312,-0.2192230268774438,961.1513471601503,1
0.001316,-0.2192206890977104,961.0344579742081,1.267184946235656e-311
0.00132,-0.219218351499876,960.9175781390458,3.395193265593842e-313
0.001324,-0.2192160140912165,960.8007076539157,2.33419537322382e-313
0.001328,-0.2192136768644559,960.6838465180697,6.95211323174442e-310
0.001332,-0.2192113398268702,960.5669947307603,0
0.001336,-0.2192090029784595,960.4501522912349,2
0.00134,-0.2192066663192236,960.333319198745,0
0.001344,-0.2192043298418866,960.2164954525475,-5.725673534320296e-309
0.001348,-0.2192019935610006,960.0996810518948,2.121995790965272e-314
0.001352,-0.2191996574547375,959.9828759960388,1
0.001356,-0.2191973215449252,959.8660802842327,1.267938012112687e-311
0.00136,-0.2191949858170119,959.7492939157287,3.395193265593842e-313
0.001364,-0.2191926502709975,959.6325168897796,1.697596635934238e-313
0.001368,-0.219190314921434,959.5157492056377,6.95211323174442e-310
0.001372,-0.2191879797537695,959.3989908625562,0
0.001376,-0.2191856447752798,959.2822418597879,2
0.00138,-0.2191833099786891,959.1655021965855,5.566842417248908e-308
0.001384,-0.2191809753712732,959.048771872202,-5.731105845164097e-309
0.001388,-0.2191786409530323,958.9320508858904,6.952146885384381e-310
0.001392,-0.2191763067239663,958.8153392369039,6.952146885380033e-310
0.001396,-0.2191739726695232,958.6986369244954,6.952146885378452e-310
0.0014,-0.219171638811531,958.5819439479181,6.952146885376476e-310
0.001404,-0.2191693051427137,958.4652603064252,6.952146885374104e-310
0.001408,-0.2191669716557954,958.3485859992702,0
0.001412,-0.2191646383580519,958.2319210257062,0
0.001416,-0.2191623052422074,958.1152653849869,2.454518128539313e-320
0.00142,-0.2191599723155377,957.9986190763656,9.881312916824931e-324
0.001424,-0.219157639578043,957.8819820990958,-5.736538145646689e-309
0.001428,-0.2191553070297232,957.7653544524312,6.952146885384381e-310
0.001432,-0.2191529746560263,957.6487361356254,6.952146885380033e-310
0.001436,-0.2191506424787804,957.5321271479321,6.952146885378452e-310
0.00144,-0.2191483104834333,957.4155274886052,6.952146885376476e-310
0.001444,-0.2191459786772612,957.2989371568983,6.952146885374104e-310
0.001448,-0.2191436470602639,957.182356152059,0
0.001452,-0.2191413156251656,957.0657844733423,0
0.001456,-0.2191389843792422,956.9492221200065,1.615594661900876e-320
0.00146,-0.2191366533152177,956.8326690913049,0
0.001464,-0.2191343224476441,956.7161253864921,-5.74377415291281e-309
0.001468,-0.2191319917546934,956.5995910048218,2.121995790965272e-314
0.001472,-0.2191296612581937,956.4830659455484,1
0.001476,-0.2191273309363169,956.3665502079264,1.185757550018992e-322
0.00148,-0.2191250008108909,956.2500437912092,6.365987372895817e-314
0.001484,-0.2191226708673639,956.1335466946521,2.546394949158327e-313
0.001488,-0.2191203411130118,956.0170589175088,1.765500498177967e-311
0.001492,-0.2191180115405587,955.9005804590344,1.045719525787686e-310
0.001496,-0.2191156821645563,955.7841113184826,2
0.0015,-0.219113352963177,955.6676514951087,9.881312916824931e-324
0.001504,-0.2191110239582486,955.5512009881669,-5.747402767334349e-309
0.001508,-0.219108695131581,955.4347597969122,6.365987372895817e-314
0.001512,-0.2191063664940884,955.3183279205989,1
0.001516,-0.2191040380457707,955.2019053584822,1.26718496734214e-311
0.00152,-0.219101709775714,955.085492109817,3.395193265593842e-313
0.001524,-0.2190993816984701,954.9690881738578,5.092789901478674e-313
0.001528,-0.2190970538067631,954.8526935498601,6.95211323174442e-310
0.001532,-0.2190947261005931,954.7363082370784,0
0.001536,-0.21909239857996,954.6199322347682,2
0.00154,-0.2190900712485018,954.5035655421846,0
0.001544,-0.2190877440989425,954.3872081585823,-5.752835109262468e-309
0.001548,-0.2190854171385581,954.2708600832173,6.952103666765531e-310
0.001552,-0.2190830903600727,954.1545213153447,6.952103666761974e-310
0.001556,-0.2190807637707621,954.0381918542195,6.952118901556397e-310
0.00156,-0.2190784373706265,953.9218716991012,1.266831487206268e-311
0.001564,-0.2190761111523898,953.805560849243,0
0.001568,-0.21907378511969,953.6892593038998,-2.000002025374073
0.001572,-0.2190714592798031,953.5729670623269,0
0.001576,-0.2190691336181771,953.4566841237802,0
0.00158,-0.2190668081457261,953.3404104875156,1.697596632772218e-313
0.001584,-0.219064482858812,953.2241461527885,-5.758267420106288e-309
0.001588,-0.2190621577592538,953.1078911188554,6.952115744696286e-310
0.001592,-0.2190598328434135,952.9916453849714,1.267865643147616e-311
0.001596,-0.2190575081149291,952.8754089503933,1.267924328707712e-311
0.0016,-0.2190551835719816,952.7591818143769,1.267938235216923e-311
0.001604,-0.2190528592163901,952.6429639761782,6.952146885363482e-310
0.001608,-0.2190505350445164,952.5267554350534,0
0.001612,-0.2190482110599987,952.4105561902589,1.267185006638145e-311
0.001616,-0.2190458872610179,952.2943662410509,3.237908616585193e-319
0.00162,-0.219043563647574,952.1781855866855,1.266831487206268e-311
0.001624,-0.2190412402214861,952.0620142264195,-5.765503427372489e-309
0.001628,-0.219038916979116,951.9458521595092,6.952115744696286e-310
0.001632,-0.2190365939241019,951.829699385211,1.267865643147616e-311
0.001636,-0.2190342710537152,951.7135559027819,1.267924328233409e-311
0.00164,-0.2190319483706844,951.597421711478,1.267938235454074e-311
0.001644,-0.219029625872281,951.4812968105565,1.060997895532043e-313
0.001648,-0.2190273035603241,951.3651811992738,0
0.001652,-0.219024981433904,951.249074876887,1.267185006638145e-311
0.001656,-0.2190226594939304,951.1329778426527,2.000000000029104
0.00166,-0.2190203377381295,951.0168900958281,9.881312916824931e-324
0.001664,-0.2190180161687749,950.9008116356702,-5.769132041794028e-309
0.00166667,-0.2190164685594027,950.8234311544566,2.121995790965272e-314
0.00166667,-0.2190164685594027,950.8234311544566,1
0.001668,-0.2190156947854121,950.7847424614348,1.185757550018992e-322
0.001672,-0.2190133735878135,950.6686825723232,6.365987372895817e-314
0.001676,-0.2190110525756381,950.5526319673796,1.060997895482636e-313
0.00167918,-0.2190092094123564,950.4604738079096,2.17292369007492e-311
0.00167918,-0.2190092094123564,950.4604738079096,6.111347877979984e-311
0.00167918,-0.2190092093503802,950.4604707090984,2
0.00167918,-0.2190092093503802,950.4604707090984,0
0.00168,-0.2190087317491134,950.4365906458397,-5.774564342276521e-309
0.001684,-0.2190064111083529,950.3205586078245,6.952146885384381e-310
0.001688,-0.2190040906532431,950.2045358517834,6.952146885380033e-310
0.001692,-0.2190017703837839,950.0885223766825,6.952146885378452e-310
0.001696,-0.2189994502996342,949.9725181818457,6.952146885376476e-310
0.0017,-0.2189971304014762,949.8565232670982,6.952146885374104e-310
0.001704,-0.2189948106888551,949.7405376282513,0
0.001708,-0.2189924911617709,949.6245612672469,0
0.001712,-0.2189901718193141,949.5085941840849,2.459458784997725e-320
0.001716,-0.2189878526633038,949.3926363787651,9.881312916824931e-324
0.00172,-0.2189855336928304,949.2766878511959,-5.781800349542741e-309
0.001724,-0.2189832149078939,949.160748593674,8.487983163861089e-314
0.001728,-0.2189808963084943,949.0448186114189,1
0.001732,-0.2189785778937221,948.9288979044304,1.26718496734214e-311
0.001736,-0.2189762596644869,948.8129864727084,3.395193265593842e-313
0.00174,-0.2189739416207885,948.6970843162532,4.45047026037468e-307
0.001744,-0.2189716237644461,948.5811914251334,6.95211323174442e-310
0.001748,-0.2189693060918216,948.4653078049428,0
0.001752,-0.2189669886047341,948.3494334564211,2
0.001756,-0.2189646713031834,948.2335683795682,5.566842417200337e-308
0.00176,-0.2189623541871697,948.1177125743841,-5.787232660386542e-309
0.001764,-0.2189600372566929,948.0018660318252,2.970794107351381e-313
0.001768,-0.218957720509934,947.8860287555898,1
0.001772,-0.218955403950531,947.770200747305,1.267184946235656e-311
0.001776,-0.218953087576665,947.654382006971,3.395193265593842e-313
0.00178,-0.2189507713883359,947.5385725345877,9.346029986702642e-307
0.001784,-0.2189484553819057,947.4227723249555,6.95211323174442e-310
0.001788,-0.2189461395610124,947.3069813778625,0
0.001792,-0.218943823929294,947.1911996941087,2
0.001796,-0.2189415084794746,947.0754272730182,0
0.0018,-0.21893919321883,946.959664113915,-5.790861264446458e-309
0.001804,-0.2189368781400844,946.8439102161229,6.952146885384381e-310
0.001808,-0.2189345632468758,946.7281655789661,6.952146885380033e-310
0.001812,-0.218932248539204,946.6124302017689,6.952146885378452e-310
0.001816,-0.2189299340170692,946.4967040838549,6.952146885376476e-310
0.00182,-0.2189276196804713,946.3809872245482,6.952146885374104e-310
0.001824,-0.2189253055294103,946.2652796221772,0
0.001828,-0.2189229915602482,946.1495812757289,0
0.001832,-0.2189206777766231,946.0338921851991,2.4891027237482e-320
0.001836,-0.2189183641821728,945.9182123498462,9.881312916824931e-324
0.00184,-0.2189160507732595,945.8025417689278,-5.796293575290337e-309
0.001844,-0.2189137375426071,945.6868804417023,3.395193265544436e-313
0.001848,-0.2189114245047676,945.5712283674281,1
0.001852,-0.2189091116451891,945.4555855453629,1.267184944907607e-311
0.001856,-0.2189067989747855,945.3399519747649,3.395193265593842e-313
0.00186,-0.2189044864899188,945.2243276548922,1.112606870234881e-306
0.001864,-0.218902174186951,945.1087125846663,6.95211323174442e-310
0.001868,-0.2188998620767961,944.9931067628393,0
0.001872,-0.2188975501412642,944.8775101891998,2
0.001876,-0.2188952383949072,944.7619228629792,0
0.00188,-0.2188929268304491,944.6463447834084,-5.801725886134158e-309
0.001884,-0.218890615455166,944.5307759497185,2.121995790965272e-314
0.001888,-0.2188883042617817,944.4152163611407,1.266831487206762e-311
0.001892,-0.2188859932502965,944.2996660169058,1.185757550018992e-322
0.001896,-0.218883682435262,944.184124916245,6.365987372895817e-314
0.0019,-0.2188813718021265,944.0685930583894,1.060997895482636e-313
0.001904,-0.218879061343614,943.9530704426084,1.765500498177967e-311
0.001908,-0.2188767510742764,943.8375570683553,4.345847379896878e-311
0.001912,-0.2188744409941137,943.7220529346824,4.243991581930545e-314
0.001916,-0.2188721310958499,943.6065580408282,9.881312916824931e-324
0.00192,-0.2188698213794851,943.4910723860304,-5.80959848177634e-309
0.001924,-0.2188675118522951,943.3755959695276,2.121995790965272e-314
0.001928,-0.2188652025142801,943.2601287905578,1
0.001932,-0.218862893358164,943.1446708483597,1.185757550018992e-322
0.001936,-0.2188605843766709,943.0292221421714,6.365987372895817e-314
0.00194,-0.2188582755843527,942.9137826712309,2.121995790965272e-314
0.001944,-0.2188559669884853,942.7983524347768,2.17292369007492e-311
0.001948,-0.2188536585672409,942.6829314332765,9.50654114352442e-312
0.001952,-0.2188513503351714,942.5675196651458,2
0.001956,-0.2188490422777249,942.4521171296093,9.881312916824931e-324
0.00196,-0.2188467344094533,942.3367238259375,-5.81259049746059e-309
0.001964,-0.2188444267303566,942.2213397534008,6.952146885384381e-310
0.001968,-0.2188421192331589,942.10596491127,6.952146885380033e-310
0.001972,-0.218839811925136,941.9905992988157,6.952146885378452e-310
0.001976,-0.2188375047990121,941.8752429153085,6.952146885376476e-310
0.00198,-0.2188351978547871,941.7598957600188,6.952146885374104e-310
0.001984,-0.2188328910924611,941.6445578322177,0
0.001988,-0.2188305845193099,941.5292291311754,0
0.001992,-0.2188282781280577,941.4139096561626,2.523687318957087e-320
0.001996,-0.2188259719187045,941.2985994064497,9.881312916824931e-324
0.002,-0.218823665905802,941.183298381308,-5.818022808304391e-309
0.002004,-0.2188213600675226,941.0680065800074,6.952146885384381e-310
0.002008,-0.2188190544184181,940.9527240018188,6.952146885380033e-310
0.002012,-0.2188167489512125,940.8374506460127,6.952146885378452e-310
0.002016,-0.2188144436659059,940.7221865118599,6.952146885376476e-310
0.00202,-0.2188121385697741,940.6069315986309,6.952146885374104e-310
0.002024,-0.2188098336555413,940.4916859055963,0
0.002028,-0.2188075289232074,940.3764494313205,0
0.002032,-0.2188052243800485,940.2612221750994,2.523687318957087e-320
0.002036,-0.2188029200187884,940.1460041366749,1.1671148461936e-312
0.00204,-0.2188006158394273,940.0307953153061,-5.82345515023e-309
0.002044,-0.2187983118492411,939.9155957102525,6.952115744696286e-310
0.002048,-0.2187960080409539,939.8004053207734,1.267865643147616e-311
0.002052,-0.2187937044218415,939.6852241461279,1.267924328114833e-311
0.002056,-0.2187914009846281,939.5700521855755,1.267938235153682e-311
0.00206,-0.2187890977220377,939.4548894383756,6.952146885363432e-310
0.002064,-0.2187867946486222,939.3397359037872,0
0.002068,-0.2187844917789334,939.2245915810698,1.267185006638145e-311
0.002072,-0.2187821890547639,939.1094564694827,4.940656458412465e-324
0.002076,-0.218779886548873,938.9943305682852,0
0.00208,-0.2187775842176052,938.8792138767366,-5.830691157496121e-309
0.002084,-0.2187752820609603,938.7641063940963,2.121995790965272e-314
0.002088,-0.2187729801080422,938.6490081196235,1
0.002092,-0.2187706783151953,938.5339190525775,1.185757550018992e-322
0.002096,-0.2187683767115232,938.4188391922177,6.365987372895817e-314
0.0021,-0.2187660753115779,938.3037685378033,1.485397053675691e-313
0.002104,-0.2187637740862556,938.1887070885938,1.765500498177967e-311
0.002108,-0.2187614730355563,938.0736548439678,5.703924686114652e-311
0.002112,-0.2187591721740318,937.9586118036287,2
0.002116,-0.2187568715016823,937.8435779663687,0
0.00212,-0.2187545710039558,937.7285533314516,-5.83431977191766e-309
0.002124,-0.2187522706954041,937.6135378981412,8.487983163861089e-314
0.002128,-0.2187499705760274,937.4985316657012,1
0.002132,-0.2187476706312736,937.3835346333954,1.267184946235656e-311
0.002136,-0.2187453708756948,937.2685468004876,3.395193265593842e-313
0.00214,-0.2187430713092908,937.1535681662416,9.346029986702642e-307
0.002144,-0.2187407719029579,937.0385987299211,6.95211323174442e-310
0.002148,-0.2187384727003518,936.9236384907899,0
0.002152,-0.2187361736869207,936.8086874481121,2
0.002156,-0.2187338748481125,936.693745601151,5.566842417248906e-308
0.00216,-0.2187315761839272,936.5788129491705,-5.839752072400233e-309
0.002164,-0.2187292777234688,936.4638894914345,3.395193265544436e-313
0.002168,-0.2187269794376334,936.3489752272068,1.000000000000004
0.002172,-0.2187246813409729,936.2340701557509,1.185757550018992e-322
0.002176,-0.2187223834189354,936.119174276331,6.898122809645295e-307
0.00218,-0.2187200856860727,936.0042875882106,1.112606871457523e-306
0.002184,-0.218717788127833,935.8894100906534,6.898102438382138e-307
0.002188,-0.2187154907733202,935.7745417829235,6.897898723729581e-307
0.002192,-0.2187131935788784,935.6596826644113,2
0.002196,-0.2187108965881635,935.5448327343048,0
0.0022,-0.2187085997866234,935.4299919918404,-5.845184383244053e-309
0.002204,-0.2187063031451544,935.3151604362832,6.952146885384381e-310
0.002208,-0.2187040066928603,935.2003380668979,6.952146885380033e-310
0.002212,-0.2187017104297411,935.0855248829495,6.952146885378452e-310
0.002216,-0.2186994143557968,934.9707208837026,6.952146885376476e-310
0.00222,-0.2186971184710274,934.8559260684221,6.952146885374104e-310
0.002224,-0.218694822746329,934.741140436373,0
0.002228,-0.2186925272253575,934.6263639868203,0
0.002232,-0.218690231864457,934.5115967190284,0
0.002236,-0.2186879367218353,934.3968386322623,9.881312916824931e-324
0.00224,-0.2186856417392846,934.282089725787,-1.627061745975553e-231
0.002244,-0.2186833469459089,934.1673499988673,1.27319747462857e-313
0.002248,-0.2186810523271561,934.052619450768,4.243991581930545e-314
0.002252,-0.2186787578975782,933.9378980807541,6.952111356966873e-310
0.002256,-0.2186764636571752,933.8231858880902,6.952111356966873e-310
0.00226,-0.2186741695913952,933.7084828720413,1.060997898644656e-313
0.002264,-0.2186718757147901,933.5937890318721,6.95211323174442e-310
0.002268,-0.2186695820273599,933.4791043668478,0
0.002272,-0.2186672885145526,933.364428876285,2
0.002276,-0.2186649951909203,933.249762559481,0
0.00228,-0.218662702041911,933.1351054156349,-5.856049004931477e-309
0.002284,-0.2186604090820765,933.0204574440129,6.952115745604181e-310
0.002288,-0.218658116311417,932.9058186438803,-2.00000248508244
0.002292,-0.2186558237153804,932.7911890145027,6.952082610361907e-310
0.002296,-0.2186535313085187,932.6765685551463,1.267938235675416e-311
0.0023,-0.21865123907628,932.5619572650763,1.267938235675416e-311
0.002304,-0.2186489470332162,932.447355143559,0
0.002308,-0.2186466551793274,932.3327621898595,1.267938235849327e-311
0.002312,-0.2186443635000614,932.218178403244,0
0.002316,-0.2186420720099704,932.103603782978,1.267938632690759e-311
0.00232,-0.2186397806945024,931.9890383283271,-5.86148130541397e-309
0.002324,-0.2186374895682093,931.8744820385572,3.395193265544436e-313
0.002328,-0.218635198645643,931.7599349129339,1
0.002332,-0.2186329078685958,931.6453969507231,1.267184946235656e-311
0.002336,-0.2186306172952754,931.5308681511902,3.395193265593842e-313
0.00234,-0.21862832691113,931.4163485136013,1.112606870234881e-306
0.002344,-0.2186260367016075,931.301838037222,6.95211323174442e-310
0.002348,-0.218623746666708,931.1873367213177,0
0.002352,-0.2186214568355354,931.0728445651586,2
0.002356,-0.2186191671644337,930.9583615681206,0
0.00236,-0.218616877697059,930.8438877293759,-5.866913616257869e-309
0.002364,-0.2186145883897552,930.7294230481918,6.952146885384381e-310
0.002368,-0.2186122992861783,930.6149675238362,6.952146885380033e-310
0.002372,-0.2186100103572244,930.5005211555761,6.952146885378452e-310
0.002376,-0.2186077216174453,930.386083942679,6.952146885376476e-310
0.00238,-0.2186054330522893,930.2716558844127,6.952146885374104e-310
0.002384,-0.2186031446763081,930.1572369800444,0
0.002388,-0.21860085647495,930.0428272288424,0
0.002392,-0.2185985684627667,929.9284266300738,2.459458784997725e-320
0.002396,-0.2185962806397583,929.8140351830066,0
0.0024,-0.2185939929913729,929.6996528869087,-5.87414962352399e-309
0.002404,-0.2185917055321625,929.5852797410478,6.952146885384381e-310
0.002408,-0.2185894182475749,929.4709157446918,6.952146885380033e-310
0.002412,-0.2185871311521623,929.3565608971088,6.952146885378452e-310
0.002416,-0.2185848442459246,929.2422151975667,6.952146885376476e-310
0.00242,-0.218582557499758,929.1278786453336,6.952146885374104e-310
0.002424,-0.21858027097187,929.0135512396776,0
0.002428,-0.2185779846040532,928.8992329798668,0
0.002432,-0.2185756984108593,928.7849238651696,0
0.002436,-0.2185734124213923,928.6706238948541,9.881312916824931e-324
0.00244,-0.2185711266065482,928.5563330681886,-5.877778227584222e-309
0.002444,-0.2185688409372233,928.4420513844416,3.395193265544436e-313
0.002448,-0.218566555500729,928.3277788428816,1
0.002452,-0.2185642702388577,928.2135154427766,1.267184944907607e-311
0.002456,-0.2185619851516094,928.0992611833956,3.395193265593842e-313
0.00246,-0.2185597002680879,927.9850160640071,1.112606870234881e-306
0.002464,-0.2185574155300856,927.8707800838796,6.95211323174442e-310
0.002468,-0.21855513099581,927.7565532422816,0
0.002472,-0.2185528466361575,927.6423355384824,2
0.002476,-0.2185505624802317,927.52812697175,0
0.00248,-0.2185482784698252,927.4139275413539,-5.883210538428102e-309
0.002484,-0.2185459946631454,927.2997372465626,6.952146885384381e-310
0.002488,-0.2185437110601924,927.1855560866452,6.952146885380033e-310
0.002492,-0.2185414276318625,927.0713840608705,6.952146885378452e-310
0.002496,-0.2185391443781555,926.9572211685078,6.952146885376476e-310
0.0025,-0.2185368612990715,926.843067408826,6.952146885374104e-310
0.002504,-0.2185345783946104,926.728922781094,0
0.002508,-0.2185322956938762,926.6147872845814,0
0.002512,-0.2185300131386612,926.5006609185574,1.562235572150022e-320
0.002516,-0.2185277307871729,926.3865436823031,9.881312916824931e-324
0.00252,-0.2185254486685153,926.2724355751112,-5.888642849271923e-309
0.002524,-0.218523166666273,926.1583365962207,2.121995790965272e-314
0.002528,-0.2185208848677576,926.0442467449013,1
0.002532,-0.2185186032438651,925.9301660204228,1.267184946235656e-311
0.002536,-0.2185163218236994,925.8160944220549,3.395193265593842e-313
0.00254,-0.2185140405781567,925.7020319490675,1.060997898644656e-313
0.002544,-0.218511759507237,925.5879786007305,6.95211323174442e-310
0.002548,-0.2185094786400441,925.4739343763139,0
0.002552,-0.2185071979183704,925.3598992750876,2
0.002556,-0.2185049174004234,925.2458732963217,0
0.00256,-0.2185026370862033,925.1318564392866,-5.895878887622362e-309
0.002564,-0.2185003569175024,925.0178487032521,2.970794107351381e-313
0.002568,-0.2184980769234244,924.9038500874885,1.000000000000004
0.002572,-0.218495797162177,924.7898605912663,1.185757550018992e-322
0.002576,-0.2184935175464489,924.6758802138559,1.424108385327248e-306
0.00258,-0.2184912381344475,924.5619089545273,9.346029998203773e-307
0.002584,-0.2184889588679653,924.4479468125514,1.379577029254435e-306
0.002588,-0.2184866798343137,924.3339937871987,1.023533975980545e-306
0.002592,-0.2184844009461813,924.2200498777395,2
0.002596,-0.2184821222326718,924.1061150834445,0
0.0026,-0.2184798437228892,923.9921894035846,-5.899507502043901e-309
0.002604,-0.2184775653877296,923.8782728374304,6.952115744696286e-310
0.002608,-0.2184752872562967,923.7643653842526,1.267865643147616e-311
0.002612,-0.218473009270383,923.6504670433221,1.267924328114833e-311
0.002616,-0.2184707314881962,923.5365778139102,1.267938235675416e-311
0.00262,-0.2184684539097361,923.4226976952874,1.060997895482636e-313
0.002624,-0.2184661764767952,923.3088266867248,0
0.002628,-0.2184638992475811,923.1949647874937,1.267185006638145e-311
0.002632,-0.21846162219299,923.0811119968652,2
0.002636,-0.2184593453130219,922.9672683141102,0
0.00264,-0.2184570686076768,922.8534337385003,-5.904939812887702e-309
0.002644,-0.2184547921060584,922.7396082693066,6.952146885384381e-310
0.002648,-0.2184525157790631,922.6257919058006,6.952146885380033e-310
0.002652,-0.2184502396266907,922.5119846472537,6.952146885378452e-310
0.002656,-0.2184479636780452,922.398186492937,6.952146885376476e-310
0.00266,-0.2184456878749188,922.2843974421228,6.952146885374104e-310
0.002664,-0.2184434122755192,922.1706174940821,0
0.002668,-0.2184411368507426,922.0568466480867,0
0.002672,-0.2184388616296928,921.9430849034081,2.49305524891493e-320
0.002676,-0.218436586583266,921.8293322593184,0
0.00268,-0.2184343117114622,921.7155887151099,-5.910372113370294e-309
0.002684,-0.2184320370433852,921.6018542700565,0
0.002688,-0.2184297624917235,921.4881289234114,1.2679334869852e-311
0.002692,-0.2184274881728925,921.3744126744467,1.267933489665012e-311
0.002696,-0.2184252140577883,921.2607055224347,1.060997895482636e-314
0.0027,-0.2184229400882032,921.1470074666477,0
0.002704,-0.2184206662932411,921.0333185063579,-7.38796022350657e-309
0.002708,-0.2184183927311096,920.9196386408375,1.267940526606927e-311
0.002712,-0.2184161192853935,920.8059678693593,0
0.002716,-0.2184138460434042,920.6923061911955,1.267940526701293e-311
0.00272,-0.2184115730051417,920.5786536056189,-5.917608120636415e-309
0.002724,-0.2184093001415022,920.4650101119021,1.267942239101202e-311
0.002728,-0.2184070274524856,920.3513757093174,1.060997895482636e-314
0.002732,-0.2184047549380921,920.2377503971379,0
0.002736,-0.2184024826274253,920.1241341746363,-7.393392534026664e-309
0.00274,-0.2184002104913816,920.0105270410854,1.267933489764319e-311
0.002744,-0.2183979385299608,919.8969289957583,1.267940526985875e-311
0.002748,-0.218395666743163,919.7833400379278,1.267940526796154e-311
0.002752,-0.2183933951309882,919.6697601668668,1.267933489333e-311
0.002756,-0.2183911237225402,919.5561893818486,1.26694828917074e-311
0.00276,-0.2183888524887152,919.4426276821463,-5.921236735057955e-309
0.002764,-0.218386581458617,919.329075067033,0
0.002768,-0.218384310574038,919.2155315357821,-7.398824844546679e-309
0.002772,-0.2183820398640819,919.101997087667,1.267940526985875e-311
0.002776,-0.2183797693578526,918.9884717219607,0
0.00278,-0.2183774990553502,918.8749554379369,0
0.002784,-0.2183752288983669,918.7614482348691,1.267940526859394e-311
0.002788,-0.2183729589160066,918.647950112031,6.95211323174442e-310
0.002792,-0.218370689166477,918.5344610686959,1.060997895482636e-314
0.002796,-0.2183684195624664,918.4209811041376,0
0.0028,-0.2183661501330789,918.3075102176299,-5.92666903554021e-309
0.002804,-0.2183638809074182,918.1940484084465,1.267940527491798e-311
0.002808,-0.2183616118563805,918.0805956758613,0
0.002812,-0.2183593429799657,917.9671520191482,0
0.002816,-0.2183570743072778,917.8537174375813,1.267933488574115e-311
0.00282,-0.218354805780109,917.7402919304345,6.95211323174442e-310
0.002824,-0.2183525374566671,917.6268754969817,1.060997895482636e-314
0.002828,-0.2183502692787442,917.5134681364973,0
0.002832,-0.2183480013336521,917.4000698482555,-7.409689455225164e-309
0.002836,-0.2183457335631829,917.2866806315304,1.267940526385091e-311
0.00284,-0.2183434659382328,917.1733004855965,-5.932101346384031e-309
0.002844,-0.2183411985170096,917.059929409731,0
0.002848,-0.2183389312995132,916.9465674032068,1.267933489072133e-311
0.002852,-0.2183366642275359,916.8332144652974,1.267914892235692e-311
0.002856,-0.2183343973592855,916.7198705952774,1.060997895482636e-314
0.00286,-0.218332130665658,916.6065357924213,0
0.002864,-0.2183298641175497,916.4932100560038,-7.415121765745258e-309
0.002868,-0.2183275978022721,916.3798933853,1.267940525784801e-311
0.002872,-0.2183253316616174,916.2665857795843,1.267940526068889e-311
0.002876,-0.2183230656664819,916.1532872381316,1.267940526353471e-311
0.00288,-0.218320799904177,916.0399977602171,-5.939337353650231e-309
0.002884,-0.2183185342873912,915.9267173451158,3.458459520888726e-323
0.002888,-0.2183162688452285,915.8134459921023,2.470328229206233e-323
0.002892,-0.2183140036067925,915.7001837004519,0
0.002896,-0.2183117385429796,915.5869304694399,-7.420554076265272e-309
0.0029,-0.2183094736537896,915.4736862983417,1.267940546463919e-311
0.002904,-0.2183072089683264,915.3604511864321,0
0.002908,-0.2183049444283824,915.2472251329867,0
0.002912,-0.2183026800921652,915.1340081372809,1.266961701946318e-311
0.002916,-0.218300415930571,915.0208001985901,1.267933487222351e-311
0.00292,-0.2182981519727036,914.9076013161899,-5.942965968071771e-309
0.002924,-0.2182958881603554,914.7944114893559,0
0.002928,-0.218293624551734,914.6812307173635,-7.425986376424059e-309
0.002932,-0.2182913611177355,914.5680589994887,1.267933489005434e-311
0.002936,-0.21828909785836,914.4548963350071,1.267940526891014e-311
0.00294,-0.2182868348027114,914.3417427231946,1.267940527460178e-311
0.002944,-0.2182845719216857,914.2285981633266,1.267933488740121e-311
0.002948,-0.2182823091861792,914.1154626546797,8.201489720964693e-322
0.002952,-0.2182800466543995,914.0023361965297,2.470328229206233e-323
0.002956,-0.2182777843263466,913.8892187881523,0
0.00296,-0.2182755221438129,913.7761104288239,-5.948398268554264e-309
0.002964,-0.2182732601359021,913.6630111178207,1.267937819664731e-311
0.002968,-0.218270998360822,913.549920854419,1.2679398297051e-311
0.002972,-0.218268736731261,913.4368396378948,1.267940512187621e-311
0.002976,-0.218266475276323,913.3237674675246,1.267938009646312e-311
0.00298,-0.2182642140251119,913.2107043425849,1.267933488858697e-311
0.002984,-0.2182619529194199,913.0976502623519,1.060997895482636e-314
0.002988,-0.2182596920465585,912.9846052261023,0
0.002992,-0.2182574313192163,912.8715692331126,-7.436850997464167e-309
0.002996,-0.2182551707956009,912.7585422826596,1.909796211868745e-313
0.003,-0.2182529104175046,912.6455243740198,-5.953830579398163e-309
0.003004,-0.218250650272239,912.5325155064701,1.185757550018992e-322
0.003008,-0.2182483902724925,912.4195156792728,9.346057159128209e-307
0.003012,-0.2182461304473691,912.3065248917175,1.602184914027738e-306
0.003016,-0.2182438707968686,912.1935431430813,5.73116149175846e-322
0.00302,-0.2182416113500949,912.0805704326416,0
0.003024,-0.2182393520779442,911.9676067596748,-7.442283307984182e-309
0.003028,-0.2182370929513127,911.8546521234587,1.267933489242586e-311
0.003032,-0.2182348340575118,911.7417065232696,1.267940527143976e-311
0.003036,-0.2182325753383338,911.6287699583852,1.267940527428558e-311
0.00304,-0.2182303167937789,911.5158424280827,-5.961066586664285e-309
0.003044,-0.218228058423847,911.4029239316393,4.021694357147747e-321
0.003048,-0.218225800228538,911.2900144683323,2.470328229206233e-323
0.003052,-0.2182235422369558,911.177114037439,0
0.003056,-0.2182212843908928,911.0642226382373,-7.447715649588515e-309
0.00306,-0.2182190267485566,910.9513402700042,1.267940526891014e-311
0.003064,-0.2182167692517396,910.8384669320175,0
0.003068,-0.2182145119877532,910.7256026235549,0
0.003072,-0.2182122548983898,910.6127473438939,1.26793348938043e-311
0.003076,-0.2182099979545455,910.4999010923127,1.027656543349793e-321
0.00308,-0.2182077412144281,910.3870638680887,-5.964695232170063e-309
0.003084,-0.2182054846489336,910.2742356704998,0
0.003088,-0.2182032282580622,910.1614164988241,-7.453147960108529e-309
0.003092,-0.2182009720709175,910.0486063523396,1.267933488886858e-311
0.003096,-0.2181987160583958,909.935805230324,1.26794052622699e-311
0.0031,-0.2181964602204971,909.823013132056,1.267940527365317e-311
0.003104,-0.2181942045281176,909.7102300568132,1.267933489499006e-311
0.003108,-0.2181919490685686,909.5974560038741,1.266948311194211e-311
0.003112,-0.2181896937545389,909.4846909725169,1.060997895482636e-314
0.003116,-0.218187438644236,909.37193496202,0
0.00312,-0.2181851836794522,909.2591879716616,-5.970127543013943e-309
0.003124,-0.218182928947499,909.1464500007205,1.267940526764534e-311
0.003128,-0.218180674361065,909.0337210484748,0
0.003132,-0.218178419949254,908.9210011142036,0
0.003136,-0.2181761657411698,908.8082901971852,1.267933488526684e-311
0.00314,-0.2181739117077086,908.6955882966981,1.267914886899783e-311
0.003144,-0.2181716578488704,908.5828954120213,1.060997895482636e-314
0.003148,-0.218169404193759,908.470211542434,0
0.003152,-0.2181671506550629,908.3575366872141,-7.464012581148638e-309
0.003156,-0.2181648973491974,908.2448708456412,1.697596632772218e-313
0.00316,-0.2181626442179549,908.1322140169942,-5.975559853857763e-309
0.003164,-0.2181603912613355,908.0195662005519,1.185757550018992e-322
0.003168,-0.218158138479339,907.9069273955917,4.228007017786965e-307
0.003172,-0.2181558859010693,907.7942976013851,1.7802139096288e-306
0.003176,-0.2181536334683187,907.6816768172198,0
0.00318,-0.218151381239295,907.569065042375,0
0.003184,-0.2181491291848943,907.45646227613,-7.469444881307424e-309
0.003188,-0.2181468773051165,907.3438685177642,1.26794052622699e-311
0.003192,-0.2181446255999617,907.231283766557,0
0.003196,-0.2181423740985338,907.1187080217878,0
0.0032,-0.2181401227717288,907.0061412827362,-5.982795850762656e-309
0.003204,-0.2181378716195468,906.8935835486815,6.95211323174442e-310
0.003208,-0.2181356206419878,906.7810348189038,1.060997895482636e-314
0.003212,-0.2181333698681556,906.6684950926825,0
0.003216,-0.2181311192107387,906.5559643692975,-7.474877191827439e-309
0.00322,-0.2181288687861525,906.4434426480283,1.267940526891014e-311
0.003224,-0.2181266185361892,906.3309299281551,0
0.003228,-0.2181243684608489,906.2184262089576,0
0.003232,-0.2181221185601316,906.105931489716,1.267933488716406e-311
0.003236,-0.2181198688340373,905.99344576971,1.267933489783587e-311
0.00324,-0.2181176193407737,905.88096904822,-5.986424465184195e-309
0.003244,-0.2181153699639253,905.7685013245261,0
0.003248,-0.2181131208199076,905.6560425979085,-7.480309502347533e-309
0.003252,-0.2181108717923053,905.5435928676474,1.26794052704961e-311
0.003256,-0.2181086229393259,905.4311521330229,1.267940525721067e-311
0.00326,-0.2181063743773848,905.318720393316,1.267940526638053e-311
0.003264,-0.2181041258736514,905.2062976478064,1.267940526669673e-311
0.003268,-0.2181018776027486,905.0938838957753,2.470328229206233e-323
0.003272,-0.2180996295064688,904.9814791365028,2.470328229206233e-323
0.003276,-0.218097381584812,904.8690833692697,0
0.00328,-0.2180951338959858,904.7566965933564,-5.991856776027996e-309
0.003284,-0.2180928863235749,904.644318808044,1.267940526259105e-311
0.003288,-0.2180906389257871,904.5319500126133,1.267940527207216e-311
0.003292,-0.2180883917608298,904.4195902063447,1.267940526827774e-311
0.003296,-0.2180861447122879,904.3072393885194,1.26793348942786e-311
0.0033,-0.2180838978965767,904.1948975584183,1.267933489261854e-311
0.003304,-0.2180816511972807,904.0825647153224,1.060997895482636e-314
0.003308,-0.2180794047890231,903.9702408585129,0
0.003312,-0.2180771584389731,903.8579259872708,-7.491174113026018e-309
0.003316,-0.2180749123799615,903.7456201008774,1.267940526796154e-311
0.00332,-0.2180726663791575,903.6333231986139,-5.997289076510272e-309
0.003324,-0.2180704206111841,903.5210352797613,0
0.003328,-0.2180681750760414,903.4087563436015,1.2679334885504e-311
0.003332,-0.218065929657314,903.2964863894148,1.267933488787551e-311
0.003336,-0.2180636844714172,903.1842254164819,1.060997895482636e-314
0.00334,-0.2180614394019358,903.071973424086,0
0.003344,-0.218059194565285,902.9597304115083,-7.496606423546033e-309
0.003348,-0.2180569498450495,902.8474963780304,2.3341953700618e-313
0.003352,-0.2180547053576447,902.7352713229344,5.928787750094959e-323
0.003356,-0.2180524610448629,902.6230552455016,1.185757550018992e-322
0.00336,-0.2180502168484963,902.5108481450142,-6.005161682513683e-309
0.003364,-0.2180479729431681,902.3986500207537,4.673065926275573e-307
0.003368,-0.2180457291542552,902.2864608720024,2.461549116103662e-312
0.003372,-0.2180434855399653,902.174280698042,0
0.003376,-0.2180412421002984,902.0621094981545,-7.502038734066126e-309
0.00338,-0.2180389988934621,901.9499472716222,1.267940526448826e-311
0.003384,-0.2180367558030412,901.8377940177273,1.267940526574812e-311
0.003388,-0.2180345129454508,901.7256497357517,1.267940526732913e-311
0.003392,-0.2180322702624835,901.613514424978,1.267940527396938e-311
0.003396,-0.2180300276959315,901.5013880846883,2.470328229206233e-323
0.0034,-0.2180277853622101,901.3892707141651,-6.008153698197932e-309
0.003404,-0.2180255431449041,901.2771623126907,0
0.003408,-0.2180233012186363,901.1650628795477,-7.507471044586141e-309
0.003412,-0.2180210593505763,901.0529724140189,1.267940526954255e-311
0.003416,-0.2180188177735545,900.9408909153864,0
0.00342,-0.218016576312948,900.828818382933,0
0.003424,-0.2180143350269645,900.7167548159417,1.267933488336963e-311
0.003428,-0.2180120939738117,900.6047002136952,1.267933489143278e-311
0.003432,-0.2180098530370742,900.4926545754762,1.060997895482636e-314
0.003436,-0.2180076123331673,900.3806179005677,0
0.00344,-0.2180053717456758,900.2685901882525,-6.013585998680505e-309
0.003444,-0.2180031313328072,900.1565714378139,1.267940527713634e-311
0.003448,-0.218000891210977,900.0445616485346,1.267940526922635e-311
0.003452,-0.2179986511473544,899.9325608196982,1.267940525910788e-311
0.003456,-0.2179964113165624,899.8205689505874,1.26793348947529e-311
0.00346,-0.2179941716603935,899.7085860404858,1.267933488360678e-311
0.003464,-0.2179919321788475,899.5966120886764,1.060997895482636e-314
0.003468,-0.2179896928719245,899.4846470944427,0
0.003472,-0.2179874537978321,899.3726910570682,-7.518335655264942e-309
0.003476,-0.2179852147819474,899.2607439758362,1.267940526259105e-311
0.00348,-0.217982976057101,899.1488058500305,-6.019018309524325e-309
0.003484,-0.21798073744867,899.0368766789343,1.267940526290231e-311
0.003488,-0.2179784990730695,898.9249564618315,1.267933489522721e-311
0.003492,-0.2179762608720921,898.8130451980057,1.267942237915444e-311
0.003496,-0.21797402278753,898.7011428867416,1.060997895482636e-314
0.0035,-0.2179717849357985,898.5892495273227,0
0.003504,-0.21796954725869,898.4773651190327,-7.523767965785036e-309
0.003508,-0.2179673097562045,898.365489661155,1.267940527713634e-311
0.003512,-0.217965072428342,898.2536231529741,0
0.003516,-0.2179628352751024,898.1417655937736,1.267940527523418e-311
0.00352,-0.2179605982964858,898.0299169828379,-6.026254316790525e-309
0.003524,-0.2179583614924923,897.918077319451,1.26794223891148e-311
0.003528,-0.2179561248631217,897.8062466028971,1.060997895482636e-314
0.003532,-0.2179538884665817,897.6944248324606,0
0.003536,-0.2179516521864571,897.5826120074258,-7.529200276305051e-309
0.00354,-0.2179494160809554,897.4708081270772,1.267933488697137e-311
0.003544,-0.2179471802082844,897.3590131906991,1.267940526764534e-311
0.003548,-0.2179449444520287,897.2472271975763,1.267940526037269e-311
0.003552,-0.2179427089286037,897.1354501469928,1.267933489451575e-311
0.003556,-0.2179404735798016,897.0236820382336,4.006872387772509e-321
0.00356,-0.2179382384056225,896.9119228705831,-6.029882931212381e-309
0.003564,-0.2179360033478588,896.8001726433266,0
0.003568,-0.2179337685229257,896.6884313557483,-7.534632617909384e-309
0.003572,-0.2179315339308232,896.5766990071336,1.909796211868745e-313
0.003576,-0.2179292994551361,896.4649755967669,4.940656458412465e-323
0.00358,-0.2179270651540719,896.3532611239333,1.185757550018992e-322
0.003584,-0.2179248310858384,896.241555587918,9.346057159128209e-307
0.003588,-0.2179225971340202,896.129858988006,1.602184914027738e-306
0.003592,-0.217920363356825,896.0181713234823,5.73116149175846e-322
0.003596,-0.2179181298124604,895.9064925936325,0
0.0036,-0.2179158963845111,895.7948227977412,-6.035315273140104e-309
0.003604,-0.2179136631311849,895.6831619350944,1.697596632772218e-313
0.003608,-0.2179114301106893,895.571510004977,4.446590812571219e-323
0.003612,-0.2179091972648166,895.4598670066746,1.185757550018992e-322
0.003616,-0.217906964593567,895.3482329394727,4.228007017786965e-307
0.00362,-0.2179047320969403,895.2366078026564,1.7802139096288e-306
0.003624,-0.2179024997749366,895.1249915955121,0
0.003628,-0.2179002676275559,895.0133843173251,0
0.003632,-0.2178980356547982,894.9017859673806,-7.545497238949492e-309
0.003636,-0.2178958039148711,894.7901965449653,1.267940526543686e-311
0.00364,-0.2178935722913593,894.6786160493643,-6.042551280406324e-309
0.003644,-0.2178913407842629,894.5670444798637,1.267940527302077e-311
0.003648,-0.2178891095682047,894.4554818357497,1.267940527112356e-311
0.003652,-0.2178868784685619,894.3439281163079,2.470328229206233e-323
0.003656,-0.2178846476017497,894.2323833208245,2.470328229206233e-323
0.00366,-0.2178824169095606,894.1208474485852,0
0.003664,-0.2178801863337867,894.0093204988767,-7.550929549469507e-309
0.003668,-0.2178779559908435,893.8978024709849,1.267940527143976e-311
0.003672,-0.2178757257643156,893.7862933641964,0
0.003676,-0.2178734957706183,893.6747931777974,0
0.00368,-0.2178712660097517,893.5633019110742,-6.047983591250125e-309
0.003684,-0.2178690363070928,893.4518195633134,3.903118602145848e-322
0.003688,-0.2178668068372644,893.3403461338015,2.470328229206233e-323
0.003692,-0.2178645776002668,893.2288816218249,0
0.003696,-0.2178623484796844,893.1174260266705,-7.556361849628293e-309
0.0037,-0.2178601195337251,893.0059793476249,1.267940526796154e-311
0.003704,-0.2178578907623887,892.8945415839746,0
0.003708,-0.217855662223883,892.7831127350067,0
0.003712,-0.2178534338017926,892.671692800008,1.267933488811266e-311
0.003716,-0.2178512055543251,892.5602817782653,1.267933488621545e-311
0.00372,-0.2178489775396883,892.4488796690656,-6.051612195310357e-309
0.003724,-0.2178467496996745,892.3374864716959,0
0.003728,-0.2178445219760761,892.2261021854434,-7.561794160148308e-309
0.003732,-0.2178422944271006,892.114726809595,1.267940514843718e-311
0.003736,-0.2178400671109557,892.0033603434382,1.267941840939626e-311
0.00374,-0.2178378399694338,891.8920027862603,1.267940547254424e-311
0.003744,-0.217835613002535,891.7806541373482,1.267941761153953e-311
0.003748,-0.2178333862684667,891.6693143959894,1.267933489759872e-311
0.003752,-0.2178311596508138,891.5579835614715,1.060997895482636e-314
0.003756,-0.2178289332077838,891.4466616330822,0
0.00376,-0.2178267068811692,891.3353486101083,-6.057044506154237e-309
0.003764,-0.2178244807873853,891.2240444918382,1.267933489147725e-311
0.003768,-0.2178222549264319,891.1127492775591,0
0.003772,-0.2178200292401016,891.0014629665587,0
0.003776,-0.2178178036119789,890.8901855581252,1.267933488502969e-311
0.00378,-0.2178155782748945,890.7789170515458,1.267933489000987e-311
0.003784,-0.2178133531124331,890.6676574461087,1.060997895482636e-314
0.003788,-0.217811128066387,890.5564067411019,0
0.003792,-0.2178089031949639,890.4451649358135,-7.572658781188417e-309
0.003796,-0.2178066785563715,890.3339320295313,1.267940527143976e-311
0.0038,-0.217804454092402,890.2227080215434,-6.062476816998057e-309
0.003804,-0.2178022298030555,890.1114929111382,0
0.003808,-0.217800005688332,890.0002866976038,1.267933489404145e-311
0.003812,-0.2177977816900238,889.8890893802284,1.267914890812783e-311
0.003816,-0.217795557982754,889.7779009583005,1.060997895482636e-314
0.00382,-0.2177933343336917,889.6667214311084,0
0.003824,-0.2177911109174602,889.5555507979393,-7.578091081346887e-309
0.003828,-0.2177888877340592,889.4443890580829,1.267933488625992e-311
0.003832,-0.2177866646670736,889.3332362108277,0
0.003836,-0.217784441774711,889.2220922554624,0
0.00384,-0.217782219115179,889.1109571912757,-6.069712813902634e-309
0.003844,-0.2177799965138547,888.9998310175562,1.267933489238139e-311
0.003848,-0.2177777742035687,888.8887137335928,1.060997895482636e-314
0.003852,-0.2177755520679057,888.7776053386742,0
0.003856,-0.217773330048658,888.6665058320893,-7.583523391866901e-309
0.00386,-0.2177711082040332,888.5554152131276,1.267940526606927e-311
0.003864,-0.2177688866504468,888.4443334810775,1.267940526100509e-311
0.003868,-0.217766665155068,888.3332606352283,1.267940525942408e-311
0.003872,-0.2177644438343123,888.222196674869,1.267933488763836e-311
0.003876,-0.2177622228045948,888.1111415992889,1.267933489570151e-311
0.00388,-0.217760001833085,888.0000954077772,-6.073341428324173e-309
0.003884,-0.2177577810944058,887.8890580996233,0
0.003888,-0.2177555605303496,887.7780296741166,-7.588955702386995e-309
0.003892,-0.2177533401409164,887.6670101305464,1.697596632772218e-313
0.003896,-0.2177511199261062,887.555999468202,4.446590812571219e-323
0.0039,-0.2177488998859189,887.4449976863732,1.185757550018992e-322
0.003904,-0.2177466800203547,887.3340047843498,4.228007017786965e-307
0.003908,-0.2177444603294134,887.2230207614209,1.7802139096288e-306
0.003912,-0.2177422408130951,887.1120456168766,0
0.003916,-0.2177400215296075,887.0010793500064,0
0.00392,-0.2177378023625351,886.8901219601004,-6.078773739167974e-309
0.003924,-0.2177355834282935,886.7791734464482,1.267940526543686e-311
0.003928,-0.2177333646104671,886.66823380834,0
0.003932,-0.2177311460254714,886.5573030450654,0
0.003936,-0.217728927556891,886.4463811559147,1.267940527080736e-311
0.00394,-0.2177267093211412,886.3354681401781,4.021694357147747e-321
0.003944,-0.2177244912600145,886.2245639971458,2.470328229206233e-323
0.003948,-0.217722273315303,886.1136687261077,0
0.003952,-0.2177200556034222,886.0027823263542,-7.599820313065796e-309
0.003956,-0.2177178380079567,885.8919047971756,1.267940526448826e-311
0.00396,-0.2177156206453219,885.7810361378624,-6.084206039650566e-309
0.003964,-0.2177134034573101,885.6701763477053,0
0.003968,-0.2177111864439212,885.559325425994,1.267940525815928e-311
0.003972,-0.2177089696051553,885.4484833720196,8.152083156380568e-322
0.003976,-0.2177067529410124,885.3376501850729,2.470328229206233e-323
0.00398,-0.2177045364514925,885.226825864444,0
0.003984,-0.2177023201948032,885.1160104094239,-7.605252623585811e-309
0.003988,-0.2177001039963216,885.0052038193028,1.267940526006143e-311
0.003992,-0.2176978880888782,884.8944060933721,1.267940528155823e-311
0.003996,-0.2176956722396426,884.7836172309228,1.267940526321851e-311
0.004,-0.2176934566814452,884.6728372312454,-6.091442046916687e-309
0.004004,-0.2176912412396632,884.5620660936314,1.267933489048418e-311
0.004008,-0.2176890260307118,884.4513038173718,1.060997895482636e-314
0.004012,-0.2176868109381758,884.3405504017577,0
0.004016,-0.2176845960784703,884.2298058460799,-7.610684934105905e-309
0.00402,-0.2176823813351803,884.1190701496299,1.267940527017495e-311
0.004024,-0.2176801667665131,884.0083433116993,0
0.004028,-0.2176779524306767,883.897625331579,0
0.004032,-0.2176757382694632,883.7869162085607,1.26794052616375e-311
0.004036,-0.2176735242828727,883.6762159419354,6.95211323174442e-310
0.00404,-0.2176713104709052,883.5655245309952,-6.095070661338227e-309
0.004044,-0.217669096775353,883.4548419750312,0
0.004048,-0.2176668832544237,883.3441682733354,-7.61611724462592e-309
0.004052,-0.2176646700245328,883.2335034251993,2.3341953700618e-313
0.004056,-0.2176624569110572,883.1228474299146,5.928787750094959e-323
0.00406,-0.2176602439722046,883.0122002867732,1.185757550018992e-322
0.004064,-0.217658031207975,882.9015619950669,1.42420345051073e-306
0.004068,-0.2176558186183684,882.7909325540877,4.673065926275573e-307
0.004072,-0.217653606145177,882.6803119631275,2.461549116103662e-312
0.004076,-0.217651393963024,882.5697002214782,0
0.00408,-0.2176491818972863,882.459097328432,-6.100503003273934e-309
0.004084,-0.2176469700061716,882.3485032832813,1.267940525847548e-311
0.004088,-0.2176447582896799,882.2379180853178,0
0.004092,-0.2176425467478111,882.127341733834,0
0.004096,-0.217640335438773,882.0167742281222,1.267940527555039e-311
0.0041,-0.2176381242461503,881.9062155674749,6.95211323174442e-310
0.004104,-0.2176359132863581,881.7956657511844,1.060997895482636e-314
0.004108,-0.2176337024429813,881.6851247785431,0
0.004112,-0.2176314917742275,881.5745926488436,-7.626981896757856e-309
0.004116,-0.2176292812800966,881.4640693613784,2.3341953700618e-313
0.00412,-0.2176270710770041,881.3535549154403,-6.105935314117755e-309
0.004124,-0.2176248609321192,881.243049310322,1.185757550018992e-322
0.004128,-0.2176226510200649,881.1325525453162,1.42420345051073e-306
0.004132,-0.217620441224426,881.0220646197157,4.673065926275573e-307
0.004136,-0.2176182316034101,880.9115855328132,2.461549116103662e-312
0.00414,-0.2176160222152248,880.8011152839022,0
0.004144,-0.2176138130016625,880.6906538722751,-7.63241420727795e-309
0.004148,-0.2176116039627232,880.5802012972251,1.267940547254424e-311
0.004152,-0.2176093950984068,880.4697575580458,0
0.004156,-0.2176071864087135,880.3593226540295,0
0.00416,-0.2176049778936431,880.2488965844702,-6.113171321383955e-309
0.004164,-0.217602769494988,880.1384793486604,1.267933488882412e-311
0.004168,-0.2176005613291636,880.0280709458941,1.060997895482636e-314
0.004172,-0.2175983533961698,879.9176713754645,0
0.004176,-0.2175961455795914,879.8072806366649,-7.637846517797965e-309
0.00418,-0.2175939379376359,879.6968987287886,1.909796211868745e-313
0.004184,-0.2175917304703034,879.5865256511296,4.940656458412465e-323
0.004188,-0.2175895231775939,879.4761614029812,1.185757550018992e-322
0.004192,-0.2175873160595074,879.3658059836372,9.346057159128209e-307
0.004196,-0.2175851091160439,879.2554593923915,1.602184914027738e-306
0.0042,-0.217582902405411,879.1451216285375,-6.116799935805494e-309
0.004204,-0.2175806958111934,879.0347926913691,0
0.004208,-0.2175784893915989,878.9244725801807,-7.643278817956751e-309
0.004212,-0.2175762831466272,878.8141612942655,1.267933488863143e-311
0.004216,-0.2175740771344863,878.7038588329181,1.267940527017495e-311
0.00422,-0.2175718712387607,878.5935651954319,1.267940526954255e-311
0.004224,-0.2175696655758657,878.4832803811017,1.267933488408109e-311
0.004228,-0.217567460029386,878.3730043892215,1.26694830953415e-311
0.004232,-0.2175652546575293,878.2627372190854,1.060997895482636e-314
0.004236,-0.2175630495185032,878.1524788699876,0
0.00424,-0.2175608444958925,878.0422293412225,-6.122232236287987e-309
0.004244,-0.2175586397061124,877.9319886320849,1.697596632772218e-313
0.004248,-0.2175564350327477,877.8217567418684,4.446590812571219e-323
0.004252,-0.2175542305922136,877.7115336698685,1.185757550018992e-322
0.004256,-0.2175520263263024,877.601319415379,4.228007017786965e-307
0.00426,-0.2175498222350143,877.4911139776948,1.7802139096288e-306
0.004264,-0.2175476182601415,877.3809173561108,0
0.004268,-0.2175454145180993,877.2707295499215,0
0.004272,-0.2175432109506801,877.1605505584215,-7.65414343899686e-309
0.004276,-0.2175410075578839,877.0503803809061,1.267940529484365e-311
0.00428,-0.2175388043397106,876.94021901667,-6.129468243554207e-309
0.004284,-0.2175366012379527,876.8300664650079,1.267940529420631e-311
0.004288,-0.2175343983690254,876.7199227252153,1.267940529673592e-311
0.004292,-0.2175321956747212,876.6097877965871,2.470328229206233e-323
0.004296,-0.2175299931550398,876.4996616784181,2.470328229206233e-323
0.0043,-0.2175277908099815,876.389544370004,0
0.004304,-0.2175255886395462,876.2794358706394,-7.659575749516874e-309
0.004308,-0.2175233867019415,876.1693361796204,1.909796211868745e-313
0.004312,-0.2175211848807521,876.0592452962424,4.940656458412465e-323
0.004316,-0.2175189831759781,875.9491632198001,1.185757550018992e-322
0.00432,-0.2175167817622423,875.8390899495895,-6.13543105334575e-309
0.004324,-0.2175145804649219,875.7290254849058,1.602184914027738e-306
0.004328,-0.2175123793422244,875.6189698250448,5.73116149175846e-322
0.004332,-0.21751017839415,875.508922969302,0
0.004336,-0.2175079776206985,875.3988849169732,-7.665008049675344e-309
0.00434,-0.21750577702187,875.2888556673541,1.267940529610352e-311
0.004344,-0.2175035766558722,875.1788352197404,0
0.004348,-0.2175013764062896,875.0688235734278,0
0.004352,-0.2174991763313301,874.958820727713,1.267933490779624e-311
0.004356,-0.2174969764892012,874.8488266818914,1.26793349094563e-311
0.00436,-0.2174947767634876,874.7388414352587,-6.138529158457924e-309
0.004364,-0.217492577212397,874.6288649871116,0
0.004368,-0.2174903778941371,874.5188973367461,-7.670440360195359e-309
0.004372,-0.2174881786922924,874.4089384834583,3.182993686447908e-313
0.004376,-0.2174859796650708,874.2989884265445,7.905050333459945e-323
0.00438,-0.2174837808706798,874.1890471653008,1.185757550018992e-322
0.004384,-0.2174815822509117,874.079114699024,1.780201687388931e-306
0.004388,-0.2174793838057667,873.9691910270104,1.335115615240489e-306
0.004392,-0.217477185477037,873.8592761485562,1.780215266359132e-306
0.004396,-0.2174749873811379,873.7493700629583,2.143253309094121e-312
0.0044,-0.2174727894016542,873.6394727695131,-6.143961469301804e-309
0.004404,-0.217470591655001,873.5295842675171,1.697596632772218e-313
0.004408,-0.2174683940247633,873.4197045562674,4.446590812571219e-323
0.004412,-0.2174661966273561,873.3098336350603,1.185757550018992e-322
0.004416,-0.2174639993463643,873.1999715031931,4.228007017786965e-307
0.00442,-0.2174618022982031,873.0901181599625,1.7802139096288e-306
0.004424,-0.2174596054246649,872.9802736046653,0
0.004428,-0.217457408667542,872.8704378365987,0
0.004432,-0.2174552121432498,872.7606108550596,-7.681304981235468e-309
0.004436,-0.2174530157935806,872.6507926593451,1.267940528314418e-311
0.00444,-0.2174508195603266,872.5409832487525,-6.151197476567945e-309
0.004444,-0.2174486235599034,872.4311826225787,1.267940529136049e-311
0.004448,-0.2174464277341031,872.3213907801213,1.267933489807303e-311
0.004452,-0.2174442320829257,872.2116077206776,1.267933490091884e-311
0.004456,-0.2174420366063714,872.1018334435448,1.060997895482636e-314
0.00446,-0.2174398413044401,871.9920679480203,0
0.004464,-0.2174376461771317,871.8823112334021,-7.686737281394254e-309
0.004468,-0.2174354512244463,871.7725632989872,1.267940528440898e-311
0.004472,-0.2174332563881762,871.6628241440733,0
0.004476,-0.2174310618429445,871.5530937679584,0
0.00448,-0.2174288673559204,871.4433721699403,-6.156629777050517e-309
0.004484,-0.2174266731017269,871.3336593493162,8.547335673053565e-322
0.004488,-0.2174244790221564,871.2239553053843,2.470328229206233e-323
0.004492,-0.217422285117209,871.1142600374425,0
0.004496,-0.2174200914450921,871.0045735447885,-7.692169591914269e-309
0.0045,-0.2174178978311829,870.8948958267205,2.3341953700618e-313
0.004504,-0.2174157044501044,870.7852268825366,5.928787750094959e-323
0.004508,-0.2174135112436488,870.6755667115348,1.185757550018992e-322
0.004512,-0.2174113182700239,870.5659153130134,1.42420345051073e-306
0.004516,-0.2174091254128143,870.4562726862704,4.673065926275573e-307
0.00452,-0.2174069327302277,870.3466388306042,-6.162719906589576e-309
0.004524,-0.2174047401640564,870.2370137453132,0
0.004528,-0.2174025478889234,870.1273974296959,-7.697601902434363e-309
0.004532,-0.2174003557302058,870.0177898830503,1.267940528504139e-311
0.004536,-0.2173981637461111,869.9081911046758,1.267940529641972e-311
0.00454,-0.2173959719366394,869.7986010938698,1.267940528661746e-311
0.004544,-0.2173937803017907,869.6890198499317,1.26794052929415e-311
0.004548,-0.2173915888997726,869.5794473721601,2.470328229206233e-323
0.004552,-0.2173893976141699,869.4698836598534,2.470328229206233e-323
0.004556,-0.2173872065031901,869.3603287123109,0
0.00456,-0.2173850155668333,869.250782528831,-6.165690702315857e-309
0.004564,-0.2173828248633072,869.1412451087127,1.267940528472025e-311
0.004568,-0.2173806342761964,869.0317164512551,0
0.004572,-0.2173784438637085,868.9221965557573,0
0.004576,-0.2173762536258437,868.8126854215178,1.26794052932577e-311
0.00458,-0.2173740636208095,868.7031830478363,6.95211323174442e-310
0.004584,-0.2173718737321906,868.5936894340119,1.060997895482636e-314
0.004588,-0.2173696840181947,868.4842045793437,0
0.004592,-0.2173674944788218,868.374728483131,-7.70846655455871e-309
0.004596,-0.2173653051722795,868.2652611446733,1.26794052869386e-311
0.0046,-0.2173631159821525,868.1558025632696,-6.171123044243995e-309
0.004604,-0.2173609269666485,868.0463527382201,1.267940528250683e-311
0.004608,-0.2173587381839752,867.9369116688235,1.267933488668975e-311
0.004612,-0.2173565495177172,867.8274793543802,1.26793800933011e-311
0.004616,-0.2173543610842898,867.7180557941889,1.060997895482636e-314
0.00462,-0.2173521727672778,867.6086409875498,0
0.004624,-0.2173499846248887,867.4992349337629,-7.713898865078725e-309
0.004628,-0.2173477967153303,867.3898376321276,1.267940528440898e-311
0.004632,-0.2173456089221872,867.280449081944,1.26794052938901e-311
0.004636,-0.2173434213618748,867.1710692825117,1.267940528851467e-311
0.00464,-0.2173412339179777,867.0616982331306,-6.178359051510117e-309
0.004644,-0.2173390466487035,866.9523359331012,2.470328229206233e-323
0.004648,-0.21733685961226,866.8429823817232,2.470328229206233e-323
0.004652,-0.2173346726922318,866.7336375782971,0
0.004656,-0.2173324859468266,866.6243015221227,-7.719331175598819e-309
0.00466,-0.2173302994342521,866.5149742125004,1.267940527491798e-311
0.004664,-0.2173281130380929,866.4056556487307,0
0.004668,-0.2173259268165566,866.2963458301134,0
0.004672,-0.217323740827851,866.1870447559496,1.267933489712442e-311
0.004676,-0.2173215550137684,866.0777524255394,1.267933488977272e-311
0.00468,-0.2173193693161011,865.9684688381834,-6.181987665931656e-309
0.004684,-0.2173171838512644,865.8591939931821,0
0.004688,-0.2173149985028431,865.7499278898363,-7.724763486118834e-309
0.004692,-0.2173128133872524,865.6406705274466,1.267933491068652e-311
0.004696,-0.217310628388077,865.5314219053137,1.26794052926253e-311
0.0047,-0.2173084435635246,865.4221820227384,1.267940528282303e-311
0.004704,-0.2173062589135952,865.3129508790214,1.267933491087921e-311
0.004708,-0.2173040745547041,865.2037284734644,8.497929108469441e-322
0.004712,-0.2173018902540207,865.0945148053675,2.470328229206233e-323
0.004716,-0.2172997061279602,864.9853098740319,0
0.00472,-0.2172975222347304,864.876113678759,-6.187419966414228e-309
0.004724,-0.2172953384579159,864.7669262188498,1.267933490072616e-311
0.004728,-0.2172931549139321,864.6577474936055,1.267940529578732e-311
0.004732,-0.2172909714863636,864.5485775023271,1.267940529610352e-311
0.004736,-0.217288788233418,864.4394162443164,1.267933491301357e-311
0.00474,-0.2172866052133031,864.3302637188744,1.266948291660831e-311
0.004744,-0.2172844223096035,864.2211199253024,1.060997895482636e-314
0.004748,-0.2172822396387346,864.1119848629024,0
0.004752,-0.217280057084281,864.0028585309755,-7.735628096797635e-309
0.004756,-0.217277874762658,863.8937409288235,1.267940528092582e-311
0.00476,-0.217275692615658,863.7846320557478,-6.192852277258049e-309
0.004764,-0.2172735105850734,863.6755319110506,0
0.004768,-0.2172713287291117,863.566440494033,1.267940529041188e-311
0.004772,-0.2172691471059807,863.4573578039972,6.95211323174442e-310
0.004776,-0.2172669655992649,863.3482838402451,1.060997895482636e-314
0.00478,-0.2172647843253799,863.2392186020786,0
0.004784,-0.2172626031679101,863.1301620887995,-7.741060407317729e-309
0.004788,-0.217260422243271,863.0211142997098,1.267940528187937e-311
0.004792,-0.2172582414350472,862.912075234112,0
0.004796,-0.2172560608596541,862.8030448913078,0
0.0048,-0.2172538804006763,862.6940232705996,-6.200088284524249e-309
0.004804,-0.2172517001163214,862.5850103712894,8.497929108469441e-322
0.004808,-0.2172495200647973,862.4760061926798,2.470328229206233e-323
0.004812,-0.217247340187896,862.3670107340732,0
0.004816,-0.2172451604274102,862.258023994772,-7.746492717837743e-309
0.00482,-0.2172429808415473,862.1490459740786,1.267933491116082e-311
0.004824,-0.217240801488515,862.0400766712953,1.267940529705212e-311
0.004828,-0.2172386222518981,861.9311160857253,1.267940527934481e-311
0.004832,-0.2172364431899041,861.8221642166708,1.267933491159066e-311
0.004836,-0.2172342643607408,861.7132210634346,1.266948293486898e-311
0.00484,-0.2172320856479928,861.6042866253196,-6.203716898945472e-309
0.004844,-0.2172299071098678,861.4953609016281,0
0.004848,-0.2172277288627811,861.3864438916636,-7.751925017996213e-309
0.004852,-0.217225550673902,861.2775355947288,1.26794052869386e-311
0.004856,-0.217223372659646,861.1686360101266,1.267940528946328e-311
0.00486,-0.2172211948200129,861.0597451371602,1.267940529104429e-311
0.004864,-0.2172190172132105,860.9508629751324,1.267933488431824e-311
0.004868,-0.2172168397228234,860.841989523347,1.267933489095848e-311
0.004872,-0.2172146624070592,860.7331247811063,1.060997895482636e-314
0.004876,-0.2172124853241257,860.6242687477143,0
0.00488,-0.2172103083576076,860.515421422474,-6.209149199427965e-309
0.004884,-0.2172081315657124,860.4065828046888,1.909796211868745e-313
0.004888,-0.2172059550066479,860.2977528936623,4.940656458412465e-323
0.004892,-0.2172037785639986,860.1889316886975,1.185757550018992e-322
0.004896,-0.2172016022959724,860.0801191890986,9.346057159128209e-307
0.0049,-0.2171994262025692,859.9713153941688,1.602184914027738e-306
0.004904,-0.2171972503419966,859.8625203032117,5.73116149175846e-322
0.004908,-0.2171950745978393,859.7537339155311,0
0.004912,-0.2171928990865126,859.6449562304309,-7.762789639036322e-309
0.004916,-0.2171907236916013,859.5361872472148,1.267940529484365e-311
0.00492,-0.217188548471313,859.4274269651868,-6.214581510271865e-309
0.004924,-0.2171863734838553,859.3186753836507,0
0.004928,-0.2171841986128129,859.2099325019104,1.26794052935739e-311
0.004932,-0.2171820239163935,859.1011983192701,8.843775060558313e-322
0.004936,-0.2171798493945971,858.9924728350339,2.470328229206233e-323
0.00494,-0.2171776750474237,858.8837560485059,0
0.004944,-0.2171755008748733,858.7750479589904,-7.768221949556337e-309
0.004948,-0.2171733268769458,858.6663485657914,1.267933490286052e-311
0.004952,-0.217171153111849,858.5576578682136,1.267940528124202e-311
0.004956,-0.2171689794631675,858.4489758655611,1.267940527966101e-311
0.00496,-0.217166805989109,858.3403025571383,-6.221817517537986e-309
0.004964,-0.2171646326896735,858.23163794225,8.547335673053565e-322
0.004968,-0.2171624595648609,858.1229820202003,2.470328229206233e-323
0.004972,-0.2171602866146713,858.0143347902942,0
0.004976,-0.2171581138391048,857.9056962518362,-7.773654249715123e-309
0.00498,-0.2171559412963688,857.797066404131,1.267940528535759e-311
0.004984,-0.2171537688118406,857.6884452464832,0
0.004988,-0.2171515966183506,857.5798327781979,1.267940528060962e-311
0.004992,-0.2171494244830683,857.4712289985799,1.26793349025789e-311
0.004996,-0.2171472526388243,857.3626339069342,1.267942240334389e-311
0.005,-0.2171450809109956,857.2540475025656,-6.225446121598218e-309
0.005,-0.2171450809109956,857.254047502564,0
0.005,-0.2171450809109956,857.254047502564,-7.779086560235138e-309
0.005004,-0.2171429093577899,857.1454697848341,1.267933490120046e-311
0.005008,-0.2171407379792072,857.0369007527828,1.267940528029342e-311
0.005012,-0.2171385667752475,856.9283404053851,1.267940529547111e-311
0.005016,-0.2171363957459107,856.8197887425644,1.267933490471327e-311
0.00502,-0.2171342248329893,856.7112457617021,2.519734793790357e-321
0.005024,-0.2171320541528985,856.6027114632798,2.470328229206233e-323
0.005028,-0.2171298836474307,856.4941858474805,0
0.005032,-0.2171277133165859,856.3856689143043,-6.230878432442098e-309
0.005036,-0.217125543160364,856.2771606559019,1.267933491258373e-311
0.00504,-0.2171233731787652,856.1686610746909,1.267940528472025e-311
0.005044,-0.2171212033135816,856.0601701721469,1.267940528566885e-311
0.005048,-0.2171190336812288,855.9516879482696,1.267933489925878e-311
0.005052,-0.2171168642234989,855.8432144030594,1.266948293542233e-311
0.005056,-0.2171146949403919,855.734749536516,1.060997895482636e-314
0.00506,-0.2171125257737003,855.6262933486396,0
0.005064,-0.2171103568398394,855.5178458394299,-7.789951181275246e-309
0.005068,-0.2171081880806014,855.4094069983637,1.267940528535759e-311
0.005072,-0.2171060194959864,855.3009768263009,-6.238114439708239e-309
0.005076,-0.2171038510859944,855.1925553290326,1.267940529009568e-311
0.00508,-0.2171016827924177,855.0841425065588,1.267933490589903e-311
0.005084,-0.217099514673464,854.9757383588795,1.267933490495042e-311
0.005088,-0.2170973467873409,854.8673428859946,1.060997895482636e-314
0.005092,-0.2170951790758409,854.7589560879043,0
0.005096,-0.2170930114807561,854.6505779646083,-7.795383522879579e-309
0.0051,-0.217090844118502,854.5422085062039,1.909796211868745e-313
0.005104,-0.2170886768726632,854.4338477053423,4.940656458412465e-323
0.005108,-0.2170865098596551,854.325495573867,1.185757550018992e-322
0.005112,-0.2170843429630622,854.2171521117778,-6.244077280584099e-309
0.005116,-0.2170821762993,854.108817319075,1.602184914027738e-306
0.00512,-0.2170800097519532,854.0004911957584,5.73116149175846e-322
0.005124,-0.217077843437437,853.8921737418281,0
0.005128,-0.2170756772393361,853.783864957284,-7.800815833399594e-309
0.005132,-0.2170735112158582,853.6755648366416,1.267939824867209e-311
0.005136,-0.2170713454252109,853.5672733638855,0
0.00514,-0.2170691797509789,853.4589905549276,0
0.005144,-0.21706701425137,853.3507164097681,1.266961702586627e-311
0.005148,-0.217064848926384,853.2424509284067,1.267933490068169e-311
0.005152,-0.217062683776021,853.1341941108436,-6.247175396057897e-309
0.005156,-0.2170605188584886,853.0259459570788,0
0.00516,-0.2170583540573716,852.9177064671121,-7.806248143919688e-309
0.005164,-0.2170561894890852,852.8094756403599,1.267940528029342e-311
0.005168,-0.2170540250372142,852.7012534609389,0
0.005172,-0.2170518607599661,852.5930399394832,0
0.005176,-0.217049696657341,852.4848350753608,1.267933491206496e-311
0.00518,-0.2170475327293389,852.3766388679402,1.267909502161312e-311
0.005184,-0.2170453689759597,852.2684513165894,1.060997895482636e-314
0.005188,-0.2170432053972036,852.160272420677,0
0.005192,-0.2170410419348627,852.0521021795707,-6.252607706901698e-309
0.005196,-0.2170388787635602,851.9439405926393,1.267933488293979e-311
0.0052,-0.217036715708673,851.8357876592509,1.267940528092582e-311
0.005204,-0.2170345528284088,851.7276433787733,1.267940528345544e-311
0.005208,-0.2170323900645599,851.6195077505752,1.267933488313248e-311
0.005212,-0.2170302275335416,851.5113807740248,1.266948287178668e-311
0.005216,-0.2170280651771463,851.4032624484902,1.060997895482636e-314
0.00522,-0.2170259029953741,851.2951527733397,0
0.005224,-0.2170237409300171,851.1870517479414,-7.817112754598489e-309
0.005228,-0.2170215791556984,851.0789593716639,1.26794052926253e-311
0.005232,-0.2170194174395874,850.9708756409811,-6.25804000738429e-309
0.005236,-0.2170172559563071,850.8628005559102,0
0.00524,-0.2170150946476497,850.7547341171235,1.267933490518757e-311
0.005244,-0.2170129334554076,850.6466763239279,3.063207004215729e-322
0.005248,-0.2170107724377885,850.5386271756298,2.470328229206233e-323
0.005252,-0.2170086116530001,850.4305866715366,0
0.005256,-0.2170064510428347,850.3225548109548,-7.822545065118504e-309
0.00526,-0.2170042905490845,850.2145315931909,1.267937811411364e-311
0.005264,-0.2170021302881651,850.1065170175522,0
0.005268,-0.2169999701436609,849.9985110833452,0
0.005272,-0.2169978102319874,849.8905137898766,-6.265276014650411e-309
0.005276,-0.2169956504367292,849.7825251364535,1.267933489546436e-311
0.00527778,-0.2169946905924007,849.7345302387826,1.060997895482636e-314
0.00527778,-0.216901887441054,849.7345302387826,0
0.00528,-0.2168741679633968,849.6745451202049,-7.827977375638597e-309
0.005284,-0.2168278803001158,849.5665737407024,1.267937705855227e-311
0.005288,-0.2167845778749324,849.4586109989224,1.267940549246497e-311
0.005292,-0.2167430404224433,849.3506568941547,1.267941859374204e-311
0.005296,-0.2167025519884191,849.2427114256978,1.266961701804027e-311
0.0053,-0.2166626926627941,849.1347745928541,1.267933488289533e-311
0.005304,-0.216623215994332,849.0268463949287,-6.26890462907195e-309
0.005308,-0.2165839776862413,848.9189268312286,0
0.005312,-0.2165448928717524,848.8110159010615,-7.833409686158612e-309
0.005316,-0.2165059118997306,848.7031136037358,1.267940529578732e-311
0.00532,-0.2164670056663454,848.59521993856,0
0.005324,-0.2164281571167521,848.487334904843,0
0.005328,-0.2163893562392332,848.3794585018944,1.267940529452251e-311
0.005332,-0.2163505971548147,848.2715907290227,6.95211323174442e-310
0.005336,-0.2163118765456602,848.1637315855379,1.060997895482636e-314
0.00534,-0.2162731923745014,848.0558810707489,0
0.005344,-0.2162345435936004,847.9480391839654,-6.274336929554206e-309
0.005348,-0.2161959294462577,847.8402059244966,1.267940528124202e-311
0.005352,-0.2161573496996425,847.7323812916525,0
0.005356,-0.2161188041209243,847.6245652847423,0
0.00536,-0.2160802925936878,847.5167579030759,1.26793349104049e-311
0.005364,-0.2160418151179329,847.408959145963,1.26790950578973e-311
0.005368,-0.2160033716936596,847.3011690127133,1.060997895482636e-314
0.005372,-0.2159649623790756,847.1933875026369,0
0.005376,-0.2159265872323886,847.0856146150434,-7.844274296837097e-309
0.00538,-0.2158882461953908,846.9778503492431,1.26794052926253e-311
0.005384,-0.2158499394427054,846.8700947045456,-6.279769240398027e-309
0.005388,-0.2158116669743322,846.7623476802614,0
0.005392,-0.2157734288484789,846.6546092757003,1.267933491135351e-311
0.005396,-0.2157352250651456,846.5468794901726,1.267909495979563e-311
0.0054,-0.2156970557989553,846.4391583229884,1.060997895482636e-314
0.005404,-0.2156589210499078,846.3314457734582,0
0.005408,-0.2156208208180033,846.2237418408921,-7.849706607357191e-309
0.005412,-0.215582755219657,846.1160465246004,1.267940529705212e-311
0.005416,-0.2155447243130766,846.0083598238941,0
0.00542,-0.2155067280982621,845.9006817380833,0
0.005424,-0.2154687667498365,845.7930122664786,-6.287005247664227e-309
0.005428,-0.2154308402095921,845.6853514083907,6.95211323174442e-310
0.005432,-0.2153929485357367,845.57769916313,1.060997895482636e-314
0.005436,-0.215355091902893,845.4700555300077,0
0.00544,-0.2153172702528536,845.3624205083341,-7.855138917877206e-309
0.005444,-0.2152794836438261,845.2547940974202,1.267940528345544e-311
0.005448,-0.2152417321922258,845.1471762965771,0
0.005452,-0.2152040158980526,845.0395671051156,0
0.005456,-0.2151663349359296,844.9319665223466,1.267933490921915e-311
0.00546,-0.2151286892476492,844.824374547581,1.267933490874484e-311
0.005464,-0.2150910788332112,844.7167911801303,-6.290633862085766e-309
0.005468,-0.2150535038672388,844.6092164193053,0
0.005472,-0.2150159644079395,844.5016502644174,-7.860571218035992e-309
0.005476,-0.2149784604553133,844.3940927147781,1.267933490404628e-311
0.00548,-0.214940992067568,844.2865437696981,0
0.005484,-0.2149035593029112,844.1790034284895,0
0.005488,-0.2148661622195505,844.0714716904632,1.267933491182781e-311
0.005492,-0.2148288009339012,843.9639485549309,1.2679334901156e-311
0.005496,-0.2147914754459634,843.8564340212041,1.060997895482636e-314
0.0055,-0.2147541857557371,843.7489280885945,0
0.005504,-0.2147169319796376,843.6414307564136,-6.29606616256826e-309
0.005508,-0.2146797142340802,843.5339420239731,1.267940528566885e-311
0.005512,-0.2146425324608572,843.4264618905848,0
0.005516,-0.2146053868345916,843.3189903555607,0
0.00552,-0.2145682772970758,843.2115274182123,1.267933489831018e-311
0.005524,-0.2145312039065175,843.1040730778519,6.95211323174442e-310
0.005528,-0.2144941667793319,842.9966273337914,1.060997895482636e-314
0.005532,-0.2144571660319343,842.8891901853425,0
0.005536,-0.2144202014897019,842.7817616318176,-7.871435839076101e-309
0.00554,-0.2143832735018805,842.6743416725291,2.3341953700618e-313
0.005544,-0.2143463818938471,842.5669303067885,-6.301498473412159e-309
0.005548,-0.2143095268402249,842.4595275339084,1.185757550018992e-322
0.005552,-0.2142727083410136,842.3521333532013,1.42420345051073e-306
0.005556,-0.2142359264544211,842.2447477639794,4.673065926275573e-307
0.00556,-0.2141991812968627,842.1373707655553,2.461549116103662e-312
0.005564,-0.2141624728683382,842.0300023572408,0
0.005568,-0.2141258012270555,841.9226425383494,-7.876868149596115e-309
0.005572,-0.2140891664312221,841.8152913081929,1.267933490950076e-311
0.005576,-0.2140525684808381,841.7079486660842,0
0.00558,-0.2140160075505264,841.600614611336,0
0.005584,-0.2139794835820794,841.4932891432612,-6.30873448067828e-309
0.005588,-0.2139429967501201,841.3859722611724,1.267933490281606e-311
0.005592,-0.2139065469964407,841.2786639643824,1.060997895482636e-314
0.005596,-0.2138701344374567,841.1713642522043,0
0.0056,-0.213833759073168,841.0640731239509,-7.882300491200448e-309
0.005604,-0.2137974209617823,840.9567905789354,1.267940528345544e-311
0.005608,-0.2137611202197149,840.8495166164705,0
0.005612,-0.2137248568469658,840.7422512358697,0
0.005616,-0.2136886309599504,840.634994436446,1.267933488455539e-311
0.00562,-0.2136524425586686,840.5277462175129,1.267933491016775e-311
0.005624,-0.2136162916431203,840.4205065783833,-6.312363126184059e-309
0.005628,-0.2135801784461364,840.3132755183707,0
0.005632,-0.2135441028513014,840.2060530367887,-7.887732801720463e-309
0.005636,-0.2135080649168231,840.0988391329504,1.267940527934481e-311
0.00564,-0.2134720647591166,839.9916338061696,0
0.005644,-0.2134361024945974,839.8844370557596,0
0.005648,-0.2134001780068502,839.7772488810342,1.267933489973309e-311
0.005652,-0.2133642915287055,839.670069281307,6.95211323174442e-310
0.005656,-0.2133284430019557,839.5628982558917,1.060997895482636e-314
0.00566,-0.2132926324848086,839.4557358041022,0
0.005664,-0.2132568600936793,839.3485819252521,-6.317795437027939e-309
0.005668,-0.2132211257703602,839.2414366186557,1.267940527934481e-311
0.005672,-0.2131854296312667,839.1342998836266,0
0.005676,-0.2131497718510218,839.0271717194788,0
0.00568,-0.2131141522550024,838.9200521255265,1.267933490305321e-311
0.005684,-0.2130785710760392,838.8129411010835,1.267933490400181e-311
0.005688,-0.2130430282559246,838.7058386454645,1.060997895482636e-314
0.005692,-0.2130075239110738,838.5987447579832,0
0.005696,-0.2129720580414869,838.4916594379542,-7.898597422760571e-309
0.0057,-0.2129366308217868,838.3845826846917,1.26794054500939e-311
0.005704,-0.2129012420773506,838.2775144975101,-6.323227747871759e-309
0.005708,-0.2128658920992166,838.1704548757237,0
0.005712,-0.2128305807709694,838.0634038186472,1.266961704222972e-311
0.005716,-0.212795308267232,837.9563613255949,1.267933491111636e-311
0.00572,-0.2127600745880045,837.8493273958817,1.060997895482636e-314
0.005724,-0.2127248797914945,837.742302028822,0
0.005728,-0.2126897238194942,837.6352852237305,-7.904029722919358e-309
0.005732,-0.2126546069048345,837.5282769799221,1.267933488981719e-311
0.005736,-0.2126195290475152,837.4212772967117,0
0.00574,-0.2125844902475365,837.314286173414,0
0.005744,-0.2125494905631058,837.2073036093439,-6.330463744776652e-309
0.005748,-0.2125145301106386,837.1003296038161,1.267933489736157e-311
0.005752,-0.2124796088319272,836.9933641561464,1.060997895482636e-314
0.005756,-0.2124447268433869,836.8864072656492,0
0.00576,-0.212409884261433,836.77945893164,-7.909462033439372e-309
0.005764,-0.212375081027858,836.6725191534337,1.267940528187937e-311
0.005768,-0.212340317259077,836.5655879303458,1.267940528724986e-311
0.005772,-0.2123055929550901,836.4586652616915,1.267940528883087e-311
0.005776,-0.2122709082323126,836.3517511467862,1.26794052774476e-311
0.00578,-0.2122362631489523,836.2448455849452,2.470328229206233e-323
0.005784,-0.2122016575885937,836.1379485754842,-6.334092359198191e-309
0.005788,-0.2121670918422751,836.0310601177185,0
0.005792,-0.2121325657935813,835.9241802109639,-7.914894343959466e-309
0.005796,-0.2120980795589276,835.8173088545357,1.697596632772218e-313
0.0058,-0.2120636331965216,835.7104460477498,4.446590812571219e-323
0.005804,-0.2120292267063633,835.6035917899218,1.185757550018992e-322
0.005808,-0.2119948602630757,835.4967460803675,4.228007017786965e-307
0.005812,-0.2119605336920358,835.3899089184031,1.7802139096288e-306
0.005816,-0.211926247284282,835.2830803033443,0
0.00582,-0.2118920009816065,835.1762602345066,0
0.005824,-0.2118577947840095,835.0694487112066,-6.339524670041992e-309
0.005828,-0.2118236288079061,834.9626457327602,2.3341953700618e-313
0.005832,-0.211789503111504,834.8558512984833,5.928787750094959e-323
0.005836,-0.211755417753011,834.7490654076923,1.185757550018992e-322
0.00584,-0.211721372732427,834.6422880597037,1.42420345051073e-306
0.005844,-0.2116873681079596,834.5355192538332,4.673065926275573e-307
0.005848,-0.2116534039378166,834.4287589893971,2.461549116103662e-312
0.005852,-0.2116194802802056,834.3220072657124,0
0.005856,-0.2115855972515419,834.2152640820951,-7.925758954637951e-309
0.00586,-0.2115517547936179,834.1085294378619,1.909796211868745e-313
0.005864,-0.2115179529646412,834.0018033323291,-6.344956970524268e-309
0.005868,-0.2114841918810271,833.8950857648138,1.185757550018992e-322
0.005872,-0.2114504715427756,833.788376734632,9.346057159128209e-307
0.005876,-0.2114167920663022,833.6816762411009,1.602184914027738e-306
0.00588,-0.211383153393399,833.5749842835369,5.73116149175846e-322
0.005884,-0.2113495556404814,833.4683008612575,0
0.005888,-0.2113159989239648,833.3616259735786,-7.931191265157966e-309
0.005892,-0.2112824831856415,833.2549596198177,1.267940528124202e-311
0.005896,-0.2112490084837191,833.1483017992919,0
0.0059,-0.2112155748764053,833.041652511318,0
0.005904,-0.2111821824801154,832.9350117552133,-6.352192977790389e-309
0.005908,-0.2111488312366419,832.8283795302948,2.717361052126856e-322
0.005912,-0.2111155213206075,832.7217558358797,2.470328229206233e-323
0.005916,-0.2110822526738048,832.6151406712852,0
0.00592,-0.2110490253544413,832.5085340358286,-7.93662357567806e-309
0.005924,-0.2110158394789323,832.4019359288274,1.26794052777638e-311
0.005928,-0.210982695047278,832.2953463495991,0
0.005932,-0.2109495921176858,832.188765297461,0
0.005936,-0.2109165308065712,832.0821927717305,1.267933491277642e-311
0.00594,-0.2108835109975189,831.9756287717256,1.267933489878448e-311
0.005944,-0.2108505328651518,831.8690732967633,-6.355821592211928e-309
0.005948,-0.2108175964676775,831.7625263461621,0
0.005952,-0.2107847018633038,831.655987919239,-7.942055886198075e-309
0.005956,-0.2107518489938229,831.5494580153124,2.3341953700618e-313
0.00596,-0.2107190379756503,831.4429366336997,5.928787750094959e-323
0.005964,-0.2106862688087858,831.3364237737192,1.185757550018992e-322
0.005968,-0.2106535416678526,831.2299194346882,1.42420345051073e-306
0.005972,-0.2106208564946428,831.1234236159255,4.673065926275573e-307
0.005976,-0.2105882132891566,831.0169363167487,2.461549116103662e-312
0.00598,-0.2105556122260168,830.9104575364762,0
0.005984,-0.2105230533052236,830.8039872744258,-6.3612538926945e-309
0.005988,-0.2104905365849845,830.6975255299162,1.267933490973792e-311
0.005992,-0.2104580620652996,830.5910723022652,1.26794052777638e-311
0.005996,-0.2104256298043765,830.4846275907917,1.267940528408784e-311
0.006,-0.2103932399186306,830.3781913948134,1.26793349021046e-311
0.006004,-0.2103608923498541,830.2717637136494,8.893181625142438e-322
0.006008,-0.2103285872144625,830.1653445466178,2.470328229206233e-323
0.006012,-0.2102963245706633,830.0589338930373,0
0.006016,-0.2102641044766642,829.9525317522267,-7.952920496876876e-309
0.00602,-0.2102319268742576,829.8461381235043,1.267940529610352e-311
0.006024,-0.2101997919380665,829.7397530061888,-6.366686203538321e-309
0.006028,-0.2101676996680908,829.6333763995995,0
0.006032,-0.2101356501225382,829.5270083030546,1.267933490755909e-311
0.006036,-0.2101036432432011,829.4206487158737,1.267933490850769e-311
0.00604,-0.2100716792047024,829.3142976373748,1.060997895482636e-314
0.006044,-0.2100397580652498,829.2079550668776,0
0.006048,-0.2100078797666356,829.1016210037011,-7.958352807396969e-309
0.006052,-0.2099760444252752,828.9952954471642,1.267940528504139e-311
0.006056,-0.2099442520411685,828.8889783965858,0
0.00606,-0.2099125027307309,828.7826698512857,0
0.006064,-0.2098807965521701,828.6763698105826,-6.373922210804521e-309
0.006068,-0.2098491334472783,828.5700782737964,2.519734793790357e-321
0.006072,-0.2098175135324709,828.463795240246,2.470328229206233e-323
0.006076,-0.2097859368077479,828.3575207092509,0
0.00608,-0.2097544033895247,828.2512546801306,-7.963785117916984e-309
0.006084,-0.2097229132778011,828.1449971522048,1.267940528219557e-311
0.006088,-0.209691466530785,828.0387481247928,0
0.006092,-0.2096600632066838,827.9325075972146,1.267940528819847e-311
0.006096,-0.2096287033054978,827.8262755687895,1.267933490732193e-311
0.0061,-0.2095973869436421,827.7200520388376,1.266948293265556e-311
0.006104,-0.209566114062909,827.6138370066784,-6.377550825223847e-309
0.006108,-0.2095348848379217,827.5076304716321,0
0.006112,-0.2095036992104724,827.401432433018,-7.969217459518787e-309
0.006116,-0.2094725573551841,827.2952428901567,1.267940528219557e-311
0.00612,-0.2094414591556415,827.1890618423682,1.267940527839621e-311
0.006124,-0.2094104047282599,827.0828892889721,1.267940529515491e-311
0.006128,-0.209379394131247,826.9767252292888,1.267933490376466e-311
0.006132,-0.2093484274228103,826.8705696626384,1.267933490684763e-311
0.006136,-0.2093175046029501,826.7644225883415,1.060997895482636e-314
0.00614,-0.2092866257298738,826.6582840057177,0
0.006144,-0.2092557908617891,826.552153914088,-6.382983167151571e-309
0.006148,-0.2092250001151115,826.4460323127723,1.267940528029342e-311
0.006152,-0.2091942533734255,826.3399192010913,0
0.006156,-0.2091635508113541,826.2338145783656,0
0.00616,-0.2091328924288973,826.1277184439156,1.267933491230212e-311
0.006164,-0.2091022782842629,826.0216307970618,2.272701970869734e-322
0.006168,-0.2090717084356584,825.915551637125,2.470328229206233e-323
0.006172,-0.2090411828830838,825.8094809634263,0
0.006176,-0.2090107017429546,825.7034187752856,-7.980082080558896e-309
0.00618,-0.2089802649570629,825.5973650720244,1.697596632772218e-313
0.006184,-0.2089498725836165,825.4913198529634,-6.38841547799547e-309
0.006188,-0.2089195247972384,825.3852831174237,1.185757550018992e-322
0.006192,-0.2088892214815132,825.279254864726,4.228007017786965e-307
0.006196,-0.208858962811064,825.1732350941916,1.7802139096288e-306
0.0062,-0.2088287487858906,825.0672238051412,0
0.006204,-0.2087985794059932,824.9612209968964,0
0.006208,-0.2087684546713717,824.8552266687782,-7.985514391078911e-309
0.006212,-0.2087383748148568,824.749240820108,1.267940528314418e-311
0.006216,-0.2087083397200331,824.6432634502069,0
0.00622,-0.208678349503316,824.5372945583962,1.267940528914707e-311
0.006224,-0.2086484041647054,824.4313341439977,-6.395651485261591e-309
0.006228,-0.2086185037624091,824.3253822063326,1.267940527871241e-311
0.006232,-0.2085886483546346,824.2194387447225,1.060997895482636e-314
0.006236,-0.2085588379995897,824.1135037584888,0
0.00624,-0.2085290726972744,824.0075772469536,-7.990946691237697e-309
0.006244,-0.2084993525058962,823.9016592094382,1.267933490878931e-311
0.006248,-0.2084696774254553,823.7957496452643,0
0.006252,-0.2084400476305746,823.6898485537539,0
0.006256,-0.2084104630630463,823.5839559342288,1.26793349099306e-311
0.00626,-0.2083809237810783,823.4780717860111,1.267933491064206e-311
0.006264,-0.2083514298428781,823.3721961084224,-6.399280089321823e-309
0.006268,-0.2083219812484458,823.2663289007849,0
0.006272,-0.208292578055989,823.1604701624206,-7.996379001757712e-309
0.0062751,-0.2082698144949973,823.0784086581804,1.26794053021163e-311
0.0062751,-0.2082649311050773,823.0784086581804,1.26794053090678e-311
0.0062751,-0.2081914044683799,823.0784086581117,1.267940531222982e-311
0.0062751,-0.2081914044683799,823.0784086581117,1.267940530369237e-311
0.006276,23711.68947268074,823.076448901916,3.458459520888726e-323
0.00628,96079.75508066319,823.4805436882253,2.470328229206233e-323
0.006284,134106.0513383637,824.3116129084518,0
0.006288,154024.9437235045,825.3667122573056,-6.404712400165703e-309
0.006292,164396.2259896431,826.53883557548,1.26794053027487e-311
0.006296,169732.7349396032,827.7715668309137,0
0.0063,172414.8991749998,829.0351467636838,0
0.006304,173697.4846875143,830.313887779599,1.267940531286222e-311
0.006308,174241.904461737,831.5995196643007,5.434722104253712e-323
0.006312,174396.9146317077,832.8876806620142,2.470328229206233e-323
0.006316,174346.4446869568,834.1760694824852,0
0.00632,174187.1200149045,835.4634762086383,-8.00724362279782e-309
0.006324,173970.6197696409,836.7492527901288,1.267940531065375e-311
0.006328,173724.0244469434,838.0330586827599,-6.411948407431844e-309
0.006332,173461.4139286553,839.3147158638727,1.26794053087516e-311
0.006336,173190.0892811522,840.5941310550057,1.26793349016303e-311
0.00634,172914.0560314684,841.8712521782265,1.267933490566187e-311
0.006344,172635.4256106996,843.1460508369962,1.060997895482636e-314
0.006348,172355.2202487607,844.4185122543596,0
0.006352,172074.0032009741,845.6886273946255,-8.01267592295629e-309
0.006356,171792.1585026988,846.9563894662165,1.267933490333482e-311
0.00636,171509.8785068358,848.2217940774623,0
0.006364,171227.3657667161,849.4848367129123,0
0.006368,170944.5912119572,850.7455157563269,-6.4173807079141e-309
0.006372,170661.5986566158,852.0038286840972,1.267933490044454e-311
0.006376,170378.3127452534,853.2597744660607,1.060997895482636e-314
0.00638,170094.6483332829,854.5133522010866,0
0.006384,169810.6884611378,855.7645588940425,-8.018108233476305e-309
0.006388,169526.3538001095,857.0133935655497,1.26794053021163e-311
0.006392,169241.6738965549,858.2598538889355,0
0.006396,168956.7663280452,859.5039364499983,0
0.0064,168671.5901984221,860.7456397923061,1.267940531570804e-311
0.006404,168386.1544037161,861.9849618643985,4.046397639439809e-321
0.006408,168100.4638920518,863.221900675564,-6.421009322335639e-309
0.006412,167814.5344967272,864.4564540675951,0
0.006416,167528.3500290968,865.688620337387,-8.023540543996399e-309
0.00642,167241.8934942464,866.9183977931531,1.267939825594968e-311
0.006424,166955.1755825453,868.1457843544982,1.267939842479662e-311
0.006428,166668.195143633,869.3707781072327,1.267940516993891e-311
0.006432,166380.9510271247,870.5933771371658,1.266911299835505e-311
0.006436,166093.442082648,871.813579530106,1.267933490803339e-311
0.00644,165805.678978289,873.031383299826,1.060997895482636e-314
0.006444,165517.659273161,874.2467865400004,0
0.006448,165229.3808344581,875.4597873424278,-6.42644163317944e-309
0.006452,164940.8439538523,876.6703837841267,1.267940530053529e-311
0.006456,164652.0489229914,877.8785739421181,1.267940531444323e-311
0.00646,164362.9960335498,879.0843558934208,1.267940531760525e-311
0.006464,164073.6789543342,880.2877282904527,1.267933491894236e-311
0.006468,163784.101344762,881.4886889176411,1.267933492107672e-311
0.006472,163494.2630867391,882.6872358876053,1.060997895482636e-314
0.006476,163204.1640012873,883.8833673182551,0
0.00648,162913.8039094567,885.0770813274969,-8.0344051546752e-309
0.006484,162623.1826322811,886.2683760332403,1.267933490048901e-311
0.006488,162332.2999907885,887.4572495533927,-6.433677630084353e-309
0.006492,162041.1558060187,888.6437000058628,1.26794053084354e-311
0.006496,161749.7498990108,889.8277255085584,1.267933490637333e-311
0.0065,161458.0820907903,891.0093241793876,6.017719566346383e-321
0.006504,161166.1522024061,892.1884941362591,2.470328229206233e-323
0.006508,160873.9694255989,893.3652336379996,0
0.006512,160581.5436214497,894.5395409535017,-8.039837465195215e-309
0.006516,160288.8626565379,895.7114140208995,1.267933490357198e-311
0.00652,159995.9270263264,896.8808509682442,1.267940530685439e-311
0.006524,159702.7372262998,898.0478499235854,1.267940530305996e-311
0.006528,159409.2937519448,899.212409014975,-6.439109940928153e-309
0.006532,159115.5970987261,900.3745263704628,1.266948295534306e-311
0.006536,158821.6477621118,901.5342001180995,1.060997895482636e-314
0.00654,158527.4462376011,902.6914283859358,0
0.006544,158232.9930206672,903.8462093020215,-8.045269775715309e-309
0.006548,157938.2886067757,904.9985409944086,1.267933491685246e-311
0.006552,157643.3342255254,906.1484233297703,1.267940531697285e-311
0.006556,157348.1298775637,907.295853264227,1.267940529958174e-311
0.00656,157052.6760445561,908.4408288931459,1.267933491870521e-311
0.006564,156756.9732396354,909.5833483863706,1.267945638581142e-311
0.006568,156461.0219759237,910.7234099137446,-6.442738555349693e-309
0.006572,156164.8227665384,911.8610116451109,0
0.006576,155868.3761246088,912.9961517503139,-8.050702086235323e-309
0.00658,155571.6825632581,914.1288283991963,1.267940530685439e-311
0.006584,155274.7425956111,915.2590397616021,0
0.006588,154977.556734785,916.3867840073743,0
0.006592,154680.1246690898,917.5120601245512,1.267940531096501e-311
0.006596,154382.4466159903,918.634866576215,6.95211323174442e-310
0.0066,154084.5237192899,919.7552009066463,1.060997895482636e-314
0.006604,153786.3564511181,920.8730613263381,0
0.006608,153487.9452836027,921.9884460457808,-6.448170897277811e-309
0.006612,153189.2906889289,923.1013532754661,1.267940531065375e-311
0.006616,152890.3931392054,924.2117812258847,0
0.00662,152591.2531066061,925.3197281075286,1.267940530464097e-311
0.006624,152291.8710632471,926.4251921308887,1.267933490139315e-311
0.006628,151992.2474813111,927.5281715064566,1.266948294206257e-311
0.006632,151692.3827980782,928.6286645634032,1.060997895482636e-314
0.006636,151392.2770359835,929.7266710442063,0
0.00664,151091.9310111749,930.8221879874898,-8.061566738359671e-309
0.006644,150791.3451836034,931.9152136453216,1.267940530495717e-311
0.006648,150490.5200131979,933.0057462697732,-6.453603208121632e-309
0.006652,150189.4559598988,934.093784112914,0
0.006656,149888.153483655,935.1793254268142,1.267933490234175e-311
0.00666,149586.6130444007,936.2623684635432,3.754898908393474e-322
0.006664,149284.8351020841,937.3429114751717,2.470328229206233e-323
0.006668,148982.8201166393,938.4209527137695,0
0.006672,148680.5685479973,939.4964904314062,-8.066999048879765e-309
0.006676,148378.0812552697,940.5695239307737,1.267940531317843e-311
0.00668,148075.3586679136,941.6400513837765,0
0.006684,147772.4010668326,942.7080705711519,0
0.006688,147469.2089276403,943.7735797862949,-6.460839215387832e-309
0.006692,147165.7827259958,944.8365773226021,1.26791489116851e-311
0.006696,146862.1229375303,945.8970614734692,1.060997895482636e-314
0.0067,146558.2300378882,946.9550305322917,0
0.006704,146254.1045027117,948.010482792466,-8.07243135939978e-309
0.006708,145949.7468076318,949.0634165473873,1.267933492491561e-311
0.006712,145645.1574282981,950.1138300904524,1.267940529768453e-311
0.006716,145340.3368721723,951.1617219374199,1.267940529894934e-311
0.00672,145035.2857429843,952.2070912772837,1.267933492036527e-311
0.006724,144730.0044202972,953.2499357315925,4.046397639439809e-321
0.006728,144424.4933889998,954.2902536585492,-6.464467829809372e-309
0.006732,144118.753134552,955.3280434200875,0
0.006736,143812.7841429088,956.363303381875,-8.077863659558566e-309
0.00674,143506.5869006222,957.3960319133135,1.267940530305996e-311
0.006744,143200.1618947112,958.4262273875373,0
0.006748,142893.5096127695,959.4538881814144,0
0.006752,142586.6305429077,960.4790126755452,1.267933492155103e-311
0.006756,142279.5251737766,961.5015992542648,1.26793349260569e-311
0.00676,141972.193994566,962.5216463056402,1.060997895482636e-314
0.006764,141664.6374949806,963.5391522214727,0
0.006768,141356.8561652837,964.5541153972962,-6.469900130291865e-309
0.006772,141048.8504962652,965.5665342323779,1.267933491708961e-311
0.006776,140740.6209792364,966.5764071297191,1.267940531665665e-311
0.00678,140432.1681060538,967.5837324960529,1.267940529800073e-311
0.006784,140123.4923691117,968.5885087418476,1.267933492178818e-311
0.006788,139814.594261324,969.5907342813031,6.422853395936205e-323
0.006792,139505.4742761429,970.5904075323538,2.470328229206233e-323
0.006796,139196.1329075766,971.5875269166662,0
0.0068,138886.5705160247,972.5820910165174,-8.088728280598675e-309
0.006804,138576.7873966855,973.5740984948345,1.267940530021908e-311
0.006808,138266.7842855534,974.5635475032756,-6.477136137558085e-309
0.006812,137956.5616699046,975.5504364887737,1.267940531539184e-311
0.006816,137646.1200372438,976.5347639024011,1.26793349255826e-311
0.00682,137335.4598752186,977.5165281993733,1.267933491657084e-311
0.006824,137024.5816716905,978.4957278390456,1.060997895482636e-314
0.006828,136713.4859146841,979.4723612849168,0
0.006832,136402.1730924302,980.4464270046252,-8.094160591118689e-309
0.006836,136090.6436933382,981.4179234699513,1.267940530622692e-311
0.00684,135778.8982059697,982.3868491568179,0
0.006844,135466.9371191338,983.3532025452872,0
0.006848,135154.7609217661,984.3169821195658,-6.482568448401886e-309
0.006852,134842.3701030261,985.2781863679983,4.021694357147747e-321
0.006856,134529.7651522395,986.236813783074,2.470328229206233e-323
0.00686,134216.9465589247,987.1928628614214,0
0.006864,133903.9148127847,988.1463321038112,-8.099592891277159e-309
0.006868,133590.6704037046,989.097220015156,1.697596632772218e-313
0.006872,133277.2138217345,990.0455251045091,4.446590812571219e-323
0.006876,132963.5455571697,990.991245885066,1.185757550018992e-322
0.00688,132649.6661004216,991.9343808741629,4.228007017786965e-307
0.006884,132335.5762056938,992.8749286593189,1.7802139096288e-306
0.006888,132021.2764986851,993.8128877999557,-6.486197052461801e-309
0.006892,131706.7671866522,994.7482567547374,0
0.006896,131392.0487698636,995.6810340598382,-8.105025201797174e-309
0.0069,131077.121749027,996.6112182556486,1.909796211868745e-313
0.006904,130761.9866253868,997.5388078867747,4.940656458412465e-323
0.006908,130446.6439006003,998.4638015020381,1.185757550018992e-322
0.006912,130131.0940768648,999.3861976544757,9.346057159128209e-307
0.006916,129815.3376568424,1000.30599490134,1.602184914027738e-306
0.00692,129499.3751436378,1001.2231918041,5.73116149175846e-322
0.006924,129183.207040896,1002.137786928438,0
0.006928,128866.8338527023,1003.049778844255,-6.491629363305681e-309
0.006932,128550.2560836426,1003.959166125666,1.267940531381083e-311
0.006936,128233.4742387769,1004.865947351001,0
0.00694,127916.4888236427,1005.770121102806,0
0.006944,127599.3003442691,1006.671685967842,1.267933492392254e-311
0.00694444,127564.0366923888,1006.771721356097,1.267933492700551e-311
0.00694444,127564.0366923892,1006.771721356097,1.060997895482636e-314
0.006948,127281.9090149527,1007.570641102475,0
0.006952,126964.3153846852,1008.46698421235,-8.115889822837283e-309
0.006956,126646.5200821315,1009.360713591844,1.267940530116275e-311
0.00696,126328.5238876051,1010.251826968715,-6.497061674149501e-309
0.006964,126010.3266260343,1011.14032485085,0
0.006968,125691.9303131078,1012.026200873065,1.267940530527338e-311
0.006972,125373.3349073663,1012.9094551663,6.95211323174442e-310
0.006976,125054.5399974521,1013.790089029522,1.060997895482636e-314
0.00698,124735.5455833661,1014.668102462729,0
0.006984,124416.3516651244,1015.543495465922,-8.121322122996069e-309
0.006988,124096.9619675446,1016.416258945058,1.267940529990288e-311
0.006992,123777.3763126529,1017.286393334704,1.267940530147895e-311
0.006996,123457.5931100072,1018.153902517832,1.267940530558958e-311
0.007,123137.6123595884,1019.01878649444,-6.504297671054394e-309
0.007004,122817.4340614454,1019.881045264529,2.470328229206233e-323
0.007008,122497.0622599563,1020.740668651489,2.470328229206233e-323
0.007012,122176.4983185059,1021.597653224844,0
0.007016,121855.739453417,1022.452005988872,-8.126754433516084e-309
0.00702,121534.7856646808,1023.303726943574,2.3341953700618e-313
0.007024,121213.6369523092,1024.152816088949,5.928787750094959e-323
0.007028,120892.29645428,1024.999265408362,1.185757550018992e-322
0.007032,120570.767076719,1025.84306747745,1.42420345051073e-306
0.007036,120249.0454085617,1026.68423101057,4.673065926275573e-307
0.00704,119927.1314497853,1027.522756007724,-6.510387800593453e-309
0.007044,119605.0252004039,1028.358642468911,0
0.007048,119282.7281664583,1029.191886815016,-8.132186744036178e-309
0.007052,118960.2439789688,1030.022480416904,1.267940530495717e-311
0.007056,118637.5707214016,1030.850427829275,0
0.00706,118314.7088945787,1031.67572786182,0
0.007064,117991.6589994421,1032.498379324229,1.2679334908982e-311
0.007068,117668.4215367892,1033.318381026192,1.267914890931359e-311
0.007072,117344.997007517,1034.1357317774,1.060997895482636e-314
0.007076,117021.3859124773,1034.950430387544,0
0.00708,116697.5887525622,1035.762475666312,-6.513358596319734e-309
0.007084,116373.6060286005,1036.571866423396,1.697596632772218e-313
0.007088,116049.4382969727,1037.378601244023,4.446590812571219e-323
0.007092,115725.0867142949,1038.18267628363,1.185757550018992e-322
0.007096,115400.5513051216,1038.984092279831,4.228007017786965e-307
0.0071,115075.8325947628,1039.782847943381,1.7802139096288e-306
0.007104,114750.931108516,1040.578941985035,0
0.007108,114425.8473717014,1041.372373115546,0
0.007112,114100.5819096431,1042.163140045669,-8.143051396160525e-309
0.007116,113775.135247623,1042.951241486158,1.267933492515276e-311
0.00712,113449.5079109836,1043.736676147768,-6.520594634670193e-309
0.007124,113123.7004250354,1044.519442741252,1.267940530337616e-311
0.007128,112797.7133150463,1045.299539977366,1.267933492653121e-311
0.007132,112471.5464456998,1046.076966203093,4.021694357147747e-321
0.007136,112145.2006892746,1046.851720320247,2.470328229206233e-323
0.00714,111818.6766478746,1047.623801081873,0
0.007144,111491.9748272717,1048.393207187931,-8.14848370668054e-309
0.007148,111165.0957331438,1049.159937338386,1.697596632772218e-313
0.007152,110838.0398711935,1049.923990233201,4.446590812571219e-323
0.007156,110510.8077471446,1050.685364572337,1.185757550018992e-322
0.00716,110183.399866694,1051.444059055759,-6.526515004545916e-309
0.007164,109855.8167355692,1052.200072383428,1.7802139096288e-306
0.007168,109528.0588594956,1052.953403255308,0
0.007172,109200.1271554655,1053.704051843956,0
0.007176,108872.0221169238,1054.452016805317,-8.153916017200634e-309
0.00718,108543.744054619,1055.197296141368,1.267940530021908e-311
0.007184,108215.2934914715,1055.939888613696,0
0.007188,107886.6709503795,1056.679792983884,1.267940530084655e-311
0.007192,107557.8769543213,1057.417008013519,1.267933490661048e-311
0.007196,107228.9120262003,1058.151532464184,1.267942239433214e-311
0.0072,106899.7766889203,1058.883365097465,-6.529655559935533e-309
0.007204,106570.4714654116,1059.612504674949,0
0.007208,106240.9968786091,1060.338949958218,-8.159348327720649e-309
0.007212,105911.3532876723,1061.062700950346,1.26794052777638e-311
0.007216,105581.5410458387,1061.783757699038,0
0.00722,105251.5608795729,1062.502117423028,0
0.007224,104921.4133006404,1063.217778968603,1.267933489902163e-311
0.007228,104591.0988207521,1063.930741182047,1.02271588689138e-321
0.007232,104260.6179516834,1064.641002909646,2.470328229206233e-323
0.007236,103929.9712052072,1065.348562997685,0
0.00724,103599.1590930438,1066.05342029245,-6.535087860418106e-309
0.007244,103268.182126959,1066.755573640224,1.267940529831693e-311
0.007248,102937.0408186743,1067.455021887295,0
0.007252,102605.7357444605,1068.151764216029,0
0.007256,102274.2677567084,1068.845801247616,1.267933490613618e-311
0.00726,101942.6371222819,1069.537130552585,1.267933490329036e-311
0.007264,101610.8443767734,1070.225751101207,1.060997895482636e-314
0.007268,101278.8900571086,1070.911661871042,0
0.007272,100946.7747016369,1071.594861846935,-8.17021293839945e-309
0.007276,100614.4988500718,1072.275350021023,1.909796211868745e-313
0.00728,100282.0630435982,1072.953125392729,-6.540520171261926e-309
0.007284,99949.46782469959,1073.628186968767,1.185757550018992e-322
0.007288,99616.71373736562,1074.300533763136,9.346057159128209e-307
0.007292,99283.801326869,1074.970164797125,1.602184914027738e-306
0.007296,98950.73069207353,1075.637077274547,5.73116149175846e-322
0.0073,98617.50263585884,1076.301271269099,0
0.007304,98284.11770730058,1076.962745822143,-8.175645248919543e-309
0.007308,97950.576430346,1077.621499874219,1.267933492610137e-311
0.007312,97616.87932884274,1078.277532366977,0
0.007316,97283.02692652011,1078.930842243173,0
0.00732,96949.01974692906,1079.581428446674,-6.547756178528126e-309
0.007324,96614.85831359855,1080.229289922452,1.26793349251083e-311
0.007328,96280.54314983345,1080.874425616588,1.060997895482636e-314
0.007332,95946.07477894286,1081.516834476271,0
0.007336,95611.45372396929,1082.156515449797,-8.181077559439558e-309
0.00734,95276.6805079981,1082.793467486571,1.267940529990288e-311
0.007344,94941.75565385696,1083.427689537106,0
0.007348,94606.6796843682,1084.059180553021,0
0.007352,94271.45312211604,1084.687939487045,1.267940530400857e-311
0.007356,93936.07648968685,1085.313965293013,6.01277890988797e-321
0.00736,93600.55030945688,1085.937256925869,-6.55138479294935e-309
0.007364,93264.87510372314,1086.557813341667,0
0.007368,92929.05139467394,1087.175633497563,-8.186509859598028e-309
0.007372,92593.07970436674,1087.790716351828,1.267940529831693e-311
0.007376,92256.96079820493,1088.403063175038,0
0.00738,91920.69530068408,1089.012673902588,0
0.007384,91584.28350572893,1089.619545333863,1.267933490020739e-311
0.007388,91247.72594625998,1090.223676538807,6.95211323174442e-310
0.007392,90911.0231554308,1090.825066592767,1.060997895482636e-314
0.007396,90574.1756668592,1091.423714576488,0
0.0074,90237.18401439738,1092.019619576111,-6.556817093431843e-309
0.007404,89900.04873227177,1092.612780683179,1.267940529768453e-311
0.007408,89562.7703549841,1093.203196994632,0
0.007412,89225.34941745305,1093.790867612808,0
0.007416,88887.78645491082,1094.375791645445,1.267933491467363e-311
0.00742,88550.08200285118,1094.95796820568,1.136350985434867e-322
0.007424,88212.23659721878,1095.537396412045,2.470328229206233e-323
0.007428,87874.25077418389,1096.114075388475,0
0.007432,87536.12507032271,1096.688004264303,-8.197374480638137e-309
0.007436,87197.86002248531,1097.259182174257,1.267937811664326e-311
0.00744,86859.45616792724,1097.827608258468,-6.562249404275742e-309
0.007444,86520.91404415766,1098.393281662464,0
0.007448,86182.23417285242,1098.956201384623,1.267938011100841e-311
0.007452,85843.41684861807,1099.516364294197,1.267933491680799e-311
0.007456,85504.46281531948,1100.073771480708,1.060997895482636e-314
0.00746,85165.37260707747,1100.628422066659,0
0.007464,84826.14675824443,1101.180315178365,-8.202806791158152e-309
0.007468,84486.78580321139,1101.729449945957,1.26793982739732e-311
0.007472,84147.29027666769,1102.275825503378,0
0.007476,83807.66071337962,1102.819440988387,0
0.00748,83467.8976482646,1103.360295542557,-6.569485411541863e-309
0.007484,83128.00161649741,1103.898388311276,1.267933491253927e-311
0.007488,82787.97315332654,1104.433718443744,1.060997895482636e-314
0.007492,82447.812794214,1104.966285092977,0
0.007496,82107.52107480814,1105.496087415804,-8.208239091316938e-309
0.0075,81767.09853080235,1106.023124572869,1.267940531033755e-311
0.007504,81426.54569823458,1106.547395728631,0
0.007508,81085.86311314523,1107.068900051362,1.267940531412703e-311
0.007512,80745.051311836,1107.587636713148,1.267933491965381e-311
0.007516,80404.11083076219,1108.10360488989,1.267938010025754e-311
0.00752,80063.04220648354,1108.616803761303,-6.573114015602095e-309
0.007524,79721.84604552703,1109.1272330954,0
0.007528,79380.52286981023,1109.634891953746,-8.213671401836953e-309
0.007532,79039.07318452443,1110.139779260083,1.267933492633852e-311
0.007536,78697.49752881506,1110.64189422512,1.267940531001641e-311
0.00754,78355.79644205206,1111.141236063896,1.267940531381083e-311
0.007544,78013.97046381386,1111.637803995789,1.267933492676836e-311
0.007548,77672.02013393625,1112.131597244507,1.267945638304465e-311
0.007552,77329.9459924465,1112.622615038094,1.060997895482636e-314
0.007556,76987.74857960036,1113.110856608926,0
0.00756,76645.42843597458,1113.596321193714,-6.578546326445975e-309
0.007564,76302.9861022298,1114.079008033502,1.267933490807785e-311
0.007568,75960.42211933061,1114.558916373669,1.267940530116275e-311
0.007572,75617.73702846793,1115.036045463928,1.267940529831693e-311
0.007576,75274.93137103971,1115.510394558324,1.267933489997024e-311
0.00758,74932.0056887028,1115.981962915237,1.266948294261593e-311
0.007584,74588.96052324941,1116.450749797382,1.060997895482636e-314
0.007588,74245.79641684541,1116.916754471805,0
0.007592,73902.51391177677,1117.379976209888,-8.224536022877061e-309
0.007596,73559.11355812557,1117.840414281549,2.3341953700618e-313
0.0076,73215.59591925348,1118.298067951101,-6.583978637289796e-309
0.007604,72871.96151685732,1118.752936519208,1.185757550018992e-322
0.007608,72528.21089478047,1119.205019274139,1.42420345051073e-306
0.007612,72184.34459702484,1119.654315508485,4.673065926275573e-307
0.007616,71840.36316792312,1120.100824519152,2.461549116103662e-312
0.00762,71496.26715199713,1120.544545607369,0
0.007624,71152.057094049,1120.98547807868,-8.229968364481394e-309
0.007628,70807.73353910475,1121.423621242949,1.267940517120866e-311
0.007632,70463.29703247873,1121.858974414359,0
0.007636,70118.74811966869,1122.291536911412,0
0.00764,69774.08734644938,1122.721308056927,-6.591214675640235e-309
0.007644,69429.3152588614,1123.148287178044,1.267933490352751e-311
0.007648,69084.4324031506,1123.572473606219,1.060997895482636e-314
0.007652,68739.43932584877,1123.993866677228,0
0.007656,68394.33657370886,1124.412465731167,-8.235400675001409e-309
0.00766,68049.12469374348,1124.828270112448,1.267940528566885e-311
0.007664,67703.80423322588,1125.241279169803,0
0.007668,67358.37573963968,1125.651492256283,0
0.007672,67012.83963765326,1126.058908923897,1.267933490186745e-311
0.007676,66667.19654541404,1126.46352842348,1.267933489949593e-311
0.00768,66321.44703209953,1126.865350087818,-6.594843290061774e-309
0.007684,65975.59164363041,1127.264373291405,0
0.007688,65629.63092595624,1127.660597413199,-8.240832985521503e-309
0.007692,65283.56542523857,1128.054021836611,1.26793348995404e-311
0.007696,64937.39568785595,1128.444645949512,0
0.0077,64591.122260248,1128.832469144231,0
0.007704,64244.74568910105,1129.217490817554,1.267933489854733e-311
0.007708,63898.26652117039,1129.599710370727,1.267933490969345e-311
0.007712,63551.68530344812,1129.979127209451,1.060997895482636e-314
0.007716,63205.00258303661,1130.355740743887,0
0.00772,62858.21890724124,1130.729550388654,-6.600275600905575e-309
0.007724,62511.33482346672,1131.100555562829,1.267940529768453e-311
0.007728,62164.35087932914,1131.468755689945,0
0.007732,61817.26762255997,1131.834150197996,0
0.007736,61470.0856010936,1132.19673851943,1.267933491799375e-311
0.00774,61122.80536296713,1132.556520091159,1.267914887018359e-311
0.007744,60775.42745172081,1132.913494349757,1.060997895482636e-314
0.007748,60427.95241200482,1133.267660737366,0
0.007752,60080.38079835312,1133.619018710234,-8.251697596200304e-309
0.007756,59732.71315923252,1133.967567722891,1.267940531665665e-311
0.00776,59384.95004325546,1134.313307234317,-6.605707901388167e-309
0.007764,59037.09199929424,1134.656236707943,0
0.007768,58689.13957624754,1134.996355611652,1.267933491514793e-311
0.007772,58341.09332322428,1135.333663417774,1.267936678222399e-311
0.007776,57992.95378949319,1135.668159603094,1.060997895482636e-314
0.00778,57644.72152442794,1135.999843648846,0
0.007784,57296.3970776205,1136.328715040715,-8.257129906720318e-309
0.007788,56947.98099874792,1136.654773268836,1.909796211868745e-313
0.007792,56599.47383768635,1136.978017827797,4.940656458412465e-323
0.007796,56250.87614442728,1137.298448216634,1.185757550018992e-322
0.0078,55902.18846916186,1137.616063938837,-6.613474407602029e-309
0.007804,55553.41136214853,1137.930864502343,1.602184914027738e-306
0.007808,55204.54537390819,1138.242849419544,5.73116149175846e-322
0.007812,54855.5910550339,1138.552018207279,0
0.007816,54506.54895630182,1138.85837038684,-8.262562217240412e-309
0.00782,54157.41964891291,1139.161905481324,1.267940530622692e-311
0.007824,53808.20366830874,1139.462623022967,1.267940531602424e-311
0.007828,53458.90156613494,1139.760522546351,1.267940530179515e-311
0.007832,53109.51389435428,1140.055603590497,1.267940530653818e-311
0.007836,52760.04120503122,1140.347865698876,2.470328229206233e-323
0.00784,52410.48405049683,1140.637308419406,-6.616572523075828e-309
0.007844,52060.84298320278,1140.923931304451,0
0.007848,51711.1185557617,1141.20773391082,-8.267994527760427e-309
0.007852,51361.31132108282,1141.488715799769,2.3341953700618e-313
0.007856,51011.42183213495,1141.766876537002,5.928787750094959e-323
0.00786,50661.45064216136,1142.042215692666,1.185757550018992e-322
0.007864,50311.39830456709,1142.314732841357,1.42420345051073e-306
0.007868,49961.26537291263,1142.584427562116,4.673065926275573e-307
0.007872,49611.0524010568,1142.851299438427,2.461549116103662e-312
0.007876,49260.75994288427,1143.115348058224,0
0.00788,48910.38855261327,1143.376573013884,-6.622004823558084e-309
0.007884,48559.93878460798,1143.63497390223,1.267940531033755e-311
0.007888,48209.41119338828,1143.89055032453,1.267940532645891e-311
0.007892,47858.80633370479,1144.143301886499,1.267940530432477e-311
0.007896,47508.12476050691,1144.393228198294,1.267933491846806e-311
0.0079,47157.36702893919,1144.640328874521,1.267933492297393e-311
0.007904,46806.53369431215,1144.884603534227,1.060997895482636e-314
0.007908,46455.62531217729,1145.126051800907,0
0.007912,46104.64243824471,1145.364673302498,-8.278859138438912e-309
0.007916,45753.58562845044,1145.600467671385,1.267940531001641e-311
0.00792,45402.45543891232,1145.833434544395,-6.627437134401904e-309
0.007924,45051.25242598751,1146.0635735628,0
0.007928,44699.97714614653,1146.290884372316,1.267940531475944e-311
0.007932,44348.63015617267,1146.515366623105,6.95211323174442e-310
0.007936,43997.2120129469,1146.737019969771,1.060997895482636e-314
0.00794,43645.72327366535,1146.955844071362,0
0.007944,43294.16449563985,1147.171838591373,-8.284291448959006e-309
0.007948,42942.53623638913,1147.385003197739,1.267940529958174e-311
0.007952,42590.83905370394,1147.59533756284,0
0.007956,42239.07350551663,1147.802841363502,0
0.00796,41887.24015000678,1148.007514280991,-6.634673141668104e-309
0.007964,41535.33948693919,1148.209356004212,1.267933491396218e-311
0.007968,41183.37182440254,1148.408366236968,1.060997895482636e-314
0.007972,40831.33797932509,1148.604544659791,0
0.007976,40479.23850691598,1148.797890971928,-8.289723759479021e-309
0.00798,40127.07396252314,1148.988404877075,2.3341953700618e-313
0.007984,39774.84490141214,1149.176086083382,5.928787750094959e-323
0.007988,39422.55187903612,1149.360934303449,1.185757550018992e-322
0.007992,39070.19545081275,1149.542949254329,1.42420345051073e-306
0.007996,38717.77617225552,1149.722130657525,4.673065926275573e-307
0.008,38365.29459886171,1149.898478238993,-6.640763271207164e-309
0.008004,38012.75128623669,1150.071991729141,0
0.008008,37660.1467899722,1150.24267086283,-8.295156059637807e-309
0.008012,37307.48166576709,1150.41051537937,1.267933491400664e-311
0.008016,36954.75646922365,1150.575525022526,0
0.00802,36601.97175615991,1150.737699540512,0
0.008024,36249.12808225595,1150.897038685999,1.267933492012812e-311
0.008028,35896.22600333876,1151.053542216104,1.267933492487115e-311
0.008032,35543.26607521175,1151.207209892401,1.060997895482636e-314
0.008036,35190.24885369767,1151.358041480915,0
0.00804,34837.17489465972,1151.506036752123,-6.643734056572137e-309
0.008044,34484.04475397588,1151.651195480954,1.267940530305996e-311
0.008048,34130.85898754082,1151.79351744679,0
0.008052,33777.61815126787,1151.933002433467,0
0.008056,33424.32280108047,1152.069650229272,1.267933491917951e-311
0.00806,33070.97349294298,1152.203460626944,1.267933491419933e-311
0.008064,32717.57078279176,1152.334433423676,1.060997895482636e-314
0.008068,32364.11522654904,1152.462568421113,0
0.008072,32010.60738025367,1152.587865425354,-8.306020680677915e-309
0.008076,31657.04779982439,1152.71032424695,1.909796211868745e-313
0.00808,31303.43704122608,1152.829944700904,-6.649166367416036e-309
0.008084,30949.7756604224,1152.946726606675,1.185757550018992e-322
0.008088,30596.06421345775,1153.060669788171,9.346057159128209e-307
0.008092,30242.30325618607,1153.171774073757,1.602184914027738e-306
0.008096,29888.49334464868,1153.280039296248,5.73116149175846e-322
0.0081,29534.63503471826,1153.385465292914,0
0.008104,29180.72888237936,1153.488051905478,-8.31145299119793e-309
0.008108,28826.77544354263,1153.587798980117,1.267940531317843e-311
0.008112,28472.77553883434,1153.684706398408,0
0.008116,28118.73002246564,1153.778774050314,0
0.00812,27764.63898597192,1153.870001741085,-6.656402374682158e-309
0.008124,27410.50299134944,1153.958389335429,3.903118602145848e-322
0.008128,27056.32260075473,1154.043936702529,2.470328229206233e-323
0.008132,26702.09837651986,1154.126643716048,0
0.008136,26347.83088119753,1154.206510254128,-8.316884006552364e-309
0.00814,25993.52067751769,1154.283536199392,1.697596632772218e-313
0.008144,25639.16832836514,1154.357721438942,4.446590812571219e-323
0.008148,25284.77439689881,1154.429065864359,1.185757550018992e-322
0.008152,24930.33944638987,1154.497569371707,4.228007017786965e-307
0.008156,24575.86404035933,1154.563231861532,1.7802139096288e-306
0.00816,24221.34874250268,1154.626053238859,-6.660029693938037e-309
0.008164,23866.79411673726,1154.686033413197,0
0.008168,23512.200727118,1154.74317229854,-8.322316317072379e-309
0.008172,23157.56913799746,1154.79746981336,1.26794053027487e-311
0.008176,22802.89991381101,1154.848925880616,1.267940532677511e-311
0.00818,22448.19361928536,1154.897540427751,1.267940531254602e-311
0.008184,22093.45081933914,1154.943313386692,1.267940531634045e-311
0.008188,21738.67207907216,1154.986244693849,2.470328229206233e-323
0.008192,21383.85796376853,1155.026334290121,2.470328229206233e-323
0.008196,21029.00903900363,1155.06358212089,0
0.0082,20674.1258704834,1155.097988136024,-6.665462004781917e-309
0.008204,20319.20902409678,1155.12955228988,1.267940530053529e-311
0.008208,19964.25906608108,1155.1582745413,0
0.008212,19609.27656271739,1155.184154853614,1.267940531728905e-311
0.008216,19254.26208062464,1155.20719319464,1.267933492463399e-311
0.00822,18899.21618655656,1155.227389536685,1.266948295589641e-311
0.008224,18544.13944753166,1155.244743856543,1.060997895482636e-314
0.008228,18189.03243075911,1155.2592561355,0
0.008232,17833.89570369379,1155.270926359329,-8.333180938112487e-309
0.008236,17478.72983395978,1155.279754518296,1.267940531697285e-311
0.00824,17123.53538942873,1155.285740607154,-6.670894315625737e-309
0.008244,16768.31293822016,1155.28888462515,0
0.008248,16413.06304861786,1155.289186576021,1.267940531349463e-311
0.008252,16057.78628914256,1155.286646467996,6.95211323174442e-310
0.008256,15702.48322858574,1155.281264313796,1.060997895482636e-314
0.00826,15347.15323815367,1155.273040182969,0
0.008264,14991.79677495093,1155.261974102116,-8.338613238271274e-309
0.008268,14636.41543738963,1155.248066052485,1.267940529958174e-311
0.008272,14281.00977904315,1155.231316065472,0
0.008276,13925.58035321505,1155.211724176992,0
0.00828,13570.12771298614,1155.189290427475,-6.67813031253063e-309
0.008284,13214.65241105389,1155.164014861872,6.95211323174442e-310
0.008288,12859.15499991347,1155.135897529649,1.060997895482636e-314
0.008292,12503.63603169855,1155.104938484794,0
0.008296,12148.09605828777,1155.071137785814,-8.344045548791288e-309
0.0083,11792.53563124861,1155.034495495738,1.267940533183435e-311
0.008304,11436.95530173345,1154.995011682117,0
0.008308,11081.35562078585,1154.95268641702,0
0.008312,10725.7371388555,1154.907519777046,1.267933492273678e-311
0.008316,10370.10040628276,1154.859511843314,1.267909502430084e-311
0.00832,10014.44597294071,1154.808662701467,-6.68175892695217e-309
0.008324,9658.774388441932,1154.754972441675,0
0.008328,9303.086201973725,1154.698441158634,-8.349477859311382e-309
0.008332,8947.381962435262,1154.639068951566,1.267940532172082e-311
0.00833333,8828.810410018545,1154.618646917228,0
0.00833333,8828.810410016682,1154.618646917228,0
0.008336,8591.655264501402,1154.576856269608,1.26794053245617e-311
0.00834,8235.914923114586,1154.511803020077,8.547335673053565e-322
0.008344,7880.163731636887,1154.443909184925,2.470328229206233e-323
0.008348,7524.400774924085,1154.373174914143,0
0.008352,7168.626274612965,1154.299600345579,-6.68719123779597e-309
0.008356,6812.840325793135,1154.223185925686,1.26794053337365e-311
0.00836,6457.042884701979,1154.14393144899,0
0.008364,6101.233951349161,1154.061836915489,1.267940532962093e-311
0.008368,5745.413525706914,1153.976902325185,1.267933493103709e-311
0.008372,5389.585263649002,1153.889128816281,1.267940532835612e-311
0.008376,5033.746927139291,1153.798515692,1.060997895482636e-314
0.00838,4677.898484980629,1153.705062942626,0
0.008384,4322.039937201131,1153.608770568159,-8.360342469989867e-309
0.008388,3966.174941241799,1153.509639629109,2.3341953700618e-313
0.008392,3610.303661475889,1153.407670173124,-6.692623538278246e-309
0.008396,3254.424528734002,1153.30286174522,1.185757550018992e-322
0.0084,2898.537543011596,1153.195214345396,1.42420345051073e-306
0.008404,2542.644497885718,1153.084728517794,4.673065926275573e-307
0.008408,2186.749176417012,1152.971405410128,2.461549116103662e-312
0.008412,1830.848474034749,1152.855244080522,0
0.008416,1474.942390737589,1152.736244528977,-8.365774780509882e-309
0.00842,1119.030926525476,1152.614406755493,1.697596632772218e-313
0.008424,763.118707049056,1152.48973231028,4.446590812571219e-323
0.008428,407.2041543176165,1152.362220664491,1.185757550018992e-322
0.008432,51.28773192479275,1152.231871973504,-6.700347604576289e-309
0.00843258,-0.211473164265044,1152.212776318918,1.7802139096288e-306
0.00843258,-0.211473164265044,1152.212776318918,0
0.00843258,-0.2115710999933071,1152.212776282545,0
0.00843258,-0.2115710999933071,1152.212776282545,-8.371207091029976e-309
0.008436,-304.6317384208669,1152.098685513412,1.267940532930473e-311
0.00844,-660.5510799492477,1151.962662366496,0
0.008444,-1016.469735904655,1151.823802989446,0
0.008448,-1372.387464182917,1151.682107626045,1.267933494313181e-311
0.008452,-1728.303892206401,1151.537576484635,1.267933493198569e-311
0.008456,-2084.217484622553,1151.390210519724,-6.703488159965907e-309
0.00846,-2440.128955820634,1151.240009287199,0
0.008464,-2796.038305786555,1151.08697278706,-8.37663940154999e-309
0.008468,-3151.945534507337,1150.931101019306,1.267940533183435e-311
0.008472,-3507.847344704089,1150.772395426151,0
0.008476,-3863.743929366756,1150.610855923197,0
0.00848,-4219.636549781484,1150.446481958759,1.267933492321109e-311
0.008484,-4575.525205914688,1150.279273532835,3.063207004215729e-322
0.008488,-4931.409351273149,1150.109230897995,2.470328229206233e-323
0.008492,-5287.282670668326,1149.936356972569,0
0.008496,-5643.149458074069,1149.760649772251,-6.708920460448479e-309
0.0085,-5999.009713516687,1149.582109297041,1.909796211868745e-313
0.008504,-6354.863436960964,1149.400735546939,4.940656458412465e-323
0.008508,-6710.707274291548,1149.216530201409,1.185757550018992e-322
0.008512,-7066.539291762456,1149.029494228698,9.346057159128209e-307
0.008516,-7422.362155948998,1148.839626293624,1.602184914027738e-306
0.00852,-7778.175866820849,1148.646926396184,5.73116149175846e-322
0.008524,-8133.980424432375,1148.451394536379,0
0.008528,-8489.77114968386,1148.25303319273,-8.387504012228792e-309
0.008532,-8845.549356094562,1148.051841669488,1.267940532077222e-311
0.008536,-9201.31481363409,1147.847820088466,-6.714352771292299e-309
0.00854,-9557.066969426698,1147.640968742557,0
0.008544,-9912.805270512763,1147.431287924653,1.267940532013487e-311
0.008548,-10268.52916397143,1147.218777927647,8.152083156380568e-322
0.008552,-10624.23809686018,1147.003439044431,2.470328229206233e-323
0.008556,-10979.93151625316,1146.785271567897,0
0.00856,-11335.60886922624,1146.564275790938,-8.392936322748885e-309
0.008564,-11691.26914926677,1146.340452810528,1.267933492918434e-311
0.008568,-12046.91190696933,1146.113802736041,1.267940535776291e-311
0.008572,-12402.5366986834,1145.884325666618,1.267940532045107e-311
0.008576,-12758.14294582809,1145.65202194063,-6.7215887785585e-309
0.00858,-13113.73006984533,1145.416891896447,8.201489720964693e-322
0.008584,-13469.29749212047,1145.178935872441,2.470328229206233e-323
0.008588,-13824.84463404136,1144.938154206983,0
0.008592,-14180.37091706728,1144.694547238442,-8.3983686332689e-309
0.008596,-14535.8757626224,1144.44811530519,1.697596632772218e-313
0.0086,-14891.35900790861,1144.198859573799,4.446590812571219e-323
0.008604,-15246.82016995159,1143.946780572935,1.185757550018992e-322
0.008608,-15602.25841793627,1143.691878138692,4.228007017786965e-307
0.008612,-15957.67319738382,1143.434152657514,1.7802139096288e-306
0.008616,-16313.06395392976,1143.173604515849,-6.725217392980355e-309
0.00862,-16668.43013306166,1142.910234100141,0
0.008624,-17023.77118034492,1142.644041796837,-8.403800974873233e-309
0.008628,-17379.08654133911,1142.375027992381,1.267940533309915e-311
0.008632,-17734.37566162582,1142.103193073221,0
0.008636,-18089.63787712436,1141.828538325346,0
0.00864,-18444.87250316865,1141.551065204607,1.267940532266449e-311
0.008644,-18800.07912436465,1141.270772955761,6.95211323174442e-310
0.008648,-19155.25717674434,1140.987662043584,1.060997895482636e-314
0.008652,-19510.40609626839,1140.701732932852,0
0.008656,-19865.52531900012,1140.412986088341,-6.730649734908079e-309
0.00866,-20220.61428093858,1140.121421974827,1.267933491376949e-311
0.008664,-20575.67241809692,1139.827041057086,1.267940533215055e-311
0.008668,-20930.69916647335,1139.529843799894,1.267940531823766e-311
0.008672,-21285.69396209129,1139.229830668027,1.267933494265751e-311
0.008676,-21640.65624095494,1138.927002126261,8.547335673053565e-322
0.00868,-21995.58543908538,1138.621358639371,2.470328229206233e-323
0.008684,-22350.48099246959,1138.312900672134,0
0.008688,-22705.34233714844,1138.001628689327,-8.414665595913342e-309
0.008692,-23060.16890912486,1137.687543155724,1.267940532709626e-311
0.008696,-23414.96014440875,1137.370644536102,-6.737885742174299e-309
0.0087,-23769.71547902859,1137.050933295237,1.267940532772372e-311
0.008704,-24124.43434896693,1136.728409897904,1.267933492415969e-311
0.008708,-24479.11620355648,1136.403074854256,1.267933492819127e-311
0.008712,-24833.76091675204,1136.07493012059,1.060997895482636e-314
0.008716,-25188.36755527346,1135.743974903984,0
0.00872,-25542.9355601719,1135.410209686318,-8.420097906433356e-309
0.008724,-25897.46437248873,1135.07363494947,1.267940533720978e-311
0.008728,-26251.95343321469,1134.734251175316,0
0.008732,-26606.40218342352,1134.392058845735,0
0.008736,-26960.81006414787,1134.047058442605,-6.743318053018099e-309
0.00874,-27315.1765163911,1133.699250447803,1.267933491633369e-311
0.008744,-27669.50098120037,1133.348635343208,1.060997895482636e-314
0.008748,-28023.78289964137,1132.995213610698,0
0.008752,-28378.02171270025,1132.638985732149,-8.425530206592143e-309
0.008756,-28732.21686141542,1132.27995218944,2.3341953700618e-313
0.00876,-29086.36778685212,1131.91811346445,5.928787750094959e-323
0.008764,-29440.47393002582,1131.553470039055,1.185757550018992e-322
0.008768,-29794.53473193548,1131.186022395133,1.42420345051073e-306
0.008772,-30148.54963367287,1130.815771014563,4.673065926275573e-307
0.008776,-30502.51804044336,1130.442720299491,-6.749408172195851e-309
0.00878,-30856.43938582455,1130.066871548993,0
0.008784,-31210.31314119761,1129.688221924379,-8.430962517112157e-309
0.008788,-31564.13874685898,1129.306771983526,1.267933491542955e-311
0.008792,-31917.91564317001,1128.922522284314,0
0.008796,-32271.64327047032,1128.535473384622,0
0.0088,-32625.32106908213,1128.145625842327,1.267933492747981e-311
0.008804,-32978.94847936049,1127.75298021531,1.267933491751945e-311
0.008808,-33332.524941643,1127.357537061448,1.060997895482636e-314
0.008812,-33686.04989625193,1126.959296938619,0
0.008816,-34039.52278354362,1126.558260404704,-6.752378967922211e-309
0.00882,-34392.94304385182,1126.154428017581,1.267940533215055e-311
0.008824,-34746.31011751411,1125.747800335127,0
0.008828,-35099.62344487623,1125.338377915223,0
0.008832,-35452.88246627402,1124.926161315746,1.267933491348787e-311
0.008836,-35806.08662204852,1124.511151094576,1.267909500145524e-311
0.00884,-36159.23535251711,1124.09334780959,1.060997895482636e-314
0.008844,-36512.32820820116,1123.672759258958,0
0.008848,-36865.36453925347,1123.249380071046,-8.441827138152266e-309
0.008852,-37218.34378662135,1122.823210848211,1.267933492064689e-311
0.008856,-37571.26539180061,1122.394252221534,-6.759614975188352e-309
0.00886,-37924.12879625679,1121.9625048221,1.267940533720978e-311
0.008864,-38276.93344140076,1121.527969280988,1.267933491609654e-311
0.008868,-38629.67876869952,1121.090646229282,1.267945640130532e-311
0.008872,-38982.36421962734,1120.650536298064,1.060997895482636e-314
0.008876,-39334.98923560727,1120.207640118416,0
0.00888,-39687.55325812765,1119.761958321419,-8.447259438310736e-309
0.008884,-40040.05572861258,1119.313491538157,1.26794053340527e-311
0.008888,-40392.49608853011,1118.862240399711,0
0.008892,-40744.873779313,1118.408205537163,0
0.008896,-41097.18824243126,1117.951387581596,-6.765047275670608e-309
0.0089,-41449.43891933752,1117.491787164092,8.497929108469441e-322
0.008904,-41801.62525148666,1117.029404915733,2.470328229206233e-323
0.008908,-42153.74676234223,1116.564244850285,0
0.008912,-42505.80292389326,1116.096308859052,-8.452691748830751e-309
0.008916,-42857.79309760482,1115.625594272236,2.3341953700618e-313
0.00892,-43209.71672669263,1115.152101795495,5.928787750094959e-323
0.008924,-43561.5732544185,1114.675832134486,1.185757550018992e-322
0.008928,-43913.3621240948,1114.196785994866,1.42420345051073e-306
0.008932,-44265.08277892566,1113.714964082293,4.673065926275573e-307
0.008936,-44616.734662198,1113.230367102422,-6.771137405209667e-309
0.00894,-44968.31721718109,1112.742995760912,0
0.008944,-45319.82988712227,1112.252850763419,-8.458124059350845e-309
0.008948,-45671.27211528335,1111.759932815601,1.909796211868745e-313
0.008952,-46022.6433449192,1111.264242623114,4.940656458412465e-323
0.008956,-46373.94301930774,1110.765780891616,1.185757550018992e-322
0.00896,-46725.17058169597,1110.264548326763,9.346057159128209e-307
0.008964,-47076.32547534938,1109.760545634213,1.602184914027738e-306
0.008968,-47427.4071435316,1109.253773519623,5.73116149175846e-322
0.008972,-47778.41502951278,1108.74423268865,0
0.008976,-48129.34872942668,1108.231930847801,-6.774108200935948e-309
0.00898,-48480.20756759122,1107.716863256314,1.267940532709626e-311
0.008984,-48830.99098306836,1107.199030426213,0
0.008988,-49181.69842067646,1106.678433136799,1.267940532803992e-311
0.008992,-49532.32932532683,1106.155072167376,1.26793349177566e-311
0.008996,-49882.88314186718,1105.628948297244,1.267945645830073e-311
0.009,-50233.35931518651,1105.100062305707,1.060997895482636e-314
0.009004,-50583.75729012606,1104.568414972066,0
0.009008,-50934.07651160861,1104.034007075622,-8.468988670029646e-309
0.009012,-51284.31642442965,1103.496839395679,1.267933492847288e-311
0.009016,-51634.47647351754,1102.956912711538,-6.77954050141854e-309
0.00902,-51984.55610369315,1102.414227802501,0
0.009024,-52334.55475986341,1101.86878544787,1.267933491325072e-311
0.009028,-52684.47188689758,1101.320586426947,1.267933491372503e-311
0.009032,-53034.30692963494,1100.769631519034,1.060997895482636e-314
0.009036,-53384.05933297443,1100.215921503434,0
0.00904,-53733.72860332695,1099.659459304402,-8.47442098054966e-309
0.009044,-54083.31422421685,1099.100247049782,1.267940532203208e-311
0.009048,-54432.81557411334,1098.538283202523,0
0.009052,-54782.23210098536,1097.97356865153,0
0.009056,-55131.56325299811,1097.406104289815,-6.786776508684661e-309
0.00906,-55480.80847835209,1096.835891014488,1.267933492842842e-311
0.009064,-55829.96722547454,1096.262929726763,1.060997895482636e-314
0.009068,-56179.03894279548,1095.687221331957,0
0.009072,-56528.02307893883,1095.108766739486,-8.479853291069754e-309
0.009076,-56876.91908266325,1094.527566862872,1.267939829515379e-311
0.00908,-57225.72640273767,1093.943622619735,0
0.009084,-57574.44448816392,1093.356934931802,0
0.009088,-57923.07278801984,1092.767504724899,1.266961702657772e-311
0.009092,-58271.61075144901,1092.175332928953,1.267933492368539e-311
0.009096,-58620.05782782129,1091.580420477997,-6.790405123106201e-309
0.0091,-58968.41346653365,1090.982768310164,0
0.009104,-59316.67711710639,1090.382377367687,-8.485285601589769e-309
0.009108,-59664.84822924086,1089.779248596907,1.267940532930473e-311
0.009112,-60012.92625270487,1089.173382948261,0
0.009116,-60360.91063738742,1088.564781376291,0
0.00912,-60708.80083332775,1087.953444839643,1.267933492890272e-311
0.009124,-61056.59629061376,1087.33937430106,6.95211323174442e-310
0.009128,-61404.29645953618,1086.722570727392,1.060997895482636e-314
0.009132,-61751.90079045354,1086.10303508959,0
0.009136,-62099.40873383707,1085.480768362705,-6.795837465034319e-309
0.00914,-62446.81974031898,1084.855771525893,1.267940531381083e-311
0.009144,-62794.13326058496,1084.22804556241,0
0.009148,-63141.34874550771,1083.597591459616,0
0.009152,-63488.46564604278,1082.964410208972,1.267933491491078e-311
0.009156,-63835.48341320269,1082.32850280604,1.267933491562224e-311
0.00916,-64182.40149826504,1081.689870250487,1.060997895482636e-314
0.009164,-64529.21935250686,1081.048513546081,0
0.009168,-64875.93642734113,1080.40443370069,-8.496150253714117e-309
0.009172,-65222.55222482793,1079.757632500832,1.267940531665665e-311
0.009176,-65569.06623152603,1079.108111497384,-6.80126977587814e-309
0.00918,-65915.47783112375,1078.455870666628,0
0.009184,-66261.78647658543,1077.800911048933,1.26793349172823e-311
0.009188,-66607.99162100046,1077.143233689185,3.754898908393474e-322
0.009192,-66954.09271758108,1076.482839636784,2.470328229206233e-323
0.009196,-67300.08921972109,1075.819729945642,0
0.0092,-67645.98058097012,1075.153905674187,-8.50158256423421e-309
0.009204,-67991.7662549715,1074.485367885361,1.267933492372985e-311
0.009208,-68337.44569552323,1073.814117646618,1.26794053248779e-311
0.009212,-68683.01835664746,1073.140156029928,1.267940532203208e-311
0.009216,-69028.48369240132,1072.463484111775,-6.80850578314434e-309
0.00922,-69373.84115702996,1071.784102973156,1.26794564610675e-311
0.009224,-69719.09020496614,1071.102013699584,1.060997895482636e-314
0.009228,-70064.23029069009,1070.417217381082,0
0.009232,-70409.26086896477,1069.729715112192,-8.507014874754225e-309
0.009236,-70754.18139452493,1069.039507991967,1.267939831286604e-311
0.00924,-71098.9913224114,1068.346597123974,0
0.009244,-71443.6901077191,1067.650983616295,0
0.009248,-71788.27720569528,1066.952668581526,1.267945640905227e-311
0.009252,-72132.75207176816,1066.251653136778,1.267933492629406e-311
0.009256,-72477.11416146252,1065.547938403673,-6.81213439756588e-309
0.00926,-72821.36293050018,1064.84152550835,0
0.009264,-73165.49783471634,1064.132415581461,-8.512447174913011e-309
0.009268,-73509.51833009126,1063.420609758172,1.267940532203208e-311
0.009272,-73853.42387273343,1062.706109178162,0
0.009276,-74197.21391893894,1061.988914985626,0
0.00928,-74540.88792509097,1061.269028329272,1.267933492439684e-311
0.009284,-74884.44534779974,1060.546450362322,1.267933492771696e-311
0.009288,-75227.88564374996,1059.821182242513,1.060997895482636e-314
0.009292,-75571.20826981292,1059.093225132094,0
0.009296,-75914.41268293763,1058.362580197829,-6.817566698048373e-309
0.0093,-76257.49834031769,1057.629248610999,1.26794053248779e-311
0.009304,-76600.46471910982,1056.893231506984,0
0.009308,-76943.31129494659,1056.154530029206,0
0.009312,-77286.0374938217,1055.413145426602,1.26794053242455e-311
0.009316,-77628.64277375076,1054.669078887836,6.95211323174442e-310
0.00932,-77971.12659294921,1053.922331606069,1.060997895482636e-314
0.009324,-78313.48840976768,1053.172904778964,0
0.009328,-78655.7276827239,1052.420799608681,-8.52331179595312e-309
0.009332,-78997.84387044172,1051.666017301884,3.182993686447908e-313
0.009336,-79339.83643174201,1050.908559069733,-6.822999008892272e-309
0.00934,-79681.70482559822,1050.148426127889,1.185757550018992e-322
0.009344,-80023.44851111493,1049.385619696515,1.780201687388931e-306
0.009348,-80365.06694755534,1048.62014100027,1.335115615240489e-306
0.009352,-80706.5595943302,1047.851991268317,1.780215266359132e-306
0.009356,-81047.92591100564,1047.081171734314,2.143253309094121e-312
0.00936,-81389.1653572949,1046.307683636424,-8.528744106473135e-309
0.009364,-81730.27739307925,1045.531528217305,1.267940533215055e-311
0.009368,-82071.26147835306,1044.752706724119,0
0.009372,-82412.11707331712,1043.971220408525,0
0.009376,-82752.84363829967,1043.187070526683,-6.830235016158394e-309
0.00938,-83093.4406337603,1042.400258339252,2.717361052126856e-322
0.009384,-83433.90752029006,1041.610785111392,2.470328229206233e-323
0.009388,-83774.2437587289,1040.818652112763,0
0.009392,-84114.44880997972,1040.023860617523,-8.534176406631605e-309
0.009396,-84454.52213512658,1039.226411904331,1.267943352140194e-311
0.0094,-84794.46319540549,1038.426307256346,1.267939829230797e-311
0.009404,-85134.27145217807,1037.623547961227,1.267941863706171e-311
0.009408,-85473.94636701595,1036.818135311132,1.266961702088609e-311
0.009412,-85813.4874015816,1036.010070602718,1.267933492060242e-311
0.009416,-86152.89401771408,1035.199355137146,-6.833863620218309e-309
0.00942,-86492.16567744204,1034.385990220071,0
0.009424,-86831.30184283329,1033.569977161651,-8.53960871715162e-309
0.009428,-87170.30197626393,1032.751317276545,1.26794053337365e-311
0.009432,-87509.1655401265,1031.93001188391,1.267940531950247e-311
0.009436,-87847.89216713165,1031.106061522655,1.267940532614271e-311
0.00944,-88186.48152574321,1030.279466571899,1.26793349417089e-311
0.009444,-88524.93276208668,1029.45022982563,1.267933493791448e-311
0.009448,-88863.24534206337,1028.61835260789,1.060997895482636e-314
0.009452,-89201.41873182001,1027.783836246964,0
0.009456,-89539.45239761448,1026.946682075384,-6.839295931062189e-309
0.00946,-89877.34580597043,1026.106891429924,1.267940531855386e-311
0.009464,-90215.0984236151,1025.264465651604,0
0.009468,-90552.70971748437,1024.419406085689,0
0.009472,-90890.1791546914,1023.571714081688,1.267940531887006e-311
0.009476,-91227.50620263547,1022.721390993355,6.95211323174442e-310
0.00948,-91564.69032878749,1021.868438178687,1.060997895482636e-314
0.009484,-91901.73100095696,1021.012856999927,0
0.009488,-92238.62768711644,1020.154648823565,-8.550473338191728e-309
0.009492,-92575.3798553985,1019.293815020329,1.267940533784218e-311
0.009496,-92911.98697418353,1018.430356965199,-6.844728241906009e-309
0.0095,-93248.44851208583,1017.564276037396,0
0.009504,-93584.76393787598,1016.695573620384,1.267933493483151e-311
0.009508,-93920.9327205494,1015.824251101875,1.267909504311486e-311
0.009512,-94256.95432932547,1014.950309873824,1.060997895482636e-314
0.009516,-94592.82823360036,1014.07375133243,0
0.00952,-94928.553903008,1013.194576878138,-8.555905638350515e-309
0.009524,-95264.13080735586,1012.312787915637,1.909796211868745e-313
0.009528,-95599.55841668556,1011.428385853861,4.940656458412465e-323
0.009532,-95934.83620124432,1010.541372105987,1.185757550018992e-322
0.009536,-96269.96363146731,1009.651748089439,-6.852494737758643e-309
0.00954,-96604.94017800584,1008.759515225884,1.602184914027738e-306
0.009544,-96939.76531173178,1007.864674941233,5.73116149175846e-322
0.009548,-97274.43850370595,1006.967228665644,0
0.009552,-97608.95922520169,1006.067177833519,-8.561337948870529e-309
0.009556,-97943.32694769534,1005.164523883501,1.267940533089068e-311
0.00956,-98277.54114286695,1004.259268258483,0
0.009564,-98611.60128263925,1003.351412405599,0
0.009568,-98945.50677277916,1002.440957119159,1.267940533025334e-311
0.009572,-99279.25698043971,1001.527902812523,2.519734793790357e-321
0.009576,-99612.85152381059,1000.612252389449,-6.855592853232442e-309
0.00958,-99946.28987439239,999.6940073017427,0
0.009584,-100279.5715038504,998.7731690052126,-8.566770259390623e-309
0.009588,-100612.6958840381,997.8497389596743,1.267933493606173e-311
0.009592,-100945.6624869565,996.9237186289459,1.267940533784218e-311
0.009596,-101278.4707848427,995.9951094808528,1.267940533056954e-311
0.0096,-101611.1202500691,995.0639129872239,1.267933493744018e-311
0.009604,-101943.6103552213,994.1301306238923,2.519734793790357e-321
0.009608,-102275.9405730548,993.1937638706991,2.470328229206233e-323
0.009612,-102608.1103765237,992.2548142114866,0
0.009616,-102940.1192387337,991.3132831341047,-6.861025164076242e-309
0.00962,-103271.9666330087,990.3691721304065,1.267940533784218e-311
0.009624,-103603.6520328266,989.4224826962509,0
0.009628,-103935.174911864,988.473216331502,0
0.009632,-104266.5347439715,987.5213745400276,1.26793349334086e-311
0.009636,-104597.7310031963,986.5669588297018,2.272701970869734e-322
0.00964,-104928.7631637524,985.6099707124025,2.470328229206233e-323
0.009644,-105259.6307000302,984.6504117040137,0
0.009648,-105590.3330866379,983.6882833244227,-8.577634911514971e-309
0.009652,-105920.8697983266,982.7235870975237,1.697596632772218e-313
0.009656,-106251.2403100705,981.7563245512138,-6.866457506004381e-309
0.00966,-106581.4440969729,980.7864972173962,1.185757550018992e-322
0.009664,-106911.4806343723,979.8141066319791,4.228007017786965e-307
0.009668,-107241.3493977546,978.839154334875,1.7802139096288e-306
0.009672,-107571.0498628149,977.8616418700024,0
0.009676,-107900.5815054112,976.8815707852829,0
0.00968,-108229.9438015916,975.8989426326449,-8.583067222034985e-309
0.009684,-108559.1362275858,974.91375896802,1.26794053340527e-311
0.009688,-108888.1582597984,973.9260213513464,1.267940531981867e-311
0.009692,-109217.0093748354,972.9357313465653,1.267940531792146e-311
0.009696,-109545.6890494724,971.942890521625,-6.873693513270502e-309
0.0097,-109874.1970778765,970.9475004029299,2.470328229206233e-323
0.009704,-110202.5335923258,969.9495624723621,2.470328229206233e-323
0.009708,-110530.6972378764,968.9490784293913,0
0.009712,-110858.6874988223,967.9460498570133,-8.588499532555079e-309
0.009716,-111186.5038597174,966.9404783422118,1.267940532172082e-311
0.00972,-111514.1458054692,965.9323654759546,1.267940532867233e-311
0.009724,-111841.6128212758,964.9217128531961,1.267940532329689e-311
0.009728,-112168.9043926821,963.9085220728787,1.267940533151814e-311
0.009732,-112496.0200055032,962.8927947379273,2.470328229206233e-323
0.009736,-112822.9591459124,961.874532455256,-6.877322127692041e-309
0.00974,-113149.7213003488,960.8537368357623,0
0.009744,-113476.3059556171,959.8304094943319,-8.593931843075094e-309
0.009748,-113802.7125988038,958.8045520498348,1.267933493203016e-311
0.009752,-114128.9407173109,957.7761661251279,0
0.009756,-114454.9897988777,956.7452533470542,0
0.00976,-114780.8593315392,955.7118153464426,1.267933494336896e-311
0.009764,-115106.5488036436,954.6758537581079,1.267933493601727e-311
0.009768,-115432.057703844,953.6373702208502,1.060997895482636e-314
0.009772,-115757.3855211411,952.5963663774573,0
0.009776,-116082.5317448305,951.552843874701,-6.882754428174614e-309
0.00978,-116407.4958645154,950.5068043633406,1.267933494199052e-311
0.009784,-116732.2773701288,949.4582494981213,1.267940533531257e-311
0.009788,-117056.8757518954,948.4071809377737,1.267940533436396e-311
0.009792,-117381.2905003723,947.3536003450141,1.267933493364575e-311
0.009796,-117705.5211064309,946.2975093865458,1.267945647932816e-311
0.0098,-118029.567061254,945.2389097330581,1.060997895482636e-314
0.009804,-118353.4278563474,944.1778030592252,0
0.009808,-118677.1029835016,943.1141910437085,-8.604796453753895e-309
0.009812,-119000.5919348479,942.0480753691538,1.267940532361803e-311
0.009816,-119323.8942028395,940.9794577221959,-6.888186739018434e-309
0.00982,-119647.009280207,939.9083397934519,1.267940532139968e-311
0.009824,-119969.9366600381,938.8347232775277,1.267933492202533e-311
0.009828,-120292.6758357256,937.7586098730146,1.267938011859726e-311
0.009832,-120615.2259353729,936.6800014950248,1.060997895482636e-314
0.009836,-120937.5854678513,935.5989004228848,0
0.00984,-121259.7550913811,934.515307690465,-8.610228764273989e-309
0.009844,-121581.7342915702,933.4292250175454,1.26793349156667e-311
0.009848,-121903.5225541761,932.3406541279938,0
0.009852,-122225.119365118,931.2495967497671,0
0.009856,-122546.5242104023,930.1560546149085,-6.895422746284634e-309
0.00986,-122867.7365762074,929.0600294595513,1.267933491704515e-311
0.009864,-123188.7559488637,927.9615230239173,1.060997895482636e-314
0.009868,-123509.581814808,926.8605370523143,0
0.009872,-123830.2136606315,925.7570732931407,-8.615661074794004e-309
0.009876,-124150.6509730447,924.651133498882,1.26793349381961e-311
0.00988,-124470.8932389365,923.5427194261134,1.267940531855386e-311
0.009884,-124790.9399453002,922.4318328354958,1.267940532930473e-311
0.009888,-125110.7905792788,921.3184754917812,1.267933493056278e-311
0.009892,-125430.4446281485,920.2026491638072,1.267945646770774e-311
0.009896,-125749.9015793444,919.084355624502,-6.899051360705858e-309
0.0099,-126069.1609204208,917.9635966508812,0
0.009904,-126388.2221390549,916.8403740240482,-8.621093374952474e-309
0.009908,-126707.0847230924,915.7146895291957,1.267933491756392e-311
0.009912,-127025.7481605153,914.5865449556034,1.267940533183435e-311
0.009916,-127344.2119394304,913.4559420966407,1.267940532392929e-311
0.00992,-127662.4755480775,912.3228827497634,1.267933491585939e-311
0.009924,-127980.5384748625,911.1873687165177,8.497929108469441e-322
0.009928,-128298.4002082962,910.0494018025371,2.470328229206233e-323
0.009932,-128616.0602370522,908.9089838175424,0
0.009936,-128933.518049935,907.7661165753452,-6.904483661188351e-309
0.00994,-129250.7731358897,906.6208018938427,1.267940533278789e-311
0.009944,-129567.8249839814,905.4730415950223,1.267940534353382e-311
0.009948,-129884.6730834487,904.3228375049581,1.267940533468016e-311
0.009952,-130201.3169236452,903.1701914538141,1.267933493720302e-311
0.009956,-130517.7559940568,902.0151052758412,1.267933494052315e-311
0.00996,-130833.9897843218,900.8575808093791,1.060997895482636e-314
0.009964,-131150.0183943097,899.6976198847382,0
0.009968,-131465.8434850566,898.535224305307,-8.631957995992582e-309
0.009972,-131781.4621353407,897.3703959695882,1.267940533436396e-311
0.009976,-132096.873853224,896.2031367319183,-6.90991597203225e-309
0.00998,-132412.0781472653,895.0334484507175,0
0.009984,-132727.0745264947,893.8613329884849,1.267933493649157e-311
0.009988,-133041.8625004712,892.6867922118034,6.95211323174442e-310
0.009992,-133356.441579183,891.5098279913356,1.060997895482636e-314
0.009996,-133670.8112731602,890.330442201826,0
0.01,-133984.9710933818,889.1486367221013,-8.637390306512597e-309
0.01,-133984.9710933814,889.1486367221013,1.909796211868745e-313
0.01,-133984.9710933813,889.1486367221013,4.940656458412465e-323
