
Processing file 'CodegenFMUCppHpcom.tpl'

Susan parsing successful.

Writing result to file 'CodegenFMUCppHpcom.mo'
### Error Buffer ###
TplParser.parseError msg: SimCodeBackendTV.mo:19.3-19.3 Error:(parser)Parse error - TplParser.recordTags failed.(col 3)
TplParser.parseError msg: SimCodeBackendTV.mo:27.3-27.3 Error:(parser)Parse error - TplParser.recordTags failed.(col 3)
TplParser.parseError msg: SimCodeBackendTV.mo:50.3-50.3 Error:(parser)Parse error - TplParser.recordTags failed.(col 3)
TplParser.parseError msg: SimCodeBackendTV.mo:59.3-59.3 Error:(parser)Parse error - TplParser.recordTags failed.(col 3)
TplParser.parseError msg: SimCodeBackendTV.mo:76.3-76.3 Error:(parser)Parse error - TplParser.recordTags failed.(col 3)
TplParser.parseError msg: SimCodeBackendTV.mo:85.3-85.3 Error:(parser)Parse error - TplParser.recordTags failed.(col 3)
TplParser.parseError msg: SimCodeBackendTV.mo:127.3-127.3 Error:(parser)Parse error - TplParser.recordTags failed.(col 3)
TplParser.parseError msg: SimCodeBackendTV.mo:138.3-138.3 Error:(parser)Parse error - TplParser.recordTags failed.(col 3)
TplParser.parseError msg: SimCodeBackendTV.mo:145.3-145.3 Error:(parser)Parse error - TplParser.recordTags failed.(col 3)
TplParser.parseError msg: SimCodeBackendTV.mo:153.3-153.3 Error:(parser)Parse error - TplParser.recordTags failed.(col 3)
TplParser.parseError msg: SimCodeBackendTV.mo:240.3-240.3 Error:(parser)Parse error - TplParser.recordTags failed.(col 3)
TplParser.parseError msg: SimCodeBackendTV.mo:259.3-259.3 Error:(parser)Parse error - TplParser.recordTags failed.(col 3)
TplParser.parseError msg: SimCodeTV.mo:176.3-176.3 Error:(parser)Parse error - TplParser.recordTags failed.(col 3)
TplParser.parseError msg: SimCodeTV.mo:213.3-213.3 Error:(parser)Parse error - TplParser.recordTags failed.(col 3)
TplParser.parseError msg: SimCodeTV.mo:240.3-240.3 Error:(parser)Parse error - TplParser.recordTags failed.(col 3)
TplParser.parseError msg: SimCodeTV.mo:250.3-250.3 Error:(parser)Parse error - TplParser.recordTags failed.(col 3)
TplParser.parseError msg: SimCodeTV.mo:257.3-257.3 Error:(parser)Parse error - TplParser.recordTags failed.(col 3)
TplParser.parseError msg: SimCodeTV.mo:320.3-320.3 Error:(parser)Parse error - TplParser.recordTags failed.(col 3)
TplParser.parseError msg: SimCodeTV.mo:329.3-329.3 Error:(parser)Parse error - TplParser.recordTags failed.(col 3)
TplParser.parseError msg: SimCodeTV.mo:336.3-336.3 Error:(parser)Parse error - TplParser.recordTags failed.(col 3)
TplParser.parseError msg: SimCodeTV.mo:346.3-346.3 Error:(parser)Parse error - TplParser.recordTags failed.(col 3)
TplParser.parseError msg: SimCodeTV.mo:353.3-353.3 Error:(parser)Parse error - TplParser.recordTags failed.(col 3)
TplParser.parseError msg: SimCodeTV.mo:365.3-365.3 Error:(parser)Parse error - TplParser.recordTags failed.(col 3)
TplParser.parseError msg: SimCodeTV.mo:384.3-384.3 Error:(parser)Parse error - TplParser.recordTags failed.(col 3)
TplParser.parseError msg: SimCodeTV.mo:399.3-399.3 Error:(parser)Parse error - TplParser.recordTags failed.(col 3)
TplParser.parseError msg: SimCodeTV.mo:423.3-423.3 Error:(parser)Parse error - TplParser.recordTags failed.(col 3)
TplParser.parseError msg: SimCodeTV.mo:441.3-441.3 Error:(parser)Parse error - TplParser.recordTags failed.(col 3)
TplParser.parseError msg: SimCodeTV.mo:448.3-448.3 Error:(parser)Parse error - TplParser.recordTags failed.(col 3)
TplParser.parseError msg: SimCodeTV.mo:526.3-526.3 Error:(parser)Parse error - TplParser.recordTags failed.(col 3)
TplParser.parseError msg: SimCodeTV.mo:541.3-541.3 Error:(parser)Parse error - TplParser.recordTags failed.(col 3)
TplParser.parseError msg: SimCodeTV.mo:554.3-554.3 Error:(parser)Parse error - TplParser.recordTags failed.(col 3)
TplParser.parseError msg: SimCodeTV.mo:566.3-566.3 Error:(parser)Parse error - TplParser.recordTags failed.(col 3)
TplParser.parseError msg: SimCodeTV.mo:580.3-580.3 Error:(parser)Parse error - TplParser.recordTags failed.(col 3)
TplParser.parseError msg: SimCodeTV.mo:615.3-615.3 Error:(parser)Parse error - TplParser.recordTags failed.(col 3)
TplParser.parseError msg: SimCodeTV.mo:625.3-625.3 Error:(parser)Parse error - TplParser.recordTags failed.(col 3)
TplParser.parseError msg: SimCodeTV.mo:677.3-677.3 Error:(parser)Parse error - TplParser.recordTags failed.(col 3)
TplParser.parseError msg: SimCodeTV.mo:690.3-690.3 Error:(parser)Parse error - TplParser.recordTags failed.(col 3)
TplParser.parseError msg: SimCodeTV.mo:713.3-713.3 Error:(parser)Parse error - TplParser.recordTags failed.(col 3)
TplParser.parseError msg: SimCodeTV.mo:721.3-721.3 Error:(parser)Parse error - TplParser.recordTags failed.(col 3)
TplParser.parseError msg: SimCodeTV.mo:727.3-727.3 Error:(parser)Parse error - TplParser.recordTags failed.(col 3)
TplParser.parseError msg: SimCodeTV.mo:733.3-733.3 Error:(parser)Parse error - TplParser.recordTags failed.(col 3)
TplParser.parseError msg: SimCodeTV.mo:739.3-739.3 Error:(parser)Parse error - TplParser.recordTags failed.(col 3)
TplParser.parseError msg: SimCodeTV.mo:745.3-745.3 Error:(parser)Parse error - TplParser.recordTags failed.(col 3)
TplParser.parseError msg: SimCodeTV.mo:754.3-754.3 Error:(parser)Parse error - TplParser.recordTags failed.(col 3)
TplParser.parseError msg: SimCodeTV.mo:1094.3-1094.3 Error:(parser)Parse error - TplParser.recordTags failed.(col 3)
TplParser.parseError msg: SimCodeTV.mo:1102.3-1102.3 Error:(parser)Parse error - TplParser.recordTags failed.(col 3)
TplParser.parseError msg: SimCodeTV.mo:1110.3-1110.3 Error:(parser)Parse error - TplParser.recordTags failed.(col 3)
TplParser.parseError msg: SimCodeTV.mo:1124.3-1124.3 Error:(parser)Parse error - TplParser.recordTags failed.(col 3)
TplParser.parseError msg: SimCodeTV.mo:1157.3-1157.3 Error:(parser)Parse error - TplParser.recordTags failed.(col 3)
TplParser.parseError msg: SimCodeTV.mo:1171.3-1171.3 Error:(parser)Parse error - TplParser.recordTags failed.(col 3)
TplParser.parseError msg: SimCodeTV.mo:1341.3-1341.3 Error:(parser)Parse error - TplParser.recordTags failed.(col 3)
TplParser.parseError msg: SimCodeTV.mo:1350.3-1350.3 Error:(parser)Parse error - TplParser.recordTags failed.(col 3)
TplParser.parseError msg: SimCodeTV.mo:1357.3-1357.3 Error:(parser)Parse error - TplParser.recordTags failed.(col 3)
TplParser.parseError msg: SimCodeTV.mo:1380.3-1380.3 Error:(parser)Parse error - TplParser.recordTags failed.(col 3)
TplParser.parseError msg: SimCodeTV.mo:1399.3-1399.3 Error:(parser)Parse error - TplParser.recordTags failed.(col 3)
TplParser.parseError msg: SimCodeTV.mo:1423.3-1423.3 Error:(parser)Parse error - TplParser.recordTags failed.(col 3)
TplParser.parseError msg: SimCodeTV.mo:1595.3-1595.3 Error:(parser)Parse error - TplParser.recordTags failed.(col 3)
TplParser.parseError msg: SimCodeTV.mo:1606.3-1606.3 Error:(parser)Parse error - TplParser.recordTags failed.(col 3)
TplParser.parseError msg: SimCodeTV.mo:1615.3-1615.3 Error:(parser)Parse error - TplParser.recordTags failed.(col 3)
TplParser.parseError msg: SimCodeTV.mo:1629.3-1629.3 Error:(parser)Parse error - TplParser.recordTags failed.(col 3)
TplParser.parseError msg: SimCodeTV.mo:1641.3-1641.3 Error:(parser)Parse error - TplParser.recordTags failed.(col 3)
TplParser.parseError msg: SimCodeTV.mo:1682.3-1682.3 Error:(parser)Parse error - TplParser.recordTags failed.(col 3)
TplParser.parseError msg: SimCodeTV.mo:1707.3-1707.3 Error:(parser)Parse error - TplParser.recordTags failed.(col 3)
TplParser.parseError msg: SimCodeTV.mo:1713.3-1713.3 Error:(parser)Parse error - TplParser.recordTags failed.(col 3)
TplParser.parseError msg: SimCodeTV.mo:1812.3-1812.3 Error:(parser)Parse error - TplParser.recordTags failed.(col 3)
TplParser.parseError msg: SimCodeTV.mo:1901.3-1901.3 Error:(parser)Parse error - TplParser.recordTags failed.(col 3)
TplParser.parseError msg: SimCodeTV.mo:1913.3-1913.3 Error:(parser)Parse error - TplParser.recordTags failed.(col 3)
TplParser.parseError msg: SimCodeTV.mo:1922.3-1922.3 Error:(parser)Parse error - TplParser.recordTags failed.(col 3)
TplParser.parseError msg: SimCodeTV.mo:1938.3-1938.3 Error:(parser)Parse error - TplParser.recordTags failed.(col 3)
TplParser.parseError msg: SimCodeTV.mo:2093.3-2093.3 Error:(parser)Parse error - TplParser.recordTags failed.(col 3)
TplParser.parseError msg: SimCodeTV.mo:2117.3-2117.3 Error:(parser)Parse error - TplParser.recordTags failed.(col 3)
TplParser.parseError msg: SimCodeTV.mo:2131.3-2131.3 Error:(parser)Parse error - TplParser.recordTags failed.(col 3)
TplParser.parseError msg: SimCodeTV.mo:2137.3-2137.3 Error:(parser)Parse error - TplParser.recordTags failed.(col 3)
TplParser.parseError msg: SimCodeTV.mo:2147.3-2147.3 Error:(parser)Parse error - TplParser.recordTags failed.(col 3)
TplParser.parseError msg: SimCodeTV.mo:2157.3-2157.3 Error:(parser)Parse error - TplParser.recordTags failed.(col 3)
TplParser.parseError msg: SimCodeTV.mo:2165.3-2165.3 Error:(parser)Parse error - TplParser.recordTags failed.(col 3)
TplParser.parseError msg: SimCodeTV.mo:2176.3-2176.3 Error:(parser)Parse error - TplParser.recordTags failed.(col 3)
TplParser.parseError msg: SimCodeTV.mo:2232.3-2232.3 Error:(parser)Parse error - TplParser.recordTags failed.(col 3)
TplParser.parseError msg: SimCodeTV.mo:2245.3-2245.3 Error:(parser)Parse error - TplParser.recordTags failed.(col 3)
TplParser.parseError msg: SimCodeTV.mo:2253.3-2253.3 Error:(parser)Parse error - TplParser.recordTags failed.(col 3)
TplParser.parseError msg: SimCodeTV.mo:2260.3-2260.3 Error:(parser)Parse error - TplParser.recordTags failed.(col 3)
TplParser.parseError msg: SimCodeTV.mo:2267.3-2267.3 Error:(parser)Parse error - TplParser.recordTags failed.(col 3)
TplParser.parseError msg: SimCodeTV.mo:2276.1-2276.1 Error:(parser)Parse error - TplParser.recordTags failed.(col 1)
TplParser.parseError msg: SimCodeTV.mo:2336.3-2336.3 Error:(parser)Parse error - TplParser.recordTags failed.(col 3)
TplParser.parseError msg: SimCodeTV.mo:2389.1-2389.1 Error:(parser)Parse error - TplParser.recordTags failed.(col 1)
TplParser.parseError msg: SimCodeTV.mo:2411.1-2411.1 Error:(parser)Parse error - TplParser.recordTags failed.(col 1)
TplParser.parseError msg: SimCodeTV.mo:2420.1-2420.1 Error:(parser)Parse error - TplParser.recordTags failed.(col 1)
TplParser.parseError msg: SimCodeTV.mo:2430.1-2430.1 Error:(parser)Parse error - TplParser.recordTags failed.(col 1)
TplParser.parseError msg: SimCodeTV.mo:2490.1-2490.1 Error:(parser)Parse error - TplParser.recordTags failed.(col 1)
TplParser.parseError msg: SimCodeTV.mo:2503.1-2503.1 Error:(parser)Parse error - TplParser.recordTags failed.(col 1)
TplParser.parseError msg: SimCodeTV.mo:2511.1-2511.1 Error:(parser)Parse error - TplParser.recordTags failed.(col 1)
TplParser.parseError msg: SimCodeTV.mo:2518.1-2518.1 Error:(parser)Parse error - TplParser.recordTags failed.(col 1)
TplParser.parseError msg: SimCodeTV.mo:2597.1-2597.1 Error:(parser)Parse error - TplParser.recordTags failed.(col 1)
TplParser.parseError msg: SimCodeTV.mo:2608.1-2608.1 Error:(parser)Parse error - TplParser.recordTags failed.(col 1)
TplParser.parseError msg: SimCodeTV.mo:2689.1-2689.1 Error:(parser)Parse error - TplParser.recordTags failed.(col 1)
TplParser.parseError msg: SimCodeTV.mo:2695.1-2695.1 Error:(parser)Parse error - TplParser.recordTags failed.(col 1)
TplParser.parseError msg: SimCodeTV.mo:2700.1-2700.1 Error:(parser)Parse error - TplParser.recordTags failed.(col 1)
TplParser.parseError msg: SimCodeTV.mo:2707.1-2707.1 Error:(parser)Parse error - TplParser.recordTags failed.(col 1)
TplParser.parseError msg: SimCodeTV.mo:2712.1-2712.1 Error:(parser)Parse error - TplParser.recordTags failed.(col 1)
TplParser.parseError msg: SimCodeTV.mo:2717.1-2717.1 Error:(parser)Parse error - TplParser.recordTags failed.(col 1)
TplParser.parseError msg: SimCodeTV.mo:2722.1-2722.1 Error:(parser)Parse error - TplParser.recordTags failed.(col 1)
TplParser.parseError msg: SimCodeTV.mo:2727.1-2727.1 Error:(parser)Parse error - TplParser.recordTags failed.(col 1)
TplParser.parseError msg: SimCodeTV.mo:2733.1-2733.1 Error:(parser)Parse error - TplParser.recordTags failed.(col 1)
TplParser.parseError msg: SimCodeTV.mo:2743.1-2743.1 Error:(parser)Parse error - TplParser.recordTags failed.(col 1)
TplParser.parseError msg: SimCodeTV.mo:2795.1-2795.1 Error:(parser)Parse error - TplParser.recordTags failed.(col 1)
TplParser.parseError msg: SimCodeTV.mo:2804.1-2804.1 Error:(parser)Parse error - TplParser.recordTags failed.(col 1)
TplParser.parseError msg: SimCodeTV.mo:2811.1-2811.1 Error:(parser)Parse error - TplParser.recordTags failed.(col 1)
TplParser.parseError msg: SimCodeTV.mo:2818.1-2818.1 Error:(parser)Parse error - TplParser.recordTags failed.(col 1)
TplParser.parseError msg: SimCodeTV.mo:2837.3-2837.3 Error:(parser)Parse error - TplParser.recordTags failed.(col 3)
TplParser.parseError msg: SimCodeTV.mo:3282.23-3282.23 Error:(parser)Parse error - TplParser.recordTags failed.(col 23)
TplParser.parseError msg: SimCodeTV.mo:3283.24-3283.24 Error:(parser)Parse error - TplParser.recordTags failed.(col 24)
TplParser.parseError msg: SimCodeTV.mo:3504.3-3504.3 Error:(parser)Parse error - TplParser.recordTags failed.(col 3)
TplParser.parseError msg: SimCodeTV.mo:176.3-176.3 Error:(parser)Parse error - TplParser.recordTags failed.(col 3)
TplParser.parseError msg: SimCodeTV.mo:213.3-213.3 Error:(parser)Parse error - TplParser.recordTags failed.(col 3)
TplParser.parseError msg: SimCodeTV.mo:240.3-240.3 Error:(parser)Parse error - TplParser.recordTags failed.(col 3)
TplParser.parseError msg: SimCodeTV.mo:250.3-250.3 Error:(parser)Parse error - TplParser.recordTags failed.(col 3)
TplParser.parseError msg: SimCodeTV.mo:257.3-257.3 Error:(parser)Parse error - TplParser.recordTags failed.(col 3)
TplParser.parseError msg: SimCodeTV.mo:320.3-320.3 Error:(parser)Parse error - TplParser.recordTags failed.(col 3)
TplParser.parseError msg: SimCodeTV.mo:329.3-329.3 Error:(parser)Parse error - TplParser.recordTags failed.(col 3)
TplParser.parseError msg: SimCodeTV.mo:336.3-336.3 Error:(parser)Parse error - TplParser.recordTags failed.(col 3)
TplParser.parseError msg: SimCodeTV.mo:346.3-346.3 Error:(parser)Parse error - TplParser.recordTags failed.(col 3)
TplParser.parseError msg: SimCodeTV.mo:353.3-353.3 Error:(parser)Parse error - TplParser.recordTags failed.(col 3)
TplParser.parseError msg: SimCodeTV.mo:365.3-365.3 Error:(parser)Parse error - TplParser.recordTags failed.(col 3)
TplParser.parseError msg: SimCodeTV.mo:384.3-384.3 Error:(parser)Parse error - TplParser.recordTags failed.(col 3)
TplParser.parseError msg: SimCodeTV.mo:399.3-399.3 Error:(parser)Parse error - TplParser.recordTags failed.(col 3)
TplParser.parseError msg: SimCodeTV.mo:423.3-423.3 Error:(parser)Parse error - TplParser.recordTags failed.(col 3)
TplParser.parseError msg: SimCodeTV.mo:441.3-441.3 Error:(parser)Parse error - TplParser.recordTags failed.(col 3)
TplParser.parseError msg: SimCodeTV.mo:448.3-448.3 Error:(parser)Parse error - TplParser.recordTags failed.(col 3)
TplParser.parseError msg: SimCodeTV.mo:526.3-526.3 Error:(parser)Parse error - TplParser.recordTags failed.(col 3)
TplParser.parseError msg: SimCodeTV.mo:541.3-541.3 Error:(parser)Parse error - TplParser.recordTags failed.(col 3)
TplParser.parseError msg: SimCodeTV.mo:554.3-554.3 Error:(parser)Parse error - TplParser.recordTags failed.(col 3)
TplParser.parseError msg: SimCodeTV.mo:566.3-566.3 Error:(parser)Parse error - TplParser.recordTags failed.(col 3)
TplParser.parseError msg: SimCodeTV.mo:580.3-580.3 Error:(parser)Parse error - TplParser.recordTags failed.(col 3)
TplParser.parseError msg: SimCodeTV.mo:615.3-615.3 Error:(parser)Parse error - TplParser.recordTags failed.(col 3)
TplParser.parseError msg: SimCodeTV.mo:625.3-625.3 Error:(parser)Parse error - TplParser.recordTags failed.(col 3)
TplParser.parseError msg: SimCodeTV.mo:677.3-677.3 Error:(parser)Parse error - TplParser.recordTags failed.(col 3)
TplParser.parseError msg: SimCodeTV.mo:690.3-690.3 Error:(parser)Parse error - TplParser.recordTags failed.(col 3)
TplParser.parseError msg: SimCodeTV.mo:713.3-713.3 Error:(parser)Parse error - TplParser.recordTags failed.(col 3)
TplParser.parseError msg: SimCodeTV.mo:721.3-721.3 Error:(parser)Parse error - TplParser.recordTags failed.(col 3)
TplParser.parseError msg: SimCodeTV.mo:727.3-727.3 Error:(parser)Parse error - TplParser.recordTags failed.(col 3)
TplParser.parseError msg: SimCodeTV.mo:733.3-733.3 Error:(parser)Parse error - TplParser.recordTags failed.(col 3)
TplParser.parseError msg: SimCodeTV.mo:739.3-739.3 Error:(parser)Parse error - TplParser.recordTags failed.(col 3)
TplParser.parseError msg: SimCodeTV.mo:745.3-745.3 Error:(parser)Parse error - TplParser.recordTags failed.(col 3)
TplParser.parseError msg: SimCodeTV.mo:754.3-754.3 Error:(parser)Parse error - TplParser.recordTags failed.(col 3)
TplParser.parseError msg: SimCodeTV.mo:1094.3-1094.3 Error:(parser)Parse error - TplParser.recordTags failed.(col 3)
TplParser.parseError msg: SimCodeTV.mo:1102.3-1102.3 Error:(parser)Parse error - TplParser.recordTags failed.(col 3)
TplParser.parseError msg: SimCodeTV.mo:1110.3-1110.3 Error:(parser)Parse error - TplParser.recordTags failed.(col 3)
TplParser.parseError msg: SimCodeTV.mo:1124.3-1124.3 Error:(parser)Parse error - TplParser.recordTags failed.(col 3)
TplParser.parseError msg: SimCodeTV.mo:1157.3-1157.3 Error:(parser)Parse error - TplParser.recordTags failed.(col 3)
TplParser.parseError msg: SimCodeTV.mo:1171.3-1171.3 Error:(parser)Parse error - TplParser.recordTags failed.(col 3)
TplParser.parseError msg: SimCodeTV.mo:1341.3-1341.3 Error:(parser)Parse error - TplParser.recordTags failed.(col 3)
TplParser.parseError msg: SimCodeTV.mo:1350.3-1350.3 Error:(parser)Parse error - TplParser.recordTags failed.(col 3)
TplParser.parseError msg: SimCodeTV.mo:1357.3-1357.3 Error:(parser)Parse error - TplParser.recordTags failed.(col 3)
TplParser.parseError msg: SimCodeTV.mo:1380.3-1380.3 Error:(parser)Parse error - TplParser.recordTags failed.(col 3)
TplParser.parseError msg: SimCodeTV.mo:1399.3-1399.3 Error:(parser)Parse error - TplParser.recordTags failed.(col 3)
TplParser.parseError msg: SimCodeTV.mo:1423.3-1423.3 Error:(parser)Parse error - TplParser.recordTags failed.(col 3)
TplParser.parseError msg: SimCodeTV.mo:1595.3-1595.3 Error:(parser)Parse error - TplParser.recordTags failed.(col 3)
TplParser.parseError msg: SimCodeTV.mo:1606.3-1606.3 Error:(parser)Parse error - TplParser.recordTags failed.(col 3)
TplParser.parseError msg: SimCodeTV.mo:1615.3-1615.3 Error:(parser)Parse error - TplParser.recordTags failed.(col 3)
TplParser.parseError msg: SimCodeTV.mo:1629.3-1629.3 Error:(parser)Parse error - TplParser.recordTags failed.(col 3)
TplParser.parseError msg: SimCodeTV.mo:1641.3-1641.3 Error:(parser)Parse error - TplParser.recordTags failed.(col 3)
TplParser.parseError msg: SimCodeTV.mo:1682.3-1682.3 Error:(parser)Parse error - TplParser.recordTags failed.(col 3)
TplParser.parseError msg: SimCodeTV.mo:1707.3-1707.3 Error:(parser)Parse error - TplParser.recordTags failed.(col 3)
TplParser.parseError msg: SimCodeTV.mo:1713.3-1713.3 Error:(parser)Parse error - TplParser.recordTags failed.(col 3)
TplParser.parseError msg: SimCodeTV.mo:1812.3-1812.3 Error:(parser)Parse error - TplParser.recordTags failed.(col 3)
TplParser.parseError msg: SimCodeTV.mo:1901.3-1901.3 Error:(parser)Parse error - TplParser.recordTags failed.(col 3)
TplParser.parseError msg: SimCodeTV.mo:1913.3-1913.3 Error:(parser)Parse error - TplParser.recordTags failed.(col 3)
TplParser.parseError msg: SimCodeTV.mo:1922.3-1922.3 Error:(parser)Parse error - TplParser.recordTags failed.(col 3)
TplParser.parseError msg: SimCodeTV.mo:1938.3-1938.3 Error:(parser)Parse error - TplParser.recordTags failed.(col 3)
TplParser.parseError msg: SimCodeTV.mo:2093.3-2093.3 Error:(parser)Parse error - TplParser.recordTags failed.(col 3)
TplParser.parseError msg: SimCodeTV.mo:2117.3-2117.3 Error:(parser)Parse error - TplParser.recordTags failed.(col 3)
TplParser.parseError msg: SimCodeTV.mo:2131.3-2131.3 Error:(parser)Parse error - TplParser.recordTags failed.(col 3)
TplParser.parseError msg: SimCodeTV.mo:2137.3-2137.3 Error:(parser)Parse error - TplParser.recordTags failed.(col 3)
TplParser.parseError msg: SimCodeTV.mo:2147.3-2147.3 Error:(parser)Parse error - TplParser.recordTags failed.(col 3)
TplParser.parseError msg: SimCodeTV.mo:2157.3-2157.3 Error:(parser)Parse error - TplParser.recordTags failed.(col 3)
TplParser.parseError msg: SimCodeTV.mo:2165.3-2165.3 Error:(parser)Parse error - TplParser.recordTags failed.(col 3)
TplParser.parseError msg: SimCodeTV.mo:2176.3-2176.3 Error:(parser)Parse error - TplParser.recordTags failed.(col 3)
TplParser.parseError msg: SimCodeTV.mo:2232.3-2232.3 Error:(parser)Parse error - TplParser.recordTags failed.(col 3)
TplParser.parseError msg: SimCodeTV.mo:2245.3-2245.3 Error:(parser)Parse error - TplParser.recordTags failed.(col 3)
TplParser.parseError msg: SimCodeTV.mo:2253.3-2253.3 Error:(parser)Parse error - TplParser.recordTags failed.(col 3)
TplParser.parseError msg: SimCodeTV.mo:2260.3-2260.3 Error:(parser)Parse error - TplParser.recordTags failed.(col 3)
TplParser.parseError msg: SimCodeTV.mo:2267.3-2267.3 Error:(parser)Parse error - TplParser.recordTags failed.(col 3)
TplParser.parseError msg: SimCodeTV.mo:2276.1-2276.1 Error:(parser)Parse error - TplParser.recordTags failed.(col 1)
TplParser.parseError msg: SimCodeTV.mo:2336.3-2336.3 Error:(parser)Parse error - TplParser.recordTags failed.(col 3)
TplParser.parseError msg: SimCodeTV.mo:2389.1-2389.1 Error:(parser)Parse error - TplParser.recordTags failed.(col 1)
TplParser.parseError msg: SimCodeTV.mo:2411.1-2411.1 Error:(parser)Parse error - TplParser.recordTags failed.(col 1)
TplParser.parseError msg: SimCodeTV.mo:2420.1-2420.1 Error:(parser)Parse error - TplParser.recordTags failed.(col 1)
TplParser.parseError msg: SimCodeTV.mo:2430.1-2430.1 Error:(parser)Parse error - TplParser.recordTags failed.(col 1)
TplParser.parseError msg: SimCodeTV.mo:2490.1-2490.1 Error:(parser)Parse error - TplParser.recordTags failed.(col 1)
TplParser.parseError msg: SimCodeTV.mo:2503.1-2503.1 Error:(parser)Parse error - TplParser.recordTags failed.(col 1)
TplParser.parseError msg: SimCodeTV.mo:2511.1-2511.1 Error:(parser)Parse error - TplParser.recordTags failed.(col 1)
TplParser.parseError msg: SimCodeTV.mo:2518.1-2518.1 Error:(parser)Parse error - TplParser.recordTags failed.(col 1)
TplParser.parseError msg: SimCodeTV.mo:2597.1-2597.1 Error:(parser)Parse error - TplParser.recordTags failed.(col 1)
TplParser.parseError msg: SimCodeTV.mo:2608.1-2608.1 Error:(parser)Parse error - TplParser.recordTags failed.(col 1)
TplParser.parseError msg: SimCodeTV.mo:2689.1-2689.1 Error:(parser)Parse error - TplParser.recordTags failed.(col 1)
TplParser.parseError msg: SimCodeTV.mo:2695.1-2695.1 Error:(parser)Parse error - TplParser.recordTags failed.(col 1)
TplParser.parseError msg: SimCodeTV.mo:2700.1-2700.1 Error:(parser)Parse error - TplParser.recordTags failed.(col 1)
TplParser.parseError msg: SimCodeTV.mo:2707.1-2707.1 Error:(parser)Parse error - TplParser.recordTags failed.(col 1)
TplParser.parseError msg: SimCodeTV.mo:2712.1-2712.1 Error:(parser)Parse error - TplParser.recordTags failed.(col 1)
TplParser.parseError msg: SimCodeTV.mo:2717.1-2717.1 Error:(parser)Parse error - TplParser.recordTags failed.(col 1)
TplParser.parseError msg: SimCodeTV.mo:2722.1-2722.1 Error:(parser)Parse error - TplParser.recordTags failed.(col 1)
TplParser.parseError msg: SimCodeTV.mo:2727.1-2727.1 Error:(parser)Parse error - TplParser.recordTags failed.(col 1)
TplParser.parseError msg: SimCodeTV.mo:2733.1-2733.1 Error:(parser)Parse error - TplParser.recordTags failed.(col 1)
TplParser.parseError msg: SimCodeTV.mo:2743.1-2743.1 Error:(parser)Parse error - TplParser.recordTags failed.(col 1)
TplParser.parseError msg: SimCodeTV.mo:2795.1-2795.1 Error:(parser)Parse error - TplParser.recordTags failed.(col 1)
TplParser.parseError msg: SimCodeTV.mo:2804.1-2804.1 Error:(parser)Parse error - TplParser.recordTags failed.(col 1)
TplParser.parseError msg: SimCodeTV.mo:2811.1-2811.1 Error:(parser)Parse error - TplParser.recordTags failed.(col 1)
TplParser.parseError msg: SimCodeTV.mo:2818.1-2818.1 Error:(parser)Parse error - TplParser.recordTags failed.(col 1)
TplParser.parseError msg: SimCodeTV.mo:2837.3-2837.3 Error:(parser)Parse error - TplParser.recordTags failed.(col 3)
TplParser.parseError msg: SimCodeTV.mo:3282.23-3282.23 Error:(parser)Parse error - TplParser.recordTags failed.(col 23)
TplParser.parseError msg: SimCodeTV.mo:3283.24-3283.24 Error:(parser)Parse error - TplParser.recordTags failed.(col 24)
TplParser.parseError msg: SimCodeTV.mo:3504.3-3504.3 Error:(parser)Parse error - TplParser.recordTags failed.(col 3)
TplParser.parseError msg: SimCodeBackendTV.mo:19.3-19.3 Error:(parser)Parse error - TplParser.recordTags failed.(col 3)
TplParser.parseError msg: SimCodeBackendTV.mo:27.3-27.3 Error:(parser)Parse error - TplParser.recordTags failed.(col 3)
TplParser.parseError msg: SimCodeBackendTV.mo:50.3-50.3 Error:(parser)Parse error - TplParser.recordTags failed.(col 3)
TplParser.parseError msg: SimCodeBackendTV.mo:59.3-59.3 Error:(parser)Parse error - TplParser.recordTags failed.(col 3)
TplParser.parseError msg: SimCodeBackendTV.mo:76.3-76.3 Error:(parser)Parse error - TplParser.recordTags failed.(col 3)
TplParser.parseError msg: SimCodeBackendTV.mo:85.3-85.3 Error:(parser)Parse error - TplParser.recordTags failed.(col 3)
TplParser.parseError msg: SimCodeBackendTV.mo:127.3-127.3 Error:(parser)Parse error - TplParser.recordTags failed.(col 3)
TplParser.parseError msg: SimCodeBackendTV.mo:138.3-138.3 Error:(parser)Parse error - TplParser.recordTags failed.(col 3)
TplParser.parseError msg: SimCodeBackendTV.mo:145.3-145.3 Error:(parser)Parse error - TplParser.recordTags failed.(col 3)
TplParser.parseError msg: SimCodeBackendTV.mo:153.3-153.3 Error:(parser)Parse error - TplParser.recordTags failed.(col 3)
TplParser.parseError msg: SimCodeBackendTV.mo:240.3-240.3 Error:(parser)Parse error - TplParser.recordTags failed.(col 3)
TplParser.parseError msg: SimCodeBackendTV.mo:259.3-259.3 Error:(parser)Parse error - TplParser.recordTags failed.(col 3)
TplParser.parseError msg: ExpressionDumpTV.mo:13.3-13.3 Error:(parser)Parse error - TplParser.recordTags failed.(col 3)
TplParser.parseError msg: ExpressionDumpTV.mo:28.3-28.3 Error:(parser)Parse error - TplParser.recordTags failed.(col 3)
TplParser.parseError msg: ExpressionDumpTV.mo:35.3-35.3 Error:(parser)Parse error - TplParser.recordTags failed.(col 3)
TplParser.parseError msg: ExpressionDumpTV.mo:146.3-146.3 Error:(parser)Parse error - TplParser.recordTags failed.(col 3)
TplParser.parseError msg: ExpressionDumpTV.mo:179.3-179.3 Error:(parser)Parse error - TplParser.recordTags failed.(col 3)
TplParser.parseError msg: ExpressionDumpTV.mo:181.19-181.19 Error:(parser)Parse error - TplParser.recordTags failed.(col 19)
TplParser.parseError msg: ExpressionDumpTV.mo:202.3-202.3 Error:(parser)Parse error - TplParser.recordTags failed.(col 3)
TplParser.parseError msg: ExpressionDumpTV.mo:226.3-226.3 Error:(parser)Parse error - TplParser.recordTags failed.(col 3)
TplParser.parseError msg: ExpressionDumpTV.mo:438.3-438.3 Error:(parser)Parse error - TplParser.recordTags failed.(col 3)
TplParser.parseError msg: ExpressionDumpTV.mo:449.3-449.3 Error:(parser)Parse error - TplParser.recordTags failed.(col 3)
TplParser.parseError msg: ExpressionDumpTV.mo:457.3-457.3 Error:(parser)Parse error - TplParser.recordTags failed.(col 3)
TplParser.parseError msg: ExpressionDumpTV.mo:464.3-464.3 Error:(parser)Parse error - TplParser.recordTags failed.(col 3)
TplParser.parseError msg: ExpressionDumpTV.mo:594.3-594.3 Error:(parser)Parse error - TplParser.recordTags failed.(col 3)
TplParser.parseError msg: ExpressionDumpTV.mo:644.3-644.3 Error:(parser)Parse error - TplParser.recordTags failed.(col 3)
TplParser.parseError msg: ExpressionDumpTV.mo:651.3-651.3 Error:(parser)Parse error - TplParser.recordTags failed.(col 3)
TplParser.parseError msg: ExpressionDumpTV.mo:660.3-660.3 Error:(parser)Parse error - TplParser.recordTags failed.(col 3)
TplParser.parseError msg: ExpressionDumpTV.mo:671.3-671.3 Error:(parser)Parse error - TplParser.recordTags failed.(col 3)
TplParser.parseError msg: ExpressionDumpTV.mo:673.23-673.23 Error:(parser)Parse error - TplParser.recordTags failed.(col 23)
TplParser.parseError msg: ExpressionDumpTV.mo:689.3-689.3 Error:(parser)Parse error - TplParser.recordTags failed.(col 3)
TplParser.parseError msg: ExpressionDumpTV.mo:801.3-801.3 Error:(parser)Parse error - TplParser.recordTags failed.(col 3)
TplParser.parseError msg: ExpressionDumpTV.mo:809.3-809.3 Error:(parser)Parse error - TplParser.recordTags failed.(col 3)
TplParser.parseError msg: ExpressionDumpTV.mo:850.24-850.24 Error:(parser)Parse error - TplParser.recordTags failed.(col 24)
TplParser.parseError msg: AbsynDumpTV.mo:36.3-36.3 Error:(parser)Parse error - TplParser.recordTags failed.(col 3)
TplParser.parseError msg: AbsynDumpTV.mo:47.3-47.3 Error:(parser)Parse error - TplParser.recordTags failed.(col 3)
TplParser.parseError msg: AbsynDumpTV.mo:55.3-55.3 Error:(parser)Parse error - TplParser.recordTags failed.(col 3)
TplParser.parseError msg: AbsynDumpTV.mo:67.3-67.3 Error:(parser)Parse error - TplParser.recordTags failed.(col 3)
TplParser.parseError msg: AbsynDumpTV.mo:108.3-108.3 Error:(parser)Parse error - TplParser.recordTags failed.(col 3)
TplParser.parseError msg: AbsynDumpTV.mo:121.3-121.3 Error:(parser)Parse error - TplParser.recordTags failed.(col 3)
TplParser.parseError msg: AbsynDumpTV.mo:129.3-129.3 Error:(parser)Parse error - TplParser.recordTags failed.(col 3)
TplParser.parseError msg: AbsynDumpTV.mo:136.3-136.3 Error:(parser)Parse error - TplParser.recordTags failed.(col 3)
TplParser.parseError msg: AbsynDumpTV.mo:171.3-171.3 Error:(parser)Parse error - TplParser.recordTags failed.(col 3)
TplParser.parseError msg: AbsynDumpTV.mo:181.3-181.3 Error:(parser)Parse error - TplParser.recordTags failed.(col 3)
TplParser.parseError msg: AbsynDumpTV.mo:203.3-203.3 Error:(parser)Parse error - TplParser.recordTags failed.(col 3)
TplParser.parseError msg: AbsynDumpTV.mo:210.3-210.3 Error:(parser)Parse error - TplParser.recordTags failed.(col 3)
TplParser.parseError msg: AbsynDumpTV.mo:235.3-235.3 Error:(parser)Parse error - TplParser.recordTags failed.(col 3)
TplParser.parseError msg: AbsynDumpTV.mo:242.3-242.3 Error:(parser)Parse error - TplParser.recordTags failed.(col 3)
TplParser.parseError msg: AbsynDumpTV.mo:262.3-262.3 Error:(parser)Parse error - TplParser.recordTags failed.(col 3)
TplParser.parseError msg: AbsynDumpTV.mo:273.3-273.3 Error:(parser)Parse error - TplParser.recordTags failed.(col 3)
TplParser.parseError msg: AbsynDumpTV.mo:281.3-281.3 Error:(parser)Parse error - TplParser.recordTags failed.(col 3)
TplParser.parseError msg: AbsynDumpTV.mo:291.3-291.3 Error:(parser)Parse error - TplParser.recordTags failed.(col 3)
TplParser.parseError msg: AbsynDumpTV.mo:302.3-302.3 Error:(parser)Parse error - TplParser.recordTags failed.(col 3)
TplParser.parseError msg: AbsynDumpTV.mo:313.3-313.3 Error:(parser)Parse error - TplParser.recordTags failed.(col 3)
TplParser.parseError msg: AbsynDumpTV.mo:358.3-358.3 Error:(parser)Parse error - TplParser.recordTags failed.(col 3)
TplParser.parseError msg: AbsynDumpTV.mo:412.3-412.3 Error:(parser)Parse error - TplParser.recordTags failed.(col 3)
TplParser.parseError msg: AbsynDumpTV.mo:419.3-419.3 Error:(parser)Parse error - TplParser.recordTags failed.(col 3)
TplParser.parseError msg: AbsynDumpTV.mo:427.3-427.3 Error:(parser)Parse error - TplParser.recordTags failed.(col 3)
TplParser.parseError msg: AbsynDumpTV.mo:445.3-445.3 Error:(parser)Parse error - TplParser.recordTags failed.(col 3)
TplParser.parseError msg: AbsynDumpTV.mo:451.3-451.3 Error:(parser)Parse error - TplParser.recordTags failed.(col 3)
TplParser.parseError msg: AbsynDumpTV.mo:456.3-456.3 Error:(parser)Parse error - TplParser.recordTags failed.(col 3)
TplParser.parseError msg: AbsynDumpTV.mo:468.3-468.3 Error:(parser)Parse error - TplParser.recordTags failed.(col 3)
TplParser.parseError msg: AbsynDumpTV.mo:473.3-473.3 Error:(parser)Parse error - TplParser.recordTags failed.(col 3)
TplParser.parseError msg: AbsynDumpTV.mo:479.3-479.3 Error:(parser)Parse error - TplParser.recordTags failed.(col 3)
TplParser.parseError msg: AbsynDumpTV.mo:485.3-485.3 Error:(parser)Parse error - TplParser.recordTags failed.(col 3)
TplParser.parseError msg: AbsynDumpTV.mo:492.3-492.3 Error:(parser)Parse error - TplParser.recordTags failed.(col 3)
TplParser.parseError msg: AbsynDumpTV.mo:499.3-499.3 Error:(parser)Parse error - TplParser.recordTags failed.(col 3)
TplParser.parseError msg: AbsynDumpTV.mo:507.3-507.3 Error:(parser)Parse error - TplParser.recordTags failed.(col 3)
TplParser.parseError msg: AbsynDumpTV.mo:629.3-629.3 Error:(parser)Parse error - TplParser.recordTags failed.(col 3)
TplParser.parseError msg: AbsynDumpTV.mo:652.3-652.3 Error:(parser)Parse error - TplParser.recordTags failed.(col 3)
TplParser.parseError msg: AbsynDumpTV.mo:657.3-657.3 Error:(parser)Parse error - TplParser.recordTags failed.(col 3)
TplParser.parseError msg: AbsynDumpTV.mo:694.3-694.3 Error:(parser)Parse error - TplParser.recordTags failed.(col 3)
TplParser.parseError msg: AbsynDumpTV.mo:707.3-707.3 Error:(parser)Parse error - TplParser.recordTags failed.(col 3)
TplParser.parseError msg: AbsynDumpTV.mo:714.3-714.3 Error:(parser)Parse error - TplParser.recordTags failed.(col 3)
TplParser.parseError msg: AbsynDumpTV.mo:721.3-721.3 Error:(parser)Parse error - TplParser.recordTags failed.(col 3)
TplParser.parseError msg: AbsynDumpTV.mo:747.3-747.3 Error:(parser)Parse error - TplParser.recordTags failed.(col 3)
TplParser.parseError msg: AbsynDumpTV.mo:755.3-755.3 Error:(parser)Parse error - TplParser.recordTags failed.(col 3)
TplParser.parseError msg: AbsynDumpTV.mo:776.3-776.3 Error:(parser)Parse error - TplParser.recordTags failed.(col 3)
TplParser.parseError msg: AbsynDumpTV.mo:791.3-791.3 Error:(parser)Parse error - TplParser.recordTags failed.(col 3)
TplParser.parseError msg: AbsynDumpTV.mo:822.3-822.3 Error:(parser)Parse error - TplParser.recordTags failed.(col 3)
TplParser.parseError msg: AbsynDumpTV.mo:828.3-828.3 Error:(parser)Parse error - TplParser.recordTags failed.(col 3)
TplParser.parseError msg: AbsynDumpTV.mo:838.3-838.3 Error:(parser)Parse error - TplParser.recordTags failed.(col 3)
TplParser.parseError msg: AbsynDumpTV.mo:844.3-844.3 Error:(parser)Parse error - TplParser.recordTags failed.(col 3)
TplParser.parseError msg: AbsynDumpTV.mo:851.3-851.3 Error:(parser)Parse error - TplParser.recordTags failed.(col 3)
TplParser.parseError msg: AbsynDumpTV.mo:861.3-861.3 Error:(parser)Parse error - TplParser.recordTags failed.(col 3)
TplParser.parseError msg: AbsynDumpTV.mo:888.3-888.3 Error:(parser)Parse error - TplParser.recordTags failed.(col 3)
TplParser.parseError msg: AbsynDumpTV.mo:919.24-919.24 Error:(parser)Parse error - TplParser.recordTags failed.(col 24)
TplParser.parseError msg: DAEDumpTV.mo:124.3-124.3 Error:(parser)Parse error - TplParser.recordTags failed.(col 3)
TplParser.parseError msg: DAEDumpTV.mo:155.5-155.5 Error:(parser)Parse error - TplParser.recordTags failed.(col 5)
TplParser.parseError msg: DAEDumpTV.mo:164.3-164.3 Error:(parser)Parse error - TplParser.recordTags failed.(col 3)
TplParser.parseError msg: DAEDumpTV.mo:171.3-171.3 Error:(parser)Parse error - TplParser.recordTags failed.(col 3)
TplParser.parseError msg: DAEDumpTV.mo:178.3-178.3 Error:(parser)Parse error - TplParser.recordTags failed.(col 3)
TplParser.parseError msg: DAEDumpTV.mo:184.3-184.3 Error:(parser)Parse error - TplParser.recordTags failed.(col 3)
TplParser.parseError msg: DAEDumpTV.mo:197.1-197.1 Error:(parser)Parse error - TplParser.recordTags failed.(col 1)
TplParser.parseError msg: DAEDumpTV.mo:211.1-211.1 Error:(parser)Parse error - TplParser.recordTags failed.(col 1)
TplParser.parseError msg: DAEDumpTV.mo:217.1-217.1 Error:(parser)Parse error - TplParser.recordTags failed.(col 1)
TplParser.parseError msg: DAEDumpTV.mo:235.3-235.3 Error:(parser)Parse error - TplParser.recordTags failed.(col 3)
TplParser.parseError msg: DAEDumpTV.mo:252.3-252.3 Error:(parser)Parse error - TplParser.recordTags failed.(col 3)
TplParser.parseError msg: DAEDumpTV.mo:260.3-260.3 Error:(parser)Parse error - TplParser.recordTags failed.(col 3)
TplParser.parseError msg: DAEDumpTV.mo:272.3-272.3 Error:(parser)Parse error - TplParser.recordTags failed.(col 3)
TplParser.parseError msg: DAEDumpTV.mo:421.3-421.3 Error:(parser)Parse error - TplParser.recordTags failed.(col 3)
TplParser.parseError msg: DAEDumpTV.mo:429.3-429.3 Error:(parser)Parse error - TplParser.recordTags failed.(col 3)
TplParser.parseError msg: DAEDumpTV.mo:518.3-518.3 Error:(parser)Parse error - TplParser.recordTags failed.(col 3)
TplParser.parseError msg: DAEDumpTV.mo:534.3-534.3 Error:(parser)Parse error - TplParser.recordTags failed.(col 3)
TplParser.parseError msg: DAEDumpTV.mo:668.3-668.3 Error:(parser)Parse error - TplParser.recordTags failed.(col 3)
TplParser.parseError msg: DAEDumpTV.mo:678.3-678.3 Error:(parser)Parse error - TplParser.recordTags failed.(col 3)
TplParser.parseError msg: DAEDumpTV.mo:700.3-700.3 Error:(parser)Parse error - TplParser.recordTags failed.(col 3)
TplParser.parseError msg: DAEDumpTV.mo:710.3-710.3 Error:(parser)Parse error - TplParser.recordTags failed.(col 3)
TplParser.parseError msg: DAEDumpTV.mo:722.3-722.3 Error:(parser)Parse error - TplParser.recordTags failed.(col 3)
TplParser.parseError msg: DAEDumpTV.mo:743.3-743.3 Error:(parser)Parse error - TplParser.recordTags failed.(col 3)
TplParser.parseError msg: DAEDumpTV.mo:762.3-762.3 Error:(parser)Parse error - TplParser.recordTags failed.(col 3)
TplParser.parseError msg: DAEDumpTV.mo:769.3-769.3 Error:(parser)Parse error - TplParser.recordTags failed.(col 3)
TplParser.parseError msg: DAEDumpTV.mo:775.3-775.3 Error:(parser)Parse error - TplParser.recordTags failed.(col 3)
TplParser.parseError msg: DAEDumpTV.mo:781.3-781.3 Error:(parser)Parse error - TplParser.recordTags failed.(col 3)
TplParser.parseError msg: DAEDumpTV.mo:789.3-789.3 Error:(parser)Parse error - TplParser.recordTags failed.(col 3)
TplParser.parseError msg: DAEDumpTV.mo:795.3-795.3 Error:(parser)Parse error - TplParser.recordTags failed.(col 3)
TplParser.parseError msg: DAEDumpTV.mo:803.3-803.3 Error:(parser)Parse error - TplParser.recordTags failed.(col 3)
TplParser.parseError msg: DAEDumpTV.mo:869.3-869.3 Error:(parser)Parse error - TplParser.recordTags failed.(col 3)
TplParser.parseError msg: DAEDumpTV.mo:874.3-874.3 Error:(parser)Parse error - TplParser.recordTags failed.(col 3)
TplParser.parseError msg: DAEDumpTV.mo:893.3-893.3 Error:(parser)Parse error - TplParser.recordTags failed.(col 3)
TplParser.parseError msg: DAEDumpTV.mo:914.3-914.3 Error:(parser)Parse error - TplParser.recordTags failed.(col 3)
TplParser.parseError msg: DAEDumpTV.mo:921.3-921.3 Error:(parser)Parse error - TplParser.recordTags failed.(col 3)
TplParser.parseError msg: DAEDumpTV.mo:1079.3-1079.3 Error:(parser)Parse error - TplParser.recordTags failed.(col 3)
TplParser.parseError msg: DAEDumpTV.mo:1093.3-1093.3 Error:(parser)Parse error - TplParser.recordTags failed.(col 3)
TplParser.parseError msg: DAEDumpTV.mo:1110.3-1110.3 Error:(parser)Parse error - TplParser.recordTags failed.(col 3)
TplParser.parseError msg: DAEDumpTV.mo:1117.3-1117.3 Error:(parser)Parse error - TplParser.recordTags failed.(col 3)
TplParser.parseError msg: DAEDumpTV.mo:1138.3-1138.3 Error:(parser)Parse error - TplParser.recordTags failed.(col 3)
TplParser.parseError msg: DAEDumpTV.mo:1148.3-1148.3 Error:(parser)Parse error - TplParser.recordTags failed.(col 3)
TplParser.parseError msg: DAEDumpTV.mo:1155.3-1155.3 Error:(parser)Parse error - TplParser.recordTags failed.(col 3)
TplParser.parseError msg: DAEDumpTV.mo:1382.3-1382.3 Error:(parser)Parse error - TplParser.recordTags failed.(col 3)
TplParser.parseError msg: DAEDumpTV.mo:1412.24-1412.24 Error:(parser)Parse error - TplParser.recordTags failed.(col 24)
TplParser.parseError msg: AbsynDumpTV.mo:36.3-36.3 Error:(parser)Parse error - TplParser.recordTags failed.(col 3)
TplParser.parseError msg: AbsynDumpTV.mo:47.3-47.3 Error:(parser)Parse error - TplParser.recordTags failed.(col 3)
TplParser.parseError msg: AbsynDumpTV.mo:55.3-55.3 Error:(parser)Parse error - TplParser.recordTags failed.(col 3)
TplParser.parseError msg: AbsynDumpTV.mo:67.3-67.3 Error:(parser)Parse error - TplParser.recordTags failed.(col 3)
TplParser.parseError msg: AbsynDumpTV.mo:108.3-108.3 Error:(parser)Parse error - TplParser.recordTags failed.(col 3)
TplParser.parseError msg: AbsynDumpTV.mo:121.3-121.3 Error:(parser)Parse error - TplParser.recordTags failed.(col 3)
TplParser.parseError msg: AbsynDumpTV.mo:129.3-129.3 Error:(parser)Parse error - TplParser.recordTags failed.(col 3)
TplParser.parseError msg: AbsynDumpTV.mo:136.3-136.3 Error:(parser)Parse error - TplParser.recordTags failed.(col 3)
TplParser.parseError msg: AbsynDumpTV.mo:171.3-171.3 Error:(parser)Parse error - TplParser.recordTags failed.(col 3)
TplParser.parseError msg: AbsynDumpTV.mo:181.3-181.3 Error:(parser)Parse error - TplParser.recordTags failed.(col 3)
TplParser.parseError msg: AbsynDumpTV.mo:203.3-203.3 Error:(parser)Parse error - TplParser.recordTags failed.(col 3)
TplParser.parseError msg: AbsynDumpTV.mo:210.3-210.3 Error:(parser)Parse error - TplParser.recordTags failed.(col 3)
TplParser.parseError msg: AbsynDumpTV.mo:235.3-235.3 Error:(parser)Parse error - TplParser.recordTags failed.(col 3)
TplParser.parseError msg: AbsynDumpTV.mo:242.3-242.3 Error:(parser)Parse error - TplParser.recordTags failed.(col 3)
TplParser.parseError msg: AbsynDumpTV.mo:262.3-262.3 Error:(parser)Parse error - TplParser.recordTags failed.(col 3)
TplParser.parseError msg: AbsynDumpTV.mo:273.3-273.3 Error:(parser)Parse error - TplParser.recordTags failed.(col 3)
TplParser.parseError msg: AbsynDumpTV.mo:281.3-281.3 Error:(parser)Parse error - TplParser.recordTags failed.(col 3)
TplParser.parseError msg: AbsynDumpTV.mo:291.3-291.3 Error:(parser)Parse error - TplParser.recordTags failed.(col 3)
TplParser.parseError msg: AbsynDumpTV.mo:302.3-302.3 Error:(parser)Parse error - TplParser.recordTags failed.(col 3)
TplParser.parseError msg: AbsynDumpTV.mo:313.3-313.3 Error:(parser)Parse error - TplParser.recordTags failed.(col 3)
TplParser.parseError msg: AbsynDumpTV.mo:358.3-358.3 Error:(parser)Parse error - TplParser.recordTags failed.(col 3)
TplParser.parseError msg: AbsynDumpTV.mo:412.3-412.3 Error:(parser)Parse error - TplParser.recordTags failed.(col 3)
TplParser.parseError msg: AbsynDumpTV.mo:419.3-419.3 Error:(parser)Parse error - TplParser.recordTags failed.(col 3)
TplParser.parseError msg: AbsynDumpTV.mo:427.3-427.3 Error:(parser)Parse error - TplParser.recordTags failed.(col 3)
TplParser.parseError msg: AbsynDumpTV.mo:445.3-445.3 Error:(parser)Parse error - TplParser.recordTags failed.(col 3)
TplParser.parseError msg: AbsynDumpTV.mo:451.3-451.3 Error:(parser)Parse error - TplParser.recordTags failed.(col 3)
TplParser.parseError msg: AbsynDumpTV.mo:456.3-456.3 Error:(parser)Parse error - TplParser.recordTags failed.(col 3)
TplParser.parseError msg: AbsynDumpTV.mo:468.3-468.3 Error:(parser)Parse error - TplParser.recordTags failed.(col 3)
TplParser.parseError msg: AbsynDumpTV.mo:473.3-473.3 Error:(parser)Parse error - TplParser.recordTags failed.(col 3)
TplParser.parseError msg: AbsynDumpTV.mo:479.3-479.3 Error:(parser)Parse error - TplParser.recordTags failed.(col 3)
TplParser.parseError msg: AbsynDumpTV.mo:485.3-485.3 Error:(parser)Parse error - TplParser.recordTags failed.(col 3)
TplParser.parseError msg: AbsynDumpTV.mo:492.3-492.3 Error:(parser)Parse error - TplParser.recordTags failed.(col 3)
TplParser.parseError msg: AbsynDumpTV.mo:499.3-499.3 Error:(parser)Parse error - TplParser.recordTags failed.(col 3)
TplParser.parseError msg: AbsynDumpTV.mo:507.3-507.3 Error:(parser)Parse error - TplParser.recordTags failed.(col 3)
TplParser.parseError msg: AbsynDumpTV.mo:629.3-629.3 Error:(parser)Parse error - TplParser.recordTags failed.(col 3)
TplParser.parseError msg: AbsynDumpTV.mo:652.3-652.3 Error:(parser)Parse error - TplParser.recordTags failed.(col 3)
TplParser.parseError msg: AbsynDumpTV.mo:657.3-657.3 Error:(parser)Parse error - TplParser.recordTags failed.(col 3)
TplParser.parseError msg: AbsynDumpTV.mo:694.3-694.3 Error:(parser)Parse error - TplParser.recordTags failed.(col 3)
TplParser.parseError msg: AbsynDumpTV.mo:707.3-707.3 Error:(parser)Parse error - TplParser.recordTags failed.(col 3)
TplParser.parseError msg: AbsynDumpTV.mo:714.3-714.3 Error:(parser)Parse error - TplParser.recordTags failed.(col 3)
TplParser.parseError msg: AbsynDumpTV.mo:721.3-721.3 Error:(parser)Parse error - TplParser.recordTags failed.(col 3)
TplParser.parseError msg: AbsynDumpTV.mo:747.3-747.3 Error:(parser)Parse error - TplParser.recordTags failed.(col 3)
TplParser.parseError msg: AbsynDumpTV.mo:755.3-755.3 Error:(parser)Parse error - TplParser.recordTags failed.(col 3)
TplParser.parseError msg: AbsynDumpTV.mo:776.3-776.3 Error:(parser)Parse error - TplParser.recordTags failed.(col 3)
TplParser.parseError msg: AbsynDumpTV.mo:791.3-791.3 Error:(parser)Parse error - TplParser.recordTags failed.(col 3)
TplParser.parseError msg: AbsynDumpTV.mo:822.3-822.3 Error:(parser)Parse error - TplParser.recordTags failed.(col 3)
TplParser.parseError msg: AbsynDumpTV.mo:828.3-828.3 Error:(parser)Parse error - TplParser.recordTags failed.(col 3)
TplParser.parseError msg: AbsynDumpTV.mo:838.3-838.3 Error:(parser)Parse error - TplParser.recordTags failed.(col 3)
TplParser.parseError msg: AbsynDumpTV.mo:844.3-844.3 Error:(parser)Parse error - TplParser.recordTags failed.(col 3)
TplParser.parseError msg: AbsynDumpTV.mo:851.3-851.3 Error:(parser)Parse error - TplParser.recordTags failed.(col 3)
TplParser.parseError msg: AbsynDumpTV.mo:861.3-861.3 Error:(parser)Parse error - TplParser.recordTags failed.(col 3)
TplParser.parseError msg: AbsynDumpTV.mo:888.3-888.3 Error:(parser)Parse error - TplParser.recordTags failed.(col 3)
TplParser.parseError msg: AbsynDumpTV.mo:919.24-919.24 Error:(parser)Parse error - TplParser.recordTags failed.(col 24)
TplParser.parseError msg: SCodeTV.mo:37.3-37.3 Error:(parser)Parse error - TplParser.recordTags failed.(col 3)
TplParser.parseError msg: SCodeTV.mo:153.3-153.3 Error:(parser)Parse error - TplParser.recordTags failed.(col 3)
TplParser.parseError msg: SCodeTV.mo:175.3-175.3 Error:(parser)Parse error - TplParser.recordTags failed.(col 3)
TplParser.parseError msg: SCodeTV.mo:180.3-180.3 Error:(parser)Parse error - TplParser.recordTags failed.(col 3)
TplParser.parseError msg: SCodeTV.mo:200.3-200.3 Error:(parser)Parse error - TplParser.recordTags failed.(col 3)
TplParser.parseError msg: SCodeTV.mo:210.3-210.3 Error:(parser)Parse error - TplParser.recordTags failed.(col 3)
TplParser.parseError msg: SCodeTV.mo:236.3-236.3 Error:(parser)Parse error - TplParser.recordTags failed.(col 3)
TplParser.parseError msg: SCodeTV.mo:244.3-244.3 Error:(parser)Parse error - TplParser.recordTags failed.(col 3)
TplParser.parseError msg: SCodeTV.mo:265.3-265.3 Error:(parser)Parse error - TplParser.recordTags failed.(col 3)
TplParser.parseError msg: SCodeTV.mo:280.3-280.3 Error:(parser)Parse error - TplParser.recordTags failed.(col 3)
TplParser.parseError msg: SCodeTV.mo:292.3-292.3 Error:(parser)Parse error - TplParser.recordTags failed.(col 3)
TplParser.parseError msg: SCodeTV.mo:299.3-299.3 Error:(parser)Parse error - TplParser.recordTags failed.(col 3)
TplParser.parseError msg: SCodeTV.mo:306.3-306.3 Error:(parser)Parse error - TplParser.recordTags failed.(col 3)
TplParser.parseError msg: SCodeTV.mo:313.3-313.3 Error:(parser)Parse error - TplParser.recordTags failed.(col 3)
TplParser.parseError msg: SCodeTV.mo:326.3-326.3 Error:(parser)Parse error - TplParser.recordTags failed.(col 3)
TplParser.parseError msg: SCodeTV.mo:378.3-378.3 Error:(parser)Parse error - TplParser.recordTags failed.(col 3)
TplParser.parseError msg: SCodeTV.mo:390.3-390.3 Error:(parser)Parse error - TplParser.recordTags failed.(col 3)
TplParser.parseError msg: SCodeTV.mo:407.3-407.3 Error:(parser)Parse error - TplParser.recordTags failed.(col 3)
TplParser.parseError msg: SCodeTV.mo:414.3-414.3 Error:(parser)Parse error - TplParser.recordTags failed.(col 3)
TplParser.parseError msg: SCodeTV.mo:423.3-423.3 Error:(parser)Parse error - TplParser.recordTags failed.(col 3)
TplParser.parseError msg: SCodeTV.mo:460.3-460.3 Error:(parser)Parse error - TplParser.recordTags failed.(col 3)
TplParser.parseError msg: SCodeTV.mo:467.3-467.3 Error:(parser)Parse error - TplParser.recordTags failed.(col 3)
TplParser.parseError msg: SCodeTV.mo:473.3-473.3 Error:(parser)Parse error - TplParser.recordTags failed.(col 3)
TplParser.parseError msg: SCodeTV.mo:484.3-484.3 Error:(parser)Parse error - TplParser.recordTags failed.(col 3)
TplParser.parseError msg: SCodeTV.mo:490.3-490.3 Error:(parser)Parse error - TplParser.recordTags failed.(col 3)
TplParser.parseError msg: SCodeTV.mo:566.3-566.3 Error:(parser)Parse error - TplParser.recordTags failed.(col 3)
TplParser.parseError msg: SCodeTV.mo:573.3-573.3 Error:(parser)Parse error - TplParser.recordTags failed.(col 3)
TplParser.parseError msg: SCodeTV.mo:679.3-679.3 Error:(parser)Parse error - TplParser.recordTags failed.(col 3)
TplParser.parseError msg: SCodeTV.mo:684.3-684.3 Error:(parser)Parse error - TplParser.recordTags failed.(col 3)
TplParser.parseError msg: SCodeTV.mo:689.3-689.3 Error:(parser)Parse error - TplParser.recordTags failed.(col 3)
TplParser.parseError msg: SCodeTV.mo:697.3-697.3 Error:(parser)Parse error - TplParser.recordTags failed.(col 3)
TplParser.parseError msg: SCodeTV.mo:704.3-704.3 Error:(parser)Parse error - TplParser.recordTags failed.(col 3)
TplParser.parseError msg: SCodeTV.mo:709.3-709.3 Error:(parser)Parse error - TplParser.recordTags failed.(col 3)
TplParser.parseError msg: SCodeTV.mo:714.3-714.3 Error:(parser)Parse error - TplParser.recordTags failed.(col 3)
TplParser.parseError msg: SCodeTV.mo:719.3-719.3 Error:(parser)Parse error - TplParser.recordTags failed.(col 3)
TplParser.parseError msg: SCodeTV.mo:724.3-724.3 Error:(parser)Parse error - TplParser.recordTags failed.(col 3)
TplParser.parseError msg: SCodeTV.mo:730.3-730.3 Error:(parser)Parse error - TplParser.recordTags failed.(col 3)
TplParser.parseError msg: SCodeTV.mo:740.3-740.3 Error:(parser)Parse error - TplParser.recordTags failed.(col 3)
TplParser.parseError msg: SCodeTV.mo:786.3-786.3 Error:(parser)Parse error - TplParser.recordTags failed.(col 3)
TplParser.parseError msg: SCodeTV.mo:796.3-796.3 Error:(parser)Parse error - TplParser.recordTags failed.(col 3)
TplParser.parseError msg: SCodeTV.mo:802.3-802.3 Error:(parser)Parse error - TplParser.recordTags failed.(col 3)
TplParser.parseError msg: SCodeTV.mo:809.3-809.3 Error:(parser)Parse error - TplParser.recordTags failed.(col 3)
TplParser.parseError msg: SCodeTV.mo:814.3-814.3 Error:(parser)Parse error - TplParser.recordTags failed.(col 3)
TplParser.parseError msg: SCodeTV.mo:826.3-826.3 Error:(parser)Parse error - TplParser.recordTags failed.(col 3)
TplParser.parseError msg: AbsynDumpTV.mo:36.3-36.3 Error:(parser)Parse error - TplParser.recordTags failed.(col 3)
TplParser.parseError msg: AbsynDumpTV.mo:47.3-47.3 Error:(parser)Parse error - TplParser.recordTags failed.(col 3)
TplParser.parseError msg: AbsynDumpTV.mo:55.3-55.3 Error:(parser)Parse error - TplParser.recordTags failed.(col 3)
TplParser.parseError msg: AbsynDumpTV.mo:67.3-67.3 Error:(parser)Parse error - TplParser.recordTags failed.(col 3)
TplParser.parseError msg: AbsynDumpTV.mo:108.3-108.3 Error:(parser)Parse error - TplParser.recordTags failed.(col 3)
TplParser.parseError msg: AbsynDumpTV.mo:121.3-121.3 Error:(parser)Parse error - TplParser.recordTags failed.(col 3)
TplParser.parseError msg: AbsynDumpTV.mo:129.3-129.3 Error:(parser)Parse error - TplParser.recordTags failed.(col 3)
TplParser.parseError msg: AbsynDumpTV.mo:136.3-136.3 Error:(parser)Parse error - TplParser.recordTags failed.(col 3)
TplParser.parseError msg: AbsynDumpTV.mo:171.3-171.3 Error:(parser)Parse error - TplParser.recordTags failed.(col 3)
TplParser.parseError msg: AbsynDumpTV.mo:181.3-181.3 Error:(parser)Parse error - TplParser.recordTags failed.(col 3)
TplParser.parseError msg: AbsynDumpTV.mo:203.3-203.3 Error:(parser)Parse error - TplParser.recordTags failed.(col 3)
TplParser.parseError msg: AbsynDumpTV.mo:210.3-210.3 Error:(parser)Parse error - TplParser.recordTags failed.(col 3)
TplParser.parseError msg: AbsynDumpTV.mo:235.3-235.3 Error:(parser)Parse error - TplParser.recordTags failed.(col 3)
TplParser.parseError msg: AbsynDumpTV.mo:242.3-242.3 Error:(parser)Parse error - TplParser.recordTags failed.(col 3)
TplParser.parseError msg: AbsynDumpTV.mo:262.3-262.3 Error:(parser)Parse error - TplParser.recordTags failed.(col 3)
TplParser.parseError msg: AbsynDumpTV.mo:273.3-273.3 Error:(parser)Parse error - TplParser.recordTags failed.(col 3)
TplParser.parseError msg: AbsynDumpTV.mo:281.3-281.3 Error:(parser)Parse error - TplParser.recordTags failed.(col 3)
TplParser.parseError msg: AbsynDumpTV.mo:291.3-291.3 Error:(parser)Parse error - TplParser.recordTags failed.(col 3)
TplParser.parseError msg: AbsynDumpTV.mo:302.3-302.3 Error:(parser)Parse error - TplParser.recordTags failed.(col 3)
TplParser.parseError msg: AbsynDumpTV.mo:313.3-313.3 Error:(parser)Parse error - TplParser.recordTags failed.(col 3)
TplParser.parseError msg: AbsynDumpTV.mo:358.3-358.3 Error:(parser)Parse error - TplParser.recordTags failed.(col 3)
TplParser.parseError msg: AbsynDumpTV.mo:412.3-412.3 Error:(parser)Parse error - TplParser.recordTags failed.(col 3)
TplParser.parseError msg: AbsynDumpTV.mo:419.3-419.3 Error:(parser)Parse error - TplParser.recordTags failed.(col 3)
TplParser.parseError msg: AbsynDumpTV.mo:427.3-427.3 Error:(parser)Parse error - TplParser.recordTags failed.(col 3)
TplParser.parseError msg: AbsynDumpTV.mo:445.3-445.3 Error:(parser)Parse error - TplParser.recordTags failed.(col 3)
TplParser.parseError msg: AbsynDumpTV.mo:451.3-451.3 Error:(parser)Parse error - TplParser.recordTags failed.(col 3)
TplParser.parseError msg: AbsynDumpTV.mo:456.3-456.3 Error:(parser)Parse error - TplParser.recordTags failed.(col 3)
TplParser.parseError msg: AbsynDumpTV.mo:468.3-468.3 Error:(parser)Parse error - TplParser.recordTags failed.(col 3)
TplParser.parseError msg: AbsynDumpTV.mo:473.3-473.3 Error:(parser)Parse error - TplParser.recordTags failed.(col 3)
TplParser.parseError msg: AbsynDumpTV.mo:479.3-479.3 Error:(parser)Parse error - TplParser.recordTags failed.(col 3)
TplParser.parseError msg: AbsynDumpTV.mo:485.3-485.3 Error:(parser)Parse error - TplParser.recordTags failed.(col 3)
TplParser.parseError msg: AbsynDumpTV.mo:492.3-492.3 Error:(parser)Parse error - TplParser.recordTags failed.(col 3)
TplParser.parseError msg: AbsynDumpTV.mo:499.3-499.3 Error:(parser)Parse error - TplParser.recordTags failed.(col 3)
TplParser.parseError msg: AbsynDumpTV.mo:507.3-507.3 Error:(parser)Parse error - TplParser.recordTags failed.(col 3)
TplParser.parseError msg: AbsynDumpTV.mo:629.3-629.3 Error:(parser)Parse error - TplParser.recordTags failed.(col 3)
TplParser.parseError msg: AbsynDumpTV.mo:652.3-652.3 Error:(parser)Parse error - TplParser.recordTags failed.(col 3)
TplParser.parseError msg: AbsynDumpTV.mo:657.3-657.3 Error:(parser)Parse error - TplParser.recordTags failed.(col 3)
TplParser.parseError msg: AbsynDumpTV.mo:694.3-694.3 Error:(parser)Parse error - TplParser.recordTags failed.(col 3)
TplParser.parseError msg: AbsynDumpTV.mo:707.3-707.3 Error:(parser)Parse error - TplParser.recordTags failed.(col 3)
TplParser.parseError msg: AbsynDumpTV.mo:714.3-714.3 Error:(parser)Parse error - TplParser.recordTags failed.(col 3)
TplParser.parseError msg: AbsynDumpTV.mo:721.3-721.3 Error:(parser)Parse error - TplParser.recordTags failed.(col 3)
TplParser.parseError msg: AbsynDumpTV.mo:747.3-747.3 Error:(parser)Parse error - TplParser.recordTags failed.(col 3)
TplParser.parseError msg: AbsynDumpTV.mo:755.3-755.3 Error:(parser)Parse error - TplParser.recordTags failed.(col 3)
TplParser.parseError msg: AbsynDumpTV.mo:776.3-776.3 Error:(parser)Parse error - TplParser.recordTags failed.(col 3)
TplParser.parseError msg: AbsynDumpTV.mo:791.3-791.3 Error:(parser)Parse error - TplParser.recordTags failed.(col 3)
TplParser.parseError msg: AbsynDumpTV.mo:822.3-822.3 Error:(parser)Parse error - TplParser.recordTags failed.(col 3)
TplParser.parseError msg: AbsynDumpTV.mo:828.3-828.3 Error:(parser)Parse error - TplParser.recordTags failed.(col 3)
TplParser.parseError msg: AbsynDumpTV.mo:838.3-838.3 Error:(parser)Parse error - TplParser.recordTags failed.(col 3)
TplParser.parseError msg: AbsynDumpTV.mo:844.3-844.3 Error:(parser)Parse error - TplParser.recordTags failed.(col 3)
TplParser.parseError msg: AbsynDumpTV.mo:851.3-851.3 Error:(parser)Parse error - TplParser.recordTags failed.(col 3)
TplParser.parseError msg: AbsynDumpTV.mo:861.3-861.3 Error:(parser)Parse error - TplParser.recordTags failed.(col 3)
TplParser.parseError msg: AbsynDumpTV.mo:888.3-888.3 Error:(parser)Parse error - TplParser.recordTags failed.(col 3)
TplParser.parseError msg: AbsynDumpTV.mo:919.24-919.24 Error:(parser)Parse error - TplParser.recordTags failed.(col 24)
TplParser.parseError msg: SimCodeTV.mo:176.3-176.3 Error:(parser)Parse error - TplParser.recordTags failed.(col 3)
TplParser.parseError msg: SimCodeTV.mo:213.3-213.3 Error:(parser)Parse error - TplParser.recordTags failed.(col 3)
TplParser.parseError msg: SimCodeTV.mo:240.3-240.3 Error:(parser)Parse error - TplParser.recordTags failed.(col 3)
TplParser.parseError msg: SimCodeTV.mo:250.3-250.3 Error:(parser)Parse error - TplParser.recordTags failed.(col 3)
TplParser.parseError msg: SimCodeTV.mo:257.3-257.3 Error:(parser)Parse error - TplParser.recordTags failed.(col 3)
TplParser.parseError msg: SimCodeTV.mo:320.3-320.3 Error:(parser)Parse error - TplParser.recordTags failed.(col 3)
TplParser.parseError msg: SimCodeTV.mo:329.3-329.3 Error:(parser)Parse error - TplParser.recordTags failed.(col 3)
TplParser.parseError msg: SimCodeTV.mo:336.3-336.3 Error:(parser)Parse error - TplParser.recordTags failed.(col 3)
TplParser.parseError msg: SimCodeTV.mo:346.3-346.3 Error:(parser)Parse error - TplParser.recordTags failed.(col 3)
TplParser.parseError msg: SimCodeTV.mo:353.3-353.3 Error:(parser)Parse error - TplParser.recordTags failed.(col 3)
TplParser.parseError msg: SimCodeTV.mo:365.3-365.3 Error:(parser)Parse error - TplParser.recordTags failed.(col 3)
TplParser.parseError msg: SimCodeTV.mo:384.3-384.3 Error:(parser)Parse error - TplParser.recordTags failed.(col 3)
TplParser.parseError msg: SimCodeTV.mo:399.3-399.3 Error:(parser)Parse error - TplParser.recordTags failed.(col 3)
TplParser.parseError msg: SimCodeTV.mo:423.3-423.3 Error:(parser)Parse error - TplParser.recordTags failed.(col 3)
TplParser.parseError msg: SimCodeTV.mo:441.3-441.3 Error:(parser)Parse error - TplParser.recordTags failed.(col 3)
TplParser.parseError msg: SimCodeTV.mo:448.3-448.3 Error:(parser)Parse error - TplParser.recordTags failed.(col 3)
TplParser.parseError msg: SimCodeTV.mo:526.3-526.3 Error:(parser)Parse error - TplParser.recordTags failed.(col 3)
TplParser.parseError msg: SimCodeTV.mo:541.3-541.3 Error:(parser)Parse error - TplParser.recordTags failed.(col 3)
TplParser.parseError msg: SimCodeTV.mo:554.3-554.3 Error:(parser)Parse error - TplParser.recordTags failed.(col 3)
TplParser.parseError msg: SimCodeTV.mo:566.3-566.3 Error:(parser)Parse error - TplParser.recordTags failed.(col 3)
TplParser.parseError msg: SimCodeTV.mo:580.3-580.3 Error:(parser)Parse error - TplParser.recordTags failed.(col 3)
TplParser.parseError msg: SimCodeTV.mo:615.3-615.3 Error:(parser)Parse error - TplParser.recordTags failed.(col 3)
TplParser.parseError msg: SimCodeTV.mo:625.3-625.3 Error:(parser)Parse error - TplParser.recordTags failed.(col 3)
TplParser.parseError msg: SimCodeTV.mo:677.3-677.3 Error:(parser)Parse error - TplParser.recordTags failed.(col 3)
TplParser.parseError msg: SimCodeTV.mo:690.3-690.3 Error:(parser)Parse error - TplParser.recordTags failed.(col 3)
TplParser.parseError msg: SimCodeTV.mo:713.3-713.3 Error:(parser)Parse error - TplParser.recordTags failed.(col 3)
TplParser.parseError msg: SimCodeTV.mo:721.3-721.3 Error:(parser)Parse error - TplParser.recordTags failed.(col 3)
TplParser.parseError msg: SimCodeTV.mo:727.3-727.3 Error:(parser)Parse error - TplParser.recordTags failed.(col 3)
TplParser.parseError msg: SimCodeTV.mo:733.3-733.3 Error:(parser)Parse error - TplParser.recordTags failed.(col 3)
TplParser.parseError msg: SimCodeTV.mo:739.3-739.3 Error:(parser)Parse error - TplParser.recordTags failed.(col 3)
TplParser.parseError msg: SimCodeTV.mo:745.3-745.3 Error:(parser)Parse error - TplParser.recordTags failed.(col 3)
TplParser.parseError msg: SimCodeTV.mo:754.3-754.3 Error:(parser)Parse error - TplParser.recordTags failed.(col 3)
TplParser.parseError msg: SimCodeTV.mo:1094.3-1094.3 Error:(parser)Parse error - TplParser.recordTags failed.(col 3)
TplParser.parseError msg: SimCodeTV.mo:1102.3-1102.3 Error:(parser)Parse error - TplParser.recordTags failed.(col 3)
TplParser.parseError msg: SimCodeTV.mo:1110.3-1110.3 Error:(parser)Parse error - TplParser.recordTags failed.(col 3)
TplParser.parseError msg: SimCodeTV.mo:1124.3-1124.3 Error:(parser)Parse error - TplParser.recordTags failed.(col 3)
TplParser.parseError msg: SimCodeTV.mo:1157.3-1157.3 Error:(parser)Parse error - TplParser.recordTags failed.(col 3)
TplParser.parseError msg: SimCodeTV.mo:1171.3-1171.3 Error:(parser)Parse error - TplParser.recordTags failed.(col 3)
TplParser.parseError msg: SimCodeTV.mo:1341.3-1341.3 Error:(parser)Parse error - TplParser.recordTags failed.(col 3)
TplParser.parseError msg: SimCodeTV.mo:1350.3-1350.3 Error:(parser)Parse error - TplParser.recordTags failed.(col 3)
TplParser.parseError msg: SimCodeTV.mo:1357.3-1357.3 Error:(parser)Parse error - TplParser.recordTags failed.(col 3)
TplParser.parseError msg: SimCodeTV.mo:1380.3-1380.3 Error:(parser)Parse error - TplParser.recordTags failed.(col 3)
TplParser.parseError msg: SimCodeTV.mo:1399.3-1399.3 Error:(parser)Parse error - TplParser.recordTags failed.(col 3)
TplParser.parseError msg: SimCodeTV.mo:1423.3-1423.3 Error:(parser)Parse error - TplParser.recordTags failed.(col 3)
TplParser.parseError msg: SimCodeTV.mo:1595.3-1595.3 Error:(parser)Parse error - TplParser.recordTags failed.(col 3)
TplParser.parseError msg: SimCodeTV.mo:1606.3-1606.3 Error:(parser)Parse error - TplParser.recordTags failed.(col 3)
TplParser.parseError msg: SimCodeTV.mo:1615.3-1615.3 Error:(parser)Parse error - TplParser.recordTags failed.(col 3)
TplParser.parseError msg: SimCodeTV.mo:1629.3-1629.3 Error:(parser)Parse error - TplParser.recordTags failed.(col 3)
TplParser.parseError msg: SimCodeTV.mo:1641.3-1641.3 Error:(parser)Parse error - TplParser.recordTags failed.(col 3)
TplParser.parseError msg: SimCodeTV.mo:1682.3-1682.3 Error:(parser)Parse error - TplParser.recordTags failed.(col 3)
TplParser.parseError msg: SimCodeTV.mo:1707.3-1707.3 Error:(parser)Parse error - TplParser.recordTags failed.(col 3)
TplParser.parseError msg: SimCodeTV.mo:1713.3-1713.3 Error:(parser)Parse error - TplParser.recordTags failed.(col 3)
TplParser.parseError msg: SimCodeTV.mo:1812.3-1812.3 Error:(parser)Parse error - TplParser.recordTags failed.(col 3)
TplParser.parseError msg: SimCodeTV.mo:1901.3-1901.3 Error:(parser)Parse error - TplParser.recordTags failed.(col 3)
TplParser.parseError msg: SimCodeTV.mo:1913.3-1913.3 Error:(parser)Parse error - TplParser.recordTags failed.(col 3)
TplParser.parseError msg: SimCodeTV.mo:1922.3-1922.3 Error:(parser)Parse error - TplParser.recordTags failed.(col 3)
TplParser.parseError msg: SimCodeTV.mo:1938.3-1938.3 Error:(parser)Parse error - TplParser.recordTags failed.(col 3)
TplParser.parseError msg: SimCodeTV.mo:2093.3-2093.3 Error:(parser)Parse error - TplParser.recordTags failed.(col 3)
TplParser.parseError msg: SimCodeTV.mo:2117.3-2117.3 Error:(parser)Parse error - TplParser.recordTags failed.(col 3)
TplParser.parseError msg: SimCodeTV.mo:2131.3-2131.3 Error:(parser)Parse error - TplParser.recordTags failed.(col 3)
TplParser.parseError msg: SimCodeTV.mo:2137.3-2137.3 Error:(parser)Parse error - TplParser.recordTags failed.(col 3)
TplParser.parseError msg: SimCodeTV.mo:2147.3-2147.3 Error:(parser)Parse error - TplParser.recordTags failed.(col 3)
TplParser.parseError msg: SimCodeTV.mo:2157.3-2157.3 Error:(parser)Parse error - TplParser.recordTags failed.(col 3)
TplParser.parseError msg: SimCodeTV.mo:2165.3-2165.3 Error:(parser)Parse error - TplParser.recordTags failed.(col 3)
TplParser.parseError msg: SimCodeTV.mo:2176.3-2176.3 Error:(parser)Parse error - TplParser.recordTags failed.(col 3)
TplParser.parseError msg: SimCodeTV.mo:2232.3-2232.3 Error:(parser)Parse error - TplParser.recordTags failed.(col 3)
TplParser.parseError msg: SimCodeTV.mo:2245.3-2245.3 Error:(parser)Parse error - TplParser.recordTags failed.(col 3)
TplParser.parseError msg: SimCodeTV.mo:2253.3-2253.3 Error:(parser)Parse error - TplParser.recordTags failed.(col 3)
TplParser.parseError msg: SimCodeTV.mo:2260.3-2260.3 Error:(parser)Parse error - TplParser.recordTags failed.(col 3)
TplParser.parseError msg: SimCodeTV.mo:2267.3-2267.3 Error:(parser)Parse error - TplParser.recordTags failed.(col 3)
TplParser.parseError msg: SimCodeTV.mo:2276.1-2276.1 Error:(parser)Parse error - TplParser.recordTags failed.(col 1)
TplParser.parseError msg: SimCodeTV.mo:2336.3-2336.3 Error:(parser)Parse error - TplParser.recordTags failed.(col 3)
TplParser.parseError msg: SimCodeTV.mo:2389.1-2389.1 Error:(parser)Parse error - TplParser.recordTags failed.(col 1)
TplParser.parseError msg: SimCodeTV.mo:2411.1-2411.1 Error:(parser)Parse error - TplParser.recordTags failed.(col 1)
TplParser.parseError msg: SimCodeTV.mo:2420.1-2420.1 Error:(parser)Parse error - TplParser.recordTags failed.(col 1)
TplParser.parseError msg: SimCodeTV.mo:2430.1-2430.1 Error:(parser)Parse error - TplParser.recordTags failed.(col 1)
TplParser.parseError msg: SimCodeTV.mo:2490.1-2490.1 Error:(parser)Parse error - TplParser.recordTags failed.(col 1)
TplParser.parseError msg: SimCodeTV.mo:2503.1-2503.1 Error:(parser)Parse error - TplParser.recordTags failed.(col 1)
TplParser.parseError msg: SimCodeTV.mo:2511.1-2511.1 Error:(parser)Parse error - TplParser.recordTags failed.(col 1)
TplParser.parseError msg: SimCodeTV.mo:2518.1-2518.1 Error:(parser)Parse error - TplParser.recordTags failed.(col 1)
TplParser.parseError msg: SimCodeTV.mo:2597.1-2597.1 Error:(parser)Parse error - TplParser.recordTags failed.(col 1)
TplParser.parseError msg: SimCodeTV.mo:2608.1-2608.1 Error:(parser)Parse error - TplParser.recordTags failed.(col 1)
TplParser.parseError msg: SimCodeTV.mo:2689.1-2689.1 Error:(parser)Parse error - TplParser.recordTags failed.(col 1)
TplParser.parseError msg: SimCodeTV.mo:2695.1-2695.1 Error:(parser)Parse error - TplParser.recordTags failed.(col 1)
TplParser.parseError msg: SimCodeTV.mo:2700.1-2700.1 Error:(parser)Parse error - TplParser.recordTags failed.(col 1)
TplParser.parseError msg: SimCodeTV.mo:2707.1-2707.1 Error:(parser)Parse error - TplParser.recordTags failed.(col 1)
TplParser.parseError msg: SimCodeTV.mo:2712.1-2712.1 Error:(parser)Parse error - TplParser.recordTags failed.(col 1)
TplParser.parseError msg: SimCodeTV.mo:2717.1-2717.1 Error:(parser)Parse error - TplParser.recordTags failed.(col 1)
TplParser.parseError msg: SimCodeTV.mo:2722.1-2722.1 Error:(parser)Parse error - TplParser.recordTags failed.(col 1)
TplParser.parseError msg: SimCodeTV.mo:2727.1-2727.1 Error:(parser)Parse error - TplParser.recordTags failed.(col 1)
TplParser.parseError msg: SimCodeTV.mo:2733.1-2733.1 Error:(parser)Parse error - TplParser.recordTags failed.(col 1)
TplParser.parseError msg: SimCodeTV.mo:2743.1-2743.1 Error:(parser)Parse error - TplParser.recordTags failed.(col 1)
TplParser.parseError msg: SimCodeTV.mo:2795.1-2795.1 Error:(parser)Parse error - TplParser.recordTags failed.(col 1)
TplParser.parseError msg: SimCodeTV.mo:2804.1-2804.1 Error:(parser)Parse error - TplParser.recordTags failed.(col 1)
TplParser.parseError msg: SimCodeTV.mo:2811.1-2811.1 Error:(parser)Parse error - TplParser.recordTags failed.(col 1)
TplParser.parseError msg: SimCodeTV.mo:2818.1-2818.1 Error:(parser)Parse error - TplParser.recordTags failed.(col 1)
TplParser.parseError msg: SimCodeTV.mo:2837.3-2837.3 Error:(parser)Parse error - TplParser.recordTags failed.(col 3)
TplParser.parseError msg: SimCodeTV.mo:3282.23-3282.23 Error:(parser)Parse error - TplParser.recordTags failed.(col 23)
TplParser.parseError msg: SimCodeTV.mo:3283.24-3283.24 Error:(parser)Parse error - TplParser.recordTags failed.(col 24)
TplParser.parseError msg: SimCodeTV.mo:3504.3-3504.3 Error:(parser)Parse error - TplParser.recordTags failed.(col 3)
TplParser.parseError msg: SimCodeTV.mo:176.3-176.3 Error:(parser)Parse error - TplParser.recordTags failed.(col 3)
TplParser.parseError msg: SimCodeTV.mo:213.3-213.3 Error:(parser)Parse error - TplParser.recordTags failed.(col 3)
TplParser.parseError msg: SimCodeTV.mo:240.3-240.3 Error:(parser)Parse error - TplParser.recordTags failed.(col 3)
TplParser.parseError msg: SimCodeTV.mo:250.3-250.3 Error:(parser)Parse error - TplParser.recordTags failed.(col 3)
TplParser.parseError msg: SimCodeTV.mo:257.3-257.3 Error:(parser)Parse error - TplParser.recordTags failed.(col 3)
TplParser.parseError msg: SimCodeTV.mo:320.3-320.3 Error:(parser)Parse error - TplParser.recordTags failed.(col 3)
TplParser.parseError msg: SimCodeTV.mo:329.3-329.3 Error:(parser)Parse error - TplParser.recordTags failed.(col 3)
TplParser.parseError msg: SimCodeTV.mo:336.3-336.3 Error:(parser)Parse error - TplParser.recordTags failed.(col 3)
TplParser.parseError msg: SimCodeTV.mo:346.3-346.3 Error:(parser)Parse error - TplParser.recordTags failed.(col 3)
TplParser.parseError msg: SimCodeTV.mo:353.3-353.3 Error:(parser)Parse error - TplParser.recordTags failed.(col 3)
TplParser.parseError msg: SimCodeTV.mo:365.3-365.3 Error:(parser)Parse error - TplParser.recordTags failed.(col 3)
TplParser.parseError msg: SimCodeTV.mo:384.3-384.3 Error:(parser)Parse error - TplParser.recordTags failed.(col 3)
TplParser.parseError msg: SimCodeTV.mo:399.3-399.3 Error:(parser)Parse error - TplParser.recordTags failed.(col 3)
TplParser.parseError msg: SimCodeTV.mo:423.3-423.3 Error:(parser)Parse error - TplParser.recordTags failed.(col 3)
TplParser.parseError msg: SimCodeTV.mo:441.3-441.3 Error:(parser)Parse error - TplParser.recordTags failed.(col 3)
TplParser.parseError msg: SimCodeTV.mo:448.3-448.3 Error:(parser)Parse error - TplParser.recordTags failed.(col 3)
TplParser.parseError msg: SimCodeTV.mo:526.3-526.3 Error:(parser)Parse error - TplParser.recordTags failed.(col 3)
TplParser.parseError msg: SimCodeTV.mo:541.3-541.3 Error:(parser)Parse error - TplParser.recordTags failed.(col 3)
TplParser.parseError msg: SimCodeTV.mo:554.3-554.3 Error:(parser)Parse error - TplParser.recordTags failed.(col 3)
TplParser.parseError msg: SimCodeTV.mo:566.3-566.3 Error:(parser)Parse error - TplParser.recordTags failed.(col 3)
TplParser.parseError msg: SimCodeTV.mo:580.3-580.3 Error:(parser)Parse error - TplParser.recordTags failed.(col 3)
TplParser.parseError msg: SimCodeTV.mo:615.3-615.3 Error:(parser)Parse error - TplParser.recordTags failed.(col 3)
TplParser.parseError msg: SimCodeTV.mo:625.3-625.3 Error:(parser)Parse error - TplParser.recordTags failed.(col 3)
TplParser.parseError msg: SimCodeTV.mo:677.3-677.3 Error:(parser)Parse error - TplParser.recordTags failed.(col 3)
TplParser.parseError msg: SimCodeTV.mo:690.3-690.3 Error:(parser)Parse error - TplParser.recordTags failed.(col 3)
TplParser.parseError msg: SimCodeTV.mo:713.3-713.3 Error:(parser)Parse error - TplParser.recordTags failed.(col 3)
TplParser.parseError msg: SimCodeTV.mo:721.3-721.3 Error:(parser)Parse error - TplParser.recordTags failed.(col 3)
TplParser.parseError msg: SimCodeTV.mo:727.3-727.3 Error:(parser)Parse error - TplParser.recordTags failed.(col 3)
TplParser.parseError msg: SimCodeTV.mo:733.3-733.3 Error:(parser)Parse error - TplParser.recordTags failed.(col 3)
TplParser.parseError msg: SimCodeTV.mo:739.3-739.3 Error:(parser)Parse error - TplParser.recordTags failed.(col 3)
TplParser.parseError msg: SimCodeTV.mo:745.3-745.3 Error:(parser)Parse error - TplParser.recordTags failed.(col 3)
TplParser.parseError msg: SimCodeTV.mo:754.3-754.3 Error:(parser)Parse error - TplParser.recordTags failed.(col 3)
TplParser.parseError msg: SimCodeTV.mo:1094.3-1094.3 Error:(parser)Parse error - TplParser.recordTags failed.(col 3)
TplParser.parseError msg: SimCodeTV.mo:1102.3-1102.3 Error:(parser)Parse error - TplParser.recordTags failed.(col 3)
TplParser.parseError msg: SimCodeTV.mo:1110.3-1110.3 Error:(parser)Parse error - TplParser.recordTags failed.(col 3)
TplParser.parseError msg: SimCodeTV.mo:1124.3-1124.3 Error:(parser)Parse error - TplParser.recordTags failed.(col 3)
TplParser.parseError msg: SimCodeTV.mo:1157.3-1157.3 Error:(parser)Parse error - TplParser.recordTags failed.(col 3)
TplParser.parseError msg: SimCodeTV.mo:1171.3-1171.3 Error:(parser)Parse error - TplParser.recordTags failed.(col 3)
TplParser.parseError msg: SimCodeTV.mo:1341.3-1341.3 Error:(parser)Parse error - TplParser.recordTags failed.(col 3)
TplParser.parseError msg: SimCodeTV.mo:1350.3-1350.3 Error:(parser)Parse error - TplParser.recordTags failed.(col 3)
TplParser.parseError msg: SimCodeTV.mo:1357.3-1357.3 Error:(parser)Parse error - TplParser.recordTags failed.(col 3)
TplParser.parseError msg: SimCodeTV.mo:1380.3-1380.3 Error:(parser)Parse error - TplParser.recordTags failed.(col 3)
TplParser.parseError msg: SimCodeTV.mo:1399.3-1399.3 Error:(parser)Parse error - TplParser.recordTags failed.(col 3)
TplParser.parseError msg: SimCodeTV.mo:1423.3-1423.3 Error:(parser)Parse error - TplParser.recordTags failed.(col 3)
TplParser.parseError msg: SimCodeTV.mo:1595.3-1595.3 Error:(parser)Parse error - TplParser.recordTags failed.(col 3)
TplParser.parseError msg: SimCodeTV.mo:1606.3-1606.3 Error:(parser)Parse error - TplParser.recordTags failed.(col 3)
TplParser.parseError msg: SimCodeTV.mo:1615.3-1615.3 Error:(parser)Parse error - TplParser.recordTags failed.(col 3)
TplParser.parseError msg: SimCodeTV.mo:1629.3-1629.3 Error:(parser)Parse error - TplParser.recordTags failed.(col 3)
TplParser.parseError msg: SimCodeTV.mo:1641.3-1641.3 Error:(parser)Parse error - TplParser.recordTags failed.(col 3)
TplParser.parseError msg: SimCodeTV.mo:1682.3-1682.3 Error:(parser)Parse error - TplParser.recordTags failed.(col 3)
TplParser.parseError msg: SimCodeTV.mo:1707.3-1707.3 Error:(parser)Parse error - TplParser.recordTags failed.(col 3)
TplParser.parseError msg: SimCodeTV.mo:1713.3-1713.3 Error:(parser)Parse error - TplParser.recordTags failed.(col 3)
TplParser.parseError msg: SimCodeTV.mo:1812.3-1812.3 Error:(parser)Parse error - TplParser.recordTags failed.(col 3)
TplParser.parseError msg: SimCodeTV.mo:1901.3-1901.3 Error:(parser)Parse error - TplParser.recordTags failed.(col 3)
TplParser.parseError msg: SimCodeTV.mo:1913.3-1913.3 Error:(parser)Parse error - TplParser.recordTags failed.(col 3)
TplParser.parseError msg: SimCodeTV.mo:1922.3-1922.3 Error:(parser)Parse error - TplParser.recordTags failed.(col 3)
TplParser.parseError msg: SimCodeTV.mo:1938.3-1938.3 Error:(parser)Parse error - TplParser.recordTags failed.(col 3)
TplParser.parseError msg: SimCodeTV.mo:2093.3-2093.3 Error:(parser)Parse error - TplParser.recordTags failed.(col 3)
TplParser.parseError msg: SimCodeTV.mo:2117.3-2117.3 Error:(parser)Parse error - TplParser.recordTags failed.(col 3)
TplParser.parseError msg: SimCodeTV.mo:2131.3-2131.3 Error:(parser)Parse error - TplParser.recordTags failed.(col 3)
TplParser.parseError msg: SimCodeTV.mo:2137.3-2137.3 Error:(parser)Parse error - TplParser.recordTags failed.(col 3)
TplParser.parseError msg: SimCodeTV.mo:2147.3-2147.3 Error:(parser)Parse error - TplParser.recordTags failed.(col 3)
TplParser.parseError msg: SimCodeTV.mo:2157.3-2157.3 Error:(parser)Parse error - TplParser.recordTags failed.(col 3)
TplParser.parseError msg: SimCodeTV.mo:2165.3-2165.3 Error:(parser)Parse error - TplParser.recordTags failed.(col 3)
TplParser.parseError msg: SimCodeTV.mo:2176.3-2176.3 Error:(parser)Parse error - TplParser.recordTags failed.(col 3)
TplParser.parseError msg: SimCodeTV.mo:2232.3-2232.3 Error:(parser)Parse error - TplParser.recordTags failed.(col 3)
TplParser.parseError msg: SimCodeTV.mo:2245.3-2245.3 Error:(parser)Parse error - TplParser.recordTags failed.(col 3)
TplParser.parseError msg: SimCodeTV.mo:2253.3-2253.3 Error:(parser)Parse error - TplParser.recordTags failed.(col 3)
TplParser.parseError msg: SimCodeTV.mo:2260.3-2260.3 Error:(parser)Parse error - TplParser.recordTags failed.(col 3)
TplParser.parseError msg: SimCodeTV.mo:2267.3-2267.3 Error:(parser)Parse error - TplParser.recordTags failed.(col 3)
TplParser.parseError msg: SimCodeTV.mo:2276.1-2276.1 Error:(parser)Parse error - TplParser.recordTags failed.(col 1)
TplParser.parseError msg: SimCodeTV.mo:2336.3-2336.3 Error:(parser)Parse error - TplParser.recordTags failed.(col 3)
TplParser.parseError msg: SimCodeTV.mo:2389.1-2389.1 Error:(parser)Parse error - TplParser.recordTags failed.(col 1)
TplParser.parseError msg: SimCodeTV.mo:2411.1-2411.1 Error:(parser)Parse error - TplParser.recordTags failed.(col 1)
TplParser.parseError msg: SimCodeTV.mo:2420.1-2420.1 Error:(parser)Parse error - TplParser.recordTags failed.(col 1)
TplParser.parseError msg: SimCodeTV.mo:2430.1-2430.1 Error:(parser)Parse error - TplParser.recordTags failed.(col 1)
TplParser.parseError msg: SimCodeTV.mo:2490.1-2490.1 Error:(parser)Parse error - TplParser.recordTags failed.(col 1)
TplParser.parseError msg: SimCodeTV.mo:2503.1-2503.1 Error:(parser)Parse error - TplParser.recordTags failed.(col 1)
TplParser.parseError msg: SimCodeTV.mo:2511.1-2511.1 Error:(parser)Parse error - TplParser.recordTags failed.(col 1)
TplParser.parseError msg: SimCodeTV.mo:2518.1-2518.1 Error:(parser)Parse error - TplParser.recordTags failed.(col 1)
TplParser.parseError msg: SimCodeTV.mo:2597.1-2597.1 Error:(parser)Parse error - TplParser.recordTags failed.(col 1)
TplParser.parseError msg: SimCodeTV.mo:2608.1-2608.1 Error:(parser)Parse error - TplParser.recordTags failed.(col 1)
TplParser.parseError msg: SimCodeTV.mo:2689.1-2689.1 Error:(parser)Parse error - TplParser.recordTags failed.(col 1)
TplParser.parseError msg: SimCodeTV.mo:2695.1-2695.1 Error:(parser)Parse error - TplParser.recordTags failed.(col 1)
TplParser.parseError msg: SimCodeTV.mo:2700.1-2700.1 Error:(parser)Parse error - TplParser.recordTags failed.(col 1)
TplParser.parseError msg: SimCodeTV.mo:2707.1-2707.1 Error:(parser)Parse error - TplParser.recordTags failed.(col 1)
TplParser.parseError msg: SimCodeTV.mo:2712.1-2712.1 Error:(parser)Parse error - TplParser.recordTags failed.(col 1)
TplParser.parseError msg: SimCodeTV.mo:2717.1-2717.1 Error:(parser)Parse error - TplParser.recordTags failed.(col 1)
TplParser.parseError msg: SimCodeTV.mo:2722.1-2722.1 Error:(parser)Parse error - TplParser.recordTags failed.(col 1)
TplParser.parseError msg: SimCodeTV.mo:2727.1-2727.1 Error:(parser)Parse error - TplParser.recordTags failed.(col 1)
TplParser.parseError msg: SimCodeTV.mo:2733.1-2733.1 Error:(parser)Parse error - TplParser.recordTags failed.(col 1)
TplParser.parseError msg: SimCodeTV.mo:2743.1-2743.1 Error:(parser)Parse error - TplParser.recordTags failed.(col 1)
TplParser.parseError msg: SimCodeTV.mo:2795.1-2795.1 Error:(parser)Parse error - TplParser.recordTags failed.(col 1)
TplParser.parseError msg: SimCodeTV.mo:2804.1-2804.1 Error:(parser)Parse error - TplParser.recordTags failed.(col 1)
TplParser.parseError msg: SimCodeTV.mo:2811.1-2811.1 Error:(parser)Parse error - TplParser.recordTags failed.(col 1)
TplParser.parseError msg: SimCodeTV.mo:2818.1-2818.1 Error:(parser)Parse error - TplParser.recordTags failed.(col 1)
TplParser.parseError msg: SimCodeTV.mo:2837.3-2837.3 Error:(parser)Parse error - TplParser.recordTags failed.(col 3)
TplParser.parseError msg: SimCodeTV.mo:3282.23-3282.23 Error:(parser)Parse error - TplParser.recordTags failed.(col 23)
TplParser.parseError msg: SimCodeTV.mo:3283.24-3283.24 Error:(parser)Parse error - TplParser.recordTags failed.(col 24)
TplParser.parseError msg: SimCodeTV.mo:3504.3-3504.3 Error:(parser)Parse error - TplParser.recordTags failed.(col 3)
TplParser.parseError msg: SimCodeTV.mo:176.3-176.3 Error:(parser)Parse error - TplParser.recordTags failed.(col 3)
TplParser.parseError msg: SimCodeTV.mo:213.3-213.3 Error:(parser)Parse error - TplParser.recordTags failed.(col 3)
TplParser.parseError msg: SimCodeTV.mo:240.3-240.3 Error:(parser)Parse error - TplParser.recordTags failed.(col 3)
TplParser.parseError msg: SimCodeTV.mo:250.3-250.3 Error:(parser)Parse error - TplParser.recordTags failed.(col 3)
TplParser.parseError msg: SimCodeTV.mo:257.3-257.3 Error:(parser)Parse error - TplParser.recordTags failed.(col 3)
TplParser.parseError msg: SimCodeTV.mo:320.3-320.3 Error:(parser)Parse error - TplParser.recordTags failed.(col 3)
TplParser.parseError msg: SimCodeTV.mo:329.3-329.3 Error:(parser)Parse error - TplParser.recordTags failed.(col 3)
TplParser.parseError msg: SimCodeTV.mo:336.3-336.3 Error:(parser)Parse error - TplParser.recordTags failed.(col 3)
TplParser.parseError msg: SimCodeTV.mo:346.3-346.3 Error:(parser)Parse error - TplParser.recordTags failed.(col 3)
TplParser.parseError msg: SimCodeTV.mo:353.3-353.3 Error:(parser)Parse error - TplParser.recordTags failed.(col 3)
TplParser.parseError msg: SimCodeTV.mo:365.3-365.3 Error:(parser)Parse error - TplParser.recordTags failed.(col 3)
TplParser.parseError msg: SimCodeTV.mo:384.3-384.3 Error:(parser)Parse error - TplParser.recordTags failed.(col 3)
TplParser.parseError msg: SimCodeTV.mo:399.3-399.3 Error:(parser)Parse error - TplParser.recordTags failed.(col 3)
TplParser.parseError msg: SimCodeTV.mo:423.3-423.3 Error:(parser)Parse error - TplParser.recordTags failed.(col 3)
TplParser.parseError msg: SimCodeTV.mo:441.3-441.3 Error:(parser)Parse error - TplParser.recordTags failed.(col 3)
TplParser.parseError msg: SimCodeTV.mo:448.3-448.3 Error:(parser)Parse error - TplParser.recordTags failed.(col 3)
TplParser.parseError msg: SimCodeTV.mo:526.3-526.3 Error:(parser)Parse error - TplParser.recordTags failed.(col 3)
TplParser.parseError msg: SimCodeTV.mo:541.3-541.3 Error:(parser)Parse error - TplParser.recordTags failed.(col 3)
TplParser.parseError msg: SimCodeTV.mo:554.3-554.3 Error:(parser)Parse error - TplParser.recordTags failed.(col 3)
TplParser.parseError msg: SimCodeTV.mo:566.3-566.3 Error:(parser)Parse error - TplParser.recordTags failed.(col 3)
TplParser.parseError msg: SimCodeTV.mo:580.3-580.3 Error:(parser)Parse error - TplParser.recordTags failed.(col 3)
TplParser.parseError msg: SimCodeTV.mo:615.3-615.3 Error:(parser)Parse error - TplParser.recordTags failed.(col 3)
TplParser.parseError msg: SimCodeTV.mo:625.3-625.3 Error:(parser)Parse error - TplParser.recordTags failed.(col 3)
TplParser.parseError msg: SimCodeTV.mo:677.3-677.3 Error:(parser)Parse error - TplParser.recordTags failed.(col 3)
TplParser.parseError msg: SimCodeTV.mo:690.3-690.3 Error:(parser)Parse error - TplParser.recordTags failed.(col 3)
TplParser.parseError msg: SimCodeTV.mo:713.3-713.3 Error:(parser)Parse error - TplParser.recordTags failed.(col 3)
TplParser.parseError msg: SimCodeTV.mo:721.3-721.3 Error:(parser)Parse error - TplParser.recordTags failed.(col 3)
TplParser.parseError msg: SimCodeTV.mo:727.3-727.3 Error:(parser)Parse error - TplParser.recordTags failed.(col 3)
TplParser.parseError msg: SimCodeTV.mo:733.3-733.3 Error:(parser)Parse error - TplParser.recordTags failed.(col 3)
TplParser.parseError msg: SimCodeTV.mo:739.3-739.3 Error:(parser)Parse error - TplParser.recordTags failed.(col 3)
TplParser.parseError msg: SimCodeTV.mo:745.3-745.3 Error:(parser)Parse error - TplParser.recordTags failed.(col 3)
TplParser.parseError msg: SimCodeTV.mo:754.3-754.3 Error:(parser)Parse error - TplParser.recordTags failed.(col 3)
TplParser.parseError msg: SimCodeTV.mo:1094.3-1094.3 Error:(parser)Parse error - TplParser.recordTags failed.(col 3)
TplParser.parseError msg: SimCodeTV.mo:1102.3-1102.3 Error:(parser)Parse error - TplParser.recordTags failed.(col 3)
TplParser.parseError msg: SimCodeTV.mo:1110.3-1110.3 Error:(parser)Parse error - TplParser.recordTags failed.(col 3)
TplParser.parseError msg: SimCodeTV.mo:1124.3-1124.3 Error:(parser)Parse error - TplParser.recordTags failed.(col 3)
TplParser.parseError msg: SimCodeTV.mo:1157.3-1157.3 Error:(parser)Parse error - TplParser.recordTags failed.(col 3)
TplParser.parseError msg: SimCodeTV.mo:1171.3-1171.3 Error:(parser)Parse error - TplParser.recordTags failed.(col 3)
TplParser.parseError msg: SimCodeTV.mo:1341.3-1341.3 Error:(parser)Parse error - TplParser.recordTags failed.(col 3)
TplParser.parseError msg: SimCodeTV.mo:1350.3-1350.3 Error:(parser)Parse error - TplParser.recordTags failed.(col 3)
TplParser.parseError msg: SimCodeTV.mo:1357.3-1357.3 Error:(parser)Parse error - TplParser.recordTags failed.(col 3)
TplParser.parseError msg: SimCodeTV.mo:1380.3-1380.3 Error:(parser)Parse error - TplParser.recordTags failed.(col 3)
TplParser.parseError msg: SimCodeTV.mo:1399.3-1399.3 Error:(parser)Parse error - TplParser.recordTags failed.(col 3)
TplParser.parseError msg: SimCodeTV.mo:1423.3-1423.3 Error:(parser)Parse error - TplParser.recordTags failed.(col 3)
TplParser.parseError msg: SimCodeTV.mo:1595.3-1595.3 Error:(parser)Parse error - TplParser.recordTags failed.(col 3)
TplParser.parseError msg: SimCodeTV.mo:1606.3-1606.3 Error:(parser)Parse error - TplParser.recordTags failed.(col 3)
TplParser.parseError msg: SimCodeTV.mo:1615.3-1615.3 Error:(parser)Parse error - TplParser.recordTags failed.(col 3)
TplParser.parseError msg: SimCodeTV.mo:1629.3-1629.3 Error:(parser)Parse error - TplParser.recordTags failed.(col 3)
TplParser.parseError msg: SimCodeTV.mo:1641.3-1641.3 Error:(parser)Parse error - TplParser.recordTags failed.(col 3)
TplParser.parseError msg: SimCodeTV.mo:1682.3-1682.3 Error:(parser)Parse error - TplParser.recordTags failed.(col 3)
TplParser.parseError msg: SimCodeTV.mo:1707.3-1707.3 Error:(parser)Parse error - TplParser.recordTags failed.(col 3)
TplParser.parseError msg: SimCodeTV.mo:1713.3-1713.3 Error:(parser)Parse error - TplParser.recordTags failed.(col 3)
TplParser.parseError msg: SimCodeTV.mo:1812.3-1812.3 Error:(parser)Parse error - TplParser.recordTags failed.(col 3)
TplParser.parseError msg: SimCodeTV.mo:1901.3-1901.3 Error:(parser)Parse error - TplParser.recordTags failed.(col 3)
TplParser.parseError msg: SimCodeTV.mo:1913.3-1913.3 Error:(parser)Parse error - TplParser.recordTags failed.(col 3)
TplParser.parseError msg: SimCodeTV.mo:1922.3-1922.3 Error:(parser)Parse error - TplParser.recordTags failed.(col 3)
TplParser.parseError msg: SimCodeTV.mo:1938.3-1938.3 Error:(parser)Parse error - TplParser.recordTags failed.(col 3)
TplParser.parseError msg: SimCodeTV.mo:2093.3-2093.3 Error:(parser)Parse error - TplParser.recordTags failed.(col 3)
TplParser.parseError msg: SimCodeTV.mo:2117.3-2117.3 Error:(parser)Parse error - TplParser.recordTags failed.(col 3)
TplParser.parseError msg: SimCodeTV.mo:2131.3-2131.3 Error:(parser)Parse error - TplParser.recordTags failed.(col 3)
TplParser.parseError msg: SimCodeTV.mo:2137.3-2137.3 Error:(parser)Parse error - TplParser.recordTags failed.(col 3)
TplParser.parseError msg: SimCodeTV.mo:2147.3-2147.3 Error:(parser)Parse error - TplParser.recordTags failed.(col 3)
TplParser.parseError msg: SimCodeTV.mo:2157.3-2157.3 Error:(parser)Parse error - TplParser.recordTags failed.(col 3)
TplParser.parseError msg: SimCodeTV.mo:2165.3-2165.3 Error:(parser)Parse error - TplParser.recordTags failed.(col 3)
TplParser.parseError msg: SimCodeTV.mo:2176.3-2176.3 Error:(parser)Parse error - TplParser.recordTags failed.(col 3)
TplParser.parseError msg: SimCodeTV.mo:2232.3-2232.3 Error:(parser)Parse error - TplParser.recordTags failed.(col 3)
TplParser.parseError msg: SimCodeTV.mo:2245.3-2245.3 Error:(parser)Parse error - TplParser.recordTags failed.(col 3)
TplParser.parseError msg: SimCodeTV.mo:2253.3-2253.3 Error:(parser)Parse error - TplParser.recordTags failed.(col 3)
TplParser.parseError msg: SimCodeTV.mo:2260.3-2260.3 Error:(parser)Parse error - TplParser.recordTags failed.(col 3)
TplParser.parseError msg: SimCodeTV.mo:2267.3-2267.3 Error:(parser)Parse error - TplParser.recordTags failed.(col 3)
TplParser.parseError msg: SimCodeTV.mo:2276.1-2276.1 Error:(parser)Parse error - TplParser.recordTags failed.(col 1)
TplParser.parseError msg: SimCodeTV.mo:2336.3-2336.3 Error:(parser)Parse error - TplParser.recordTags failed.(col 3)
TplParser.parseError msg: SimCodeTV.mo:2389.1-2389.1 Error:(parser)Parse error - TplParser.recordTags failed.(col 1)
TplParser.parseError msg: SimCodeTV.mo:2411.1-2411.1 Error:(parser)Parse error - TplParser.recordTags failed.(col 1)
TplParser.parseError msg: SimCodeTV.mo:2420.1-2420.1 Error:(parser)Parse error - TplParser.recordTags failed.(col 1)
TplParser.parseError msg: SimCodeTV.mo:2430.1-2430.1 Error:(parser)Parse error - TplParser.recordTags failed.(col 1)
TplParser.parseError msg: SimCodeTV.mo:2490.1-2490.1 Error:(parser)Parse error - TplParser.recordTags failed.(col 1)
TplParser.parseError msg: SimCodeTV.mo:2503.1-2503.1 Error:(parser)Parse error - TplParser.recordTags failed.(col 1)
TplParser.parseError msg: SimCodeTV.mo:2511.1-2511.1 Error:(parser)Parse error - TplParser.recordTags failed.(col 1)
TplParser.parseError msg: SimCodeTV.mo:2518.1-2518.1 Error:(parser)Parse error - TplParser.recordTags failed.(col 1)
TplParser.parseError msg: SimCodeTV.mo:2597.1-2597.1 Error:(parser)Parse error - TplParser.recordTags failed.(col 1)
TplParser.parseError msg: SimCodeTV.mo:2608.1-2608.1 Error:(parser)Parse error - TplParser.recordTags failed.(col 1)
TplParser.parseError msg: SimCodeTV.mo:2689.1-2689.1 Error:(parser)Parse error - TplParser.recordTags failed.(col 1)
TplParser.parseError msg: SimCodeTV.mo:2695.1-2695.1 Error:(parser)Parse error - TplParser.recordTags failed.(col 1)
TplParser.parseError msg: SimCodeTV.mo:2700.1-2700.1 Error:(parser)Parse error - TplParser.recordTags failed.(col 1)
TplParser.parseError msg: SimCodeTV.mo:2707.1-2707.1 Error:(parser)Parse error - TplParser.recordTags failed.(col 1)
TplParser.parseError msg: SimCodeTV.mo:2712.1-2712.1 Error:(parser)Parse error - TplParser.recordTags failed.(col 1)
TplParser.parseError msg: SimCodeTV.mo:2717.1-2717.1 Error:(parser)Parse error - TplParser.recordTags failed.(col 1)
TplParser.parseError msg: SimCodeTV.mo:2722.1-2722.1 Error:(parser)Parse error - TplParser.recordTags failed.(col 1)
TplParser.parseError msg: SimCodeTV.mo:2727.1-2727.1 Error:(parser)Parse error - TplParser.recordTags failed.(col 1)
TplParser.parseError msg: SimCodeTV.mo:2733.1-2733.1 Error:(parser)Parse error - TplParser.recordTags failed.(col 1)
TplParser.parseError msg: SimCodeTV.mo:2743.1-2743.1 Error:(parser)Parse error - TplParser.recordTags failed.(col 1)
TplParser.parseError msg: SimCodeTV.mo:2795.1-2795.1 Error:(parser)Parse error - TplParser.recordTags failed.(col 1)
TplParser.parseError msg: SimCodeTV.mo:2804.1-2804.1 Error:(parser)Parse error - TplParser.recordTags failed.(col 1)
TplParser.parseError msg: SimCodeTV.mo:2811.1-2811.1 Error:(parser)Parse error - TplParser.recordTags failed.(col 1)
TplParser.parseError msg: SimCodeTV.mo:2818.1-2818.1 Error:(parser)Parse error - TplParser.recordTags failed.(col 1)
TplParser.parseError msg: SimCodeTV.mo:2837.3-2837.3 Error:(parser)Parse error - TplParser.recordTags failed.(col 3)
TplParser.parseError msg: SimCodeTV.mo:3282.23-3282.23 Error:(parser)Parse error - TplParser.recordTags failed.(col 23)
TplParser.parseError msg: SimCodeTV.mo:3283.24-3283.24 Error:(parser)Parse error - TplParser.recordTags failed.(col 24)
TplParser.parseError msg: SimCodeTV.mo:3504.3-3504.3 Error:(parser)Parse error - TplParser.recordTags failed.(col 3)
TplParser.parseError msg: ExpressionDumpTV.mo:13.3-13.3 Error:(parser)Parse error - TplParser.recordTags failed.(col 3)
TplParser.parseError msg: ExpressionDumpTV.mo:28.3-28.3 Error:(parser)Parse error - TplParser.recordTags failed.(col 3)
TplParser.parseError msg: ExpressionDumpTV.mo:35.3-35.3 Error:(parser)Parse error - TplParser.recordTags failed.(col 3)
TplParser.parseError msg: ExpressionDumpTV.mo:146.3-146.3 Error:(parser)Parse error - TplParser.recordTags failed.(col 3)
TplParser.parseError msg: ExpressionDumpTV.mo:179.3-179.3 Error:(parser)Parse error - TplParser.recordTags failed.(col 3)
TplParser.parseError msg: ExpressionDumpTV.mo:181.19-181.19 Error:(parser)Parse error - TplParser.recordTags failed.(col 19)
TplParser.parseError msg: ExpressionDumpTV.mo:202.3-202.3 Error:(parser)Parse error - TplParser.recordTags failed.(col 3)
TplParser.parseError msg: ExpressionDumpTV.mo:226.3-226.3 Error:(parser)Parse error - TplParser.recordTags failed.(col 3)
TplParser.parseError msg: ExpressionDumpTV.mo:438.3-438.3 Error:(parser)Parse error - TplParser.recordTags failed.(col 3)
TplParser.parseError msg: ExpressionDumpTV.mo:449.3-449.3 Error:(parser)Parse error - TplParser.recordTags failed.(col 3)
TplParser.parseError msg: ExpressionDumpTV.mo:457.3-457.3 Error:(parser)Parse error - TplParser.recordTags failed.(col 3)
TplParser.parseError msg: ExpressionDumpTV.mo:464.3-464.3 Error:(parser)Parse error - TplParser.recordTags failed.(col 3)
TplParser.parseError msg: ExpressionDumpTV.mo:594.3-594.3 Error:(parser)Parse error - TplParser.recordTags failed.(col 3)
TplParser.parseError msg: ExpressionDumpTV.mo:644.3-644.3 Error:(parser)Parse error - TplParser.recordTags failed.(col 3)
TplParser.parseError msg: ExpressionDumpTV.mo:651.3-651.3 Error:(parser)Parse error - TplParser.recordTags failed.(col 3)
TplParser.parseError msg: ExpressionDumpTV.mo:660.3-660.3 Error:(parser)Parse error - TplParser.recordTags failed.(col 3)
TplParser.parseError msg: ExpressionDumpTV.mo:671.3-671.3 Error:(parser)Parse error - TplParser.recordTags failed.(col 3)
TplParser.parseError msg: ExpressionDumpTV.mo:673.23-673.23 Error:(parser)Parse error - TplParser.recordTags failed.(col 23)
TplParser.parseError msg: ExpressionDumpTV.mo:689.3-689.3 Error:(parser)Parse error - TplParser.recordTags failed.(col 3)
TplParser.parseError msg: ExpressionDumpTV.mo:801.3-801.3 Error:(parser)Parse error - TplParser.recordTags failed.(col 3)
TplParser.parseError msg: ExpressionDumpTV.mo:809.3-809.3 Error:(parser)Parse error - TplParser.recordTags failed.(col 3)
TplParser.parseError msg: ExpressionDumpTV.mo:850.24-850.24 Error:(parser)Parse error - TplParser.recordTags failed.(col 24)
TplParser.parseError msg: AbsynDumpTV.mo:36.3-36.3 Error:(parser)Parse error - TplParser.recordTags failed.(col 3)
TplParser.parseError msg: AbsynDumpTV.mo:47.3-47.3 Error:(parser)Parse error - TplParser.recordTags failed.(col 3)
TplParser.parseError msg: AbsynDumpTV.mo:55.3-55.3 Error:(parser)Parse error - TplParser.recordTags failed.(col 3)
TplParser.parseError msg: AbsynDumpTV.mo:67.3-67.3 Error:(parser)Parse error - TplParser.recordTags failed.(col 3)
TplParser.parseError msg: AbsynDumpTV.mo:108.3-108.3 Error:(parser)Parse error - TplParser.recordTags failed.(col 3)
TplParser.parseError msg: AbsynDumpTV.mo:121.3-121.3 Error:(parser)Parse error - TplParser.recordTags failed.(col 3)
TplParser.parseError msg: AbsynDumpTV.mo:129.3-129.3 Error:(parser)Parse error - TplParser.recordTags failed.(col 3)
TplParser.parseError msg: AbsynDumpTV.mo:136.3-136.3 Error:(parser)Parse error - TplParser.recordTags failed.(col 3)
TplParser.parseError msg: AbsynDumpTV.mo:171.3-171.3 Error:(parser)Parse error - TplParser.recordTags failed.(col 3)
TplParser.parseError msg: AbsynDumpTV.mo:181.3-181.3 Error:(parser)Parse error - TplParser.recordTags failed.(col 3)
TplParser.parseError msg: AbsynDumpTV.mo:203.3-203.3 Error:(parser)Parse error - TplParser.recordTags failed.(col 3)
TplParser.parseError msg: AbsynDumpTV.mo:210.3-210.3 Error:(parser)Parse error - TplParser.recordTags failed.(col 3)
TplParser.parseError msg: AbsynDumpTV.mo:235.3-235.3 Error:(parser)Parse error - TplParser.recordTags failed.(col 3)
TplParser.parseError msg: AbsynDumpTV.mo:242.3-242.3 Error:(parser)Parse error - TplParser.recordTags failed.(col 3)
TplParser.parseError msg: AbsynDumpTV.mo:262.3-262.3 Error:(parser)Parse error - TplParser.recordTags failed.(col 3)
TplParser.parseError msg: AbsynDumpTV.mo:273.3-273.3 Error:(parser)Parse error - TplParser.recordTags failed.(col 3)
TplParser.parseError msg: AbsynDumpTV.mo:281.3-281.3 Error:(parser)Parse error - TplParser.recordTags failed.(col 3)
TplParser.parseError msg: AbsynDumpTV.mo:291.3-291.3 Error:(parser)Parse error - TplParser.recordTags failed.(col 3)
TplParser.parseError msg: AbsynDumpTV.mo:302.3-302.3 Error:(parser)Parse error - TplParser.recordTags failed.(col 3)
TplParser.parseError msg: AbsynDumpTV.mo:313.3-313.3 Error:(parser)Parse error - TplParser.recordTags failed.(col 3)
TplParser.parseError msg: AbsynDumpTV.mo:358.3-358.3 Error:(parser)Parse error - TplParser.recordTags failed.(col 3)
TplParser.parseError msg: AbsynDumpTV.mo:412.3-412.3 Error:(parser)Parse error - TplParser.recordTags failed.(col 3)
TplParser.parseError msg: AbsynDumpTV.mo:419.3-419.3 Error:(parser)Parse error - TplParser.recordTags failed.(col 3)
TplParser.parseError msg: AbsynDumpTV.mo:427.3-427.3 Error:(parser)Parse error - TplParser.recordTags failed.(col 3)
TplParser.parseError msg: AbsynDumpTV.mo:445.3-445.3 Error:(parser)Parse error - TplParser.recordTags failed.(col 3)
TplParser.parseError msg: AbsynDumpTV.mo:451.3-451.3 Error:(parser)Parse error - TplParser.recordTags failed.(col 3)
TplParser.parseError msg: AbsynDumpTV.mo:456.3-456.3 Error:(parser)Parse error - TplParser.recordTags failed.(col 3)
TplParser.parseError msg: AbsynDumpTV.mo:468.3-468.3 Error:(parser)Parse error - TplParser.recordTags failed.(col 3)
TplParser.parseError msg: AbsynDumpTV.mo:473.3-473.3 Error:(parser)Parse error - TplParser.recordTags failed.(col 3)
TplParser.parseError msg: AbsynDumpTV.mo:479.3-479.3 Error:(parser)Parse error - TplParser.recordTags failed.(col 3)
TplParser.parseError msg: AbsynDumpTV.mo:485.3-485.3 Error:(parser)Parse error - TplParser.recordTags failed.(col 3)
TplParser.parseError msg: AbsynDumpTV.mo:492.3-492.3 Error:(parser)Parse error - TplParser.recordTags failed.(col 3)
TplParser.parseError msg: AbsynDumpTV.mo:499.3-499.3 Error:(parser)Parse error - TplParser.recordTags failed.(col 3)
TplParser.parseError msg: AbsynDumpTV.mo:507.3-507.3 Error:(parser)Parse error - TplParser.recordTags failed.(col 3)
TplParser.parseError msg: AbsynDumpTV.mo:629.3-629.3 Error:(parser)Parse error - TplParser.recordTags failed.(col 3)
TplParser.parseError msg: AbsynDumpTV.mo:652.3-652.3 Error:(parser)Parse error - TplParser.recordTags failed.(col 3)
TplParser.parseError msg: AbsynDumpTV.mo:657.3-657.3 Error:(parser)Parse error - TplParser.recordTags failed.(col 3)
TplParser.parseError msg: AbsynDumpTV.mo:694.3-694.3 Error:(parser)Parse error - TplParser.recordTags failed.(col 3)
TplParser.parseError msg: AbsynDumpTV.mo:707.3-707.3 Error:(parser)Parse error - TplParser.recordTags failed.(col 3)
TplParser.parseError msg: AbsynDumpTV.mo:714.3-714.3 Error:(parser)Parse error - TplParser.recordTags failed.(col 3)
TplParser.parseError msg: AbsynDumpTV.mo:721.3-721.3 Error:(parser)Parse error - TplParser.recordTags failed.(col 3)
TplParser.parseError msg: AbsynDumpTV.mo:747.3-747.3 Error:(parser)Parse error - TplParser.recordTags failed.(col 3)
TplParser.parseError msg: AbsynDumpTV.mo:755.3-755.3 Error:(parser)Parse error - TplParser.recordTags failed.(col 3)
TplParser.parseError msg: AbsynDumpTV.mo:776.3-776.3 Error:(parser)Parse error - TplParser.recordTags failed.(col 3)
TplParser.parseError msg: AbsynDumpTV.mo:791.3-791.3 Error:(parser)Parse error - TplParser.recordTags failed.(col 3)
TplParser.parseError msg: AbsynDumpTV.mo:822.3-822.3 Error:(parser)Parse error - TplParser.recordTags failed.(col 3)
TplParser.parseError msg: AbsynDumpTV.mo:828.3-828.3 Error:(parser)Parse error - TplParser.recordTags failed.(col 3)
TplParser.parseError msg: AbsynDumpTV.mo:838.3-838.3 Error:(parser)Parse error - TplParser.recordTags failed.(col 3)
TplParser.parseError msg: AbsynDumpTV.mo:844.3-844.3 Error:(parser)Parse error - TplParser.recordTags failed.(col 3)
TplParser.parseError msg: AbsynDumpTV.mo:851.3-851.3 Error:(parser)Parse error - TplParser.recordTags failed.(col 3)
TplParser.parseError msg: AbsynDumpTV.mo:861.3-861.3 Error:(parser)Parse error - TplParser.recordTags failed.(col 3)
TplParser.parseError msg: AbsynDumpTV.mo:888.3-888.3 Error:(parser)Parse error - TplParser.recordTags failed.(col 3)
TplParser.parseError msg: AbsynDumpTV.mo:919.24-919.24 Error:(parser)Parse error - TplParser.recordTags failed.(col 24)
TplParser.parseError msg: DAEDumpTV.mo:124.3-124.3 Error:(parser)Parse error - TplParser.recordTags failed.(col 3)
TplParser.parseError msg: DAEDumpTV.mo:155.5-155.5 Error:(parser)Parse error - TplParser.recordTags failed.(col 5)
TplParser.parseError msg: DAEDumpTV.mo:164.3-164.3 Error:(parser)Parse error - TplParser.recordTags failed.(col 3)
TplParser.parseError msg: DAEDumpTV.mo:171.3-171.3 Error:(parser)Parse error - TplParser.recordTags failed.(col 3)
TplParser.parseError msg: DAEDumpTV.mo:178.3-178.3 Error:(parser)Parse error - TplParser.recordTags failed.(col 3)
TplParser.parseError msg: DAEDumpTV.mo:184.3-184.3 Error:(parser)Parse error - TplParser.recordTags failed.(col 3)
TplParser.parseError msg: DAEDumpTV.mo:197.1-197.1 Error:(parser)Parse error - TplParser.recordTags failed.(col 1)
TplParser.parseError msg: DAEDumpTV.mo:211.1-211.1 Error:(parser)Parse error - TplParser.recordTags failed.(col 1)
TplParser.parseError msg: DAEDumpTV.mo:217.1-217.1 Error:(parser)Parse error - TplParser.recordTags failed.(col 1)
TplParser.parseError msg: DAEDumpTV.mo:235.3-235.3 Error:(parser)Parse error - TplParser.recordTags failed.(col 3)
TplParser.parseError msg: DAEDumpTV.mo:252.3-252.3 Error:(parser)Parse error - TplParser.recordTags failed.(col 3)
TplParser.parseError msg: DAEDumpTV.mo:260.3-260.3 Error:(parser)Parse error - TplParser.recordTags failed.(col 3)
TplParser.parseError msg: DAEDumpTV.mo:272.3-272.3 Error:(parser)Parse error - TplParser.recordTags failed.(col 3)
TplParser.parseError msg: DAEDumpTV.mo:421.3-421.3 Error:(parser)Parse error - TplParser.recordTags failed.(col 3)
TplParser.parseError msg: DAEDumpTV.mo:429.3-429.3 Error:(parser)Parse error - TplParser.recordTags failed.(col 3)
TplParser.parseError msg: DAEDumpTV.mo:518.3-518.3 Error:(parser)Parse error - TplParser.recordTags failed.(col 3)
TplParser.parseError msg: DAEDumpTV.mo:534.3-534.3 Error:(parser)Parse error - TplParser.recordTags failed.(col 3)
TplParser.parseError msg: DAEDumpTV.mo:668.3-668.3 Error:(parser)Parse error - TplParser.recordTags failed.(col 3)
TplParser.parseError msg: DAEDumpTV.mo:678.3-678.3 Error:(parser)Parse error - TplParser.recordTags failed.(col 3)
TplParser.parseError msg: DAEDumpTV.mo:700.3-700.3 Error:(parser)Parse error - TplParser.recordTags failed.(col 3)
TplParser.parseError msg: DAEDumpTV.mo:710.3-710.3 Error:(parser)Parse error - TplParser.recordTags failed.(col 3)
TplParser.parseError msg: DAEDumpTV.mo:722.3-722.3 Error:(parser)Parse error - TplParser.recordTags failed.(col 3)
TplParser.parseError msg: DAEDumpTV.mo:743.3-743.3 Error:(parser)Parse error - TplParser.recordTags failed.(col 3)
TplParser.parseError msg: DAEDumpTV.mo:762.3-762.3 Error:(parser)Parse error - TplParser.recordTags failed.(col 3)
TplParser.parseError msg: DAEDumpTV.mo:769.3-769.3 Error:(parser)Parse error - TplParser.recordTags failed.(col 3)
TplParser.parseError msg: DAEDumpTV.mo:775.3-775.3 Error:(parser)Parse error - TplParser.recordTags failed.(col 3)
TplParser.parseError msg: DAEDumpTV.mo:781.3-781.3 Error:(parser)Parse error - TplParser.recordTags failed.(col 3)
TplParser.parseError msg: DAEDumpTV.mo:789.3-789.3 Error:(parser)Parse error - TplParser.recordTags failed.(col 3)
TplParser.parseError msg: DAEDumpTV.mo:795.3-795.3 Error:(parser)Parse error - TplParser.recordTags failed.(col 3)
TplParser.parseError msg: DAEDumpTV.mo:803.3-803.3 Error:(parser)Parse error - TplParser.recordTags failed.(col 3)
TplParser.parseError msg: DAEDumpTV.mo:869.3-869.3 Error:(parser)Parse error - TplParser.recordTags failed.(col 3)
TplParser.parseError msg: DAEDumpTV.mo:874.3-874.3 Error:(parser)Parse error - TplParser.recordTags failed.(col 3)
TplParser.parseError msg: DAEDumpTV.mo:893.3-893.3 Error:(parser)Parse error - TplParser.recordTags failed.(col 3)
TplParser.parseError msg: DAEDumpTV.mo:914.3-914.3 Error:(parser)Parse error - TplParser.recordTags failed.(col 3)
TplParser.parseError msg: DAEDumpTV.mo:921.3-921.3 Error:(parser)Parse error - TplParser.recordTags failed.(col 3)
TplParser.parseError msg: DAEDumpTV.mo:1079.3-1079.3 Error:(parser)Parse error - TplParser.recordTags failed.(col 3)
TplParser.parseError msg: DAEDumpTV.mo:1093.3-1093.3 Error:(parser)Parse error - TplParser.recordTags failed.(col 3)
TplParser.parseError msg: DAEDumpTV.mo:1110.3-1110.3 Error:(parser)Parse error - TplParser.recordTags failed.(col 3)
TplParser.parseError msg: DAEDumpTV.mo:1117.3-1117.3 Error:(parser)Parse error - TplParser.recordTags failed.(col 3)
TplParser.parseError msg: DAEDumpTV.mo:1138.3-1138.3 Error:(parser)Parse error - TplParser.recordTags failed.(col 3)
TplParser.parseError msg: DAEDumpTV.mo:1148.3-1148.3 Error:(parser)Parse error - TplParser.recordTags failed.(col 3)
TplParser.parseError msg: DAEDumpTV.mo:1155.3-1155.3 Error:(parser)Parse error - TplParser.recordTags failed.(col 3)
TplParser.parseError msg: DAEDumpTV.mo:1382.3-1382.3 Error:(parser)Parse error - TplParser.recordTags failed.(col 3)
TplParser.parseError msg: DAEDumpTV.mo:1412.24-1412.24 Error:(parser)Parse error - TplParser.recordTags failed.(col 24)
TplParser.parseError msg: AbsynDumpTV.mo:36.3-36.3 Error:(parser)Parse error - TplParser.recordTags failed.(col 3)
TplParser.parseError msg: AbsynDumpTV.mo:47.3-47.3 Error:(parser)Parse error - TplParser.recordTags failed.(col 3)
TplParser.parseError msg: AbsynDumpTV.mo:55.3-55.3 Error:(parser)Parse error - TplParser.recordTags failed.(col 3)
TplParser.parseError msg: AbsynDumpTV.mo:67.3-67.3 Error:(parser)Parse error - TplParser.recordTags failed.(col 3)
TplParser.parseError msg: AbsynDumpTV.mo:108.3-108.3 Error:(parser)Parse error - TplParser.recordTags failed.(col 3)
